{"authorDailyContributionsMap":{"GREYHAT262":[{"date":"2025-08-17T00:00:00","commitResults":[{"hash":"d1de0c9c6061ad27454e5919f2267233a7dba5eb","isMergeCommit":false,"messageTitle":"Rename Duke to Gray","messageBody":"","fileTypesAndContributionMap":{"java":{"insertions":0,"deletions":0}}},{"hash":"0a92ad53c3dadebb580b6cdc78e71c19b8754d76","isMergeCommit":false,"messageTitle":"Create skeletal version that greets and exits","messageBody":"","tags":["Level-0"],"fileTypesAndContributionMap":{"java":{"insertions":8,"deletions":7}}},{"hash":"b94246262393d551d7e634b44aec898d445220ae","isMergeCommit":false,"messageTitle":"Add respond function","messageBody":"Creates fixed template for printing output and reduces clutter\n","fileTypesAndContributionMap":{"java":{"insertions":7,"deletions":6}}},{"hash":"bf2db37194067c9be559d8c8955310325848a8d9","isMergeCommit":false,"messageTitle":"Add echo functionality","messageBody":"","fileTypesAndContributionMap":{"java":{"insertions":7,"deletions":0}}},{"hash":"1cecc52ff154073ed573f0b9679fc2d418d571c1","isMergeCommit":false,"messageTitle":"Add exit upon bye functionality","messageBody":"","fileTypesAndContributionMap":{"java":{"insertions":4,"deletions":0}}},{"hash":"513d718481801c133531ec181b835d9c51e531f3","isMergeCommit":false,"messageTitle":"Customise chatbot","messageBody":"","tags":["Level-1"],"fileTypesAndContributionMap":{"java":{"insertions":2,"deletions":2}}},{"hash":"e4f127c793d300056d1d0f9b2744f402d75ac466","isMergeCommit":false,"messageTitle":"Add ability to store text","messageBody":"","tags":["A-Collections"],"fileTypesAndContributionMap":{"java":{"insertions":5,"deletions":1}}},{"hash":"765a92633b86e1df69ef642f7fcdbd876d35afb5","isMergeCommit":false,"messageTitle":"Add ability to display stored text","messageBody":"","tags":["Level-2"],"fileTypesAndContributionMap":{"java":{"insertions":12,"deletions":2}}},{"hash":"5a3b406f02aa1bf8f07f3066c1b23f105ee3ed6e","isMergeCommit":false,"messageTitle":"Create Task class","messageBody":"","tags":["A-Classes"],"fileTypesAndContributionMap":{"java":{"insertions":25,"deletions":0}}},{"hash":"7ecb5a7030126bddedd49111794668ea284d66bb","isMergeCommit":false,"messageTitle":"Store text input as Task objects","messageBody":"","fileTypesAndContributionMap":{"java":{"insertions":4,"deletions":4}}},{"hash":"d9d6a221844b426389f7f5fd47e175c6eed2e204","isMergeCommit":false,"messageTitle":"Use StringBuilder to append text","messageBody":"Reduces time complexity of appending text\n","fileTypesAndContributionMap":{"java":{"insertions":4,"deletions":4}}},{"hash":"e1322e765de00ea946178d3d163914189fb0ff1e","isMergeCommit":false,"messageTitle":"Add ability to mark tasks as done","messageBody":"","fileTypesAndContributionMap":{"java":{"insertions":22,"deletions":4}}},{"hash":"825e6a017cb8e56efd332f43fdedd4ff7293f869","isMergeCommit":false,"messageTitle":"Add ability to change status back to not done","messageBody":"","fileTypesAndContributionMap":{"java":{"insertions":12,"deletions":0}}},{"hash":"4f0bc1e701bd14bf3f16fe22ee2ff704f0ad36c1","isMergeCommit":false,"messageTitle":"Print tasks using toString() in Task.java","messageBody":"Add toString(), remove getDescription() and make getStatusIcon() private\nin Task.java.\n\nThis is in accordance with information hiding and the Tell, Don\u0027t Ask\nprinciple.\n","tags":["Level-3"],"fileTypesAndContributionMap":{"java":{"insertions":9,"deletions":15}}}]},{"date":"2025-08-18T00:00:00","commitResults":[{"hash":"c9ad0045993393e63019cf4daad46bf489498460","isMergeCommit":false,"messageTitle":"Create Todo.java, Deadline.java and Event.java","messageBody":"","tags":["A-Inheritance"],"fileTypesAndContributionMap":{"java":{"insertions":38,"deletions":0}}},{"hash":"e6dd3a37760f5968f56aad99806d8293a4809a39","isMergeCommit":false,"messageTitle":"Use switch statement in Gray.java to differentiate instructions","messageBody":"","fileTypesAndContributionMap":{"java":{"insertions":64,"deletions":29}}},{"hash":"57205764445e8eb03945719f41e3aaea1cacd364","isMergeCommit":false,"messageTitle":"Add more chatbot responses for different scenarios","messageBody":"","tags":["Level-4"],"fileTypesAndContributionMap":{"java":{"insertions":33,"deletions":14}}},{"hash":"39712752fb226afc7926f9bf9693b9c60c5fe357","isMergeCommit":false,"messageTitle":"Change chatbot response to input of tasks","messageBody":"","fileTypesAndContributionMap":{"java":{"insertions":6,"deletions":6}}},{"hash":"a2ffa6de88a42fcc27527f07e11f74656db15a43","isMergeCommit":false,"messageTitle":"Add ability to stop scanner at end of input file","messageBody":"","fileTypesAndContributionMap":{"java":{"insertions":1,"deletions":1}}},{"hash":"eac5f58a06a3c3ad7615e6d1f65baca1f01549e0","isMergeCommit":false,"messageTitle":"Semi-automate testing of Gray using I/O redirection","messageBody":"","tags":["A-TextUiTesting"],"fileTypesAndContributionMap":{"txt":{"insertions":27,"deletions":0},"bat":{"insertions":1,"deletions":1}}}]},{"date":"2025-08-19T00:00:00","commitResults":[{"hash":"1f38371bb7073333dd6d2d0e17b516b919edeb6f","isMergeCommit":false,"messageTitle":"Handle incorrect task inputs with InvalidTaskException","messageBody":"","tags":["A-Exceptions"],"fileTypesAndContributionMap":{"java":{"insertions":77,"deletions":28}}},{"hash":"a134df859f0584c242b5dec1d50c070b4eb11278","isMergeCommit":false,"messageTitle":"Create addTask function","messageBody":"","fileTypesAndContributionMap":{"java":{"insertions":30,"deletions":43}}}]},{"date":"2025-08-21T00:00:00","commitResults":[{"hash":"66595f10613550574db3bec73a6588a4dc1cb458","isMergeCommit":false,"messageTitle":"Add more error responses","messageBody":"","tags":["Level-5"],"fileTypesAndContributionMap":{"txt":{"insertions":22,"deletions":3},"java":{"insertions":63,"deletions":25}}},{"hash":"a2530a0177a5574977dd130b85ec9aff9a3590e0","isMergeCommit":false,"messageTitle":"Add delete functionality","messageBody":"","tags":["Level-6"],"fileTypesAndContributionMap":{"txt":{"insertions":4,"deletions":0},"java":{"insertions":22,"deletions":0}}},{"hash":"ba43a4e6e78b49276bb9745b989c34b0f3b724f9","isMergeCommit":false,"messageTitle":"Add enums Command, TaskType, MissingInfo","messageBody":"","tags":["A-Enums"],"fileTypesAndContributionMap":{"java":{"insertions":65,"deletions":25}}}]},{"date":"2025-08-25T00:00:00","commitResults":[{"hash":"4ee9f551c1d169fded5730c7a8400515295f9805","isMergeCommit":false,"messageTitle":"Handle missing folder or file","messageBody":"","fileTypesAndContributionMap":{"txt":{"insertions":0,"deletions":0},"java":{"insertions":148,"deletions":127}}},{"hash":"d1e9ed10b45e0e66c6dba2291e4345c1f19f3ad4","isMergeCommit":false,"messageTitle":"Create function for each command","messageBody":"","fileTypesAndContributionMap":{"java":{"insertions":146,"deletions":132}}}]},{"date":"2025-08-26T00:00:00","commitResults":[{"hash":"94c5c5ad6bf32d514348fe8d49c0749b48b2065a","isMergeCommit":false,"messageTitle":"Load data from hard disk when chatbot starts","messageBody":"","fileTypesAndContributionMap":{"txt":{"insertions":0,"deletions":0},"java":{"insertions":41,"deletions":0}}},{"hash":"33edc26b527c20fb0220486d90d4db1029eb617b","isMergeCommit":false,"messageTitle":"Handle corrupted files with CorruptedFileException","messageBody":"","fileTypesAndContributionMap":{"java":{"insertions":26,"deletions":0}}},{"hash":"c50cf6020b7f55fcee433e873617d445164236b6","isMergeCommit":false,"messageTitle":"Save tasks in hard disk automatically","messageBody":"","fileTypesAndContributionMap":{"java":{"insertions":23,"deletions":1}}},{"hash":"66e48d0eef3824fcb096f23e94ee4c4d84b45bc8","isMergeCommit":true,"messageTitle":"Merge branch \u0027branch-Level-7\u0027","messageBody":"","tags":["Level-7"],"fileTypesAndContributionMap":{}}]},{"date":"2025-08-27T00:00:00","commitResults":[{"hash":"7bf640b4aac24b1667b664f14ab4ee8ea9a87cc4","isMergeCommit":false,"messageTitle":"Add ability to understand dates and times","messageBody":"","fileTypesAndContributionMap":{"java":{"insertions":60,"deletions":20}}},{"hash":"e2797395456b558db93385efa6237a176611099b","isMergeCommit":false,"messageTitle":"Add command to print deadlines/events on a specific date","messageBody":"","fileTypesAndContributionMap":{"java":{"insertions":53,"deletions":1}}},{"hash":"e5cc6106a477b02bd87f2993e84b020a3584092b","isMergeCommit":true,"messageTitle":"Merge branch \u0027branch-Level-8\u0027","messageBody":"","tags":["Level-8"],"fileTypesAndContributionMap":{}},{"hash":"12e1b422f6e0fb5838263e5717d151fd9c8a0d85","isMergeCommit":false,"messageTitle":"Create Ui.java to handle user interaction","messageBody":"","fileTypesAndContributionMap":{"txt":{"insertions":19,"deletions":12},"java":{"insertions":182,"deletions":84}}},{"hash":"75f08e653b138f6e942b1f6d2bcba90ada513fbf","isMergeCommit":false,"messageTitle":"Create Storage.java to load and save tasks","messageBody":"","fileTypesAndContributionMap":{"java":{"insertions":119,"deletions":94}}},{"hash":"29290685a18c00fe92ec9dfa4ba2ffc7411b4bc1","isMergeCommit":false,"messageTitle":"Create Parser.java to parse user commands","messageBody":"","fileTypesAndContributionMap":{"java":{"insertions":292,"deletions":268}}}]},{"date":"2025-08-28T00:00:00","commitResults":[{"hash":"8e3f7e3e4f40235b2281a7a35c2b41eb69ddf86d","isMergeCommit":false,"messageTitle":"Create TaskList.java to handle task operations","messageBody":"","fileTypesAndContributionMap":{"java":{"insertions":123,"deletions":80}}},{"hash":"9e78ab0ebe27a044eee640171d74250058e97001","isMergeCommit":false,"messageTitle":"Create *Command.java","messageBody":"","fileTypesAndContributionMap":{"java":{"insertions":271,"deletions":111}}},{"hash":"b51a25397a3aeb9959f0935c3b66ae7620b40d0a","isMergeCommit":true,"messageTitle":"Merge branch \u0027branch-MoreOOP\u0027","messageBody":"","tags":["A-MoreOOP"],"fileTypesAndContributionMap":{}},{"hash":"1149f33a389dcb7c8a9aa58d533577076c0af5e7","isMergeCommit":false,"messageTitle":"Organize classes into packages","messageBody":"","fileTypesAndContributionMap":{"java":{"insertions":100,"deletions":0},"bat":{"insertions":1,"deletions":1}}},{"hash":"990f7ea419feb83b9f980df56f880e2aff143b84","isMergeCommit":true,"messageTitle":"Merge branch \u0027branch-Packages\u0027","messageBody":"","tags":["A-Packages"],"fileTypesAndContributionMap":{}},{"hash":"d5373b70b120b7dcfdc8f4cceabfa37061891571","isMergeCommit":true,"messageTitle":"Merge branch \u0027add-gradle-support\u0027","messageBody":"","fileTypesAndContributionMap":{}},{"hash":"743cd9be2cf9496494830efcef33e59cf314211a","isMergeCommit":false,"messageTitle":"Modify build.gradle","messageBody":"","tags":["A-Gradle"],"fileTypesAndContributionMap":{"gradle":{"insertions":3,"deletions":2}}}]}]},"authorFileTypeContributionMap":{"GREYHAT262":{"java":980,"md":0,"fxml":0,"sh":0,"bat":2,"gradle":3,"txt":57}},"authorContributionVariance":{"GREYHAT262":89227.61},"authorDisplayNameMap":{"GREYHAT262":"CS2103T-T13-1 TEH .. HUI"}}
