{"authorDailyContributionsMap":{"trekkie3":[{"date":"2025-08-23T00:00:00","commitResults":[{"hash":"a59459d238bdb7038d3798c1546237db982fe410","isMergeCommit":false,"messageTitle":"Duke -\u003e Iris update","messageBody":"","fileTypesAndContributionMap":{"md":{"insertions":6,"deletions":10}}},{"hash":"e06ff4444fa866a3eea4515798c82ca9edea7954","isMergeCommit":false,"messageTitle":"Iris core functionality","messageBody":"","tags":["Level-6","Level-5","Level-4","Level-3","Level-2","Level-1","Level-0","A-TextUiTesting","A-Inheritance","A-Exceptions","A-Enums","A-Collections","A-Classes"],"fileTypesAndContributionMap":{"txt":{"insertions":10,"deletions":0},"java":{"insertions":318,"deletions":10},"bat":{"insertions":1,"deletions":1},"sh":{"insertions":1,"deletions":1}}}]},{"date":"2025-08-26T00:00:00","commitResults":[{"hash":"e7a8eac7ff4e85ac880bd41121044c29978ea0d3","isMergeCommit":false,"messageTitle":"Add save and load functionality","messageBody":"","fileTypesAndContributionMap":{"java":{"insertions":135,"deletions":29}}},{"hash":"7052ebd7e71a855960431bd96873ae3aab922240","isMergeCommit":false,"messageTitle":"Format Iris.java","messageBody":"","tags":["Level-7"],"fileTypesAndContributionMap":{"java":{"insertions":69,"deletions":70}}}]},{"date":"2025-08-27T00:00:00","commitResults":[{"hash":"20a50bf638f01ec5e2db808f09a18c22ddbd068a","isMergeCommit":false,"messageTitle":"Reorganize tasks","messageBody":"","tags":["A-Packages","A-MoreOOP"],"fileTypesAndContributionMap":{"java":{"insertions":245,"deletions":232}}},{"hash":"d00cc31a87e80a44f502f0be354e121c6ca9373f","isMergeCommit":false,"messageTitle":"Add date tracking","messageBody":"","tags":["Level-8"],"fileTypesAndContributionMap":{"java":{"insertions":49,"deletions":14}}},{"hash":"2876b8337b28452aee3098059614680eff75a363","isMergeCommit":true,"messageTitle":"Merge branch \u0027add-gradle-support\u0027","messageBody":"","tags":["A-Gradle"],"fileTypesAndContributionMap":{}}]},{"date":"2025-08-28T00:00:00","commitResults":[{"hash":"49c5ceef7ed6c98b0f87c926ce79f14110880cef","isMergeCommit":false,"messageTitle":"Add Deadline and Event tests","messageBody":"","tags":["A-JUnit"],"fileTypesAndContributionMap":{"java":{"insertions":50,"deletions":0}}},{"hash":"829369b48bc31e97249041ab89338f16c38a074b","isMergeCommit":false,"messageTitle":"Jar file creation configuration","messageBody":"","tags":["A-Jar"],"fileTypesAndContributionMap":{"gradle":{"insertions":2,"deletions":2}}},{"hash":"831ca2445b5c3d1239443af7aae3edf8ed7a49ea","isMergeCommit":false,"messageTitle":"JavaDoc additions","messageBody":"","fileTypesAndContributionMap":{"java":{"insertions":55,"deletions":7}}},{"hash":"8edee9debb494ad027b6728df1ec297488b253ef","isMergeCommit":false,"messageTitle":"Reformat code","messageBody":"","fileTypesAndContributionMap":{"java":{"insertions":18,"deletions":17}}},{"hash":"2c5aa06dba841ed956488beaf20d519cb40aeee5","isMergeCommit":false,"messageTitle":"Add find command","messageBody":"","fileTypesAndContributionMap":{"java":{"insertions":17,"deletions":1}}},{"hash":"2ed01e3d64f3f85f334037e7988b817d70da4ebc","isMergeCommit":true,"messageTitle":"Merge branch \u0027branch-A-CodingStandard\u0027","messageBody":"","fileTypesAndContributionMap":{}},{"hash":"d8cd322e3fbf5ec33e122b703672379f0883954f","isMergeCommit":true,"messageTitle":"Merge branch \u0027branch-Level-9\u0027","messageBody":"","tags":["Level-9","A-JavaDoc","A-CodingStandard"],"fileTypesAndContributionMap":{}}]},{"date":"2025-09-02T00:00:00","commitResults":[{"hash":"b033bc631d55c69aee08b51656e19245677b6c54","isMergeCommit":false,"messageTitle":"Fix code style","messageBody":"","fileTypesAndContributionMap":{"java":{"insertions":12,"deletions":6}}},{"hash":"96a3b7c8097804892f9da4b509442d8da70099c3","isMergeCommit":false,"messageTitle":"Add checkstyle plugin","messageBody":"","fileTypesAndContributionMap":{"gradle":{"insertions":5,"deletions":0}}},{"hash":"1bd358195dd05b7a11049ec147f9223f77f6bf65","isMergeCommit":false,"messageTitle":"Checkstyle violation fix","messageBody":"","tags":["A-CheckStyle"],"fileTypesAndContributionMap":{"java":{"insertions":123,"deletions":57}}},{"hash":"60a583ac6625beb8badd438a518a3c40900a1aa0","isMergeCommit":false,"messageTitle":"Add GUI","messageBody":"","tags":["Level-10"],"fileTypesAndContributionMap":{"gradle":{"insertions":16,"deletions":1},"fxml":{"insertions":28,"deletions":0},"java":{"insertions":274,"deletions":112}}}]},{"date":"2025-09-10T00:00:00","commitResults":[{"hash":"d369eed200f5c51097415ba9a4edeb0d75f7ef58","isMergeCommit":false,"messageTitle":"Add assertions","messageBody":"","tags":["A-Assertions"],"fileTypesAndContributionMap":{"java":{"insertions":3,"deletions":0}}},{"hash":"1da2e72a54d8a0acfb47065e4e5557dcfc283fe2","isMergeCommit":false,"messageTitle":"Magic string avoidance","messageBody":"","fileTypesAndContributionMap":{"java":{"insertions":19,"deletions":19}}},{"hash":"cbb732d0095a67c6c66416f19bfb4225da4400b5","isMergeCommit":false,"messageTitle":"Code quality improvements","messageBody":"","tags":["A-CodeQuality"],"fileTypesAndContributionMap":{"java":{"insertions":53,"deletions":38}}},{"hash":"765302e524b1a613eb124eb4ad0cdc4986292b65","isMergeCommit":false,"messageTitle":"Save using streams # Streams","messageBody":"Modified the save() function for saving tasks to use Java Streams for\nbetter efficiency and maintainability.\n","tags":["A-Streams","A-FullCommitMessage"],"fileTypesAndContributionMap":{"java":{"insertions":4,"deletions":6}}},{"hash":"e9cc8ffb91c7ffdf208579446016f8f851d0d53f","isMergeCommit":true,"messageTitle":"Merge pull request #1 from trekkie3/branch-A-Assertions","messageBody":"Add assertions","fileTypesAndContributionMap":{}},{"hash":"ae17175ca84c71a2bf78c04d4faa858722bd4740","isMergeCommit":true,"messageTitle":"Merge branch \u0027master\u0027 into branch-A-CodeQuality","messageBody":"","fileTypesAndContributionMap":{}},{"hash":"6bd40feadf189b03beae485dd25c2405901f50a2","isMergeCommit":true,"messageTitle":"Merge branch \u0027master\u0027 into branch-A-Streams","messageBody":"","fileTypesAndContributionMap":{}},{"hash":"520b4a2eeab1e1c4cb829027d610cf3b3d77cbee","isMergeCommit":true,"messageTitle":"Merge pull request #2 from trekkie3/branch-A-CodeQuality","messageBody":"Branch A-Code-Quality","fileTypesAndContributionMap":{}},{"hash":"223eea788d4fe303e1c49703c5995648aedfbc26","isMergeCommit":true,"messageTitle":"Merge branch \u0027master\u0027 into branch-A-Streams","messageBody":"","fileTypesAndContributionMap":{}},{"hash":"fb0b5f4bb8a0296f091b8a67789ea35113012016","isMergeCommit":true,"messageTitle":"Merge pull request #3 from trekkie3/branch-A-Streams","messageBody":"Branch A-Streams","fileTypesAndContributionMap":{}}]}]},"authorFileTypeContributionMap":{"trekkie3":{"java":836,"md":5,"fxml":28,"sh":1,"bat":1,"gradle":22,"txt":10}},"authorContributionVariance":{"trekkie3":24317.746},"authorDisplayNameMap":{"trekkie3":"CS2103T-F14a-3 LIAO..EVIN"}}
