{"authorDailyContributionsMap":{"ferroklaser":[{"date":"2025-08-18T00:00:00","commitResults":[{"hash":"d8940cf49c5ff233501eeee142fc6000e5c93391","isMergeCommit":false,"messageTitle":"Rename chatbot","messageBody":"","fileTypesAndContributionMap":{"java":{"insertions":6,"deletions":10}}},{"hash":"79b9b83d5c06ad5bff639d7317bcb6cf26515467","isMergeCommit":false,"messageTitle":"Add greeting","messageBody":"","fileTypesAndContributionMap":{"java":{"insertions":2,"deletions":1}}},{"hash":"504870748e719641f7c2e7a256cf42825b61f31c","isMergeCommit":false,"messageTitle":"Add exit","messageBody":"","tags":["Level-0"],"fileTypesAndContributionMap":{"java":{"insertions":1,"deletions":0}}},{"hash":"8dabd0f58c4ad485b499c3c294c26ea2825a5d27","isMergeCommit":false,"messageTitle":"Add echo and bye command","messageBody":"","tags":["Level-1"],"fileTypesAndContributionMap":{"java":{"insertions":12,"deletions":0}}},{"hash":"bb7ebcd709fef223469760bf7afab27cffdc1134","isMergeCommit":false,"messageTitle":"Add add text storage","messageBody":"","fileTypesAndContributionMap":{"java":{"insertions":4,"deletions":1}}},{"hash":"abc65f630da22a57ba21863664085d480bcab073","isMergeCommit":false,"messageTitle":"Add display stored text","messageBody":"","tags":["Level-2"],"fileTypesAndContributionMap":{"java":{"insertions":6,"deletions":0}}},{"hash":"05e921e51c5f1b61d10617c95451b35a8755fdbf","isMergeCommit":false,"messageTitle":"Add Task class","messageBody":"","fileTypesAndContributionMap":{"java":{"insertions":22,"deletions":0}}},{"hash":"f698fbdd76cbc93e439f012b9a49870cc5b21e47","isMergeCommit":false,"messageTitle":"Add task marking","messageBody":"","fileTypesAndContributionMap":{"java":{"insertions":14,"deletions":5}}},{"hash":"9d9ef5586c3896ed6bb8b8e9b79f73a390c432b0","isMergeCommit":false,"messageTitle":"Add task unmarking","messageBody":"","tags":["Level-3"],"fileTypesAndContributionMap":{"java":{"insertions":12,"deletions":2}}}]},{"date":"2025-08-19T00:00:00","commitResults":[{"hash":"a12a9ce4d0ede98b397123818030edf55b6e2aca","isMergeCommit":false,"messageTitle":"Add Todo class","messageBody":"","fileTypesAndContributionMap":{"java":{"insertions":9,"deletions":0}}},{"hash":"066e93ba3edbef46484accf5215b2d15cae4c12f","isMergeCommit":false,"messageTitle":"Add Deadline, Event class","messageBody":"","fileTypesAndContributionMap":{"java":{"insertions":29,"deletions":0}}},{"hash":"78b326efdc45789f2aa98a2f0be629f9af6f4ba2","isMergeCommit":false,"messageTitle":"Add Todo task adding","messageBody":"","fileTypesAndContributionMap":{"java":{"insertions":19,"deletions":5}}},{"hash":"4213ee44c6ce5749b0074e8ffba7b017a79671ba","isMergeCommit":false,"messageTitle":"Add deadline task adding","messageBody":"","fileTypesAndContributionMap":{"java":{"insertions":5,"deletions":3}}},{"hash":"cdb4a38bf87268d1c9487195adf834cebf31153a","isMergeCommit":false,"messageTitle":"Add event task adding","messageBody":"","tags":["Level-4"],"fileTypesAndContributionMap":{"java":{"insertions":5,"deletions":0}}}]}]},"authorFileTypeContributionMap":{"ferroklaser":{"java":129,"md":0,"fxml":0,"sh":0,"bat":0,"gradle":0,"txt":0}},"authorContributionVariance":{"ferroklaser":1061.243},"authorDisplayNameMap":{"ferroklaser":"WIN ..G OO"}}
