{"authorDailyContributionsMap":{"Kineeeeee":[{"date":"2025-08-19T00:00:00","commitResults":[{"hash":"d691a806f2c15d0341637a5f60c6b44b05d6ed61","isMergeCommit":false,"messageTitle":" Level-0","messageBody":"","tags":["Level-0"],"fileTypesAndContributionMap":{"java":{"insertions":15,"deletions":10}}},{"hash":"9eeb525ba79d7e6132f14231a16b71d2e232a88c","isMergeCommit":false,"messageTitle":"Update Sora.java","messageBody":"","tags":["Level-1"],"fileTypesAndContributionMap":{"java":{"insertions":14,"deletions":0}}},{"hash":"9d403476e16907154316d6dc08e7003b26b50add","isMergeCommit":false,"messageTitle":"Update Sora.java","messageBody":"","tags":["Level-2"],"fileTypesAndContributionMap":{"java":{"insertions":10,"deletions":1}}}]},{"date":"2025-08-20T00:00:00","commitResults":[{"hash":"a53b85ce258910cc5ce3fa088351908540c990a3","isMergeCommit":false,"messageTitle":"Update Sora.java","messageBody":"","tags":["Level-3"],"fileTypesAndContributionMap":{"java":{"insertions":43,"deletions":5}}}]},{"date":"2025-08-21T00:00:00","commitResults":[{"hash":"ab6a0ff2dcef48e751ac33b26db5188d442d0a2b","isMergeCommit":false,"messageTitle":"Update Sora.java","messageBody":"","tags":["Level-4"],"fileTypesAndContributionMap":{"java":{"insertions":59,"deletions":4}}},{"hash":"5e159efb0f39f4a5fc8ae896170bacb17fb59592","isMergeCommit":false,"messageTitle":"Update Sora.java","messageBody":"","tags":["A-TextUITesting"],"fileTypesAndContributionMap":{"txt":{"insertions":9,"deletions":0},"java":{"insertions":5,"deletions":5},"bat":{"insertions":1,"deletions":1}}},{"hash":"a50217a782cc15e4faadbadcce41602248d509be","isMergeCommit":false,"messageTitle":"Update Sora.java","messageBody":"","tags":["Level-5"],"fileTypesAndContributionMap":{"java":{"insertions":65,"deletions":46}}},{"hash":"cba930b1d971c62f00ef817cefcc0b83e6713c6a","isMergeCommit":false,"messageTitle":"Update Sora.java","messageBody":"","tags":["Level-6"],"fileTypesAndContributionMap":{"java":{"insertions":24,"deletions":20}}},{"hash":"7b89efc93972718d6905abb1442113cb5fc5b013","isMergeCommit":false,"messageTitle":"Update Sora.java","messageBody":"","tags":["A-Enums"],"fileTypesAndContributionMap":{"java":{"insertions":21,"deletions":8}}}]},{"date":"2025-08-28T00:00:00","commitResults":[{"hash":"b4c07823d27a61d83c2c3f65e993358317e09d3d","isMergeCommit":false,"messageTitle":"Add save features","messageBody":"","tags":["Level-7"],"fileTypesAndContributionMap":{"txt":{"insertions":2,"deletions":0},"java":{"insertions":152,"deletions":19}}}]},{"date":"2025-08-29T00:00:00","commitResults":[{"hash":"b2dc483876e9966d4b750f7742e7742e8196b9db","isMergeCommit":false,"messageTitle":"Add Dates/Times features","messageBody":"","tags":["Level-8"],"fileTypesAndContributionMap":{"txt":{"insertions":0,"deletions":2},"java":{"insertions":53,"deletions":22}}},{"hash":"b8005368bc25a01e2762360eff36e6e0839c73b9","isMergeCommit":false,"messageTitle":"Add Parser, TaskList and Ui class","messageBody":"","tags":["A-MoreOOP"],"fileTypesAndContributionMap":{"txt":{"insertions":2,"deletions":0},"java":{"insertions":237,"deletions":124}}},{"hash":"0a4a15f2984cee3aeb4576b1fec222eace104dfe","isMergeCommit":false,"messageTitle":"Divide class into packages","messageBody":"","tags":["A-Packages"],"fileTypesAndContributionMap":{"txt":{"insertions":1,"deletions":2},"java":{"insertions":46,"deletions":12}}},{"hash":"34179d18b519fb59d721be04ceb9086c002022ce","isMergeCommit":true,"messageTitle":"Merge branch \u0027add-gradle-support\u0027","messageBody":"","fileTypesAndContributionMap":{}}]},{"date":"2025-08-30T00:00:00","commitResults":[{"hash":"70b5f656686461efbdbb627a973e6e40dc36d838","isMergeCommit":false,"messageTitle":"Add gradle","messageBody":"","tags":["A-Gradle"],"fileTypesAndContributionMap":{"gradle":{"insertions":3,"deletions":2}}},{"hash":"f92d7f850ee4f922a003a6169a364123e94165a6","isMergeCommit":false,"messageTitle":"Add some JUnit tests","messageBody":"","tags":["A-JUnit"],"fileTypesAndContributionMap":{"java":{"insertions":174,"deletions":2}}}]},{"date":"2025-08-31T00:00:00","commitResults":[{"hash":"dddf9bf1ee38375ca581952627af65b1915dd3ab","isMergeCommit":false,"messageTitle":"Package as JAR file","messageBody":"","tags":["A-Jar"],"fileTypesAndContributionMap":{"gradle":{"insertions":9,"deletions":1},"java":{"insertions":7,"deletions":7}}},{"hash":"fcb6881683c2b34f5f68601389d1ce3d26985dff","isMergeCommit":false,"messageTitle":"Add JavaDoc","messageBody":"","fileTypesAndContributionMap":{"java":{"insertions":266,"deletions":0}}},{"hash":"20767f3b1ab0f25118ee4350aa0d99bb25ca57f3","isMergeCommit":false,"messageTitle":"Add CodingStandard","messageBody":"","tags":["A-CodingStandard"],"fileTypesAndContributionMap":{"java":{"insertions":34,"deletions":30}}},{"hash":"61d898e96406b2d535c846b366b7a07bb9a21229","isMergeCommit":true,"messageTitle":"Merge branch \u0027branch-A-JavaDoc\u0027","messageBody":"","tags":["A-JavaDoc"],"fileTypesAndContributionMap":{}},{"hash":"0b3eb9f0839d0107b2f59805191edd30e1a50179","isMergeCommit":false,"messageTitle":"Add find features","messageBody":"","tags":["Level-9"],"fileTypesAndContributionMap":{"java":{"insertions":64,"deletions":3}}}]}]},"authorFileTypeContributionMap":{"Kineeeeee":{"java":977,"md":0,"fxml":0,"sh":0,"bat":1,"gradle":11,"txt":10}},"authorContributionVariance":{"Kineeeeee":18967.494},"authorDisplayNameMap":{"Kineeeeee":"CS2103T-F13-2 NGUY..KIEN"}}
