{"authorDailyContributionsMap":{"jlismee":[{"date":"2025-08-20T00:00:00","commitResults":[{"hash":"cb44d185c0ae83c202b8ee9e2fe4999574489624","isMergeCommit":false,"messageTitle":"Rename, Greet, Exit Renamed Duke to Bambam and implemented the skeletal version of it","messageBody":"","tags":["Level-0"],"fileTypesAndContributionMap":{"java":{"insertions":8,"deletions":10},"bat":{"insertions":1,"deletions":1},"md":{"insertions":3,"deletions":3}}},{"hash":"989cac940c05fc4d8e5d3a6001641614afb18975","isMergeCommit":false,"messageTitle":"Echo Tried to apply OOP and get chatbot to repeat whatever the user input until user says bye","messageBody":"","tags":["Level-1"],"fileTypesAndContributionMap":{"java":{"insertions":47,"deletions":4}}},{"hash":"3b52ba954150a336cfe6152b38f9b55098d53f27","isMergeCommit":false,"messageTitle":"Created a TaskList class this class involves functions related to the task list","messageBody":"","fileTypesAndContributionMap":{"java":{"insertions":23,"deletions":0}}},{"hash":"66ad15f0e737798807a69a6246dec0faf291d10a","isMergeCommit":false,"messageTitle":"Add, List Implemented adding inputs to list, as well as printing the list whenever \"list\" is the input","messageBody":"","tags":["Level-2"],"fileTypesAndContributionMap":{"java":{"insertions":19,"deletions":3}}},{"hash":"9b2c023558c28fc4fa28bf41c25d9eb70479fbda","isMergeCommit":false,"messageTitle":"Renamed TaskList class to Task class I feel that it is too specific to call the class TaskList, so I renamed it to Task instead","messageBody":"","fileTypesAndContributionMap":{"java":{"insertions":6,"deletions":6}}},{"hash":"4e4eb1952431256b68a15ad70c86cd8f18cafb91","isMergeCommit":false,"messageTitle":"Revert \"Renamed TaskList class to Task class\"","messageBody":"This reverts commit 9b2c023558c28fc4fa28bf41c25d9eb70479fbda.\n","fileTypesAndContributionMap":{"java":{"insertions":6,"deletions":6}}},{"hash":"68d77382ce450d25c8fa76066f4a61f60e4f4278","isMergeCommit":false,"messageTitle":"Implemented a Task class Also updated the way list would be printed such that it involve the status of the task","messageBody":"","fileTypesAndContributionMap":{"java":{"insertions":36,"deletions":4}}},{"hash":"51020d0d545c396f6d11b6bcd9c4176e695c1e64","isMergeCommit":false,"messageTitle":"Mark as Done able to mark tasks as done or undone","messageBody":"","tags":["Level-3"],"fileTypesAndContributionMap":{"java":{"insertions":51,"deletions":2}}},{"hash":"ee58256fecde0a73c59a7aeeea74fce056b6b88d","isMergeCommit":false,"messageTitle":"Created different classes for different types of tasks these task classes extends Task class since ToDos, Deadlines, Events is a Task","messageBody":"","fileTypesAndContributionMap":{"java":{"insertions":43,"deletions":0}}},{"hash":"24c17e417856651a56ac725393581bf3ecbb3e2a","isMergeCommit":false,"messageTitle":"Todos, Events, Deadlines Chatbot can accept these tasks types and add them to the list depending on their requirements","messageBody":"","tags":["Level-4"],"fileTypesAndContributionMap":{"java":{"insertions":44,"deletions":15}}},{"hash":"2425dcda29957feffcf5526d1d78645f59a1a83a","isMergeCommit":false,"messageTitle":"Edited code files based on testing fixed errors in code","messageBody":"","fileTypesAndContributionMap":{"java":{"insertions":7,"deletions":7}}},{"hash":"32dff634f7e2c7db7825462dced2f3b1d6a349a4","isMergeCommit":false,"messageTitle":"TextUiTesting Conducted various tests for current features of the chatbot","messageBody":"","tags":["A-TextUiTesting"],"fileTypesAndContributionMap":{"txt":{"insertions":9,"deletions":0},"sh":{"insertions":1,"deletions":1}}},{"hash":"85df42f7e3e5dd1d029ecbb20d5917cc85f39355","isMergeCommit":false,"messageTitle":"Implemented Exceptions Added some exceptions for Bambam when having interactions with users","messageBody":"","tags":["Level-5"],"fileTypesAndContributionMap":{"java":{"insertions":34,"deletions":15}}}]},{"date":"2025-08-21T00:00:00","commitResults":[{"hash":"3b1b819551f677dd6f3e840273ae7b14e1900cc1","isMergeCommit":false,"messageTitle":"Implemented the delete feature of the chatbot Users are able to delete tasks and chatbot has more updated exceptions according to the delete features","messageBody":"","tags":["Level-6"],"fileTypesAndContributionMap":{"java":{"insertions":55,"deletions":23}}}]},{"date":"2025-08-26T00:00:00","commitResults":[{"hash":"5216ae0906d1c1703263d97d324ffe81ef1250f1","isMergeCommit":false,"messageTitle":"Add task context to be stored in the hard disk Create task string functions for each type of task to store task specific strings into the hard disk","messageBody":"","fileTypesAndContributionMap":{"java":{"insertions":23,"deletions":0}}},{"hash":"0e955f7747f1da581a27b0c1d6282cde79f49c67","isMergeCommit":false,"messageTitle":"Add feature to save task in hard disk Creating a class to store functions that saves and load tasks details in the hard disk","messageBody":"","fileTypesAndContributionMap":{"java":{"insertions":77,"deletions":0}}},{"hash":"ae598a44940a86e18cff1baaee6f09990fe78151","isMergeCommit":false,"messageTitle":"Add comments in TaskStorage class","messageBody":"","fileTypesAndContributionMap":{"java":{"insertions":2,"deletions":3}}},{"hash":"40ca60758f7c14b9830ceb85a47f89917b85a31e","isMergeCommit":false,"messageTitle":"Fix Messages class Adding a TaskList parameter to the constructor","messageBody":"","fileTypesAndContributionMap":{"java":{"insertions":2,"deletions":2}}},{"hash":"2be9ebd66978a82d7616bbaf2f0eada65fbc5024","isMergeCommit":false,"messageTitle":"Bambam.java: Add load and save task features","messageBody":"","fileTypesAndContributionMap":{"txt":{"insertions":4,"deletions":0},"java":{"insertions":20,"deletions":11}}},{"hash":"9bf254408efdeb4b99a7611d9b28aed9c1e310bf","isMergeCommit":true,"messageTitle":"Merge branch-Level-7 into master","messageBody":"","tags":["Level-7"],"fileTypesAndContributionMap":{}},{"hash":"9b073965de97f3eea6947669cf9eb5e00344ebd4","isMergeCommit":false,"messageTitle":"Add date and time features Able to pass date and time in string type and return in LocalDateTime type","messageBody":"","fileTypesAndContributionMap":{"java":{"insertions":33,"deletions":0}}},{"hash":"39113495a9292271cb1faeb63295679beefee821","isMergeCommit":false,"messageTitle":"Update date and time features Deadlines and Events tasks are able to store date and time as LocalDateTime type","messageBody":"","fileTypesAndContributionMap":{"txt":{"insertions":4,"deletions":3},"java":{"insertions":27,"deletions":10}}},{"hash":"84f742b2034d1c0dd9ea565c2cd3209df8adf3f8","isMergeCommit":true,"messageTitle":"Merge branch-Level-8 into master","messageBody":"","tags":["Level-8"],"fileTypesAndContributionMap":{}},{"hash":"a94be9d782078b1460cccf91f9f7b9ebbf67b287","isMergeCommit":false,"messageTitle":"Work on OOP with Parser class","messageBody":"","fileTypesAndContributionMap":{"java":{"insertions":50,"deletions":0}}},{"hash":"e76fb8306f1d6db9cfff8128b186a3a5766d1967","isMergeCommit":false,"messageTitle":"Make a Command class for OOP","messageBody":"","fileTypesAndContributionMap":{"java":{"insertions":17,"deletions":0}}},{"hash":"794d2f027369d5877a1ec4b79ddb1003e54cc94d","isMergeCommit":false,"messageTitle":"Work on child classes of Command class for OOP","messageBody":"","fileTypesAndContributionMap":{"java":{"insertions":146,"deletions":0}}},{"hash":"e8e90363d8f597c29dcc9988f4434f1aee82b402","isMergeCommit":false,"messageTitle":"Update Messages class with printErrorMessage","messageBody":"","fileTypesAndContributionMap":{"java":{"insertions":5,"deletions":0}}},{"hash":"efad039f5f0996fdf492be67a8b08580eb8ee7a8","isMergeCommit":false,"messageTitle":"Update Bambam class according to OOP","messageBody":"","fileTypesAndContributionMap":{"txt":{"insertions":1,"deletions":1},"java":{"insertions":10,"deletions":68}}},{"hash":"178cd060a8c96c06e10f037f23bbbc28f26e5f83","isMergeCommit":true,"messageTitle":"Merge branch-A-MoreOOP into master","messageBody":"","tags":["A-MoreOOP"],"fileTypesAndContributionMap":{}},{"hash":"998362880941c28665bf62c87fce250494b3e4a4","isMergeCommit":false,"messageTitle":"Divide all classes into packages","messageBody":"","fileTypesAndContributionMap":{"txt":{"insertions":3,"deletions":2},"java":{"insertions":117,"deletions":18},"bat":{"insertions":1,"deletions":1},"md":{"insertions":3,"deletions":3}}},{"hash":"2df1cd8ee0a7e9b9161390b5ec50d130477a5795","isMergeCommit":true,"messageTitle":"Merge branch-A-Packages into master","messageBody":"","tags":["A-Packages"],"fileTypesAndContributionMap":{}},{"hash":"c29a15958ec2122083d87853798a646e1228156f","isMergeCommit":true,"messageTitle":"Merge add-gradle-support into master","messageBody":"","fileTypesAndContributionMap":{}},{"hash":"8ddb2b96acdb833673aa2bd33299c2c34f4f54d0","isMergeCommit":false,"messageTitle":"Add in the use of Gradle","messageBody":"","tags":["A-Gradle"],"fileTypesAndContributionMap":{"gradle":{"insertions":2,"deletions":2},"txt":{"insertions":1,"deletions":0}}}]},{"date":"2025-08-27T00:00:00","commitResults":[{"hash":"7309b43d5a4847329b94fb81f61ceecf12b7102e","isMergeCommit":false,"messageTitle":"Add JUnit tests","messageBody":"","tags":["v0.1","A-Jar","A-JUnit"],"fileTypesAndContributionMap":{"java":{"insertions":51,"deletions":0}}},{"hash":"52a905934169580fb2ca20496f0f82f1134602fd","isMergeCommit":false,"messageTitle":"Add JavaDoc comments","messageBody":"","fileTypesAndContributionMap":{"java":{"insertions":211,"deletions":35}}},{"hash":"9d46d085bc4a7c933167096127ea3b00a44e0c57","isMergeCommit":true,"messageTitle":"Merge branch-A-JavaDoc into master","messageBody":"","tags":["A-JavaDoc"],"fileTypesAndContributionMap":{}},{"hash":"687bc90225c1e7a36c7b908b48960f3e3be79e0c","isMergeCommit":false,"messageTitle":"Change code to comply with standard","messageBody":"","fileTypesAndContributionMap":{"txt":{"insertions":1,"deletions":1},"java":{"insertions":52,"deletions":52}}},{"hash":"5bc8050cdd6a975f898f3e2b0e4e1695418b855a","isMergeCommit":true,"messageTitle":"Edit code to comply with standard","messageBody":"","tags":["A-CodingStandard"],"fileTypesAndContributionMap":{}},{"hash":"657d4553ee83665e5e32276d61c54e651d29ece1","isMergeCommit":false,"messageTitle":"Change imports to comply with standard","messageBody":"","fileTypesAndContributionMap":{"java":{"insertions":41,"deletions":30}}},{"hash":"4892545de79fb9eb61116119be21cf1404d17d36","isMergeCommit":false,"messageTitle":"Add find Task feature","messageBody":"","fileTypesAndContributionMap":{"java":{"insertions":66,"deletions":0}}},{"hash":"1ee6d519aa06635bf30169d42a1236f68e976ad9","isMergeCommit":true,"messageTitle":"Merge branch-Level-9 into master","messageBody":"","tags":["Level-9"],"fileTypesAndContributionMap":{}}]},{"date":"2025-08-31T00:00:00","commitResults":[{"hash":"e9fd9c0e1004e52d6949f1b837a36ef2e720a0c5","isMergeCommit":false,"messageTitle":"Update Javadoc","messageBody":"","fileTypesAndContributionMap":{"txt":{"insertions":2,"deletions":0},"java":{"insertions":74,"deletions":54}}}]},{"date":"2025-09-02T00:00:00","commitResults":[{"hash":"9a5c030dc5dcbc7904e7ca5f0da668b2434dd2f4","isMergeCommit":false,"messageTitle":"Update Javadoc","messageBody":"","fileTypesAndContributionMap":{"java":{"insertions":3,"deletions":3}}}]},{"date":"2025-09-04T00:00:00","commitResults":[{"hash":"6cb454f85004a0dae3ca14a2d53b66bfee7164b1","isMergeCommit":false,"messageTitle":"Create the basics of GUI","messageBody":"","fileTypesAndContributionMap":{"gradle":{"insertions":16,"deletions":1},"fxml":{"insertions":49,"deletions":0},"java":{"insertions":202,"deletions":8}}},{"hash":"8afbd6db2a50034eca0b48e2b28a0d8d3b96c290","isMergeCommit":false,"messageTitle":"Update GUI to handle commands","messageBody":"","fileTypesAndContributionMap":{"txt":{"insertions":4,"deletions":7},"java":{"insertions":142,"deletions":98}}},{"hash":"4d5be5b8799f25f2c4db503d784e4c81f79c123c","isMergeCommit":true,"messageTitle":"Merge branch-Level-10 into master","messageBody":"","tags":["Level-10"],"fileTypesAndContributionMap":{}}]},{"date":"2025-09-11T00:00:00","commitResults":[{"hash":"6237ea3e3de38c560ace93d2135c8c68ce3fab8c","isMergeCommit":false,"messageTitle":"Add assertions","messageBody":"There are some methods that requires important assumptions to be documented.\n","fileTypesAndContributionMap":{"java":{"insertions":56,"deletions":5}}},{"hash":"5e6fddb4e969a279431f9df157a345d58d2cbb21","isMergeCommit":false,"messageTitle":"Improve code quality","messageBody":"As a step to improve code quality, readability of code is enhanced by leaving blank lines in between multiple abstractions\n\nIn addition, length of methods as well as arrowhead style code was checked.\n","tags":["A-FullCommitMessage"],"fileTypesAndContributionMap":{"java":{"insertions":107,"deletions":43}}},{"hash":"d7576260af3fffa129ff748a3c9e34c7a3fc3918","isMergeCommit":true,"messageTitle":"Merge pull request #1 from jlismee/branch-A-Assertions","messageBody":"Add assertions.","tags":["A-Assertions"],"fileTypesAndContributionMap":{}},{"hash":"4c9b961e78b4920f2088005dbd1a8ff314f2d87d","isMergeCommit":true,"messageTitle":"Merge branch \u0027master\u0027 into branch-A-CodeQuality Merge master branch onto branch-A-CodeQuality","messageBody":"","fileTypesAndContributionMap":{}},{"hash":"64cf10bad0c4dc8b5340afb00585810fc282fe15","isMergeCommit":true,"messageTitle":"Merge pull request #3 from jlismee/branch-A-CodeQuality","messageBody":"Improve code quality.","tags":["A-CodeQuality"],"fileTypesAndContributionMap":{}},{"hash":"3bfad59f25c185d1e3daa16abc8711bf6cccb2bc","isMergeCommit":false,"messageTitle":"Add help command","messageBody":"Users are allow to access user guide of the chatbot by keying in the help command.\n","fileTypesAndContributionMap":{"java":{"insertions":66,"deletions":0}}},{"hash":"1dcda38850a893ecc077af916be6b35e216fcdb5","isMergeCommit":true,"messageTitle":"Merge branch-Extension into master branch","messageBody":"","tags":["BCD-Extension"],"fileTypesAndContributionMap":{}}]},{"date":"2025-09-18T00:00:00","commitResults":[{"hash":"25b86ddcdfc92d3381c04b72a9b3cdad908548a7","isMergeCommit":false,"messageTitle":"Enhance code using AI tools","messageBody":"","tags":["A-AiAssisted"],"fileTypesAndContributionMap":{"txt":{"insertions":2,"deletions":1},"java":{"insertions":63,"deletions":47}}},{"hash":"3df650ed67cbe0ebe16492694090ce2fa49d5c6c","isMergeCommit":false,"messageTitle":"Add personality to Bambam using AI","messageBody":"","fileTypesAndContributionMap":{"txt":{"insertions":1,"deletions":0},"java":{"insertions":29,"deletions":28}}},{"hash":"d95828122012d3adf8244490d7dc9d1bf2b2d06c","isMergeCommit":true,"messageTitle":"Merge branch-Personality to master","messageBody":"","tags":["A-Personality"],"fileTypesAndContributionMap":{}}]}]},"authorFileTypeContributionMap":{"jlismee":{"java":1467,"md":3,"fxml":49,"sh":1,"bat":1,"gradle":17,"txt":17}},"authorContributionVariance":{"jlismee":26983.854},"authorDisplayNameMap":{"jlismee":"CS2103T-W14-3 SHE ..LING"}}
