[{"path":"src/main/java/Audrey.java","fileType":"java","lines":[{"lineNumber":1,"author":{"gitId":"haojun-mah"},"content":"import components.List;","lastModifiedDate":"2025-08-21T01:00:41","isFullCredit":false},{"lineNumber":2,"author":{"gitId":"haojun-mah"},"content":"import components.Command;","lastModifiedDate":"2025-08-21T15:21:24","isFullCredit":false},{"lineNumber":3,"author":{"gitId":"haojun-mah"},"content":"import java.util.Scanner;","lastModifiedDate":"2025-08-21T10:33:01","isFullCredit":false},{"lineNumber":4,"author":{"gitId":"haojun-mah"},"content":"public class Audrey {","lastModifiedDate":"2025-08-20T23:19:06","isFullCredit":false},{"lineNumber":5,"author":{"gitId":"haojun-mah"},"content":"    private static void print(String string) {","lastModifiedDate":"2025-08-21T01:00:41","isFullCredit":false},{"lineNumber":6,"author":{"gitId":"haojun-mah"},"content":"        String[] splitString \u003d string.split(\"\\n\");","lastModifiedDate":"2025-08-21T01:09:13","isFullCredit":false},{"lineNumber":7,"author":{"gitId":"haojun-mah"},"content":"        String formattedString \u003d \"\";","lastModifiedDate":"2025-08-21T01:09:13","isFullCredit":false},{"lineNumber":8,"author":{"gitId":"haojun-mah"},"content":"        for (int i \u003d 0; i \u003c splitString.length; i++) {","lastModifiedDate":"2025-08-21T01:09:13","isFullCredit":false},{"lineNumber":9,"author":{"gitId":"haojun-mah"},"content":"            if (i+1 \u003d\u003d splitString.length) {","lastModifiedDate":"2025-08-21T01:09:13","isFullCredit":false},{"lineNumber":10,"author":{"gitId":"haojun-mah"},"content":"                formattedString +\u003d \"    \" + splitString[i];","lastModifiedDate":"2025-08-21T01:09:13","isFullCredit":false},{"lineNumber":11,"author":{"gitId":"haojun-mah"},"content":"            } else {","lastModifiedDate":"2025-08-21T01:09:13","isFullCredit":false},{"lineNumber":12,"author":{"gitId":"haojun-mah"},"content":"                formattedString +\u003d \"    \" + splitString[i] + \u0027\\n\u0027;","lastModifiedDate":"2025-08-21T01:09:13","isFullCredit":false},{"lineNumber":13,"author":{"gitId":"haojun-mah"},"content":"            }","lastModifiedDate":"2025-08-21T01:09:13","isFullCredit":false},{"lineNumber":14,"author":{"gitId":"haojun-mah"},"content":"        }","lastModifiedDate":"2025-08-21T01:09:13","isFullCredit":false},{"lineNumber":15,"author":{"gitId":"haojun-mah"},"content":"        System.out.println(\"    ____________________________________________________________________\");","lastModifiedDate":"2025-08-21T01:00:41","isFullCredit":false},{"lineNumber":16,"author":{"gitId":"haojun-mah"},"content":"        System.out.println(formattedString);","lastModifiedDate":"2025-08-21T01:09:13","isFullCredit":false},{"lineNumber":17,"author":{"gitId":"haojun-mah"},"content":"        System.out.println(\"    ____________________________________________________________________\");","lastModifiedDate":"2025-08-21T01:00:41","isFullCredit":false},{"lineNumber":18,"author":{"gitId":"haojun-mah"},"content":"    }","lastModifiedDate":"2025-08-21T01:00:41","isFullCredit":false},{"lineNumber":19,"author":{"gitId":"haojun-mah"},"content":"","lastModifiedDate":"2025-08-21T01:00:41","isFullCredit":false},{"lineNumber":20,"author":{"gitId":"haojun-mah"},"content":"    public static void main(String[] args) {","lastModifiedDate":"2025-08-20T23:19:06","isFullCredit":false},{"lineNumber":21,"author":{"gitId":"haojun-mah"},"content":"        String logo \u003d \"\\n\" +","lastModifiedDate":"2025-08-20T23:19:06","isFullCredit":false},{"lineNumber":22,"author":{"gitId":"haojun-mah"},"content":"                \"  #####  ##   ## #####  ##### ####### ##   ##\\n\" +","lastModifiedDate":"2025-08-20T23:19:06","isFullCredit":false},{"lineNumber":23,"author":{"gitId":"haojun-mah"},"content":"                \" ##   ## ##   ## ##  ## ##  ## ##      ##  ##\\n\" +","lastModifiedDate":"2025-08-20T23:19:06","isFullCredit":false},{"lineNumber":24,"author":{"gitId":"haojun-mah"},"content":"                \" ##   ## ##   ## ##  ## ##  ## ##       ## ##\\n\" +","lastModifiedDate":"2025-08-20T23:19:06","isFullCredit":false},{"lineNumber":25,"author":{"gitId":"haojun-mah"},"content":"                \" ####### ##   ## #####  #####  #####     ### \\n\" +","lastModifiedDate":"2025-08-20T23:19:06","isFullCredit":false},{"lineNumber":26,"author":{"gitId":"haojun-mah"},"content":"                \" ##   ## ##   ## ##  ## ##  ## ##          ##\\n\" +","lastModifiedDate":"2025-08-20T23:19:06","isFullCredit":false},{"lineNumber":27,"author":{"gitId":"haojun-mah"},"content":"                \" ##   ## ##   ## ##  ## ##  ## ##          ##\\n\" +","lastModifiedDate":"2025-08-20T23:19:06","isFullCredit":false},{"lineNumber":28,"author":{"gitId":"haojun-mah"},"content":"                \" ##   ##  #####  ##  ## ##  ## #######     ##\\n\";","lastModifiedDate":"2025-08-20T23:19:06","isFullCredit":false},{"lineNumber":29,"author":{"gitId":"haojun-mah"},"content":"        print(\"Hello! I\u0027m Audrey\\nWhat can I do for you!\\n\" + logo);","lastModifiedDate":"2025-08-21T01:00:41","isFullCredit":false},{"lineNumber":30,"author":{"gitId":"haojun-mah"},"content":"        ","lastModifiedDate":"2025-08-21T15:21:24","isFullCredit":false},{"lineNumber":31,"author":{"gitId":"haojun-mah"},"content":"        try (Scanner scanner \u003d new Scanner(System.in)) {","lastModifiedDate":"2025-08-21T15:21:24","isFullCredit":false},{"lineNumber":32,"author":{"gitId":"haojun-mah"},"content":"            String input \u003d scanner.nextLine();        ","lastModifiedDate":"2025-08-20T23:43:54","isFullCredit":false},{"lineNumber":33,"author":{"gitId":"haojun-mah"},"content":"            while (true) {","lastModifiedDate":"2025-08-20T23:43:54","isFullCredit":false},{"lineNumber":34,"author":{"gitId":"haojun-mah"},"content":"                if (\"bye\".equalsIgnoreCase(input)) {","lastModifiedDate":"2025-08-20T23:43:54","isFullCredit":false},{"lineNumber":35,"author":{"gitId":"haojun-mah"},"content":"                    break;","lastModifiedDate":"2025-08-20T23:43:54","isFullCredit":false},{"lineNumber":36,"author":{"gitId":"haojun-mah"},"content":"                } else if (\"list\".equalsIgnoreCase(input)) { ","lastModifiedDate":"2025-08-21T15:21:24","isFullCredit":false},{"lineNumber":37,"author":{"gitId":"haojun-mah"},"content":"                List toDoList \u003d new List();","lastModifiedDate":"2025-08-21T01:00:41","isFullCredit":false},{"lineNumber":38,"author":{"gitId":"haojun-mah"},"content":"                print(\"To Do List Activated!\");","lastModifiedDate":"2025-08-21T01:00:41","isFullCredit":false},{"lineNumber":39,"author":{"gitId":"haojun-mah"},"content":"","lastModifiedDate":"2025-08-21T10:33:01","isFullCredit":false},{"lineNumber":40,"author":{"gitId":"haojun-mah"},"content":"                while (true) {","lastModifiedDate":"2025-08-21T10:57:00","isFullCredit":false},{"lineNumber":41,"author":{"gitId":"haojun-mah"},"content":"                    input \u003d scanner.nextLine();","lastModifiedDate":"2025-08-21T01:00:41","isFullCredit":false},{"lineNumber":42,"author":{"gitId":"haojun-mah"},"content":"                    String[] processedInput \u003d input.split(\" \", 2); // obtain first string of words before whitespace","lastModifiedDate":"2025-08-21T13:26:40","isFullCredit":false},{"lineNumber":43,"author":{"gitId":"haojun-mah"},"content":"                    String detectMark \u003d processedInput[0];","lastModifiedDate":"2025-08-21T10:33:01","isFullCredit":false},{"lineNumber":44,"author":{"gitId":"haojun-mah"},"content":"                    ","lastModifiedDate":"2025-08-21T15:21:24","isFullCredit":false},{"lineNumber":45,"author":{"gitId":"haojun-mah"},"content":"                    Command command \u003d Command.fromString(detectMark);","lastModifiedDate":"2025-08-21T15:21:24","isFullCredit":false},{"lineNumber":46,"author":{"gitId":"haojun-mah"},"content":"                    if (command \u003d\u003d null) {","lastModifiedDate":"2025-08-21T15:21:24","isFullCredit":false},{"lineNumber":47,"author":{"gitId":"haojun-mah"},"content":"                        print(\"Invalid Task\");","lastModifiedDate":"2025-08-21T15:21:24","isFullCredit":false},{"lineNumber":48,"author":{"gitId":"haojun-mah"},"content":"                        continue;","lastModifiedDate":"2025-08-21T15:21:24","isFullCredit":false},{"lineNumber":49,"author":{"gitId":"haojun-mah"},"content":"                    }","lastModifiedDate":"2025-08-21T15:21:24","isFullCredit":false},{"lineNumber":50,"author":{"gitId":"haojun-mah"},"content":"                    ","lastModifiedDate":"2025-08-21T15:21:24","isFullCredit":false},{"lineNumber":51,"author":{"gitId":"haojun-mah"},"content":"                    switch (command) {","lastModifiedDate":"2025-08-21T15:21:24","isFullCredit":false},{"lineNumber":52,"author":{"gitId":"haojun-mah"},"content":"                        case BYE:","lastModifiedDate":"2025-08-21T15:21:24","isFullCredit":false},{"lineNumber":53,"author":{"gitId":"haojun-mah"},"content":"                            break; // This will break out of the while loop","lastModifiedDate":"2025-08-21T15:21:24","isFullCredit":false},{"lineNumber":54,"author":{"gitId":"haojun-mah"},"content":"                        case LIST:","lastModifiedDate":"2025-08-21T15:21:24","isFullCredit":false},{"lineNumber":55,"author":{"gitId":"haojun-mah"},"content":"                            print(toDoList.showList());","lastModifiedDate":"2025-08-21T01:00:41","isFullCredit":false},{"lineNumber":56,"author":{"gitId":"haojun-mah"},"content":"                            break;","lastModifiedDate":"2025-08-21T15:21:24","isFullCredit":false},{"lineNumber":57,"author":{"gitId":"haojun-mah"},"content":"                        case MARK:","lastModifiedDate":"2025-08-21T15:21:24","isFullCredit":false},{"lineNumber":58,"author":{"gitId":"haojun-mah"},"content":"                            try {","lastModifiedDate":"2025-08-21T10:57:00","isFullCredit":false},{"lineNumber":59,"author":{"gitId":"haojun-mah"},"content":"                                print(toDoList.markTask(Integer.parseInt(processedInput[1])));","lastModifiedDate":"2025-08-21T10:33:01","isFullCredit":false},{"lineNumber":60,"author":{"gitId":"haojun-mah"},"content":"                            } catch (NumberFormatException | ArrayIndexOutOfBoundsException e) {","lastModifiedDate":"2025-08-21T15:21:24","isFullCredit":false},{"lineNumber":61,"author":{"gitId":"haojun-mah"},"content":"                                print(\"Number not provided!\");","lastModifiedDate":"2025-08-21T10:57:00","isFullCredit":false},{"lineNumber":62,"author":{"gitId":"haojun-mah"},"content":"                            }","lastModifiedDate":"2025-08-21T10:33:01","isFullCredit":false},{"lineNumber":63,"author":{"gitId":"haojun-mah"},"content":"                            break;","lastModifiedDate":"2025-08-21T15:21:24","isFullCredit":false},{"lineNumber":64,"author":{"gitId":"haojun-mah"},"content":"                        case UNMARK:","lastModifiedDate":"2025-08-21T15:21:24","isFullCredit":false},{"lineNumber":65,"author":{"gitId":"haojun-mah"},"content":"                            try {","lastModifiedDate":"2025-08-21T11:05:03","isFullCredit":false},{"lineNumber":66,"author":{"gitId":"haojun-mah"},"content":"                                print(toDoList.unmarkTask(Integer.parseInt(processedInput[1])));","lastModifiedDate":"2025-08-21T11:05:03","isFullCredit":false},{"lineNumber":67,"author":{"gitId":"haojun-mah"},"content":"                            } catch (NumberFormatException | ArrayIndexOutOfBoundsException e) {","lastModifiedDate":"2025-08-21T15:21:24","isFullCredit":false},{"lineNumber":68,"author":{"gitId":"haojun-mah"},"content":"                                print(\"Number not provided!\");","lastModifiedDate":"2025-08-21T11:05:03","isFullCredit":false},{"lineNumber":69,"author":{"gitId":"haojun-mah"},"content":"                            }","lastModifiedDate":"2025-08-21T11:05:03","isFullCredit":false},{"lineNumber":70,"author":{"gitId":"haojun-mah"},"content":"                            break;","lastModifiedDate":"2025-08-21T15:21:24","isFullCredit":false},{"lineNumber":71,"author":{"gitId":"haojun-mah"},"content":"                        case TODO:","lastModifiedDate":"2025-08-21T15:21:24","isFullCredit":false},{"lineNumber":72,"author":{"gitId":"haojun-mah"},"content":"                            if (processedInput.length \u003e 1) {","lastModifiedDate":"2025-08-21T15:21:24","isFullCredit":false},{"lineNumber":73,"author":{"gitId":"haojun-mah"},"content":"                                print(toDoList.addToDos(processedInput[1]));","lastModifiedDate":"2025-08-21T13:26:40","isFullCredit":false},{"lineNumber":74,"author":{"gitId":"haojun-mah"},"content":"                            } else {","lastModifiedDate":"2025-08-21T15:21:24","isFullCredit":false},{"lineNumber":75,"author":{"gitId":"haojun-mah"},"content":"                                print(\"Todo description cannot be empty!\");","lastModifiedDate":"2025-08-21T15:21:24","isFullCredit":false},{"lineNumber":76,"author":{"gitId":"haojun-mah"},"content":"                            }","lastModifiedDate":"2025-08-21T15:21:24","isFullCredit":false},{"lineNumber":77,"author":{"gitId":"haojun-mah"},"content":"                            break;","lastModifiedDate":"2025-08-21T15:21:24","isFullCredit":false},{"lineNumber":78,"author":{"gitId":"haojun-mah"},"content":"                        case DEADLINE:","lastModifiedDate":"2025-08-21T15:21:24","isFullCredit":false},{"lineNumber":79,"author":{"gitId":"haojun-mah"},"content":"                            if (processedInput.length \u003e 1) {","lastModifiedDate":"2025-08-21T15:21:24","isFullCredit":false},{"lineNumber":80,"author":{"gitId":"haojun-mah"},"content":"                                print(toDoList.addDeadline(processedInput[1]));","lastModifiedDate":"2025-08-21T13:26:40","isFullCredit":false},{"lineNumber":81,"author":{"gitId":"haojun-mah"},"content":"                            } else {","lastModifiedDate":"2025-08-21T15:21:24","isFullCredit":false},{"lineNumber":82,"author":{"gitId":"haojun-mah"},"content":"                                print(\"Deadline description cannot be empty!\");","lastModifiedDate":"2025-08-21T15:21:24","isFullCredit":false},{"lineNumber":83,"author":{"gitId":"haojun-mah"},"content":"                            }","lastModifiedDate":"2025-08-21T15:21:24","isFullCredit":false},{"lineNumber":84,"author":{"gitId":"haojun-mah"},"content":"                            break;","lastModifiedDate":"2025-08-21T15:21:24","isFullCredit":false},{"lineNumber":85,"author":{"gitId":"haojun-mah"},"content":"                        case EVENT:","lastModifiedDate":"2025-08-21T15:21:24","isFullCredit":false},{"lineNumber":86,"author":{"gitId":"haojun-mah"},"content":"                            if (processedInput.length \u003e 1) {","lastModifiedDate":"2025-08-21T15:21:24","isFullCredit":false},{"lineNumber":87,"author":{"gitId":"haojun-mah"},"content":"                                print(toDoList.addEvent(processedInput[1]));","lastModifiedDate":"2025-08-21T13:26:40","isFullCredit":false},{"lineNumber":88,"author":{"gitId":"haojun-mah"},"content":"                            } else {","lastModifiedDate":"2025-08-21T15:21:24","isFullCredit":false},{"lineNumber":89,"author":{"gitId":"haojun-mah"},"content":"                                print(\"Event description cannot be empty!\");","lastModifiedDate":"2025-08-21T15:21:24","isFullCredit":false},{"lineNumber":90,"author":{"gitId":"haojun-mah"},"content":"                            }","lastModifiedDate":"2025-08-21T15:21:24","isFullCredit":false},{"lineNumber":91,"author":{"gitId":"haojun-mah"},"content":"                            break;","lastModifiedDate":"2025-08-21T15:21:24","isFullCredit":false},{"lineNumber":92,"author":{"gitId":"haojun-mah"},"content":"                        case DELETE:","lastModifiedDate":"2025-08-21T15:21:24","isFullCredit":false},{"lineNumber":93,"author":{"gitId":"haojun-mah"},"content":"                            try {","lastModifiedDate":"2025-08-21T14:48:28","isFullCredit":false},{"lineNumber":94,"author":{"gitId":"haojun-mah"},"content":"                                print(toDoList.delete(Integer.parseInt(processedInput[1])));","lastModifiedDate":"2025-08-21T14:48:28","isFullCredit":false},{"lineNumber":95,"author":{"gitId":"haojun-mah"},"content":"                            } catch (NumberFormatException | ArrayIndexOutOfBoundsException e) {","lastModifiedDate":"2025-08-21T15:21:24","isFullCredit":false},{"lineNumber":96,"author":{"gitId":"haojun-mah"},"content":"                                print(\"Number not provided!\");","lastModifiedDate":"2025-08-21T14:48:28","isFullCredit":false},{"lineNumber":97,"author":{"gitId":"haojun-mah"},"content":"                            }","lastModifiedDate":"2025-08-21T14:48:28","isFullCredit":false},{"lineNumber":98,"author":{"gitId":"haojun-mah"},"content":"                            break;","lastModifiedDate":"2025-08-21T15:21:24","isFullCredit":false},{"lineNumber":99,"author":{"gitId":"haojun-mah"},"content":"                    }","lastModifiedDate":"2025-08-21T14:48:28","isFullCredit":false},{"lineNumber":100,"author":{"gitId":"haojun-mah"},"content":"                    ","lastModifiedDate":"2025-08-21T13:26:40","isFullCredit":false},{"lineNumber":101,"author":{"gitId":"haojun-mah"},"content":"                    if (command \u003d\u003d Command.BYE) {","lastModifiedDate":"2025-08-21T15:21:24","isFullCredit":false},{"lineNumber":102,"author":{"gitId":"haojun-mah"},"content":"                        break;","lastModifiedDate":"2025-08-21T15:21:24","isFullCredit":false},{"lineNumber":103,"author":{"gitId":"haojun-mah"},"content":"                    }","lastModifiedDate":"2025-08-21T15:21:24","isFullCredit":false},{"lineNumber":104,"author":{"gitId":"haojun-mah"},"content":"                }","lastModifiedDate":"2025-08-21T01:00:41","isFullCredit":false},{"lineNumber":105,"author":{"gitId":"haojun-mah"},"content":"                print(\"To Do List Deactivated\");","lastModifiedDate":"2025-08-21T10:57:00","isFullCredit":false},{"lineNumber":106,"author":{"gitId":"haojun-mah"},"content":"            } else {","lastModifiedDate":"2025-08-21T01:00:41","isFullCredit":false},{"lineNumber":107,"author":{"gitId":"haojun-mah"},"content":"                print(input);","lastModifiedDate":"2025-08-21T01:00:41","isFullCredit":false},{"lineNumber":108,"author":{"gitId":"haojun-mah"},"content":"                input \u003d scanner.nextLine();","lastModifiedDate":"2025-08-20T23:43:54","isFullCredit":false},{"lineNumber":109,"author":{"gitId":"haojun-mah"},"content":"            }","lastModifiedDate":"2025-08-20T23:43:54","isFullCredit":false},{"lineNumber":110,"author":{"gitId":"haojun-mah"},"content":"        }","lastModifiedDate":"2025-08-20T23:43:54","isFullCredit":false},{"lineNumber":111,"author":{"gitId":"haojun-mah"},"content":"        ","lastModifiedDate":"2025-08-21T15:21:24","isFullCredit":false},{"lineNumber":112,"author":{"gitId":"haojun-mah"},"content":"        print(\"Bye! Hope to see you again!\");","lastModifiedDate":"2025-08-21T01:00:41","isFullCredit":false},{"lineNumber":113,"author":{"gitId":"haojun-mah"},"content":"        } // Close try-with-resources","lastModifiedDate":"2025-08-21T15:21:24","isFullCredit":false},{"lineNumber":114,"author":{"gitId":"haojun-mah"},"content":"    } // Close main method","lastModifiedDate":"2025-08-21T15:21:24","isFullCredit":false},{"lineNumber":115,"author":{"gitId":"haojun-mah"},"content":"} // Close class","lastModifiedDate":"2025-08-21T15:21:24","isFullCredit":false}],"authorContributionMap":{"haojun-mah":115}},{"path":"src/main/java/components/Command.java","fileType":"java","lines":[{"lineNumber":1,"author":{"gitId":"haojun-mah"},"content":"package components;","lastModifiedDate":"2025-08-21T15:21:24","isFullCredit":false},{"lineNumber":2,"author":{"gitId":"haojun-mah"},"content":"","lastModifiedDate":"2025-08-21T15:21:24","isFullCredit":false},{"lineNumber":3,"author":{"gitId":"haojun-mah"},"content":"public enum Command {","lastModifiedDate":"2025-08-21T15:21:24","isFullCredit":false},{"lineNumber":4,"author":{"gitId":"haojun-mah"},"content":"    BYE(\"bye\"),","lastModifiedDate":"2025-08-21T15:21:24","isFullCredit":false},{"lineNumber":5,"author":{"gitId":"haojun-mah"},"content":"    LIST(\"list\"), ","lastModifiedDate":"2025-08-21T15:21:24","isFullCredit":false},{"lineNumber":6,"author":{"gitId":"haojun-mah"},"content":"    MARK(\"mark\"),","lastModifiedDate":"2025-08-21T15:21:24","isFullCredit":false},{"lineNumber":7,"author":{"gitId":"haojun-mah"},"content":"    UNMARK(\"unmark\"),","lastModifiedDate":"2025-08-21T15:21:24","isFullCredit":false},{"lineNumber":8,"author":{"gitId":"haojun-mah"},"content":"    TODO(\"todo\"),","lastModifiedDate":"2025-08-21T15:21:24","isFullCredit":false},{"lineNumber":9,"author":{"gitId":"haojun-mah"},"content":"    DEADLINE(\"deadline\"),","lastModifiedDate":"2025-08-21T15:21:24","isFullCredit":false},{"lineNumber":10,"author":{"gitId":"haojun-mah"},"content":"    EVENT(\"event\"),","lastModifiedDate":"2025-08-21T15:21:24","isFullCredit":false},{"lineNumber":11,"author":{"gitId":"haojun-mah"},"content":"    DELETE(\"delete\");","lastModifiedDate":"2025-08-21T15:21:24","isFullCredit":false},{"lineNumber":12,"author":{"gitId":"haojun-mah"},"content":"    ","lastModifiedDate":"2025-08-21T15:21:24","isFullCredit":false},{"lineNumber":13,"author":{"gitId":"haojun-mah"},"content":"    private final String commandString;","lastModifiedDate":"2025-08-21T15:21:24","isFullCredit":false},{"lineNumber":14,"author":{"gitId":"haojun-mah"},"content":"    ","lastModifiedDate":"2025-08-21T15:21:24","isFullCredit":false},{"lineNumber":15,"author":{"gitId":"haojun-mah"},"content":"    Command(String commandString) {","lastModifiedDate":"2025-08-21T15:21:24","isFullCredit":false},{"lineNumber":16,"author":{"gitId":"haojun-mah"},"content":"        this.commandString \u003d commandString;","lastModifiedDate":"2025-08-21T15:21:24","isFullCredit":false},{"lineNumber":17,"author":{"gitId":"haojun-mah"},"content":"    }","lastModifiedDate":"2025-08-21T15:21:24","isFullCredit":false},{"lineNumber":18,"author":{"gitId":"haojun-mah"},"content":"    ","lastModifiedDate":"2025-08-21T15:21:24","isFullCredit":false},{"lineNumber":19,"author":{"gitId":"haojun-mah"},"content":"    public static Command fromString(String input) {","lastModifiedDate":"2025-08-21T15:21:24","isFullCredit":false},{"lineNumber":20,"author":{"gitId":"haojun-mah"},"content":"        for (Command cmd : Command.values()) {","lastModifiedDate":"2025-08-21T15:21:24","isFullCredit":false},{"lineNumber":21,"author":{"gitId":"haojun-mah"},"content":"            if (cmd.commandString.equalsIgnoreCase(input)) {","lastModifiedDate":"2025-08-21T15:21:24","isFullCredit":false},{"lineNumber":22,"author":{"gitId":"haojun-mah"},"content":"                return cmd;","lastModifiedDate":"2025-08-21T15:21:24","isFullCredit":false},{"lineNumber":23,"author":{"gitId":"haojun-mah"},"content":"            }","lastModifiedDate":"2025-08-21T15:21:24","isFullCredit":false},{"lineNumber":24,"author":{"gitId":"haojun-mah"},"content":"        }","lastModifiedDate":"2025-08-21T15:21:24","isFullCredit":false},{"lineNumber":25,"author":{"gitId":"haojun-mah"},"content":"        return null; // Invalid command","lastModifiedDate":"2025-08-21T15:21:24","isFullCredit":false},{"lineNumber":26,"author":{"gitId":"haojun-mah"},"content":"    }","lastModifiedDate":"2025-08-21T15:21:24","isFullCredit":false},{"lineNumber":27,"author":{"gitId":"haojun-mah"},"content":"    ","lastModifiedDate":"2025-08-21T15:21:24","isFullCredit":false},{"lineNumber":28,"author":{"gitId":"haojun-mah"},"content":"    public String getCommandString() {","lastModifiedDate":"2025-08-21T15:21:24","isFullCredit":false},{"lineNumber":29,"author":{"gitId":"haojun-mah"},"content":"        return commandString;","lastModifiedDate":"2025-08-21T15:21:24","isFullCredit":false},{"lineNumber":30,"author":{"gitId":"haojun-mah"},"content":"    }","lastModifiedDate":"2025-08-21T15:21:24","isFullCredit":false},{"lineNumber":31,"author":{"gitId":"haojun-mah"},"content":"}","lastModifiedDate":"2025-08-21T15:21:24","isFullCredit":false}],"authorContributionMap":{"haojun-mah":31}},{"path":"src/main/java/components/Deadline.java","fileType":"java","lines":[{"lineNumber":1,"author":{"gitId":"haojun-mah"},"content":"package components;","lastModifiedDate":"2025-08-21T11:52:47","isFullCredit":false},{"lineNumber":2,"author":{"gitId":"haojun-mah"},"content":"","lastModifiedDate":"2025-08-21T11:52:47","isFullCredit":false},{"lineNumber":3,"author":{"gitId":"haojun-mah"},"content":"class Deadline extends Task {","lastModifiedDate":"2025-08-21T11:52:47","isFullCredit":false},{"lineNumber":4,"author":{"gitId":"haojun-mah"},"content":"    private final String deadline;","lastModifiedDate":"2025-08-21T11:52:47","isFullCredit":false},{"lineNumber":5,"author":{"gitId":"haojun-mah"},"content":"","lastModifiedDate":"2025-08-21T11:52:47","isFullCredit":false},{"lineNumber":6,"author":{"gitId":"haojun-mah"},"content":"    public Deadline(String details) throws MissingDeadlineException{","lastModifiedDate":"2025-08-21T12:28:31","isFullCredit":false},{"lineNumber":7,"author":{"gitId":"haojun-mah"},"content":"        super(processDetail(details));","lastModifiedDate":"2025-08-21T13:26:40","isFullCredit":false},{"lineNumber":8,"author":{"gitId":"haojun-mah"},"content":"        deadline \u003d processDeadline(details);","lastModifiedDate":"2025-08-21T13:26:40","isFullCredit":false},{"lineNumber":9,"author":{"gitId":"haojun-mah"},"content":"    }","lastModifiedDate":"2025-08-21T13:26:40","isFullCredit":false},{"lineNumber":10,"author":{"gitId":"haojun-mah"},"content":"","lastModifiedDate":"2025-08-21T13:26:40","isFullCredit":false},{"lineNumber":11,"author":{"gitId":"haojun-mah"},"content":"    private static String processDetail(String detail) throws MissingDeadlineException {","lastModifiedDate":"2025-08-21T13:26:40","isFullCredit":false},{"lineNumber":12,"author":{"gitId":"haojun-mah"},"content":"        String[] processed \u003d detail.split(\"/by\");","lastModifiedDate":"2025-08-21T13:26:40","isFullCredit":false},{"lineNumber":13,"author":{"gitId":"haojun-mah"},"content":"        if (processed.length !\u003d 2 || processed[0].trim().isEmpty()) { ","lastModifiedDate":"2025-08-21T13:26:40","isFullCredit":false},{"lineNumber":14,"author":{"gitId":"haojun-mah"},"content":"            throw new MissingDeadlineException();","lastModifiedDate":"2025-08-21T13:26:40","isFullCredit":false},{"lineNumber":15,"author":{"gitId":"haojun-mah"},"content":"        }","lastModifiedDate":"2025-08-21T13:26:40","isFullCredit":false},{"lineNumber":16,"author":{"gitId":"haojun-mah"},"content":"        return processed[0].trim();","lastModifiedDate":"2025-08-21T13:26:40","isFullCredit":false},{"lineNumber":17,"author":{"gitId":"haojun-mah"},"content":"    }","lastModifiedDate":"2025-08-21T13:26:40","isFullCredit":false},{"lineNumber":18,"author":{"gitId":"haojun-mah"},"content":"","lastModifiedDate":"2025-08-21T13:26:40","isFullCredit":false},{"lineNumber":19,"author":{"gitId":"haojun-mah"},"content":"    private static String processDeadline(String detail) throws MissingDeadlineException {","lastModifiedDate":"2025-08-21T13:26:40","isFullCredit":false},{"lineNumber":20,"author":{"gitId":"haojun-mah"},"content":"        String[] processed \u003d detail.split(\"/by\");","lastModifiedDate":"2025-08-21T13:26:40","isFullCredit":false},{"lineNumber":21,"author":{"gitId":"haojun-mah"},"content":"        if (processed.length !\u003d 2 || processed[1].trim().isEmpty()) { ","lastModifiedDate":"2025-08-21T13:26:40","isFullCredit":false},{"lineNumber":22,"author":{"gitId":"haojun-mah"},"content":"            throw new MissingDeadlineException();","lastModifiedDate":"2025-08-21T12:28:31","isFullCredit":false},{"lineNumber":23,"author":{"gitId":"haojun-mah"},"content":"        }","lastModifiedDate":"2025-08-21T11:52:47","isFullCredit":false},{"lineNumber":24,"author":{"gitId":"haojun-mah"},"content":"        return processed[1].trim();","lastModifiedDate":"2025-08-21T13:26:40","isFullCredit":false},{"lineNumber":25,"author":{"gitId":"haojun-mah"},"content":"    }","lastModifiedDate":"2025-08-21T12:28:31","isFullCredit":false},{"lineNumber":26,"author":{"gitId":"haojun-mah"},"content":"","lastModifiedDate":"2025-08-21T11:52:47","isFullCredit":false},{"lineNumber":27,"author":{"gitId":"haojun-mah"},"content":"","lastModifiedDate":"2025-08-21T13:26:40","isFullCredit":false},{"lineNumber":28,"author":{"gitId":"haojun-mah"},"content":"","lastModifiedDate":"2025-08-21T13:26:40","isFullCredit":false},{"lineNumber":29,"author":{"gitId":"haojun-mah"},"content":"    @Override ","lastModifiedDate":"2025-08-21T11:52:47","isFullCredit":false},{"lineNumber":30,"author":{"gitId":"haojun-mah"},"content":"    public String toString() {","lastModifiedDate":"2025-08-21T11:52:47","isFullCredit":false},{"lineNumber":31,"author":{"gitId":"haojun-mah"},"content":"        return String.format(\"[D]%s (by:%s)\", super.toString(), deadline);","lastModifiedDate":"2025-08-21T14:22:02","isFullCredit":false},{"lineNumber":32,"author":{"gitId":"haojun-mah"},"content":"    }","lastModifiedDate":"2025-08-21T11:52:47","isFullCredit":false},{"lineNumber":33,"author":{"gitId":"haojun-mah"},"content":"}","lastModifiedDate":"2025-08-21T11:52:47","isFullCredit":false},{"lineNumber":34,"author":{"gitId":"haojun-mah"},"content":"","lastModifiedDate":"2025-08-21T11:52:47","isFullCredit":false}],"authorContributionMap":{"haojun-mah":34}},{"path":"src/main/java/components/Event.java","fileType":"java","lines":[{"lineNumber":1,"author":{"gitId":"haojun-mah"},"content":"package components;","lastModifiedDate":"2025-08-21T11:52:47","isFullCredit":false},{"lineNumber":2,"author":{"gitId":"haojun-mah"},"content":"","lastModifiedDate":"2025-08-21T11:52:47","isFullCredit":false},{"lineNumber":3,"author":{"gitId":"haojun-mah"},"content":"class Event extends Task {","lastModifiedDate":"2025-08-21T11:52:47","isFullCredit":false},{"lineNumber":4,"author":{"gitId":"haojun-mah"},"content":"    private final String from;","lastModifiedDate":"2025-08-21T11:52:47","isFullCredit":false},{"lineNumber":5,"author":{"gitId":"haojun-mah"},"content":"    private final String to;","lastModifiedDate":"2025-08-21T11:52:47","isFullCredit":false},{"lineNumber":6,"author":{"gitId":"haojun-mah"},"content":"","lastModifiedDate":"2025-08-21T11:52:47","isFullCredit":false},{"lineNumber":7,"author":{"gitId":"haojun-mah"},"content":"    public Event(String details) throws MissingEventException{","lastModifiedDate":"2025-08-21T12:28:31","isFullCredit":false},{"lineNumber":8,"author":{"gitId":"haojun-mah"},"content":"        super(processDetail(details));","lastModifiedDate":"2025-08-21T13:26:40","isFullCredit":false},{"lineNumber":9,"author":{"gitId":"haojun-mah"},"content":"        from \u003d processFrom(details);","lastModifiedDate":"2025-08-21T13:26:40","isFullCredit":false},{"lineNumber":10,"author":{"gitId":"haojun-mah"},"content":"        to \u003d processTo(details);","lastModifiedDate":"2025-08-21T13:26:40","isFullCredit":false},{"lineNumber":11,"author":{"gitId":"haojun-mah"},"content":"    }","lastModifiedDate":"2025-08-21T13:26:40","isFullCredit":false},{"lineNumber":12,"author":{"gitId":"haojun-mah"},"content":"","lastModifiedDate":"2025-08-21T13:26:40","isFullCredit":false},{"lineNumber":13,"author":{"gitId":"haojun-mah"},"content":"    private static String processDetail(String detail) throws MissingEventException {","lastModifiedDate":"2025-08-21T13:26:40","isFullCredit":false},{"lineNumber":14,"author":{"gitId":"haojun-mah"},"content":"        String[] processed \u003d detail.split(\"/from\");","lastModifiedDate":"2025-08-21T13:26:40","isFullCredit":false},{"lineNumber":15,"author":{"gitId":"haojun-mah"},"content":"        if (processed.length !\u003d 2 || processed[0].trim().isEmpty()) { ","lastModifiedDate":"2025-08-21T13:26:40","isFullCredit":false},{"lineNumber":16,"author":{"gitId":"haojun-mah"},"content":"            throw new MissingEventException();","lastModifiedDate":"2025-08-21T13:26:40","isFullCredit":false},{"lineNumber":17,"author":{"gitId":"haojun-mah"},"content":"        }","lastModifiedDate":"2025-08-21T13:26:40","isFullCredit":false},{"lineNumber":18,"author":{"gitId":"haojun-mah"},"content":"        return processed[0].trim();","lastModifiedDate":"2025-08-21T13:26:40","isFullCredit":false},{"lineNumber":19,"author":{"gitId":"haojun-mah"},"content":"    }","lastModifiedDate":"2025-08-21T13:26:40","isFullCredit":false},{"lineNumber":20,"author":{"gitId":"haojun-mah"},"content":"","lastModifiedDate":"2025-08-21T13:26:40","isFullCredit":false},{"lineNumber":21,"author":{"gitId":"haojun-mah"},"content":"    private static String processFrom(String detail) throws MissingEventException {","lastModifiedDate":"2025-08-21T13:26:40","isFullCredit":false},{"lineNumber":22,"author":{"gitId":"haojun-mah"},"content":"        String[] processed \u003d detail.split(\"/from\");","lastModifiedDate":"2025-08-21T13:26:40","isFullCredit":false},{"lineNumber":23,"author":{"gitId":"haojun-mah"},"content":"        processed \u003d detail.split(\"/to\");","lastModifiedDate":"2025-08-21T13:26:40","isFullCredit":false},{"lineNumber":24,"author":{"gitId":"haojun-mah"},"content":"        if (processed.length !\u003d 2 || processed[1].trim().isEmpty()) { ","lastModifiedDate":"2025-08-21T13:26:40","isFullCredit":false},{"lineNumber":25,"author":{"gitId":"haojun-mah"},"content":"            throw new MissingEventException();","lastModifiedDate":"2025-08-21T13:26:40","isFullCredit":false},{"lineNumber":26,"author":{"gitId":"haojun-mah"},"content":"        }","lastModifiedDate":"2025-08-21T13:26:40","isFullCredit":false},{"lineNumber":27,"author":{"gitId":"haojun-mah"},"content":"        return processed[1].trim();","lastModifiedDate":"2025-08-21T13:26:40","isFullCredit":false},{"lineNumber":28,"author":{"gitId":"haojun-mah"},"content":"    }","lastModifiedDate":"2025-08-21T13:26:40","isFullCredit":false},{"lineNumber":29,"author":{"gitId":"haojun-mah"},"content":"","lastModifiedDate":"2025-08-21T13:26:40","isFullCredit":false},{"lineNumber":30,"author":{"gitId":"haojun-mah"},"content":"    private static String processTo(String detail) throws MissingEventException {","lastModifiedDate":"2025-08-21T13:26:40","isFullCredit":false},{"lineNumber":31,"author":{"gitId":"haojun-mah"},"content":"        String[] processed \u003d detail.split(\"/to\");","lastModifiedDate":"2025-08-21T13:26:40","isFullCredit":false},{"lineNumber":32,"author":{"gitId":"haojun-mah"},"content":"        if (processed.length !\u003d 2 || processed[1].trim().isEmpty()) { ","lastModifiedDate":"2025-08-21T13:26:40","isFullCredit":false},{"lineNumber":33,"author":{"gitId":"haojun-mah"},"content":"            throw new MissingEventException();","lastModifiedDate":"2025-08-21T12:28:31","isFullCredit":false},{"lineNumber":34,"author":{"gitId":"haojun-mah"},"content":"        }","lastModifiedDate":"2025-08-21T12:28:31","isFullCredit":false},{"lineNumber":35,"author":{"gitId":"haojun-mah"},"content":"        return processed[1].trim();","lastModifiedDate":"2025-08-21T13:26:40","isFullCredit":false},{"lineNumber":36,"author":{"gitId":"haojun-mah"},"content":"    }","lastModifiedDate":"2025-08-21T11:52:47","isFullCredit":false},{"lineNumber":37,"author":{"gitId":"haojun-mah"},"content":"","lastModifiedDate":"2025-08-21T11:52:47","isFullCredit":false},{"lineNumber":38,"author":{"gitId":"haojun-mah"},"content":"    @Override ","lastModifiedDate":"2025-08-21T11:52:47","isFullCredit":false},{"lineNumber":39,"author":{"gitId":"haojun-mah"},"content":"    public String toString() {","lastModifiedDate":"2025-08-21T11:52:47","isFullCredit":false},{"lineNumber":40,"author":{"gitId":"haojun-mah"},"content":"        return String.format(\"[E]%s (from:%s to:%s)\", super.toString(), from, to);","lastModifiedDate":"2025-08-21T11:52:47","isFullCredit":false},{"lineNumber":41,"author":{"gitId":"haojun-mah"},"content":"    }","lastModifiedDate":"2025-08-21T11:52:47","isFullCredit":false},{"lineNumber":42,"author":{"gitId":"haojun-mah"},"content":"}","lastModifiedDate":"2025-08-21T11:52:47","isFullCredit":false}],"authorContributionMap":{"haojun-mah":42}},{"path":"src/main/java/components/List.java","fileType":"java","lines":[{"lineNumber":1,"author":{"gitId":"haojun-mah"},"content":"package components;","lastModifiedDate":"2025-08-21T01:00:41","isFullCredit":false},{"lineNumber":2,"author":{"gitId":"haojun-mah"},"content":"","lastModifiedDate":"2025-08-21T01:00:41","isFullCredit":false},{"lineNumber":3,"author":{"gitId":"haojun-mah"},"content":"import java.util.ArrayList;","lastModifiedDate":"2025-08-21T14:35:07","isFullCredit":false},{"lineNumber":4,"author":{"gitId":"haojun-mah"},"content":"","lastModifiedDate":"2025-08-21T14:35:07","isFullCredit":false},{"lineNumber":5,"author":{"gitId":"haojun-mah"},"content":"public class List {","lastModifiedDate":"2025-08-21T01:00:41","isFullCredit":false},{"lineNumber":6,"author":{"gitId":"haojun-mah"},"content":"    private final ArrayList\u003cTask\u003e taskStorage;","lastModifiedDate":"2025-08-21T14:35:07","isFullCredit":false},{"lineNumber":7,"author":{"gitId":"haojun-mah"},"content":"    private int count;","lastModifiedDate":"2025-08-21T01:00:41","isFullCredit":false},{"lineNumber":8,"author":{"gitId":"haojun-mah"},"content":"","lastModifiedDate":"2025-08-21T01:00:41","isFullCredit":false},{"lineNumber":9,"author":{"gitId":"haojun-mah"},"content":"    public List() {","lastModifiedDate":"2025-08-21T01:00:41","isFullCredit":false},{"lineNumber":10,"author":{"gitId":"haojun-mah"},"content":"        taskStorage \u003d new ArrayList\u003cTask\u003e(); ","lastModifiedDate":"2025-08-21T14:35:07","isFullCredit":false},{"lineNumber":11,"author":{"gitId":"haojun-mah"},"content":"        count \u003d 0;","lastModifiedDate":"2025-08-21T01:00:41","isFullCredit":false},{"lineNumber":12,"author":{"gitId":"haojun-mah"},"content":"    }","lastModifiedDate":"2025-08-21T01:00:41","isFullCredit":false},{"lineNumber":13,"author":{"gitId":"haojun-mah"},"content":"","lastModifiedDate":"2025-08-21T01:00:41","isFullCredit":false},{"lineNumber":14,"author":{"gitId":"haojun-mah"},"content":"    public String addToDos(String task) {","lastModifiedDate":"2025-08-21T12:31:41","isFullCredit":false},{"lineNumber":15,"author":{"gitId":"haojun-mah"},"content":"        Task createdTask \u003d new Todo(task);","lastModifiedDate":"2025-08-21T12:31:41","isFullCredit":false},{"lineNumber":16,"author":{"gitId":"haojun-mah"},"content":"        taskStorage.add(createdTask);","lastModifiedDate":"2025-08-21T14:35:07","isFullCredit":false},{"lineNumber":17,"author":{"gitId":"haojun-mah"},"content":"        count++;","lastModifiedDate":"2025-08-21T01:00:41","isFullCredit":false},{"lineNumber":18,"author":{"gitId":"haojun-mah"},"content":"        return String.format(\"Got it. I\u0027ve added this task:\\n   %s\\nNow you have %s tasks in the list.\", createdTask.toString(), count);","lastModifiedDate":"2025-08-21T13:26:40","isFullCredit":false},{"lineNumber":19,"author":{"gitId":"haojun-mah"},"content":"    }","lastModifiedDate":"2025-08-21T01:00:41","isFullCredit":false},{"lineNumber":20,"author":{"gitId":"haojun-mah"},"content":"","lastModifiedDate":"2025-08-21T01:00:41","isFullCredit":false},{"lineNumber":21,"author":{"gitId":"haojun-mah"},"content":"    public String addDeadline(String task) {","lastModifiedDate":"2025-08-21T12:31:41","isFullCredit":false},{"lineNumber":22,"author":{"gitId":"haojun-mah"},"content":"        try {","lastModifiedDate":"2025-08-21T12:31:41","isFullCredit":false},{"lineNumber":23,"author":{"gitId":"haojun-mah"},"content":"            Task createdTask \u003d new Deadline(task);","lastModifiedDate":"2025-08-21T12:31:41","isFullCredit":false},{"lineNumber":24,"author":{"gitId":"haojun-mah"},"content":"            taskStorage.add(createdTask);","lastModifiedDate":"2025-08-21T14:35:07","isFullCredit":false},{"lineNumber":25,"author":{"gitId":"haojun-mah"},"content":"            count++;","lastModifiedDate":"2025-08-21T12:31:41","isFullCredit":false},{"lineNumber":26,"author":{"gitId":"haojun-mah"},"content":"            return String.format(\"Got it. I\u0027ve added this task:\\n   %s\\nNow you have %s tasks in the list.\", createdTask.toString(), count);","lastModifiedDate":"2025-08-21T13:26:40","isFullCredit":false},{"lineNumber":27,"author":{"gitId":"haojun-mah"},"content":"        } catch (MissingDeadlineException e) {","lastModifiedDate":"2025-08-21T12:31:41","isFullCredit":false},{"lineNumber":28,"author":{"gitId":"haojun-mah"},"content":"            return e.getMessage();","lastModifiedDate":"2025-08-21T12:31:41","isFullCredit":false},{"lineNumber":29,"author":{"gitId":"haojun-mah"},"content":"        }","lastModifiedDate":"2025-08-21T12:31:41","isFullCredit":false},{"lineNumber":30,"author":{"gitId":"haojun-mah"},"content":"    }","lastModifiedDate":"2025-08-21T12:31:41","isFullCredit":false},{"lineNumber":31,"author":{"gitId":"haojun-mah"},"content":"","lastModifiedDate":"2025-08-21T12:31:41","isFullCredit":false},{"lineNumber":32,"author":{"gitId":"haojun-mah"},"content":"    public String addEvent(String task) {","lastModifiedDate":"2025-08-21T12:31:41","isFullCredit":false},{"lineNumber":33,"author":{"gitId":"haojun-mah"},"content":"        try {","lastModifiedDate":"2025-08-21T12:31:41","isFullCredit":false},{"lineNumber":34,"author":{"gitId":"haojun-mah"},"content":"            Task createdTask \u003d new Event(task);","lastModifiedDate":"2025-08-21T12:31:41","isFullCredit":false},{"lineNumber":35,"author":{"gitId":"haojun-mah"},"content":"            taskStorage.add(createdTask);","lastModifiedDate":"2025-08-21T14:35:07","isFullCredit":false},{"lineNumber":36,"author":{"gitId":"haojun-mah"},"content":"            count++;","lastModifiedDate":"2025-08-21T12:31:41","isFullCredit":false},{"lineNumber":37,"author":{"gitId":"haojun-mah"},"content":"            return String.format(\"Got it. I\u0027ve added this task:\\n   %s\\nNow you have %s tasks in the list.\", createdTask.toString(), count);","lastModifiedDate":"2025-08-21T13:26:40","isFullCredit":false},{"lineNumber":38,"author":{"gitId":"haojun-mah"},"content":"        } catch (MissingEventException e) {","lastModifiedDate":"2025-08-21T12:31:41","isFullCredit":false},{"lineNumber":39,"author":{"gitId":"haojun-mah"},"content":"            return e.getMessage();","lastModifiedDate":"2025-08-21T12:31:41","isFullCredit":false},{"lineNumber":40,"author":{"gitId":"haojun-mah"},"content":"        }","lastModifiedDate":"2025-08-21T12:31:41","isFullCredit":false},{"lineNumber":41,"author":{"gitId":"haojun-mah"},"content":"    }","lastModifiedDate":"2025-08-21T12:31:41","isFullCredit":false},{"lineNumber":42,"author":{"gitId":"haojun-mah"},"content":"","lastModifiedDate":"2025-08-21T12:31:41","isFullCredit":false},{"lineNumber":43,"author":{"gitId":"haojun-mah"},"content":"","lastModifiedDate":"2025-08-21T12:31:41","isFullCredit":false},{"lineNumber":44,"author":{"gitId":"haojun-mah"},"content":"    public String showList() {","lastModifiedDate":"2025-08-21T01:00:41","isFullCredit":false},{"lineNumber":45,"author":{"gitId":"haojun-mah"},"content":"        String output \u003d \"Here are the tasks in your list:\\n\";","lastModifiedDate":"2025-08-21T01:17:47","isFullCredit":false},{"lineNumber":46,"author":{"gitId":"haojun-mah"},"content":"        for (int i \u003d 0; i \u003c count; i++) {","lastModifiedDate":"2025-08-21T01:00:41","isFullCredit":false},{"lineNumber":47,"author":{"gitId":"haojun-mah"},"content":"           output +\u003d String.format(\"%s.%s\\n\", i + 1, taskStorage.get(i));","lastModifiedDate":"2025-08-21T14:35:07","isFullCredit":false},{"lineNumber":48,"author":{"gitId":"haojun-mah"},"content":"        }","lastModifiedDate":"2025-08-21T01:00:41","isFullCredit":false},{"lineNumber":49,"author":{"gitId":"haojun-mah"},"content":"        return output;","lastModifiedDate":"2025-08-21T01:00:41","isFullCredit":false},{"lineNumber":50,"author":{"gitId":"haojun-mah"},"content":"    }","lastModifiedDate":"2025-08-21T01:00:41","isFullCredit":false},{"lineNumber":51,"author":{"gitId":"haojun-mah"},"content":"","lastModifiedDate":"2025-08-21T01:00:41","isFullCredit":false},{"lineNumber":52,"author":{"gitId":"haojun-mah"},"content":"    public String markTask(int task) { ","lastModifiedDate":"2025-08-21T10:33:01","isFullCredit":false},{"lineNumber":53,"author":{"gitId":"haojun-mah"},"content":"        int correctedTaskIndex \u003d task - 1;","lastModifiedDate":"2025-08-21T10:55:38","isFullCredit":false},{"lineNumber":54,"author":{"gitId":"haojun-mah"},"content":"        if (correctedTaskIndex \u003e\u003d count || task \u003c\u003d 0) {","lastModifiedDate":"2025-08-21T11:05:03","isFullCredit":false},{"lineNumber":55,"author":{"gitId":"haojun-mah"},"content":"            return \"Task does not exist!\";","lastModifiedDate":"2025-08-21T10:55:38","isFullCredit":false},{"lineNumber":56,"author":{"gitId":"haojun-mah"},"content":"        }","lastModifiedDate":"2025-08-21T10:55:38","isFullCredit":false},{"lineNumber":57,"author":{"gitId":"haojun-mah"},"content":"        taskStorage.get(correctedTaskIndex).markTask();","lastModifiedDate":"2025-08-21T14:35:07","isFullCredit":false},{"lineNumber":58,"author":{"gitId":"haojun-mah"},"content":"        return String.format(\"Nice! I\u0027ve marked this task as done!:\\n   %s\", taskStorage.get(correctedTaskIndex));","lastModifiedDate":"2025-08-21T14:35:07","isFullCredit":false},{"lineNumber":59,"author":{"gitId":"haojun-mah"},"content":"    }","lastModifiedDate":"2025-08-21T01:00:41","isFullCredit":false},{"lineNumber":60,"author":{"gitId":"haojun-mah"},"content":"","lastModifiedDate":"2025-08-21T10:16:55","isFullCredit":false},{"lineNumber":61,"author":{"gitId":"haojun-mah"},"content":"    public String unmarkTask(int task) {","lastModifiedDate":"2025-08-21T10:33:01","isFullCredit":false},{"lineNumber":62,"author":{"gitId":"haojun-mah"},"content":"        int correctedTaskIndex \u003d task - 1;","lastModifiedDate":"2025-08-21T10:55:38","isFullCredit":false},{"lineNumber":63,"author":{"gitId":"haojun-mah"},"content":"        if (correctedTaskIndex \u003e\u003d count || task \u003c\u003d 0) {","lastModifiedDate":"2025-08-21T11:05:03","isFullCredit":false},{"lineNumber":64,"author":{"gitId":"haojun-mah"},"content":"            return \"Task does not exist!\";","lastModifiedDate":"2025-08-21T10:55:38","isFullCredit":false},{"lineNumber":65,"author":{"gitId":"haojun-mah"},"content":"        }","lastModifiedDate":"2025-08-21T10:55:38","isFullCredit":false},{"lineNumber":66,"author":{"gitId":"haojun-mah"},"content":"        taskStorage.get(correctedTaskIndex).unmarkTask();","lastModifiedDate":"2025-08-21T14:35:07","isFullCredit":false},{"lineNumber":67,"author":{"gitId":"haojun-mah"},"content":"        return String.format(\"Ok! I\u0027ve marked this task as not done yet!:\\n   %s\", taskStorage.get(correctedTaskIndex));","lastModifiedDate":"2025-08-21T14:35:07","isFullCredit":false},{"lineNumber":68,"author":{"gitId":"haojun-mah"},"content":"    }","lastModifiedDate":"2025-08-21T10:16:55","isFullCredit":false},{"lineNumber":69,"author":{"gitId":"haojun-mah"},"content":"","lastModifiedDate":"2025-08-21T14:48:28","isFullCredit":false},{"lineNumber":70,"author":{"gitId":"haojun-mah"},"content":"    public String delete(int task) {","lastModifiedDate":"2025-08-21T14:48:28","isFullCredit":false},{"lineNumber":71,"author":{"gitId":"haojun-mah"},"content":"        int correctedTaskIndex \u003d task - 1;","lastModifiedDate":"2025-08-21T14:48:28","isFullCredit":false},{"lineNumber":72,"author":{"gitId":"haojun-mah"},"content":"        if (correctedTaskIndex \u003e\u003d count || task \u003c\u003d 0) {","lastModifiedDate":"2025-08-21T14:48:28","isFullCredit":false},{"lineNumber":73,"author":{"gitId":"haojun-mah"},"content":"            return \"Task does not exist!\";","lastModifiedDate":"2025-08-21T14:48:28","isFullCredit":false},{"lineNumber":74,"author":{"gitId":"haojun-mah"},"content":"        }","lastModifiedDate":"2025-08-21T14:48:28","isFullCredit":false},{"lineNumber":75,"author":{"gitId":"haojun-mah"},"content":"        String output \u003d String.format(\"Removing this task!\\n %s\\nNow you have %s task in your list!\", taskStorage.get(correctedTaskIndex), count -1","lastModifiedDate":"2025-08-21T14:48:28","isFullCredit":false},{"lineNumber":76,"author":{"gitId":"haojun-mah"},"content":"        );","lastModifiedDate":"2025-08-21T14:48:28","isFullCredit":false},{"lineNumber":77,"author":{"gitId":"haojun-mah"},"content":"        taskStorage.remove(correctedTaskIndex);","lastModifiedDate":"2025-08-21T14:48:28","isFullCredit":false},{"lineNumber":78,"author":{"gitId":"haojun-mah"},"content":"        count--;","lastModifiedDate":"2025-08-21T14:48:28","isFullCredit":false},{"lineNumber":79,"author":{"gitId":"haojun-mah"},"content":"        return output;","lastModifiedDate":"2025-08-21T14:48:28","isFullCredit":false},{"lineNumber":80,"author":{"gitId":"haojun-mah"},"content":"    }","lastModifiedDate":"2025-08-21T14:48:28","isFullCredit":false},{"lineNumber":81,"author":{"gitId":"haojun-mah"},"content":"}","lastModifiedDate":"2025-08-21T10:16:55","isFullCredit":false},{"lineNumber":82,"author":{"gitId":"haojun-mah"},"content":" ","lastModifiedDate":"2025-08-21T10:23:59","isFullCredit":false}],"authorContributionMap":{"haojun-mah":82}},{"path":"src/main/java/components/MissingDeadlineException.java","fileType":"java","lines":[{"lineNumber":1,"author":{"gitId":"haojun-mah"},"content":"package components;","lastModifiedDate":"2025-08-21T12:28:31","isFullCredit":false},{"lineNumber":2,"author":{"gitId":"haojun-mah"},"content":"","lastModifiedDate":"2025-08-21T12:28:31","isFullCredit":false},{"lineNumber":3,"author":{"gitId":"haojun-mah"},"content":"class MissingDeadlineException extends Exception{","lastModifiedDate":"2025-08-21T12:28:31","isFullCredit":false},{"lineNumber":4,"author":{"gitId":"haojun-mah"},"content":"    public MissingDeadlineException() {","lastModifiedDate":"2025-08-21T12:28:31","isFullCredit":false},{"lineNumber":5,"author":{"gitId":"haojun-mah"},"content":"        super(\"Missing Deadline Details!\");","lastModifiedDate":"2025-08-21T12:28:31","isFullCredit":false},{"lineNumber":6,"author":{"gitId":"haojun-mah"},"content":"    }","lastModifiedDate":"2025-08-21T12:28:31","isFullCredit":false},{"lineNumber":7,"author":{"gitId":"haojun-mah"},"content":"}","lastModifiedDate":"2025-08-21T12:28:31","isFullCredit":false}],"authorContributionMap":{"haojun-mah":7}},{"path":"src/main/java/components/MissingEventException.java","fileType":"java","lines":[{"lineNumber":1,"author":{"gitId":"haojun-mah"},"content":"package components;","lastModifiedDate":"2025-08-21T12:28:31","isFullCredit":false},{"lineNumber":2,"author":{"gitId":"haojun-mah"},"content":"","lastModifiedDate":"2025-08-21T12:28:31","isFullCredit":false},{"lineNumber":3,"author":{"gitId":"haojun-mah"},"content":"class MissingEventException extends Exception{","lastModifiedDate":"2025-08-21T12:28:31","isFullCredit":false},{"lineNumber":4,"author":{"gitId":"haojun-mah"},"content":"    public MissingEventException() {","lastModifiedDate":"2025-08-21T12:28:31","isFullCredit":false},{"lineNumber":5,"author":{"gitId":"haojun-mah"},"content":"        super(\"Missing Event Details!\");","lastModifiedDate":"2025-08-21T12:28:31","isFullCredit":false},{"lineNumber":6,"author":{"gitId":"haojun-mah"},"content":"    }","lastModifiedDate":"2025-08-21T12:28:31","isFullCredit":false},{"lineNumber":7,"author":{"gitId":"haojun-mah"},"content":"}","lastModifiedDate":"2025-08-21T12:28:31","isFullCredit":false}],"authorContributionMap":{"haojun-mah":7}},{"path":"src/main/java/components/Task.java","fileType":"java","lines":[{"lineNumber":1,"author":{"gitId":"haojun-mah"},"content":"package components;","lastModifiedDate":"2025-08-21T10:16:55","isFullCredit":false},{"lineNumber":2,"author":{"gitId":"haojun-mah"},"content":"","lastModifiedDate":"2025-08-21T10:16:55","isFullCredit":false},{"lineNumber":3,"author":{"gitId":"haojun-mah"},"content":"abstract class Task {","lastModifiedDate":"2025-08-21T13:26:40","isFullCredit":false},{"lineNumber":4,"author":{"gitId":"haojun-mah"},"content":"    private final String description;","lastModifiedDate":"2025-08-21T10:16:55","isFullCredit":false},{"lineNumber":5,"author":{"gitId":"haojun-mah"},"content":"    private boolean completed;","lastModifiedDate":"2025-08-21T10:16:55","isFullCredit":false},{"lineNumber":6,"author":{"gitId":"haojun-mah"},"content":"","lastModifiedDate":"2025-08-21T10:16:55","isFullCredit":false},{"lineNumber":7,"author":{"gitId":"haojun-mah"},"content":"    public Task(String description) {","lastModifiedDate":"2025-08-21T10:16:55","isFullCredit":false},{"lineNumber":8,"author":{"gitId":"haojun-mah"},"content":"        this.description \u003d description;","lastModifiedDate":"2025-08-21T10:16:55","isFullCredit":false},{"lineNumber":9,"author":{"gitId":"haojun-mah"},"content":"        completed \u003d false;","lastModifiedDate":"2025-08-21T10:16:55","isFullCredit":false},{"lineNumber":10,"author":{"gitId":"haojun-mah"},"content":"    }","lastModifiedDate":"2025-08-21T10:16:55","isFullCredit":false},{"lineNumber":11,"author":{"gitId":"haojun-mah"},"content":"","lastModifiedDate":"2025-08-21T10:16:55","isFullCredit":false},{"lineNumber":12,"author":{"gitId":"haojun-mah"},"content":"    public void markTask() {","lastModifiedDate":"2025-08-21T10:16:55","isFullCredit":false},{"lineNumber":13,"author":{"gitId":"haojun-mah"},"content":"        completed \u003d true;","lastModifiedDate":"2025-08-21T10:16:55","isFullCredit":false},{"lineNumber":14,"author":{"gitId":"haojun-mah"},"content":"    }","lastModifiedDate":"2025-08-21T10:16:55","isFullCredit":false},{"lineNumber":15,"author":{"gitId":"haojun-mah"},"content":"","lastModifiedDate":"2025-08-21T10:16:55","isFullCredit":false},{"lineNumber":16,"author":{"gitId":"haojun-mah"},"content":"    public void unmarkTask() {","lastModifiedDate":"2025-08-21T10:16:55","isFullCredit":false},{"lineNumber":17,"author":{"gitId":"haojun-mah"},"content":"        completed \u003d false;","lastModifiedDate":"2025-08-21T10:16:55","isFullCredit":false},{"lineNumber":18,"author":{"gitId":"haojun-mah"},"content":"    }","lastModifiedDate":"2025-08-21T10:16:55","isFullCredit":false},{"lineNumber":19,"author":{"gitId":"haojun-mah"},"content":"","lastModifiedDate":"2025-08-21T10:16:55","isFullCredit":false},{"lineNumber":20,"author":{"gitId":"haojun-mah"},"content":"    @Override","lastModifiedDate":"2025-08-21T10:16:55","isFullCredit":false},{"lineNumber":21,"author":{"gitId":"haojun-mah"},"content":"    public String toString() {","lastModifiedDate":"2025-08-21T10:16:55","isFullCredit":false},{"lineNumber":22,"author":{"gitId":"haojun-mah"},"content":"        return String.format(\"[%s] %s\", completed ? \u0027X\u0027 : \u0027 \u0027, description);","lastModifiedDate":"2025-08-21T10:16:55","isFullCredit":false},{"lineNumber":23,"author":{"gitId":"haojun-mah"},"content":"    }","lastModifiedDate":"2025-08-21T10:16:55","isFullCredit":false},{"lineNumber":24,"author":{"gitId":"haojun-mah"},"content":"}","lastModifiedDate":"2025-08-21T10:16:55","isFullCredit":false},{"lineNumber":25,"author":{"gitId":"haojun-mah"},"content":"","lastModifiedDate":"2025-08-21T13:26:40","isFullCredit":false},{"lineNumber":26,"author":{"gitId":"haojun-mah"},"content":"","lastModifiedDate":"2025-08-21T13:26:40","isFullCredit":false}],"authorContributionMap":{"haojun-mah":26}},{"path":"src/main/java/components/Todo.java","fileType":"java","lines":[{"lineNumber":1,"author":{"gitId":"haojun-mah"},"content":"package components;","lastModifiedDate":"2025-08-21T11:52:47","isFullCredit":false},{"lineNumber":2,"author":{"gitId":"haojun-mah"},"content":"","lastModifiedDate":"2025-08-21T11:52:47","isFullCredit":false},{"lineNumber":3,"author":{"gitId":"haojun-mah"},"content":"class Todo extends Task {","lastModifiedDate":"2025-08-21T13:26:40","isFullCredit":false},{"lineNumber":4,"author":{"gitId":"haojun-mah"},"content":"    public Todo(String task) {","lastModifiedDate":"2025-08-21T13:26:40","isFullCredit":false},{"lineNumber":5,"author":{"gitId":"haojun-mah"},"content":"        super(task);","lastModifiedDate":"2025-08-21T11:52:47","isFullCredit":false},{"lineNumber":6,"author":{"gitId":"haojun-mah"},"content":"    }    ","lastModifiedDate":"2025-08-21T11:52:47","isFullCredit":false},{"lineNumber":7,"author":{"gitId":"haojun-mah"},"content":"","lastModifiedDate":"2025-08-21T11:52:47","isFullCredit":false},{"lineNumber":8,"author":{"gitId":"haojun-mah"},"content":"    @Override ","lastModifiedDate":"2025-08-21T11:52:47","isFullCredit":false},{"lineNumber":9,"author":{"gitId":"haojun-mah"},"content":"    public String toString() {","lastModifiedDate":"2025-08-21T11:52:47","isFullCredit":false},{"lineNumber":10,"author":{"gitId":"haojun-mah"},"content":"        return String.format(\"[T]%s\", super.toString());","lastModifiedDate":"2025-08-21T11:52:47","isFullCredit":false},{"lineNumber":11,"author":{"gitId":"haojun-mah"},"content":"    }","lastModifiedDate":"2025-08-21T11:52:47","isFullCredit":false},{"lineNumber":12,"author":{"gitId":"haojun-mah"},"content":"}","lastModifiedDate":"2025-08-21T11:52:47","isFullCredit":false},{"lineNumber":13,"author":{"gitId":"haojun-mah"},"content":"","lastModifiedDate":"2025-08-21T11:52:47","isFullCredit":false}],"authorContributionMap":{"haojun-mah":13}},{"path":"src/main/java/components/WrongFromToOrientationException.java","fileType":"java","lines":[{"lineNumber":1,"author":{"gitId":"haojun-mah"},"content":"package components;","lastModifiedDate":"2025-08-21T15:21:24","isFullCredit":false},{"lineNumber":2,"author":{"gitId":"haojun-mah"},"content":"","lastModifiedDate":"2025-08-21T15:21:24","isFullCredit":false},{"lineNumber":3,"author":{"gitId":"haojun-mah"},"content":"public class WrongFromToOrientationException extends Exception {","lastModifiedDate":"2025-08-21T15:21:24","isFullCredit":false},{"lineNumber":4,"author":{"gitId":"haojun-mah"},"content":"    public WrongFromToOrientationException() {","lastModifiedDate":"2025-08-21T15:21:24","isFullCredit":false},{"lineNumber":5,"author":{"gitId":"haojun-mah"},"content":"        super(\"To and From are in the wrong orientation\");","lastModifiedDate":"2025-08-21T15:21:24","isFullCredit":false},{"lineNumber":6,"author":{"gitId":"haojun-mah"},"content":"    }","lastModifiedDate":"2025-08-21T15:21:24","isFullCredit":false},{"lineNumber":7,"author":{"gitId":"haojun-mah"},"content":"}","lastModifiedDate":"2025-08-21T15:21:24","isFullCredit":false}],"authorContributionMap":{"haojun-mah":7}}]
