{"authorDailyContributionsMap":{"Juggernaut102":[{"date":"2025-08-22T00:00:00","commitResults":[{"hash":"92eec63872791b288f79c180d743f1ef829d10d2","isMergeCommit":false,"messageTitle":"Rename file, add greet and exit text","messageBody":"","tags":["Level-0"],"fileTypesAndContributionMap":{"java":{"insertions":10,"deletions":10}}},{"hash":"88237171813bf1f37df06b6138e8f37014445c75","isMergeCommit":false,"messageTitle":"Add echoing functionality","messageBody":"","tags":["Level-1"],"fileTypesAndContributionMap":{"java":{"insertions":10,"deletions":2}}}]},{"date":"2025-08-23T00:00:00","commitResults":[{"hash":"0ad01565c6ab9482ca1418d22802e91b31ac19d3","isMergeCommit":false,"messageTitle":"Refactor line variable to be a constant","messageBody":"","fileTypesAndContributionMap":{"java":{"insertions":7,"deletions":6}}},{"hash":"069122c960c65c5bab0dec863ccc4c6d74dfa249","isMergeCommit":false,"messageTitle":"Add line after user command","messageBody":"","fileTypesAndContributionMap":{"java":{"insertions":1,"deletions":1}}},{"hash":"ddc10d5e9992743bf81e142303992c2b4a8babe2","isMergeCommit":false,"messageTitle":"Refactor logic of program out of main method","messageBody":"","fileTypesAndContributionMap":{"java":{"insertions":8,"deletions":4}}},{"hash":"5be7098a83ec4b187da514222ffcc1928f45e104","isMergeCommit":false,"messageTitle":"Add logic for level 2","messageBody":"","tags":["Level-2"],"fileTypesAndContributionMap":{"java":{"insertions":28,"deletions":2}}},{"hash":"0ff2f0d14b91bad0b8cf337ef0065c6628b24d27","isMergeCommit":false,"messageTitle":"Add Task.java","messageBody":"","fileTypesAndContributionMap":{"java":{"insertions":2,"deletions":0}}},{"hash":"8596b972277bfae95c03a1d1b51727de5ffa57cb","isMergeCommit":false,"messageTitle":"Add support for Task class","messageBody":"","fileTypesAndContributionMap":{"java":{"insertions":16,"deletions":0}}},{"hash":"e5752fc3e58a6f83455f42e6393d46f7be668e22","isMergeCommit":false,"messageTitle":"Refactor code with action method, switch statements","messageBody":"","fileTypesAndContributionMap":{"java":{"insertions":13,"deletions":7}}},{"hash":"62ded2f0c0176154796d5a7d01e5dcfeb6a42254","isMergeCommit":false,"messageTitle":"Add support for marking tasks","messageBody":"","fileTypesAndContributionMap":{"java":{"insertions":45,"deletions":7}}},{"hash":"8748ef06a8933223cd19ac723d9b8368de706aca","isMergeCommit":false,"messageTitle":"Add support for unmarking tasks","messageBody":"","tags":["Level-3"],"fileTypesAndContributionMap":{"java":{"insertions":21,"deletions":2}}},{"hash":"7764dab7a5d74ade25189a014bce0b1d6d18837e","isMergeCommit":false,"messageTitle":"Add Deadline, Event and Todo classes","messageBody":"","fileTypesAndContributionMap":{"java":{"insertions":7,"deletions":1}}},{"hash":"ebe59f25d38ad7e4058dc899b46a89ff22c8a959","isMergeCommit":false,"messageTitle":"Add constructors and toString methods for each class","messageBody":"","fileTypesAndContributionMap":{"java":{"insertions":35,"deletions":3}}},{"hash":"c4accf7afcae7462456422c11d4a31716710a896","isMergeCommit":false,"messageTitle":"Add support for todo, event, deadline","messageBody":"","tags":["Level-4"],"fileTypesAndContributionMap":{"java":{"insertions":43,"deletions":6}}},{"hash":"867d2848308485564fd2213d4d394510e1097167","isMergeCommit":false,"messageTitle":"Add support for text ui testing","messageBody":"","tags":["A-TextUiTesting"],"fileTypesAndContributionMap":{"txt":{"insertions":12,"deletions":0},"bat":{"insertions":1,"deletions":1}}}]},{"date":"2025-08-24T00:00:00","commitResults":[{"hash":"c39b4a0ad97ae43299787d76e3306d3861f7eba6","isMergeCommit":false,"messageTitle":"Add support for errors","messageBody":"","tags":["Level-5"],"fileTypesAndContributionMap":{"java":{"insertions":54,"deletions":24}}},{"hash":"005ace35347c56d97e3feaf7af30862429328e21","isMergeCommit":false,"messageTitle":"Update task array to ArrayList","messageBody":"","fileTypesAndContributionMap":{"java":{"insertions":13,"deletions":11}}},{"hash":"a7ad3aba7aeca9d75b1b62474085782568a8a644","isMergeCommit":false,"messageTitle":"Add support for delete","messageBody":"","tags":["Level-6"],"fileTypesAndContributionMap":{"java":{"insertions":22,"deletions":2}}},{"hash":"646663ae74215701caf0af5621d2b1e2aba30c19","isMergeCommit":false,"messageTitle":"Update text-ui-test to support up till Level-6 delete","messageBody":"","fileTypesAndContributionMap":{"txt":{"insertions":9,"deletions":1}}}]},{"date":"2025-08-30T00:00:00","commitResults":[{"hash":"96d10de7114ece6b6db4bb39c84a4bab599258c6","isMergeCommit":false,"messageTitle":"Add support for saving file","messageBody":"","fileTypesAndContributionMap":{"java":{"insertions":98,"deletions":1}}},{"hash":"3e50119946cb744b1f030addacb0a9732393a6f7","isMergeCommit":false,"messageTitle":"Add support for loading file","messageBody":"","fileTypesAndContributionMap":{"java":{"insertions":81,"deletions":10}}},{"hash":"c8254a7f80771d31ec4d7b530616f572bc49f9de","isMergeCommit":true,"messageTitle":"Merge branch \u0027branch-Level-7\u0027","messageBody":"","tags":["Level-7"],"fileTypesAndContributionMap":{}},{"hash":"ebcbd4c3720254ed07e2584f22ba2fda916f2955","isMergeCommit":false,"messageTitle":"Add support for date and times","messageBody":"","fileTypesAndContributionMap":{"java":{"insertions":60,"deletions":1}}},{"hash":"5bab43f36e6c73844399acd7a287868bd6ae3df4","isMergeCommit":true,"messageTitle":"Merge branch \u0027branch-Level-8\u0027","messageBody":"","tags":["Level-8"],"fileTypesAndContributionMap":{}}]}]},"authorFileTypeContributionMap":{"Juggernaut102":{"java":484,"md":0,"fxml":0,"sh":0,"bat":1,"gradle":0,"txt":20}},"authorContributionVariance":{"Juggernaut102":6051.2705},"authorDisplayNameMap":{"Juggernaut102":"CS2103T-T12-1 LIM ..HAUN"}}
