{"authorDailyContributionsMap":{"kevintanjc":[{"date":"2025-08-20T00:00:00","commitResults":[{"hash":"3819ed22924e97d0a297f8b34c089feaa082285d","isMergeCommit":false,"messageTitle":"Rename, Greet, Exit","messageBody":"","tags":["Level-0"],"fileTypesAndContributionMap":{"java":{"insertions":14,"deletions":10},"md":{"insertions":8,"deletions":8}}},{"hash":"81d9e66747f0fd4bae4fe345e70ef4037d0dc444","isMergeCommit":false,"messageTitle":"Echo","messageBody":"","tags":["Level-1"],"fileTypesAndContributionMap":{"java":{"insertions":28,"deletions":3},"md":{"insertions":1,"deletions":1}}},{"hash":"de357d6fc339c74cc3faa8002e0c459c45a25fea","isMergeCommit":false,"messageTitle":"added a list","messageBody":"additional changes\n\ncode refactor:\n-move bot service into its own class\n\nformatting:\n-improve output text formatting\n","tags":["Level-2"],"fileTypesAndContributionMap":{"java":{"insertions":60,"deletions":23}}},{"hash":"481848c5687469d1fbaef702047659b7778d017b","isMergeCommit":false,"messageTitle":"add checklist feature","messageBody":"- created a task class to implement checklist feature\n- allows marking/unmarking of tasks\n","tags":["Level-3"],"fileTypesAndContributionMap":{"java":{"insertions":88,"deletions":14}}}]}]},"authorFileTypeContributionMap":{"kevintanjc":{"java":150,"md":9,"fxml":0,"sh":0,"bat":0,"gradle":0,"txt":0}},"authorContributionVariance":{"kevintanjc":4726.4375},"authorDisplayNameMap":{"kevintanjc":"TAN ..EVIN"}}
