{"authorDailyContributionsMap":{"kevintanjc":[{"date":"2025-08-20T00:00:00","commitResults":[{"hash":"3819ed22924e97d0a297f8b34c089feaa082285d","isMergeCommit":false,"messageTitle":"Rename, Greet, Exit","messageBody":"","tags":["Level-0"],"fileTypesAndContributionMap":{"java":{"insertions":14,"deletions":10},"md":{"insertions":8,"deletions":8}}},{"hash":"81d9e66747f0fd4bae4fe345e70ef4037d0dc444","isMergeCommit":false,"messageTitle":"Echo","messageBody":"","tags":["Level-1"],"fileTypesAndContributionMap":{"java":{"insertions":28,"deletions":3},"md":{"insertions":1,"deletions":1}}},{"hash":"de357d6fc339c74cc3faa8002e0c459c45a25fea","isMergeCommit":false,"messageTitle":"added a list","messageBody":"additional changes\n\ncode refactor:\n-move bot service into its own class\n\nformatting:\n-improve output text formatting\n","tags":["Level-2"],"fileTypesAndContributionMap":{"java":{"insertions":60,"deletions":23}}},{"hash":"481848c5687469d1fbaef702047659b7778d017b","isMergeCommit":false,"messageTitle":"add checklist feature","messageBody":"- created a task class to implement checklist feature\n- allows marking/unmarking of tasks\n","tags":["Level-3"],"fileTypesAndContributionMap":{"java":{"insertions":88,"deletions":14}}},{"hash":"4beeed2813fe00e757d0d67911138872af93b6f5","isMergeCommit":false,"messageTitle":"add toString method","messageBody":"- added toString method to Task class to display the checkbox and the task description\n","fileTypesAndContributionMap":{"java":{"insertions":5,"deletions":0}}},{"hash":"b9d28f3d401847d2a5549d02d6de250462c1929a","isMergeCommit":false,"messageTitle":"create ToDosTask.java","messageBody":"","fileTypesAndContributionMap":{"java":{"insertions":15,"deletions":0}}},{"hash":"265c616c15ecc7a2c75c72c841d8597e30cd5c05","isMergeCommit":false,"messageTitle":"create DeadlineTask.java","messageBody":"","fileTypesAndContributionMap":{"java":{"insertions":18,"deletions":0}}},{"hash":"46934f09dafe7d9a33405db374982359c1034497","isMergeCommit":false,"messageTitle":"create EventTask.java","messageBody":"","fileTypesAndContributionMap":{"java":{"insertions":21,"deletions":0}}},{"hash":"97ab7373a48884c0d816c9f08ad080617a3fecf0","isMergeCommit":false,"messageTitle":"shift constants into constant class","messageBody":"","fileTypesAndContributionMap":{"java":{"insertions":15,"deletions":3}}},{"hash":"e3b28f9d5a44e13c0ae16ab63feee91d05d839a6","isMergeCommit":false,"messageTitle":"add constants relating to classes that inherit Task","messageBody":"","fileTypesAndContributionMap":{"java":{"insertions":8,"deletions":0}}},{"hash":"e4da0f7f447b0cd583263cabec06984318b63954","isMergeCommit":false,"messageTitle":"format EvenTask toString method","messageBody":"","fileTypesAndContributionMap":{"java":{"insertions":1,"deletions":1}}},{"hash":"14f6c4eb826af0492c604f16394f470e49c5096e","isMergeCommit":false,"messageTitle":"Add support to track three kinds of tasks","messageBody":"","tags":["Level-4"],"fileTypesAndContributionMap":{"java":{"insertions":56,"deletions":9}}},{"hash":"93a6cc6b20bfdd637c0e12e37ffa218902e15165","isMergeCommit":false,"messageTitle":"fixed formatting after testing with testing ui","messageBody":"","fileTypesAndContributionMap":{"java":{"insertions":1,"deletions":1}}},{"hash":"bcaafb8b15aa76a68008196c0e678f3320fcb2ad","isMergeCommit":false,"messageTitle":"amend shell script for simple testing","messageBody":"","tags":["A-TextUiTesting"],"fileTypesAndContributionMap":{"txt":{"insertions":8,"deletions":0},"sh":{"insertions":1,"deletions":1}}},{"hash":"a37f77838a3f17ce509036e680f5e2ce5fbb00cb","isMergeCommit":false,"messageTitle":"add exception handling to service","messageBody":"","tags":["Level-5"],"fileTypesAndContributionMap":{"java":{"insertions":39,"deletions":8}}},{"hash":"421e99661ed0ea039c2517f788bf2fa7cd018f4c","isMergeCommit":false,"messageTitle":"add delete feature to checklist","messageBody":"","tags":["Level-6"],"fileTypesAndContributionMap":{"java":{"insertions":18,"deletions":5}}}]},{"date":"2025-08-21T00:00:00","commitResults":[{"hash":"4bf664dbe2e9111a57d32bc8428148d727a9619d","isMergeCommit":false,"messageTitle":"add enum for complete/incomplete symbol","messageBody":"","tags":["A-Enums"],"fileTypesAndContributionMap":{"java":{"insertions":37,"deletions":18}}}]},{"date":"2025-08-26T00:00:00","commitResults":[{"hash":"713e168f47625f2c7c7fc3e78e4fd8d7711594d5","isMergeCommit":false,"messageTitle":"adhere proper import standards","messageBody":"Imported classes should always be listed explicitly\n","fileTypesAndContributionMap":{"java":{"insertions":11,"deletions":2}}},{"hash":"d3b0cbccf1310b80ee8a02c288874319b83eb3e9","isMergeCommit":false,"messageTitle":"restructure project packages for clarity","messageBody":"","fileTypesAndContributionMap":{"java":{"insertions":28,"deletions":21}}},{"hash":"451c130665bf4d8ef7ef5c3f25832ec1fab49dd3","isMergeCommit":false,"messageTitle":"apply inheritance to Service Classes and Sub-classes","messageBody":"","fileTypesAndContributionMap":{"java":{"insertions":65,"deletions":43}}},{"hash":"270279daad81fd2d4f01a053c463f460be7062a6","isMergeCommit":false,"messageTitle":"create SavingService.java","messageBody":"","fileTypesAndContributionMap":{"java":{"insertions":41,"deletions":7}}},{"hash":"d4fefdc2d3a82797cc36f9d696bf20f656a42808","isMergeCommit":false,"messageTitle":"add FILE_PATH to list of constants","messageBody":"","fileTypesAndContributionMap":{"java":{"insertions":2,"deletions":0}}},{"hash":"684bfd2b6cef23b44b253b0c60696ac89968d4fe","isMergeCommit":false,"messageTitle":"catch exceptions if saving/writing service goes wrong","messageBody":"","fileTypesAndContributionMap":{"java":{"insertions":20,"deletions":8}}},{"hash":"4f7c289d093e36dc97b37c49229e8c96abcb4ebe","isMergeCommit":false,"messageTitle":"create LoadingService.java","messageBody":"","fileTypesAndContributionMap":{"java":{"insertions":117,"deletions":2}}},{"hash":"148a8e46797e85554ad475da1c711fcf23c22542","isMergeCommit":false,"messageTitle":"handle the case where data file is not yet created","messageBody":"","fileTypesAndContributionMap":{"java":{"insertions":8,"deletions":2}}},{"hash":"e75053d0c13d20f0e32b219ecad7f20ad5c2047f","isMergeCommit":true,"messageTitle":"Merge branch \u0027branch-Level-7\u0027","messageBody":"","tags":["Level-7"],"fileTypesAndContributionMap":{}},{"hash":"1dd109f354f778a1665937585871939a889a7a05","isMergeCommit":false,"messageTitle":"create DateTimeUtil.java","messageBody":"","fileTypesAndContributionMap":{"java":{"insertions":31,"deletions":0}}},{"hash":"f93a5897d8246e6feb7407840fbc4fdb33d3c377","isMergeCommit":false,"messageTitle":"integrate date format changes to Event and Deadline Tasks","messageBody":"","fileTypesAndContributionMap":{"java":{"insertions":29,"deletions":7}}},{"hash":"f092fadcc5d291f10fd281dde6fdf9552be8001e","isMergeCommit":false,"messageTitle":"format dates when loading Tasks during start up","messageBody":"","fileTypesAndContributionMap":{"java":{"insertions":4,"deletions":3}}},{"hash":"b442d412479bb2978bd0c5c8a7dbd5fb832d9c48","isMergeCommit":false,"messageTitle":"push task initialization into respective methods","messageBody":"","fileTypesAndContributionMap":{"java":{"insertions":59,"deletions":39}}},{"hash":"7ee242c586f96b387f35c7beb54023889ea26b18","isMergeCommit":true,"messageTitle":"Merge branch \u0027branch-Level-8\u0027","messageBody":"","tags":["Level-8"],"fileTypesAndContributionMap":{}},{"hash":"0668c0a699588a99cb5eabc7f23924d749354b55","isMergeCommit":false,"messageTitle":"create Checklist.java to handle checklist operations","messageBody":"","fileTypesAndContributionMap":{"java":{"insertions":123,"deletions":94}}},{"hash":"3bac54e623a58e4e277bbdbfb1fafa15b943df99","isMergeCommit":true,"messageTitle":"Merge branch \u0027A-MoreOOP\u0027","messageBody":"","tags":["A-Packages","A-MoreOOP"],"fileTypesAndContributionMap":{}},{"hash":"6f38ad6aa55f4695b5f67e9ea3ee2001c443d548","isMergeCommit":true,"messageTitle":"Merge branch \u0027add-gradle-support\u0027","messageBody":"","tags":["A-Gradle"],"fileTypesAndContributionMap":{}}]},{"date":"2025-08-27T00:00:00","commitResults":[{"hash":"d5e86906b49da85b269f5499b2c73bce8813a54b","isMergeCommit":false,"messageTitle":"create test class BotServiceTest.java","messageBody":"","fileTypesAndContributionMap":{"java":{"insertions":232,"deletions":0}}},{"hash":"29af91f524e8476418e1f2fb9df14924a23df289","isMergeCommit":false,"messageTitle":"create test calss for ChecklistTest.java","messageBody":"","fileTypesAndContributionMap":{"java":{"insertions":109,"deletions":0}}},{"hash":"bb2d9ec6d320b8d7789c2c6531b789cbb4f70d5a","isMergeCommit":false,"messageTitle":"add mockito as dependencies","messageBody":"","fileTypesAndContributionMap":{"gradle":{"insertions":4,"deletions":2}}},{"hash":"174e23acfa90e2574bed97c9bde1e484ea0fe067","isMergeCommit":true,"messageTitle":"Merge branch \u0027add-junit\u0027","messageBody":"","tags":["A-Jar","A-JUnit"],"fileTypesAndContributionMap":{}},{"hash":"c7fd52c3ada5ce6466f5cda6cc32325dae630392","isMergeCommit":false,"messageTitle":"add descriptive javadoc","messageBody":"","fileTypesAndContributionMap":{"java":{"insertions":386,"deletions":4}}},{"hash":"df3f599769b561338cdbc3def66f11880b634be4","isMergeCommit":false,"messageTitle":"fix code formats","messageBody":"","fileTypesAndContributionMap":{"java":{"insertions":186,"deletions":178},"bat":{"insertions":1,"deletions":1},"md":{"insertions":56,"deletions":26}}},{"hash":"3addd37e71b68f5e665dbfa8cd67adf0c57a0799","isMergeCommit":true,"messageTitle":"Merge branch \u0027branch-A-JavaDoc\u0027","messageBody":"","tags":["A-JavaDoc"],"fileTypesAndContributionMap":{}},{"hash":"b0506b765c327c5bc2678959ce3ef94cf94728cc","isMergeCommit":true,"messageTitle":"Merge branch \u0027branch-A-CodingStandard\u0027","messageBody":"","fileTypesAndContributionMap":{}},{"hash":"d9b554442f77b429ce3a3f059814d2bb4987d860","isMergeCommit":false,"messageTitle":"update camel case formatting","messageBody":"","tags":["A-CodingStandard"],"fileTypesAndContributionMap":{"java":{"insertions":1,"deletions":2}}},{"hash":"8510e3abae608d50aae5e15fa8d557b1d3093d03","isMergeCommit":false,"messageTitle":"add find feature to search for keywords","messageBody":"","fileTypesAndContributionMap":{"java":{"insertions":29,"deletions":1}}},{"hash":"b014ed822db8bb330304fce47c27c7b49e8f1721","isMergeCommit":true,"messageTitle":"Merge branch \u0027branch-Level-9\u0027","messageBody":"","fileTypesAndContributionMap":{}},{"hash":"9591651c314fab2d6e734e47c179c98b309f8bc9","isMergeCommit":false,"messageTitle":"Merge branch \u0027branch-Level-9\u0027","messageBody":"","tags":["Level-9"],"fileTypesAndContributionMap":{"java":{"insertions":27,"deletions":158}}},{"hash":"43ca6506c6042e0505f3a8d7db322a31ca1c5b6f","isMergeCommit":false,"messageTitle":"add javadocs to CheckList.java","messageBody":"","fileTypesAndContributionMap":{"java":{"insertions":49,"deletions":0}}}]},{"date":"2025-09-02T00:00:00","commitResults":[{"hash":"7a05d47a6060365e26054ffcb72375d186384fdc","isMergeCommit":false,"messageTitle":"fix boolean variable naming style","messageBody":"","fileTypesAndContributionMap":{"java":{"insertions":9,"deletions":9}}},{"hash":"f6c54ae53177969b7fa776821c08e9f786047e55","isMergeCommit":false,"messageTitle":"add checkstyle to adhere to coding standards","messageBody":"","fileTypesAndContributionMap":{"gradle":{"insertions":5,"deletions":0}}},{"hash":"d0a19e852d2eefa0b47ca273a7dd3c3c47a573f1","isMergeCommit":false,"messageTitle":"fix import orders","messageBody":"","tags":["A-CheckStyle"],"fileTypesAndContributionMap":{"java":{"insertions":20,"deletions":16}}},{"hash":"5182515e7ffbc1bc503f1bec0db03bde94092f14","isMergeCommit":true,"messageTitle":"Merge branch \u0027branch-A-CheckStyle\u0027 into master","messageBody":"","fileTypesAndContributionMap":{}}]},{"date":"2025-09-03T00:00:00","commitResults":[{"hash":"a6aa8df7900f6c3e808e42de5648cae8daae339c","isMergeCommit":false,"messageTitle":"provide a GUI for chatbot","messageBody":"","fileTypesAndContributionMap":{"gradle":{"insertions":24,"deletions":1},"java":{"insertions":33,"deletions":7}}},{"hash":"dfffa998f2223fc5daa49b1f26f81ce76d5cb5f6","isMergeCommit":false,"messageTitle":"remove unused constant","messageBody":"","fileTypesAndContributionMap":{"java":{"insertions":0,"deletions":2}}},{"hash":"6df6043c8d683781999ca6f71d4116ba169c5f4a","isMergeCommit":false,"messageTitle":"update method prototype in Service class","messageBody":"","fileTypesAndContributionMap":{"java":{"insertions":3,"deletions":3}}},{"hash":"1c16f0d6f205aff5ecc5dd6366eca492169725a8","isMergeCommit":false,"messageTitle":"update service methods to return a string","messageBody":"","fileTypesAndContributionMap":{"java":{"insertions":108,"deletions":118}}},{"hash":"4911e7ddbb9f9b6bf653334d59a259a37b48e67c","isMergeCommit":false,"messageTitle":"call to executeService method returns a response","messageBody":"","fileTypesAndContributionMap":{"java":{"insertions":55,"deletions":0}}},{"hash":"a47876d88f7ef81765e8b1e080ddbd4b544a2939","isMergeCommit":false,"messageTitle":"update methods to return a string as a response","messageBody":"","fileTypesAndContributionMap":{"java":{"insertions":24,"deletions":21}}},{"hash":"c12020140ee121b53ad8bfc1c4bdac96a67a3e00","isMergeCommit":false,"messageTitle":"create DialogBox to format text displayed","messageBody":"","fileTypesAndContributionMap":{"java":{"insertions":58,"deletions":0}}},{"hash":"b770ad4dcdc2bc0981860abd0f2523119bf56c21","isMergeCommit":false,"messageTitle":"create format xml for DialogBox class","messageBody":"","fileTypesAndContributionMap":{"fxml":{"insertions":22,"deletions":0}}},{"hash":"3325f737e57b5b515dbb6cf90b36f3ec892b826f","isMergeCommit":false,"messageTitle":"create format xml for MainWindow class","messageBody":"","fileTypesAndContributionMap":{"fxml":{"insertions":44,"deletions":0}}},{"hash":"fff21fcac6592cf33e771c15cba949b64c0fb91a","isMergeCommit":false,"messageTitle":"add css styling to ui","messageBody":"","fileTypesAndContributionMap":{"fxml":{"insertions":7,"deletions":27},"java":{"insertions":15,"deletions":9}}},{"hash":"def5ebb09e1f8359b463c3503b27354e5f8d4176","isMergeCommit":false,"messageTitle":"close GUI automatically upon bye command","messageBody":"","fileTypesAndContributionMap":{"java":{"insertions":10,"deletions":0}}},{"hash":"5ec523baf3b9c0b9f4ce30c6af1da72be339b1c4","isMergeCommit":false,"messageTitle":"update UI colour scheme to a dark theme","messageBody":"","fileTypesAndContributionMap":{"fxml":{"insertions":5,"deletions":7},"java":{"insertions":4,"deletions":2}}},{"hash":"fdf080515829eefcd0f3c7a942310e909bdaec95","isMergeCommit":true,"messageTitle":"Merge branch \u0027branch-Level-10\u0027 into master","messageBody":"","tags":["Level-10"],"fileTypesAndContributionMap":{}},{"hash":"bfed087fef0453c453989a245a33a4a937f54fc8","isMergeCommit":false,"messageTitle":"update javadocs","messageBody":"","fileTypesAndContributionMap":{"java":{"insertions":119,"deletions":129}}},{"hash":"8a8cc081a22911e0352f2cac512868d8b3b50523","isMergeCommit":false,"messageTitle":"implement use of varargs","messageBody":"","fileTypesAndContributionMap":{"java":{"insertions":3,"deletions":3}}},{"hash":"f6fe05149b9d9543b1ac9e881eed0b19b02ec4a7","isMergeCommit":false,"messageTitle":"bugfix saveService not called at end of program","messageBody":"","tags":["A-Varargs"],"fileTypesAndContributionMap":{"java":{"insertions":13,"deletions":4}}},{"hash":"90d58d713690e75735c663e54fe1ca2f649cc721","isMergeCommit":true,"messageTitle":"Merge branch \u0027branch-A-Varargs\u0027 into master","messageBody":"","fileTypesAndContributionMap":{}}]},{"date":"2025-09-04T00:00:00","commitResults":[{"hash":"c82bde40d4e24928925b78d3f58d5af78be94459","isMergeCommit":false,"messageTitle":"Revise README.md for improved presentation and clarity","messageBody":"Updated README.md to enhance formatting and clarity, added emojis for visual appeal, and reorganized features section.","tags":["Use-GFMD"],"fileTypesAndContributionMap":{"md":{"insertions":35,"deletions":25}}},{"hash":"e99eb0456d0414ee8f7d8974fdfd7178511b5f60","isMergeCommit":false,"messageTitle":"Fix formatting in README features section","messageBody":"","tags":["A-new-Jar"],"fileTypesAndContributionMap":{"md":{"insertions":17,"deletions":17}}}]},{"date":"2025-09-09T00:00:00","commitResults":[{"hash":"eb8b58a73ac85294bc5e70e56b513f827b2f969b","isMergeCommit":false,"messageTitle":"add assertions for checklist size and file path","messageBody":"Introduced assertions in executeService to ensure the checklist size is non-negative and the file path is not null or empty before proceeding. This helps catch potential issues early during development.\n","tags":["A-Assertions"],"fileTypesAndContributionMap":{"java":{"insertions":2,"deletions":0}}},{"hash":"9e74f21dad0bc677f0a9b9b828ff76609638fc0c","isMergeCommit":true,"messageTitle":"Merge branch \u0027branch-A-Assertions\u0027 into master","messageBody":"","fileTypesAndContributionMap":{}},{"hash":"4a22de4d9dc812d2a62dd2b7c41cfaa3ec9ca2f1","isMergeCommit":false,"messageTitle":"Remove console output from DeadlineTask creation","messageBody":"Eliminated System.out.println statements when creating DeadlineTask instances to clean up console output and separate task creation from user interaction.\n","fileTypesAndContributionMap":{"java":{"insertions":2,"deletions":8}}},{"hash":"758d6be97363e5287574a3f7a94a4140ea99c8a2","isMergeCommit":false,"messageTitle":"Refactor event task date handling in LoadingService","messageBody":"Introduced intermediate variables for formatted start and end dates when creating EventTask instances. This improves code readability and maintainability in the LoadingService class.\n","tags":["A-CodeQuality"],"fileTypesAndContributionMap":{"java":{"insertions":4,"deletions":2}}},{"hash":"1196edbdb12fb29d942361b54d793c1c4fe7dd58","isMergeCommit":true,"messageTitle":"Merge branch \u0027master\u0027 into branch-A-CodeQuality","messageBody":"","fileTypesAndContributionMap":{}},{"hash":"5da72f6187e4e74348cef9eea9e57d0637b17a9c","isMergeCommit":true,"messageTitle":"Merge branch \u0027master\u0027 into branch-A-Streams","messageBody":"","fileTypesAndContributionMap":{}},{"hash":"a9d79627fdfa7ba1e27598343fa1e89da0e4f925","isMergeCommit":true,"messageTitle":"Merge branch \u0027branch-A-CodeQuality\u0027 into master","messageBody":"","fileTypesAndContributionMap":{}},{"hash":"1a7a76e7637e9c834da9af4e2fbc9013c30df14a","isMergeCommit":true,"messageTitle":"Merge pull request #1 from kevintanjc/branch-A-Streams","messageBody":"Merge branch \u0027master\u0027 into branch-A-Streams","fileTypesAndContributionMap":{}},{"hash":"e4abe9ad3003e84d16a41e42357b953ebcb55525","isMergeCommit":false,"messageTitle":"Sort checklist tasks by description on add","messageBody":"Added sorting of the checklist by task description whenever a new task is added. This ensures tasks are always stored in alphabetical order.\n","tags":["BCD-Extension"],"fileTypesAndContributionMap":{"java":{"insertions":2,"deletions":0}}},{"hash":"8be2a4aaf0c69b4fc23def75a57508502a0ce11b","isMergeCommit":true,"messageTitle":"Merge pull request #3 from kevintanjc/branch-C-Sort","messageBody":"Sort checklist tasks by description on add","fileTypesAndContributionMap":{}}]}]},"authorFileTypeContributionMap":{"kevintanjc":{"java":1556,"md":59,"fxml":44,"sh":1,"bat":1,"gradle":32,"txt":8}},"authorContributionVariance":{"kevintanjc":99561.65},"authorDisplayNameMap":{"kevintanjc":"CS2103T-F15b-1 TAN ..EVIN"}}
