{"authorDailyContributionsMap":{"x3zapper":[{"date":"2025-08-22T00:00:00","commitResults":[{"hash":"ff51005b27ce687c0cfcc33518e96bebca6dc779","isMergeCommit":false,"messageTitle":"Update to Level-0","messageBody":"","tags":["Level-0"],"fileTypesAndContributionMap":{"java":{"insertions":4,"deletions":6}}},{"hash":"e3db8c7d68530a6cede60caaa66839446947efa8","isMergeCommit":false,"messageTitle":"Update to Level-1","messageBody":"","tags":["Level-1"],"fileTypesAndContributionMap":{"java":{"insertions":32,"deletions":3}}},{"hash":"636f989d6dec50149fdc334b969c92cc436b21f6","isMergeCommit":false,"messageTitle":"Update to Level-2","messageBody":"","tags":["Level-2"],"fileTypesAndContributionMap":{"java":{"insertions":25,"deletions":6}}}]},{"date":"2025-08-24T00:00:00","commitResults":[{"hash":"54c3f4f99fb24b043b8eae82398fe7bed149a104","isMergeCommit":false,"messageTitle":"Add Task object","messageBody":"","fileTypesAndContributionMap":{"java":{"insertions":23,"deletions":0}}}]},{"date":"2025-08-25T00:00:00","commitResults":[{"hash":"4d61a2e9df0bbc04ffb72da166f9f521a9977ffc","isMergeCommit":false,"messageTitle":"Update to Level-3","messageBody":"Encapsulated task objects\nChanged to enum based user command selection\nImplemented task done status and toggle functionality\n","tags":["Level-3"],"fileTypesAndContributionMap":{"java":{"insertions":70,"deletions":10}}},{"hash":"037b2bc970b9347bb35c6fe07d0480f8f8c8ffd5","isMergeCommit":false,"messageTitle":"Add specialized tasks Todo, Event, Deadline and Update Task","messageBody":"Task has been modified to support specialized tasks, users can no longer directly create Task objects.\n","fileTypesAndContributionMap":{"java":{"insertions":72,"deletions":4}}},{"hash":"b27dc28769660ce9455b36d2c06583e1db716981","isMergeCommit":false,"messageTitle":"Update Duke chat format printer","messageBody":"","fileTypesAndContributionMap":{"java":{"insertions":6,"deletions":7}}},{"hash":"ac29aa19316b887dfd9e532a5618ce2d6fecb300","isMergeCommit":false,"messageTitle":"Update to Level-4","messageBody":"Duke:\nAdded handling for Todo, Deadline and Event tasks\nFixed Mark/Unmark commands where it toggles done status rather than set it\nFixed format printer\nUpdated `chatPrint(...)` function calls\nUpdated List command functionality handling\n\nEvent:\nFixed TASKTYPE letter\n","tags":["Level-4"],"fileTypesAndContributionMap":{"java":{"insertions":75,"deletions":17}}},{"hash":"c29af37da11e18703994adba7d3745172b6c58da","isMergeCommit":false,"messageTitle":"Update Duke","messageBody":"Modified the `list` command output\n","fileTypesAndContributionMap":{"java":{"insertions":2,"deletions":1}}},{"hash":"8f72f44d6add07610232724cb714c4bfb6439a37","isMergeCommit":false,"messageTitle":"Update to A-TextUiTesting","messageBody":"Updated the automated testing input/expected output file content\nThe test is valid up to Level-4\n","tags":["A-TextUiTesting"],"fileTypesAndContributionMap":{"txt":{"insertions":18,"deletions":0}}},{"hash":"a03a42b41ca2a481358fff979692207db50b05bb","isMergeCommit":false,"messageTitle":"Add DukeException","messageBody":"","fileTypesAndContributionMap":{"java":{"insertions":9,"deletions":0}}},{"hash":"a1bea5155b029b54c004a39f798b4e3085922f39","isMergeCommit":false,"messageTitle":"Update to Level-5","messageBody":"Added error handling for all possible user input failures\n","tags":["Level-5"],"fileTypesAndContributionMap":{"java":{"insertions":75,"deletions":30}}},{"hash":"574eff88faabbbe06696e972dd44a5a4a4c15dd1","isMergeCommit":false,"messageTitle":"Update to Level-6","messageBody":"Added delete functionality\n","tags":["Level-6","A-Enums"],"fileTypesAndContributionMap":{"java":{"insertions":10,"deletions":1}}}]},{"date":"2025-08-27T00:00:00","commitResults":[{"hash":"cea47d5207f8bd7c828d5f258a9d320bd7713c1c","isMergeCommit":false,"messageTitle":"Update naming convention from Duke to Chash","messageBody":"","fileTypesAndContributionMap":{"java":{"insertions":25,"deletions":24}}}]},{"date":"2025-08-28T00:00:00","commitResults":[{"hash":"eef57b4e52e139bd7da3a26ddd3dcac5b64a228f","isMergeCommit":false,"messageTitle":"Add exportString function to Task, Todo, Deadline, Event","messageBody":"This change will be used to support file export\n","fileTypesAndContributionMap":{"java":{"insertions":44,"deletions":6}}}]},{"date":"2025-09-02T00:00:00","commitResults":[{"hash":"ef9cd839f50d4fbddd65eb51ae74f82ad8cc3fae","isMergeCommit":false,"messageTitle":"Update Todo, Deadline, Event to expose a static variable","messageBody":"","fileTypesAndContributionMap":{"java":{"insertions":3,"deletions":3}}},{"hash":"cc1e472e938a0c4601a743db86a4139835c79557","isMergeCommit":false,"messageTitle":"Add ChashDB","messageBody":"ChashDb is the helper class that reads/writes to a ChashDb text file\n","fileTypesAndContributionMap":{"java":{"insertions":151,"deletions":0}}},{"hash":"c9c3f71a58774d1153219b83edd1aeaa5cb661c1","isMergeCommit":false,"messageTitle":"Update to Level-7","messageBody":"Integrated ChashDb into Chash\nAdded notes in ChashDb, Task\n","fileTypesAndContributionMap":{"java":{"insertions":30,"deletions":2}}},{"hash":"6a1b6abaa04713e4ea74bae5f0dfaf065dd245b2","isMergeCommit":true,"messageTitle":"Merge branch \u0027Level-7\u0027","messageBody":"","tags":["Level-7"],"fileTypesAndContributionMap":{}},{"hash":"7720e21320d4c20a423e03a67ceef50a7486cd85","isMergeCommit":false,"messageTitle":"Update Chash","messageBody":"","fileTypesAndContributionMap":{"java":{"insertions":1,"deletions":0}}},{"hash":"01568de98c5411af0dd585e06fb147e11fe8a679","isMergeCommit":true,"messageTitle":"Merge branch \u0027branch-Level-7\u0027","messageBody":"","fileTypesAndContributionMap":{}}]},{"date":"2025-09-03T00:00:00","commitResults":[{"hash":"07b59f846ac6d3173d464fae4e1bfa2bc2aa4554","isMergeCommit":false,"messageTitle":"Fix Chash, ChashDb imports","messageBody":"","fileTypesAndContributionMap":{"java":{"insertions":5,"deletions":2}}},{"hash":"80a0156bccc2597caaa716d5d482aa31ae2709e8","isMergeCommit":false,"messageTitle":"Update to Level-8","messageBody":"Added date parsing capabilities into Event, Deadline\n","fileTypesAndContributionMap":{"java":{"insertions":58,"deletions":6}}},{"hash":"c3a79588de312deae94dd5441786696889e84a20","isMergeCommit":false,"messageTitle":"Update Event, Deadline to meet Level-8 fully","messageBody":"","fileTypesAndContributionMap":{"java":{"insertions":16,"deletions":7}}},{"hash":"0fa78abd31d0d7a2f2326f5372c0b15e4138a729","isMergeCommit":true,"messageTitle":"Merge branch \u0027branch-Level-8\u0027","messageBody":"","tags":["Level-8"],"fileTypesAndContributionMap":{}}]},{"date":"2025-09-04T00:00:00","commitResults":[{"hash":"5f00043617022f0fea194139fbf19469cb9ab498","isMergeCommit":false,"messageTitle":"Extract task date parsing logic from Deadline, Event to TaskDateParser","messageBody":"","fileTypesAndContributionMap":{"java":{"insertions":41,"deletions":69}}},{"hash":"1ef541ed06097458bc3da36d6d1b76b80a97321a","isMergeCommit":false,"messageTitle":"Extract Task export string parse logic from ChashDb to TaskParser","messageBody":"","fileTypesAndContributionMap":{"java":{"insertions":54,"deletions":58}}},{"hash":"f3a829ad7879c27a2947898d994df11f38dd884d","isMergeCommit":false,"messageTitle":"Add TaskList","messageBody":"","fileTypesAndContributionMap":{"java":{"insertions":34,"deletions":0}}},{"hash":"0cd859aa01938c1f059f2cd96458fddf1f38cb81","isMergeCommit":false,"messageTitle":"Add ChashUi","messageBody":"","fileTypesAndContributionMap":{"java":{"insertions":50,"deletions":1}}},{"hash":"edca7836bbcd8e649ac6f0ccb31cbc15105a88fb","isMergeCommit":false,"messageTitle":"Update ChashUi print methods to be non-static","messageBody":"","fileTypesAndContributionMap":{"java":{"insertions":5,"deletions":5}}}]},{"date":"2025-09-05T00:00:00","commitResults":[{"hash":"48d0d68d2cb7bf13473e654903287d29a208c772","isMergeCommit":false,"messageTitle":"Add DeleteCommand, ExitCommand, ListCommand, MarkCommand","messageBody":"","fileTypesAndContributionMap":{"java":{"insertions":92,"deletions":0}}},{"hash":"6553de2679eee3d99cf905d459e5ea1cc7b92ca0","isMergeCommit":false,"messageTitle":"Update ChashDb, ChashUi, TaskParser","messageBody":"ChashDb:\nUpdated to use ChashUi instance object\n\nChashUi:\nChanged visibility of 2 print functions\n\nTaskParser:\nAdded parsing function for chatbot command arguments that add Todo, Deadline and Event tasks\nChanged fromString() to fromExportString() to reflect difference between the 2 parsing functions\n","fileTypesAndContributionMap":{"java":{"insertions":44,"deletions":6}}},{"hash":"3f948462527a9fad9842479bac513c7159b2bd35","isMergeCommit":false,"messageTitle":"Add CommandTypeEnum for CHASH chatbot","messageBody":"","fileTypesAndContributionMap":{"java":{"insertions":10,"deletions":0}}},{"hash":"001b3f1852a3995ebe33884d5d701b12ff59eba4","isMergeCommit":false,"messageTitle":"Add abstract class Command used by *Command classes","messageBody":"","fileTypesAndContributionMap":{"java":{"insertions":8,"deletions":0}}},{"hash":"484e2c8334abddacdb1fc8e2688ad9694f1fefbd","isMergeCommit":false,"messageTitle":"Add AddCommand","messageBody":"","fileTypesAndContributionMap":{"java":{"insertions":38,"deletions":0}}},{"hash":"7e171242afc090d47052814337898605165d6f58","isMergeCommit":false,"messageTitle":"Add CommandParser","messageBody":"","fileTypesAndContributionMap":{"java":{"insertions":34,"deletions":0}}},{"hash":"bba037015ac0a90ad5d5a3d5887e791426aa9828","isMergeCommit":false,"messageTitle":"Update ChashDb, CommandTypeEnum","messageBody":"","fileTypesAndContributionMap":{"java":{"insertions":11,"deletions":0}}},{"hash":"897f459a957cb519f8ae8d08d47b958b825d270e","isMergeCommit":false,"messageTitle":"Update to multiple classes to compile","messageBody":"","fileTypesAndContributionMap":{"java":{"insertions":16,"deletions":9}}},{"hash":"c7c3fdf9ce8cf2a31619d1d7bf255b39f78a96c3","isMergeCommit":false,"messageTitle":"Update Chash to A-MoreOOP","messageBody":"Integrated all extracted class functionalities back into Chash\n","tags":["A-MoreOOP"],"fileTypesAndContributionMap":{"java":{"insertions":29,"deletions":241}}},{"hash":"06400f8f09120a47c6336bd421605ea57b404e6d","isMergeCommit":false,"messageTitle":"Move CHASH class files into package directories","messageBody":"","fileTypesAndContributionMap":{"java":{"insertions":0,"deletions":0}}},{"hash":"395941201bc9f8093e788d862b3fe165d908495b","isMergeCommit":false,"messageTitle":"Update to A-Packages","messageBody":"","tags":["A-Packages"],"fileTypesAndContributionMap":{"java":{"insertions":90,"deletions":0}}},{"hash":"e4b1487ba33312c6a5dd5f8027a39a55e985b356","isMergeCommit":true,"messageTitle":"Merge remote-tracking branch \u0027origin/add-gradle-support\u0027","messageBody":"","fileTypesAndContributionMap":{}},{"hash":"df13187020ecb1fc612cfc01954bff0547dfb8ac","isMergeCommit":false,"messageTitle":"Update class files to match the package correctly, other minor changes listed in description","messageBody":"ChashDb:\nSet constructor to public\n\nChashUi:\nPrint line separator for printErr()\n","fileTypesAndContributionMap":{"java":{"insertions":14,"deletions":4}}}]}]},"authorFileTypeContributionMap":{"x3zapper":{"java":785,"md":0,"fxml":0,"sh":0,"bat":0,"gradle":0,"txt":18}},"authorContributionVariance":{"x3zapper":21424.945},"authorDisplayNameMap":{"x3zapper":"CS2103-F13-3 TAN .. KIT"}}
