{"authorDailyContributionsMap":{"rongkangw":[{"date":"2025-08-17T00:00:00","commitResults":[{"hash":"a3c286d728485ba9dc3472b419d7b4a09b8b237b","isMergeCommit":false,"messageTitle":"Edit and Rename Duke.java to TheCoolerDuke.java","messageBody":"","tags":["Level-0"],"fileTypesAndContributionMap":{"java":{"insertions":10,"deletions":10},"bat":{"insertions":1,"deletions":1},"md":{"insertions":3,"deletions":3}}}]},{"date":"2025-08-18T00:00:00","commitResults":[{"hash":"3e05f937bff961ae1893bb85b12d7ea7d179f087","isMergeCommit":false,"messageTitle":"Add Echo feature and separate echo feature from main()","messageBody":"","tags":["Level-1"],"fileTypesAndContributionMap":{"java":{"insertions":35,"deletions":3}}},{"hash":"188d88143bf927066f082cc2bd53a45328e4881e","isMergeCommit":false,"messageTitle":"Create TextStorage Class and add text storage feature","messageBody":"","tags":["Level-2"],"fileTypesAndContributionMap":{"java":{"insertions":69,"deletions":19}}},{"hash":"1081e13e36e4c81f2c52ba162dd71df33d7ae755","isMergeCommit":false,"messageTitle":"Add Task class and add ability to mark task as done","messageBody":"","tags":["Level-3"],"fileTypesAndContributionMap":{"java":{"insertions":82,"deletions":15}}}]},{"date":"2025-08-19T00:00:00","commitResults":[{"hash":"f35be24c9c17aaca683acb47c116311bc0a8a015","isMergeCommit":false,"messageTitle":"Create Task subclasses and enable adding task by subclass","messageBody":"","tags":["Level-4"],"fileTypesAndContributionMap":{"java":{"insertions":151,"deletions":57}}},{"hash":"f79396bb43b98a9c716bd5cdaa5af08a05061032","isMergeCommit":false,"messageTitle":"Remove nextline char from outputHandler and run UI test","messageBody":"","tags":["A-TextUiTesting"],"fileTypesAndContributionMap":{"txt":{"insertions":9,"deletions":0},"java":{"insertions":8,"deletions":9}}},{"hash":"52dc01383eb6413484acd26e780ff234af697941","isMergeCommit":false,"messageTitle":"Fix code style issues","messageBody":"","fileTypesAndContributionMap":{"java":{"insertions":51,"deletions":59}}},{"hash":"b3f4b8b748b92817b6940bac526c5de3db6a3e3b","isMergeCommit":false,"messageTitle":"Add error handling and update UI test","messageBody":"","tags":["Level-5"],"fileTypesAndContributionMap":{"txt":{"insertions":5,"deletions":1},"java":{"insertions":73,"deletions":18}}},{"hash":"43f5521052231134747ea56538ccc125f27c0997","isMergeCommit":false,"messageTitle":"Rename mark and unmark functions in TaskManager for clarity","messageBody":"","fileTypesAndContributionMap":{"java":{"insertions":4,"deletions":4}}},{"hash":"d394b3395a02ce63046cb5e71a216a59d04490b2","isMergeCommit":false,"messageTitle":"Add delete task feature and update UI test","messageBody":"","tags":["Level-6"],"fileTypesAndContributionMap":{"txt":{"insertions":3,"deletions":0},"java":{"insertions":36,"deletions":7}}}]},{"date":"2025-08-20T00:00:00","commitResults":[{"hash":"49a50d64f0b763069474e0190ec0e952652ae0ec","isMergeCommit":false,"messageTitle":"Group commands into enum Command and add several javadocs","messageBody":"","tags":["A-Enums"],"fileTypesAndContributionMap":{"java":{"insertions":261,"deletions":135}}}]},{"date":"2025-08-24T00:00:00","commitResults":[{"hash":"09af887126b0790d070da9ce9089c58ab2ac3252","isMergeCommit":false,"messageTitle":"Add persistent storage for task manager through TaskHistoryManager class","messageBody":"","tags":["Level-7"],"fileTypesAndContributionMap":{"txt":{"insertions":3,"deletions":0},"java":{"insertions":181,"deletions":17}}}]},{"date":"2025-08-26T00:00:00","commitResults":[{"hash":"be48b76435ce4d40b7180b9c9f287285768d0bca","isMergeCommit":false,"messageTitle":"Add datetime functionality to Tasks","messageBody":"","fileTypesAndContributionMap":{"txt":{"insertions":2,"deletions":3},"java":{"insertions":74,"deletions":17}}},{"hash":"4a4189ce6708d41e8439ae1f0c83440eb7a303dd","isMergeCommit":false,"messageTitle":"Update javadocs for some functions","messageBody":"","tags":["Level-8"],"fileTypesAndContributionMap":{"java":{"insertions":27,"deletions":4}}},{"hash":"390e2762d1fdd27397d1d7049bfda5271944511b","isMergeCommit":false,"messageTitle":"Refactor TheCoolerDuke class and fix runtest.bat errors","messageBody":"","tags":["A-MoreOOP"],"fileTypesAndContributionMap":{"txt":{"insertions":6,"deletions":5},"java":{"insertions":26,"deletions":15},"bat":{"insertions":13,"deletions":6}}},{"hash":"03cf032f8feb071861efa1220a2811c048f40a10","isMergeCommit":false,"messageTitle":"Refactor files into packages, update runtest.bat accordingly","messageBody":"","tags":["A-Packages"],"fileTypesAndContributionMap":{"java":{"insertions":55,"deletions":14},"bat":{"insertions":5,"deletions":1},"md":{"insertions":3,"deletions":3}}},{"hash":"c69a36079e01618eb188f364f473b582c6cb2c80","isMergeCommit":false,"messageTitle":"Update README","messageBody":"","fileTypesAndContributionMap":{"md":{"insertions":2,"deletions":10}}},{"hash":"875fbd4580566af5f0f331f6226a66ae086d9543","isMergeCommit":true,"messageTitle":"Merge remote-tracking branch \u0027origin/add-gradle-support\u0027","messageBody":"","tags":["A-Gradle"],"fileTypesAndContributionMap":{}}]},{"date":"2025-08-27T00:00:00","commitResults":[{"hash":"bb181478435832fe0d101e6497229134e4068903","isMergeCommit":false,"messageTitle":"Fix unable to read task history","messageBody":"","fileTypesAndContributionMap":{"java":{"insertions":8,"deletions":5}}}]}]},"authorFileTypeContributionMap":{"rongkangw":{"java":753,"md":3,"fxml":0,"sh":0,"bat":17,"gradle":0,"txt":19}},"authorContributionVariance":{"rongkangw":22098.729},"authorDisplayNameMap":{"rongkangw":"CS2103T-T11-3 WONG..KANG"}}
