[{"path":"src/main/java/Meownager.java","fileType":"java","lines":[{"lineNumber":1,"author":{"gitId":"llamawithhats"},"content":"public class Meownager {","lastModifiedDate":"2025-08-20T02:34:24","isFullCredit":false},{"lineNumber":2,"author":{"gitId":"llamawithhats"},"content":"","lastModifiedDate":"2025-08-20T02:34:24","isFullCredit":false},{"lineNumber":3,"author":{"gitId":"llamawithhats"},"content":"    public static void line() {","lastModifiedDate":"2025-08-20T02:34:24","isFullCredit":false},{"lineNumber":4,"author":{"gitId":"llamawithhats"},"content":"        System.out.println(\"_\".repeat(30));","lastModifiedDate":"2025-08-20T02:34:24","isFullCredit":false},{"lineNumber":5,"author":{"gitId":"llamawithhats"},"content":"    }","lastModifiedDate":"2025-08-20T02:34:24","isFullCredit":false},{"lineNumber":6,"author":{"gitId":"llamawithhats"},"content":"","lastModifiedDate":"2025-08-20T02:34:24","isFullCredit":false},{"lineNumber":7,"author":{"gitId":"llamawithhats"},"content":"    public static void main(String[] args) {","lastModifiedDate":"2025-08-20T02:34:24","isFullCredit":false},{"lineNumber":8,"author":{"gitId":"llamawithhats"},"content":"","lastModifiedDate":"2025-08-20T02:34:24","isFullCredit":false},{"lineNumber":9,"author":{"gitId":"llamawithhats"},"content":"        String logo \u003d \"  ( \u003d＾･ω･＾\u003d)ノ \u003c3\\n\";","lastModifiedDate":"2025-08-20T02:34:24","isFullCredit":false},{"lineNumber":10,"author":{"gitId":"llamawithhats"},"content":"","lastModifiedDate":"2025-08-20T02:34:24","isFullCredit":false},{"lineNumber":11,"author":{"gitId":"llamawithhats"},"content":"        line();","lastModifiedDate":"2025-08-20T02:34:24","isFullCredit":false},{"lineNumber":12,"author":{"gitId":"llamawithhats"},"content":"","lastModifiedDate":"2025-08-20T02:34:24","isFullCredit":false},{"lineNumber":13,"author":{"gitId":"llamawithhats"},"content":"        System.out.println(\"Hello! I\u0027m your resident MEOWnager!\\n\" + logo","lastModifiedDate":"2025-08-20T02:34:24","isFullCredit":false},{"lineNumber":14,"author":{"gitId":"llamawithhats"},"content":"                + \"Anything I can do for you neow?\");","lastModifiedDate":"2025-08-20T02:34:24","isFullCredit":false},{"lineNumber":15,"author":{"gitId":"llamawithhats"},"content":"","lastModifiedDate":"2025-08-20T02:34:24","isFullCredit":false},{"lineNumber":16,"author":{"gitId":"llamawithhats"},"content":"        line();","lastModifiedDate":"2025-08-20T02:34:24","isFullCredit":false},{"lineNumber":17,"author":{"gitId":"llamawithhats"},"content":"","lastModifiedDate":"2025-08-20T02:34:24","isFullCredit":false},{"lineNumber":18,"author":{"gitId":"llamawithhats"},"content":"        System.out.println(\"Meow you next time!\");","lastModifiedDate":"2025-08-20T02:34:24","isFullCredit":false},{"lineNumber":19,"author":{"gitId":"llamawithhats"},"content":"","lastModifiedDate":"2025-08-20T02:34:24","isFullCredit":false},{"lineNumber":20,"author":{"gitId":"llamawithhats"},"content":"    }","lastModifiedDate":"2025-08-20T02:34:24","isFullCredit":false},{"lineNumber":21,"author":{"gitId":"llamawithhats"},"content":"}","lastModifiedDate":"2025-08-20T02:34:24","isFullCredit":false},{"lineNumber":22,"author":{"gitId":"llamawithhats"},"content":"","lastModifiedDate":"2025-08-20T02:34:24","isFullCredit":false}],"authorContributionMap":{"llamawithhats":22}}]
