[{"path":"src/main/java/Dennis.java","fileType":"java","lines":[{"lineNumber":1,"author":{"gitId":"anand2273"},"content":"import java.util.Scanner;","lastModifiedDate":"2025-08-22T01:17:16","isFullCredit":false},{"lineNumber":2,"author":{"gitId":"anand2273"},"content":"","lastModifiedDate":"2025-08-22T14:38:04","isFullCredit":false},{"lineNumber":3,"author":{"gitId":"anand2273"},"content":"import tasks.*;","lastModifiedDate":"2025-08-22T14:51:12","isFullCredit":false},{"lineNumber":4,"author":{"gitId":"anand2273"},"content":"import ui.Ui;","lastModifiedDate":"2025-08-22T14:19:25","isFullCredit":false},{"lineNumber":5,"author":{"gitId":"anand2273"},"content":"","lastModifiedDate":"2025-08-22T01:17:16","isFullCredit":false},{"lineNumber":6,"author":{"gitId":"anand2273"},"content":"public class Dennis {","lastModifiedDate":"2025-08-22T01:05:51","isFullCredit":false},{"lineNumber":7,"author":{"gitId":"anand2273"},"content":"    public static void main(String[] args) {","lastModifiedDate":"2025-08-22T01:05:51","isFullCredit":false},{"lineNumber":8,"author":{"gitId":"anand2273"},"content":"        Scanner sc \u003d new Scanner(System.in);","lastModifiedDate":"2025-08-22T01:17:16","isFullCredit":false},{"lineNumber":9,"author":{"gitId":"anand2273"},"content":"        TaskList taskList \u003d new TaskList();","lastModifiedDate":"2025-08-22T04:28:32","isFullCredit":false},{"lineNumber":10,"author":{"gitId":"anand2273"},"content":"","lastModifiedDate":"2025-08-22T04:28:32","isFullCredit":false},{"lineNumber":11,"author":{"gitId":"anand2273"},"content":"        String logo \u003d \"██████╗ ███████╗███╗   ██╗███╗   ██╗██╗███████╗\\n\"","lastModifiedDate":"2025-08-22T01:05:51","isFullCredit":false},{"lineNumber":12,"author":{"gitId":"anand2273"},"content":"                    + \"██╔══██╗██╔════╝████╗  ██║████╗  ██║██║██╔════╝\\n\"","lastModifiedDate":"2025-08-22T01:05:51","isFullCredit":false},{"lineNumber":13,"author":{"gitId":"anand2273"},"content":"                    + \"██║  ██║█████╗  ██╔██╗ ██║██╔██╗ ██║██║███████╗\\n\"","lastModifiedDate":"2025-08-22T01:05:51","isFullCredit":false},{"lineNumber":14,"author":{"gitId":"anand2273"},"content":"                    + \"██║  ██║██╔══╝  ██║╚██╗██║██║╚██╗██║██║╚════██║\\n\"","lastModifiedDate":"2025-08-22T01:05:51","isFullCredit":false},{"lineNumber":15,"author":{"gitId":"anand2273"},"content":"                    + \"██████╔╝███████╗██║ ╚████║██║ ╚████║██║███████║\\n\"","lastModifiedDate":"2025-08-22T01:05:51","isFullCredit":false},{"lineNumber":16,"author":{"gitId":"anand2273"},"content":"                    + \"╚═════╝ ╚══════╝╚═╝  ╚═══╝╚═╝  ╚═══╝╚═╝╚══════╝\\n\";","lastModifiedDate":"2025-08-22T01:05:51","isFullCredit":false},{"lineNumber":17,"author":{"gitId":"anand2273"},"content":"        String message \u003d \"this is DENNIS. What can I do for you?\";","lastModifiedDate":"2025-08-22T14:19:25","isFullCredit":false},{"lineNumber":18,"author":{"gitId":"anand2273"},"content":"","lastModifiedDate":"2025-08-22T14:19:25","isFullCredit":false},{"lineNumber":19,"author":{"gitId":"anand2273"},"content":"        System.out.println(logo + Ui.wrapText(message));","lastModifiedDate":"2025-08-22T14:19:25","isFullCredit":false},{"lineNumber":20,"author":{"gitId":"anand2273"},"content":"","lastModifiedDate":"2025-08-22T01:17:16","isFullCredit":false},{"lineNumber":21,"author":{"gitId":"anand2273"},"content":"        while (true) {","lastModifiedDate":"2025-08-22T01:17:16","isFullCredit":false},{"lineNumber":22,"author":{"gitId":"anand2273"},"content":"            String line \u003d sc.nextLine();","lastModifiedDate":"2025-08-22T13:19:06","isFullCredit":false},{"lineNumber":23,"author":{"gitId":"anand2273"},"content":"            String[] parts \u003d line.split(\"\\\\s+\", 2);","lastModifiedDate":"2025-08-22T14:19:25","isFullCredit":false},{"lineNumber":24,"author":{"gitId":"anand2273"},"content":"            String cmd \u003d parts[0].toLowerCase();","lastModifiedDate":"2025-08-22T13:19:06","isFullCredit":false},{"lineNumber":25,"author":{"gitId":"anand2273"},"content":"            int idx;","lastModifiedDate":"2025-08-22T13:19:06","isFullCredit":false},{"lineNumber":26,"author":{"gitId":"anand2273"},"content":"            switch (cmd) {","lastModifiedDate":"2025-08-22T13:19:06","isFullCredit":false},{"lineNumber":27,"author":{"gitId":"anand2273"},"content":"                case \"bye\":","lastModifiedDate":"2025-08-22T13:19:06","isFullCredit":false},{"lineNumber":28,"author":{"gitId":"anand2273"},"content":"                    System.out.println(Ui.wrapText(\"Catch ya later!\"));","lastModifiedDate":"2025-08-22T14:19:25","isFullCredit":false},{"lineNumber":29,"author":{"gitId":"anand2273"},"content":"                    sc.close();","lastModifiedDate":"2025-08-22T13:19:06","isFullCredit":false},{"lineNumber":30,"author":{"gitId":"anand2273"},"content":"                    return;","lastModifiedDate":"2025-08-22T13:19:06","isFullCredit":false},{"lineNumber":31,"author":{"gitId":"anand2273"},"content":"                case \"list\":","lastModifiedDate":"2025-08-22T13:19:06","isFullCredit":false},{"lineNumber":32,"author":{"gitId":"anand2273"},"content":"                    System.out.println((Ui.wrapText(taskList.toString())));","lastModifiedDate":"2025-08-22T14:51:12","isFullCredit":false},{"lineNumber":33,"author":{"gitId":"anand2273"},"content":"                    break;","lastModifiedDate":"2025-08-22T13:19:06","isFullCredit":false},{"lineNumber":34,"author":{"gitId":"anand2273"},"content":"                case \"mark\":","lastModifiedDate":"2025-08-22T13:19:06","isFullCredit":false},{"lineNumber":35,"author":{"gitId":"anand2273"},"content":"                case \"unmark\":","lastModifiedDate":"2025-08-22T13:19:06","isFullCredit":false},{"lineNumber":36,"author":{"gitId":"anand2273"},"content":"                    try {","lastModifiedDate":"2025-08-23T18:18:10","isFullCredit":false},{"lineNumber":37,"author":{"gitId":"anand2273"},"content":"                        idx \u003d Integer.parseInt(parts[1]) - 1;","lastModifiedDate":"2025-08-22T13:19:06","isFullCredit":false},{"lineNumber":38,"author":{"gitId":"anand2273"},"content":"                        Task task \u003d taskList.get(idx);","lastModifiedDate":"2025-08-23T18:18:10","isFullCredit":false},{"lineNumber":39,"author":{"gitId":"anand2273"},"content":"                        String result \u003d cmd.equals(\"mark\") ? task.markDone() : task.markUndone();","lastModifiedDate":"2025-08-23T18:18:10","isFullCredit":false},{"lineNumber":40,"author":{"gitId":"anand2273"},"content":"                        System.out.println(Ui.wrapText(result));","lastModifiedDate":"2025-08-23T18:18:10","isFullCredit":false},{"lineNumber":41,"author":{"gitId":"anand2273"},"content":"                    }","lastModifiedDate":"2025-08-23T18:18:10","isFullCredit":false},{"lineNumber":42,"author":{"gitId":"anand2273"},"content":"                    catch (ArrayIndexOutOfBoundsException e) {","lastModifiedDate":"2025-08-23T18:18:10","isFullCredit":false},{"lineNumber":43,"author":{"gitId":"anand2273"},"content":"                        System.out.println(Ui.wrapText(\"Please specify the task number in the following format: \u0027mark 1\u0027\"));","lastModifiedDate":"2025-08-23T18:18:10","isFullCredit":false},{"lineNumber":44,"author":{"gitId":"anand2273"},"content":"                    } catch (NumberFormatException nfe) {","lastModifiedDate":"2025-08-23T18:18:10","isFullCredit":false},{"lineNumber":45,"author":{"gitId":"anand2273"},"content":"                        System.out.println(Ui.wrapText(\"Please specify a numerical value for the task number in the following format: \u0027mark 1\u0027\"));","lastModifiedDate":"2025-08-23T18:18:10","isFullCredit":false},{"lineNumber":46,"author":{"gitId":"anand2273"},"content":"                    } catch (IndexOutOfBoundsException e) {","lastModifiedDate":"2025-08-23T18:18:10","isFullCredit":false},{"lineNumber":47,"author":{"gitId":"anand2273"},"content":"                        System.out.println(Ui.wrapText(\"That task number does not exist. Please use the list command for task numbers.\"));","lastModifiedDate":"2025-08-23T18:18:10","isFullCredit":false},{"lineNumber":48,"author":{"gitId":"anand2273"},"content":"                    }","lastModifiedDate":"2025-08-23T18:18:10","isFullCredit":false},{"lineNumber":49,"author":{"gitId":"anand2273"},"content":"                    break;","lastModifiedDate":"2025-08-22T13:19:06","isFullCredit":false},{"lineNumber":50,"author":{"gitId":"anand2273"},"content":"                case \"todo\":","lastModifiedDate":"2025-08-22T14:19:25","isFullCredit":false},{"lineNumber":51,"author":{"gitId":"anand2273"},"content":"                    try {","lastModifiedDate":"2025-08-23T18:18:10","isFullCredit":false},{"lineNumber":52,"author":{"gitId":"anand2273"},"content":"                        String taskName \u003d parts[1];","lastModifiedDate":"2025-08-22T14:19:25","isFullCredit":false},{"lineNumber":53,"author":{"gitId":"anand2273"},"content":"                        TodoTask todoTask \u003d new TodoTask(taskName);","lastModifiedDate":"2025-08-22T14:19:25","isFullCredit":false},{"lineNumber":54,"author":{"gitId":"anand2273"},"content":"                        String todoMsg \u003d taskList.add(todoTask);","lastModifiedDate":"2025-08-22T14:19:25","isFullCredit":false},{"lineNumber":55,"author":{"gitId":"anand2273"},"content":"                        System.out.println(Ui.wrapText(todoMsg));","lastModifiedDate":"2025-08-22T14:19:25","isFullCredit":false},{"lineNumber":56,"author":{"gitId":"anand2273"},"content":"                    } catch (ArrayIndexOutOfBoundsException e) {","lastModifiedDate":"2025-08-23T18:18:10","isFullCredit":false},{"lineNumber":57,"author":{"gitId":"anand2273"},"content":"                        System.out.println(\"Please specify a task.\");","lastModifiedDate":"2025-08-23T18:18:10","isFullCredit":false},{"lineNumber":58,"author":{"gitId":"anand2273"},"content":"                    }","lastModifiedDate":"2025-08-23T18:18:10","isFullCredit":false},{"lineNumber":59,"author":{"gitId":"anand2273"},"content":"                    break;","lastModifiedDate":"2025-08-22T14:19:25","isFullCredit":false},{"lineNumber":60,"author":{"gitId":"anand2273"},"content":"                case \"deadline\":","lastModifiedDate":"2025-08-22T14:38:04","isFullCredit":false},{"lineNumber":61,"author":{"gitId":"anand2273"},"content":"                    try {","lastModifiedDate":"2025-08-23T18:18:10","isFullCredit":false},{"lineNumber":62,"author":{"gitId":"anand2273"},"content":"                        String[] remainder \u003d parts[1].split(\"/by\");","lastModifiedDate":"2025-08-22T14:38:04","isFullCredit":false},{"lineNumber":63,"author":{"gitId":"anand2273"},"content":"                        DeadlineTask deadlineTask \u003d new DeadlineTask(remainder[0].trim(), remainder[1].trim());","lastModifiedDate":"2025-08-22T14:38:04","isFullCredit":false},{"lineNumber":64,"author":{"gitId":"anand2273"},"content":"                        String deadlineMsg \u003d taskList.add(deadlineTask);","lastModifiedDate":"2025-08-22T14:38:04","isFullCredit":false},{"lineNumber":65,"author":{"gitId":"anand2273"},"content":"                        System.out.println(Ui.wrapText(deadlineMsg));","lastModifiedDate":"2025-08-22T14:38:04","isFullCredit":false},{"lineNumber":66,"author":{"gitId":"anand2273"},"content":"                    } catch (ArrayIndexOutOfBoundsException e) {","lastModifiedDate":"2025-08-23T18:18:10","isFullCredit":false},{"lineNumber":67,"author":{"gitId":"anand2273"},"content":"                        System.out.println(\"Invalid input. Please follow the prescribed format.\");","lastModifiedDate":"2025-08-23T18:18:10","isFullCredit":false},{"lineNumber":68,"author":{"gitId":"anand2273"},"content":"                    }","lastModifiedDate":"2025-08-23T18:18:10","isFullCredit":false},{"lineNumber":69,"author":{"gitId":"anand2273"},"content":"                    break;","lastModifiedDate":"2025-08-22T14:38:04","isFullCredit":false},{"lineNumber":70,"author":{"gitId":"anand2273"},"content":"                case \"event\":","lastModifiedDate":"2025-08-22T14:38:04","isFullCredit":false},{"lineNumber":71,"author":{"gitId":"anand2273"},"content":"                    try {","lastModifiedDate":"2025-08-23T18:18:10","isFullCredit":false},{"lineNumber":72,"author":{"gitId":"anand2273"},"content":"                        String[] rest \u003d parts[1].split(\"/from\");","lastModifiedDate":"2025-08-22T14:51:12","isFullCredit":false},{"lineNumber":73,"author":{"gitId":"anand2273"},"content":"                        String[] timeline \u003d rest[1].split(\"/to\");","lastModifiedDate":"2025-08-22T14:51:12","isFullCredit":false},{"lineNumber":74,"author":{"gitId":"anand2273"},"content":"                        EventTask eventTask \u003d new EventTask(rest[0].trim(), timeline[0].trim(), timeline[1].trim());","lastModifiedDate":"2025-08-22T14:51:12","isFullCredit":false},{"lineNumber":75,"author":{"gitId":"anand2273"},"content":"                        String eventMsg \u003d taskList.add(eventTask);","lastModifiedDate":"2025-08-22T14:51:12","isFullCredit":false},{"lineNumber":76,"author":{"gitId":"anand2273"},"content":"                        System.out.println(Ui.wrapText(eventMsg));","lastModifiedDate":"2025-08-22T14:51:12","isFullCredit":false},{"lineNumber":77,"author":{"gitId":"anand2273"},"content":"                    } catch (ArrayIndexOutOfBoundsException e) {","lastModifiedDate":"2025-08-23T18:18:10","isFullCredit":false},{"lineNumber":78,"author":{"gitId":"anand2273"},"content":"                        System.out.println(\"Invalid input. Please follow the prescribed format.\");","lastModifiedDate":"2025-08-23T18:18:10","isFullCredit":false},{"lineNumber":79,"author":{"gitId":"anand2273"},"content":"                    }","lastModifiedDate":"2025-08-23T18:18:10","isFullCredit":false},{"lineNumber":80,"author":{"gitId":"anand2273"},"content":"                    break;","lastModifiedDate":"2025-08-22T14:38:04","isFullCredit":false},{"lineNumber":81,"author":{"gitId":"anand2273"},"content":"                case \"delete\":","lastModifiedDate":"2025-08-23T18:34:08","isFullCredit":false},{"lineNumber":82,"author":{"gitId":"anand2273"},"content":"                    int pos \u003d Integer.parseInt(parts[1]) - 1;","lastModifiedDate":"2025-08-23T18:34:08","isFullCredit":false},{"lineNumber":83,"author":{"gitId":"anand2273"},"content":"                    String deleteMsg \u003d taskList.delete(pos);","lastModifiedDate":"2025-08-23T18:34:08","isFullCredit":false},{"lineNumber":84,"author":{"gitId":"anand2273"},"content":"                    System.out.println(Ui.wrapText(deleteMsg));","lastModifiedDate":"2025-08-23T18:34:08","isFullCredit":false},{"lineNumber":85,"author":{"gitId":"anand2273"},"content":"                    break;","lastModifiedDate":"2025-08-23T18:34:08","isFullCredit":false},{"lineNumber":86,"author":{"gitId":"anand2273"},"content":"                default:","lastModifiedDate":"2025-08-22T13:19:06","isFullCredit":false},{"lineNumber":87,"author":{"gitId":"anand2273"},"content":"                    Task task \u003d new Task(line);","lastModifiedDate":"2025-08-25T21:52:21","isFullCredit":false},{"lineNumber":88,"author":{"gitId":"anand2273"},"content":"                    String output \u003d taskList.add(task);","lastModifiedDate":"2025-08-22T14:19:25","isFullCredit":false},{"lineNumber":89,"author":{"gitId":"anand2273"},"content":"                    System.out.println(Ui.wrapText(output));","lastModifiedDate":"2025-08-22T14:19:25","isFullCredit":false},{"lineNumber":90,"author":{"gitId":"anand2273"},"content":"                    break;","lastModifiedDate":"2025-08-22T13:19:06","isFullCredit":false},{"lineNumber":91,"author":{"gitId":"anand2273"},"content":"            }","lastModifiedDate":"2025-08-22T01:17:16","isFullCredit":false},{"lineNumber":92,"author":{"gitId":"anand2273"},"content":"        }","lastModifiedDate":"2025-08-22T01:17:16","isFullCredit":false},{"lineNumber":93,"author":{"gitId":"anand2273"},"content":"    }","lastModifiedDate":"2025-08-22T01:05:51","isFullCredit":false},{"lineNumber":94,"author":{"gitId":"anand2273"},"content":"}","lastModifiedDate":"2025-08-22T01:05:51","isFullCredit":false}],"authorContributionMap":{"anand2273":94}},{"path":"src/main/java/parser/Parser.java","fileType":"java","lines":[{"lineNumber":1,"author":{"gitId":"anand2273"},"content":"//package parser;","lastModifiedDate":"2025-08-23T18:18:10","isFullCredit":false},{"lineNumber":2,"author":{"gitId":"anand2273"},"content":"//import tasks.Task;","lastModifiedDate":"2025-08-23T18:18:10","isFullCredit":false},{"lineNumber":3,"author":{"gitId":"anand2273"},"content":"//","lastModifiedDate":"2025-08-23T18:18:10","isFullCredit":false},{"lineNumber":4,"author":{"gitId":"anand2273"},"content":"//public class Parser {","lastModifiedDate":"2025-08-23T18:18:10","isFullCredit":false},{"lineNumber":5,"author":{"gitId":"anand2273"},"content":"//    public static Task parseTask(String message) {","lastModifiedDate":"2025-08-23T18:18:10","isFullCredit":false},{"lineNumber":6,"author":{"gitId":"anand2273"},"content":"//","lastModifiedDate":"2025-08-23T18:18:10","isFullCredit":false},{"lineNumber":7,"author":{"gitId":"anand2273"},"content":"//    }","lastModifiedDate":"2025-08-23T18:18:10","isFullCredit":false},{"lineNumber":8,"author":{"gitId":"anand2273"},"content":"//","lastModifiedDate":"2025-08-23T18:18:10","isFullCredit":false},{"lineNumber":9,"author":{"gitId":"anand2273"},"content":"//}","lastModifiedDate":"2025-08-23T18:18:10","isFullCredit":false}],"authorContributionMap":{"anand2273":9}},{"path":"src/main/java/tasks/DeadlineTask.java","fileType":"java","lines":[{"lineNumber":1,"author":{"gitId":"anand2273"},"content":"package tasks;","lastModifiedDate":"2025-08-22T14:38:04","isFullCredit":false},{"lineNumber":2,"author":{"gitId":"anand2273"},"content":"","lastModifiedDate":"2025-08-22T14:38:04","isFullCredit":false},{"lineNumber":3,"author":{"gitId":"anand2273"},"content":"public class DeadlineTask extends Task {","lastModifiedDate":"2025-08-22T14:38:04","isFullCredit":false},{"lineNumber":4,"author":{"gitId":"anand2273"},"content":"    protected String by;","lastModifiedDate":"2025-08-22T14:38:04","isFullCredit":false},{"lineNumber":5,"author":{"gitId":"anand2273"},"content":"","lastModifiedDate":"2025-08-22T14:38:04","isFullCredit":false},{"lineNumber":6,"author":{"gitId":"anand2273"},"content":"    public DeadlineTask(String taskName, String by) {","lastModifiedDate":"2025-08-22T14:38:04","isFullCredit":false},{"lineNumber":7,"author":{"gitId":"anand2273"},"content":"        super(taskName);","lastModifiedDate":"2025-08-22T14:38:04","isFullCredit":false},{"lineNumber":8,"author":{"gitId":"anand2273"},"content":"        this.by \u003d by;","lastModifiedDate":"2025-08-22T14:38:04","isFullCredit":false},{"lineNumber":9,"author":{"gitId":"anand2273"},"content":"    }","lastModifiedDate":"2025-08-22T14:38:04","isFullCredit":false},{"lineNumber":10,"author":{"gitId":"anand2273"},"content":"","lastModifiedDate":"2025-08-22T14:38:04","isFullCredit":false},{"lineNumber":11,"author":{"gitId":"anand2273"},"content":"    @Override","lastModifiedDate":"2025-08-22T14:38:04","isFullCredit":false},{"lineNumber":12,"author":{"gitId":"anand2273"},"content":"    public String toString() {","lastModifiedDate":"2025-08-22T14:38:04","isFullCredit":false},{"lineNumber":13,"author":{"gitId":"anand2273"},"content":"        return \"[D]\" + super.toString() + \" (by: \" + by + \")\";","lastModifiedDate":"2025-08-22T14:38:04","isFullCredit":false},{"lineNumber":14,"author":{"gitId":"anand2273"},"content":"    }","lastModifiedDate":"2025-08-22T14:38:04","isFullCredit":false},{"lineNumber":15,"author":{"gitId":"anand2273"},"content":"}","lastModifiedDate":"2025-08-22T14:38:04","isFullCredit":false}],"authorContributionMap":{"anand2273":15}},{"path":"src/main/java/tasks/EventTask.java","fileType":"java","lines":[{"lineNumber":1,"author":{"gitId":"anand2273"},"content":"package tasks;","lastModifiedDate":"2025-08-22T14:38:04","isFullCredit":false},{"lineNumber":2,"author":{"gitId":"anand2273"},"content":"","lastModifiedDate":"2025-08-22T14:38:04","isFullCredit":false},{"lineNumber":3,"author":{"gitId":"anand2273"},"content":"public class EventTask extends Task {","lastModifiedDate":"2025-08-22T14:38:04","isFullCredit":false},{"lineNumber":4,"author":{"gitId":"anand2273"},"content":"    protected String from;","lastModifiedDate":"2025-08-22T14:38:04","isFullCredit":false},{"lineNumber":5,"author":{"gitId":"anand2273"},"content":"    protected String to;","lastModifiedDate":"2025-08-22T14:38:04","isFullCredit":false},{"lineNumber":6,"author":{"gitId":"anand2273"},"content":"","lastModifiedDate":"2025-08-22T14:38:04","isFullCredit":false},{"lineNumber":7,"author":{"gitId":"anand2273"},"content":"    public EventTask(String taskName, String from, String to) {","lastModifiedDate":"2025-08-22T14:38:04","isFullCredit":false},{"lineNumber":8,"author":{"gitId":"anand2273"},"content":"        super(taskName);","lastModifiedDate":"2025-08-22T14:38:04","isFullCredit":false},{"lineNumber":9,"author":{"gitId":"anand2273"},"content":"        this.from \u003d from;","lastModifiedDate":"2025-08-22T14:38:04","isFullCredit":false},{"lineNumber":10,"author":{"gitId":"anand2273"},"content":"        this.to \u003d to;","lastModifiedDate":"2025-08-22T14:38:04","isFullCredit":false},{"lineNumber":11,"author":{"gitId":"anand2273"},"content":"    }","lastModifiedDate":"2025-08-22T14:38:04","isFullCredit":false},{"lineNumber":12,"author":{"gitId":"anand2273"},"content":"","lastModifiedDate":"2025-08-22T14:38:04","isFullCredit":false},{"lineNumber":13,"author":{"gitId":"anand2273"},"content":"    @Override","lastModifiedDate":"2025-08-22T14:38:04","isFullCredit":false},{"lineNumber":14,"author":{"gitId":"anand2273"},"content":"    public String toString() {","lastModifiedDate":"2025-08-22T14:38:04","isFullCredit":false},{"lineNumber":15,"author":{"gitId":"anand2273"},"content":"        return \"[E]\" + super.toString() + \" (from: \" + from + \" to: \" + to + \")\";","lastModifiedDate":"2025-08-22T14:38:04","isFullCredit":false},{"lineNumber":16,"author":{"gitId":"anand2273"},"content":"    }","lastModifiedDate":"2025-08-22T14:38:04","isFullCredit":false},{"lineNumber":17,"author":{"gitId":"anand2273"},"content":"}","lastModifiedDate":"2025-08-22T14:38:04","isFullCredit":false}],"authorContributionMap":{"anand2273":17}},{"path":"src/main/java/tasks/Task.java","fileType":"java","lines":[{"lineNumber":1,"author":{"gitId":"anand2273"},"content":"package tasks;","lastModifiedDate":"2025-08-22T04:28:32","isFullCredit":false},{"lineNumber":2,"author":{"gitId":"anand2273"},"content":"import ui.Ui;","lastModifiedDate":"2025-08-22T13:57:44","isFullCredit":false},{"lineNumber":3,"author":{"gitId":"anand2273"},"content":"","lastModifiedDate":"2025-08-22T04:28:32","isFullCredit":false},{"lineNumber":4,"author":{"gitId":"anand2273"},"content":"public class Task {","lastModifiedDate":"2025-08-22T04:28:32","isFullCredit":false},{"lineNumber":5,"author":{"gitId":"anand2273"},"content":"    protected final String taskName;","lastModifiedDate":"2025-08-22T13:57:44","isFullCredit":false},{"lineNumber":6,"author":{"gitId":"anand2273"},"content":"    protected boolean isDone;","lastModifiedDate":"2025-08-22T13:57:44","isFullCredit":false},{"lineNumber":7,"author":{"gitId":"anand2273"},"content":"","lastModifiedDate":"2025-08-22T04:28:32","isFullCredit":false},{"lineNumber":8,"author":{"gitId":"anand2273"},"content":"    public Task(String taskName) {","lastModifiedDate":"2025-08-22T04:28:32","isFullCredit":false},{"lineNumber":9,"author":{"gitId":"anand2273"},"content":"        this.taskName \u003d taskName;","lastModifiedDate":"2025-08-22T04:28:32","isFullCredit":false},{"lineNumber":10,"author":{"gitId":"anand2273"},"content":"        this.isDone \u003d false;","lastModifiedDate":"2025-08-22T13:19:06","isFullCredit":false},{"lineNumber":11,"author":{"gitId":"anand2273"},"content":"    }","lastModifiedDate":"2025-08-22T04:28:32","isFullCredit":false},{"lineNumber":12,"author":{"gitId":"anand2273"},"content":"","lastModifiedDate":"2025-08-22T04:28:32","isFullCredit":false},{"lineNumber":13,"author":{"gitId":"anand2273"},"content":"    public String markDone() {","lastModifiedDate":"2025-08-22T13:19:06","isFullCredit":false},{"lineNumber":14,"author":{"gitId":"anand2273"},"content":"        String msg;","lastModifiedDate":"2025-08-22T13:57:44","isFullCredit":false},{"lineNumber":15,"author":{"gitId":"anand2273"},"content":"        if (isDone) {","lastModifiedDate":"2025-08-22T14:19:25","isFullCredit":false},{"lineNumber":16,"author":{"gitId":"anand2273"},"content":"            msg \u003d \"task is already marked as done\\n\" + this.toString();","lastModifiedDate":"2025-08-22T13:57:44","isFullCredit":false},{"lineNumber":17,"author":{"gitId":"anand2273"},"content":"        } else {","lastModifiedDate":"2025-08-22T13:57:44","isFullCredit":false},{"lineNumber":18,"author":{"gitId":"anand2273"},"content":"            isDone \u003d true;","lastModifiedDate":"2025-08-22T14:19:25","isFullCredit":false},{"lineNumber":19,"author":{"gitId":"anand2273"},"content":"            msg \u003d \"task is marked as done\\n\" + this.toString();","lastModifiedDate":"2025-08-22T13:57:44","isFullCredit":false},{"lineNumber":20,"author":{"gitId":"anand2273"},"content":"        }","lastModifiedDate":"2025-08-22T13:57:44","isFullCredit":false},{"lineNumber":21,"author":{"gitId":"anand2273"},"content":"        return msg;","lastModifiedDate":"2025-08-22T14:51:12","isFullCredit":false},{"lineNumber":22,"author":{"gitId":"anand2273"},"content":"    }","lastModifiedDate":"2025-08-22T13:19:06","isFullCredit":false},{"lineNumber":23,"author":{"gitId":"anand2273"},"content":"","lastModifiedDate":"2025-08-22T13:19:06","isFullCredit":false},{"lineNumber":24,"author":{"gitId":"anand2273"},"content":"    public String markUndone() {","lastModifiedDate":"2025-08-22T13:19:06","isFullCredit":false},{"lineNumber":25,"author":{"gitId":"anand2273"},"content":"        String msg;","lastModifiedDate":"2025-08-22T13:57:44","isFullCredit":false},{"lineNumber":26,"author":{"gitId":"anand2273"},"content":"        if (!isDone) {","lastModifiedDate":"2025-08-22T14:19:25","isFullCredit":false},{"lineNumber":27,"author":{"gitId":"anand2273"},"content":"            msg \u003d \"task is already marked as undone\\n\" + this.toString();","lastModifiedDate":"2025-08-22T13:57:44","isFullCredit":false},{"lineNumber":28,"author":{"gitId":"anand2273"},"content":"        } else {","lastModifiedDate":"2025-08-22T13:57:44","isFullCredit":false},{"lineNumber":29,"author":{"gitId":"anand2273"},"content":"            isDone \u003d false;","lastModifiedDate":"2025-08-22T14:19:25","isFullCredit":false},{"lineNumber":30,"author":{"gitId":"anand2273"},"content":"            msg \u003d \"task is marked as undone\\n\" + this.toString();","lastModifiedDate":"2025-08-22T13:57:44","isFullCredit":false},{"lineNumber":31,"author":{"gitId":"anand2273"},"content":"        }","lastModifiedDate":"2025-08-22T13:57:44","isFullCredit":false},{"lineNumber":32,"author":{"gitId":"anand2273"},"content":"        return msg;","lastModifiedDate":"2025-08-22T14:51:12","isFullCredit":false},{"lineNumber":33,"author":{"gitId":"anand2273"},"content":"    }","lastModifiedDate":"2025-08-22T04:28:32","isFullCredit":false},{"lineNumber":34,"author":{"gitId":"anand2273"},"content":"","lastModifiedDate":"2025-08-22T04:28:32","isFullCredit":false},{"lineNumber":35,"author":{"gitId":"anand2273"},"content":"    public String toString() {","lastModifiedDate":"2025-08-22T04:28:32","isFullCredit":false},{"lineNumber":36,"author":{"gitId":"anand2273"},"content":"        String doneMark \u003d \"[] \";","lastModifiedDate":"2025-08-22T13:19:06","isFullCredit":false},{"lineNumber":37,"author":{"gitId":"anand2273"},"content":"        if (isDone) {","lastModifiedDate":"2025-08-22T14:19:25","isFullCredit":false},{"lineNumber":38,"author":{"gitId":"anand2273"},"content":"            doneMark \u003d \"[X] \";","lastModifiedDate":"2025-08-22T13:19:06","isFullCredit":false},{"lineNumber":39,"author":{"gitId":"anand2273"},"content":"        }","lastModifiedDate":"2025-08-22T13:19:06","isFullCredit":false},{"lineNumber":40,"author":{"gitId":"anand2273"},"content":"        return doneMark + this.taskName;","lastModifiedDate":"2025-08-22T13:19:06","isFullCredit":false},{"lineNumber":41,"author":{"gitId":"anand2273"},"content":"    }","lastModifiedDate":"2025-08-22T04:28:32","isFullCredit":false},{"lineNumber":42,"author":{"gitId":"anand2273"},"content":"}","lastModifiedDate":"2025-08-22T04:28:32","isFullCredit":false}],"authorContributionMap":{"anand2273":42}},{"path":"src/main/java/tasks/TaskList.java","fileType":"java","lines":[{"lineNumber":1,"author":{"gitId":"anand2273"},"content":"package tasks;","lastModifiedDate":"2025-08-22T04:28:32","isFullCredit":false},{"lineNumber":2,"author":{"gitId":"anand2273"},"content":"import java.util.ArrayList;","lastModifiedDate":"2025-08-22T04:28:32","isFullCredit":false},{"lineNumber":3,"author":{"gitId":"anand2273"},"content":"import java.lang.StringBuilder;","lastModifiedDate":"2025-08-22T04:28:32","isFullCredit":false},{"lineNumber":4,"author":{"gitId":"anand2273"},"content":"import ui.Ui;","lastModifiedDate":"2025-08-22T14:19:25","isFullCredit":false},{"lineNumber":5,"author":{"gitId":"anand2273"},"content":"","lastModifiedDate":"2025-08-22T04:28:32","isFullCredit":false},{"lineNumber":6,"author":{"gitId":"anand2273"},"content":"public class TaskList {","lastModifiedDate":"2025-08-22T04:28:32","isFullCredit":false},{"lineNumber":7,"author":{"gitId":"anand2273"},"content":"    private final ArrayList\u003cTask\u003e tasks;","lastModifiedDate":"2025-08-22T04:28:32","isFullCredit":false},{"lineNumber":8,"author":{"gitId":"anand2273"},"content":"","lastModifiedDate":"2025-08-22T04:28:32","isFullCredit":false},{"lineNumber":9,"author":{"gitId":"anand2273"},"content":"    public TaskList() {","lastModifiedDate":"2025-08-22T04:28:32","isFullCredit":false},{"lineNumber":10,"author":{"gitId":"anand2273"},"content":"        this.tasks \u003d new ArrayList\u003cTask\u003e();","lastModifiedDate":"2025-08-22T04:28:32","isFullCredit":false},{"lineNumber":11,"author":{"gitId":"anand2273"},"content":"    }","lastModifiedDate":"2025-08-22T04:28:32","isFullCredit":false},{"lineNumber":12,"author":{"gitId":"anand2273"},"content":"","lastModifiedDate":"2025-08-22T04:28:32","isFullCredit":false},{"lineNumber":13,"author":{"gitId":"anand2273"},"content":"    public Task get(int idx) {","lastModifiedDate":"2025-08-22T13:19:06","isFullCredit":false},{"lineNumber":14,"author":{"gitId":"anand2273"},"content":"        return this.tasks.get(idx);","lastModifiedDate":"2025-08-22T13:19:06","isFullCredit":false},{"lineNumber":15,"author":{"gitId":"anand2273"},"content":"    }","lastModifiedDate":"2025-08-22T13:19:06","isFullCredit":false},{"lineNumber":16,"author":{"gitId":"anand2273"},"content":"    public String add(Task task) {","lastModifiedDate":"2025-08-22T04:28:32","isFullCredit":false},{"lineNumber":17,"author":{"gitId":"anand2273"},"content":"        this.tasks.add(task);","lastModifiedDate":"2025-08-22T04:28:32","isFullCredit":false},{"lineNumber":18,"author":{"gitId":"anand2273"},"content":"        return \"added: \" + task.toString();","lastModifiedDate":"2025-08-22T04:28:32","isFullCredit":false},{"lineNumber":19,"author":{"gitId":"anand2273"},"content":"    }","lastModifiedDate":"2025-08-22T04:28:32","isFullCredit":false},{"lineNumber":20,"author":{"gitId":"anand2273"},"content":"","lastModifiedDate":"2025-08-22T04:28:32","isFullCredit":false},{"lineNumber":21,"author":{"gitId":"anand2273"},"content":"    public String delete(int idx) {","lastModifiedDate":"2025-08-23T18:34:08","isFullCredit":false},{"lineNumber":22,"author":{"gitId":"anand2273"},"content":"        Task task \u003d tasks.get(idx);","lastModifiedDate":"2025-08-23T18:34:08","isFullCredit":false},{"lineNumber":23,"author":{"gitId":"anand2273"},"content":"        tasks.remove(idx);","lastModifiedDate":"2025-08-23T18:34:08","isFullCredit":false},{"lineNumber":24,"author":{"gitId":"anand2273"},"content":"        int size \u003d tasks.size();","lastModifiedDate":"2025-08-23T18:34:08","isFullCredit":false},{"lineNumber":25,"author":{"gitId":"anand2273"},"content":"        return \"Noted. Removed this task\\n\" + task + \"\\n\" + String.format(\"There are %d tasks left\", size);","lastModifiedDate":"2025-08-23T18:34:08","isFullCredit":false},{"lineNumber":26,"author":{"gitId":"anand2273"},"content":"    }","lastModifiedDate":"2025-08-23T18:34:08","isFullCredit":false},{"lineNumber":27,"author":{"gitId":"anand2273"},"content":"","lastModifiedDate":"2025-08-23T18:34:08","isFullCredit":false},{"lineNumber":28,"author":{"gitId":"anand2273"},"content":"    @Override","lastModifiedDate":"2025-08-22T04:28:32","isFullCredit":false},{"lineNumber":29,"author":{"gitId":"anand2273"},"content":"    public String toString() {","lastModifiedDate":"2025-08-22T04:28:32","isFullCredit":false},{"lineNumber":30,"author":{"gitId":"anand2273"},"content":"        if (tasks.isEmpty()) {","lastModifiedDate":"2025-08-22T04:28:32","isFullCredit":false},{"lineNumber":31,"author":{"gitId":"anand2273"},"content":"            return \"no tasks yet. get to work\";","lastModifiedDate":"2025-08-22T14:51:12","isFullCredit":false},{"lineNumber":32,"author":{"gitId":"anand2273"},"content":"        }","lastModifiedDate":"2025-08-22T04:28:32","isFullCredit":false},{"lineNumber":33,"author":{"gitId":"anand2273"},"content":"        StringBuilder sb \u003d new StringBuilder(\"Your Tasks:\");","lastModifiedDate":"2025-08-22T14:19:25","isFullCredit":false},{"lineNumber":34,"author":{"gitId":"anand2273"},"content":"        for (int i \u003d 0; i \u003c tasks.size(); i++) {","lastModifiedDate":"2025-08-22T04:28:32","isFullCredit":false},{"lineNumber":35,"author":{"gitId":"anand2273"},"content":"            sb.append(\"\\n\")","lastModifiedDate":"2025-08-22T14:19:25","isFullCredit":false},{"lineNumber":36,"author":{"gitId":"anand2273"},"content":"                    .append(i + 1)","lastModifiedDate":"2025-08-22T14:19:25","isFullCredit":false},{"lineNumber":37,"author":{"gitId":"anand2273"},"content":"                    .append(\". \")","lastModifiedDate":"2025-08-22T04:28:32","isFullCredit":false},{"lineNumber":38,"author":{"gitId":"anand2273"},"content":"                    .append(tasks.get(i).toString());","lastModifiedDate":"2025-08-22T14:19:25","isFullCredit":false},{"lineNumber":39,"author":{"gitId":"anand2273"},"content":"        }","lastModifiedDate":"2025-08-22T04:28:32","isFullCredit":false},{"lineNumber":40,"author":{"gitId":"anand2273"},"content":"        return sb.toString();","lastModifiedDate":"2025-08-22T14:51:12","isFullCredit":false},{"lineNumber":41,"author":{"gitId":"anand2273"},"content":"    }","lastModifiedDate":"2025-08-22T04:28:32","isFullCredit":false},{"lineNumber":42,"author":{"gitId":"anand2273"},"content":"}","lastModifiedDate":"2025-08-22T04:28:32","isFullCredit":false}],"authorContributionMap":{"anand2273":42}},{"path":"src/main/java/tasks/TodoTask.java","fileType":"java","lines":[{"lineNumber":1,"author":{"gitId":"anand2273"},"content":"package tasks;","lastModifiedDate":"2025-08-22T13:57:44","isFullCredit":false},{"lineNumber":2,"author":{"gitId":"anand2273"},"content":"","lastModifiedDate":"2025-08-22T13:57:44","isFullCredit":false},{"lineNumber":3,"author":{"gitId":"anand2273"},"content":"public class TodoTask extends Task {","lastModifiedDate":"2025-08-22T13:57:44","isFullCredit":false},{"lineNumber":4,"author":{"gitId":"anand2273"},"content":"","lastModifiedDate":"2025-08-22T13:57:44","isFullCredit":false},{"lineNumber":5,"author":{"gitId":"anand2273"},"content":"    public TodoTask(String taskName) {","lastModifiedDate":"2025-08-22T13:57:44","isFullCredit":false},{"lineNumber":6,"author":{"gitId":"anand2273"},"content":"        super(taskName);","lastModifiedDate":"2025-08-22T13:57:44","isFullCredit":false},{"lineNumber":7,"author":{"gitId":"anand2273"},"content":"    }","lastModifiedDate":"2025-08-22T13:57:44","isFullCredit":false},{"lineNumber":8,"author":{"gitId":"anand2273"},"content":"","lastModifiedDate":"2025-08-22T13:57:44","isFullCredit":false},{"lineNumber":9,"author":{"gitId":"anand2273"},"content":"    @Override","lastModifiedDate":"2025-08-22T14:19:25","isFullCredit":false},{"lineNumber":10,"author":{"gitId":"anand2273"},"content":"    public String toString() {","lastModifiedDate":"2025-08-22T14:19:25","isFullCredit":false},{"lineNumber":11,"author":{"gitId":"anand2273"},"content":"        return \"[T]\" + super.toString();","lastModifiedDate":"2025-08-22T14:38:04","isFullCredit":false},{"lineNumber":12,"author":{"gitId":"anand2273"},"content":"    }","lastModifiedDate":"2025-08-22T14:19:25","isFullCredit":false},{"lineNumber":13,"author":{"gitId":"anand2273"},"content":"}","lastModifiedDate":"2025-08-22T13:57:44","isFullCredit":false}],"authorContributionMap":{"anand2273":13}},{"path":"src/main/java/ui/Ui.java","fileType":"java","lines":[{"lineNumber":1,"author":{"gitId":"anand2273"},"content":"package ui;","lastModifiedDate":"2025-08-22T13:29:54","isFullCredit":false},{"lineNumber":2,"author":{"gitId":"anand2273"},"content":"","lastModifiedDate":"2025-08-22T13:29:54","isFullCredit":false},{"lineNumber":3,"author":{"gitId":"anand2273"},"content":"public class Ui {","lastModifiedDate":"2025-08-22T13:29:54","isFullCredit":false},{"lineNumber":4,"author":{"gitId":"anand2273"},"content":"    public static final String INDENTATION \u003d \"_______________________________________\\n\";","lastModifiedDate":"2025-08-22T13:29:54","isFullCredit":false},{"lineNumber":5,"author":{"gitId":"anand2273"},"content":"","lastModifiedDate":"2025-08-22T14:19:25","isFullCredit":false},{"lineNumber":6,"author":{"gitId":"anand2273"},"content":"    public static String wrapText(String msg) {","lastModifiedDate":"2025-08-22T14:19:25","isFullCredit":false},{"lineNumber":7,"author":{"gitId":"anand2273"},"content":"        return INDENTATION + msg + \"\\n\" + INDENTATION;","lastModifiedDate":"2025-08-22T14:19:25","isFullCredit":false},{"lineNumber":8,"author":{"gitId":"anand2273"},"content":"    }","lastModifiedDate":"2025-08-22T14:19:25","isFullCredit":false},{"lineNumber":9,"author":{"gitId":"anand2273"},"content":"}","lastModifiedDate":"2025-08-22T13:29:54","isFullCredit":false}],"authorContributionMap":{"anand2273":9}},{"path":"text-ui-test/input.txt","fileType":"txt","lines":[{"lineNumber":1,"author":{"gitId":"anand2273"},"content":"hello","lastModifiedDate":"2025-08-22T15:18:32","isFullCredit":false},{"lineNumber":2,"author":{"gitId":"anand2273"},"content":"list","lastModifiedDate":"2025-08-22T15:18:32","isFullCredit":false},{"lineNumber":3,"author":{"gitId":"anand2273"},"content":"todo read book","lastModifiedDate":"2025-08-22T15:18:32","isFullCredit":false},{"lineNumber":4,"author":{"gitId":"anand2273"},"content":"deadline do homework /by tonight","lastModifiedDate":"2025-08-22T15:18:32","isFullCredit":false},{"lineNumber":5,"author":{"gitId":"anand2273"},"content":"event project meeting /from Mon 2pm /to Mon 4pm","lastModifiedDate":"2025-08-22T15:18:32","isFullCredit":false},{"lineNumber":6,"author":{"gitId":"anand2273"},"content":"mark 2","lastModifiedDate":"2025-08-22T15:18:32","isFullCredit":false},{"lineNumber":7,"author":{"gitId":"anand2273"},"content":"mark 2","lastModifiedDate":"2025-08-22T15:18:32","isFullCredit":false},{"lineNumber":8,"author":{"gitId":"anand2273"},"content":"unmark 2","lastModifiedDate":"2025-08-22T15:18:32","isFullCredit":false},{"lineNumber":9,"author":{"gitId":"anand2273"},"content":"unmark 2","lastModifiedDate":"2025-08-22T15:18:32","isFullCredit":false},{"lineNumber":10,"author":{"gitId":"anand2273"},"content":"mark -1","lastModifiedDate":"2025-08-23T18:18:10","isFullCredit":false},{"lineNumber":11,"author":{"gitId":"anand2273"},"content":"mark one","lastModifiedDate":"2025-08-23T18:18:10","isFullCredit":false},{"lineNumber":12,"author":{"gitId":"anand2273"},"content":"mark 3","lastModifiedDate":"2025-08-23T18:18:10","isFullCredit":false},{"lineNumber":13,"author":{"gitId":"anand2273"},"content":"delete 1","lastModifiedDate":"2025-08-23T18:34:08","isFullCredit":false},{"lineNumber":14,"author":{"gitId":"anand2273"},"content":"list","lastModifiedDate":"2025-08-23T18:34:08","isFullCredit":false},{"lineNumber":15,"author":{"gitId":"anand2273"},"content":"bye","lastModifiedDate":"2025-08-22T15:18:32","isFullCredit":false}],"authorContributionMap":{"anand2273":15}},{"path":"text-ui-test/runtest.bat","fileType":"bat","lines":[{"lineNumber":1,"author":{"gitId":"-"},"content":"@ECHO OFF","lastModifiedDate":"2020-05-25T00:03:55","isFullCredit":false},{"lineNumber":2,"author":{"gitId":"-"},"content":"","lastModifiedDate":"2020-05-25T00:03:55","isFullCredit":false},{"lineNumber":3,"author":{"gitId":"-"},"content":"REM create bin directory if it doesn\u0027t exist","lastModifiedDate":"2020-05-25T00:03:55","isFullCredit":false},{"lineNumber":4,"author":{"gitId":"-"},"content":"if not exist ..\\bin mkdir ..\\bin","lastModifiedDate":"2020-05-25T00:03:55","isFullCredit":false},{"lineNumber":5,"author":{"gitId":"-"},"content":"","lastModifiedDate":"2020-05-25T00:03:55","isFullCredit":false},{"lineNumber":6,"author":{"gitId":"-"},"content":"REM delete output from previous run","lastModifiedDate":"2020-05-25T00:03:55","isFullCredit":false},{"lineNumber":7,"author":{"gitId":"-"},"content":"if exist ACTUAL.TXT del ACTUAL.TXT","lastModifiedDate":"2020-08-25T17:23:26","isFullCredit":false},{"lineNumber":8,"author":{"gitId":"-"},"content":"","lastModifiedDate":"2020-05-25T00:03:55","isFullCredit":false},{"lineNumber":9,"author":{"gitId":"-"},"content":"REM compile the code into the bin folder","lastModifiedDate":"2020-05-25T00:03:55","isFullCredit":false},{"lineNumber":10,"author":{"gitId":"-"},"content":"javac  -cp ..\\src\\main\\java -Xlint:none -d ..\\bin ..\\src\\main\\java\\*.java","lastModifiedDate":"2020-08-25T17:23:26","isFullCredit":false},{"lineNumber":11,"author":{"gitId":"-"},"content":"IF ERRORLEVEL 1 (","lastModifiedDate":"2020-05-25T00:03:55","isFullCredit":false},{"lineNumber":12,"author":{"gitId":"-"},"content":"    echo ********** BUILD FAILURE **********","lastModifiedDate":"2020-05-25T00:03:55","isFullCredit":false},{"lineNumber":13,"author":{"gitId":"-"},"content":"    exit /b 1","lastModifiedDate":"2020-05-25T00:03:55","isFullCredit":false},{"lineNumber":14,"author":{"gitId":"-"},"content":")","lastModifiedDate":"2020-05-25T00:03:55","isFullCredit":false},{"lineNumber":15,"author":{"gitId":"-"},"content":"REM no error here, errorlevel \u003d\u003d 0","lastModifiedDate":"2020-05-25T00:03:55","isFullCredit":false},{"lineNumber":16,"author":{"gitId":"-"},"content":"","lastModifiedDate":"2020-05-25T00:03:55","isFullCredit":false},{"lineNumber":17,"author":{"gitId":"-"},"content":"REM run the program, feed commands from input.txt file and redirect the output to the ACTUAL.TXT","lastModifiedDate":"2020-05-25T00:03:55","isFullCredit":false},{"lineNumber":18,"author":{"gitId":"anand2273"},"content":"java -classpath ..\\bin Dennis \u003c input.txt \u003e ACTUAL.TXT","lastModifiedDate":"2025-08-22T15:18:32","isFullCredit":false},{"lineNumber":19,"author":{"gitId":"-"},"content":"","lastModifiedDate":"2020-05-25T00:03:55","isFullCredit":false},{"lineNumber":20,"author":{"gitId":"-"},"content":"REM compare the output to the expected output","lastModifiedDate":"2020-05-25T00:03:55","isFullCredit":false},{"lineNumber":21,"author":{"gitId":"-"},"content":"FC ACTUAL.TXT EXPECTED.TXT","lastModifiedDate":"2020-05-25T00:03:55","isFullCredit":false}],"authorContributionMap":{"-":20,"anand2273":1}},{"path":"text-ui-test/runtest.sh","fileType":"sh","lines":[{"lineNumber":1,"author":{"gitId":"-"},"content":"#!/usr/bin/env bash","lastModifiedDate":"2020-05-25T00:03:55","isFullCredit":false},{"lineNumber":2,"author":{"gitId":"-"},"content":"","lastModifiedDate":"2020-05-25T00:03:55","isFullCredit":false},{"lineNumber":3,"author":{"gitId":"-"},"content":"# create bin directory if it doesn\u0027t exist","lastModifiedDate":"2020-05-25T00:03:55","isFullCredit":false},{"lineNumber":4,"author":{"gitId":"-"},"content":"if [ ! -d \"../bin\" ]","lastModifiedDate":"2020-05-25T00:03:55","isFullCredit":false},{"lineNumber":5,"author":{"gitId":"-"},"content":"then","lastModifiedDate":"2020-05-25T00:03:55","isFullCredit":false},{"lineNumber":6,"author":{"gitId":"-"},"content":"    mkdir ../bin","lastModifiedDate":"2020-05-25T00:03:55","isFullCredit":false},{"lineNumber":7,"author":{"gitId":"-"},"content":"fi","lastModifiedDate":"2020-05-25T00:03:55","isFullCredit":false},{"lineNumber":8,"author":{"gitId":"-"},"content":"","lastModifiedDate":"2020-05-25T00:03:55","isFullCredit":false},{"lineNumber":9,"author":{"gitId":"-"},"content":"# delete output from previous run","lastModifiedDate":"2020-05-25T00:03:55","isFullCredit":false},{"lineNumber":10,"author":{"gitId":"-"},"content":"if [ -e \"./ACTUAL.TXT\" ]","lastModifiedDate":"2020-05-25T00:03:55","isFullCredit":false},{"lineNumber":11,"author":{"gitId":"-"},"content":"then","lastModifiedDate":"2020-05-25T00:03:55","isFullCredit":false},{"lineNumber":12,"author":{"gitId":"-"},"content":"    rm ACTUAL.TXT","lastModifiedDate":"2020-05-25T00:03:55","isFullCredit":false},{"lineNumber":13,"author":{"gitId":"-"},"content":"fi","lastModifiedDate":"2020-05-25T00:03:55","isFullCredit":false},{"lineNumber":14,"author":{"gitId":"-"},"content":"","lastModifiedDate":"2020-05-25T00:03:55","isFullCredit":false},{"lineNumber":15,"author":{"gitId":"-"},"content":"# compile the code into the bin folder, terminates if error occurred","lastModifiedDate":"2020-05-25T00:03:55","isFullCredit":false},{"lineNumber":16,"author":{"gitId":"-"},"content":"if ! javac -cp ../src/main/java -Xlint:none -d ../bin ../src/main/java/*.java","lastModifiedDate":"2020-08-25T17:23:26","isFullCredit":false},{"lineNumber":17,"author":{"gitId":"-"},"content":"then","lastModifiedDate":"2020-05-25T00:03:55","isFullCredit":false},{"lineNumber":18,"author":{"gitId":"-"},"content":"    echo \"********** BUILD FAILURE **********\"","lastModifiedDate":"2020-05-25T00:03:55","isFullCredit":false},{"lineNumber":19,"author":{"gitId":"-"},"content":"    exit 1","lastModifiedDate":"2020-05-25T00:03:55","isFullCredit":false},{"lineNumber":20,"author":{"gitId":"-"},"content":"fi","lastModifiedDate":"2020-05-25T00:03:55","isFullCredit":false},{"lineNumber":21,"author":{"gitId":"-"},"content":"","lastModifiedDate":"2020-05-25T00:03:55","isFullCredit":false},{"lineNumber":22,"author":{"gitId":"-"},"content":"# run the program, feed commands from input.txt file and redirect the output to the ACTUAL.TXT","lastModifiedDate":"2020-05-25T00:03:55","isFullCredit":false},{"lineNumber":23,"author":{"gitId":"anand2273"},"content":"java -classpath ../bin Dennis \u003c input.txt \u003e ACTUAL.TXT","lastModifiedDate":"2025-08-22T15:18:32","isFullCredit":false},{"lineNumber":24,"author":{"gitId":"-"},"content":"","lastModifiedDate":"2020-05-25T00:03:55","isFullCredit":false},{"lineNumber":25,"author":{"gitId":"-"},"content":"# convert to UNIX format","lastModifiedDate":"2020-05-25T00:03:55","isFullCredit":false},{"lineNumber":26,"author":{"gitId":"-"},"content":"cp EXPECTED.TXT EXPECTED-UNIX.TXT","lastModifiedDate":"2020-05-25T00:03:55","isFullCredit":false},{"lineNumber":27,"author":{"gitId":"-"},"content":"dos2unix ACTUAL.TXT EXPECTED-UNIX.TXT","lastModifiedDate":"2020-05-25T00:03:55","isFullCredit":false},{"lineNumber":28,"author":{"gitId":"-"},"content":"","lastModifiedDate":"2020-05-25T00:03:55","isFullCredit":false},{"lineNumber":29,"author":{"gitId":"-"},"content":"# compare the output to the expected output","lastModifiedDate":"2020-05-25T00:03:55","isFullCredit":false},{"lineNumber":30,"author":{"gitId":"-"},"content":"diff ACTUAL.TXT EXPECTED-UNIX.TXT","lastModifiedDate":"2020-05-25T00:03:55","isFullCredit":false},{"lineNumber":31,"author":{"gitId":"-"},"content":"if [ $? -eq 0 ]","lastModifiedDate":"2020-05-25T00:03:55","isFullCredit":false},{"lineNumber":32,"author":{"gitId":"-"},"content":"then","lastModifiedDate":"2020-05-25T00:03:55","isFullCredit":false},{"lineNumber":33,"author":{"gitId":"-"},"content":"    echo \"Test result: PASSED\"","lastModifiedDate":"2020-05-25T00:03:55","isFullCredit":false},{"lineNumber":34,"author":{"gitId":"-"},"content":"    exit 0","lastModifiedDate":"2020-05-25T00:03:55","isFullCredit":false},{"lineNumber":35,"author":{"gitId":"-"},"content":"else","lastModifiedDate":"2020-05-25T00:03:55","isFullCredit":false},{"lineNumber":36,"author":{"gitId":"-"},"content":"    echo \"Test result: FAILED\"","lastModifiedDate":"2020-05-25T00:03:55","isFullCredit":false},{"lineNumber":37,"author":{"gitId":"-"},"content":"    exit 1","lastModifiedDate":"2020-05-25T00:03:55","isFullCredit":false},{"lineNumber":38,"author":{"gitId":"-"},"content":"fi","lastModifiedDate":"2020-05-25T00:03:55","isFullCredit":false}],"authorContributionMap":{"-":37,"anand2273":1}}]
