{"authorDailyContributionsMap":{"anand2273":[{"date":"2025-08-22T00:00:00","commitResults":[{"hash":"8bb1358b9bf79e560397235b8f14582766ba5ba3","isMergeCommit":false,"messageTitle":"Personalised chatbot and updated .gitignore","messageBody":"","fileTypesAndContributionMap":{"java":{"insertions":15,"deletions":10}}},{"hash":"603cdfd58f7f34adbae6c441cec14be0c155399d","isMergeCommit":false,"messageTitle":"Added echo and bye features to DENNIS","messageBody":"","fileTypesAndContributionMap":{"java":{"insertions":22,"deletions":8}}},{"hash":"cf7061fec89c8294f34f00688b6d54d516e5da2a","isMergeCommit":false,"messageTitle":"Added tasks and task list","messageBody":"","fileTypesAndContributionMap":{"java":{"insertions":72,"deletions":1}}}]}]},"authorFileTypeContributionMap":{"anand2273":{"java":100,"md":0,"fxml":0,"sh":0,"bat":0,"gradle":0,"txt":0}},"authorContributionVariance":{"anand2273":1019.4489},"authorDisplayNameMap":{"anand2273":"ANAN..BALA"}}
