{"authorDailyContributionsMap":{"larrygaw":[{"date":"2025-08-21T00:00:00","commitResults":[{"hash":"510931b2980b718af9736ecdf9c6a40bc1caf8a7","isMergeCommit":false,"messageTitle":"Rename class and change message","messageBody":"","tags":["Level-0"],"fileTypesAndContributionMap":{"java":{"insertions":8,"deletions":10},"bat":{"insertions":1,"deletions":1},"md":{"insertions":3,"deletions":3}}},{"hash":"853d41f5a55052787c97d3b267a0d28aa591176f","isMergeCommit":false,"messageTitle":"Add support for echo","messageBody":"","tags":["Level-1"],"fileTypesAndContributionMap":{"java":{"insertions":29,"deletions":4}}},{"hash":"a5de73f6454737de0139e5289195b8abbf8f6839","isMergeCommit":false,"messageTitle":"Add support for list","messageBody":"","tags":["Level-2"],"fileTypesAndContributionMap":{"java":{"insertions":16,"deletions":2}}},{"hash":"ab0ac1d336c82842e72a4864e973038c4e70bdda","isMergeCommit":false,"messageTitle":"Add ability to mark/unmark task as done","messageBody":"","tags":["Level-3"],"fileTypesAndContributionMap":{"java":{"insertions":72,"deletions":7}}}]},{"date":"2025-08-22T00:00:00","commitResults":[{"hash":"b81d4d1a425f3fce8912e2690fa2ada714d623ab","isMergeCommit":false,"messageTitle":"Add support for tracking three types of tasks","messageBody":"","tags":["Level-4"],"fileTypesAndContributionMap":{"java":{"insertions":78,"deletions":5}}},{"hash":"edb1662e878ffb5e86fb07b5dda9cf98932ad453","isMergeCommit":false,"messageTitle":"Add support for automated text UI testing","messageBody":"","tags":["A-TextUiTesting"],"fileTypesAndContributionMap":{"txt":{"insertions":7,"deletions":0},"bat":{"insertions":5,"deletions":0}}},{"hash":"41c5548a7cbe707cb8af4ba141f6011156a4cf47","isMergeCommit":false,"messageTitle":"Add support to handle errors","messageBody":"","tags":["Level-5"],"fileTypesAndContributionMap":{"txt":{"insertions":12,"deletions":4},"java":{"insertions":63,"deletions":56}}},{"hash":"b0db27c3a437f8e9d1fcb504eabc3c3a228427f9","isMergeCommit":false,"messageTitle":"Add support for deleting tasks from the list","messageBody":"","tags":["Level-6"],"fileTypesAndContributionMap":{"txt":{"insertions":4,"deletions":0},"java":{"insertions":26,"deletions":15}}}]},{"date":"2025-08-28T00:00:00","commitResults":[{"hash":"010dc61164cc17fef18205709f49adc334949778","isMergeCommit":false,"messageTitle":"Add support for save","messageBody":"","fileTypesAndContributionMap":{"txt":{"insertions":2,"deletions":0},"java":{"insertions":115,"deletions":3}}},{"hash":"191da23aef2f8567b8d406981054cb24300eba86","isMergeCommit":true,"messageTitle":"Merge Level 7 branch into master","messageBody":"","tags":["Level-7"],"fileTypesAndContributionMap":{}}]},{"date":"2025-08-29T00:00:00","commitResults":[{"hash":"314b799b101503eaa92f37213f4faaa7afa3e51f","isMergeCommit":false,"messageTitle":"Add support for dates and times, and on","messageBody":"","fileTypesAndContributionMap":{"txt":{"insertions":5,"deletions":0},"java":{"insertions":124,"deletions":26}}},{"hash":"63be967f6fee29b82f6109a1ae3e5e0d5d21b0be","isMergeCommit":true,"messageTitle":"Merge level 8 branch into master","messageBody":"","tags":["Level-8"],"fileTypesAndContributionMap":{}},{"hash":"6742915dc9650734040e69ed9d8000df6ce08159","isMergeCommit":false,"messageTitle":"Implement tasklist and storage","messageBody":"","fileTypesAndContributionMap":{"txt":{"insertions":4,"deletions":5},"java":{"insertions":72,"deletions":36}}},{"hash":"7cfc832253ceef0de2ac2c4d2ccce623581ed0ae","isMergeCommit":false,"messageTitle":"Implement ui","messageBody":"","fileTypesAndContributionMap":{"txt":{"insertions":3,"deletions":1},"java":{"insertions":128,"deletions":90}}},{"hash":"e3477c6c0e9ba3b655cbe6fca9093666a0d5c924","isMergeCommit":false,"messageTitle":"Implement parser","messageBody":"","fileTypesAndContributionMap":{"txt":{"insertions":4,"deletions":0},"java":{"insertions":136,"deletions":110}}},{"hash":"c834640b1d2fad1722fcda00703041c464e5ca00","isMergeCommit":true,"messageTitle":"Merge MoreOOP branch into master","messageBody":"","tags":["A-MoreOOP"],"fileTypesAndContributionMap":{}},{"hash":"0ebfb5ce243d2a57fe8690e01ea43ff5f99e6b4d","isMergeCommit":false,"messageTitle":"Add support for packages","messageBody":"","fileTypesAndContributionMap":{"java":{"insertions":51,"deletions":11}}},{"hash":"6e6c823f2738094783ae1877fad1385aa2b55e45","isMergeCommit":true,"messageTitle":"Merge packages branch into master","messageBody":"","tags":["A-Packages"],"fileTypesAndContributionMap":{}}]},{"date":"2025-08-31T00:00:00","commitResults":[{"hash":"249a0765965d972f59d5b4f6a03cd0418ab3978c","isMergeCommit":true,"messageTitle":"Merge add-gradle-support branch into master","messageBody":"","fileTypesAndContributionMap":{}},{"hash":"fbe2153b015dabbce5dfd8a7a034b6fb1dec6765","isMergeCommit":false,"messageTitle":"Add support for Gradle","messageBody":"","tags":["A-Gradle"],"fileTypesAndContributionMap":{"gradle":{"insertions":1,"deletions":1},"txt":{"insertions":1,"deletions":0}}},{"hash":"cab8065b28b5d28a68e1841ac4c16df1504b8dc9","isMergeCommit":false,"messageTitle":"Add JUnit tests","messageBody":"","tags":["A-JUnit"],"fileTypesAndContributionMap":{"java":{"insertions":60,"deletions":15}}},{"hash":"92add3db487aabc7326690008f49d24d082a5131","isMergeCommit":false,"messageTitle":"Add support for JAR file creation","messageBody":"","tags":["A-Jar"],"fileTypesAndContributionMap":{"gradle":{"insertions":2,"deletions":1}}}]},{"date":"2025-09-02T00:00:00","commitResults":[{"hash":"7faa3a841da87e7148d48f6a7e343f0041d765e9","isMergeCommit":false,"messageTitle":"Add JavaDoc comments to the code","messageBody":"","fileTypesAndContributionMap":{"java":{"insertions":265,"deletions":22}}},{"hash":"6373e262f332bfc1127705d9f11b109f98b55520","isMergeCommit":false,"messageTitle":"Tweak the code to comply with coding standard","messageBody":"","fileTypesAndContributionMap":{"java":{"insertions":6,"deletions":6}}},{"hash":"6b841647ec7e16817cf477671d728842b6115c6f","isMergeCommit":false,"messageTitle":"Add support for find","messageBody":"","fileTypesAndContributionMap":{"java":{"insertions":48,"deletions":0}}},{"hash":"98904df725d4f3b673f496d9c8aa65e61b6233e2","isMergeCommit":true,"messageTitle":"Merge JavaDoc branch into master","messageBody":"","fileTypesAndContributionMap":{}},{"hash":"e987154353a5741733f7dbaa158274b192c94921","isMergeCommit":true,"messageTitle":"Resolve conflict from merging master and coding standard branch","messageBody":"","fileTypesAndContributionMap":{}},{"hash":"45bccca4e8a6fd73224b1365885f95b2e4eebdb1","isMergeCommit":true,"messageTitle":"Resolve conflict from merging master and Level 9 branch","messageBody":"","tags":["Level-9","A-JavaDoc","A-CodingStandard"],"fileTypesAndContributionMap":{}}]},{"date":"2025-09-05T00:00:00","commitResults":[{"hash":"8725801e7fa4a04cad1a3d2c5cfe6f5a7b007644","isMergeCommit":false,"messageTitle":"Add support for CheckStyle","messageBody":"","fileTypesAndContributionMap":{"gradle":{"insertions":5,"deletions":0},"txt":{"insertions":0,"deletions":5},"java":{"insertions":29,"deletions":25}}},{"hash":"6aa96a245197caa894134294713252bccd71c950","isMergeCommit":true,"messageTitle":"Merge CheckStyle branch into master","messageBody":"","tags":["A-CheckStyle"],"fileTypesAndContributionMap":{}}]},{"date":"2025-09-06T00:00:00","commitResults":[{"hash":"3bde6db65eb0793ee604cf8b399a7b5671e32413","isMergeCommit":false,"messageTitle":"Add support for GUI","messageBody":"","fileTypesAndContributionMap":{"gradle":{"insertions":16,"deletions":1},"txt":{"insertions":8,"deletions":0},"fxml":{"insertions":66,"deletions":0},"java":{"insertions":358,"deletions":144}}},{"hash":"282cf03154d65b27754970c1f96db7acda0356d6","isMergeCommit":true,"messageTitle":"Merge Level 10 branch into master","messageBody":"","tags":["Level-10"],"fileTypesAndContributionMap":{}}]},{"date":"2025-09-14T00:00:00","commitResults":[{"hash":"13ddb085e7427fd2a628b43fecfe5a4347cf263b","isMergeCommit":false,"messageTitle":"Improve code quality","messageBody":"Refactored code to follow coding standards.\nBoolean variables now sound like boolean variables,\nand JavaDoc comments are updated to include params.\n","fileTypesAndContributionMap":{"java":{"insertions":7,"deletions":5}}},{"hash":"9dcbc7cfd241f84d31ecfe61cb1cf88a5eab3a13","isMergeCommit":false,"messageTitle":"Add support for assertions","messageBody":"Assertions are added to ensure that important assumptions made in the\nprogram are explicitly checked. This makes debugging easier when\nunexpected conditions occur.\n","fileTypesAndContributionMap":{"java":{"insertions":1,"deletions":0}}},{"hash":"67a5ce49ecb61836c89fc37ad3c810bddcfe27a7","isMergeCommit":true,"messageTitle":"Add support for assertions","messageBody":"Assertions are added to ensure that important assumptions made in the program are explicitly checked.\nThis makes debugging easier when unexpected conditions occur.","tags":["A-Assertions"],"fileTypesAndContributionMap":{}},{"hash":"26ac870dc07f6ca8a37b1907e88fec8e8100abbe","isMergeCommit":true,"messageTitle":"Improve code quality","messageBody":"Refactored code to follow coding standards.\nBoolean variables now sound like boolean variables, and JavaDoc comments are updated to include params.\nChanges improve readability.","tags":["A-FullCommitMessage","A-CodeQuality"],"fileTypesAndContributionMap":{}}]}]},"authorFileTypeContributionMap":{"larrygaw":{"java":1110,"md":3,"fxml":66,"sh":0,"bat":6,"gradle":23,"txt":35}},"authorContributionVariance":{"larrygaw":28638.822},"authorDisplayNameMap":{"larrygaw":"CS2103T-T14-2 LARR..HENG"}}
