[{"path":"src/main/java/Deadline.java","fileType":"java","lines":[{"lineNumber":1,"author":{"gitId":"Swei99"},"content":"public class Deadline extends Task {","lastModifiedDate":"2025-08-22T10:08:02","isFullCredit":false},{"lineNumber":2,"author":{"gitId":"Swei99"},"content":"    private String by;","lastModifiedDate":"2025-08-22T10:08:02","isFullCredit":false},{"lineNumber":3,"author":{"gitId":"Swei99"},"content":"","lastModifiedDate":"2025-08-22T10:08:02","isFullCredit":false},{"lineNumber":4,"author":{"gitId":"Swei99"},"content":"    public Deadline(String description, String by) {","lastModifiedDate":"2025-08-22T10:08:02","isFullCredit":false},{"lineNumber":5,"author":{"gitId":"Swei99"},"content":"        super(description);","lastModifiedDate":"2025-08-22T10:08:02","isFullCredit":false},{"lineNumber":6,"author":{"gitId":"Swei99"},"content":"        this.by \u003d by;","lastModifiedDate":"2025-08-22T10:08:02","isFullCredit":false},{"lineNumber":7,"author":{"gitId":"Swei99"},"content":"    }","lastModifiedDate":"2025-08-22T10:08:02","isFullCredit":false},{"lineNumber":8,"author":{"gitId":"Swei99"},"content":"","lastModifiedDate":"2025-08-22T10:08:02","isFullCredit":false},{"lineNumber":9,"author":{"gitId":"Swei99"},"content":"    public String getBy() {","lastModifiedDate":"2025-08-22T10:08:02","isFullCredit":false},{"lineNumber":10,"author":{"gitId":"Swei99"},"content":"        return by;","lastModifiedDate":"2025-08-22T10:08:02","isFullCredit":false},{"lineNumber":11,"author":{"gitId":"Swei99"},"content":"    }","lastModifiedDate":"2025-08-22T10:08:02","isFullCredit":false},{"lineNumber":12,"author":{"gitId":"Swei99"},"content":"","lastModifiedDate":"2025-08-22T10:08:02","isFullCredit":false},{"lineNumber":13,"author":{"gitId":"Swei99"},"content":"    @Override","lastModifiedDate":"2025-08-22T10:08:02","isFullCredit":false},{"lineNumber":14,"author":{"gitId":"Swei99"},"content":"    public String toString() {","lastModifiedDate":"2025-08-22T10:08:02","isFullCredit":false},{"lineNumber":15,"author":{"gitId":"Swei99"},"content":"        // [D][ ] description (by: \u003cby\u003e)","lastModifiedDate":"2025-08-22T10:08:02","isFullCredit":false},{"lineNumber":16,"author":{"gitId":"Swei99"},"content":"        return \"[D]\" + super.toString() + \" (by: \" + by + \")\";","lastModifiedDate":"2025-08-22T10:08:02","isFullCredit":false},{"lineNumber":17,"author":{"gitId":"Swei99"},"content":"    }","lastModifiedDate":"2025-08-22T10:08:02","isFullCredit":false},{"lineNumber":18,"author":{"gitId":"Swei99"},"content":"}","lastModifiedDate":"2025-08-22T10:08:02","isFullCredit":false}],"authorContributionMap":{"Swei99":18}},{"path":"src/main/java/Event.java","fileType":"java","lines":[{"lineNumber":1,"author":{"gitId":"Swei99"},"content":"public class Event extends Task {","lastModifiedDate":"2025-08-22T10:08:02","isFullCredit":false},{"lineNumber":2,"author":{"gitId":"Swei99"},"content":"    private String from;","lastModifiedDate":"2025-08-22T10:08:02","isFullCredit":false},{"lineNumber":3,"author":{"gitId":"Swei99"},"content":"    private String to;","lastModifiedDate":"2025-08-22T10:08:02","isFullCredit":false},{"lineNumber":4,"author":{"gitId":"Swei99"},"content":"","lastModifiedDate":"2025-08-22T10:08:02","isFullCredit":false},{"lineNumber":5,"author":{"gitId":"Swei99"},"content":"    public Event(String description, String from, String to) {","lastModifiedDate":"2025-08-22T10:08:02","isFullCredit":false},{"lineNumber":6,"author":{"gitId":"Swei99"},"content":"        super(description);","lastModifiedDate":"2025-08-22T10:08:02","isFullCredit":false},{"lineNumber":7,"author":{"gitId":"Swei99"},"content":"        this.from \u003d from;","lastModifiedDate":"2025-08-22T10:08:02","isFullCredit":false},{"lineNumber":8,"author":{"gitId":"Swei99"},"content":"        this.to \u003d to;","lastModifiedDate":"2025-08-22T10:08:02","isFullCredit":false},{"lineNumber":9,"author":{"gitId":"Swei99"},"content":"    }","lastModifiedDate":"2025-08-22T10:08:02","isFullCredit":false},{"lineNumber":10,"author":{"gitId":"Swei99"},"content":"","lastModifiedDate":"2025-08-22T10:08:02","isFullCredit":false},{"lineNumber":11,"author":{"gitId":"Swei99"},"content":"    public String getFrom() { return from; }","lastModifiedDate":"2025-08-22T10:08:02","isFullCredit":false},{"lineNumber":12,"author":{"gitId":"Swei99"},"content":"    public String getTo()   { return to; }","lastModifiedDate":"2025-08-22T10:08:02","isFullCredit":false},{"lineNumber":13,"author":{"gitId":"Swei99"},"content":"","lastModifiedDate":"2025-08-22T10:08:02","isFullCredit":false},{"lineNumber":14,"author":{"gitId":"Swei99"},"content":"    @Override","lastModifiedDate":"2025-08-22T10:08:02","isFullCredit":false},{"lineNumber":15,"author":{"gitId":"Swei99"},"content":"    public String toString() {","lastModifiedDate":"2025-08-22T10:08:02","isFullCredit":false},{"lineNumber":16,"author":{"gitId":"Swei99"},"content":"        // [E][ ] description (from: \u003cfrom\u003e to: \u003cto\u003e)","lastModifiedDate":"2025-08-22T10:08:02","isFullCredit":false},{"lineNumber":17,"author":{"gitId":"Swei99"},"content":"        return \"[E]\" + super.toString() + \" (from: \" + from + \" to: \" + to + \")\";","lastModifiedDate":"2025-08-22T10:08:02","isFullCredit":false},{"lineNumber":18,"author":{"gitId":"Swei99"},"content":"    }","lastModifiedDate":"2025-08-22T10:08:02","isFullCredit":false},{"lineNumber":19,"author":{"gitId":"Swei99"},"content":"}","lastModifiedDate":"2025-08-22T10:08:02","isFullCredit":false}],"authorContributionMap":{"Swei99":19}},{"path":"src/main/java/Task.java","fileType":"java","lines":[{"lineNumber":1,"author":{"gitId":"Swei99"},"content":"public class Task {","lastModifiedDate":"2025-08-21T19:18:42","isFullCredit":false},{"lineNumber":2,"author":{"gitId":"Swei99"},"content":"    private String description;","lastModifiedDate":"2025-08-21T19:18:42","isFullCredit":false},{"lineNumber":3,"author":{"gitId":"Swei99"},"content":"    private boolean marked;","lastModifiedDate":"2025-08-21T19:18:42","isFullCredit":false},{"lineNumber":4,"author":{"gitId":"Swei99"},"content":"","lastModifiedDate":"2025-08-21T19:18:42","isFullCredit":false},{"lineNumber":5,"author":{"gitId":"Swei99"},"content":"    public Task(String description) {","lastModifiedDate":"2025-08-21T19:18:42","isFullCredit":false},{"lineNumber":6,"author":{"gitId":"Swei99"},"content":"        setDescription(description);","lastModifiedDate":"2025-08-21T19:18:42","isFullCredit":false},{"lineNumber":7,"author":{"gitId":"Swei99"},"content":"        this.marked \u003d false;","lastModifiedDate":"2025-08-21T19:18:42","isFullCredit":false},{"lineNumber":8,"author":{"gitId":"Swei99"},"content":"    }","lastModifiedDate":"2025-08-21T19:18:42","isFullCredit":false},{"lineNumber":9,"author":{"gitId":"Swei99"},"content":"","lastModifiedDate":"2025-08-21T19:18:42","isFullCredit":false},{"lineNumber":10,"author":{"gitId":"Swei99"},"content":"    public String getDescription() {","lastModifiedDate":"2025-08-21T19:18:42","isFullCredit":false},{"lineNumber":11,"author":{"gitId":"Swei99"},"content":"        return description;","lastModifiedDate":"2025-08-21T19:18:42","isFullCredit":false},{"lineNumber":12,"author":{"gitId":"Swei99"},"content":"    }","lastModifiedDate":"2025-08-21T19:18:42","isFullCredit":false},{"lineNumber":13,"author":{"gitId":"Swei99"},"content":"","lastModifiedDate":"2025-08-21T19:18:42","isFullCredit":false},{"lineNumber":14,"author":{"gitId":"Swei99"},"content":"    public void setDescription(String description) {","lastModifiedDate":"2025-08-21T19:18:42","isFullCredit":false},{"lineNumber":15,"author":{"gitId":"Swei99"},"content":"        this.description \u003d description;","lastModifiedDate":"2025-08-21T19:18:42","isFullCredit":false},{"lineNumber":16,"author":{"gitId":"Swei99"},"content":"    }","lastModifiedDate":"2025-08-21T19:18:42","isFullCredit":false},{"lineNumber":17,"author":{"gitId":"Swei99"},"content":"","lastModifiedDate":"2025-08-21T19:18:42","isFullCredit":false},{"lineNumber":18,"author":{"gitId":"Swei99"},"content":"    public boolean isMarked() {","lastModifiedDate":"2025-08-21T19:18:42","isFullCredit":false},{"lineNumber":19,"author":{"gitId":"Swei99"},"content":"        return marked;","lastModifiedDate":"2025-08-21T19:18:42","isFullCredit":false},{"lineNumber":20,"author":{"gitId":"Swei99"},"content":"    }","lastModifiedDate":"2025-08-21T19:18:42","isFullCredit":false},{"lineNumber":21,"author":{"gitId":"Swei99"},"content":"","lastModifiedDate":"2025-08-21T19:18:42","isFullCredit":false},{"lineNumber":22,"author":{"gitId":"Swei99"},"content":"    public void mark() {","lastModifiedDate":"2025-08-21T19:18:42","isFullCredit":false},{"lineNumber":23,"author":{"gitId":"Swei99"},"content":"        this.marked \u003d true;","lastModifiedDate":"2025-08-21T19:18:42","isFullCredit":false},{"lineNumber":24,"author":{"gitId":"Swei99"},"content":"    }","lastModifiedDate":"2025-08-21T19:18:42","isFullCredit":false},{"lineNumber":25,"author":{"gitId":"Swei99"},"content":"","lastModifiedDate":"2025-08-21T19:18:42","isFullCredit":false},{"lineNumber":26,"author":{"gitId":"Swei99"},"content":"    public void unmark() {","lastModifiedDate":"2025-08-21T19:18:42","isFullCredit":false},{"lineNumber":27,"author":{"gitId":"Swei99"},"content":"        this.marked \u003d false;","lastModifiedDate":"2025-08-21T19:18:42","isFullCredit":false},{"lineNumber":28,"author":{"gitId":"Swei99"},"content":"    }","lastModifiedDate":"2025-08-21T19:18:42","isFullCredit":false},{"lineNumber":29,"author":{"gitId":"Swei99"},"content":"","lastModifiedDate":"2025-08-21T19:18:42","isFullCredit":false},{"lineNumber":30,"author":{"gitId":"Swei99"},"content":"    @Override","lastModifiedDate":"2025-08-21T19:18:42","isFullCredit":false},{"lineNumber":31,"author":{"gitId":"Swei99"},"content":"    public String toString() {","lastModifiedDate":"2025-08-21T19:18:42","isFullCredit":false},{"lineNumber":32,"author":{"gitId":"Swei99"},"content":"        return String.format(\"[%s] %s\", marked ? \"x\" : \" \", description);","lastModifiedDate":"2025-08-21T19:18:42","isFullCredit":false},{"lineNumber":33,"author":{"gitId":"Swei99"},"content":"    }","lastModifiedDate":"2025-08-21T19:18:42","isFullCredit":false},{"lineNumber":34,"author":{"gitId":"Swei99"},"content":"}","lastModifiedDate":"2025-08-21T19:18:42","isFullCredit":false}],"authorContributionMap":{"Swei99":34}},{"path":"src/main/java/Todo.java","fileType":"java","lines":[{"lineNumber":1,"author":{"gitId":"Swei99"},"content":"public class Todo extends Task {","lastModifiedDate":"2025-08-22T10:08:02","isFullCredit":false},{"lineNumber":2,"author":{"gitId":"Swei99"},"content":"    public Todo(String description) {","lastModifiedDate":"2025-08-22T10:08:02","isFullCredit":false},{"lineNumber":3,"author":{"gitId":"Swei99"},"content":"        super(description);","lastModifiedDate":"2025-08-22T10:08:02","isFullCredit":false},{"lineNumber":4,"author":{"gitId":"Swei99"},"content":"    }","lastModifiedDate":"2025-08-22T10:08:02","isFullCredit":false},{"lineNumber":5,"author":{"gitId":"Swei99"},"content":"","lastModifiedDate":"2025-08-22T10:08:02","isFullCredit":false},{"lineNumber":6,"author":{"gitId":"Swei99"},"content":"    @Override","lastModifiedDate":"2025-08-22T10:08:02","isFullCredit":false},{"lineNumber":7,"author":{"gitId":"Swei99"},"content":"    public String toString() {","lastModifiedDate":"2025-08-22T10:08:02","isFullCredit":false},{"lineNumber":8,"author":{"gitId":"Swei99"},"content":"        // [T][ ] description  or  [T][x] description","lastModifiedDate":"2025-08-22T10:08:02","isFullCredit":false},{"lineNumber":9,"author":{"gitId":"Swei99"},"content":"        return \"[T]\" + super.toString();","lastModifiedDate":"2025-08-22T10:08:02","isFullCredit":false},{"lineNumber":10,"author":{"gitId":"Swei99"},"content":"    }","lastModifiedDate":"2025-08-22T10:08:02","isFullCredit":false},{"lineNumber":11,"author":{"gitId":"Swei99"},"content":"}","lastModifiedDate":"2025-08-22T10:08:02","isFullCredit":false}],"authorContributionMap":{"Swei99":11}},{"path":"src/main/java/weiwei.java","fileType":"java","lines":[{"lineNumber":1,"author":{"gitId":"Swei99"},"content":"import java.util.Locale;","lastModifiedDate":"2025-08-21T17:40:14","isFullCredit":false},{"lineNumber":2,"author":{"gitId":"Swei99"},"content":"import java.util.Scanner;","lastModifiedDate":"2025-08-21T17:40:14","isFullCredit":false},{"lineNumber":3,"author":{"gitId":"Swei99"},"content":"import java.util.regex.Pattern;","lastModifiedDate":"2025-08-22T10:08:02","isFullCredit":false},{"lineNumber":4,"author":{"gitId":"Swei99"},"content":"import java.util.ArrayList;","lastModifiedDate":"2025-08-21T18:10:57","isFullCredit":false},{"lineNumber":5,"author":{"gitId":"Swei99"},"content":"import java.util.List;","lastModifiedDate":"2025-08-21T18:10:57","isFullCredit":false},{"lineNumber":6,"author":{"gitId":"Swei99"},"content":"","lastModifiedDate":"2025-08-21T17:40:14","isFullCredit":false},{"lineNumber":7,"author":{"gitId":"Swei99"},"content":"public class weiwei {","lastModifiedDate":"2025-08-21T16:37:42","isFullCredit":false},{"lineNumber":8,"author":{"gitId":"Swei99"},"content":"    public static void main(String[] args) {","lastModifiedDate":"2025-08-21T16:37:42","isFullCredit":false},{"lineNumber":9,"author":{"gitId":"Swei99"},"content":"        List\u003cTask\u003e tasksList \u003d new ArrayList\u003c\u003e();","lastModifiedDate":"2025-08-21T19:18:42","isFullCredit":false},{"lineNumber":10,"author":{"gitId":"Swei99"},"content":"","lastModifiedDate":"2025-08-21T18:10:57","isFullCredit":false},{"lineNumber":11,"author":{"gitId":"Swei99"},"content":"        String logo \u003d","lastModifiedDate":"2025-08-21T16:37:42","isFullCredit":false},{"lineNumber":12,"author":{"gitId":"Swei99"},"content":"        \"__        __   _____    ___   __        __   _____    ___   \\n\" +","lastModifiedDate":"2025-08-21T16:37:42","isFullCredit":false},{"lineNumber":13,"author":{"gitId":"Swei99"},"content":"        \"\\\\ \\\\      / /  | ____|  |_ _|  \\\\ \\\\      / /  | ____|  |_ _|  \\n\" +","lastModifiedDate":"2025-08-21T16:37:42","isFullCredit":false},{"lineNumber":14,"author":{"gitId":"Swei99"},"content":"        \" \\\\ \\\\ /\\\\ / /   |  _|     | |    \\\\ \\\\ /\\\\ / /   |  _|     | |  \\n\" +","lastModifiedDate":"2025-08-21T16:37:42","isFullCredit":false},{"lineNumber":15,"author":{"gitId":"Swei99"},"content":"        \"  \\\\ V  V /    | |___    | |     \\\\ V  V /    | |___    | |   \\n\" +","lastModifiedDate":"2025-08-21T16:37:42","isFullCredit":false},{"lineNumber":16,"author":{"gitId":"Swei99"},"content":"        \"   \\\\_/\\\\_/     |_____|  |___|     \\\\_/\\\\_/     |_____|  |___|  \\n\" +","lastModifiedDate":"2025-08-21T16:37:42","isFullCredit":false},{"lineNumber":17,"author":{"gitId":"Swei99"},"content":"        \"___________________________________________________________\\n\";","lastModifiedDate":"2025-08-21T16:37:42","isFullCredit":false},{"lineNumber":18,"author":{"gitId":"Swei99"},"content":"","lastModifiedDate":"2025-08-21T16:37:42","isFullCredit":false},{"lineNumber":19,"author":{"gitId":"Swei99"},"content":"        System.out.println(\"Hello im \\n\" + logo + \"\\nWhat can I do for you?\\n\");","lastModifiedDate":"2025-08-21T16:37:42","isFullCredit":false},{"lineNumber":20,"author":{"gitId":"Swei99"},"content":"        Scanner sc \u003d new Scanner(System.in);","lastModifiedDate":"2025-08-21T17:40:14","isFullCredit":false},{"lineNumber":21,"author":{"gitId":"Swei99"},"content":"","lastModifiedDate":"2025-08-21T17:40:14","isFullCredit":false},{"lineNumber":22,"author":{"gitId":"Swei99"},"content":"        while (true) {","lastModifiedDate":"2025-08-21T17:40:14","isFullCredit":false},{"lineNumber":23,"author":{"gitId":"Swei99"},"content":"            String userInput \u003d sc.nextLine().trim();","lastModifiedDate":"2025-08-21T17:40:14","isFullCredit":false},{"lineNumber":24,"author":{"gitId":"Swei99"},"content":"            String[] parts \u003d userInput.split(\"\\\\s+\", 2);","lastModifiedDate":"2025-08-21T19:18:42","isFullCredit":false},{"lineNumber":25,"author":{"gitId":"Swei99"},"content":"            String cmd \u003d parts[0];","lastModifiedDate":"2025-08-21T19:18:42","isFullCredit":false},{"lineNumber":26,"author":{"gitId":"Swei99"},"content":"            String rest \u003d parts.length \u003e 1 ? parts[1].trim() : \"\";","lastModifiedDate":"2025-08-22T10:08:02","isFullCredit":false},{"lineNumber":27,"author":{"gitId":"Swei99"},"content":"","lastModifiedDate":"2025-08-21T17:40:14","isFullCredit":false},{"lineNumber":28,"author":{"gitId":"Swei99"},"content":"            switch (cmd) {","lastModifiedDate":"2025-08-21T19:18:42","isFullCredit":false},{"lineNumber":29,"author":{"gitId":"Swei99"},"content":"                case \"list\":","lastModifiedDate":"2025-08-21T18:10:57","isFullCredit":false},{"lineNumber":30,"author":{"gitId":"Swei99"},"content":"                    if (tasksList.isEmpty()) {","lastModifiedDate":"2025-08-21T19:18:42","isFullCredit":false},{"lineNumber":31,"author":{"gitId":"Swei99"},"content":"                        System.out.println(\"\\tThe list is empty\");","lastModifiedDate":"2025-08-21T19:18:42","isFullCredit":false},{"lineNumber":32,"author":{"gitId":"Swei99"},"content":"                        break;","lastModifiedDate":"2025-08-21T19:18:42","isFullCredit":false},{"lineNumber":33,"author":{"gitId":"Swei99"},"content":"                    }","lastModifiedDate":"2025-08-21T19:18:42","isFullCredit":false},{"lineNumber":34,"author":{"gitId":"Swei99"},"content":"                for (int i \u003d 0; i \u003c tasksList.size(); i++) {","lastModifiedDate":"2025-08-21T19:18:42","isFullCredit":false},{"lineNumber":35,"author":{"gitId":"Swei99"},"content":"                    System.out.printf(\"\\t%d.%s%n\", i + 1, tasksList.get(i));","lastModifiedDate":"2025-08-21T19:18:42","isFullCredit":false},{"lineNumber":36,"author":{"gitId":"Swei99"},"content":"                }","lastModifiedDate":"2025-08-21T19:18:42","isFullCredit":false},{"lineNumber":37,"author":{"gitId":"Swei99"},"content":"                System.out.println(\"\\n\");","lastModifiedDate":"2025-08-22T10:08:02","isFullCredit":false},{"lineNumber":38,"author":{"gitId":"Swei99"},"content":"                break;","lastModifiedDate":"2025-08-21T19:18:42","isFullCredit":false},{"lineNumber":39,"author":{"gitId":"Swei99"},"content":"","lastModifiedDate":"2025-08-21T19:18:42","isFullCredit":false},{"lineNumber":40,"author":{"gitId":"Swei99"},"content":"                case \"todo\": {","lastModifiedDate":"2025-08-22T10:08:02","isFullCredit":false},{"lineNumber":41,"author":{"gitId":"Swei99"},"content":"                    if (rest.isEmpty()) { System.out.println(\"\\tUsage: todo \u003cdescription\u003e\"); break; }","lastModifiedDate":"2025-08-22T10:08:02","isFullCredit":false},{"lineNumber":42,"author":{"gitId":"Swei99"},"content":"                    Task t \u003d new Todo(rest);","lastModifiedDate":"2025-08-22T10:08:02","isFullCredit":false},{"lineNumber":43,"author":{"gitId":"Swei99"},"content":"                    tasksList.add(t);","lastModifiedDate":"2025-08-22T10:08:02","isFullCredit":false},{"lineNumber":44,"author":{"gitId":"Swei99"},"content":"","lastModifiedDate":"2025-08-22T10:08:02","isFullCredit":false},{"lineNumber":45,"author":{"gitId":"Swei99"},"content":"                    System.out.println(\"\\tGot it. I\u0027ve added this task: \\n\\t  \" + t.toString());","lastModifiedDate":"2025-08-22T10:08:02","isFullCredit":false},{"lineNumber":46,"author":{"gitId":"Swei99"},"content":"                    int n \u003d tasksList.size();","lastModifiedDate":"2025-08-22T10:08:02","isFullCredit":false},{"lineNumber":47,"author":{"gitId":"Swei99"},"content":"                    System.out.printf(\"\\tNow you have %d tasks in the list.\\n\\n\", n);","lastModifiedDate":"2025-08-22T10:08:02","isFullCredit":false},{"lineNumber":48,"author":{"gitId":"Swei99"},"content":"                    break;","lastModifiedDate":"2025-08-22T10:08:02","isFullCredit":false},{"lineNumber":49,"author":{"gitId":"Swei99"},"content":"                }","lastModifiedDate":"2025-08-22T10:08:02","isFullCredit":false},{"lineNumber":50,"author":{"gitId":"Swei99"},"content":"","lastModifiedDate":"2025-08-22T10:08:02","isFullCredit":false},{"lineNumber":51,"author":{"gitId":"Swei99"},"content":"                case \"deadline\": {","lastModifiedDate":"2025-08-22T10:08:02","isFullCredit":false},{"lineNumber":52,"author":{"gitId":"Swei99"},"content":"                    if (rest.isEmpty()) {","lastModifiedDate":"2025-08-22T10:08:02","isFullCredit":false},{"lineNumber":53,"author":{"gitId":"Swei99"},"content":"                        System.out.println(\"\\tUsage: deadline \u003cdescription\u003e /by \u003cwhen\u003e\");","lastModifiedDate":"2025-08-22T10:08:02","isFullCredit":false},{"lineNumber":54,"author":{"gitId":"Swei99"},"content":"                        break;","lastModifiedDate":"2025-08-22T10:08:02","isFullCredit":false},{"lineNumber":55,"author":{"gitId":"Swei99"},"content":"                    }","lastModifiedDate":"2025-08-22T10:08:02","isFullCredit":false},{"lineNumber":56,"author":{"gitId":"Swei99"},"content":"","lastModifiedDate":"2025-08-22T10:08:02","isFullCredit":false},{"lineNumber":57,"author":{"gitId":"Swei99"},"content":"                    // Simpler parsing without regex or split","lastModifiedDate":"2025-08-22T10:08:02","isFullCredit":false},{"lineNumber":58,"author":{"gitId":"Swei99"},"content":"                    String lower \u003d rest;","lastModifiedDate":"2025-08-22T10:08:02","isFullCredit":false},{"lineNumber":59,"author":{"gitId":"Swei99"},"content":"                    int byIdx \u003d lower.indexOf(\"/by\");","lastModifiedDate":"2025-08-22T10:08:02","isFullCredit":false},{"lineNumber":60,"author":{"gitId":"Swei99"},"content":"                    if (byIdx \u003d\u003d -1) {","lastModifiedDate":"2025-08-22T10:08:02","isFullCredit":false},{"lineNumber":61,"author":{"gitId":"Swei99"},"content":"                        System.out.println(\"\\tUsage: deadline \u003cdescription\u003e /by \u003cwhen\u003e\");","lastModifiedDate":"2025-08-22T10:08:02","isFullCredit":false},{"lineNumber":62,"author":{"gitId":"Swei99"},"content":"                        break;","lastModifiedDate":"2025-08-22T10:08:02","isFullCredit":false},{"lineNumber":63,"author":{"gitId":"Swei99"},"content":"                    }","lastModifiedDate":"2025-08-22T10:08:02","isFullCredit":false},{"lineNumber":64,"author":{"gitId":"Swei99"},"content":"","lastModifiedDate":"2025-08-22T10:08:02","isFullCredit":false},{"lineNumber":65,"author":{"gitId":"Swei99"},"content":"                    String desc \u003d rest.substring(0, byIdx).trim();","lastModifiedDate":"2025-08-22T10:08:02","isFullCredit":false},{"lineNumber":66,"author":{"gitId":"Swei99"},"content":"                    String by   \u003d rest.substring(byIdx + 3).trim(); // 3 \u003d\u003d \"/by\".length()","lastModifiedDate":"2025-08-22T10:08:02","isFullCredit":false},{"lineNumber":67,"author":{"gitId":"Swei99"},"content":"","lastModifiedDate":"2025-08-22T10:08:02","isFullCredit":false},{"lineNumber":68,"author":{"gitId":"Swei99"},"content":"                    if (desc.isEmpty() || by.isEmpty()) {","lastModifiedDate":"2025-08-22T10:08:02","isFullCredit":false},{"lineNumber":69,"author":{"gitId":"Swei99"},"content":"                        System.out.println(\"\\tUsage: deadline \u003cdescription\u003e /by \u003cwhen\u003e\");","lastModifiedDate":"2025-08-22T10:08:02","isFullCredit":false},{"lineNumber":70,"author":{"gitId":"Swei99"},"content":"                        break;","lastModifiedDate":"2025-08-22T10:08:02","isFullCredit":false},{"lineNumber":71,"author":{"gitId":"Swei99"},"content":"                    }","lastModifiedDate":"2025-08-22T10:08:02","isFullCredit":false},{"lineNumber":72,"author":{"gitId":"Swei99"},"content":"","lastModifiedDate":"2025-08-22T10:08:02","isFullCredit":false},{"lineNumber":73,"author":{"gitId":"Swei99"},"content":"                    Task t \u003d new Deadline(desc, by);","lastModifiedDate":"2025-08-22T10:08:02","isFullCredit":false},{"lineNumber":74,"author":{"gitId":"Swei99"},"content":"                    tasksList.add(t);","lastModifiedDate":"2025-08-22T10:08:02","isFullCredit":false},{"lineNumber":75,"author":{"gitId":"Swei99"},"content":"","lastModifiedDate":"2025-08-22T10:08:02","isFullCredit":false},{"lineNumber":76,"author":{"gitId":"Swei99"},"content":"                    System.out.println(\"\\tGot it. I\u0027ve added this task: \\n\\t  \" + t.toString());","lastModifiedDate":"2025-08-22T10:08:02","isFullCredit":false},{"lineNumber":77,"author":{"gitId":"Swei99"},"content":"                    int n \u003d tasksList.size();","lastModifiedDate":"2025-08-22T10:08:02","isFullCredit":false},{"lineNumber":78,"author":{"gitId":"Swei99"},"content":"                    System.out.printf(\"\\tNow you have %d tasks in the list.\\n\\n\", n);","lastModifiedDate":"2025-08-22T10:08:02","isFullCredit":false},{"lineNumber":79,"author":{"gitId":"Swei99"},"content":"                    break;","lastModifiedDate":"2025-08-22T10:08:02","isFullCredit":false},{"lineNumber":80,"author":{"gitId":"Swei99"},"content":"                }","lastModifiedDate":"2025-08-22T10:08:02","isFullCredit":false},{"lineNumber":81,"author":{"gitId":"Swei99"},"content":"","lastModifiedDate":"2025-08-22T10:08:02","isFullCredit":false},{"lineNumber":82,"author":{"gitId":"Swei99"},"content":"                case \"event\": {","lastModifiedDate":"2025-08-22T10:08:02","isFullCredit":false},{"lineNumber":83,"author":{"gitId":"Swei99"},"content":"                    if (rest.isEmpty()) { ","lastModifiedDate":"2025-08-22T10:08:02","isFullCredit":false},{"lineNumber":84,"author":{"gitId":"Swei99"},"content":"                        System.out.println(\"\\tUsage: event \u003cdescription\u003e /from \u003cstart\u003e /to \u003cend\u003e\");","lastModifiedDate":"2025-08-22T10:08:02","isFullCredit":false},{"lineNumber":85,"author":{"gitId":"Swei99"},"content":"                        break; ","lastModifiedDate":"2025-08-22T10:08:02","isFullCredit":false},{"lineNumber":86,"author":{"gitId":"Swei99"},"content":"                    }","lastModifiedDate":"2025-08-22T10:08:02","isFullCredit":false},{"lineNumber":87,"author":{"gitId":"Swei99"},"content":"","lastModifiedDate":"2025-08-22T10:08:02","isFullCredit":false},{"lineNumber":88,"author":{"gitId":"Swei99"},"content":"                    String lower \u003d rest;","lastModifiedDate":"2025-08-22T10:08:02","isFullCredit":false},{"lineNumber":89,"author":{"gitId":"Swei99"},"content":"                    int fromIdx \u003d lower.indexOf(\"/from\");","lastModifiedDate":"2025-08-22T10:08:02","isFullCredit":false},{"lineNumber":90,"author":{"gitId":"Swei99"},"content":"                    int toIdx   \u003d lower.indexOf(\"/to\", fromIdx + 5); // ensure /to comes after /from","lastModifiedDate":"2025-08-22T10:08:02","isFullCredit":false},{"lineNumber":91,"author":{"gitId":"Swei99"},"content":"","lastModifiedDate":"2025-08-22T10:08:02","isFullCredit":false},{"lineNumber":92,"author":{"gitId":"Swei99"},"content":"                    if (fromIdx \u003d\u003d -1 || toIdx \u003d\u003d -1 || toIdx \u003c\u003d fromIdx + 5) {","lastModifiedDate":"2025-08-22T10:08:02","isFullCredit":false},{"lineNumber":93,"author":{"gitId":"Swei99"},"content":"                        System.out.println(\"\\tUsage: event \u003cdescription\u003e /from \u003cstart\u003e /to \u003cend\u003e\");","lastModifiedDate":"2025-08-22T10:08:02","isFullCredit":false},{"lineNumber":94,"author":{"gitId":"Swei99"},"content":"                        break;","lastModifiedDate":"2025-08-22T10:08:02","isFullCredit":false},{"lineNumber":95,"author":{"gitId":"Swei99"},"content":"                    }","lastModifiedDate":"2025-08-22T10:08:02","isFullCredit":false},{"lineNumber":96,"author":{"gitId":"Swei99"},"content":"","lastModifiedDate":"2025-08-22T10:08:02","isFullCredit":false},{"lineNumber":97,"author":{"gitId":"Swei99"},"content":"                    String desc \u003d rest.substring(0, fromIdx).trim();","lastModifiedDate":"2025-08-22T10:08:02","isFullCredit":false},{"lineNumber":98,"author":{"gitId":"Swei99"},"content":"                    String from \u003d rest.substring(fromIdx + 5, toIdx).trim(); // 5 \u003d \"/from\".length()","lastModifiedDate":"2025-08-22T10:08:02","isFullCredit":false},{"lineNumber":99,"author":{"gitId":"Swei99"},"content":"                    String to   \u003d rest.substring(toIdx + 3).trim();          // 3 \u003d \"/to\".length()","lastModifiedDate":"2025-08-22T10:08:02","isFullCredit":false},{"lineNumber":100,"author":{"gitId":"Swei99"},"content":"","lastModifiedDate":"2025-08-22T10:08:02","isFullCredit":false},{"lineNumber":101,"author":{"gitId":"Swei99"},"content":"                    if (desc.isEmpty() || from.isEmpty() || to.isEmpty()) {","lastModifiedDate":"2025-08-22T10:08:02","isFullCredit":false},{"lineNumber":102,"author":{"gitId":"Swei99"},"content":"                        System.out.println(\"\\tUsage: event \u003cdescription\u003e /from \u003cstart\u003e /to \u003cend\u003e\");","lastModifiedDate":"2025-08-22T10:08:02","isFullCredit":false},{"lineNumber":103,"author":{"gitId":"Swei99"},"content":"                        break;","lastModifiedDate":"2025-08-22T10:08:02","isFullCredit":false},{"lineNumber":104,"author":{"gitId":"Swei99"},"content":"                    }","lastModifiedDate":"2025-08-22T10:08:02","isFullCredit":false},{"lineNumber":105,"author":{"gitId":"Swei99"},"content":"","lastModifiedDate":"2025-08-22T10:08:02","isFullCredit":false},{"lineNumber":106,"author":{"gitId":"Swei99"},"content":"                    Task t \u003d new Event(desc, from, to);","lastModifiedDate":"2025-08-22T10:08:02","isFullCredit":false},{"lineNumber":107,"author":{"gitId":"Swei99"},"content":"                    tasksList.add(t);","lastModifiedDate":"2025-08-22T10:08:02","isFullCredit":false},{"lineNumber":108,"author":{"gitId":"Swei99"},"content":"","lastModifiedDate":"2025-08-22T10:08:02","isFullCredit":false},{"lineNumber":109,"author":{"gitId":"Swei99"},"content":"                    System.out.println(\"\\tGot it. I\u0027ve added this task: \\n\\t  \" + t.toString());","lastModifiedDate":"2025-08-22T10:08:02","isFullCredit":false},{"lineNumber":110,"author":{"gitId":"Swei99"},"content":"                    int n \u003d tasksList.size();","lastModifiedDate":"2025-08-22T10:08:02","isFullCredit":false},{"lineNumber":111,"author":{"gitId":"Swei99"},"content":"                    System.out.printf(\"\\tNow you have %d tasks in the list.\\n\\n\", n);","lastModifiedDate":"2025-08-22T10:08:02","isFullCredit":false},{"lineNumber":112,"author":{"gitId":"Swei99"},"content":"                    break;","lastModifiedDate":"2025-08-22T10:08:02","isFullCredit":false},{"lineNumber":113,"author":{"gitId":"Swei99"},"content":"                }","lastModifiedDate":"2025-08-22T10:08:02","isFullCredit":false},{"lineNumber":114,"author":{"gitId":"Swei99"},"content":"","lastModifiedDate":"2025-08-22T10:08:02","isFullCredit":false},{"lineNumber":115,"author":{"gitId":"Swei99"},"content":"                case \"delete\": {","lastModifiedDate":"2025-08-22T10:52:22","isFullCredit":false},{"lineNumber":116,"author":{"gitId":"Swei99"},"content":"                    if (parts.length \u003c 2) { ","lastModifiedDate":"2025-08-22T10:52:22","isFullCredit":false},{"lineNumber":117,"author":{"gitId":"Swei99"},"content":"                        System.out.println(\"\\tUsage: delete \u003cnumber\u003e\");","lastModifiedDate":"2025-08-22T10:52:22","isFullCredit":false},{"lineNumber":118,"author":{"gitId":"Swei99"},"content":"                        break; ","lastModifiedDate":"2025-08-22T10:52:22","isFullCredit":false},{"lineNumber":119,"author":{"gitId":"Swei99"},"content":"                    }","lastModifiedDate":"2025-08-22T10:52:22","isFullCredit":false},{"lineNumber":120,"author":{"gitId":"Swei99"},"content":"                    try {","lastModifiedDate":"2025-08-22T10:52:22","isFullCredit":false},{"lineNumber":121,"author":{"gitId":"Swei99"},"content":"                        int index \u003d Integer.parseInt(parts[1].trim());","lastModifiedDate":"2025-08-22T10:52:22","isFullCredit":false},{"lineNumber":122,"author":{"gitId":"Swei99"},"content":"                        if (index \u003c 1 || index \u003e tasksList.size()) {","lastModifiedDate":"2025-08-22T10:52:22","isFullCredit":false},{"lineNumber":123,"author":{"gitId":"Swei99"},"content":"                            System.out.println(\"\\tInvalid index: \" + index);","lastModifiedDate":"2025-08-22T10:52:22","isFullCredit":false},{"lineNumber":124,"author":{"gitId":"Swei99"},"content":"                            break;","lastModifiedDate":"2025-08-22T10:52:22","isFullCredit":false},{"lineNumber":125,"author":{"gitId":"Swei99"},"content":"                        }","lastModifiedDate":"2025-08-22T10:52:22","isFullCredit":false},{"lineNumber":126,"author":{"gitId":"Swei99"},"content":"                        Task removed \u003d tasksList.remove(index - 1);","lastModifiedDate":"2025-08-22T10:52:22","isFullCredit":false},{"lineNumber":127,"author":{"gitId":"Swei99"},"content":"","lastModifiedDate":"2025-08-22T10:52:22","isFullCredit":false},{"lineNumber":128,"author":{"gitId":"Swei99"},"content":"                        System.out.println(\"\\tNoted. I\u0027ve removed this task:\");","lastModifiedDate":"2025-08-22T10:52:22","isFullCredit":false},{"lineNumber":129,"author":{"gitId":"Swei99"},"content":"                        System.out.println(\"\\t  \" + removed);","lastModifiedDate":"2025-08-22T10:52:22","isFullCredit":false},{"lineNumber":130,"author":{"gitId":"Swei99"},"content":"                        int n \u003d tasksList.size();","lastModifiedDate":"2025-08-22T10:52:22","isFullCredit":false},{"lineNumber":131,"author":{"gitId":"Swei99"},"content":"                        System.out.printf(\"\\tNow you have %d tasks in the list.\\n\\n\", n);","lastModifiedDate":"2025-08-22T10:52:22","isFullCredit":false},{"lineNumber":132,"author":{"gitId":"Swei99"},"content":"                    } catch (NumberFormatException e) {","lastModifiedDate":"2025-08-22T10:52:22","isFullCredit":false},{"lineNumber":133,"author":{"gitId":"Swei99"},"content":"                        System.out.println(\"\\tPlease provide a valid number. Usage: delete 3\\n\");","lastModifiedDate":"2025-08-22T10:52:22","isFullCredit":false},{"lineNumber":134,"author":{"gitId":"Swei99"},"content":"                    }","lastModifiedDate":"2025-08-22T10:52:22","isFullCredit":false},{"lineNumber":135,"author":{"gitId":"Swei99"},"content":"                    break;","lastModifiedDate":"2025-08-22T10:52:22","isFullCredit":false},{"lineNumber":136,"author":{"gitId":"Swei99"},"content":"                }","lastModifiedDate":"2025-08-22T10:52:22","isFullCredit":false},{"lineNumber":137,"author":{"gitId":"Swei99"},"content":"","lastModifiedDate":"2025-08-22T10:52:22","isFullCredit":false},{"lineNumber":138,"author":{"gitId":"Swei99"},"content":"                case \"mark\": {","lastModifiedDate":"2025-08-21T19:18:42","isFullCredit":false},{"lineNumber":139,"author":{"gitId":"Swei99"},"content":"                    if (parts.length \u003c 2) { System.out.println(\"\\tUsage: mark \u003cnumber\u003e\"); break; }","lastModifiedDate":"2025-08-21T19:18:42","isFullCredit":false},{"lineNumber":140,"author":{"gitId":"Swei99"},"content":"                    try {","lastModifiedDate":"2025-08-21T19:18:42","isFullCredit":false},{"lineNumber":141,"author":{"gitId":"Swei99"},"content":"                        int index \u003d Integer.parseInt(parts[1].trim());","lastModifiedDate":"2025-08-21T19:18:42","isFullCredit":false},{"lineNumber":142,"author":{"gitId":"Swei99"},"content":"                            if (index \u003c 1 || index \u003e tasksList.size()) {","lastModifiedDate":"2025-08-21T19:18:42","isFullCredit":false},{"lineNumber":143,"author":{"gitId":"Swei99"},"content":"                                System.out.println(\"\\tInvalid index: \" + index);","lastModifiedDate":"2025-08-21T19:18:42","isFullCredit":false},{"lineNumber":144,"author":{"gitId":"Swei99"},"content":"                                break;","lastModifiedDate":"2025-08-21T19:18:42","isFullCredit":false},{"lineNumber":145,"author":{"gitId":"Swei99"},"content":"                            }","lastModifiedDate":"2025-08-21T19:18:42","isFullCredit":false},{"lineNumber":146,"author":{"gitId":"Swei99"},"content":"                        Task task \u003d tasksList.get(index - 1);","lastModifiedDate":"2025-08-21T19:18:42","isFullCredit":false},{"lineNumber":147,"author":{"gitId":"Swei99"},"content":"                        task.mark();","lastModifiedDate":"2025-08-21T19:18:42","isFullCredit":false},{"lineNumber":148,"author":{"gitId":"Swei99"},"content":"","lastModifiedDate":"2025-08-22T10:08:02","isFullCredit":false},{"lineNumber":149,"author":{"gitId":"Swei99"},"content":"                        System.out.println(\"\\tNice! I\u0027ve marked this task as done:\\n\");","lastModifiedDate":"2025-08-22T10:08:02","isFullCredit":false},{"lineNumber":150,"author":{"gitId":"Swei99"},"content":"                        System.out.println(\"\\t\\t\" + task.toString() + \"\\n\"); // e.g. [x] item 2","lastModifiedDate":"2025-08-22T10:08:02","isFullCredit":false},{"lineNumber":151,"author":{"gitId":"Swei99"},"content":"                    } catch (NumberFormatException e) {","lastModifiedDate":"2025-08-21T19:18:42","isFullCredit":false},{"lineNumber":152,"author":{"gitId":"Swei99"},"content":"                        System.out.println(\"\\tPlease provide a valid number. Example: mark 2\\n\");","lastModifiedDate":"2025-08-22T10:08:02","isFullCredit":false},{"lineNumber":153,"author":{"gitId":"Swei99"},"content":"                    }","lastModifiedDate":"2025-08-21T18:10:57","isFullCredit":false},{"lineNumber":154,"author":{"gitId":"Swei99"},"content":"                    break;","lastModifiedDate":"2025-08-21T18:10:57","isFullCredit":false},{"lineNumber":155,"author":{"gitId":"Swei99"},"content":"                }","lastModifiedDate":"2025-08-21T19:18:42","isFullCredit":false},{"lineNumber":156,"author":{"gitId":"Swei99"},"content":"","lastModifiedDate":"2025-08-21T19:18:42","isFullCredit":false},{"lineNumber":157,"author":{"gitId":"Swei99"},"content":"                case \"unmark\": {","lastModifiedDate":"2025-08-21T19:18:42","isFullCredit":false},{"lineNumber":158,"author":{"gitId":"Swei99"},"content":"                    if (parts.length \u003c 2) { System.out.println(\"\\tUsage: unmark \u003cnumber\u003e\"); break; }","lastModifiedDate":"2025-08-21T19:18:42","isFullCredit":false},{"lineNumber":159,"author":{"gitId":"Swei99"},"content":"                    try {","lastModifiedDate":"2025-08-21T19:18:42","isFullCredit":false},{"lineNumber":160,"author":{"gitId":"Swei99"},"content":"                        int index \u003d Integer.parseInt(parts[1].trim());","lastModifiedDate":"2025-08-21T19:18:42","isFullCredit":false},{"lineNumber":161,"author":{"gitId":"Swei99"},"content":"                        if (index \u003c 1 || index \u003e tasksList.size()) {","lastModifiedDate":"2025-08-21T19:18:42","isFullCredit":false},{"lineNumber":162,"author":{"gitId":"Swei99"},"content":"                            System.out.println(\"\\tInvalid index: \" + index);","lastModifiedDate":"2025-08-21T19:18:42","isFullCredit":false},{"lineNumber":163,"author":{"gitId":"Swei99"},"content":"                            break;","lastModifiedDate":"2025-08-21T19:18:42","isFullCredit":false},{"lineNumber":164,"author":{"gitId":"Swei99"},"content":"                        }","lastModifiedDate":"2025-08-21T19:18:42","isFullCredit":false},{"lineNumber":165,"author":{"gitId":"Swei99"},"content":"                        Task task \u003d tasksList.get(index - 1);","lastModifiedDate":"2025-08-21T19:18:42","isFullCredit":false},{"lineNumber":166,"author":{"gitId":"Swei99"},"content":"                        task.unmark();","lastModifiedDate":"2025-08-21T19:18:42","isFullCredit":false},{"lineNumber":167,"author":{"gitId":"Swei99"},"content":"","lastModifiedDate":"2025-08-22T10:08:02","isFullCredit":false},{"lineNumber":168,"author":{"gitId":"Swei99"},"content":"                        System.out.println(\"\\tOK, I\u0027ve marked this task as not done yet:\\n\");","lastModifiedDate":"2025-08-22T10:08:02","isFullCredit":false},{"lineNumber":169,"author":{"gitId":"Swei99"},"content":"                        System.out.println(\"\\t\\t\" + task.toString() + \"\\n\"); // e.g. [ ] item 2","lastModifiedDate":"2025-08-22T10:08:02","isFullCredit":false},{"lineNumber":170,"author":{"gitId":"Swei99"},"content":"                    } catch (NumberFormatException e) {","lastModifiedDate":"2025-08-21T19:18:42","isFullCredit":false},{"lineNumber":171,"author":{"gitId":"Swei99"},"content":"                        System.out.println(\"\\tPlease provide a valid number. Example: unmark 2\\n\");","lastModifiedDate":"2025-08-22T10:08:02","isFullCredit":false},{"lineNumber":172,"author":{"gitId":"Swei99"},"content":"                    }","lastModifiedDate":"2025-08-21T19:18:42","isFullCredit":false},{"lineNumber":173,"author":{"gitId":"Swei99"},"content":"                    break;","lastModifiedDate":"2025-08-21T19:18:42","isFullCredit":false},{"lineNumber":174,"author":{"gitId":"Swei99"},"content":"                }","lastModifiedDate":"2025-08-21T19:18:42","isFullCredit":false},{"lineNumber":175,"author":{"gitId":"Swei99"},"content":"","lastModifiedDate":"2025-08-21T19:18:42","isFullCredit":false},{"lineNumber":176,"author":{"gitId":"Swei99"},"content":"","lastModifiedDate":"2025-08-21T19:18:42","isFullCredit":false},{"lineNumber":177,"author":{"gitId":"Swei99"},"content":"                case \"bye\": {","lastModifiedDate":"2025-08-21T19:18:42","isFullCredit":false},{"lineNumber":178,"author":{"gitId":"Swei99"},"content":"                    System.out.println(\"\\tBye. Hope to see you again soon!\");","lastModifiedDate":"2025-08-21T17:40:14","isFullCredit":false},{"lineNumber":179,"author":{"gitId":"Swei99"},"content":"                    System.exit(0);","lastModifiedDate":"2025-08-21T17:40:14","isFullCredit":false},{"lineNumber":180,"author":{"gitId":"Swei99"},"content":"                }","lastModifiedDate":"2025-08-21T19:18:42","isFullCredit":false},{"lineNumber":181,"author":{"gitId":"Swei99"},"content":"","lastModifiedDate":"2025-08-21T19:18:42","isFullCredit":false},{"lineNumber":182,"author":{"gitId":"Swei99"},"content":"                default: {","lastModifiedDate":"2025-08-21T19:18:42","isFullCredit":false},{"lineNumber":183,"author":{"gitId":"Swei99"},"content":"                    System.out.println(\"\\tSorry, please use an appropriate command\");","lastModifiedDate":"2025-08-22T10:43:58","isFullCredit":false},{"lineNumber":184,"author":{"gitId":"Swei99"},"content":"                    System.out.println(\"\\tCommands: \\n\\t todo \u003cdesc\u003e \\n\\t deadline \u003cdesc\u003e /by \u003cwhen\u003e \\n\\t event \u003cdesc\u003e /from \u003cstart\u003e /to \u003cend\u003e \\n\\t list \\n\\t mark \u003cn\u003e \\n\\t unmark \u003cn\u003e \\n\\t bye\\n\");","lastModifiedDate":"2025-08-22T10:43:58","isFullCredit":false},{"lineNumber":185,"author":{"gitId":"Swei99"},"content":"","lastModifiedDate":"2025-08-22T10:43:58","isFullCredit":false},{"lineNumber":186,"author":{"gitId":"Swei99"},"content":"                }","lastModifiedDate":"2025-08-21T19:18:42","isFullCredit":false},{"lineNumber":187,"author":{"gitId":"Swei99"},"content":"            }","lastModifiedDate":"2025-08-21T17:40:14","isFullCredit":false},{"lineNumber":188,"author":{"gitId":"Swei99"},"content":"        }","lastModifiedDate":"2025-08-21T17:40:14","isFullCredit":false},{"lineNumber":189,"author":{"gitId":"Swei99"},"content":"    }","lastModifiedDate":"2025-08-21T16:37:42","isFullCredit":false},{"lineNumber":190,"author":{"gitId":"Swei99"},"content":"}","lastModifiedDate":"2025-08-21T16:37:42","isFullCredit":false}],"authorContributionMap":{"Swei99":190}},{"path":"text-ui-test/input.txt","fileType":"txt","lines":[{"lineNumber":1,"author":{"gitId":"Swei99"},"content":"todo borrow book","lastModifiedDate":"2025-08-22T10:30:47","isFullCredit":false},{"lineNumber":2,"author":{"gitId":"Swei99"},"content":"deadline return book /by Sunday","lastModifiedDate":"2025-08-22T10:30:47","isFullCredit":false},{"lineNumber":3,"author":{"gitId":"Swei99"},"content":"event project meeting /from Mon 2pm /to 4pm","lastModifiedDate":"2025-08-22T10:30:47","isFullCredit":false},{"lineNumber":4,"author":{"gitId":"Swei99"},"content":"list","lastModifiedDate":"2025-08-22T10:30:47","isFullCredit":false}],"authorContributionMap":{"Swei99":4}},{"path":"text-ui-test/runtest.bat","fileType":"bat","lines":[{"lineNumber":1,"author":{"gitId":"-"},"content":"@ECHO OFF","lastModifiedDate":"2020-05-25T00:03:55","isFullCredit":false},{"lineNumber":2,"author":{"gitId":"-"},"content":"","lastModifiedDate":"2020-05-25T00:03:55","isFullCredit":false},{"lineNumber":3,"author":{"gitId":"-"},"content":"REM create bin directory if it doesn\u0027t exist","lastModifiedDate":"2020-05-25T00:03:55","isFullCredit":false},{"lineNumber":4,"author":{"gitId":"-"},"content":"if not exist ..\\bin mkdir ..\\bin","lastModifiedDate":"2020-05-25T00:03:55","isFullCredit":false},{"lineNumber":5,"author":{"gitId":"-"},"content":"","lastModifiedDate":"2020-05-25T00:03:55","isFullCredit":false},{"lineNumber":6,"author":{"gitId":"-"},"content":"REM delete output from previous run","lastModifiedDate":"2020-05-25T00:03:55","isFullCredit":false},{"lineNumber":7,"author":{"gitId":"-"},"content":"if exist ACTUAL.TXT del ACTUAL.TXT","lastModifiedDate":"2020-08-25T17:23:26","isFullCredit":false},{"lineNumber":8,"author":{"gitId":"-"},"content":"","lastModifiedDate":"2020-05-25T00:03:55","isFullCredit":false},{"lineNumber":9,"author":{"gitId":"-"},"content":"REM compile the code into the bin folder","lastModifiedDate":"2020-05-25T00:03:55","isFullCredit":false},{"lineNumber":10,"author":{"gitId":"-"},"content":"javac  -cp ..\\src\\main\\java -Xlint:none -d ..\\bin ..\\src\\main\\java\\*.java","lastModifiedDate":"2020-08-25T17:23:26","isFullCredit":false},{"lineNumber":11,"author":{"gitId":"-"},"content":"IF ERRORLEVEL 1 (","lastModifiedDate":"2020-05-25T00:03:55","isFullCredit":false},{"lineNumber":12,"author":{"gitId":"-"},"content":"    echo ********** BUILD FAILURE **********","lastModifiedDate":"2020-05-25T00:03:55","isFullCredit":false},{"lineNumber":13,"author":{"gitId":"-"},"content":"    exit /b 1","lastModifiedDate":"2020-05-25T00:03:55","isFullCredit":false},{"lineNumber":14,"author":{"gitId":"-"},"content":")","lastModifiedDate":"2020-05-25T00:03:55","isFullCredit":false},{"lineNumber":15,"author":{"gitId":"-"},"content":"REM no error here, errorlevel \u003d\u003d 0","lastModifiedDate":"2020-05-25T00:03:55","isFullCredit":false},{"lineNumber":16,"author":{"gitId":"-"},"content":"","lastModifiedDate":"2020-05-25T00:03:55","isFullCredit":false},{"lineNumber":17,"author":{"gitId":"-"},"content":"REM run the program, feed commands from input.txt file and redirect the output to the ACTUAL.TXT","lastModifiedDate":"2020-05-25T00:03:55","isFullCredit":false},{"lineNumber":18,"author":{"gitId":"Swei99"},"content":"java -classpath ..\\bin weiwei \u003c input.txt \u003e ACTUAL.TXT","lastModifiedDate":"2025-08-22T10:30:47","isFullCredit":false},{"lineNumber":19,"author":{"gitId":"-"},"content":"","lastModifiedDate":"2020-05-25T00:03:55","isFullCredit":false},{"lineNumber":20,"author":{"gitId":"-"},"content":"REM compare the output to the expected output","lastModifiedDate":"2020-05-25T00:03:55","isFullCredit":false},{"lineNumber":21,"author":{"gitId":"-"},"content":"FC ACTUAL.TXT EXPECTED.TXT","lastModifiedDate":"2020-05-25T00:03:55","isFullCredit":false}],"authorContributionMap":{"Swei99":1,"-":20}}]
