{"authorDailyContributionsMap":{"Neko-Nguyen":[{"date":"2025-08-22T00:00:00","commitResults":[{"hash":"9ea75d141262457cb181a3cdf4fa0db7c610dcdf","isMergeCommit":false,"messageTitle":"Rename Duke to Rio and add greeting and exit","messageBody":"Replaces the Duke class and related references with Rio, including updates to README files, test scripts, and expected output. The new Rio class introduces a revised logo and greeting message, reflecting the project\u0027s new identity.\n","tags":["level-0"],"fileTypesAndContributionMap":{"java":{"insertions":27,"deletions":10},"bat":{"insertions":1,"deletions":1},"md":{"insertions":10,"deletions":9}}},{"hash":"d295c0b6752d9799cbf11ddcb740a05a0aa57945","isMergeCommit":false,"messageTitle":"level-1","messageBody":"","tags":["level-1"],"fileTypesAndContributionMap":{"java":{"insertions":19,"deletions":6}}},{"hash":"b1bb292bd17b606ef08958c5e8cbf808a3ad270f","isMergeCommit":false,"messageTitle":"Refactor Rio to use Task objects and add Task class","messageBody":"Introduced a new Task class to encapsulate task data and logic. Refactored Rio to store tasks as Task objects, improved handling of \u0027bye\u0027 and \u0027list\u0027 commands, and enhanced output formatting. This change improves code organization and prepares for future extensibility.\n","tags":["level-2"],"fileTypesAndContributionMap":{"java":{"insertions":65,"deletions":13}}}]},{"date":"2025-08-23T00:00:00","commitResults":[{"hash":"278178d401ee512776276b175997c1143402fe43","isMergeCommit":false,"messageTitle":"Add task completion status and refactor Rio logic","messageBody":"Introduces a boolean status to Task for marking completion, with methods to finish and unfinish tasks. Refactors Rio to handle marking, unmarking, and listing tasks with their status, and removes redundant Task fields for \u0027bye\u0027 and \u0027list\u0027.\n","tags":["level-3"],"fileTypesAndContributionMap":{"java":{"insertions":69,"deletions":10}}},{"hash":"e60da1720ecda4df5a041f7201fd952c100adc2d","isMergeCommit":false,"messageTitle":"Add Deadline, Event, and ToDo task types","messageBody":"Introduces new classes Deadline, Event, and ToDo extending Task, each with custom constructors and string representations. Refactors Rio to support adding and managing these new task types, updates task marking/unmarking logic, and simplifies Task class by removing unused methods.\n","tags":["level-4"],"fileTypesAndContributionMap":{"java":{"insertions":124,"deletions":47}}},{"hash":"c327dc831679e9501ce93103a112bbe7d9fddf44","isMergeCommit":false,"messageTitle":"Update test files for new greeting and input","messageBody":"Replaces the ASCII art greeting in EXPECTED.TXT with a new Rio assistant message and adds \u0027bye\u0027 to input.txt for updated test coverage.\n","tags":["A-TextUiTesting"],"fileTypesAndContributionMap":{"txt":{"insertions":1,"deletions":0}}},{"hash":"b110b4474355890ceed507f1609eefc40df11125","isMergeCommit":false,"messageTitle":"Add command recognition flag to Rio class","messageBody":"Introduces a recognizeCommand boolean to track if a valid command was processed. Provides user feedback for unrecognized commands and resets the flag after each input loop iteration to improve command handling.\n","tags":["level-5"],"fileTypesAndContributionMap":{"java":{"insertions":21,"deletions":0}}}]},{"date":"2025-08-24T00:00:00","commitResults":[{"hash":"9dfdcdf5f28b19f13f9239459406ea01614b4bc4","isMergeCommit":false,"messageTitle":"Fix task indexing and add delete command","messageBody":"Corrects task indexing by using idx - 1 for finish and unfinish operations to match user-facing numbering. Adds a deleteTask method and integrates it with the command parser to allow users to remove tasks by index.\n","tags":["level-6"],"fileTypesAndContributionMap":{"java":{"insertions":18,"deletions":2}}},{"hash":"75a0b44df9ef7f08c0a7df2eff7665c10e70405e","isMergeCommit":false,"messageTitle":"Refactor command handling using enum","messageBody":"Introduced a Command enum to replace string-based command checks in doTask(). This improves code readability and reduces errors from invalid command strings by leveraging enum type safety and valueOf().\n","tags":["A-Enums"],"fileTypesAndContributionMap":{"java":{"insertions":27,"deletions":21}}}]}]},"authorFileTypeContributionMap":{"Neko-Nguyen":{"java":271,"md":9,"fxml":0,"sh":0,"bat":1,"gradle":0,"txt":1}},"authorContributionVariance":{"Neko-Nguyen":5280.2495},"authorDisplayNameMap":{"Neko-Nguyen":"NGUY..MINH"}}
