{"authorDailyContributionsMap":{"Joulenergy":[{"date":"2025-08-22T00:00:00","commitResults":[{"hash":"b529bca4f04089e6ba1cb4c0c9c48321cf90aa75","isMergeCommit":false,"messageTitle":"Rename greet exit","messageBody":"","tags":["Level-0"],"fileTypesAndContributionMap":{"java":{"insertions":7,"deletions":10},"bat":{"insertions":1,"deletions":1},"md":{"insertions":3,"deletions":3}}},{"hash":"cff7b8e6467c53b1502ad4645226edd5e94086c0","isMergeCommit":false,"messageTitle":"Echo","messageBody":"","tags":["Level-1"],"fileTypesAndContributionMap":{"java":{"insertions":15,"deletions":1}}},{"hash":"6a9f4e2c8bb5e6ff35d2adf94227743b89ec863b","isMergeCommit":false,"messageTitle":"Add list","messageBody":"","tags":["Level-2"],"fileTypesAndContributionMap":{"java":{"insertions":11,"deletions":1}}},{"hash":"d75a5b493aaebbc65007cbaf4cbc05fcf5f8422e","isMergeCommit":false,"messageTitle":"Mark as done","messageBody":"","tags":["Level-3"],"fileTypesAndContributionMap":{"java":{"insertions":44,"deletions":3}}},{"hash":"c56c8fc3ed6baa6fea8abc881cbc637eba221746","isMergeCommit":false,"messageTitle":"Todo, event, deadline","messageBody":"","tags":["Level-4"],"fileTypesAndContributionMap":{"java":{"insertions":59,"deletions":2}}},{"hash":"db821af31bec695b5ef778591ac2bfc510b95192","isMergeCommit":false,"messageTitle":"Automated text ui testing","messageBody":"","tags":["A-TextUiTesting"],"fileTypesAndContributionMap":{"txt":{"insertions":5,"deletions":0},"sh":{"insertions":1,"deletions":1}}},{"hash":"c3dd49fec1adbe07e94bd328e0be4a5f29a6a0ee","isMergeCommit":false,"messageTitle":"Handle errors","messageBody":"","tags":["Level-5"],"fileTypesAndContributionMap":{"java":{"insertions":60,"deletions":27}}},{"hash":"981237bc3903521eeefbdd0688cd3592e32ceb87","isMergeCommit":false,"messageTitle":"Delete","messageBody":"","tags":["Level-6"],"fileTypesAndContributionMap":{"java":{"insertions":13,"deletions":6}}}]}]},"authorFileTypeContributionMap":{"Joulenergy":{"java":169,"md":3,"fxml":0,"sh":1,"bat":1,"gradle":0,"txt":5}},"authorContributionVariance":{"Joulenergy":4671.396},"authorDisplayNameMap":{"Joulenergy":"HUAN..LENE"}}
