{"authorDailyContributionsMap":{"JoveFYL":[{"date":"2025-08-20T00:00:00","commitResults":[{"hash":"b3141ec3d0a763d9ab4b65e4cd8f9b29f0a75073","isMergeCommit":false,"messageTitle":"Rename Duke.java to Gigachad.java","messageBody":"","tags":["Level-0"],"fileTypesAndContributionMap":{"java":{"insertions":4,"deletions":2}}},{"hash":"9f7c9434c6924ad5f302e56f3d1152b025a73800","isMergeCommit":false,"messageTitle":"Refactor Gigachad to echo commands entered by the user","messageBody":"","tags":["Level-1"],"fileTypesAndContributionMap":{"java":{"insertions":13,"deletions":0}}},{"hash":"c7360b49107752db31842967da664a2aacd75892","isMergeCommit":false,"messageTitle":"Refactor Gigachad to store text entered and display them when requested","messageBody":"","tags":["Level-2"],"fileTypesAndContributionMap":{"java":{"insertions":15,"deletions":1}}}]},{"date":"2025-08-21T00:00:00","commitResults":[{"hash":"f2b755208a0b6e9f839e7645f4c493d00c82c262","isMergeCommit":false,"messageTitle":"Refactor Gigachad to mark and unmark tasks and create Task class","messageBody":"","fileTypesAndContributionMap":{"java":{"insertions":34,"deletions":7}}},{"hash":"9d969519ed5d1bf19bf87b0008e855a024d79a1e","isMergeCommit":false,"messageTitle":"Add missing Task","messageBody":"","tags":["Level-3"],"fileTypesAndContributionMap":{"java":{"insertions":40,"deletions":2}}},{"hash":"46128ff113739198cf7d37c29ff1e3d5bd4411fc","isMergeCommit":false,"messageTitle":"Implement ToDos, Events, Deadlines","messageBody":"","tags":["Level-4"],"fileTypesAndContributionMap":{"java":{"insertions":109,"deletions":29}}}]},{"date":"2025-08-22T00:00:00","commitResults":[{"hash":"881a848800a70af7aa124af381372369e2c00b42","isMergeCommit":false,"messageTitle":"Run Automated Text UI Testing","messageBody":"","tags":["A-TextUiTesting"],"fileTypesAndContributionMap":{"txt":{"insertions":4,"deletions":0},"java":{"insertions":6,"deletions":6},"sh":{"insertions":3,"deletions":3}}},{"hash":"9360ffc3a00bf21dcd94e0cb8c95abcaa5192954","isMergeCommit":false,"messageTitle":"Handle errors such as incorrect inputs entered by user","messageBody":"","tags":["Level-5"],"fileTypesAndContributionMap":{"java":{"insertions":100,"deletions":38},"md":{"insertions":3,"deletions":3}}},{"hash":"fe94b329bc7b960fac9496c56addbdd18a3444a6","isMergeCommit":false,"messageTitle":"Refactor Gigachad to support deleting tasks from list","messageBody":"","tags":["Level-6"],"fileTypesAndContributionMap":{"java":{"insertions":29,"deletions":5},"bat":{"insertions":1,"deletions":1}}}]},{"date":"2025-08-27T00:00:00","commitResults":[{"hash":"8c98536f7e709a37570aee79229325799423d875","isMergeCommit":false,"messageTitle":"Refactor Gigachad to save tasks in the hard disk when task list changes","messageBody":"","fileTypesAndContributionMap":{"java":{"insertions":292,"deletions":134}}},{"hash":"e24b99ffc55d5e9319c07cf819eaad3bec6c3804","isMergeCommit":true,"messageTitle":"Merge branch \u0027branch-Level-7\u0027","messageBody":"","tags":["Level-7"],"fileTypesAndContributionMap":{}}]}]},"authorFileTypeContributionMap":{"JoveFYL":{"java":420,"md":3,"fxml":0,"sh":2,"bat":1,"gradle":0,"txt":4}},"authorContributionVariance":{"JoveFYL":11663.66},"authorDisplayNameMap":{"JoveFYL":"FONG..JOVE"}}
