{"authorDailyContributionsMap":{"JoveFYL":[{"date":"2025-08-20T00:00:00","commitResults":[{"hash":"b3141ec3d0a763d9ab4b65e4cd8f9b29f0a75073","isMergeCommit":false,"messageTitle":"Rename Duke.java to Gigachad.java","messageBody":"","tags":["Level-0"],"fileTypesAndContributionMap":{"java":{"insertions":4,"deletions":2}}},{"hash":"9f7c9434c6924ad5f302e56f3d1152b025a73800","isMergeCommit":false,"messageTitle":"Refactor Gigachad to echo commands entered by the user","messageBody":"","tags":["Level-1"],"fileTypesAndContributionMap":{"java":{"insertions":13,"deletions":0}}},{"hash":"c7360b49107752db31842967da664a2aacd75892","isMergeCommit":false,"messageTitle":"Refactor Gigachad to store text entered and display them when requested","messageBody":"","tags":["Level-2"],"fileTypesAndContributionMap":{"java":{"insertions":15,"deletions":1}}}]},{"date":"2025-08-21T00:00:00","commitResults":[{"hash":"f2b755208a0b6e9f839e7645f4c493d00c82c262","isMergeCommit":false,"messageTitle":"Refactor Gigachad to mark and unmark tasks and create Task class","messageBody":"","fileTypesAndContributionMap":{"java":{"insertions":34,"deletions":7}}},{"hash":"9d969519ed5d1bf19bf87b0008e855a024d79a1e","isMergeCommit":false,"messageTitle":"Add missing Task","messageBody":"","tags":["Level-3"],"fileTypesAndContributionMap":{"java":{"insertions":40,"deletions":2}}},{"hash":"46128ff113739198cf7d37c29ff1e3d5bd4411fc","isMergeCommit":false,"messageTitle":"Implement ToDos, Events, Deadlines","messageBody":"","tags":["Level-4"],"fileTypesAndContributionMap":{"java":{"insertions":109,"deletions":29}}}]},{"date":"2025-08-22T00:00:00","commitResults":[{"hash":"881a848800a70af7aa124af381372369e2c00b42","isMergeCommit":false,"messageTitle":"Run Automated Text UI Testing","messageBody":"","tags":["A-TextUiTesting"],"fileTypesAndContributionMap":{"txt":{"insertions":4,"deletions":0},"java":{"insertions":6,"deletions":6},"sh":{"insertions":3,"deletions":3}}},{"hash":"9360ffc3a00bf21dcd94e0cb8c95abcaa5192954","isMergeCommit":false,"messageTitle":"Handle errors such as incorrect inputs entered by user","messageBody":"","tags":["Level-5"],"fileTypesAndContributionMap":{"java":{"insertions":100,"deletions":38},"md":{"insertions":3,"deletions":3}}},{"hash":"fe94b329bc7b960fac9496c56addbdd18a3444a6","isMergeCommit":false,"messageTitle":"Refactor Gigachad to support deleting tasks from list","messageBody":"","tags":["Level-6"],"fileTypesAndContributionMap":{"java":{"insertions":29,"deletions":5},"bat":{"insertions":1,"deletions":1}}}]},{"date":"2025-08-27T00:00:00","commitResults":[{"hash":"8c98536f7e709a37570aee79229325799423d875","isMergeCommit":false,"messageTitle":"Refactor Gigachad to save tasks in the hard disk when task list changes","messageBody":"","fileTypesAndContributionMap":{"java":{"insertions":292,"deletions":134}}},{"hash":"e24b99ffc55d5e9319c07cf819eaad3bec6c3804","isMergeCommit":true,"messageTitle":"Merge branch \u0027branch-Level-7\u0027","messageBody":"","tags":["Level-7"],"fileTypesAndContributionMap":{}}]},{"date":"2025-08-28T00:00:00","commitResults":[{"hash":"88ebef93c355389209ae17867b0988f52c105647","isMergeCommit":false,"messageTitle":"Refactor Gigachad to use and print datetime in format: yyyy-MM-dd HHmm","messageBody":"","fileTypesAndContributionMap":{"java":{"insertions":50,"deletions":24}}},{"hash":"a49aff6e88b32ded05d6a7d5f26bb8093b5acf02","isMergeCommit":true,"messageTitle":"Merge branch \u0027branch-Level-8\u0027","messageBody":"","tags":["Level-8"],"fileTypesAndContributionMap":{}},{"hash":"f8cd1f0d4fd5b0a3c8ebcef8b6f18b424bf4e7af","isMergeCommit":false,"messageTitle":"Create Ui class and refactor Gigachad to use Ui class","messageBody":"","fileTypesAndContributionMap":{"java":{"insertions":96,"deletions":36}}},{"hash":"3e054ff42db125abb82239e73c59fb02cadebe87","isMergeCommit":false,"messageTitle":"Create TaskList class and refactor Gigachad to use TaskList to store listOfTasks","messageBody":"","fileTypesAndContributionMap":{"java":{"insertions":85,"deletions":44}}},{"hash":"2f6f448daaf83bb1fceac3acdc6969c2d9b8c158","isMergeCommit":false,"messageTitle":"Create Command and Parser classes to extract loading and processing of tasks","messageBody":"","fileTypesAndContributionMap":{"java":{"insertions":206,"deletions":162}}},{"hash":"1da2813213197e175db780360823d59bea693baa","isMergeCommit":true,"messageTitle":"Merge branch \u0027branch-A-MoreOOP\u0027","messageBody":"","tags":["A-MoreOOP"],"fileTypesAndContributionMap":{}},{"hash":"34170f943f115727d2b434496e4e183ce98f5293","isMergeCommit":false,"messageTitle":"Divide classes into packages","messageBody":"","fileTypesAndContributionMap":{"java":{"insertions":49,"deletions":12},"bat":{"insertions":1,"deletions":1},"md":{"insertions":3,"deletions":3}}},{"hash":"c9f4adcb58b74586d9d2ebf40980a7771c52acf9","isMergeCommit":true,"messageTitle":"Merge branch \u0027branch-A-Packages\u0027","messageBody":"","tags":["A-Packages"],"fileTypesAndContributionMap":{}},{"hash":"460b6252701e357556520dc3ade57b63e0cc7a58","isMergeCommit":true,"messageTitle":"Merge branch \u0027add-gradle-support\u0027","messageBody":"","fileTypesAndContributionMap":{}}]},{"date":"2025-08-29T00:00:00","commitResults":[{"hash":"3bd4ad2286e9f223b30aeff9556507248a0ee19b","isMergeCommit":false,"messageTitle":"Refactor Gigachad to use Gradle to build and run the app","messageBody":"","fileTypesAndContributionMap":{"gradle":{"insertions":2,"deletions":2}}},{"hash":"5333bb2d3fc23b6cbe408b4696d1e31d512da5cd","isMergeCommit":true,"messageTitle":"Merge branch \u0027branch-A-Gradle\u0027","messageBody":"","tags":["A-Gradle"],"fileTypesAndContributionMap":{}},{"hash":"ad668fdba30752a7aad5d109f3db837c3b7567e8","isMergeCommit":false,"messageTitle":"Create JUnit test to test Storage","messageBody":"","fileTypesAndContributionMap":{"java":{"insertions":129,"deletions":0}}},{"hash":"7c8bb25fffc7c01592d595989130a6bcc85f1b1e","isMergeCommit":false,"messageTitle":"Refactor Command.java to throw exceptions in execute method","messageBody":"","fileTypesAndContributionMap":{"java":{"insertions":17,"deletions":41}}},{"hash":"33cc0c8b2e55a128c358987e448cf652bf241965","isMergeCommit":false,"messageTitle":"Create JUnit test to test Command","messageBody":"","fileTypesAndContributionMap":{"java":{"insertions":99,"deletions":0}}},{"hash":"248470f9c0b81bde72d1a091c47ccb99739a66c4","isMergeCommit":true,"messageTitle":"Merge branch \u0027branch-A-JUnit\u0027","messageBody":"","tags":["A-JUnit"],"fileTypesAndContributionMap":{}},{"hash":"4cc0c0f32c5dee383ea9db3f048edb7345d9f0a8","isMergeCommit":false,"messageTitle":"Refactor build.gradle to specify archiveFileName of jar file","messageBody":"","fileTypesAndContributionMap":{"gradle":{"insertions":1,"deletions":0}}},{"hash":"9994f6b914891d6c342969e0e0d9dd1291095def","isMergeCommit":true,"messageTitle":"Merge branch \u0027branch-A-Jar\u0027","messageBody":"","tags":["A-Jar"],"fileTypesAndContributionMap":{}},{"hash":"3df0f8c61aa573148aa841b04f69d84a20d31958","isMergeCommit":false,"messageTitle":"Add JavaDoc comments to the code","messageBody":"","fileTypesAndContributionMap":{"java":{"insertions":207,"deletions":39}}},{"hash":"c880016c8813a8e51eae9987b2146859a89d76c9","isMergeCommit":true,"messageTitle":"Merge branch \u0027branch-A-JavaDoc\u0027","messageBody":"","tags":["A-JavaDoc"],"fileTypesAndContributionMap":{}},{"hash":"8822aed8a81bbc2baf1d1f370f9c7732b84a1d88","isMergeCommit":false,"messageTitle":"Refactor the code to comply with coding standard","messageBody":"","fileTypesAndContributionMap":{"gradle":{"insertions":2,"deletions":2},"java":{"insertions":54,"deletions":50},"bat":{"insertions":1,"deletions":1},"md":{"insertions":3,"deletions":3}}}]},{"date":"2025-08-30T00:00:00","commitResults":[{"hash":"b77a033d2a8d7dd8aa6ca316a70b69557fa3950a","isMergeCommit":false,"messageTitle":"Refactor Gigachad to find tasks by searching for a keyword","messageBody":"","fileTypesAndContributionMap":{"gradle":{"insertions":1,"deletions":1},"java":{"insertions":31,"deletions":0}}},{"hash":"4a7e39df209413e25618ca800297c8c2a7620a54","isMergeCommit":true,"messageTitle":"Merge branch \u0027branch-A-CodingStandard\u0027","messageBody":"","tags":["A-CodingStandard"],"fileTypesAndContributionMap":{}},{"hash":"0f57b9c7343094317a9827ae34288d6981eebaac","isMergeCommit":true,"messageTitle":"Merge branch \u0027branch-Level-9\u0027","messageBody":"","tags":["Level-9"],"fileTypesAndContributionMap":{}}]},{"date":"2025-09-04T00:00:00","commitResults":[{"hash":"dbcb30fccba0b96640063d043a36e3eb738190c1","isMergeCommit":false,"messageTitle":"Refactor Gigachad to use checkstyle","messageBody":"","fileTypesAndContributionMap":{"gradle":{"insertions":4,"deletions":0}}}]},{"date":"2025-09-05T00:00:00","commitResults":[{"hash":"d534aa3c2d31e52fb4f209f1ebb26d962022f3a7","isMergeCommit":true,"messageTitle":"Merge branch \u0027branch-A-CheckStyle\u0027","messageBody":"","fileTypesAndContributionMap":{}},{"hash":"78c219e97d6b0230d8c95cbaff5148d858b6652c","isMergeCommit":false,"messageTitle":"Refactor Gigachad to be a GUI application","messageBody":"","fileTypesAndContributionMap":{"gradle":{"insertions":16,"deletions":1},"fxml":{"insertions":41,"deletions":0},"java":{"insertions":243,"deletions":91}}},{"hash":"edc928226b5a104c31eaa93eb35501f16bcf0722","isMergeCommit":true,"messageTitle":"Merge branch \u0027branch-Level-10\u0027","messageBody":"","tags":["Level-10"],"fileTypesAndContributionMap":{}}]}]},"authorFileTypeContributionMap":{"JoveFYL":{"java":1193,"md":3,"fxml":41,"sh":2,"bat":1,"gradle":23,"txt":4}},"authorContributionVariance":{"JoveFYL":41069.07},"authorDisplayNameMap":{"JoveFYL":"CS2103-F11-2 FONG..JOVE"}}
