{"authorDailyContributionsMap":{"Jerrytys":[{"date":"2025-08-19T00:00:00","commitResults":[{"hash":"47495e471d0196de2eeb52c236ad6c99a2051ca9","isMergeCommit":false,"messageTitle":"Rename main class","messageBody":"","fileTypesAndContributionMap":{"java":{"insertions":6,"deletions":10}}},{"hash":"8f36eca2cea5396c9afeb9c1451157c134735dd0","isMergeCommit":false,"messageTitle":"Add greeting","messageBody":"","tags":["Level-0"],"fileTypesAndContributionMap":{"java":{"insertions":10,"deletions":2}}}]},{"date":"2025-08-20T00:00:00","commitResults":[{"hash":"149c7f6446919f2028199f5cfba785af6eee9d6e","isMergeCommit":false,"messageTitle":"Added support for echo","messageBody":"","tags":["Level-1"],"fileTypesAndContributionMap":{"java":{"insertions":23,"deletions":2}}},{"hash":"169c0be9be5bc7ce3580b6e64b0a69f0caad9a91","isMergeCommit":false,"messageTitle":"Add support for list","messageBody":"","tags":["Level-2"],"fileTypesAndContributionMap":{"java":{"insertions":18,"deletions":1}}},{"hash":"ccd9bcfd38cc1ae2a2e663ba94de78b160b12509","isMergeCommit":false,"messageTitle":"Add Task class","messageBody":"","fileTypesAndContributionMap":{"java":{"insertions":20,"deletions":0}}},{"hash":"66d8219be52a92e73415392619da46a75c3d98f9","isMergeCommit":false,"messageTitle":"Replace item to Task object","messageBody":"","fileTypesAndContributionMap":{"java":{"insertions":12,"deletions":4}}},{"hash":"46846ab41ec4ad74e66b2dd21e585b10b36c6d49","isMergeCommit":false,"messageTitle":"Add more support for Task class","messageBody":"","fileTypesAndContributionMap":{"java":{"insertions":10,"deletions":3}}},{"hash":"67dd7ee926401dfcabcf42d4782c12bdd82c94a0","isMergeCommit":false,"messageTitle":"Add support for mark, unmark and improved listing","messageBody":"","tags":["Level-3"],"fileTypesAndContributionMap":{"java":{"insertions":30,"deletions":3}}}]}]},"authorFileTypeContributionMap":{"Jerrytys":{"java":114,"md":0,"fxml":0,"sh":0,"bat":0,"gradle":0,"txt":0}},"authorContributionVariance":{"Jerrytys":1141.2072},"authorDisplayNameMap":{"Jerrytys":"JERR..HENG"}}
