{"authorDailyContributionsMap":{"aaroncjgoh":[{"date":"2025-08-21T00:00:00","commitResults":[{"hash":"f586aaa22574ec53d23712618e251d2c4d735914","isMergeCommit":false,"messageTitle":"Added Constructor and functions for ending conversation","messageBody":"","tags":["Level-0"],"fileTypesAndContributionMap":{"java":{"insertions":21,"deletions":10}}},{"hash":"e7a342172be97f82dc37c1d94710a0f1528d80c1","isMergeCommit":false,"messageTitle":"Added function to take in inputs","messageBody":"","tags":["Level-1"],"fileTypesAndContributionMap":{"java":{"insertions":21,"deletions":4}}},{"hash":"11a3d81477859f6c7c92b96f533c463073ef9610","isMergeCommit":false,"messageTitle":"Added todo-list features","messageBody":"","tags":["Level-2"],"fileTypesAndContributionMap":{"java":{"insertions":20,"deletions":1}}},{"hash":"96ca5d97449c01b374fece10c75335f1eac26228","isMergeCommit":false,"messageTitle":"Created Task class for more functionality","messageBody":"","tags":["Level-3"],"fileTypesAndContributionMap":{"java":{"insertions":65,"deletions":3}}},{"hash":"393ba35f058b59328db13ddc737fbc5374970ba9","isMergeCommit":false,"messageTitle":"Added Categories of tasks (Todos, Deadlines, Events)","messageBody":"","tags":["Level-4"],"fileTypesAndContributionMap":{"java":{"insertions":60,"deletions":6}}}]},{"date":"2025-08-22T00:00:00","commitResults":[{"hash":"96845674e8aad032cdb2aeb11dec65434c40e018","isMergeCommit":false,"messageTitle":"Added error handling for command execution","messageBody":"","tags":["Level-5","A-TextUiTesting"],"fileTypesAndContributionMap":{"txt":{"insertions":5,"deletions":0},"java":{"insertions":112,"deletions":48},"sh":{"insertions":1,"deletions":2}}},{"hash":"b3751adee0d911f9d18be9248ae4ef4ec01b1c37","isMergeCommit":false,"messageTitle":"Added delete functionality to todo list","messageBody":"","tags":["Level-6"],"fileTypesAndContributionMap":{"txt":{"insertions":6,"deletions":3},"java":{"insertions":26,"deletions":2}}}]},{"date":"2025-08-28T00:00:00","commitResults":[{"hash":"e0730f02d0f14aafa5329f01a14e544f01ea26cd","isMergeCommit":false,"messageTitle":"Add local memory","messageBody":"","tags":["Level-7"],"fileTypesAndContributionMap":{"txt":{"insertions":3,"deletions":0},"java":{"insertions":180,"deletions":80}}},{"hash":"72d4ba65f599f098aba9a449914dee81c3ab68c7","isMergeCommit":false,"messageTitle":"Add date recognition capabilities","messageBody":"","tags":["Level-8"],"fileTypesAndContributionMap":{"txt":{"insertions":3,"deletions":3},"java":{"insertions":50,"deletions":7}}}]},{"date":"2025-08-29T00:00:00","commitResults":[{"hash":"3b96826acdc40914ea243bbefefd399119009bd4","isMergeCommit":false,"messageTitle":"Separate functionality into different classes","messageBody":"","fileTypesAndContributionMap":{"txt":{"insertions":2,"deletions":1},"java":{"insertions":333,"deletions":276}}},{"hash":"c138213804bd65d5a8a32a44c3f8c9d6cffdf197","isMergeCommit":true,"messageTitle":"Merge branch \"branch-A-MoreOOP\" into master","messageBody":"","tags":["A-MoreOOP"],"fileTypesAndContributionMap":{}},{"hash":"16004719bb170d1145869462b03e582907efe603","isMergeCommit":false,"messageTitle":"Change structure to include packages","messageBody":"","fileTypesAndContributionMap":{"java":{"insertions":53,"deletions":11}}},{"hash":"df35823335076140283adca890fe4b742568f6c4","isMergeCommit":true,"messageTitle":"Merge branch \u0027branch-A-Packages\u0027","messageBody":"","tags":["A-Packages"],"fileTypesAndContributionMap":{}},{"hash":"11a217b50a124ccde1c55cb2fcedbb3bc8886b20","isMergeCommit":true,"messageTitle":"Merge branch \"add-gradle-support\" with master\"","messageBody":"","fileTypesAndContributionMap":{}},{"hash":"1a9ce48feb079f4c78dba593f7f31ba2862266b0","isMergeCommit":false,"messageTitle":"Add gradle support for project","messageBody":"","tags":["A-Gradle"],"fileTypesAndContributionMap":{"gradle":{"insertions":3,"deletions":2},"txt":{"insertions":1,"deletions":2}}},{"hash":"235d10b4bab3d2f70d39eb78ac15b9e7084479ec","isMergeCommit":false,"messageTitle":"Add JUnit for testing","messageBody":"","fileTypesAndContributionMap":{"gradle":{"insertions":1,"deletions":0},"java":{"insertions":109,"deletions":0}}},{"hash":"d1b2d432410b898816f02136be9786379cc18588","isMergeCommit":true,"messageTitle":"Merge branch \u0027branch-A-JUnit\u0027 with master","messageBody":"","tags":["A-JUnit"],"fileTypesAndContributionMap":{}},{"hash":"03ef81807a492a5d424a2b978b7d3e705e73fd8b","isMergeCommit":false,"messageTitle":"Create Jar file for app","messageBody":"","tags":["A-Jar"],"fileTypesAndContributionMap":{"java":{"insertions":2,"deletions":2}}}]}]},"authorFileTypeContributionMap":{"aaroncjgoh":{"java":612,"md":0,"fxml":0,"sh":1,"bat":0,"gradle":4,"txt":11}},"authorContributionVariance":{"aaroncjgoh":32810.273},"authorDisplayNameMap":{"aaroncjgoh":"CS2103T-T14-2 AARO.. JUN"}}
