{"authorDailyContributionsMap":{"zzdlklzz":[{"date":"2025-08-19T00:00:00","commitResults":[{"hash":"b536c84e84806fa2d763d0c676ac68fd9c10432a","isMergeCommit":false,"messageTitle":"Implement Level-0","messageBody":"","tags":["Level-0"],"fileTypesAndContributionMap":{"java":{"insertions":14,"deletions":10}}},{"hash":"0de8aff36426cc4bc8463046c08fad7750354fc1","isMergeCommit":false,"messageTitle":"Implement Level-1","messageBody":"","tags":["Level-1"],"fileTypesAndContributionMap":{"java":{"insertions":42,"deletions":3}}},{"hash":"038871827e3c17cbf4074a83025e8bc6b7238ae0","isMergeCommit":false,"messageTitle":"Add indentation","messageBody":"","fileTypesAndContributionMap":{"java":{"insertions":10,"deletions":1}}},{"hash":"c68449383d77282042689dd4e1a0d794e0c061ed","isMergeCommit":false,"messageTitle":"Make greet and exit private","messageBody":"","fileTypesAndContributionMap":{"java":{"insertions":2,"deletions":2}}},{"hash":"f06c4fdc2a912ee0fc5ebf2f5e692471e190c62b","isMergeCommit":false,"messageTitle":"Add addToList function","messageBody":"","fileTypesAndContributionMap":{"java":{"insertions":27,"deletions":4}}},{"hash":"b0b71dbed0eeafdf2cc9f0eea94d40091223974f","isMergeCommit":false,"messageTitle":"Remove repeatText function","messageBody":"","fileTypesAndContributionMap":{"java":{"insertions":0,"deletions":8}}},{"hash":"128595ac90a3afedfab646e5b52bdd411681b1d1","isMergeCommit":false,"messageTitle":"Implement Level-2","messageBody":"","tags":["Level-2"],"fileTypesAndContributionMap":{"java":{"insertions":19,"deletions":2}}},{"hash":"f19dcca689939572e1799fdb292aaad32b949019","isMergeCommit":false,"messageTitle":"Add Task class","messageBody":"","fileTypesAndContributionMap":{"java":{"insertions":23,"deletions":0}}},{"hash":"b0f4dd233835fa9f8a4e0c5ce1abd76cc8a2a9bb","isMergeCommit":false,"messageTitle":"Implement Level-3","messageBody":"","tags":["Level-3"],"fileTypesAndContributionMap":{"java":{"insertions":53,"deletions":10}}},{"hash":"1bfeb7740391325e3218a0daa7baceae481a29e0","isMergeCommit":false,"messageTitle":"Add sub task classes and task type enum","messageBody":"","tags":["A-Enums"],"fileTypesAndContributionMap":{"java":{"insertions":37,"deletions":1}}},{"hash":"28e27929c91b211251262a07b75350cdf79b2216","isMergeCommit":false,"messageTitle":"Update addToList function","messageBody":"","fileTypesAndContributionMap":{"java":{"insertions":10,"deletions":6}}},{"hash":"bae3841915bbbaf3788d820ec68e6b0378956a24","isMergeCommit":false,"messageTitle":"Implement deadline and todo tasks","messageBody":"","fileTypesAndContributionMap":{"java":{"insertions":26,"deletions":3}}},{"hash":"ea4c02542a52da79322c7660d20a9aa141734c5e","isMergeCommit":false,"messageTitle":"Update EventTask.java","messageBody":"","fileTypesAndContributionMap":{"java":{"insertions":7,"deletions":2}}},{"hash":"18f30edb559fb8e9524065c188444783942e6fbc","isMergeCommit":false,"messageTitle":"Implement Level-4","messageBody":"","tags":["Level-4"],"fileTypesAndContributionMap":{"java":{"insertions":19,"deletions":0}}},{"hash":"4e20572f20cdc56f393d20a0a6288f2d03238dcf","isMergeCommit":false,"messageTitle":"Implement A-TextUiTesting","messageBody":"","tags":["A-TextUiTesting"],"fileTypesAndContributionMap":{"txt":{"insertions":7,"deletions":0},"sh":{"insertions":1,"deletions":1}}},{"hash":"677fe7ce010d1c486df7bc9a2a07a7a8b096a087","isMergeCommit":false,"messageTitle":"Reformat mark and unmark blocks","messageBody":"","fileTypesAndContributionMap":{"java":{"insertions":17,"deletions":3}}},{"hash":"9e824f13a68ea0458a01913fdc80c6bf8624523e","isMergeCommit":false,"messageTitle":"Refactor parsing and implement Level-5","messageBody":"","tags":["Level-5"],"fileTypesAndContributionMap":{"java":{"insertions":103,"deletions":35}}},{"hash":"feeba9bdde4c75f3f88446bbcc38327db5faa13b","isMergeCommit":false,"messageTitle":"Change memory from Array to ArrayList","messageBody":"","fileTypesAndContributionMap":{"java":{"insertions":8,"deletions":17}}},{"hash":"e223b3fabfed0642915ec0ca69b464f1a522f510","isMergeCommit":false,"messageTitle":"Implemented Level-6","messageBody":"","fileTypesAndContributionMap":{"java":{"insertions":40,"deletions":2}}},{"hash":"7720478cc49cb5ad76e4b9559a04a8044c01e86f","isMergeCommit":false,"messageTitle":"Implement Level-6","messageBody":"","tags":["Level-6"],"fileTypesAndContributionMap":{"java":{"insertions":40,"deletions":2}}}]},{"date":"2025-08-26T00:00:00","commitResults":[{"hash":"8c28d48dc430fe8def4d21cfebf4d199f4300e49","isMergeCommit":false,"messageTitle":"Abstract line spacing for indentedReply","messageBody":"","fileTypesAndContributionMap":{"java":{"insertions":10,"deletions":7}}},{"hash":"6718d91378ed0641eb56d18d753d1b75ad8f96f8","isMergeCommit":false,"messageTitle":"Fix chat loop break bug","messageBody":"","fileTypesAndContributionMap":{"java":{"insertions":6,"deletions":6}}},{"hash":"dcdddaa10d699b5fae2919d59226bdc310b6178b","isMergeCommit":false,"messageTitle":"Reformat JavaDoc","messageBody":"","fileTypesAndContributionMap":{"java":{"insertions":6,"deletions":6}}},{"hash":"662344122159101c8ecc3931db71e0fdc002a834","isMergeCommit":false,"messageTitle":"Reformat JavaDoc","messageBody":"","fileTypesAndContributionMap":{"java":{"insertions":10,"deletions":2}}},{"hash":"64dbac2857e48784354c9e4c03c1ab04fea35db3","isMergeCommit":false,"messageTitle":"Add getType to tasks","messageBody":"","fileTypesAndContributionMap":{"java":{"insertions":17,"deletions":0}}}]},{"date":"2025-08-27T00:00:00","commitResults":[{"hash":"1b54f15f60699291ca2145e03937922a54ef2eae","isMergeCommit":false,"messageTitle":"Add getDesc method to Task class","messageBody":"","fileTypesAndContributionMap":{"java":{"insertions":4,"deletions":0}}},{"hash":"3356113ecef20973911d13e8e9a94d9e4accacd2","isMergeCommit":false,"messageTitle":"Add getters to EventTask and DeadlineTask classes","messageBody":"","fileTypesAndContributionMap":{"java":{"insertions":12,"deletions":0}}},{"hash":"8b4cb38c50cbe70ce2a8d1dfd429ac1e5fe155fb","isMergeCommit":false,"messageTitle":"Add isDone method to Task class","messageBody":"","fileTypesAndContributionMap":{"java":{"insertions":4,"deletions":0}}},{"hash":"19c55f6e61b931f7a09ebfa7e0be37da3547fc62","isMergeCommit":false,"messageTitle":"Implement Level-7","messageBody":"","fileTypesAndContributionMap":{"java":{"insertions":171,"deletions":3}}},{"hash":"933a924784cdbe1566d3112485d1f09040e61d8d","isMergeCommit":true,"messageTitle":"Merge branch-level-7 into master","messageBody":"","tags":["Level-7"],"fileTypesAndContributionMap":{}},{"hash":"a5f84d2b34d1919e85754bb67e52a7aa974e31d7","isMergeCommit":false,"messageTitle":"Change task loading to constructor","messageBody":"","fileTypesAndContributionMap":{"java":{"insertions":9,"deletions":8}}},{"hash":"c904e0558a5c99ddba7d333b256a25c7c2fcaf65","isMergeCommit":false,"messageTitle":"Add date to DeadlineTask and fix NullPointerException when loading memory","messageBody":"","fileTypesAndContributionMap":{"java":{"insertions":14,"deletions":6}}},{"hash":"83c40b972da04d728c24e0fb933dd6393f2ceb8f","isMergeCommit":false,"messageTitle":"Fix bug with date format on file writing","messageBody":"","fileTypesAndContributionMap":{"java":{"insertions":35,"deletions":15}}}]},{"date":"2025-08-28T00:00:00","commitResults":[{"hash":"0da277fb8e020328cdbaff8f9f0b4b528807bf52","isMergeCommit":true,"messageTitle":"Merge branch-level-8 into master","messageBody":"","tags":["Level-8"],"fileTypesAndContributionMap":{}},{"hash":"2cdaffd435b3e88da3ca8cfc86a6500e1c00cf21","isMergeCommit":false,"messageTitle":"Refactor tasks to TaskList class","messageBody":"","fileTypesAndContributionMap":{"java":{"insertions":145,"deletions":61}}},{"hash":"5231b208122c8b2f63f86cb6711541898b449d1b","isMergeCommit":false,"messageTitle":"Refactor FileOperator to Storage","messageBody":"","fileTypesAndContributionMap":{"java":{"insertions":46,"deletions":17}}}]},{"date":"2025-08-29T00:00:00","commitResults":[{"hash":"c6bdbc820864cde8a8c6a9884871754317301ac7","isMergeCommit":false,"messageTitle":"Refactor to packages and add command classes","messageBody":"","fileTypesAndContributionMap":{"java":{"insertions":258,"deletions":37}}},{"hash":"9e08dace08b43e76e51f00dd34c55d1c89d96f3a","isMergeCommit":false,"messageTitle":"Implement A-MoreOOP, make Command, Parser, Ui and Storage classes","messageBody":"","fileTypesAndContributionMap":{"java":{"insertions":204,"deletions":271}}},{"hash":"ba86e7031f9fe54d42b4231972a49d15b74fe68a","isMergeCommit":true,"messageTitle":"Implement A-MoreOOP","messageBody":"","tags":["A-MoreOOP"],"fileTypesAndContributionMap":{}},{"hash":"6a6b2a5c0459290086a38186c3b4b51acbf7e96d","isMergeCommit":false,"messageTitle":"Refactor classes to packages","messageBody":"","fileTypesAndContributionMap":{"java":{"insertions":49,"deletions":31}}},{"hash":"963b3add1633639cb321977eb1ecec9c1c3ae54f","isMergeCommit":true,"messageTitle":"Implement A-Packages","messageBody":"","tags":["A-Packages"],"fileTypesAndContributionMap":{}},{"hash":"db8b996289a5da803c37164fb19fc8bb4df2b025","isMergeCommit":true,"messageTitle":"Merge add-gradle-support","messageBody":"","fileTypesAndContributionMap":{}}]},{"date":"2025-08-30T00:00:00","commitResults":[{"hash":"07c5926af63f49a835613ddf1d2676d3a9b07da9","isMergeCommit":false,"messageTitle":"Change main class in build.gradle","messageBody":"","fileTypesAndContributionMap":{"gradle":{"insertions":2,"deletions":2}}},{"hash":"df2e4fb5916f6ccc6d13e1adc5c4d7a0935fe4d8","isMergeCommit":true,"messageTitle":"Implement A-Gradle","messageBody":"","tags":["A-Gradle"],"fileTypesAndContributionMap":{}},{"hash":"0b57ae5e18101d846c13d588c09aaff9fc43e2cc","isMergeCommit":false,"messageTitle":"Add equals method to task classes","messageBody":"","fileTypesAndContributionMap":{"java":{"insertions":42,"deletions":0}}},{"hash":"b3f8af015e60d08502cf2a72df4f8fbcc0a92427","isMergeCommit":false,"messageTitle":"Add equals method to command classes","messageBody":"","fileTypesAndContributionMap":{"java":{"insertions":34,"deletions":0}}},{"hash":"5a2da5cf080c0787914b605eedc03d92721e189e","isMergeCommit":false,"messageTitle":"Add ParserTest","messageBody":"","fileTypesAndContributionMap":{"java":{"insertions":100,"deletions":0}}},{"hash":"851b77746baa07864ddd857d8b5e57d463d98dc2","isMergeCommit":false,"messageTitle":"Add TaskTest","messageBody":"","fileTypesAndContributionMap":{"java":{"insertions":73,"deletions":0}}},{"hash":"119b51400a4080f81cfe2e46f28d81e5d9731339","isMergeCommit":true,"messageTitle":"Implement A-JUnit","messageBody":"","tags":["A-JUnit"],"fileTypesAndContributionMap":{}},{"hash":"83873bb016075424c2103eec7b7201f44250ba6f","isMergeCommit":false,"messageTitle":"Set archiveBaseName","messageBody":"","tags":["A-Jar"],"fileTypesAndContributionMap":{"gradle":{"insertions":1,"deletions":1}}},{"hash":"02297d52db93f867ba7381472e3a6b72c27b2ef4","isMergeCommit":false,"messageTitle":"Add JavaDoc","messageBody":"","fileTypesAndContributionMap":{"java":{"insertions":124,"deletions":1}}},{"hash":"a51ea244de5f75df2c58cf717463df56c5261bc0","isMergeCommit":true,"messageTitle":"Implement A-JavaDoc","messageBody":"","tags":["A-JavaDoc"],"fileTypesAndContributionMap":{}},{"hash":"aab01f960cdfd56f2d07569dcbec141d26266cee","isMergeCommit":false,"messageTitle":"Implement A-CodingStandard","messageBody":"","fileTypesAndContributionMap":{"java":{"insertions":4,"deletions":4}}},{"hash":"950dd5e0cc4c09ceefa4820a09d6a122822aca2e","isMergeCommit":true,"messageTitle":"Implement A-CodingStandard","messageBody":"","tags":["A-CodingStandard"],"fileTypesAndContributionMap":{}},{"hash":"2b1f390663225ec30a6e0e97780a007eeeccf4bb","isMergeCommit":false,"messageTitle":"Implement Level-9","messageBody":"","fileTypesAndContributionMap":{"java":{"insertions":59,"deletions":0}}},{"hash":"05ae68087822437f059658a08c02e828615ff7cf","isMergeCommit":true,"messageTitle":"Implement Level-9","messageBody":"","tags":["Level-9"],"fileTypesAndContributionMap":{}}]},{"date":"2025-09-02T00:00:00","commitResults":[{"hash":"573839410e84311f102a1fc655b1b52e78d1c07e","isMergeCommit":false,"messageTitle":"Fix import order","messageBody":"","fileTypesAndContributionMap":{"java":{"insertions":5,"deletions":5}}}]},{"date":"2025-09-03T00:00:00","commitResults":[{"hash":"ddbc5f8c10988a0e2094d1f5873ca0a123b65d90","isMergeCommit":false,"messageTitle":"Initiate GUI elements classes","messageBody":"","fileTypesAndContributionMap":{"java":{"insertions":68,"deletions":0}}},{"hash":"0a587ca3ba6f55342a119af98c678d684f534186","isMergeCommit":false,"messageTitle":"Add DialogBox","messageBody":"","fileTypesAndContributionMap":{"java":{"insertions":17,"deletions":0}}},{"hash":"8ba2a2b10c8fe6de9b7722d8fe8249f62752cf13","isMergeCommit":false,"messageTitle":"Set mainClass in build.gradle","messageBody":"","fileTypesAndContributionMap":{"gradle":{"insertions":1,"deletions":1}}},{"hash":"f4b762690cb970e05738978bc6276ae2ed9459ed","isMergeCommit":false,"messageTitle":"Implement basic gui view","messageBody":"","fileTypesAndContributionMap":{"java":{"insertions":80,"deletions":1}}},{"hash":"7ba8fcd073ae58260286b1d3fe2ff08ac065892d","isMergeCommit":false,"messageTitle":"Set DialogBox ImageView to preserve image ratio","messageBody":"","fileTypesAndContributionMap":{"java":{"insertions":1,"deletions":0}}},{"hash":"6043d09b078226fb68790cf22ec2bdb9b28834d1","isMergeCommit":false,"messageTitle":"Add UserImage and NoobImage classes","messageBody":"","fileTypesAndContributionMap":{"java":{"insertions":22,"deletions":0}}},{"hash":"d1a24c627bc9fd48ecaf72e05a2943fb4f24e691","isMergeCommit":false,"messageTitle":"Refactor elements and add simple action handler","messageBody":"","fileTypesAndContributionMap":{"java":{"insertions":66,"deletions":24}}},{"hash":"1645ff455c164cbf0b6356fc8a10d22e819e90eb","isMergeCommit":false,"messageTitle":"Add default Noob constructor","messageBody":"","fileTypesAndContributionMap":{"java":{"insertions":12,"deletions":0}}},{"hash":"81772838f3b10ec79c5d8613973de1b75e3422ce","isMergeCommit":false,"messageTitle":"Update main to call new elements constructors","messageBody":"","fileTypesAndContributionMap":{"java":{"insertions":7,"deletions":4}}},{"hash":"646961b626de9e60e9d2fed762ae5752b6152c7e","isMergeCommit":false,"messageTitle":"Update DialogBox to put Noob response dialog box to left side","messageBody":"","fileTypesAndContributionMap":{"java":{"insertions":24,"deletions":1}}},{"hash":"509d564734df42ccab277a63d99308a272d402d4","isMergeCommit":false,"messageTitle":"Implement GUI for NoobBot","messageBody":"","fileTypesAndContributionMap":{"java":{"insertions":232,"deletions":46}}},{"hash":"1bf605c3ea065995867f628a1284c196f98b1550","isMergeCommit":false,"messageTitle":"Implement Level-10","messageBody":"","fileTypesAndContributionMap":{"fxml":{"insertions":41,"deletions":0},"java":{"insertions":154,"deletions":96}}},{"hash":"05b2f2d67ac396ee4461c18eaa7f2bbec3d4bf58","isMergeCommit":true,"messageTitle":"Merge Level-10","messageBody":"","tags":["Level-10"],"fileTypesAndContributionMap":{}}]},{"date":"2025-09-07T00:00:00","commitResults":[{"hash":"e93d32afd30ceded53f0bc7a6dca874c04be1f94","isMergeCommit":false,"messageTitle":"Set up build.gradle for jar file","messageBody":"","fileTypesAndContributionMap":{"gradle":{"insertions":16,"deletions":1}}},{"hash":"5d9699da2a41a2dfce97b2ca50301781346f2162","isMergeCommit":false,"messageTitle":"Add assert statements","messageBody":"Adding assertion statements allow us to have another layer of validation\n\nThe following classes have assertions added:\n* Parser\n* SendButton\n* TaskList\n* UserInput\n","tags":["A-FullCommitMessage","A-Assertions"],"fileTypesAndContributionMap":{"gradle":{"insertions":1,"deletions":0},"java":{"insertions":16,"deletions":1}}}]}]},"authorFileTypeContributionMap":{"zzdlklzz":{"java":1845,"md":0,"fxml":41,"sh":1,"bat":0,"gradle":18,"txt":7}},"authorContributionVariance":{"zzdlklzz":60547.223},"authorDisplayNameMap":{"zzdlklzz":"CS2103T-W08-3 DANI..G LE"}}
