{"authorDailyContributionsMap":{"BarneyLaw":[{"date":"2025-08-17T00:00:00","commitResults":[{"hash":"2520227d832cb877d87b8ee11ff16579481f7cba","isMergeCommit":false,"messageTitle":"Created skeletal code with greeting and farewell","messageBody":"","tags":["Level-0"],"fileTypesAndContributionMap":{"java":{"insertions":30,"deletions":6}}},{"hash":"f54ea124bb24567a6d4e5d244704958ea80a463b","isMergeCommit":false,"messageTitle":"Added ability to echo user\u0027s input","messageBody":"","tags":["Level-1"],"fileTypesAndContributionMap":{"java":{"insertions":31,"deletions":13},"bat":{"insertions":1,"deletions":1},"md":{"insertions":3,"deletions":3}}},{"hash":"28b9b98105f9e3f17f540d993dd424b0253e8c91","isMergeCommit":false,"messageTitle":"Added user input into a List","messageBody":"","tags":["Level-2"],"fileTypesAndContributionMap":{"java":{"insertions":25,"deletions":2}}},{"hash":"d2fb5cdd1569698cb4500ab52788cc4382fbcc9a","isMergeCommit":false,"messageTitle":"Added the ability to mark and unmark tasks, also introduced a Task class","messageBody":"","tags":["Level-3"],"fileTypesAndContributionMap":{"java":{"insertions":65,"deletions":8}}},{"hash":"b15c381793fc9d872362da6b604056454634c142","isMergeCommit":false,"messageTitle":"Added New Event types and made the code more elegant","messageBody":"","tags":["Level-4"],"fileTypesAndContributionMap":{"java":{"insertions":118,"deletions":18}}}]},{"date":"2025-08-19T00:00:00","commitResults":[{"hash":"dcb3af0087c45c4c27e267180677a25eab146a52","isMergeCommit":false,"messageTitle":"Added automated UI Text testing","messageBody":"","tags":["A-TextUiTesting"],"fileTypesAndContributionMap":{"txt":{"insertions":8,"deletions":0}}},{"hash":"bda7c7da0c64cf4dd4f07c1f228367bbbd97ba05","isMergeCommit":false,"messageTitle":"Added some error handling","messageBody":"","fileTypesAndContributionMap":{"java":{"insertions":4,"deletions":0}}},{"hash":"fc3ac7ad9736300df99baf33356b0b123a300101","isMergeCommit":false,"messageTitle":"Added more comprehensive error handling","messageBody":"","tags":["Level-5"],"fileTypesAndContributionMap":{"java":{"insertions":138,"deletions":63}}}]},{"date":"2025-08-20T00:00:00","commitResults":[{"hash":"5f59e27c10a8b0f51d871a7b0b4dac5a931d9998","isMergeCommit":false,"messageTitle":"Added ability to delete tasks","messageBody":"","tags":["Level-6"],"fileTypesAndContributionMap":{"java":{"insertions":26,"deletions":6}}}]},{"date":"2025-08-22T00:00:00","commitResults":[{"hash":"583d4b64c98487efc3bc53b97372b1ebf908142e","isMergeCommit":true,"messageTitle":"Merge pull request #1 from BarneyLaw/Week-1-commits","messageBody":"Week 1 commits","fileTypesAndContributionMap":{}}]},{"date":"2025-08-26T00:00:00","commitResults":[{"hash":"2140800a3538fa0993958b25b7f304b854acf957","isMergeCommit":false,"messageTitle":"Add ability to save task list","messageBody":"","fileTypesAndContributionMap":{"txt":{"insertions":3,"deletions":0},"java":{"insertions":107,"deletions":0}}},{"hash":"d47a0fab32d17f0d98afd466c8b1087941d700dd","isMergeCommit":true,"messageTitle":"Merge branch \u0027branch-level-7\u0027","messageBody":"","tags":["Level-7"],"fileTypesAndContributionMap":{}}]},{"date":"2025-08-27T00:00:00","commitResults":[{"hash":"108ce415e52ea93e7ae486e2944999ec133f9229","isMergeCommit":false,"messageTitle":"Format Date and Time","messageBody":"","fileTypesAndContributionMap":{"txt":{"insertions":0,"deletions":3},"java":{"insertions":78,"deletions":39}}},{"hash":"f00c7ddd3271d703ce66d4c3f65896dac28901b9","isMergeCommit":true,"messageTitle":"Merge branch \u0027branch-level-8\u0027","messageBody":"","tags":["Level-8"],"fileTypesAndContributionMap":{}},{"hash":"9e24784dd9bceca19ef16e7c2be7c81fcca95b3f","isMergeCommit":true,"messageTitle":"Merge branch \u0027branch-level-7\u0027","messageBody":"","fileTypesAndContributionMap":{}},{"hash":"d129d9060b81cbe183a10116c9979ea4c3e5aa51","isMergeCommit":true,"messageTitle":"Merge pull request #2 from BarneyLaw/main","messageBody":"Main","fileTypesAndContributionMap":{}},{"hash":"142d9a456471e1498c2fd3ffbac9d182b1ca85e9","isMergeCommit":true,"messageTitle":"Merge branch \u0027master\u0027 of https://github.com/BarneyLaw/ip","messageBody":"","fileTypesAndContributionMap":{}},{"hash":"4b6247b0606c6f5ceaa1de3c5870477b2fdfe0b4","isMergeCommit":false,"messageTitle":"Add Ui, Parser and TaskList classes","messageBody":"","fileTypesAndContributionMap":{"java":{"insertions":109,"deletions":0}}},{"hash":"6077f116fffdf6de88efb73f9580c8601867d196","isMergeCommit":false,"messageTitle":"Separate Commands into different objects","messageBody":"","fileTypesAndContributionMap":{"java":{"insertions":206,"deletions":21}}},{"hash":"97545d6b57d63f7e07cbe53044df20d1aad4331b","isMergeCommit":false,"messageTitle":"Change Clippy to work with new Classes","messageBody":"","fileTypesAndContributionMap":{"java":{"insertions":74,"deletions":88}}},{"hash":"7b675a374939e3a76989b5f651df108e7f67e7f7","isMergeCommit":true,"messageTitle":"Merge branch \u0027MoreOOP\u0027","messageBody":"","tags":["A-MoreOOP"],"fileTypesAndContributionMap":{}},{"hash":"b4a80ce663e3dc0308e1d72ef4587e61881fdaaa","isMergeCommit":false,"messageTitle":"Rearrange classes into packages","messageBody":"","tags":["A-Packages"],"fileTypesAndContributionMap":{"java":{"insertions":143,"deletions":6},"bat":{"insertions":7,"deletions":4},"sh":{"insertions":9,"deletions":10},"md":{"insertions":3,"deletions":3}}},{"hash":"d62ea2b9b46ae2476520b5f673f69e182e6a624c","isMergeCommit":false,"messageTitle":"Change test script to match new packages","messageBody":"","fileTypesAndContributionMap":{"txt":{"insertions":1,"deletions":2}}},{"hash":"487070f182e6087cc19eff531e0b1681cd6db34a","isMergeCommit":false,"messageTitle":"Gradle support","messageBody":"","fileTypesAndContributionMap":{"gradle":{"insertions":2,"deletions":2}}},{"hash":"e22755f534887c308af2bd1731df782a02d91955","isMergeCommit":true,"messageTitle":"Merge branch \u0027add-gradle-support\u0027","messageBody":"","fileTypesAndContributionMap":{}},{"hash":"7e9e18cad6d1eab853e4ca7073fa49bacd956efe","isMergeCommit":false,"messageTitle":"Integrate gradle into project","messageBody":"","tags":["A-Gradle"],"fileTypesAndContributionMap":{"gradle":{"insertions":4,"deletions":0},"txt":{"insertions":1,"deletions":0},"java":{"insertions":8,"deletions":17}}},{"hash":"238176a615192d45c805c94332fa1cea4fb0be86","isMergeCommit":false,"messageTitle":"Implement JUnit test cases","messageBody":"","tags":["A-Jar","A-JUnit"],"fileTypesAndContributionMap":{"gradle":{"insertions":0,"deletions":4},"java":{"insertions":92,"deletions":0}}}]}]},"authorFileTypeContributionMap":{"BarneyLaw":{"java":977,"md":3,"fxml":0,"sh":9,"bat":6,"gradle":2,"txt":8}},"authorContributionVariance":{"BarneyLaw":45457.688},"authorDisplayNameMap":{"BarneyLaw":"CS2103T-F08b-4 LEIF.. LAW"}}
