{"authorDailyContributionsMap":{"Melvilleleesy":[{"date":"2025-08-20T00:00:00","commitResults":[{"hash":"36ffb08d72d3f79070281fd8a104df9955c22eb2","isMergeCommit":false,"messageTitle":"Level 0: Rename, Greet, Exit","messageBody":"","fileTypesAndContributionMap":{"java":{"insertions":22,"deletions":10},"bat":{"insertions":1,"deletions":1},"md":{"insertions":3,"deletions":3}}},{"hash":"836ef0f54ce19b92dcd41d51b2565846db8bb091","isMergeCommit":false,"messageTitle":"Level 1: Echo","messageBody":"","fileTypesAndContributionMap":{"java":{"insertions":27,"deletions":4}}},{"hash":"470bb37bf996c0b5936477ad646e16710bddcc2f","isMergeCommit":false,"messageTitle":"Level 2: Add, List","messageBody":"","tags":["Level-2"],"fileTypesAndContributionMap":{"java":{"insertions":19,"deletions":3}}},{"hash":"9c49904e45aa3496cf328b22880cbbc4b1177c61","isMergeCommit":false,"messageTitle":"Level 3: Mark as Done","messageBody":"","tags":["Level-3"],"fileTypesAndContributionMap":{"java":{"insertions":67,"deletions":14}}},{"hash":"1ec41d39677605d34355953dc58dd4b9b2bc32c2","isMergeCommit":false,"messageTitle":"Level 4: ToDos, Events, Deadlines","messageBody":"","tags":["Level-4"],"fileTypesAndContributionMap":{"java":{"insertions":83,"deletions":15}}},{"hash":"545d1f3e119059e074ea00b255037e1996cbc6c5","isMergeCommit":false,"messageTitle":"Level 4.1: Added a main class","messageBody":"","tags":["Level-4.1"],"fileTypesAndContributionMap":{"java":{"insertions":11,"deletions":6},"bat":{"insertions":1,"deletions":1}}},{"hash":"e5c7af3ae19ce58dde85e707dff5bd71aa7975a6","isMergeCommit":false,"messageTitle":"Level 4.2: A-TextUiTesting","messageBody":"","tags":["A-TextUiTesting"],"fileTypesAndContributionMap":{"txt":{"insertions":8,"deletions":0},"bat":{"insertions":2,"deletions":2}}},{"hash":"42d257f4ec57cc6c4ebf5704fd31c8735267fc90","isMergeCommit":false,"messageTitle":"Level 5: Handle Errors","messageBody":"","tags":["Level-5"],"fileTypesAndContributionMap":{"java":{"insertions":47,"deletions":30}}},{"hash":"a196d4a35cd90e49658ed87f05ad6b2d13d1163e","isMergeCommit":false,"messageTitle":"Level 6: Delete","messageBody":"","tags":["Level-6"],"fileTypesAndContributionMap":{"java":{"insertions":31,"deletions":25}}}]},{"date":"2025-08-23T00:00:00","commitResults":[{"hash":"b89c1efafb9615439778104af957052b90ed6733","isMergeCommit":false,"messageTitle":"Level 6.1: Update and cleaned code","messageBody":"","tags":["Level-6.1"],"fileTypesAndContributionMap":{"java":{"insertions":84,"deletions":82}}}]},{"date":"2025-08-25T00:00:00","commitResults":[{"hash":"95c102a500811f49f0fb7ebeb35a24cde901e2e3","isMergeCommit":false,"messageTitle":"Add Level 7: Load and Save methods","messageBody":"","fileTypesAndContributionMap":{"java":{"insertions":160,"deletions":6}}},{"hash":"0b4c2f9a5a0ae4a6a5f4ac0dba26c383bc4d31ca","isMergeCommit":false,"messageTitle":"Add Level 8: Dates and Times","messageBody":"","fileTypesAndContributionMap":{"java":{"insertions":66,"deletions":30}}},{"hash":"b6bf512319bc0d52ada3e8484be8a049efe4419e","isMergeCommit":false,"messageTitle":"Add more OOP","messageBody":"","fileTypesAndContributionMap":{"java":{"insertions":349,"deletions":245}}},{"hash":"4e2c8ebb896c93771c255c260a48d2c1be8a0d73","isMergeCommit":false,"messageTitle":"Divide classes into packages","messageBody":"","fileTypesAndContributionMap":{"java":{"insertions":66,"deletions":16},"bat":{"insertions":1,"deletions":1},"md":{"insertions":3,"deletions":3}}},{"hash":"b2dcb350372d1d8ea8f66e718fdedde4991374b5","isMergeCommit":false,"messageTitle":"Bump gradle and lib version","messageBody":"","fileTypesAndContributionMap":{"gradle":{"insertions":5,"deletions":4}}},{"hash":"d98a58b9a250ded99f9f24faf0ceb12e84a41895","isMergeCommit":false,"messageTitle":"build.gradle: Prevent generating a second JAR file","messageBody":"In build.gradle, the dependencies on distZip and/or distTar causes\nthe shadowJar task to generate a second JAR file for which the\nmainClass.set(\"seedu.duke.Duke\") does not take effect.\nHence, this additional JAR file cannot be run.\nFor this product, there is no need to generate a second JAR file\nto begin with.\n\nLet\u0027s remove this dependency from the build.gradle to prevent the\nshadowJar task from generating the extra JAR file.\n","fileTypesAndContributionMap":{"gradle":{"insertions":0,"deletions":1}}},{"hash":"db9f2970b970291736f7a1f6bd2ecc6a8ba3c182","isMergeCommit":false,"messageTitle":"Add gradle","messageBody":"","fileTypesAndContributionMap":{"gradle":{"insertions":12,"deletions":1},"txt":{"insertions":1,"deletions":0}}},{"hash":"4d727de497d62307e0b5a37cb8c2cc2caeed236f","isMergeCommit":false,"messageTitle":"Add JUnit tests","messageBody":"","fileTypesAndContributionMap":{"txt":{"insertions":1,"deletions":1},"java":{"insertions":204,"deletions":54}}},{"hash":"9e23603bd96bdbc71bb449eb8a11f14fd49f93e0","isMergeCommit":false,"messageTitle":"Add Jar","messageBody":"","fileTypesAndContributionMap":{"txt":{"insertions":0,"deletions":1}}},{"hash":"8c29a56be511725682067fa5b9845468a173cf39","isMergeCommit":false,"messageTitle":"Add JavaDoc","messageBody":"","fileTypesAndContributionMap":{"gradle":{"insertions":9,"deletions":0},"txt":{"insertions":1,"deletions":0},"java":{"insertions":356,"deletions":28}}},{"hash":"c1d05ec1e2ea6b6c4b8a6882c2a38d1d6d269cc7","isMergeCommit":false,"messageTitle":"Update Coding Standards","messageBody":"","fileTypesAndContributionMap":{"java":{"insertions":163,"deletions":122}}},{"hash":"37509983a48f2627fa52a2215188a98bf1e18932","isMergeCommit":false,"messageTitle":"Add Level 9: Find","messageBody":"","fileTypesAndContributionMap":{"java":{"insertions":33,"deletions":4}}}]}]},"authorFileTypeContributionMap":{"Melvilleleesy":{"java":1104,"md":3,"fxml":0,"sh":0,"bat":1,"gradle":21,"txt":9}},"authorContributionVariance":{"Melvilleleesy":202638.58},"authorDisplayNameMap":{"Melvilleleesy":"MELV..YUAN"}}
