{"authorDailyContributionsMap":{"Rhysmond":[{"date":"2025-08-19T00:00:00","commitResults":[{"hash":"4ac8a21805d1220416310e8196acc0fe4f4b5ca4","isMergeCommit":false,"messageTitle":"Level-0","messageBody":"Added greeting\nRenamed bot to nyan-chan\n","tags":["Level-0"],"fileTypesAndContributionMap":{"java":{"insertions":7,"deletions":10},"bat":{"insertions":1,"deletions":1},"md":{"insertions":3,"deletions":3}}},{"hash":"379a256fa3802d750f624ca943aaabe0000ff4a6","isMergeCommit":false,"messageTitle":"Level-1","messageBody":"","tags":["Level-1"],"fileTypesAndContributionMap":{"java":{"insertions":15,"deletions":2}}},{"hash":"6c640bbe5981634f9ba573a74f64c1be20926021","isMergeCommit":false,"messageTitle":"Level-2","messageBody":"Added indentations.\nAdded list feature.\n","tags":["Level-2"],"fileTypesAndContributionMap":{"java":{"insertions":18,"deletions":3}}},{"hash":"3a4fa372106d277f5f5f63beb587cf488ca5fd05","isMergeCommit":false,"messageTitle":"Task class, unmark/mark","messageBody":"1. Added new task class\n2. Added unmark and mark feature\n","fileTypesAndContributionMap":{"java":{"insertions":68,"deletions":9}}},{"hash":"74528f4e6f571c9d3d6d8d85d9afcd12c8517c22","isMergeCommit":false,"messageTitle":"Customized chatbot to sound like cat","messageBody":"","tags":["Level-3"],"fileTypesAndContributionMap":{"java":{"insertions":6,"deletions":6}}},{"hash":"609cd90da9b9489f3d6fa9f1e246c3c800b775e7","isMergeCommit":false,"messageTitle":"Added Todo, Deadline and Event classes","messageBody":"1. Added 3 classes\n2. Incorporated their functionality into NyanChan.\n","tags":["Level-4"],"fileTypesAndContributionMap":{"java":{"insertions":83,"deletions":2}}},{"hash":"6010e8cb32d3b2ba9b2ffa3fad3ee4f94cbcdc18","isMergeCommit":false,"messageTitle":"NyanException","messageBody":"Remodelled code such that exception handling and functional code are separated.\n","tags":["Level-5","A-TextUiTesting"],"fileTypesAndContributionMap":{"txt":{"insertions":11,"deletions":0},"java":{"insertions":73,"deletions":61}}},{"hash":"601dc6b6943d54bca007291ed2fe9890ef7033a7","isMergeCommit":false,"messageTitle":"Added delete feature","messageBody":"","tags":["Level-6"],"fileTypesAndContributionMap":{"java":{"insertions":13,"deletions":1}}}]},{"date":"2025-08-29T00:00:00","commitResults":[{"hash":"13880cd5777666fe818ed2dc668e709e385269cc","isMergeCommit":false,"messageTitle":"Add save feature","messageBody":"Added save functionality and more exceptions, repackage all files\n","tags":["Level-7"],"fileTypesAndContributionMap":{"txt":{"insertions":3,"deletions":0},"java":{"insertions":174,"deletions":6},"bat":{"insertions":1,"deletions":1},"md":{"insertions":3,"deletions":3}}},{"hash":"9cd075d82c4545894f29d71458bc1d845805cb59","isMergeCommit":true,"messageTitle":"Merge pull request #1 from Rhysmond/branch-Level-7","messageBody":"Add save feature","fileTypesAndContributionMap":{}},{"hash":"125367fd6b0729f8ef39926ca255a85267091ff4","isMergeCommit":false,"messageTitle":"Added Dates and Times","messageBody":"Used java time module to change event and deadline task to incorporate dates.\n","tags":["Level-8"],"fileTypesAndContributionMap":{"txt":{"insertions":3,"deletions":3},"java":{"insertions":93,"deletions":24}}}]},{"date":"2025-08-30T00:00:00","commitResults":[{"hash":"ecaaafa7fd1d540afc62d0f49714ddc6ae5e7431","isMergeCommit":false,"messageTitle":"for branch-Level-8","messageBody":"","fileTypesAndContributionMap":{"java":{"insertions":1,"deletions":0}}},{"hash":"9233f649cf28415ea5ffdd532203d11e4c4ad75d","isMergeCommit":true,"messageTitle":"Merge pull request #2 from Rhysmond/branch-Level-8","messageBody":"for branch-Level-8","tags":["A-MoreOOP"],"fileTypesAndContributionMap":{}},{"hash":"03f40518e00d8e3515bcbd04e1388e91b2c68245","isMergeCommit":false,"messageTitle":"Finished Ui.java class","messageBody":"","fileTypesAndContributionMap":{"txt":{"insertions":2,"deletions":3},"java":{"insertions":129,"deletions":36}}},{"hash":"1172b46fdb1ccd1e2a3321f1ac0da17e73fcf8da","isMergeCommit":false,"messageTitle":"Finished storage.java","messageBody":"","fileTypesAndContributionMap":{"txt":{"insertions":2,"deletions":2},"java":{"insertions":46,"deletions":9}}},{"hash":"8cbee72e392893587508a639b1d2bca1e19cfe13","isMergeCommit":false,"messageTitle":"Finish storage class abstraction","messageBody":"","fileTypesAndContributionMap":{"txt":{"insertions":5,"deletions":1},"java":{"insertions":72,"deletions":27}}},{"hash":"211f736c434a5be0cbb315d982044e4b9606d17c","isMergeCommit":false,"messageTitle":"Finish parser abstraction from nyanchan","messageBody":"","fileTypesAndContributionMap":{"txt":{"insertions":5,"deletions":3},"java":{"insertions":110,"deletions":112}}},{"hash":"a7862ffc2c0ac4fbb2feb775afd6f916f282b488","isMergeCommit":false,"messageTitle":"Refactor NyanChan.java","messageBody":"","fileTypesAndContributionMap":{"txt":{"insertions":3,"deletions":6},"java":{"insertions":22,"deletions":6}}},{"hash":"0ed9c1d2dabe19f69b4c4c0d0a0d3a2402ef71f5","isMergeCommit":true,"messageTitle":"Merge pull request #3 from Rhysmond/A-MoreOOP","messageBody":"A more oop","fileTypesAndContributionMap":{}},{"hash":"3990d8b392cd0b71e3e7ff691b79b465e6ed02c1","isMergeCommit":false,"messageTitle":"Package all files under nyanchan package","messageBody":"","tags":["A-Packages"],"fileTypesAndContributionMap":{"txt":{"insertions":4,"deletions":3},"java":{"insertions":36,"deletions":50},"bat":{"insertions":1,"deletions":1},"md":{"insertions":3,"deletions":3}}},{"hash":"9709d79ba46bb6bb7ecdde33fc53f7a3c45792dc","isMergeCommit":true,"messageTitle":"Merge remote-tracking branch \u0027origin/add-gradle-support\u0027","messageBody":"","tags":["A-Gradle"],"fileTypesAndContributionMap":{}}]},{"date":"2025-08-31T00:00:00","commitResults":[{"hash":"9995df1c1e4f6eefbfea56491db045f767b8ca02","isMergeCommit":false,"messageTitle":"Add tests for TaskList and Deadline","messageBody":"","tags":["A-Jar","A-JUnit"],"fileTypesAndContributionMap":{"java":{"insertions":131,"deletions":0}}},{"hash":"385d5ad1a5d2ef10f1c679d06db28b95411ef4f2","isMergeCommit":false,"messageTitle":"update build.gradle","messageBody":"","fileTypesAndContributionMap":{"gradle":{"insertions":2,"deletions":2}}},{"hash":"e77d68453cd5b0b2d5d03765deed797a2a91c37a","isMergeCommit":false,"messageTitle":"Add few comments here and there","messageBody":"","tags":["A-JavaDoc"],"fileTypesAndContributionMap":{"java":{"insertions":6,"deletions":1}}},{"hash":"279c31a6ae33ab5f0fb4eae43a3ddf4039f6783d","isMergeCommit":false,"messageTitle":"Tweak code to follow coding standard","messageBody":"","tags":["A-CodingStandard"],"fileTypesAndContributionMap":{"java":{"insertions":4,"deletions":4}}},{"hash":"8347f84718c7eb1000a908a71d2439c96d941466","isMergeCommit":true,"messageTitle":"Merge pull request #4 from Rhysmond/branch-A-CodingStandard","messageBody":"Tweak code to follow coding standard","fileTypesAndContributionMap":{}},{"hash":"2137867d05f87b916d947cf20a401fd9c20b55ac","isMergeCommit":true,"messageTitle":"Merge pull request #5 from Rhysmond/branch-A-JavaDoc","messageBody":"Add few comments here and there","fileTypesAndContributionMap":{}},{"hash":"36e53bd54ead9ad797fe8575b63c35449f152997","isMergeCommit":false,"messageTitle":"Add find feature","messageBody":"","tags":["Level-9"],"fileTypesAndContributionMap":{"java":{"insertions":30,"deletions":0}}},{"hash":"ea7f8e652b5086648cd60a1e805ade1fd75a8a66","isMergeCommit":true,"messageTitle":"Merge pull request #6 from Rhysmond/branch-Level-9","messageBody":"Add find feature","fileTypesAndContributionMap":{}}]}]},"authorFileTypeContributionMap":{"Rhysmond":{"java":778,"md":3,"fxml":0,"sh":0,"bat":1,"gradle":2,"txt":17}},"authorContributionVariance":{"Rhysmond":28178.568},"authorDisplayNameMap":{"Rhysmond":"CS2103T-W12-3 RHYS..JIAN"}}
