[{"path":"src/main/java/Buttercup.java","fileType":"java","lines":[{"lineNumber":1,"author":{"gitId":"jvvvstin"},"content":"import exceptions.ButtercupException;","lastModifiedDate":"2025-08-20T23:07:04","isFullCredit":false},{"lineNumber":2,"author":{"gitId":"jvvvstin"},"content":"import utils.DateTimeFormatUtils;","lastModifiedDate":"2025-08-20T23:07:04","isFullCredit":false},{"lineNumber":3,"author":{"gitId":"jvvvstin"},"content":"import java.io.FileWriter;","lastModifiedDate":"2025-08-20T17:59:07","isFullCredit":false},{"lineNumber":4,"author":{"gitId":"jvvvstin"},"content":"import java.io.IOException;","lastModifiedDate":"2025-08-20T14:23:19","isFullCredit":false},{"lineNumber":5,"author":{"gitId":"jvvvstin"},"content":"import java.nio.file.Files;","lastModifiedDate":"2025-08-20T14:23:19","isFullCredit":false},{"lineNumber":6,"author":{"gitId":"jvvvstin"},"content":"import java.nio.file.Path;","lastModifiedDate":"2025-08-20T14:23:19","isFullCredit":false},{"lineNumber":7,"author":{"gitId":"jvvvstin"},"content":"import java.nio.file.Paths;","lastModifiedDate":"2025-08-20T14:23:19","isFullCredit":false},{"lineNumber":8,"author":{"gitId":"jvvvstin"},"content":"import java.time.LocalDateTime;","lastModifiedDate":"2025-08-20T23:07:04","isFullCredit":false},{"lineNumber":9,"author":{"gitId":"jvvvstin"},"content":"import java.util.Scanner;","lastModifiedDate":"2025-08-14T17:11:10","isFullCredit":false},{"lineNumber":10,"author":{"gitId":"jvvvstin"},"content":"import java.util.List;","lastModifiedDate":"2025-08-14T17:29:14","isFullCredit":false},{"lineNumber":11,"author":{"gitId":"jvvvstin"},"content":"import java.util.ArrayList;","lastModifiedDate":"2025-08-14T17:29:14","isFullCredit":false},{"lineNumber":12,"author":{"gitId":"jvvvstin"},"content":"","lastModifiedDate":"2025-08-14T17:11:10","isFullCredit":false},{"lineNumber":13,"author":{"gitId":"jvvvstin"},"content":"public class Buttercup {","lastModifiedDate":"2025-08-14T16:58:44","isFullCredit":false},{"lineNumber":14,"author":{"gitId":"jvvvstin"},"content":"","lastModifiedDate":"2025-08-14T17:29:14","isFullCredit":false},{"lineNumber":15,"author":{"gitId":"jvvvstin"},"content":"    private static List\u003cTask\u003e tasks \u003d new ArrayList\u003c\u003e();","lastModifiedDate":"2025-08-15T13:07:07","isFullCredit":false},{"lineNumber":16,"author":{"gitId":"jvvvstin"},"content":"    private static final String TASKS_FILEPATH \u003d \"data\";","lastModifiedDate":"2025-08-20T14:23:19","isFullCredit":false},{"lineNumber":17,"author":{"gitId":"jvvvstin"},"content":"    private static final String TASKS_FILENAME \u003d TASKS_FILEPATH + \"/tasks.txt\";","lastModifiedDate":"2025-08-20T14:23:19","isFullCredit":false},{"lineNumber":18,"author":{"gitId":"jvvvstin"},"content":"","lastModifiedDate":"2025-08-14T17:29:14","isFullCredit":false},{"lineNumber":19,"author":{"gitId":"jvvvstin"},"content":"    public static void main(String[] args) {","lastModifiedDate":"2025-08-14T16:58:44","isFullCredit":false},{"lineNumber":20,"author":{"gitId":"jvvvstin"},"content":"        setup();","lastModifiedDate":"2025-08-20T14:23:19","isFullCredit":false},{"lineNumber":21,"author":{"gitId":"jvvvstin"},"content":"        displayLine();","lastModifiedDate":"2025-08-14T16:58:44","isFullCredit":false},{"lineNumber":22,"author":{"gitId":"jvvvstin"},"content":"        greet();","lastModifiedDate":"2025-08-14T16:58:44","isFullCredit":false},{"lineNumber":23,"author":{"gitId":"jvvvstin"},"content":"        displayLine();","lastModifiedDate":"2025-08-14T16:58:44","isFullCredit":false},{"lineNumber":24,"author":{"gitId":"jvvvstin"},"content":"        loadTasks();","lastModifiedDate":"2025-08-20T17:59:07","isFullCredit":false},{"lineNumber":25,"author":{"gitId":"jvvvstin"},"content":"        echo();","lastModifiedDate":"2025-08-14T17:11:10","isFullCredit":false},{"lineNumber":26,"author":{"gitId":"jvvvstin"},"content":"    }","lastModifiedDate":"2025-08-14T16:58:44","isFullCredit":false},{"lineNumber":27,"author":{"gitId":"jvvvstin"},"content":"","lastModifiedDate":"2025-08-14T16:58:44","isFullCredit":false},{"lineNumber":28,"author":{"gitId":"jvvvstin"},"content":"    private static void loadTasks() {","lastModifiedDate":"2025-08-20T14:23:19","isFullCredit":false},{"lineNumber":29,"author":{"gitId":"jvvvstin"},"content":"        List\u003cString\u003e lines \u003d new ArrayList\u003c\u003e();","lastModifiedDate":"2025-08-20T14:23:19","isFullCredit":false},{"lineNumber":30,"author":{"gitId":"jvvvstin"},"content":"        try {","lastModifiedDate":"2025-08-20T14:23:19","isFullCredit":false},{"lineNumber":31,"author":{"gitId":"jvvvstin"},"content":"            lines \u003d Files.readAllLines(Paths.get(TASKS_FILENAME));","lastModifiedDate":"2025-08-20T14:23:19","isFullCredit":false},{"lineNumber":32,"author":{"gitId":"jvvvstin"},"content":"        } catch (IOException e) {","lastModifiedDate":"2025-08-20T14:23:19","isFullCredit":false},{"lineNumber":33,"author":{"gitId":"jvvvstin"},"content":"            System.out.println(e.getMessage());","lastModifiedDate":"2025-08-20T14:23:19","isFullCredit":false},{"lineNumber":34,"author":{"gitId":"jvvvstin"},"content":"        }","lastModifiedDate":"2025-08-20T14:23:19","isFullCredit":false},{"lineNumber":35,"author":{"gitId":"jvvvstin"},"content":"        for (String line : lines) {","lastModifiedDate":"2025-08-20T14:23:19","isFullCredit":false},{"lineNumber":36,"author":{"gitId":"jvvvstin"},"content":"            // format: T | 1 | read book","lastModifiedDate":"2025-08-20T14:23:19","isFullCredit":false},{"lineNumber":37,"author":{"gitId":"jvvvstin"},"content":"            //         D | 0 | return book | June 6th","lastModifiedDate":"2025-08-20T14:23:19","isFullCredit":false},{"lineNumber":38,"author":{"gitId":"jvvvstin"},"content":"            //         E | 0 | project meeting | Aug 6th 2pm | 4pm","lastModifiedDate":"2025-08-20T14:23:19","isFullCredit":false},{"lineNumber":39,"author":{"gitId":"jvvvstin"},"content":"            try {","lastModifiedDate":"2025-08-20T17:59:07","isFullCredit":false},{"lineNumber":40,"author":{"gitId":"jvvvstin"},"content":"                String[] splitted \u003d line.split(\" \\\\| \");","lastModifiedDate":"2025-08-20T14:23:19","isFullCredit":false},{"lineNumber":41,"author":{"gitId":"jvvvstin"},"content":"                String type \u003d splitted[0];","lastModifiedDate":"2025-08-20T14:23:19","isFullCredit":false},{"lineNumber":42,"author":{"gitId":"jvvvstin"},"content":"                boolean isDone \u003d splitted[1].equals(\"1\");","lastModifiedDate":"2025-08-20T14:23:19","isFullCredit":false},{"lineNumber":43,"author":{"gitId":"jvvvstin"},"content":"                String description \u003d splitted[2];","lastModifiedDate":"2025-08-20T14:23:19","isFullCredit":false},{"lineNumber":44,"author":{"gitId":"jvvvstin"},"content":"","lastModifiedDate":"2025-08-20T14:23:19","isFullCredit":false},{"lineNumber":45,"author":{"gitId":"jvvvstin"},"content":"                switch (type) {","lastModifiedDate":"2025-08-20T14:23:19","isFullCredit":false},{"lineNumber":46,"author":{"gitId":"jvvvstin"},"content":"                case \"T\":","lastModifiedDate":"2025-08-20T14:23:19","isFullCredit":false},{"lineNumber":47,"author":{"gitId":"jvvvstin"},"content":"                    Buttercup.tasks.add(new Todo(description, isDone));","lastModifiedDate":"2025-08-20T14:23:19","isFullCredit":false},{"lineNumber":48,"author":{"gitId":"jvvvstin"},"content":"                    break;","lastModifiedDate":"2025-08-20T14:23:19","isFullCredit":false},{"lineNumber":49,"author":{"gitId":"jvvvstin"},"content":"                case \"D\":","lastModifiedDate":"2025-08-20T14:23:19","isFullCredit":false},{"lineNumber":50,"author":{"gitId":"jvvvstin"},"content":"                    Buttercup.tasks.add(new Deadline(description, isDone, LocalDateTime.parse(splitted[3])));","lastModifiedDate":"2025-08-20T23:07:04","isFullCredit":false},{"lineNumber":51,"author":{"gitId":"jvvvstin"},"content":"                    break;","lastModifiedDate":"2025-08-20T14:23:19","isFullCredit":false},{"lineNumber":52,"author":{"gitId":"jvvvstin"},"content":"                case \"E\":","lastModifiedDate":"2025-08-20T14:23:19","isFullCredit":false},{"lineNumber":53,"author":{"gitId":"jvvvstin"},"content":"                    Buttercup.tasks.add(new Event(description, isDone, LocalDateTime.parse(splitted[3]),","lastModifiedDate":"2025-08-20T23:07:04","isFullCredit":false},{"lineNumber":54,"author":{"gitId":"jvvvstin"},"content":"                            LocalDateTime.parse(splitted[4])));","lastModifiedDate":"2025-08-20T23:07:04","isFullCredit":false},{"lineNumber":55,"author":{"gitId":"jvvvstin"},"content":"                    break;","lastModifiedDate":"2025-08-20T14:23:19","isFullCredit":false},{"lineNumber":56,"author":{"gitId":"jvvvstin"},"content":"                }","lastModifiedDate":"2025-08-20T14:23:19","isFullCredit":false},{"lineNumber":57,"author":{"gitId":"jvvvstin"},"content":"            } catch (Exception e) {","lastModifiedDate":"2025-08-20T17:59:07","isFullCredit":false},{"lineNumber":58,"author":{"gitId":"jvvvstin"},"content":"                System.out.println(\"Invalid task format, skipping and removing corrupted line: \" + line);","lastModifiedDate":"2025-08-20T17:59:07","isFullCredit":false},{"lineNumber":59,"author":{"gitId":"jvvvstin"},"content":"                displayLine();","lastModifiedDate":"2025-08-20T17:59:07","isFullCredit":false},{"lineNumber":60,"author":{"gitId":"jvvvstin"},"content":"            }","lastModifiedDate":"2025-08-20T17:59:07","isFullCredit":false},{"lineNumber":61,"author":{"gitId":"jvvvstin"},"content":"        }","lastModifiedDate":"2025-08-20T17:59:07","isFullCredit":false},{"lineNumber":62,"author":{"gitId":"jvvvstin"},"content":"","lastModifiedDate":"2025-08-20T17:59:07","isFullCredit":false},{"lineNumber":63,"author":{"gitId":"jvvvstin"},"content":"        // write all properly formatted lines to save file","lastModifiedDate":"2025-08-20T17:59:07","isFullCredit":false},{"lineNumber":64,"author":{"gitId":"jvvvstin"},"content":"        try {","lastModifiedDate":"2025-08-20T18:09:24","isFullCredit":false},{"lineNumber":65,"author":{"gitId":"jvvvstin"},"content":"            saveTasks(Buttercup.tasks);","lastModifiedDate":"2025-08-20T17:59:07","isFullCredit":false},{"lineNumber":66,"author":{"gitId":"jvvvstin"},"content":"        } catch (ButtercupException e) {","lastModifiedDate":"2025-08-20T18:09:24","isFullCredit":false},{"lineNumber":67,"author":{"gitId":"jvvvstin"},"content":"            System.out.println(e);","lastModifiedDate":"2025-08-20T18:09:24","isFullCredit":false},{"lineNumber":68,"author":{"gitId":"jvvvstin"},"content":"        }","lastModifiedDate":"2025-08-20T18:09:24","isFullCredit":false},{"lineNumber":69,"author":{"gitId":"jvvvstin"},"content":"    }","lastModifiedDate":"2025-08-20T17:59:07","isFullCredit":false},{"lineNumber":70,"author":{"gitId":"jvvvstin"},"content":"","lastModifiedDate":"2025-08-20T17:59:07","isFullCredit":false},{"lineNumber":71,"author":{"gitId":"jvvvstin"},"content":"    private static void saveTasks(List\u003cTask\u003e tasks) throws ButtercupException {","lastModifiedDate":"2025-08-20T18:09:24","isFullCredit":false},{"lineNumber":72,"author":{"gitId":"jvvvstin"},"content":"        List\u003cString\u003e lines \u003d new ArrayList\u003c\u003e();","lastModifiedDate":"2025-08-20T17:59:07","isFullCredit":false},{"lineNumber":73,"author":{"gitId":"jvvvstin"},"content":"        for (Task task : tasks) {","lastModifiedDate":"2025-08-20T17:59:07","isFullCredit":false},{"lineNumber":74,"author":{"gitId":"jvvvstin"},"content":"            lines.add(task.toFileString());","lastModifiedDate":"2025-08-20T17:59:07","isFullCredit":false},{"lineNumber":75,"author":{"gitId":"jvvvstin"},"content":"        }","lastModifiedDate":"2025-08-20T17:59:07","isFullCredit":false},{"lineNumber":76,"author":{"gitId":"jvvvstin"},"content":"        try {","lastModifiedDate":"2025-08-20T17:59:07","isFullCredit":false},{"lineNumber":77,"author":{"gitId":"jvvvstin"},"content":"            Files.write(Paths.get(TASKS_FILENAME), lines);","lastModifiedDate":"2025-08-20T17:59:07","isFullCredit":false},{"lineNumber":78,"author":{"gitId":"jvvvstin"},"content":"        } catch (IOException e) {","lastModifiedDate":"2025-08-20T17:59:07","isFullCredit":false},{"lineNumber":79,"author":{"gitId":"jvvvstin"},"content":"            throw new ButtercupException(\"Error while writing tasks to file: \" + e.getMessage());","lastModifiedDate":"2025-08-20T18:09:24","isFullCredit":false},{"lineNumber":80,"author":{"gitId":"jvvvstin"},"content":"        }","lastModifiedDate":"2025-08-20T14:23:19","isFullCredit":false},{"lineNumber":81,"author":{"gitId":"jvvvstin"},"content":"    }","lastModifiedDate":"2025-08-20T14:23:19","isFullCredit":false},{"lineNumber":82,"author":{"gitId":"jvvvstin"},"content":"","lastModifiedDate":"2025-08-20T14:23:19","isFullCredit":false},{"lineNumber":83,"author":{"gitId":"jvvvstin"},"content":"    private static void setup() {","lastModifiedDate":"2025-08-20T14:23:19","isFullCredit":false},{"lineNumber":84,"author":{"gitId":"jvvvstin"},"content":"        Path path \u003d Paths.get(TASKS_FILEPATH);","lastModifiedDate":"2025-08-20T14:23:19","isFullCredit":false},{"lineNumber":85,"author":{"gitId":"jvvvstin"},"content":"        // check if file directory exists","lastModifiedDate":"2025-08-20T14:23:19","isFullCredit":false},{"lineNumber":86,"author":{"gitId":"jvvvstin"},"content":"        if (Files.notExists(path)) {","lastModifiedDate":"2025-08-20T14:23:19","isFullCredit":false},{"lineNumber":87,"author":{"gitId":"jvvvstin"},"content":"            try {","lastModifiedDate":"2025-08-20T14:23:19","isFullCredit":false},{"lineNumber":88,"author":{"gitId":"jvvvstin"},"content":"                // creates directory if it does not exist","lastModifiedDate":"2025-08-20T14:23:19","isFullCredit":false},{"lineNumber":89,"author":{"gitId":"jvvvstin"},"content":"                Files.createDirectory(path);","lastModifiedDate":"2025-08-20T14:23:19","isFullCredit":false},{"lineNumber":90,"author":{"gitId":"jvvvstin"},"content":"            } catch (IOException e) {","lastModifiedDate":"2025-08-20T14:23:19","isFullCredit":false},{"lineNumber":91,"author":{"gitId":"jvvvstin"},"content":"                System.out.println(e.getMessage());","lastModifiedDate":"2025-08-20T14:23:19","isFullCredit":false},{"lineNumber":92,"author":{"gitId":"jvvvstin"},"content":"            }","lastModifiedDate":"2025-08-20T14:23:19","isFullCredit":false},{"lineNumber":93,"author":{"gitId":"jvvvstin"},"content":"        }","lastModifiedDate":"2025-08-20T14:23:19","isFullCredit":false},{"lineNumber":94,"author":{"gitId":"jvvvstin"},"content":"","lastModifiedDate":"2025-08-20T14:23:19","isFullCredit":false},{"lineNumber":95,"author":{"gitId":"jvvvstin"},"content":"        Path file \u003d Paths.get(TASKS_FILENAME);","lastModifiedDate":"2025-08-20T14:23:19","isFullCredit":false},{"lineNumber":96,"author":{"gitId":"jvvvstin"},"content":"        if (Files.notExists(file)) {","lastModifiedDate":"2025-08-20T14:23:19","isFullCredit":false},{"lineNumber":97,"author":{"gitId":"jvvvstin"},"content":"            try {","lastModifiedDate":"2025-08-20T14:23:19","isFullCredit":false},{"lineNumber":98,"author":{"gitId":"jvvvstin"},"content":"                Files.createFile(file);","lastModifiedDate":"2025-08-20T14:23:19","isFullCredit":false},{"lineNumber":99,"author":{"gitId":"jvvvstin"},"content":"            } catch (IOException e) {","lastModifiedDate":"2025-08-20T14:23:19","isFullCredit":false},{"lineNumber":100,"author":{"gitId":"jvvvstin"},"content":"                System.out.println(e.getMessage());","lastModifiedDate":"2025-08-20T14:23:19","isFullCredit":false},{"lineNumber":101,"author":{"gitId":"jvvvstin"},"content":"            }","lastModifiedDate":"2025-08-20T14:23:19","isFullCredit":false},{"lineNumber":102,"author":{"gitId":"jvvvstin"},"content":"        }","lastModifiedDate":"2025-08-20T14:23:19","isFullCredit":false},{"lineNumber":103,"author":{"gitId":"jvvvstin"},"content":"    }","lastModifiedDate":"2025-08-20T14:23:19","isFullCredit":false},{"lineNumber":104,"author":{"gitId":"jvvvstin"},"content":"","lastModifiedDate":"2025-08-20T14:23:19","isFullCredit":false},{"lineNumber":105,"author":{"gitId":"jvvvstin"},"content":"    public static void greet() {","lastModifiedDate":"2025-08-14T16:58:44","isFullCredit":false},{"lineNumber":106,"author":{"gitId":"jvvvstin"},"content":"        String message \u003d \"Hello! I\u0027m Buttercup\\n\" +","lastModifiedDate":"2025-08-14T16:58:44","isFullCredit":false},{"lineNumber":107,"author":{"gitId":"jvvvstin"},"content":"                         \"What can I do for you?\";","lastModifiedDate":"2025-08-14T16:58:44","isFullCredit":false},{"lineNumber":108,"author":{"gitId":"jvvvstin"},"content":"        System.out.println(message);","lastModifiedDate":"2025-08-14T16:58:44","isFullCredit":false},{"lineNumber":109,"author":{"gitId":"jvvvstin"},"content":"    }","lastModifiedDate":"2025-08-14T16:58:44","isFullCredit":false},{"lineNumber":110,"author":{"gitId":"jvvvstin"},"content":"","lastModifiedDate":"2025-08-14T16:58:44","isFullCredit":false},{"lineNumber":111,"author":{"gitId":"jvvvstin"},"content":"    public static void exit() {","lastModifiedDate":"2025-08-14T16:58:44","isFullCredit":false},{"lineNumber":112,"author":{"gitId":"jvvvstin"},"content":"        String exitMessage \u003d \"Bye. Hope to see you again soon!\";","lastModifiedDate":"2025-08-14T16:58:44","isFullCredit":false},{"lineNumber":113,"author":{"gitId":"jvvvstin"},"content":"        System.out.println(exitMessage);","lastModifiedDate":"2025-08-14T16:58:44","isFullCredit":false},{"lineNumber":114,"author":{"gitId":"jvvvstin"},"content":"    }","lastModifiedDate":"2025-08-14T16:58:44","isFullCredit":false},{"lineNumber":115,"author":{"gitId":"jvvvstin"},"content":"","lastModifiedDate":"2025-08-14T16:58:44","isFullCredit":false},{"lineNumber":116,"author":{"gitId":"jvvvstin"},"content":"    public static void echo() {","lastModifiedDate":"2025-08-14T17:11:10","isFullCredit":false},{"lineNumber":117,"author":{"gitId":"jvvvstin"},"content":"        String input \u003d \"\";","lastModifiedDate":"2025-08-14T17:11:10","isFullCredit":false},{"lineNumber":118,"author":{"gitId":"jvvvstin"},"content":"        Scanner scanner \u003d new Scanner(System.in);","lastModifiedDate":"2025-08-16T09:21:10","isFullCredit":false},{"lineNumber":119,"author":{"gitId":"jvvvstin"},"content":"","lastModifiedDate":"2025-08-14T17:11:10","isFullCredit":false},{"lineNumber":120,"author":{"gitId":"jvvvstin"},"content":"        while (!(input.equals(\"bye\"))) {","lastModifiedDate":"2025-08-14T17:11:10","isFullCredit":false},{"lineNumber":121,"author":{"gitId":"jvvvstin"},"content":"            // Read user input","lastModifiedDate":"2025-08-14T17:11:10","isFullCredit":false},{"lineNumber":122,"author":{"gitId":"jvvvstin"},"content":"            input \u003d scanner.nextLine().trim();","lastModifiedDate":"2025-08-16T15:57:07","isFullCredit":false},{"lineNumber":123,"author":{"gitId":"jvvvstin"},"content":"            displayLine();","lastModifiedDate":"2025-08-14T17:11:10","isFullCredit":false},{"lineNumber":124,"author":{"gitId":"jvvvstin"},"content":"            Command command \u003d null;","lastModifiedDate":"2025-08-18T15:27:50","isFullCredit":false},{"lineNumber":125,"author":{"gitId":"jvvvstin"},"content":"            try {","lastModifiedDate":"2025-08-16T17:52:18","isFullCredit":false},{"lineNumber":126,"author":{"gitId":"jvvvstin"},"content":"                command \u003d Command.getCommand(input.split(\" \")[0]);","lastModifiedDate":"2025-08-18T15:27:50","isFullCredit":false},{"lineNumber":127,"author":{"gitId":"jvvvstin"},"content":"            } catch (ButtercupException e) {","lastModifiedDate":"2025-08-18T15:27:50","isFullCredit":false},{"lineNumber":128,"author":{"gitId":"jvvvstin"},"content":"                System.out.println(e);","lastModifiedDate":"2025-08-18T15:27:50","isFullCredit":false},{"lineNumber":129,"author":{"gitId":"jvvvstin"},"content":"                displayLine();","lastModifiedDate":"2025-08-18T15:27:50","isFullCredit":false},{"lineNumber":130,"author":{"gitId":"jvvvstin"},"content":"                continue;","lastModifiedDate":"2025-08-18T15:27:50","isFullCredit":false},{"lineNumber":131,"author":{"gitId":"jvvvstin"},"content":"            }","lastModifiedDate":"2025-08-18T15:27:50","isFullCredit":false},{"lineNumber":132,"author":{"gitId":"jvvvstin"},"content":"            switch (command) {","lastModifiedDate":"2025-08-16T17:52:18","isFullCredit":false},{"lineNumber":133,"author":{"gitId":"jvvvstin"},"content":"            case BYE:","lastModifiedDate":"2025-08-16T17:52:18","isFullCredit":false},{"lineNumber":134,"author":{"gitId":"jvvvstin"},"content":"                exit();","lastModifiedDate":"2025-08-14T17:11:10","isFullCredit":false},{"lineNumber":135,"author":{"gitId":"jvvvstin"},"content":"                break;","lastModifiedDate":"2025-08-16T17:52:18","isFullCredit":false},{"lineNumber":136,"author":{"gitId":"jvvvstin"},"content":"            case LIST:","lastModifiedDate":"2025-08-16T17:52:18","isFullCredit":false},{"lineNumber":137,"author":{"gitId":"jvvvstin"},"content":"                displayTasks();","lastModifiedDate":"2025-08-14T17:32:38","isFullCredit":false},{"lineNumber":138,"author":{"gitId":"jvvvstin"},"content":"                break;","lastModifiedDate":"2025-08-16T17:52:18","isFullCredit":false},{"lineNumber":139,"author":{"gitId":"jvvvstin"},"content":"            case MARK:","lastModifiedDate":"2025-08-16T17:52:18","isFullCredit":false},{"lineNumber":140,"author":{"gitId":"jvvvstin"},"content":"                try {","lastModifiedDate":"2025-08-15T13:07:07","isFullCredit":false},{"lineNumber":141,"author":{"gitId":"jvvvstin"},"content":"                    int taskNumber \u003d Integer.parseInt(input.substring(5).trim());","lastModifiedDate":"2025-08-15T13:07:07","isFullCredit":false},{"lineNumber":142,"author":{"gitId":"jvvvstin"},"content":"                    mark(taskNumber);","lastModifiedDate":"2025-08-15T13:07:07","isFullCredit":false},{"lineNumber":143,"author":{"gitId":"jvvvstin"},"content":"                } catch (NumberFormatException e) {","lastModifiedDate":"2025-08-15T13:07:07","isFullCredit":false},{"lineNumber":144,"author":{"gitId":"jvvvstin"},"content":"                    System.out.println(\"Invalid task number! Please enter in a valid task number e.g. mark 7.\");","lastModifiedDate":"2025-08-16T15:57:07","isFullCredit":false},{"lineNumber":145,"author":{"gitId":"jvvvstin"},"content":"                } catch (ButtercupException e) {","lastModifiedDate":"2025-08-16T15:57:07","isFullCredit":false},{"lineNumber":146,"author":{"gitId":"jvvvstin"},"content":"                    System.out.println(e);","lastModifiedDate":"2025-08-16T15:57:07","isFullCredit":false},{"lineNumber":147,"author":{"gitId":"jvvvstin"},"content":"                }","lastModifiedDate":"2025-08-15T13:07:07","isFullCredit":false},{"lineNumber":148,"author":{"gitId":"jvvvstin"},"content":"                break;","lastModifiedDate":"2025-08-16T17:52:18","isFullCredit":false},{"lineNumber":149,"author":{"gitId":"jvvvstin"},"content":"            case UNMARK:","lastModifiedDate":"2025-08-16T17:52:18","isFullCredit":false},{"lineNumber":150,"author":{"gitId":"jvvvstin"},"content":"                try {","lastModifiedDate":"2025-08-15T13:07:07","isFullCredit":false},{"lineNumber":151,"author":{"gitId":"jvvvstin"},"content":"                    int taskNumber \u003d Integer.parseInt(input.substring(7).trim());","lastModifiedDate":"2025-08-15T13:07:07","isFullCredit":false},{"lineNumber":152,"author":{"gitId":"jvvvstin"},"content":"                    unmark(taskNumber);","lastModifiedDate":"2025-08-15T13:07:07","isFullCredit":false},{"lineNumber":153,"author":{"gitId":"jvvvstin"},"content":"                } catch (NumberFormatException e) {","lastModifiedDate":"2025-08-15T13:07:07","isFullCredit":false},{"lineNumber":154,"author":{"gitId":"jvvvstin"},"content":"                    System.out.println(\"Invalid task number! Please enter in a valid task number e.g. unmark 7.\");","lastModifiedDate":"2025-08-16T15:57:07","isFullCredit":false},{"lineNumber":155,"author":{"gitId":"jvvvstin"},"content":"                } catch (ButtercupException e) {","lastModifiedDate":"2025-08-16T15:57:07","isFullCredit":false},{"lineNumber":156,"author":{"gitId":"jvvvstin"},"content":"                    System.out.println(e);","lastModifiedDate":"2025-08-16T15:57:07","isFullCredit":false},{"lineNumber":157,"author":{"gitId":"jvvvstin"},"content":"                }","lastModifiedDate":"2025-08-15T13:07:07","isFullCredit":false},{"lineNumber":158,"author":{"gitId":"jvvvstin"},"content":"                break;","lastModifiedDate":"2025-08-16T17:52:18","isFullCredit":false},{"lineNumber":159,"author":{"gitId":"jvvvstin"},"content":"            case TODO:","lastModifiedDate":"2025-08-16T17:52:18","isFullCredit":false},{"lineNumber":160,"author":{"gitId":"jvvvstin"},"content":"            case DEADLINE:","lastModifiedDate":"2025-08-16T17:52:18","isFullCredit":false},{"lineNumber":161,"author":{"gitId":"jvvvstin"},"content":"            case EVENT:","lastModifiedDate":"2025-08-16T17:52:18","isFullCredit":false},{"lineNumber":162,"author":{"gitId":"jvvvstin"},"content":"                try {","lastModifiedDate":"2025-08-16T15:57:07","isFullCredit":false},{"lineNumber":163,"author":{"gitId":"jvvvstin"},"content":"                    addTask(input);","lastModifiedDate":"2025-08-14T17:29:14","isFullCredit":false},{"lineNumber":164,"author":{"gitId":"jvvvstin"},"content":"                } catch (ButtercupException e) {","lastModifiedDate":"2025-08-16T15:57:07","isFullCredit":false},{"lineNumber":165,"author":{"gitId":"jvvvstin"},"content":"                    System.out.println(e);","lastModifiedDate":"2025-08-16T15:57:07","isFullCredit":false},{"lineNumber":166,"author":{"gitId":"jvvvstin"},"content":"                }","lastModifiedDate":"2025-08-16T15:57:07","isFullCredit":false},{"lineNumber":167,"author":{"gitId":"jvvvstin"},"content":"                break;","lastModifiedDate":"2025-08-16T17:52:18","isFullCredit":false},{"lineNumber":168,"author":{"gitId":"jvvvstin"},"content":"            case DELETE:","lastModifiedDate":"2025-08-16T17:52:18","isFullCredit":false},{"lineNumber":169,"author":{"gitId":"jvvvstin"},"content":"                try {","lastModifiedDate":"2025-08-16T16:12:42","isFullCredit":false},{"lineNumber":170,"author":{"gitId":"jvvvstin"},"content":"                    int taskNumber \u003d Integer.parseInt(input.substring(7).trim());","lastModifiedDate":"2025-08-16T16:12:42","isFullCredit":false},{"lineNumber":171,"author":{"gitId":"jvvvstin"},"content":"                    deleteTask(taskNumber);","lastModifiedDate":"2025-08-16T16:12:42","isFullCredit":false},{"lineNumber":172,"author":{"gitId":"jvvvstin"},"content":"                } catch (NumberFormatException e) {","lastModifiedDate":"2025-08-16T16:12:42","isFullCredit":false},{"lineNumber":173,"author":{"gitId":"jvvvstin"},"content":"                    System.out.println(\"Invalid task number! Please enter in a valid task number e.g. delete 7.\");","lastModifiedDate":"2025-08-16T16:12:42","isFullCredit":false},{"lineNumber":174,"author":{"gitId":"jvvvstin"},"content":"                } catch (ButtercupException e) {","lastModifiedDate":"2025-08-16T16:12:42","isFullCredit":false},{"lineNumber":175,"author":{"gitId":"jvvvstin"},"content":"                    System.out.println(e);","lastModifiedDate":"2025-08-16T16:12:42","isFullCredit":false},{"lineNumber":176,"author":{"gitId":"jvvvstin"},"content":"                }","lastModifiedDate":"2025-08-16T16:12:42","isFullCredit":false},{"lineNumber":177,"author":{"gitId":"jvvvstin"},"content":"                break;","lastModifiedDate":"2025-08-16T17:52:18","isFullCredit":false},{"lineNumber":178,"author":{"gitId":"jvvvstin"},"content":"            default:","lastModifiedDate":"2025-08-16T17:52:18","isFullCredit":false},{"lineNumber":179,"author":{"gitId":"jvvvstin"},"content":"                continue;","lastModifiedDate":"2025-08-18T15:27:50","isFullCredit":false},{"lineNumber":180,"author":{"gitId":"jvvvstin"},"content":"            }","lastModifiedDate":"2025-08-14T17:11:10","isFullCredit":false},{"lineNumber":181,"author":{"gitId":"jvvvstin"},"content":"            displayLine();","lastModifiedDate":"2025-08-14T17:11:10","isFullCredit":false},{"lineNumber":182,"author":{"gitId":"jvvvstin"},"content":"        }","lastModifiedDate":"2025-08-14T17:11:10","isFullCredit":false},{"lineNumber":183,"author":{"gitId":"jvvvstin"},"content":"    }","lastModifiedDate":"2025-08-14T17:11:10","isFullCredit":false},{"lineNumber":184,"author":{"gitId":"jvvvstin"},"content":"","lastModifiedDate":"2025-08-14T17:11:10","isFullCredit":false},{"lineNumber":185,"author":{"gitId":"jvvvstin"},"content":"    private static void deleteTask(int taskNumber) throws ButtercupException {","lastModifiedDate":"2025-08-16T16:12:42","isFullCredit":false},{"lineNumber":186,"author":{"gitId":"jvvvstin"},"content":"        if (tasks.isEmpty()) {","lastModifiedDate":"2025-08-16T16:12:42","isFullCredit":false},{"lineNumber":187,"author":{"gitId":"jvvvstin"},"content":"            throw new ButtercupException(\"There are no tasks in the list.\");","lastModifiedDate":"2025-08-16T16:12:42","isFullCredit":false},{"lineNumber":188,"author":{"gitId":"jvvvstin"},"content":"        }","lastModifiedDate":"2025-08-16T16:12:42","isFullCredit":false},{"lineNumber":189,"author":{"gitId":"jvvvstin"},"content":"        if (taskNumber \u003c\u003d 0 || taskNumber \u003e tasks.size()) {","lastModifiedDate":"2025-08-16T16:12:42","isFullCredit":false},{"lineNumber":190,"author":{"gitId":"jvvvstin"},"content":"            throw new ButtercupException(\"Invalid task number! Please enter in a valid task number from 1 - \" + tasks.size() + \" e.g. delete 7.\");","lastModifiedDate":"2025-08-16T16:12:42","isFullCredit":false},{"lineNumber":191,"author":{"gitId":"jvvvstin"},"content":"        }","lastModifiedDate":"2025-08-16T16:12:42","isFullCredit":false},{"lineNumber":192,"author":{"gitId":"jvvvstin"},"content":"        Task task \u003d tasks.remove(taskNumber - 1);","lastModifiedDate":"2025-08-16T16:12:42","isFullCredit":false},{"lineNumber":193,"author":{"gitId":"jvvvstin"},"content":"        saveTasks(Buttercup.tasks);","lastModifiedDate":"2025-08-20T18:09:24","isFullCredit":false},{"lineNumber":194,"author":{"gitId":"jvvvstin"},"content":"        System.out.println(\"Noted! I\u0027ve removed this task:\");","lastModifiedDate":"2025-08-16T16:12:42","isFullCredit":false},{"lineNumber":195,"author":{"gitId":"jvvvstin"},"content":"        System.out.println(task);","lastModifiedDate":"2025-08-16T16:12:42","isFullCredit":false},{"lineNumber":196,"author":{"gitId":"jvvvstin"},"content":"    }","lastModifiedDate":"2025-08-16T16:12:42","isFullCredit":false},{"lineNumber":197,"author":{"gitId":"jvvvstin"},"content":"","lastModifiedDate":"2025-08-16T16:12:42","isFullCredit":false},{"lineNumber":198,"author":{"gitId":"jvvvstin"},"content":"    private static void handleInvalidTasks(String input) throws ButtercupException {","lastModifiedDate":"2025-08-16T15:57:07","isFullCredit":false},{"lineNumber":199,"author":{"gitId":"jvvvstin"},"content":"        if (input.equals(\"todo\")) {","lastModifiedDate":"2025-08-16T15:57:07","isFullCredit":false},{"lineNumber":200,"author":{"gitId":"jvvvstin"},"content":"            throw new ButtercupException(\"Invalid command, the description of a \" + input + \" cannot be left empty. Try todo {description} instead.\");","lastModifiedDate":"2025-08-16T15:57:07","isFullCredit":false},{"lineNumber":201,"author":{"gitId":"jvvvstin"},"content":"        } else if (input.equals(\"deadline\")) {","lastModifiedDate":"2025-08-16T15:57:07","isFullCredit":false},{"lineNumber":202,"author":{"gitId":"jvvvstin"},"content":"            throw new ButtercupException(\"Invalid command, the description of a \" + input + \" cannot be left empty. Try deadline {description} /by {deadline} instead.\");","lastModifiedDate":"2025-08-16T15:57:07","isFullCredit":false},{"lineNumber":203,"author":{"gitId":"jvvvstin"},"content":"        } else {","lastModifiedDate":"2025-08-16T15:57:07","isFullCredit":false},{"lineNumber":204,"author":{"gitId":"jvvvstin"},"content":"            throw new ButtercupException(\"Invalid command, the description of a \" + input + \" cannot be left empty. Try event {description} /from {start} /to {end} instead.\");","lastModifiedDate":"2025-08-16T15:57:07","isFullCredit":false},{"lineNumber":205,"author":{"gitId":"jvvvstin"},"content":"        }","lastModifiedDate":"2025-08-16T15:57:07","isFullCredit":false},{"lineNumber":206,"author":{"gitId":"jvvvstin"},"content":"    }","lastModifiedDate":"2025-08-16T15:57:07","isFullCredit":false},{"lineNumber":207,"author":{"gitId":"jvvvstin"},"content":"","lastModifiedDate":"2025-08-16T15:57:07","isFullCredit":false},{"lineNumber":208,"author":{"gitId":"jvvvstin"},"content":"    public static void addTask(String input) throws ButtercupException {","lastModifiedDate":"2025-08-16T15:57:07","isFullCredit":false},{"lineNumber":209,"author":{"gitId":"jvvvstin"},"content":"        Task newTask \u003d null;","lastModifiedDate":"2025-08-16T17:52:18","isFullCredit":false},{"lineNumber":210,"author":{"gitId":"jvvvstin"},"content":"        if (input.startsWith(\"todo \")) {","lastModifiedDate":"2025-08-15T14:52:22","isFullCredit":false},{"lineNumber":211,"author":{"gitId":"jvvvstin"},"content":"            newTask \u003d new Todo(input.substring(5).trim());","lastModifiedDate":"2025-08-15T14:52:22","isFullCredit":false},{"lineNumber":212,"author":{"gitId":"jvvvstin"},"content":"        } else if (input.startsWith(\"deadline \")) {","lastModifiedDate":"2025-08-15T14:52:22","isFullCredit":false},{"lineNumber":213,"author":{"gitId":"jvvvstin"},"content":"            input \u003d input.substring(9);","lastModifiedDate":"2025-08-15T14:52:22","isFullCredit":false},{"lineNumber":214,"author":{"gitId":"jvvvstin"},"content":"            if (!input.contains(\"/by\")) {","lastModifiedDate":"2025-08-16T15:57:07","isFullCredit":false},{"lineNumber":215,"author":{"gitId":"jvvvstin"},"content":"                throw new ButtercupException(\"Invalid format, deadline command should contain \u0027/by\u0027 and be of the format deadline {description} /by {deadline} instead.\");","lastModifiedDate":"2025-08-16T15:57:07","isFullCredit":false},{"lineNumber":216,"author":{"gitId":"jvvvstin"},"content":"            }","lastModifiedDate":"2025-08-16T15:57:07","isFullCredit":false},{"lineNumber":217,"author":{"gitId":"jvvvstin"},"content":"            String[] splitted \u003d input.split(\"/by\");","lastModifiedDate":"2025-08-16T15:57:07","isFullCredit":false},{"lineNumber":218,"author":{"gitId":"jvvvstin"},"content":"            if (splitted.length !\u003d 2) {","lastModifiedDate":"2025-08-16T15:57:07","isFullCredit":false},{"lineNumber":219,"author":{"gitId":"jvvvstin"},"content":"                throw new ButtercupException(\"Invalid format, deadline command should be of the format deadline {description} /by {deadline} instead.\");","lastModifiedDate":"2025-08-16T15:57:07","isFullCredit":false},{"lineNumber":220,"author":{"gitId":"jvvvstin"},"content":"            }","lastModifiedDate":"2025-08-16T15:57:07","isFullCredit":false},{"lineNumber":221,"author":{"gitId":"jvvvstin"},"content":"            if (splitted[0].trim().isEmpty()) {","lastModifiedDate":"2025-08-16T15:57:07","isFullCredit":false},{"lineNumber":222,"author":{"gitId":"jvvvstin"},"content":"                throw new ButtercupException(\"Invalid format, deadline\u0027s description should not be empty and should be of the format deadline {description} /by {deadline} instead.\");","lastModifiedDate":"2025-08-16T15:57:07","isFullCredit":false},{"lineNumber":223,"author":{"gitId":"jvvvstin"},"content":"            }","lastModifiedDate":"2025-08-16T15:57:07","isFullCredit":false},{"lineNumber":224,"author":{"gitId":"jvvvstin"},"content":"            if (splitted[1].trim().isEmpty()) {","lastModifiedDate":"2025-08-16T15:57:07","isFullCredit":false},{"lineNumber":225,"author":{"gitId":"jvvvstin"},"content":"                throw new ButtercupException(\"Invalid format, deadline\u0027s deadline should not be empty and should be of the format deadline {description} /by {deadline} instead.\");","lastModifiedDate":"2025-08-16T15:57:07","isFullCredit":false},{"lineNumber":226,"author":{"gitId":"jvvvstin"},"content":"            }","lastModifiedDate":"2025-08-16T15:57:07","isFullCredit":false},{"lineNumber":227,"author":{"gitId":"jvvvstin"},"content":"","lastModifiedDate":"2025-08-20T23:07:04","isFullCredit":false},{"lineNumber":228,"author":{"gitId":"jvvvstin"},"content":"            newTask \u003d new Deadline(splitted[0].trim(), DateTimeFormatUtils.getLocalDateTimeFromString(splitted[1].trim()));","lastModifiedDate":"2025-08-20T23:07:04","isFullCredit":false},{"lineNumber":229,"author":{"gitId":"jvvvstin"},"content":"        } else if (input.startsWith(\"event \")) {","lastModifiedDate":"2025-08-16T17:52:18","isFullCredit":false},{"lineNumber":230,"author":{"gitId":"jvvvstin"},"content":"            input \u003d input.substring(6).trim();","lastModifiedDate":"2025-08-15T14:52:22","isFullCredit":false},{"lineNumber":231,"author":{"gitId":"jvvvstin"},"content":"            if (!input.contains(\"/from\")) {","lastModifiedDate":"2025-08-16T15:57:07","isFullCredit":false},{"lineNumber":232,"author":{"gitId":"jvvvstin"},"content":"                throw new ButtercupException(\"Invalid format, event command should contain \u0027/from\u0027 and be of the format event {description} /from {start} /to {end} instead.\");","lastModifiedDate":"2025-08-16T17:52:18","isFullCredit":false},{"lineNumber":233,"author":{"gitId":"jvvvstin"},"content":"            }","lastModifiedDate":"2025-08-16T15:57:07","isFullCredit":false},{"lineNumber":234,"author":{"gitId":"jvvvstin"},"content":"            if (!input.contains(\"/to\")) {","lastModifiedDate":"2025-08-16T15:57:07","isFullCredit":false},{"lineNumber":235,"author":{"gitId":"jvvvstin"},"content":"                throw new ButtercupException(\"Invalid format, event command should contain \u0027/to\u0027 and be of the format event {description} /from {start} /to {end} instead.\");","lastModifiedDate":"2025-08-16T17:52:18","isFullCredit":false},{"lineNumber":236,"author":{"gitId":"jvvvstin"},"content":"            }","lastModifiedDate":"2025-08-16T15:57:07","isFullCredit":false},{"lineNumber":237,"author":{"gitId":"jvvvstin"},"content":"            String[] splitted \u003d input.split(\"/from\");","lastModifiedDate":"2025-08-16T15:57:07","isFullCredit":false},{"lineNumber":238,"author":{"gitId":"jvvvstin"},"content":"            if (splitted.length !\u003d 2 || splitted[1].trim().isEmpty()) {","lastModifiedDate":"2025-08-16T15:57:07","isFullCredit":false},{"lineNumber":239,"author":{"gitId":"jvvvstin"},"content":"                throw new ButtercupException(\"Invalid format, event command should be of the format event {description} /from {start} /to {end} instead.\");","lastModifiedDate":"2025-08-16T15:57:07","isFullCredit":false},{"lineNumber":240,"author":{"gitId":"jvvvstin"},"content":"            }","lastModifiedDate":"2025-08-16T15:57:07","isFullCredit":false},{"lineNumber":241,"author":{"gitId":"jvvvstin"},"content":"            String description \u003d splitted[0].trim();","lastModifiedDate":"2025-08-16T15:57:07","isFullCredit":false},{"lineNumber":242,"author":{"gitId":"jvvvstin"},"content":"            if (description.isEmpty()) {","lastModifiedDate":"2025-08-16T15:57:07","isFullCredit":false},{"lineNumber":243,"author":{"gitId":"jvvvstin"},"content":"                throw new ButtercupException(\"Invalid format, event\u0027s description should not be empty and should be of the format event {description} /from {start} /to {end} instead.\");","lastModifiedDate":"2025-08-16T15:57:07","isFullCredit":false},{"lineNumber":244,"author":{"gitId":"jvvvstin"},"content":"            }","lastModifiedDate":"2025-08-16T15:57:07","isFullCredit":false},{"lineNumber":245,"author":{"gitId":"jvvvstin"},"content":"            splitted \u003d splitted[1].split(\"/to\");","lastModifiedDate":"2025-08-16T15:57:07","isFullCredit":false},{"lineNumber":246,"author":{"gitId":"jvvvstin"},"content":"            if (splitted.length !\u003d 2) {","lastModifiedDate":"2025-08-16T15:57:07","isFullCredit":false},{"lineNumber":247,"author":{"gitId":"jvvvstin"},"content":"                throw new ButtercupException(\"Invalid format, event command should be of the format event {description} /from {start} /to {end} instead.\");","lastModifiedDate":"2025-08-16T15:57:07","isFullCredit":false},{"lineNumber":248,"author":{"gitId":"jvvvstin"},"content":"            }","lastModifiedDate":"2025-08-16T15:57:07","isFullCredit":false},{"lineNumber":249,"author":{"gitId":"jvvvstin"},"content":"            String from \u003d splitted[0].trim();","lastModifiedDate":"2025-08-16T15:57:07","isFullCredit":false},{"lineNumber":250,"author":{"gitId":"jvvvstin"},"content":"            String to \u003d splitted[1].trim();","lastModifiedDate":"2025-08-16T15:57:07","isFullCredit":false},{"lineNumber":251,"author":{"gitId":"jvvvstin"},"content":"            if (from.isEmpty()) {","lastModifiedDate":"2025-08-16T15:57:07","isFullCredit":false},{"lineNumber":252,"author":{"gitId":"jvvvstin"},"content":"                throw new ButtercupException(\"Invalid format, event\u0027s start should not be empty and should be of the format event {description} /from {start} /to {end} instead.\");","lastModifiedDate":"2025-08-16T15:57:07","isFullCredit":false},{"lineNumber":253,"author":{"gitId":"jvvvstin"},"content":"            }","lastModifiedDate":"2025-08-16T15:57:07","isFullCredit":false},{"lineNumber":254,"author":{"gitId":"jvvvstin"},"content":"            if (to.isEmpty()) {","lastModifiedDate":"2025-08-16T15:57:07","isFullCredit":false},{"lineNumber":255,"author":{"gitId":"jvvvstin"},"content":"                throw new ButtercupException(\"Invalid format, event\u0027s end should not be empty and should be of the format event {description} /from {start} /to {end} instead.\");","lastModifiedDate":"2025-08-16T15:57:07","isFullCredit":false},{"lineNumber":256,"author":{"gitId":"jvvvstin"},"content":"            }","lastModifiedDate":"2025-08-16T15:57:07","isFullCredit":false},{"lineNumber":257,"author":{"gitId":"jvvvstin"},"content":"            newTask \u003d new Event(description, DateTimeFormatUtils.getLocalDateTimeFromString(from), DateTimeFormatUtils.getLocalDateTimeFromString(to));","lastModifiedDate":"2025-08-20T23:07:04","isFullCredit":false},{"lineNumber":258,"author":{"gitId":"jvvvstin"},"content":"        } else {","lastModifiedDate":"2025-08-16T17:52:18","isFullCredit":false},{"lineNumber":259,"author":{"gitId":"jvvvstin"},"content":"            handleInvalidTasks(input);","lastModifiedDate":"2025-08-16T17:52:18","isFullCredit":false},{"lineNumber":260,"author":{"gitId":"jvvvstin"},"content":"            return;","lastModifiedDate":"2025-08-20T17:59:07","isFullCredit":false},{"lineNumber":261,"author":{"gitId":"jvvvstin"},"content":"        }","lastModifiedDate":"2025-08-15T14:52:22","isFullCredit":false},{"lineNumber":262,"author":{"gitId":"jvvvstin"},"content":"","lastModifiedDate":"2025-08-15T14:52:22","isFullCredit":false},{"lineNumber":263,"author":{"gitId":"jvvvstin"},"content":"        tasks.add(newTask);","lastModifiedDate":"2025-08-15T13:07:07","isFullCredit":false},{"lineNumber":264,"author":{"gitId":"jvvvstin"},"content":"        try {","lastModifiedDate":"2025-08-20T17:59:07","isFullCredit":false},{"lineNumber":265,"author":{"gitId":"jvvvstin"},"content":"            writeToFile(TASKS_FILENAME, newTask.toFileString());","lastModifiedDate":"2025-08-20T17:59:07","isFullCredit":false},{"lineNumber":266,"author":{"gitId":"jvvvstin"},"content":"        } catch (ButtercupException e) {","lastModifiedDate":"2025-08-20T18:09:24","isFullCredit":false},{"lineNumber":267,"author":{"gitId":"jvvvstin"},"content":"            System.out.println(e);","lastModifiedDate":"2025-08-20T18:09:24","isFullCredit":false},{"lineNumber":268,"author":{"gitId":"jvvvstin"},"content":"        }","lastModifiedDate":"2025-08-20T17:59:07","isFullCredit":false},{"lineNumber":269,"author":{"gitId":"jvvvstin"},"content":"","lastModifiedDate":"2025-08-20T17:59:07","isFullCredit":false},{"lineNumber":270,"author":{"gitId":"jvvvstin"},"content":"        String str \u003d String.format(\"Got it. I\u0027ve added this task:\\n\" +","lastModifiedDate":"2025-08-15T14:52:22","isFullCredit":false},{"lineNumber":271,"author":{"gitId":"jvvvstin"},"content":"                                   \"%s\\n\" +","lastModifiedDate":"2025-08-15T14:52:22","isFullCredit":false},{"lineNumber":272,"author":{"gitId":"jvvvstin"},"content":"                                   \"Now you have %d %s in the list.\",","lastModifiedDate":"2025-08-15T14:52:22","isFullCredit":false},{"lineNumber":273,"author":{"gitId":"jvvvstin"},"content":"                                   newTask, tasks.size(), tasks.size() \u003d\u003d 1 ? \"task\" : \"tasks\");","lastModifiedDate":"2025-08-15T14:52:22","isFullCredit":false},{"lineNumber":274,"author":{"gitId":"jvvvstin"},"content":"        System.out.println(str);","lastModifiedDate":"2025-08-15T14:52:22","isFullCredit":false},{"lineNumber":275,"author":{"gitId":"jvvvstin"},"content":"    }","lastModifiedDate":"2025-08-14T17:29:14","isFullCredit":false},{"lineNumber":276,"author":{"gitId":"jvvvstin"},"content":"","lastModifiedDate":"2025-08-14T17:29:14","isFullCredit":false},{"lineNumber":277,"author":{"gitId":"jvvvstin"},"content":"    private static void writeToFile(String filepath, String taskToAdd) throws ButtercupException {","lastModifiedDate":"2025-08-20T18:09:24","isFullCredit":false},{"lineNumber":278,"author":{"gitId":"jvvvstin"},"content":"        try {","lastModifiedDate":"2025-08-20T18:09:24","isFullCredit":false},{"lineNumber":279,"author":{"gitId":"jvvvstin"},"content":"            FileWriter fw \u003d new FileWriter(filepath, true);","lastModifiedDate":"2025-08-20T17:59:07","isFullCredit":false},{"lineNumber":280,"author":{"gitId":"jvvvstin"},"content":"            fw.write(taskToAdd + \"\\n\");","lastModifiedDate":"2025-08-20T17:59:07","isFullCredit":false},{"lineNumber":281,"author":{"gitId":"jvvvstin"},"content":"            fw.close();","lastModifiedDate":"2025-08-20T17:59:07","isFullCredit":false},{"lineNumber":282,"author":{"gitId":"jvvvstin"},"content":"        } catch (IOException e) {","lastModifiedDate":"2025-08-20T18:09:24","isFullCredit":false},{"lineNumber":283,"author":{"gitId":"jvvvstin"},"content":"            throw new ButtercupException(\"Error while writing tasks to file: \" + e.getMessage());","lastModifiedDate":"2025-08-20T18:09:24","isFullCredit":false},{"lineNumber":284,"author":{"gitId":"jvvvstin"},"content":"        }","lastModifiedDate":"2025-08-20T18:09:24","isFullCredit":false},{"lineNumber":285,"author":{"gitId":"jvvvstin"},"content":"    }","lastModifiedDate":"2025-08-20T17:59:07","isFullCredit":false},{"lineNumber":286,"author":{"gitId":"jvvvstin"},"content":"","lastModifiedDate":"2025-08-20T17:59:07","isFullCredit":false},{"lineNumber":287,"author":{"gitId":"jvvvstin"},"content":"    public static void displayTasks() {","lastModifiedDate":"2025-08-14T17:32:38","isFullCredit":false},{"lineNumber":288,"author":{"gitId":"jvvvstin"},"content":"        if (tasks.isEmpty()) {","lastModifiedDate":"2025-08-16T15:57:07","isFullCredit":false},{"lineNumber":289,"author":{"gitId":"jvvvstin"},"content":"            System.out.println(\"There are no tasks in the list.\");","lastModifiedDate":"2025-08-16T15:57:07","isFullCredit":false},{"lineNumber":290,"author":{"gitId":"jvvvstin"},"content":"            return;","lastModifiedDate":"2025-08-16T15:57:07","isFullCredit":false},{"lineNumber":291,"author":{"gitId":"jvvvstin"},"content":"        }","lastModifiedDate":"2025-08-16T15:57:07","isFullCredit":false},{"lineNumber":292,"author":{"gitId":"jvvvstin"},"content":"        System.out.println(\"Here are the tasks in your list:\");","lastModifiedDate":"2025-08-15T13:07:07","isFullCredit":false},{"lineNumber":293,"author":{"gitId":"jvvvstin"},"content":"        int taskNumber \u003d 1;","lastModifiedDate":"2025-08-14T17:32:38","isFullCredit":false},{"lineNumber":294,"author":{"gitId":"jvvvstin"},"content":"        for (Task task : tasks) {","lastModifiedDate":"2025-08-15T13:07:07","isFullCredit":false},{"lineNumber":295,"author":{"gitId":"jvvvstin"},"content":"            String str \u003d String.format(\"%d. %s\", taskNumber, task);","lastModifiedDate":"2025-08-15T14:20:29","isFullCredit":false},{"lineNumber":296,"author":{"gitId":"jvvvstin"},"content":"            System.out.println(str);","lastModifiedDate":"2025-08-14T17:32:38","isFullCredit":false},{"lineNumber":297,"author":{"gitId":"jvvvstin"},"content":"            taskNumber++;","lastModifiedDate":"2025-08-14T17:32:38","isFullCredit":false},{"lineNumber":298,"author":{"gitId":"jvvvstin"},"content":"        }","lastModifiedDate":"2025-08-14T17:32:38","isFullCredit":false},{"lineNumber":299,"author":{"gitId":"jvvvstin"},"content":"    }","lastModifiedDate":"2025-08-14T17:32:38","isFullCredit":false},{"lineNumber":300,"author":{"gitId":"jvvvstin"},"content":"","lastModifiedDate":"2025-08-14T17:32:38","isFullCredit":false},{"lineNumber":301,"author":{"gitId":"jvvvstin"},"content":"    public static void mark(int taskNumber) throws ButtercupException {","lastModifiedDate":"2025-08-16T15:57:07","isFullCredit":false},{"lineNumber":302,"author":{"gitId":"jvvvstin"},"content":"        if (tasks.isEmpty()) {","lastModifiedDate":"2025-08-16T15:57:07","isFullCredit":false},{"lineNumber":303,"author":{"gitId":"jvvvstin"},"content":"            throw new ButtercupException(\"There are no tasks in the list.\");","lastModifiedDate":"2025-08-16T15:57:07","isFullCredit":false},{"lineNumber":304,"author":{"gitId":"jvvvstin"},"content":"        }","lastModifiedDate":"2025-08-16T15:57:07","isFullCredit":false},{"lineNumber":305,"author":{"gitId":"jvvvstin"},"content":"        if (taskNumber \u003c\u003d 0 || taskNumber \u003e tasks.size()) {","lastModifiedDate":"2025-08-16T15:57:07","isFullCredit":false},{"lineNumber":306,"author":{"gitId":"jvvvstin"},"content":"            throw new ButtercupException(\"Invalid task number! Please enter in a valid task number from 1 - \" + tasks.size() + \" e.g. mark 7.\");","lastModifiedDate":"2025-08-16T15:57:07","isFullCredit":false},{"lineNumber":307,"author":{"gitId":"jvvvstin"},"content":"        }","lastModifiedDate":"2025-08-16T15:57:07","isFullCredit":false},{"lineNumber":308,"author":{"gitId":"jvvvstin"},"content":"        Task task \u003d tasks.get(taskNumber - 1);","lastModifiedDate":"2025-08-15T13:07:07","isFullCredit":false},{"lineNumber":309,"author":{"gitId":"jvvvstin"},"content":"        task.markAsDone();","lastModifiedDate":"2025-08-15T13:07:07","isFullCredit":false},{"lineNumber":310,"author":{"gitId":"jvvvstin"},"content":"        saveTasks(Buttercup.tasks);","lastModifiedDate":"2025-08-20T18:09:24","isFullCredit":false},{"lineNumber":311,"author":{"gitId":"jvvvstin"},"content":"        System.out.println(\"Nice! I\u0027ve marked this task as done:\");","lastModifiedDate":"2025-08-15T13:07:07","isFullCredit":false},{"lineNumber":312,"author":{"gitId":"jvvvstin"},"content":"        System.out.println(task);","lastModifiedDate":"2025-08-15T14:20:29","isFullCredit":false},{"lineNumber":313,"author":{"gitId":"jvvvstin"},"content":"    }","lastModifiedDate":"2025-08-15T13:07:07","isFullCredit":false},{"lineNumber":314,"author":{"gitId":"jvvvstin"},"content":"","lastModifiedDate":"2025-08-15T13:07:07","isFullCredit":false},{"lineNumber":315,"author":{"gitId":"jvvvstin"},"content":"    public static void unmark(int taskNumber) throws ButtercupException {","lastModifiedDate":"2025-08-16T15:57:07","isFullCredit":false},{"lineNumber":316,"author":{"gitId":"jvvvstin"},"content":"        if (tasks.isEmpty()) {","lastModifiedDate":"2025-08-16T15:57:07","isFullCredit":false},{"lineNumber":317,"author":{"gitId":"jvvvstin"},"content":"            throw new ButtercupException(\"There are no tasks in the list.\");","lastModifiedDate":"2025-08-16T15:57:07","isFullCredit":false},{"lineNumber":318,"author":{"gitId":"jvvvstin"},"content":"        }","lastModifiedDate":"2025-08-16T15:57:07","isFullCredit":false},{"lineNumber":319,"author":{"gitId":"jvvvstin"},"content":"        if (taskNumber \u003c\u003d 0 || taskNumber \u003e tasks.size()) {","lastModifiedDate":"2025-08-16T15:57:07","isFullCredit":false},{"lineNumber":320,"author":{"gitId":"jvvvstin"},"content":"            throw new ButtercupException(\"Invalid task number! Please enter in a valid task number from 1 - \" + tasks.size() + \" e.g. unmark 7.\");","lastModifiedDate":"2025-08-16T15:57:07","isFullCredit":false},{"lineNumber":321,"author":{"gitId":"jvvvstin"},"content":"        }","lastModifiedDate":"2025-08-16T15:57:07","isFullCredit":false},{"lineNumber":322,"author":{"gitId":"jvvvstin"},"content":"        Task task \u003d tasks.get(taskNumber - 1);","lastModifiedDate":"2025-08-15T13:07:07","isFullCredit":false},{"lineNumber":323,"author":{"gitId":"jvvvstin"},"content":"        task.markAsNotDone();","lastModifiedDate":"2025-08-15T13:07:07","isFullCredit":false},{"lineNumber":324,"author":{"gitId":"jvvvstin"},"content":"        saveTasks(Buttercup.tasks);","lastModifiedDate":"2025-08-20T18:09:24","isFullCredit":false},{"lineNumber":325,"author":{"gitId":"jvvvstin"},"content":"        System.out.println(\"OK, I\u0027ve marked this task as not done yet:\");","lastModifiedDate":"2025-08-15T13:07:07","isFullCredit":false},{"lineNumber":326,"author":{"gitId":"jvvvstin"},"content":"        System.out.println(task);","lastModifiedDate":"2025-08-15T14:20:29","isFullCredit":false},{"lineNumber":327,"author":{"gitId":"jvvvstin"},"content":"    }","lastModifiedDate":"2025-08-15T13:07:07","isFullCredit":false},{"lineNumber":328,"author":{"gitId":"jvvvstin"},"content":"","lastModifiedDate":"2025-08-15T13:07:07","isFullCredit":false},{"lineNumber":329,"author":{"gitId":"jvvvstin"},"content":"    public static void displayLine() {","lastModifiedDate":"2025-08-14T16:58:44","isFullCredit":false},{"lineNumber":330,"author":{"gitId":"jvvvstin"},"content":"        System.out.println(\"____________________________________________________________\");","lastModifiedDate":"2025-08-14T16:58:44","isFullCredit":false},{"lineNumber":331,"author":{"gitId":"jvvvstin"},"content":"    }","lastModifiedDate":"2025-08-14T16:58:44","isFullCredit":false},{"lineNumber":332,"author":{"gitId":"jvvvstin"},"content":"}","lastModifiedDate":"2025-08-14T16:58:44","isFullCredit":false}],"authorContributionMap":{"jvvvstin":332}},{"path":"src/main/java/Command.java","fileType":"java","lines":[{"lineNumber":1,"author":{"gitId":"jvvvstin"},"content":"import exceptions.ButtercupException;","lastModifiedDate":"2025-08-20T23:07:04","isFullCredit":false},{"lineNumber":2,"author":{"gitId":"jvvvstin"},"content":"","lastModifiedDate":"2025-08-20T23:07:04","isFullCredit":false},{"lineNumber":3,"author":{"gitId":"jvvvstin"},"content":"public enum Command {","lastModifiedDate":"2025-08-16T17:50:38","isFullCredit":false},{"lineNumber":4,"author":{"gitId":"jvvvstin"},"content":"    BYE(\"bye\"),","lastModifiedDate":"2025-08-16T17:50:38","isFullCredit":false},{"lineNumber":5,"author":{"gitId":"jvvvstin"},"content":"    LIST(\"list\"),","lastModifiedDate":"2025-08-16T17:50:38","isFullCredit":false},{"lineNumber":6,"author":{"gitId":"jvvvstin"},"content":"    MARK(\"mark\"),","lastModifiedDate":"2025-08-16T17:50:38","isFullCredit":false},{"lineNumber":7,"author":{"gitId":"jvvvstin"},"content":"    UNMARK(\"unmark\"),","lastModifiedDate":"2025-08-16T17:50:38","isFullCredit":false},{"lineNumber":8,"author":{"gitId":"jvvvstin"},"content":"    TODO(\"todo\"),","lastModifiedDate":"2025-08-16T17:50:38","isFullCredit":false},{"lineNumber":9,"author":{"gitId":"jvvvstin"},"content":"    DEADLINE(\"deadline\"),","lastModifiedDate":"2025-08-16T17:50:38","isFullCredit":false},{"lineNumber":10,"author":{"gitId":"jvvvstin"},"content":"    EVENT(\"event\"),","lastModifiedDate":"2025-08-16T17:50:38","isFullCredit":false},{"lineNumber":11,"author":{"gitId":"jvvvstin"},"content":"    DELETE(\"delete\");","lastModifiedDate":"2025-08-16T17:50:38","isFullCredit":false},{"lineNumber":12,"author":{"gitId":"jvvvstin"},"content":"","lastModifiedDate":"2025-08-16T17:50:38","isFullCredit":false},{"lineNumber":13,"author":{"gitId":"jvvvstin"},"content":"    private final String keyword;","lastModifiedDate":"2025-08-16T17:50:38","isFullCredit":false},{"lineNumber":14,"author":{"gitId":"jvvvstin"},"content":"","lastModifiedDate":"2025-08-16T17:50:38","isFullCredit":false},{"lineNumber":15,"author":{"gitId":"jvvvstin"},"content":"    Command(String keyword) {","lastModifiedDate":"2025-08-16T17:50:38","isFullCredit":false},{"lineNumber":16,"author":{"gitId":"jvvvstin"},"content":"        this.keyword \u003d keyword;","lastModifiedDate":"2025-08-16T17:50:38","isFullCredit":false},{"lineNumber":17,"author":{"gitId":"jvvvstin"},"content":"    }","lastModifiedDate":"2025-08-16T17:50:38","isFullCredit":false},{"lineNumber":18,"author":{"gitId":"jvvvstin"},"content":"","lastModifiedDate":"2025-08-16T17:50:38","isFullCredit":false},{"lineNumber":19,"author":{"gitId":"jvvvstin"},"content":"    public String getKeyword() {","lastModifiedDate":"2025-08-16T17:50:38","isFullCredit":false},{"lineNumber":20,"author":{"gitId":"jvvvstin"},"content":"        return this.keyword;","lastModifiedDate":"2025-08-16T17:50:38","isFullCredit":false},{"lineNumber":21,"author":{"gitId":"jvvvstin"},"content":"    }","lastModifiedDate":"2025-08-16T17:50:38","isFullCredit":false},{"lineNumber":22,"author":{"gitId":"jvvvstin"},"content":"","lastModifiedDate":"2025-08-16T17:50:38","isFullCredit":false},{"lineNumber":23,"author":{"gitId":"jvvvstin"},"content":"    public static Command getCommand(String keyword) throws ButtercupException {","lastModifiedDate":"2025-08-16T17:50:38","isFullCredit":false},{"lineNumber":24,"author":{"gitId":"jvvvstin"},"content":"        for (Command command : Command.values()) {","lastModifiedDate":"2025-08-16T17:50:38","isFullCredit":false},{"lineNumber":25,"author":{"gitId":"jvvvstin"},"content":"            if (keyword.startsWith(command.getKeyword())) {","lastModifiedDate":"2025-08-16T17:50:38","isFullCredit":false},{"lineNumber":26,"author":{"gitId":"jvvvstin"},"content":"                return command;","lastModifiedDate":"2025-08-16T17:50:38","isFullCredit":false},{"lineNumber":27,"author":{"gitId":"jvvvstin"},"content":"            }","lastModifiedDate":"2025-08-16T17:50:38","isFullCredit":false},{"lineNumber":28,"author":{"gitId":"jvvvstin"},"content":"        }","lastModifiedDate":"2025-08-16T17:50:38","isFullCredit":false},{"lineNumber":29,"author":{"gitId":"jvvvstin"},"content":"        throw new ButtercupException(\"Invalid command \u0027\" + keyword + \"\u0027. Please try again.\");","lastModifiedDate":"2025-08-16T17:50:38","isFullCredit":false},{"lineNumber":30,"author":{"gitId":"jvvvstin"},"content":"    }","lastModifiedDate":"2025-08-16T17:50:38","isFullCredit":false},{"lineNumber":31,"author":{"gitId":"jvvvstin"},"content":"}","lastModifiedDate":"2025-08-16T17:50:38","isFullCredit":false}],"authorContributionMap":{"jvvvstin":31}},{"path":"src/main/java/Deadline.java","fileType":"java","lines":[{"lineNumber":1,"author":{"gitId":"jvvvstin"},"content":"import java.time.LocalDateTime;","lastModifiedDate":"2025-08-20T23:07:04","isFullCredit":false},{"lineNumber":2,"author":{"gitId":"jvvvstin"},"content":"import utils.DateTimeFormatUtils;","lastModifiedDate":"2025-08-20T23:07:04","isFullCredit":false},{"lineNumber":3,"author":{"gitId":"jvvvstin"},"content":"","lastModifiedDate":"2025-08-20T23:07:04","isFullCredit":false},{"lineNumber":4,"author":{"gitId":"jvvvstin"},"content":"public class Deadline extends Task {","lastModifiedDate":"2025-08-15T14:20:29","isFullCredit":false},{"lineNumber":5,"author":{"gitId":"jvvvstin"},"content":"    protected LocalDateTime by;","lastModifiedDate":"2025-08-20T23:07:04","isFullCredit":false},{"lineNumber":6,"author":{"gitId":"jvvvstin"},"content":"","lastModifiedDate":"2025-08-15T14:20:29","isFullCredit":false},{"lineNumber":7,"author":{"gitId":"jvvvstin"},"content":"    public Deadline(String description, LocalDateTime by) {","lastModifiedDate":"2025-08-20T23:07:04","isFullCredit":false},{"lineNumber":8,"author":{"gitId":"jvvvstin"},"content":"        super(description);","lastModifiedDate":"2025-08-15T14:20:29","isFullCredit":false},{"lineNumber":9,"author":{"gitId":"jvvvstin"},"content":"        this.by \u003d by;","lastModifiedDate":"2025-08-15T14:20:29","isFullCredit":false},{"lineNumber":10,"author":{"gitId":"jvvvstin"},"content":"    }","lastModifiedDate":"2025-08-15T14:20:29","isFullCredit":false},{"lineNumber":11,"author":{"gitId":"jvvvstin"},"content":"","lastModifiedDate":"2025-08-15T14:20:29","isFullCredit":false},{"lineNumber":12,"author":{"gitId":"jvvvstin"},"content":"    public Deadline(String description, boolean isDone, LocalDateTime by) {","lastModifiedDate":"2025-08-20T23:07:04","isFullCredit":false},{"lineNumber":13,"author":{"gitId":"jvvvstin"},"content":"        super(description, isDone);","lastModifiedDate":"2025-08-20T14:21:21","isFullCredit":false},{"lineNumber":14,"author":{"gitId":"jvvvstin"},"content":"        this.by \u003d by;","lastModifiedDate":"2025-08-20T14:21:21","isFullCredit":false},{"lineNumber":15,"author":{"gitId":"jvvvstin"},"content":"    }","lastModifiedDate":"2025-08-20T14:21:21","isFullCredit":false},{"lineNumber":16,"author":{"gitId":"jvvvstin"},"content":"","lastModifiedDate":"2025-08-20T14:21:21","isFullCredit":false},{"lineNumber":17,"author":{"gitId":"jvvvstin"},"content":"    @Override","lastModifiedDate":"2025-08-15T14:20:29","isFullCredit":false},{"lineNumber":18,"author":{"gitId":"jvvvstin"},"content":"    public String toString() {","lastModifiedDate":"2025-08-15T14:20:29","isFullCredit":false},{"lineNumber":19,"author":{"gitId":"jvvvstin"},"content":"        return String.format(\"[D]%s (by: %s)\", super.toString(), DateTimeFormatUtils.formatDateTime(this.by));","lastModifiedDate":"2025-08-20T23:07:04","isFullCredit":false},{"lineNumber":20,"author":{"gitId":"jvvvstin"},"content":"    }","lastModifiedDate":"2025-08-15T14:20:29","isFullCredit":false},{"lineNumber":21,"author":{"gitId":"jvvvstin"},"content":"","lastModifiedDate":"2025-08-20T17:52:59","isFullCredit":false},{"lineNumber":22,"author":{"gitId":"jvvvstin"},"content":"    @Override","lastModifiedDate":"2025-08-20T17:52:59","isFullCredit":false},{"lineNumber":23,"author":{"gitId":"jvvvstin"},"content":"    public String toFileString() {","lastModifiedDate":"2025-08-20T17:52:59","isFullCredit":false},{"lineNumber":24,"author":{"gitId":"jvvvstin"},"content":"        return String.format(\"D | %s | %s\", super.toFileString(), this.by);","lastModifiedDate":"2025-08-20T17:52:59","isFullCredit":false},{"lineNumber":25,"author":{"gitId":"jvvvstin"},"content":"    }","lastModifiedDate":"2025-08-20T17:52:59","isFullCredit":false},{"lineNumber":26,"author":{"gitId":"jvvvstin"},"content":"}","lastModifiedDate":"2025-08-15T14:20:29","isFullCredit":false}],"authorContributionMap":{"jvvvstin":26}},{"path":"src/main/java/Event.java","fileType":"java","lines":[{"lineNumber":1,"author":{"gitId":"jvvvstin"},"content":"import java.time.LocalDateTime;","lastModifiedDate":"2025-08-20T23:07:04","isFullCredit":false},{"lineNumber":2,"author":{"gitId":"jvvvstin"},"content":"import utils.DateTimeFormatUtils;","lastModifiedDate":"2025-08-20T23:07:04","isFullCredit":false},{"lineNumber":3,"author":{"gitId":"jvvvstin"},"content":"","lastModifiedDate":"2025-08-20T23:07:04","isFullCredit":false},{"lineNumber":4,"author":{"gitId":"jvvvstin"},"content":"public class Event extends Task {","lastModifiedDate":"2025-08-15T14:20:29","isFullCredit":false},{"lineNumber":5,"author":{"gitId":"jvvvstin"},"content":"    protected LocalDateTime start;","lastModifiedDate":"2025-08-20T23:07:04","isFullCredit":false},{"lineNumber":6,"author":{"gitId":"jvvvstin"},"content":"    protected LocalDateTime end;","lastModifiedDate":"2025-08-20T23:07:04","isFullCredit":false},{"lineNumber":7,"author":{"gitId":"jvvvstin"},"content":"","lastModifiedDate":"2025-08-15T14:20:29","isFullCredit":false},{"lineNumber":8,"author":{"gitId":"jvvvstin"},"content":"    public Event(String description, LocalDateTime start, LocalDateTime end) {","lastModifiedDate":"2025-08-20T23:07:04","isFullCredit":false},{"lineNumber":9,"author":{"gitId":"jvvvstin"},"content":"        super(description);","lastModifiedDate":"2025-08-15T14:20:29","isFullCredit":false},{"lineNumber":10,"author":{"gitId":"jvvvstin"},"content":"        this.start \u003d start;","lastModifiedDate":"2025-08-15T14:20:29","isFullCredit":false},{"lineNumber":11,"author":{"gitId":"jvvvstin"},"content":"        this.end \u003d end;","lastModifiedDate":"2025-08-15T14:20:29","isFullCredit":false},{"lineNumber":12,"author":{"gitId":"jvvvstin"},"content":"    }","lastModifiedDate":"2025-08-15T14:20:29","isFullCredit":false},{"lineNumber":13,"author":{"gitId":"jvvvstin"},"content":"","lastModifiedDate":"2025-08-15T14:20:29","isFullCredit":false},{"lineNumber":14,"author":{"gitId":"jvvvstin"},"content":"    public Event(String description, boolean isDone, LocalDateTime start, LocalDateTime end) {","lastModifiedDate":"2025-08-20T23:07:04","isFullCredit":false},{"lineNumber":15,"author":{"gitId":"jvvvstin"},"content":"        super(description, isDone);","lastModifiedDate":"2025-08-20T14:21:21","isFullCredit":false},{"lineNumber":16,"author":{"gitId":"jvvvstin"},"content":"        this.start \u003d start;","lastModifiedDate":"2025-08-20T14:21:21","isFullCredit":false},{"lineNumber":17,"author":{"gitId":"jvvvstin"},"content":"        this.end \u003d end;","lastModifiedDate":"2025-08-20T14:21:21","isFullCredit":false},{"lineNumber":18,"author":{"gitId":"jvvvstin"},"content":"    }","lastModifiedDate":"2025-08-20T14:21:21","isFullCredit":false},{"lineNumber":19,"author":{"gitId":"jvvvstin"},"content":"","lastModifiedDate":"2025-08-20T14:21:21","isFullCredit":false},{"lineNumber":20,"author":{"gitId":"jvvvstin"},"content":"    @Override","lastModifiedDate":"2025-08-15T14:20:29","isFullCredit":false},{"lineNumber":21,"author":{"gitId":"jvvvstin"},"content":"    public String toString() {","lastModifiedDate":"2025-08-15T14:20:29","isFullCredit":false},{"lineNumber":22,"author":{"gitId":"jvvvstin"},"content":"        return String.format(\"[E]%s (from: %s to: %s)\", super.toString(),","lastModifiedDate":"2025-08-20T23:07:04","isFullCredit":false},{"lineNumber":23,"author":{"gitId":"jvvvstin"},"content":"                DateTimeFormatUtils.formatDateTime(this.start),","lastModifiedDate":"2025-08-20T23:07:04","isFullCredit":false},{"lineNumber":24,"author":{"gitId":"jvvvstin"},"content":"                DateTimeFormatUtils.formatDateTime(this.end));","lastModifiedDate":"2025-08-20T23:07:04","isFullCredit":false},{"lineNumber":25,"author":{"gitId":"jvvvstin"},"content":"    }","lastModifiedDate":"2025-08-15T14:20:29","isFullCredit":false},{"lineNumber":26,"author":{"gitId":"jvvvstin"},"content":"","lastModifiedDate":"2025-08-20T17:52:59","isFullCredit":false},{"lineNumber":27,"author":{"gitId":"jvvvstin"},"content":"    @Override","lastModifiedDate":"2025-08-20T17:52:59","isFullCredit":false},{"lineNumber":28,"author":{"gitId":"jvvvstin"},"content":"    public String toFileString() {","lastModifiedDate":"2025-08-20T17:52:59","isFullCredit":false},{"lineNumber":29,"author":{"gitId":"jvvvstin"},"content":"        return String.format(\"E | %s | %s | %s\", super.toFileString(), this.start, this.end);","lastModifiedDate":"2025-08-20T17:52:59","isFullCredit":false},{"lineNumber":30,"author":{"gitId":"jvvvstin"},"content":"    }","lastModifiedDate":"2025-08-20T17:52:59","isFullCredit":false},{"lineNumber":31,"author":{"gitId":"jvvvstin"},"content":"}","lastModifiedDate":"2025-08-15T14:20:29","isFullCredit":false}],"authorContributionMap":{"jvvvstin":31}},{"path":"src/main/java/Task.java","fileType":"java","lines":[{"lineNumber":1,"author":{"gitId":"jvvvstin"},"content":"public abstract class Task {","lastModifiedDate":"2025-08-20T14:21:21","isFullCredit":false},{"lineNumber":2,"author":{"gitId":"jvvvstin"},"content":"    protected String description;","lastModifiedDate":"2025-08-15T12:46:40","isFullCredit":false},{"lineNumber":3,"author":{"gitId":"jvvvstin"},"content":"    protected boolean isDone;","lastModifiedDate":"2025-08-15T12:46:40","isFullCredit":false},{"lineNumber":4,"author":{"gitId":"jvvvstin"},"content":"","lastModifiedDate":"2025-08-15T12:46:40","isFullCredit":false},{"lineNumber":5,"author":{"gitId":"jvvvstin"},"content":"    public Task(String description) {","lastModifiedDate":"2025-08-15T12:46:40","isFullCredit":false},{"lineNumber":6,"author":{"gitId":"jvvvstin"},"content":"        this.description \u003d description;","lastModifiedDate":"2025-08-15T12:46:40","isFullCredit":false},{"lineNumber":7,"author":{"gitId":"jvvvstin"},"content":"        this.isDone \u003d false;","lastModifiedDate":"2025-08-15T12:46:40","isFullCredit":false},{"lineNumber":8,"author":{"gitId":"jvvvstin"},"content":"    }","lastModifiedDate":"2025-08-15T12:46:40","isFullCredit":false},{"lineNumber":9,"author":{"gitId":"jvvvstin"},"content":"","lastModifiedDate":"2025-08-15T12:46:40","isFullCredit":false},{"lineNumber":10,"author":{"gitId":"jvvvstin"},"content":"    public Task(String description, boolean isDone) {","lastModifiedDate":"2025-08-20T14:21:21","isFullCredit":false},{"lineNumber":11,"author":{"gitId":"jvvvstin"},"content":"        this.description \u003d description;","lastModifiedDate":"2025-08-20T14:21:21","isFullCredit":false},{"lineNumber":12,"author":{"gitId":"jvvvstin"},"content":"        this.isDone \u003d isDone;","lastModifiedDate":"2025-08-20T14:21:21","isFullCredit":false},{"lineNumber":13,"author":{"gitId":"jvvvstin"},"content":"    }","lastModifiedDate":"2025-08-20T14:21:21","isFullCredit":false},{"lineNumber":14,"author":{"gitId":"jvvvstin"},"content":"","lastModifiedDate":"2025-08-20T14:21:21","isFullCredit":false},{"lineNumber":15,"author":{"gitId":"jvvvstin"},"content":"    public String getStatusIcon() {","lastModifiedDate":"2025-08-15T12:46:40","isFullCredit":false},{"lineNumber":16,"author":{"gitId":"jvvvstin"},"content":"        return isDone ? \"X\" : \" \";","lastModifiedDate":"2025-08-15T12:46:40","isFullCredit":false},{"lineNumber":17,"author":{"gitId":"jvvvstin"},"content":"    }","lastModifiedDate":"2025-08-15T12:46:40","isFullCredit":false},{"lineNumber":18,"author":{"gitId":"jvvvstin"},"content":"","lastModifiedDate":"2025-08-15T12:46:40","isFullCredit":false},{"lineNumber":19,"author":{"gitId":"jvvvstin"},"content":"    public void markAsDone() {","lastModifiedDate":"2025-08-15T12:46:40","isFullCredit":false},{"lineNumber":20,"author":{"gitId":"jvvvstin"},"content":"        this.isDone \u003d true;","lastModifiedDate":"2025-08-15T12:46:40","isFullCredit":false},{"lineNumber":21,"author":{"gitId":"jvvvstin"},"content":"    }","lastModifiedDate":"2025-08-15T12:46:40","isFullCredit":false},{"lineNumber":22,"author":{"gitId":"jvvvstin"},"content":"","lastModifiedDate":"2025-08-15T12:46:40","isFullCredit":false},{"lineNumber":23,"author":{"gitId":"jvvvstin"},"content":"    public void markAsNotDone() {","lastModifiedDate":"2025-08-15T12:46:40","isFullCredit":false},{"lineNumber":24,"author":{"gitId":"jvvvstin"},"content":"        this.isDone \u003d false;","lastModifiedDate":"2025-08-15T12:46:40","isFullCredit":false},{"lineNumber":25,"author":{"gitId":"jvvvstin"},"content":"    }","lastModifiedDate":"2025-08-15T12:46:40","isFullCredit":false},{"lineNumber":26,"author":{"gitId":"jvvvstin"},"content":"","lastModifiedDate":"2025-08-15T13:07:07","isFullCredit":false},{"lineNumber":27,"author":{"gitId":"jvvvstin"},"content":"    public String toString() {","lastModifiedDate":"2025-08-15T13:07:07","isFullCredit":false},{"lineNumber":28,"author":{"gitId":"jvvvstin"},"content":"        return String.format(\"[%s] %s\", this.getStatusIcon(), this.description);","lastModifiedDate":"2025-08-15T14:20:29","isFullCredit":false},{"lineNumber":29,"author":{"gitId":"jvvvstin"},"content":"    }","lastModifiedDate":"2025-08-15T13:07:07","isFullCredit":false},{"lineNumber":30,"author":{"gitId":"jvvvstin"},"content":"","lastModifiedDate":"2025-08-20T17:52:59","isFullCredit":false},{"lineNumber":31,"author":{"gitId":"jvvvstin"},"content":"    public String toFileString() {","lastModifiedDate":"2025-08-20T17:52:59","isFullCredit":false},{"lineNumber":32,"author":{"gitId":"jvvvstin"},"content":"        return String.format(\"%s | %s\", this.isDone ? \"1\" : \"0\", this.description);","lastModifiedDate":"2025-08-20T17:52:59","isFullCredit":false},{"lineNumber":33,"author":{"gitId":"jvvvstin"},"content":"    }","lastModifiedDate":"2025-08-20T17:52:59","isFullCredit":false},{"lineNumber":34,"author":{"gitId":"jvvvstin"},"content":"}","lastModifiedDate":"2025-08-15T12:46:40","isFullCredit":false}],"authorContributionMap":{"jvvvstin":34}},{"path":"src/main/java/Todo.java","fileType":"java","lines":[{"lineNumber":1,"author":{"gitId":"jvvvstin"},"content":"public class Todo extends Task {","lastModifiedDate":"2025-08-15T14:20:29","isFullCredit":false},{"lineNumber":2,"author":{"gitId":"jvvvstin"},"content":"    public Todo(String description) {","lastModifiedDate":"2025-08-15T14:20:29","isFullCredit":false},{"lineNumber":3,"author":{"gitId":"jvvvstin"},"content":"        super(description);","lastModifiedDate":"2025-08-15T14:20:29","isFullCredit":false},{"lineNumber":4,"author":{"gitId":"jvvvstin"},"content":"    }","lastModifiedDate":"2025-08-15T14:20:29","isFullCredit":false},{"lineNumber":5,"author":{"gitId":"jvvvstin"},"content":"","lastModifiedDate":"2025-08-15T14:20:29","isFullCredit":false},{"lineNumber":6,"author":{"gitId":"jvvvstin"},"content":"    public Todo(String description, boolean isDone) {","lastModifiedDate":"2025-08-20T14:21:21","isFullCredit":false},{"lineNumber":7,"author":{"gitId":"jvvvstin"},"content":"        super(description, isDone);","lastModifiedDate":"2025-08-20T14:21:21","isFullCredit":false},{"lineNumber":8,"author":{"gitId":"jvvvstin"},"content":"    }","lastModifiedDate":"2025-08-20T14:21:21","isFullCredit":false},{"lineNumber":9,"author":{"gitId":"jvvvstin"},"content":"","lastModifiedDate":"2025-08-20T14:21:21","isFullCredit":false},{"lineNumber":10,"author":{"gitId":"jvvvstin"},"content":"    @Override","lastModifiedDate":"2025-08-15T14:20:29","isFullCredit":false},{"lineNumber":11,"author":{"gitId":"jvvvstin"},"content":"    public String toString() {","lastModifiedDate":"2025-08-15T14:20:29","isFullCredit":false},{"lineNumber":12,"author":{"gitId":"jvvvstin"},"content":"        return String.format(\"[T]%s\", super.toString());","lastModifiedDate":"2025-08-15T14:20:29","isFullCredit":false},{"lineNumber":13,"author":{"gitId":"jvvvstin"},"content":"    }","lastModifiedDate":"2025-08-15T14:20:29","isFullCredit":false},{"lineNumber":14,"author":{"gitId":"jvvvstin"},"content":"","lastModifiedDate":"2025-08-20T17:52:59","isFullCredit":false},{"lineNumber":15,"author":{"gitId":"jvvvstin"},"content":"    @Override","lastModifiedDate":"2025-08-20T17:52:59","isFullCredit":false},{"lineNumber":16,"author":{"gitId":"jvvvstin"},"content":"    public String toFileString() {","lastModifiedDate":"2025-08-20T17:52:59","isFullCredit":false},{"lineNumber":17,"author":{"gitId":"jvvvstin"},"content":"        return String.format(\"T | %s\", super.toFileString());","lastModifiedDate":"2025-08-20T17:52:59","isFullCredit":false},{"lineNumber":18,"author":{"gitId":"jvvvstin"},"content":"    }","lastModifiedDate":"2025-08-20T17:52:59","isFullCredit":false},{"lineNumber":19,"author":{"gitId":"jvvvstin"},"content":"}","lastModifiedDate":"2025-08-15T14:20:29","isFullCredit":false}],"authorContributionMap":{"jvvvstin":19}},{"path":"src/main/java/exceptions/ButtercupException.java","fileType":"java","lines":[{"lineNumber":1,"author":{"gitId":"jvvvstin"},"content":"package exceptions;","lastModifiedDate":"2025-08-20T23:07:04","isFullCredit":false},{"lineNumber":2,"author":{"gitId":"jvvvstin"},"content":"","lastModifiedDate":"2025-08-20T23:07:04","isFullCredit":false},{"lineNumber":3,"author":{"gitId":"jvvvstin"},"content":"public class ButtercupException extends Exception {","lastModifiedDate":"2025-08-16T14:47:45","isFullCredit":false},{"lineNumber":4,"author":{"gitId":"jvvvstin"},"content":"    public ButtercupException(String message) {","lastModifiedDate":"2025-08-16T14:47:45","isFullCredit":false},{"lineNumber":5,"author":{"gitId":"jvvvstin"},"content":"        super(message);","lastModifiedDate":"2025-08-16T14:47:45","isFullCredit":false},{"lineNumber":6,"author":{"gitId":"jvvvstin"},"content":"    }","lastModifiedDate":"2025-08-16T14:47:45","isFullCredit":false},{"lineNumber":7,"author":{"gitId":"jvvvstin"},"content":"","lastModifiedDate":"2025-08-16T14:47:45","isFullCredit":false},{"lineNumber":8,"author":{"gitId":"jvvvstin"},"content":"    @Override","lastModifiedDate":"2025-08-16T14:47:45","isFullCredit":false},{"lineNumber":9,"author":{"gitId":"jvvvstin"},"content":"    public String toString() {","lastModifiedDate":"2025-08-16T14:47:45","isFullCredit":false},{"lineNumber":10,"author":{"gitId":"jvvvstin"},"content":"        String str \u003d String.format(\"[ButtercupException]: %s\", this.getMessage());","lastModifiedDate":"2025-08-16T14:47:45","isFullCredit":false},{"lineNumber":11,"author":{"gitId":"jvvvstin"},"content":"        return str;","lastModifiedDate":"2025-08-16T14:47:45","isFullCredit":false},{"lineNumber":12,"author":{"gitId":"jvvvstin"},"content":"    }","lastModifiedDate":"2025-08-16T14:47:45","isFullCredit":false},{"lineNumber":13,"author":{"gitId":"jvvvstin"},"content":"}","lastModifiedDate":"2025-08-16T14:47:45","isFullCredit":false}],"authorContributionMap":{"jvvvstin":13}},{"path":"src/main/java/utils/DateTimeFormatUtils.java","fileType":"java","lines":[{"lineNumber":1,"author":{"gitId":"jvvvstin"},"content":"package utils;","lastModifiedDate":"2025-08-20T23:07:04","isFullCredit":false},{"lineNumber":2,"author":{"gitId":"jvvvstin"},"content":"","lastModifiedDate":"2025-08-20T23:07:04","isFullCredit":false},{"lineNumber":3,"author":{"gitId":"jvvvstin"},"content":"import exceptions.ButtercupException;","lastModifiedDate":"2025-08-20T23:07:04","isFullCredit":false},{"lineNumber":4,"author":{"gitId":"jvvvstin"},"content":"","lastModifiedDate":"2025-08-20T23:07:04","isFullCredit":false},{"lineNumber":5,"author":{"gitId":"jvvvstin"},"content":"import java.time.LocalDateTime;","lastModifiedDate":"2025-08-20T23:07:04","isFullCredit":false},{"lineNumber":6,"author":{"gitId":"jvvvstin"},"content":"import java.time.format.DateTimeFormatter;","lastModifiedDate":"2025-08-20T23:07:04","isFullCredit":false},{"lineNumber":7,"author":{"gitId":"jvvvstin"},"content":"import java.time.format.DateTimeParseException;","lastModifiedDate":"2025-08-20T23:07:04","isFullCredit":false},{"lineNumber":8,"author":{"gitId":"jvvvstin"},"content":"","lastModifiedDate":"2025-08-20T23:07:04","isFullCredit":false},{"lineNumber":9,"author":{"gitId":"jvvvstin"},"content":"public class DateTimeFormatUtils {","lastModifiedDate":"2025-08-20T23:07:04","isFullCredit":false},{"lineNumber":10,"author":{"gitId":"jvvvstin"},"content":"    private static final DateTimeFormatter FORMATTER_1 \u003d DateTimeFormatter.ofPattern(\"yyyy-MM-dd HHmm\");","lastModifiedDate":"2025-08-20T23:07:04","isFullCredit":false},{"lineNumber":11,"author":{"gitId":"jvvvstin"},"content":"    private static final DateTimeFormatter FORMATTER_2 \u003d DateTimeFormatter.ofPattern(\"d/M/yyyy HHmm\");","lastModifiedDate":"2025-08-20T23:07:04","isFullCredit":false},{"lineNumber":12,"author":{"gitId":"jvvvstin"},"content":"    private static final String OUTPUT_FORMAT \u003d \"MMM dd yyyy HHmm\";","lastModifiedDate":"2025-08-20T23:07:04","isFullCredit":false},{"lineNumber":13,"author":{"gitId":"jvvvstin"},"content":"","lastModifiedDate":"2025-08-20T23:07:04","isFullCredit":false},{"lineNumber":14,"author":{"gitId":"jvvvstin"},"content":"    public static LocalDateTime getLocalDateTimeFromString(String dateTimeString) throws ButtercupException {","lastModifiedDate":"2025-08-20T23:07:04","isFullCredit":false},{"lineNumber":15,"author":{"gitId":"jvvvstin"},"content":"        try {","lastModifiedDate":"2025-08-20T23:07:04","isFullCredit":false},{"lineNumber":16,"author":{"gitId":"jvvvstin"},"content":"            return LocalDateTime.parse(dateTimeString, FORMATTER_1);","lastModifiedDate":"2025-08-20T23:07:04","isFullCredit":false},{"lineNumber":17,"author":{"gitId":"jvvvstin"},"content":"        } catch (DateTimeParseException e) {","lastModifiedDate":"2025-08-20T23:07:04","isFullCredit":false},{"lineNumber":18,"author":{"gitId":"jvvvstin"},"content":"            // ignore and try next format","lastModifiedDate":"2025-08-20T23:07:04","isFullCredit":false},{"lineNumber":19,"author":{"gitId":"jvvvstin"},"content":"        }","lastModifiedDate":"2025-08-20T23:07:04","isFullCredit":false},{"lineNumber":20,"author":{"gitId":"jvvvstin"},"content":"        try {","lastModifiedDate":"2025-08-20T23:07:04","isFullCredit":false},{"lineNumber":21,"author":{"gitId":"jvvvstin"},"content":"            return LocalDateTime.parse(dateTimeString, FORMATTER_2);","lastModifiedDate":"2025-08-20T23:07:04","isFullCredit":false},{"lineNumber":22,"author":{"gitId":"jvvvstin"},"content":"        } catch (DateTimeParseException e) {","lastModifiedDate":"2025-08-20T23:07:04","isFullCredit":false},{"lineNumber":23,"author":{"gitId":"jvvvstin"},"content":"            // ignore","lastModifiedDate":"2025-08-20T23:07:04","isFullCredit":false},{"lineNumber":24,"author":{"gitId":"jvvvstin"},"content":"            throw new ButtercupException(\"Invalid date time format. Please use date formats like \u0027yyyy-MM-dd HHmm\u0027 \" +","lastModifiedDate":"2025-08-20T23:07:04","isFullCredit":false},{"lineNumber":25,"author":{"gitId":"jvvvstin"},"content":"                    \"(e.g. 2019-09-15 1800) or \u0027d/M/yyyy HHmm\u0027 (e.g. 13/9/2015 1800)\");","lastModifiedDate":"2025-08-20T23:07:04","isFullCredit":false},{"lineNumber":26,"author":{"gitId":"jvvvstin"},"content":"        }","lastModifiedDate":"2025-08-20T23:07:04","isFullCredit":false},{"lineNumber":27,"author":{"gitId":"jvvvstin"},"content":"    }","lastModifiedDate":"2025-08-20T23:07:04","isFullCredit":false},{"lineNumber":28,"author":{"gitId":"jvvvstin"},"content":"","lastModifiedDate":"2025-08-20T23:07:04","isFullCredit":false},{"lineNumber":29,"author":{"gitId":"jvvvstin"},"content":"    public static String formatDateTime(LocalDateTime dateTime) {","lastModifiedDate":"2025-08-20T23:07:04","isFullCredit":false},{"lineNumber":30,"author":{"gitId":"jvvvstin"},"content":"        return dateTime.format(DateTimeFormatter.ofPattern(OUTPUT_FORMAT));","lastModifiedDate":"2025-08-20T23:07:04","isFullCredit":false},{"lineNumber":31,"author":{"gitId":"jvvvstin"},"content":"    }","lastModifiedDate":"2025-08-20T23:07:04","isFullCredit":false},{"lineNumber":32,"author":{"gitId":"jvvvstin"},"content":"}","lastModifiedDate":"2025-08-20T23:07:04","isFullCredit":false}],"authorContributionMap":{"jvvvstin":32}},{"path":"text-ui-test/input.txt","fileType":"txt","lines":[{"lineNumber":1,"author":{"gitId":"jvvvstin"},"content":"list","lastModifiedDate":"2025-08-16T16:03:19","isFullCredit":false},{"lineNumber":2,"author":{"gitId":"jvvvstin"},"content":"mark 1","lastModifiedDate":"2025-08-16T16:03:19","isFullCredit":false},{"lineNumber":3,"author":{"gitId":"jvvvstin"},"content":"todo read book","lastModifiedDate":"2025-08-16T09:21:10","isFullCredit":false},{"lineNumber":4,"author":{"gitId":"jvvvstin"},"content":"deadline","lastModifiedDate":"2025-08-16T16:03:19","isFullCredit":false},{"lineNumber":5,"author":{"gitId":"jvvvstin"},"content":"deadline return book by June 6th","lastModifiedDate":"2025-08-16T16:03:19","isFullCredit":false},{"lineNumber":6,"author":{"gitId":"jvvvstin"},"content":"deadline /by June 6th","lastModifiedDate":"2025-08-16T16:03:19","isFullCredit":false},{"lineNumber":7,"author":{"gitId":"jvvvstin"},"content":"deadline return book /by","lastModifiedDate":"2025-08-16T16:03:19","isFullCredit":false},{"lineNumber":8,"author":{"gitId":"jvvvstin"},"content":"deadline /by June 6th","lastModifiedDate":"2025-08-16T16:03:19","isFullCredit":false},{"lineNumber":9,"author":{"gitId":"jvvvstin"},"content":"deadline return book /by June 6th","lastModifiedDate":"2025-08-16T09:21:10","isFullCredit":false},{"lineNumber":10,"author":{"gitId":"jvvvstin"},"content":"event","lastModifiedDate":"2025-08-16T16:03:19","isFullCredit":false},{"lineNumber":11,"author":{"gitId":"jvvvstin"},"content":"event project meeting from Aug 6th 2pm to 4pm","lastModifiedDate":"2025-08-16T16:03:19","isFullCredit":false},{"lineNumber":12,"author":{"gitId":"jvvvstin"},"content":"event /from /to","lastModifiedDate":"2025-08-16T16:03:19","isFullCredit":false},{"lineNumber":13,"author":{"gitId":"jvvvstin"},"content":"event project meeting /from /to","lastModifiedDate":"2025-08-16T16:03:19","isFullCredit":false},{"lineNumber":14,"author":{"gitId":"jvvvstin"},"content":"event project meeting /from Aug 6th 2pm /to","lastModifiedDate":"2025-08-16T16:03:19","isFullCredit":false},{"lineNumber":15,"author":{"gitId":"jvvvstin"},"content":"event project meeting /from /to 4pm","lastModifiedDate":"2025-08-16T16:03:19","isFullCredit":false},{"lineNumber":16,"author":{"gitId":"jvvvstin"},"content":"event project meeting /from Aug 6th 2pm /to 4pm","lastModifiedDate":"2025-08-16T09:21:10","isFullCredit":false},{"lineNumber":17,"author":{"gitId":"jvvvstin"},"content":"list","lastModifiedDate":"2025-08-16T09:21:10","isFullCredit":false},{"lineNumber":18,"author":{"gitId":"jvvvstin"},"content":"mark abc","lastModifiedDate":"2025-08-16T16:03:19","isFullCredit":false},{"lineNumber":19,"author":{"gitId":"jvvvstin"},"content":"mark -1","lastModifiedDate":"2025-08-16T16:03:19","isFullCredit":false},{"lineNumber":20,"author":{"gitId":"jvvvstin"},"content":"mark 0","lastModifiedDate":"2025-08-16T16:03:19","isFullCredit":false},{"lineNumber":21,"author":{"gitId":"jvvvstin"},"content":"mark 2","lastModifiedDate":"2025-08-16T09:21:10","isFullCredit":false},{"lineNumber":22,"author":{"gitId":"jvvvstin"},"content":"list","lastModifiedDate":"2025-08-16T09:21:10","isFullCredit":false},{"lineNumber":23,"author":{"gitId":"jvvvstin"},"content":"unmark abc","lastModifiedDate":"2025-08-16T16:03:19","isFullCredit":false},{"lineNumber":24,"author":{"gitId":"jvvvstin"},"content":"unmark -1","lastModifiedDate":"2025-08-16T16:03:19","isFullCredit":false},{"lineNumber":25,"author":{"gitId":"jvvvstin"},"content":"unmark 0","lastModifiedDate":"2025-08-16T16:03:19","isFullCredit":false},{"lineNumber":26,"author":{"gitId":"jvvvstin"},"content":"unmark 2","lastModifiedDate":"2025-08-16T09:21:10","isFullCredit":false},{"lineNumber":27,"author":{"gitId":"jvvvstin"},"content":"list","lastModifiedDate":"2025-08-16T09:21:10","isFullCredit":false},{"lineNumber":28,"author":{"gitId":"jvvvstin"},"content":"delete -1","lastModifiedDate":"2025-08-16T17:55:38","isFullCredit":false},{"lineNumber":29,"author":{"gitId":"jvvvstin"},"content":"delete 0","lastModifiedDate":"2025-08-16T17:55:38","isFullCredit":false},{"lineNumber":30,"author":{"gitId":"jvvvstin"},"content":"delete 2","lastModifiedDate":"2025-08-16T17:55:38","isFullCredit":false},{"lineNumber":31,"author":{"gitId":"jvvvstin"},"content":"list","lastModifiedDate":"2025-08-16T17:55:38","isFullCredit":false},{"lineNumber":32,"author":{"gitId":"jvvvstin"},"content":"wrong command","lastModifiedDate":"2025-08-16T09:21:10","isFullCredit":false},{"lineNumber":33,"author":{"gitId":"jvvvstin"},"content":"bye","lastModifiedDate":"2025-08-16T09:21:10","isFullCredit":false}],"authorContributionMap":{"jvvvstin":33}},{"path":"text-ui-test/runtest.sh","fileType":"sh","lines":[{"lineNumber":1,"author":{"gitId":"-"},"content":"#!/usr/bin/env bash","lastModifiedDate":"2020-05-25T00:03:55","isFullCredit":false},{"lineNumber":2,"author":{"gitId":"-"},"content":"","lastModifiedDate":"2020-05-25T00:03:55","isFullCredit":false},{"lineNumber":3,"author":{"gitId":"-"},"content":"# create bin directory if it doesn\u0027t exist","lastModifiedDate":"2020-05-25T00:03:55","isFullCredit":false},{"lineNumber":4,"author":{"gitId":"-"},"content":"if [ ! -d \"../bin\" ]","lastModifiedDate":"2020-05-25T00:03:55","isFullCredit":false},{"lineNumber":5,"author":{"gitId":"-"},"content":"then","lastModifiedDate":"2020-05-25T00:03:55","isFullCredit":false},{"lineNumber":6,"author":{"gitId":"-"},"content":"    mkdir ../bin","lastModifiedDate":"2020-05-25T00:03:55","isFullCredit":false},{"lineNumber":7,"author":{"gitId":"-"},"content":"fi","lastModifiedDate":"2020-05-25T00:03:55","isFullCredit":false},{"lineNumber":8,"author":{"gitId":"-"},"content":"","lastModifiedDate":"2020-05-25T00:03:55","isFullCredit":false},{"lineNumber":9,"author":{"gitId":"-"},"content":"# delete output from previous run","lastModifiedDate":"2020-05-25T00:03:55","isFullCredit":false},{"lineNumber":10,"author":{"gitId":"-"},"content":"if [ -e \"./ACTUAL.TXT\" ]","lastModifiedDate":"2020-05-25T00:03:55","isFullCredit":false},{"lineNumber":11,"author":{"gitId":"-"},"content":"then","lastModifiedDate":"2020-05-25T00:03:55","isFullCredit":false},{"lineNumber":12,"author":{"gitId":"-"},"content":"    rm ACTUAL.TXT","lastModifiedDate":"2020-05-25T00:03:55","isFullCredit":false},{"lineNumber":13,"author":{"gitId":"-"},"content":"fi","lastModifiedDate":"2020-05-25T00:03:55","isFullCredit":false},{"lineNumber":14,"author":{"gitId":"-"},"content":"","lastModifiedDate":"2020-05-25T00:03:55","isFullCredit":false},{"lineNumber":15,"author":{"gitId":"-"},"content":"# compile the code into the bin folder, terminates if error occurred","lastModifiedDate":"2020-05-25T00:03:55","isFullCredit":false},{"lineNumber":16,"author":{"gitId":"-"},"content":"if ! javac -cp ../src/main/java -Xlint:none -d ../bin ../src/main/java/*.java","lastModifiedDate":"2020-08-25T17:23:26","isFullCredit":false},{"lineNumber":17,"author":{"gitId":"-"},"content":"then","lastModifiedDate":"2020-05-25T00:03:55","isFullCredit":false},{"lineNumber":18,"author":{"gitId":"-"},"content":"    echo \"********** BUILD FAILURE **********\"","lastModifiedDate":"2020-05-25T00:03:55","isFullCredit":false},{"lineNumber":19,"author":{"gitId":"-"},"content":"    exit 1","lastModifiedDate":"2020-05-25T00:03:55","isFullCredit":false},{"lineNumber":20,"author":{"gitId":"-"},"content":"fi","lastModifiedDate":"2020-05-25T00:03:55","isFullCredit":false},{"lineNumber":21,"author":{"gitId":"-"},"content":"","lastModifiedDate":"2020-05-25T00:03:55","isFullCredit":false},{"lineNumber":22,"author":{"gitId":"-"},"content":"# run the program, feed commands from input.txt file and redirect the output to the ACTUAL.TXT","lastModifiedDate":"2020-05-25T00:03:55","isFullCredit":false},{"lineNumber":23,"author":{"gitId":"jvvvstin"},"content":"java -classpath ../bin Buttercup \u003c input.txt \u003e ACTUAL.TXT","lastModifiedDate":"2025-08-16T09:21:10","isFullCredit":false},{"lineNumber":24,"author":{"gitId":"-"},"content":"","lastModifiedDate":"2020-05-25T00:03:55","isFullCredit":false},{"lineNumber":25,"author":{"gitId":"-"},"content":"# convert to UNIX format","lastModifiedDate":"2020-05-25T00:03:55","isFullCredit":false},{"lineNumber":26,"author":{"gitId":"-"},"content":"cp EXPECTED.TXT EXPECTED-UNIX.TXT","lastModifiedDate":"2020-05-25T00:03:55","isFullCredit":false},{"lineNumber":27,"author":{"gitId":"-"},"content":"dos2unix ACTUAL.TXT EXPECTED-UNIX.TXT","lastModifiedDate":"2020-05-25T00:03:55","isFullCredit":false},{"lineNumber":28,"author":{"gitId":"-"},"content":"","lastModifiedDate":"2020-05-25T00:03:55","isFullCredit":false},{"lineNumber":29,"author":{"gitId":"-"},"content":"# compare the output to the expected output","lastModifiedDate":"2020-05-25T00:03:55","isFullCredit":false},{"lineNumber":30,"author":{"gitId":"-"},"content":"diff ACTUAL.TXT EXPECTED-UNIX.TXT","lastModifiedDate":"2020-05-25T00:03:55","isFullCredit":false},{"lineNumber":31,"author":{"gitId":"-"},"content":"if [ $? -eq 0 ]","lastModifiedDate":"2020-05-25T00:03:55","isFullCredit":false},{"lineNumber":32,"author":{"gitId":"-"},"content":"then","lastModifiedDate":"2020-05-25T00:03:55","isFullCredit":false},{"lineNumber":33,"author":{"gitId":"-"},"content":"    echo \"Test result: PASSED\"","lastModifiedDate":"2020-05-25T00:03:55","isFullCredit":false},{"lineNumber":34,"author":{"gitId":"-"},"content":"    exit 0","lastModifiedDate":"2020-05-25T00:03:55","isFullCredit":false},{"lineNumber":35,"author":{"gitId":"-"},"content":"else","lastModifiedDate":"2020-05-25T00:03:55","isFullCredit":false},{"lineNumber":36,"author":{"gitId":"-"},"content":"    echo \"Test result: FAILED\"","lastModifiedDate":"2020-05-25T00:03:55","isFullCredit":false},{"lineNumber":37,"author":{"gitId":"-"},"content":"    exit 1","lastModifiedDate":"2020-05-25T00:03:55","isFullCredit":false},{"lineNumber":38,"author":{"gitId":"-"},"content":"fi","lastModifiedDate":"2020-05-25T00:03:55","isFullCredit":false}],"authorContributionMap":{"-":37,"jvvvstin":1}}]
