[{"path":"src/main/java/CustomList.java","fileType":"java","lines":[{"lineNumber":1,"author":{"gitId":"TheresiaOng"},"content":"import java.util.ArrayList;","lastModifiedDate":"2025-08-18T19:40:18","isFullCredit":false},{"lineNumber":2,"author":{"gitId":"TheresiaOng"},"content":"import java.util.List;","lastModifiedDate":"2025-08-18T19:40:18","isFullCredit":false},{"lineNumber":3,"author":{"gitId":"TheresiaOng"},"content":"","lastModifiedDate":"2025-08-18T19:40:18","isFullCredit":false},{"lineNumber":4,"author":{"gitId":"TheresiaOng"},"content":"public class CustomList {","lastModifiedDate":"2025-08-18T19:40:18","isFullCredit":false},{"lineNumber":5,"author":{"gitId":"TheresiaOng"},"content":"    private List\u003cTask\u003e list;","lastModifiedDate":"2025-08-18T20:32:23","isFullCredit":false},{"lineNumber":6,"author":{"gitId":"TheresiaOng"},"content":"","lastModifiedDate":"2025-08-18T19:40:18","isFullCredit":false},{"lineNumber":7,"author":{"gitId":"TheresiaOng"},"content":"    public CustomList() {","lastModifiedDate":"2025-08-18T19:40:18","isFullCredit":false},{"lineNumber":8,"author":{"gitId":"TheresiaOng"},"content":"        this.list \u003d new ArrayList\u003c\u003e();","lastModifiedDate":"2025-08-18T19:40:18","isFullCredit":false},{"lineNumber":9,"author":{"gitId":"TheresiaOng"},"content":"    }","lastModifiedDate":"2025-08-18T19:40:18","isFullCredit":false},{"lineNumber":10,"author":{"gitId":"TheresiaOng"},"content":"","lastModifiedDate":"2025-08-18T19:40:18","isFullCredit":false},{"lineNumber":11,"author":{"gitId":"TheresiaOng"},"content":"    public void add(Task task) {","lastModifiedDate":"2025-08-18T21:50:45","isFullCredit":false},{"lineNumber":12,"author":{"gitId":"TheresiaOng"},"content":"        this.list.add(task);","lastModifiedDate":"2025-08-18T21:50:45","isFullCredit":false},{"lineNumber":13,"author":{"gitId":"TheresiaOng"},"content":"        int size \u003d this.list.size();","lastModifiedDate":"2025-08-19T10:51:50","isFullCredit":false},{"lineNumber":14,"author":{"gitId":"TheresiaOng"},"content":"","lastModifiedDate":"2025-08-19T10:51:50","isFullCredit":false},{"lineNumber":15,"author":{"gitId":"TheresiaOng"},"content":"        System.out.println(Katsu.INDENT + \"Quack! I\u0027ve added the task below to your list:\");","lastModifiedDate":"2025-08-19T10:51:50","isFullCredit":false},{"lineNumber":16,"author":{"gitId":"TheresiaOng"},"content":"        System.out.println(Katsu.INDENT + \"  \" + task.printTask());","lastModifiedDate":"2025-08-19T10:51:50","isFullCredit":false},{"lineNumber":17,"author":{"gitId":"TheresiaOng"},"content":"","lastModifiedDate":"2025-08-19T10:51:50","isFullCredit":false},{"lineNumber":18,"author":{"gitId":"TheresiaOng"},"content":"        if (size \u003d\u003d 1) {","lastModifiedDate":"2025-08-19T10:51:50","isFullCredit":false},{"lineNumber":19,"author":{"gitId":"TheresiaOng"},"content":"            System.out.println(Katsu.INDENT + \"You now have 1 task in the list.\");","lastModifiedDate":"2025-08-19T10:51:50","isFullCredit":false},{"lineNumber":20,"author":{"gitId":"TheresiaOng"},"content":"        } else {","lastModifiedDate":"2025-08-19T10:51:50","isFullCredit":false},{"lineNumber":21,"author":{"gitId":"TheresiaOng"},"content":"            System.out.println(Katsu.INDENT + \"You now have \" + size + \" tasks in the list.\");","lastModifiedDate":"2025-08-19T10:51:50","isFullCredit":false},{"lineNumber":22,"author":{"gitId":"TheresiaOng"},"content":"        }","lastModifiedDate":"2025-08-19T10:51:50","isFullCredit":false},{"lineNumber":23,"author":{"gitId":"TheresiaOng"},"content":"    }","lastModifiedDate":"2025-08-18T19:40:18","isFullCredit":false},{"lineNumber":24,"author":{"gitId":"TheresiaOng"},"content":"","lastModifiedDate":"2025-08-18T19:40:18","isFullCredit":false},{"lineNumber":25,"author":{"gitId":"TheresiaOng"},"content":"    public void markCompleted(String num) {","lastModifiedDate":"2025-08-18T20:10:27","isFullCredit":false},{"lineNumber":26,"author":{"gitId":"TheresiaOng"},"content":"        int index \u003d Integer.parseInt(num) - 1;","lastModifiedDate":"2025-08-18T20:10:27","isFullCredit":false},{"lineNumber":27,"author":{"gitId":"TheresiaOng"},"content":"","lastModifiedDate":"2025-08-18T20:10:27","isFullCredit":false},{"lineNumber":28,"author":{"gitId":"TheresiaOng"},"content":"        Task currTask \u003d this.list.get(index);","lastModifiedDate":"2025-08-18T20:10:27","isFullCredit":false},{"lineNumber":29,"author":{"gitId":"TheresiaOng"},"content":"        currTask.markCompleted();","lastModifiedDate":"2025-08-18T20:10:27","isFullCredit":false},{"lineNumber":30,"author":{"gitId":"TheresiaOng"},"content":"","lastModifiedDate":"2025-08-18T20:10:27","isFullCredit":false},{"lineNumber":31,"author":{"gitId":"TheresiaOng"},"content":"        System.out.println(Katsu.INDENT + \"Quack! I have  marked this task as done:\");","lastModifiedDate":"2025-08-18T20:10:27","isFullCredit":false},{"lineNumber":32,"author":{"gitId":"TheresiaOng"},"content":"        System.out.println(Katsu.INDENT + \"  \" + currTask.printTask());","lastModifiedDate":"2025-08-18T20:10:27","isFullCredit":false},{"lineNumber":33,"author":{"gitId":"TheresiaOng"},"content":"    }","lastModifiedDate":"2025-08-18T20:10:27","isFullCredit":false},{"lineNumber":34,"author":{"gitId":"TheresiaOng"},"content":"","lastModifiedDate":"2025-08-18T20:10:27","isFullCredit":false},{"lineNumber":35,"author":{"gitId":"TheresiaOng"},"content":"    public void markUncompleted(String num) {","lastModifiedDate":"2025-08-18T20:10:27","isFullCredit":false},{"lineNumber":36,"author":{"gitId":"TheresiaOng"},"content":"        int index \u003d Integer.parseInt(num) - 1;","lastModifiedDate":"2025-08-18T20:10:27","isFullCredit":false},{"lineNumber":37,"author":{"gitId":"TheresiaOng"},"content":"","lastModifiedDate":"2025-08-18T20:10:27","isFullCredit":false},{"lineNumber":38,"author":{"gitId":"TheresiaOng"},"content":"        Task currTask \u003d this.list.get(index);","lastModifiedDate":"2025-08-18T20:10:27","isFullCredit":false},{"lineNumber":39,"author":{"gitId":"TheresiaOng"},"content":"        currTask.markUncompleted();","lastModifiedDate":"2025-08-18T20:10:27","isFullCredit":false},{"lineNumber":40,"author":{"gitId":"TheresiaOng"},"content":"","lastModifiedDate":"2025-08-18T20:10:27","isFullCredit":false},{"lineNumber":41,"author":{"gitId":"TheresiaOng"},"content":"        System.out.println(Katsu.INDENT + \"Quack! I have  marked this task as not done yet:\");","lastModifiedDate":"2025-08-18T20:10:27","isFullCredit":false},{"lineNumber":42,"author":{"gitId":"TheresiaOng"},"content":"        System.out.println(Katsu.INDENT + \"  \" + currTask.printTask());","lastModifiedDate":"2025-08-18T20:10:27","isFullCredit":false},{"lineNumber":43,"author":{"gitId":"TheresiaOng"},"content":"    }","lastModifiedDate":"2025-08-18T20:10:27","isFullCredit":false},{"lineNumber":44,"author":{"gitId":"TheresiaOng"},"content":"","lastModifiedDate":"2025-08-18T20:10:27","isFullCredit":false},{"lineNumber":45,"author":{"gitId":"TheresiaOng"},"content":"    public void deleteTask(String num) {","lastModifiedDate":"2025-08-19T10:51:50","isFullCredit":false},{"lineNumber":46,"author":{"gitId":"TheresiaOng"},"content":"        int index \u003d Integer.parseInt(num) - 1;","lastModifiedDate":"2025-08-19T10:51:50","isFullCredit":false},{"lineNumber":47,"author":{"gitId":"TheresiaOng"},"content":"","lastModifiedDate":"2025-08-19T10:51:50","isFullCredit":false},{"lineNumber":48,"author":{"gitId":"TheresiaOng"},"content":"        Task currTask \u003d this.list.get(index);","lastModifiedDate":"2025-08-19T10:51:50","isFullCredit":false},{"lineNumber":49,"author":{"gitId":"TheresiaOng"},"content":"        this.list.remove(index);","lastModifiedDate":"2025-08-19T10:51:50","isFullCredit":false},{"lineNumber":50,"author":{"gitId":"TheresiaOng"},"content":"        int size \u003d this.list.size();","lastModifiedDate":"2025-08-19T10:51:50","isFullCredit":false},{"lineNumber":51,"author":{"gitId":"TheresiaOng"},"content":"","lastModifiedDate":"2025-08-19T10:51:50","isFullCredit":false},{"lineNumber":52,"author":{"gitId":"TheresiaOng"},"content":"        System.out.println(Katsu.INDENT + \"Quack! I\u0027ve removed the task below from your list:\");","lastModifiedDate":"2025-08-19T10:51:50","isFullCredit":false},{"lineNumber":53,"author":{"gitId":"TheresiaOng"},"content":"        System.out.println(Katsu.INDENT + \"  \" + currTask.printTask());","lastModifiedDate":"2025-08-19T10:51:50","isFullCredit":false},{"lineNumber":54,"author":{"gitId":"TheresiaOng"},"content":"","lastModifiedDate":"2025-08-19T10:51:50","isFullCredit":false},{"lineNumber":55,"author":{"gitId":"TheresiaOng"},"content":"        if (size \u003d\u003d 0) {","lastModifiedDate":"2025-08-19T10:51:50","isFullCredit":false},{"lineNumber":56,"author":{"gitId":"TheresiaOng"},"content":"            System.out.println(Katsu.INDENT + \"You have no more task in the list.\");","lastModifiedDate":"2025-08-19T10:51:50","isFullCredit":false},{"lineNumber":57,"author":{"gitId":"TheresiaOng"},"content":"        } else if (size \u003d\u003d 1){","lastModifiedDate":"2025-08-19T10:51:50","isFullCredit":false},{"lineNumber":58,"author":{"gitId":"TheresiaOng"},"content":"            System.out.println(Katsu.INDENT + \"You now have 1 task in the list.\");","lastModifiedDate":"2025-08-19T10:51:50","isFullCredit":false},{"lineNumber":59,"author":{"gitId":"TheresiaOng"},"content":"        } else {","lastModifiedDate":"2025-08-19T10:51:50","isFullCredit":false},{"lineNumber":60,"author":{"gitId":"TheresiaOng"},"content":"            System.out.println(Katsu.INDENT + \"You now have \" + size + \" tasks in the list.\");","lastModifiedDate":"2025-08-19T10:51:50","isFullCredit":false},{"lineNumber":61,"author":{"gitId":"TheresiaOng"},"content":"        }","lastModifiedDate":"2025-08-19T10:51:50","isFullCredit":false},{"lineNumber":62,"author":{"gitId":"TheresiaOng"},"content":"    }","lastModifiedDate":"2025-08-19T10:51:50","isFullCredit":false},{"lineNumber":63,"author":{"gitId":"TheresiaOng"},"content":"","lastModifiedDate":"2025-08-19T10:51:50","isFullCredit":false},{"lineNumber":64,"author":{"gitId":"TheresiaOng"},"content":"    public void printList() {","lastModifiedDate":"2025-08-18T19:40:18","isFullCredit":false},{"lineNumber":65,"author":{"gitId":"TheresiaOng"},"content":"        int size \u003d this.list.size();","lastModifiedDate":"2025-08-18T19:40:18","isFullCredit":false},{"lineNumber":66,"author":{"gitId":"TheresiaOng"},"content":"","lastModifiedDate":"2025-08-18T19:40:18","isFullCredit":false},{"lineNumber":67,"author":{"gitId":"TheresiaOng"},"content":"        System.out.println(Katsu.INDENT + \"Here is all of your task, Quack!\");","lastModifiedDate":"2025-08-18T19:44:12","isFullCredit":false},{"lineNumber":68,"author":{"gitId":"TheresiaOng"},"content":"        for(int i \u003d 0; i \u003c size; i++) {","lastModifiedDate":"2025-08-18T19:40:18","isFullCredit":false},{"lineNumber":69,"author":{"gitId":"TheresiaOng"},"content":"            int index \u003d i + 1;","lastModifiedDate":"2025-08-18T19:40:18","isFullCredit":false},{"lineNumber":70,"author":{"gitId":"TheresiaOng"},"content":"            System.out.println(Katsu.INDENT + index + \".\" + this.list.get(i).printTask());","lastModifiedDate":"2025-08-18T20:10:27","isFullCredit":false},{"lineNumber":71,"author":{"gitId":"TheresiaOng"},"content":"        }","lastModifiedDate":"2025-08-18T19:40:18","isFullCredit":false},{"lineNumber":72,"author":{"gitId":"TheresiaOng"},"content":"    }","lastModifiedDate":"2025-08-18T19:40:18","isFullCredit":false},{"lineNumber":73,"author":{"gitId":"TheresiaOng"},"content":"","lastModifiedDate":"2025-08-19T10:51:50","isFullCredit":false},{"lineNumber":74,"author":{"gitId":"TheresiaOng"},"content":"    public boolean isEmpty() {","lastModifiedDate":"2025-08-19T10:51:50","isFullCredit":false},{"lineNumber":75,"author":{"gitId":"TheresiaOng"},"content":"        return this.list.isEmpty();","lastModifiedDate":"2025-08-19T10:51:50","isFullCredit":false},{"lineNumber":76,"author":{"gitId":"TheresiaOng"},"content":"    }","lastModifiedDate":"2025-08-19T10:51:50","isFullCredit":false},{"lineNumber":77,"author":{"gitId":"TheresiaOng"},"content":"}","lastModifiedDate":"2025-08-18T19:40:18","isFullCredit":false}],"authorContributionMap":{"TheresiaOng":77}},{"path":"src/main/java/Deadline.java","fileType":"java","lines":[{"lineNumber":1,"author":{"gitId":"TheresiaOng"},"content":"public class Deadline extends Task {","lastModifiedDate":"2025-08-18T21:50:45","isFullCredit":false},{"lineNumber":2,"author":{"gitId":"TheresiaOng"},"content":"    private static final String label \u003d \"[D]\";","lastModifiedDate":"2025-08-18T21:50:45","isFullCredit":false},{"lineNumber":3,"author":{"gitId":"TheresiaOng"},"content":"    private String deadline;","lastModifiedDate":"2025-08-18T21:50:45","isFullCredit":false},{"lineNumber":4,"author":{"gitId":"TheresiaOng"},"content":"","lastModifiedDate":"2025-08-18T21:50:45","isFullCredit":false},{"lineNumber":5,"author":{"gitId":"TheresiaOng"},"content":"    public Deadline(String task, String deadline) {","lastModifiedDate":"2025-08-18T21:50:45","isFullCredit":false},{"lineNumber":6,"author":{"gitId":"TheresiaOng"},"content":"        super(task);","lastModifiedDate":"2025-08-18T21:50:45","isFullCredit":false},{"lineNumber":7,"author":{"gitId":"TheresiaOng"},"content":"        this.deadline \u003d deadline;","lastModifiedDate":"2025-08-18T21:50:45","isFullCredit":false},{"lineNumber":8,"author":{"gitId":"TheresiaOng"},"content":"    }","lastModifiedDate":"2025-08-18T21:50:45","isFullCredit":false},{"lineNumber":9,"author":{"gitId":"TheresiaOng"},"content":"","lastModifiedDate":"2025-08-18T21:50:45","isFullCredit":false},{"lineNumber":10,"author":{"gitId":"TheresiaOng"},"content":"    public String printTask() {","lastModifiedDate":"2025-08-18T21:50:45","isFullCredit":false},{"lineNumber":11,"author":{"gitId":"TheresiaOng"},"content":"        return label + super.printTask() + \" (by: \" + this.deadline + \")\";","lastModifiedDate":"2025-08-18T21:50:45","isFullCredit":false},{"lineNumber":12,"author":{"gitId":"TheresiaOng"},"content":"    }","lastModifiedDate":"2025-08-18T21:50:45","isFullCredit":false},{"lineNumber":13,"author":{"gitId":"TheresiaOng"},"content":"}","lastModifiedDate":"2025-08-18T21:50:45","isFullCredit":false}],"authorContributionMap":{"TheresiaOng":13}},{"path":"src/main/java/Event.java","fileType":"java","lines":[{"lineNumber":1,"author":{"gitId":"TheresiaOng"},"content":"public class Event extends Task{","lastModifiedDate":"2025-08-18T22:16:05","isFullCredit":false},{"lineNumber":2,"author":{"gitId":"TheresiaOng"},"content":"    private static final String label \u003d \"[E]\";","lastModifiedDate":"2025-08-18T22:16:05","isFullCredit":false},{"lineNumber":3,"author":{"gitId":"TheresiaOng"},"content":"    private String startTime;","lastModifiedDate":"2025-08-18T22:16:05","isFullCredit":false},{"lineNumber":4,"author":{"gitId":"TheresiaOng"},"content":"    private String endTime;","lastModifiedDate":"2025-08-18T22:16:05","isFullCredit":false},{"lineNumber":5,"author":{"gitId":"TheresiaOng"},"content":"","lastModifiedDate":"2025-08-18T22:16:05","isFullCredit":false},{"lineNumber":6,"author":{"gitId":"TheresiaOng"},"content":"    public Event(String task, String startTime, String endTime) {","lastModifiedDate":"2025-08-18T22:16:05","isFullCredit":false},{"lineNumber":7,"author":{"gitId":"TheresiaOng"},"content":"        super(task);","lastModifiedDate":"2025-08-18T22:16:05","isFullCredit":false},{"lineNumber":8,"author":{"gitId":"TheresiaOng"},"content":"        this.startTime \u003d startTime;","lastModifiedDate":"2025-08-18T22:16:05","isFullCredit":false},{"lineNumber":9,"author":{"gitId":"TheresiaOng"},"content":"        this.endTime \u003d endTime;","lastModifiedDate":"2025-08-18T22:16:05","isFullCredit":false},{"lineNumber":10,"author":{"gitId":"TheresiaOng"},"content":"    }","lastModifiedDate":"2025-08-18T22:16:05","isFullCredit":false},{"lineNumber":11,"author":{"gitId":"TheresiaOng"},"content":"","lastModifiedDate":"2025-08-18T22:16:05","isFullCredit":false},{"lineNumber":12,"author":{"gitId":"TheresiaOng"},"content":"    public String printTask() {","lastModifiedDate":"2025-08-18T22:16:05","isFullCredit":false},{"lineNumber":13,"author":{"gitId":"TheresiaOng"},"content":"        return label + super.printTask() + \" (from: \" + this.startTime + \" to: \" + this.endTime + \")\";","lastModifiedDate":"2025-08-18T22:16:05","isFullCredit":false},{"lineNumber":14,"author":{"gitId":"TheresiaOng"},"content":"    }","lastModifiedDate":"2025-08-18T22:16:05","isFullCredit":false},{"lineNumber":15,"author":{"gitId":"TheresiaOng"},"content":"}","lastModifiedDate":"2025-08-18T22:16:05","isFullCredit":false}],"authorContributionMap":{"TheresiaOng":15}},{"path":"src/main/java/Katsu.java","fileType":"java","lines":[{"lineNumber":1,"author":{"gitId":"TheresiaOng"},"content":"import java.util.Arrays;","lastModifiedDate":"2025-08-18T21:50:45","isFullCredit":false},{"lineNumber":2,"author":{"gitId":"TheresiaOng"},"content":"import java.util.Objects;","lastModifiedDate":"2025-08-16T16:50:19","isFullCredit":false},{"lineNumber":3,"author":{"gitId":"TheresiaOng"},"content":"import java.util.Scanner;","lastModifiedDate":"2025-08-16T16:50:19","isFullCredit":false},{"lineNumber":4,"author":{"gitId":"TheresiaOng"},"content":"","lastModifiedDate":"2025-08-16T16:50:19","isFullCredit":false},{"lineNumber":5,"author":{"gitId":"TheresiaOng"},"content":"public class Katsu {","lastModifiedDate":"2025-08-16T16:27:30","isFullCredit":false},{"lineNumber":6,"author":{"gitId":"TheresiaOng"},"content":"    public static final String INDENT \u003d \"    \";","lastModifiedDate":"2025-08-18T19:40:18","isFullCredit":false},{"lineNumber":7,"author":{"gitId":"TheresiaOng"},"content":"    public static final String NAME \u003d \"Katsu the Duck\";","lastModifiedDate":"2025-08-18T20:32:23","isFullCredit":false},{"lineNumber":8,"author":{"gitId":"TheresiaOng"},"content":"    public static final String SEPARATOR \u003d Katsu.INDENT + \"____________________________________________________________\";","lastModifiedDate":"2025-08-18T20:32:23","isFullCredit":false},{"lineNumber":9,"author":{"gitId":"TheresiaOng"},"content":"    private boolean active;","lastModifiedDate":"2025-08-18T20:32:23","isFullCredit":false},{"lineNumber":10,"author":{"gitId":"TheresiaOng"},"content":"    CustomList list;","lastModifiedDate":"2025-08-18T21:50:45","isFullCredit":false},{"lineNumber":11,"author":{"gitId":"TheresiaOng"},"content":"","lastModifiedDate":"2025-08-18T19:40:18","isFullCredit":false},{"lineNumber":12,"author":{"gitId":"TheresiaOng"},"content":"    public static void main(String[] args) {","lastModifiedDate":"2025-08-23T22:00:50","isFullCredit":false},{"lineNumber":13,"author":{"gitId":"TheresiaOng"},"content":"        Katsu katsu \u003d new Katsu();","lastModifiedDate":"2025-08-23T22:00:50","isFullCredit":false},{"lineNumber":14,"author":{"gitId":"TheresiaOng"},"content":"        katsu.run();","lastModifiedDate":"2025-08-23T22:00:50","isFullCredit":false},{"lineNumber":15,"author":{"gitId":"TheresiaOng"},"content":"    }","lastModifiedDate":"2025-08-23T22:00:50","isFullCredit":false},{"lineNumber":16,"author":{"gitId":"TheresiaOng"},"content":"","lastModifiedDate":"2025-08-23T22:00:50","isFullCredit":false},{"lineNumber":17,"author":{"gitId":"TheresiaOng"},"content":"    public enum TaskType {","lastModifiedDate":"2025-08-19T10:58:54","isFullCredit":false},{"lineNumber":18,"author":{"gitId":"TheresiaOng"},"content":"        TODO, DEADLINE, EVENT","lastModifiedDate":"2025-08-19T10:58:54","isFullCredit":false},{"lineNumber":19,"author":{"gitId":"TheresiaOng"},"content":"    }","lastModifiedDate":"2025-08-19T10:58:54","isFullCredit":false},{"lineNumber":20,"author":{"gitId":"TheresiaOng"},"content":"","lastModifiedDate":"2025-08-19T10:58:54","isFullCredit":false},{"lineNumber":21,"author":{"gitId":"TheresiaOng"},"content":"    public Katsu() {","lastModifiedDate":"2025-08-23T22:00:50","isFullCredit":false},{"lineNumber":22,"author":{"gitId":"TheresiaOng"},"content":"        this.active \u003d true;","lastModifiedDate":"2025-08-23T22:00:50","isFullCredit":false},{"lineNumber":23,"author":{"gitId":"TheresiaOng"},"content":"        this.list \u003d new CustomList();","lastModifiedDate":"2025-08-23T22:00:50","isFullCredit":false},{"lineNumber":24,"author":{"gitId":"TheresiaOng"},"content":"    }","lastModifiedDate":"2025-08-23T22:00:50","isFullCredit":false},{"lineNumber":25,"author":{"gitId":"TheresiaOng"},"content":"","lastModifiedDate":"2025-08-18T20:10:27","isFullCredit":false},{"lineNumber":26,"author":{"gitId":"TheresiaOng"},"content":"    public void run() {","lastModifiedDate":"2025-08-23T22:00:50","isFullCredit":false},{"lineNumber":27,"author":{"gitId":"TheresiaOng"},"content":"        this.startingText();","lastModifiedDate":"2025-08-23T22:00:50","isFullCredit":false},{"lineNumber":28,"author":{"gitId":"TheresiaOng"},"content":"        Scanner scanner \u003d new Scanner(System.in);","lastModifiedDate":"2025-08-16T16:50:19","isFullCredit":false},{"lineNumber":29,"author":{"gitId":"TheresiaOng"},"content":"","lastModifiedDate":"2025-08-18T20:32:23","isFullCredit":false},{"lineNumber":30,"author":{"gitId":"TheresiaOng"},"content":"        while (this.active) {","lastModifiedDate":"2025-08-23T22:00:50","isFullCredit":false},{"lineNumber":31,"author":{"gitId":"TheresiaOng"},"content":"            String order \u003d scanner.nextLine();","lastModifiedDate":"2025-08-16T16:50:19","isFullCredit":false},{"lineNumber":32,"author":{"gitId":"TheresiaOng"},"content":"            this.handleCommand(order);","lastModifiedDate":"2025-08-23T22:00:50","isFullCredit":false},{"lineNumber":33,"author":{"gitId":"TheresiaOng"},"content":"        }","lastModifiedDate":"2025-08-23T22:00:50","isFullCredit":false},{"lineNumber":34,"author":{"gitId":"TheresiaOng"},"content":"    }","lastModifiedDate":"2025-08-23T22:00:50","isFullCredit":false},{"lineNumber":35,"author":{"gitId":"TheresiaOng"},"content":"","lastModifiedDate":"2025-08-18T20:10:27","isFullCredit":false},{"lineNumber":36,"author":{"gitId":"TheresiaOng"},"content":"    public void handleCommand(String order) {","lastModifiedDate":"2025-08-23T22:00:50","isFullCredit":false},{"lineNumber":37,"author":{"gitId":"TheresiaOng"},"content":"        if (order.isEmpty()) {","lastModifiedDate":"2025-08-18T20:10:27","isFullCredit":false},{"lineNumber":38,"author":{"gitId":"TheresiaOng"},"content":"            System.out.println(Katsu.SEPARATOR);","lastModifiedDate":"2025-08-18T20:32:23","isFullCredit":false},{"lineNumber":39,"author":{"gitId":"TheresiaOng"},"content":"            System.out.println(Katsu.INDENT + \"Quack! You need to write something!\\n\");","lastModifiedDate":"2025-08-18T20:10:27","isFullCredit":false},{"lineNumber":40,"author":{"gitId":"TheresiaOng"},"content":"            System.out.println(Katsu.INDENT + \"Here is some commands to help you:\");","lastModifiedDate":"2025-08-18T21:50:45","isFullCredit":false},{"lineNumber":41,"author":{"gitId":"TheresiaOng"},"content":"            this.allCommands();","lastModifiedDate":"2025-08-23T22:00:50","isFullCredit":false},{"lineNumber":42,"author":{"gitId":"TheresiaOng"},"content":"            System.out.println(Katsu.SEPARATOR + \"\\n\");","lastModifiedDate":"2025-08-18T20:32:23","isFullCredit":false},{"lineNumber":43,"author":{"gitId":"TheresiaOng"},"content":"            return;","lastModifiedDate":"2025-08-23T22:00:50","isFullCredit":false},{"lineNumber":44,"author":{"gitId":"TheresiaOng"},"content":"        }","lastModifiedDate":"2025-08-18T20:10:27","isFullCredit":false},{"lineNumber":45,"author":{"gitId":"TheresiaOng"},"content":"","lastModifiedDate":"2025-08-18T20:10:27","isFullCredit":false},{"lineNumber":46,"author":{"gitId":"TheresiaOng"},"content":"        // split words by empty space","lastModifiedDate":"2025-08-18T21:50:45","isFullCredit":false},{"lineNumber":47,"author":{"gitId":"TheresiaOng"},"content":"        String[] words \u003d order.split(\" \");","lastModifiedDate":"2025-08-18T20:10:27","isFullCredit":false},{"lineNumber":48,"author":{"gitId":"TheresiaOng"},"content":"        System.out.println(Katsu.SEPARATOR);","lastModifiedDate":"2025-08-18T20:32:23","isFullCredit":false},{"lineNumber":49,"author":{"gitId":"TheresiaOng"},"content":"","lastModifiedDate":"2025-08-16T16:50:19","isFullCredit":false},{"lineNumber":50,"author":{"gitId":"TheresiaOng"},"content":"        switch (words[0]) {","lastModifiedDate":"2025-08-23T22:00:50","isFullCredit":false},{"lineNumber":51,"author":{"gitId":"TheresiaOng"},"content":"            case \"bye\":","lastModifiedDate":"2025-08-23T22:00:50","isFullCredit":false},{"lineNumber":52,"author":{"gitId":"TheresiaOng"},"content":"                this.diactivate();","lastModifiedDate":"2025-08-23T22:00:50","isFullCredit":false},{"lineNumber":53,"author":{"gitId":"TheresiaOng"},"content":"                break;","lastModifiedDate":"2025-08-23T22:00:50","isFullCredit":false},{"lineNumber":54,"author":{"gitId":"TheresiaOng"},"content":"            case \"list\":","lastModifiedDate":"2025-08-23T22:00:50","isFullCredit":false},{"lineNumber":55,"author":{"gitId":"TheresiaOng"},"content":"            case \"ls\":","lastModifiedDate":"2025-08-23T22:00:50","isFullCredit":false},{"lineNumber":56,"author":{"gitId":"TheresiaOng"},"content":"                this.printList();","lastModifiedDate":"2025-08-23T22:00:50","isFullCredit":false},{"lineNumber":57,"author":{"gitId":"TheresiaOng"},"content":"                break;","lastModifiedDate":"2025-08-23T22:00:50","isFullCredit":false},{"lineNumber":58,"author":{"gitId":"TheresiaOng"},"content":"            case \"delete\":","lastModifiedDate":"2025-08-23T22:00:50","isFullCredit":false},{"lineNumber":59,"author":{"gitId":"TheresiaOng"},"content":"            case \"del\":","lastModifiedDate":"2025-08-23T22:00:50","isFullCredit":false},{"lineNumber":60,"author":{"gitId":"TheresiaOng"},"content":"                this.handleDelete(words);","lastModifiedDate":"2025-08-23T22:00:50","isFullCredit":false},{"lineNumber":61,"author":{"gitId":"TheresiaOng"},"content":"                break;","lastModifiedDate":"2025-08-23T22:00:50","isFullCredit":false},{"lineNumber":62,"author":{"gitId":"TheresiaOng"},"content":"            case \"mark\":","lastModifiedDate":"2025-08-23T22:00:50","isFullCredit":false},{"lineNumber":63,"author":{"gitId":"TheresiaOng"},"content":"            case \"unmark\":","lastModifiedDate":"2025-08-23T22:00:50","isFullCredit":false},{"lineNumber":64,"author":{"gitId":"TheresiaOng"},"content":"                this.handleMarking(words[0], words);","lastModifiedDate":"2025-08-23T22:00:50","isFullCredit":false},{"lineNumber":65,"author":{"gitId":"TheresiaOng"},"content":"                break;","lastModifiedDate":"2025-08-23T22:00:50","isFullCredit":false},{"lineNumber":66,"author":{"gitId":"TheresiaOng"},"content":"            case \"todo\":","lastModifiedDate":"2025-08-23T22:00:50","isFullCredit":false},{"lineNumber":67,"author":{"gitId":"TheresiaOng"},"content":"                this.addTask(words, TaskType.TODO);","lastModifiedDate":"2025-08-23T22:00:50","isFullCredit":false},{"lineNumber":68,"author":{"gitId":"TheresiaOng"},"content":"                break;","lastModifiedDate":"2025-08-23T22:00:50","isFullCredit":false},{"lineNumber":69,"author":{"gitId":"TheresiaOng"},"content":"            case \"deadline\":","lastModifiedDate":"2025-08-23T22:00:50","isFullCredit":false},{"lineNumber":70,"author":{"gitId":"TheresiaOng"},"content":"                this.addTask(words, TaskType.DEADLINE);","lastModifiedDate":"2025-08-23T22:00:50","isFullCredit":false},{"lineNumber":71,"author":{"gitId":"TheresiaOng"},"content":"                break;","lastModifiedDate":"2025-08-23T22:00:50","isFullCredit":false},{"lineNumber":72,"author":{"gitId":"TheresiaOng"},"content":"            case \"event\":","lastModifiedDate":"2025-08-23T22:00:50","isFullCredit":false},{"lineNumber":73,"author":{"gitId":"TheresiaOng"},"content":"                this.addTask(words, TaskType.EVENT);","lastModifiedDate":"2025-08-23T22:00:50","isFullCredit":false},{"lineNumber":74,"author":{"gitId":"TheresiaOng"},"content":"                break;","lastModifiedDate":"2025-08-23T22:00:50","isFullCredit":false},{"lineNumber":75,"author":{"gitId":"TheresiaOng"},"content":"            default:","lastModifiedDate":"2025-08-23T22:00:50","isFullCredit":false},{"lineNumber":76,"author":{"gitId":"TheresiaOng"},"content":"                System.out.println(Katsu.INDENT + \"Quack! Sorry, I\u0027m not sure what you meant... `•᷄ɞ•᷅\");","lastModifiedDate":"2025-08-19T10:30:18","isFullCredit":false},{"lineNumber":77,"author":{"gitId":"TheresiaOng"},"content":"        }","lastModifiedDate":"2025-08-16T16:50:19","isFullCredit":false},{"lineNumber":78,"author":{"gitId":"TheresiaOng"},"content":"","lastModifiedDate":"2025-08-16T16:50:19","isFullCredit":false},{"lineNumber":79,"author":{"gitId":"TheresiaOng"},"content":"        System.out.println(Katsu.SEPARATOR + \"\\n\");","lastModifiedDate":"2025-08-18T20:32:23","isFullCredit":false},{"lineNumber":80,"author":{"gitId":"TheresiaOng"},"content":"    }","lastModifiedDate":"2025-08-18T20:32:23","isFullCredit":false},{"lineNumber":81,"author":{"gitId":"TheresiaOng"},"content":"","lastModifiedDate":"2025-08-18T21:50:45","isFullCredit":false},{"lineNumber":82,"author":{"gitId":"TheresiaOng"},"content":"    public void diactivate() {","lastModifiedDate":"2025-08-18T21:50:45","isFullCredit":false},{"lineNumber":83,"author":{"gitId":"TheresiaOng"},"content":"        this.active \u003d false;","lastModifiedDate":"2025-08-18T21:50:45","isFullCredit":false},{"lineNumber":84,"author":{"gitId":"TheresiaOng"},"content":"        System.out.println(Katsu.INDENT + \"Quack. Hope to see you again soon!\");","lastModifiedDate":"2025-08-18T21:50:45","isFullCredit":false},{"lineNumber":85,"author":{"gitId":"TheresiaOng"},"content":"    }","lastModifiedDate":"2025-08-18T21:50:45","isFullCredit":false},{"lineNumber":86,"author":{"gitId":"TheresiaOng"},"content":"","lastModifiedDate":"2025-08-18T21:50:45","isFullCredit":false},{"lineNumber":87,"author":{"gitId":"TheresiaOng"},"content":"    public void printList() {","lastModifiedDate":"2025-08-18T21:50:45","isFullCredit":false},{"lineNumber":88,"author":{"gitId":"TheresiaOng"},"content":"        if (!this.list.isEmpty()) {","lastModifiedDate":"2025-08-19T10:51:50","isFullCredit":false},{"lineNumber":89,"author":{"gitId":"TheresiaOng"},"content":"            this.list.printList();","lastModifiedDate":"2025-08-18T21:50:45","isFullCredit":false},{"lineNumber":90,"author":{"gitId":"TheresiaOng"},"content":"        } else {","lastModifiedDate":"2025-08-19T10:51:50","isFullCredit":false},{"lineNumber":91,"author":{"gitId":"TheresiaOng"},"content":"            System.out.println(Katsu.INDENT + \"Quack! Your task list is empty.\");","lastModifiedDate":"2025-08-19T10:51:50","isFullCredit":false},{"lineNumber":92,"author":{"gitId":"TheresiaOng"},"content":"        }","lastModifiedDate":"2025-08-19T10:51:50","isFullCredit":false},{"lineNumber":93,"author":{"gitId":"TheresiaOng"},"content":"    }","lastModifiedDate":"2025-08-18T21:50:45","isFullCredit":false},{"lineNumber":94,"author":{"gitId":"TheresiaOng"},"content":"","lastModifiedDate":"2025-08-18T21:50:45","isFullCredit":false},{"lineNumber":95,"author":{"gitId":"TheresiaOng"},"content":"    public void addTask(String[] words, TaskType type) {","lastModifiedDate":"2025-08-19T10:58:54","isFullCredit":false},{"lineNumber":96,"author":{"gitId":"TheresiaOng"},"content":"        switch (type) {","lastModifiedDate":"2025-08-19T10:58:54","isFullCredit":false},{"lineNumber":97,"author":{"gitId":"TheresiaOng"},"content":"            case TODO:","lastModifiedDate":"2025-08-19T10:58:54","isFullCredit":false},{"lineNumber":98,"author":{"gitId":"TheresiaOng"},"content":"                this.addToDo(words);","lastModifiedDate":"2025-08-19T10:58:54","isFullCredit":false},{"lineNumber":99,"author":{"gitId":"TheresiaOng"},"content":"                break;","lastModifiedDate":"2025-08-19T10:58:54","isFullCredit":false},{"lineNumber":100,"author":{"gitId":"TheresiaOng"},"content":"            case DEADLINE:","lastModifiedDate":"2025-08-19T10:58:54","isFullCredit":false},{"lineNumber":101,"author":{"gitId":"TheresiaOng"},"content":"                this.addDeadline(words);","lastModifiedDate":"2025-08-19T10:58:54","isFullCredit":false},{"lineNumber":102,"author":{"gitId":"TheresiaOng"},"content":"                break;","lastModifiedDate":"2025-08-19T10:58:54","isFullCredit":false},{"lineNumber":103,"author":{"gitId":"TheresiaOng"},"content":"            case EVENT:","lastModifiedDate":"2025-08-19T10:58:54","isFullCredit":false},{"lineNumber":104,"author":{"gitId":"TheresiaOng"},"content":"                this.addEvent(words);","lastModifiedDate":"2025-08-19T10:58:54","isFullCredit":false},{"lineNumber":105,"author":{"gitId":"TheresiaOng"},"content":"                break;","lastModifiedDate":"2025-08-19T10:58:54","isFullCredit":false},{"lineNumber":106,"author":{"gitId":"TheresiaOng"},"content":"        }","lastModifiedDate":"2025-08-19T10:58:54","isFullCredit":false},{"lineNumber":107,"author":{"gitId":"TheresiaOng"},"content":"    }","lastModifiedDate":"2025-08-19T10:58:54","isFullCredit":false},{"lineNumber":108,"author":{"gitId":"TheresiaOng"},"content":"","lastModifiedDate":"2025-08-19T10:58:54","isFullCredit":false},{"lineNumber":109,"author":{"gitId":"TheresiaOng"},"content":"    public void addToDo(String[] words) {","lastModifiedDate":"2025-08-18T21:50:45","isFullCredit":false},{"lineNumber":110,"author":{"gitId":"TheresiaOng"},"content":"        // join words from index 1 until array length to get task","lastModifiedDate":"2025-08-18T21:50:45","isFullCredit":false},{"lineNumber":111,"author":{"gitId":"TheresiaOng"},"content":"        String newTask \u003d String.join(\" \", Arrays.stream(words).skip(1).toArray(String[]::new));","lastModifiedDate":"2025-08-18T21:50:45","isFullCredit":false},{"lineNumber":112,"author":{"gitId":"TheresiaOng"},"content":"","lastModifiedDate":"2025-08-18T21:50:45","isFullCredit":false},{"lineNumber":113,"author":{"gitId":"TheresiaOng"},"content":"        if (newTask.isEmpty()) {","lastModifiedDate":"2025-08-18T21:50:45","isFullCredit":false},{"lineNumber":114,"author":{"gitId":"TheresiaOng"},"content":"            System.out.println(Katsu.INDENT + \"⚠ Quack! You\u0027re missing the todo\u0027s description.\");","lastModifiedDate":"2025-08-19T10:30:18","isFullCredit":false},{"lineNumber":115,"author":{"gitId":"TheresiaOng"},"content":"            return;","lastModifiedDate":"2025-08-18T21:50:45","isFullCredit":false},{"lineNumber":116,"author":{"gitId":"TheresiaOng"},"content":"        }","lastModifiedDate":"2025-08-18T21:50:45","isFullCredit":false},{"lineNumber":117,"author":{"gitId":"TheresiaOng"},"content":"","lastModifiedDate":"2025-08-18T21:50:45","isFullCredit":false},{"lineNumber":118,"author":{"gitId":"TheresiaOng"},"content":"        this.list.add(new ToDo(newTask));","lastModifiedDate":"2025-08-18T21:50:45","isFullCredit":false},{"lineNumber":119,"author":{"gitId":"TheresiaOng"},"content":"    }","lastModifiedDate":"2025-08-18T21:50:45","isFullCredit":false},{"lineNumber":120,"author":{"gitId":"TheresiaOng"},"content":"","lastModifiedDate":"2025-08-18T21:50:45","isFullCredit":false},{"lineNumber":121,"author":{"gitId":"TheresiaOng"},"content":"    public void addDeadline(String[] words) {","lastModifiedDate":"2025-08-18T21:50:45","isFullCredit":false},{"lineNumber":122,"author":{"gitId":"TheresiaOng"},"content":"        String newTask, newDeadline;","lastModifiedDate":"2025-08-18T21:50:45","isFullCredit":false},{"lineNumber":123,"author":{"gitId":"TheresiaOng"},"content":"        int newTaskUntil \u003d findWord(words, \"/by\", -1);","lastModifiedDate":"2025-08-18T22:16:05","isFullCredit":false},{"lineNumber":124,"author":{"gitId":"TheresiaOng"},"content":"","lastModifiedDate":"2025-08-18T21:50:45","isFullCredit":false},{"lineNumber":125,"author":{"gitId":"TheresiaOng"},"content":"        newTask \u003d (newTaskUntil \u003d\u003d -1)","lastModifiedDate":"2025-08-18T21:50:45","isFullCredit":false},{"lineNumber":126,"author":{"gitId":"TheresiaOng"},"content":"                ? String.join(\" \", Arrays.copyOfRange(words, 1, words.length))","lastModifiedDate":"2025-08-18T21:50:45","isFullCredit":false},{"lineNumber":127,"author":{"gitId":"TheresiaOng"},"content":"                : String.join(\" \", Arrays.copyOfRange(words, 1, newTaskUntil));","lastModifiedDate":"2025-08-18T21:50:45","isFullCredit":false},{"lineNumber":128,"author":{"gitId":"TheresiaOng"},"content":"","lastModifiedDate":"2025-08-18T21:50:45","isFullCredit":false},{"lineNumber":129,"author":{"gitId":"TheresiaOng"},"content":"        if (newTask.isEmpty()) {","lastModifiedDate":"2025-08-18T21:50:45","isFullCredit":false},{"lineNumber":130,"author":{"gitId":"TheresiaOng"},"content":"            System.out.println(Katsu.INDENT + \"⚠ Quack! You\u0027re missing the deadline\u0027s description.\");","lastModifiedDate":"2025-08-19T10:30:18","isFullCredit":false},{"lineNumber":131,"author":{"gitId":"TheresiaOng"},"content":"            return;","lastModifiedDate":"2025-08-18T21:50:45","isFullCredit":false},{"lineNumber":132,"author":{"gitId":"TheresiaOng"},"content":"        }","lastModifiedDate":"2025-08-18T21:50:45","isFullCredit":false},{"lineNumber":133,"author":{"gitId":"TheresiaOng"},"content":"","lastModifiedDate":"2025-08-18T21:50:45","isFullCredit":false},{"lineNumber":134,"author":{"gitId":"TheresiaOng"},"content":"        if (newTaskUntil \u003d\u003d -1 || newTaskUntil + 1 \u003e\u003d words.length) {","lastModifiedDate":"2025-08-18T22:16:05","isFullCredit":false},{"lineNumber":135,"author":{"gitId":"TheresiaOng"},"content":"            System.out.println(Katsu.INDENT + \"⚠ Quack! You\u0027re missing the deadline.\");","lastModifiedDate":"2025-08-19T10:30:18","isFullCredit":false},{"lineNumber":136,"author":{"gitId":"TheresiaOng"},"content":"            System.out.println(Katsu.INDENT + \"(use \u0027/by\u0027 followed by the deadline).\");","lastModifiedDate":"2025-08-19T10:30:18","isFullCredit":false},{"lineNumber":137,"author":{"gitId":"TheresiaOng"},"content":"            return;","lastModifiedDate":"2025-08-18T21:50:45","isFullCredit":false},{"lineNumber":138,"author":{"gitId":"TheresiaOng"},"content":"        }","lastModifiedDate":"2025-08-18T20:32:23","isFullCredit":false},{"lineNumber":139,"author":{"gitId":"TheresiaOng"},"content":"","lastModifiedDate":"2025-08-18T20:32:23","isFullCredit":false},{"lineNumber":140,"author":{"gitId":"TheresiaOng"},"content":"        newDeadline \u003d String.join(\" \", Arrays.copyOfRange(words, newTaskUntil + 1, words.length));","lastModifiedDate":"2025-08-18T21:50:45","isFullCredit":false},{"lineNumber":141,"author":{"gitId":"TheresiaOng"},"content":"","lastModifiedDate":"2025-08-18T22:16:05","isFullCredit":false},{"lineNumber":142,"author":{"gitId":"TheresiaOng"},"content":"        this.list.add(new Deadline(newTask, newDeadline));","lastModifiedDate":"2025-08-18T22:16:05","isFullCredit":false},{"lineNumber":143,"author":{"gitId":"TheresiaOng"},"content":"    }","lastModifiedDate":"2025-08-18T22:16:05","isFullCredit":false},{"lineNumber":144,"author":{"gitId":"TheresiaOng"},"content":"","lastModifiedDate":"2025-08-18T22:16:05","isFullCredit":false},{"lineNumber":145,"author":{"gitId":"TheresiaOng"},"content":"    public void addEvent(String[] words) {","lastModifiedDate":"2025-08-18T22:16:05","isFullCredit":false},{"lineNumber":146,"author":{"gitId":"TheresiaOng"},"content":"        String newTask, newStartTime, newEndTime;","lastModifiedDate":"2025-08-18T22:16:05","isFullCredit":false},{"lineNumber":147,"author":{"gitId":"TheresiaOng"},"content":"","lastModifiedDate":"2025-08-18T22:16:05","isFullCredit":false},{"lineNumber":148,"author":{"gitId":"TheresiaOng"},"content":"        int newTaskUntil \u003d findWord(words, \"/from\", -1);","lastModifiedDate":"2025-08-18T22:16:05","isFullCredit":false},{"lineNumber":149,"author":{"gitId":"TheresiaOng"},"content":"","lastModifiedDate":"2025-08-18T22:16:05","isFullCredit":false},{"lineNumber":150,"author":{"gitId":"TheresiaOng"},"content":"        newTask \u003d (newTaskUntil \u003d\u003d -1)","lastModifiedDate":"2025-08-18T22:16:05","isFullCredit":false},{"lineNumber":151,"author":{"gitId":"TheresiaOng"},"content":"                ? String.join(\" \", Arrays.copyOfRange(words, 1, words.length))","lastModifiedDate":"2025-08-18T22:16:05","isFullCredit":false},{"lineNumber":152,"author":{"gitId":"TheresiaOng"},"content":"                : String.join(\" \", Arrays.copyOfRange(words, 1, newTaskUntil));","lastModifiedDate":"2025-08-18T22:16:05","isFullCredit":false},{"lineNumber":153,"author":{"gitId":"TheresiaOng"},"content":"","lastModifiedDate":"2025-08-18T22:16:05","isFullCredit":false},{"lineNumber":154,"author":{"gitId":"TheresiaOng"},"content":"        if (newTask.isEmpty()) {","lastModifiedDate":"2025-08-18T22:16:05","isFullCredit":false},{"lineNumber":155,"author":{"gitId":"TheresiaOng"},"content":"            System.out.println(Katsu.INDENT + \"⚠ Quack! You\u0027re missing the event\u0027s description.\");","lastModifiedDate":"2025-08-19T10:30:18","isFullCredit":false},{"lineNumber":156,"author":{"gitId":"TheresiaOng"},"content":"            return;","lastModifiedDate":"2025-08-18T22:16:05","isFullCredit":false},{"lineNumber":157,"author":{"gitId":"TheresiaOng"},"content":"        }","lastModifiedDate":"2025-08-18T22:16:05","isFullCredit":false},{"lineNumber":158,"author":{"gitId":"TheresiaOng"},"content":"","lastModifiedDate":"2025-08-18T22:16:05","isFullCredit":false},{"lineNumber":159,"author":{"gitId":"TheresiaOng"},"content":"        if (newTaskUntil \u003d\u003d -1) {","lastModifiedDate":"2025-08-18T22:16:05","isFullCredit":false},{"lineNumber":160,"author":{"gitId":"TheresiaOng"},"content":"            System.out.println(Katsu.INDENT + \"⚠ Quack! You\u0027re missing the event\u0027s starting time.\");","lastModifiedDate":"2025-08-19T10:30:18","isFullCredit":false},{"lineNumber":161,"author":{"gitId":"TheresiaOng"},"content":"            System.out.println(Katsu.INDENT + \"(use \u0027/from\u0027 followed by the start time).\");","lastModifiedDate":"2025-08-19T10:30:18","isFullCredit":false},{"lineNumber":162,"author":{"gitId":"TheresiaOng"},"content":"            return;","lastModifiedDate":"2025-08-18T22:16:05","isFullCredit":false},{"lineNumber":163,"author":{"gitId":"TheresiaOng"},"content":"        }","lastModifiedDate":"2025-08-18T22:16:05","isFullCredit":false},{"lineNumber":164,"author":{"gitId":"TheresiaOng"},"content":"","lastModifiedDate":"2025-08-18T22:16:05","isFullCredit":false},{"lineNumber":165,"author":{"gitId":"TheresiaOng"},"content":"        int newStartUntil;","lastModifiedDate":"2025-08-18T22:16:05","isFullCredit":false},{"lineNumber":166,"author":{"gitId":"TheresiaOng"},"content":"","lastModifiedDate":"2025-08-18T22:16:05","isFullCredit":false},{"lineNumber":167,"author":{"gitId":"TheresiaOng"},"content":"        if (newTaskUntil + 1 \u003c words.length) {","lastModifiedDate":"2025-08-18T22:16:05","isFullCredit":false},{"lineNumber":168,"author":{"gitId":"TheresiaOng"},"content":"            newStartUntil \u003d findWord(words, \"/to\", newTaskUntil + 1);","lastModifiedDate":"2025-08-18T22:16:05","isFullCredit":false},{"lineNumber":169,"author":{"gitId":"TheresiaOng"},"content":"","lastModifiedDate":"2025-08-18T22:16:05","isFullCredit":false},{"lineNumber":170,"author":{"gitId":"TheresiaOng"},"content":"            newStartTime \u003d (newStartUntil \u003d\u003d -1)","lastModifiedDate":"2025-08-18T22:16:05","isFullCredit":false},{"lineNumber":171,"author":{"gitId":"TheresiaOng"},"content":"                    ? String.join(\" \", Arrays.copyOfRange(words, newTaskUntil + 1, words.length))","lastModifiedDate":"2025-08-18T22:16:05","isFullCredit":false},{"lineNumber":172,"author":{"gitId":"TheresiaOng"},"content":"                    : String.join(\" \", Arrays.copyOfRange(words, newTaskUntil + 1, newStartUntil));","lastModifiedDate":"2025-08-18T22:16:05","isFullCredit":false},{"lineNumber":173,"author":{"gitId":"TheresiaOng"},"content":"","lastModifiedDate":"2025-08-18T22:16:05","isFullCredit":false},{"lineNumber":174,"author":{"gitId":"TheresiaOng"},"content":"            if (newStartTime.isEmpty()) {","lastModifiedDate":"2025-08-18T22:16:05","isFullCredit":false},{"lineNumber":175,"author":{"gitId":"TheresiaOng"},"content":"                System.out.println(Katsu.INDENT + \"⚠ Quack! You\u0027re missing the event\u0027s starting time.\");","lastModifiedDate":"2025-08-19T10:30:18","isFullCredit":false},{"lineNumber":176,"author":{"gitId":"TheresiaOng"},"content":"                System.out.println(Katsu.INDENT + \"(use \u0027/from\u0027 followed by the start time).\");","lastModifiedDate":"2025-08-19T10:30:18","isFullCredit":false},{"lineNumber":177,"author":{"gitId":"TheresiaOng"},"content":"                return;","lastModifiedDate":"2025-08-18T22:16:05","isFullCredit":false},{"lineNumber":178,"author":{"gitId":"TheresiaOng"},"content":"            }","lastModifiedDate":"2025-08-18T22:16:05","isFullCredit":false},{"lineNumber":179,"author":{"gitId":"TheresiaOng"},"content":"","lastModifiedDate":"2025-08-18T22:16:05","isFullCredit":false},{"lineNumber":180,"author":{"gitId":"TheresiaOng"},"content":"            if (newStartUntil \u003d\u003d -1) {","lastModifiedDate":"2025-08-18T22:16:05","isFullCredit":false},{"lineNumber":181,"author":{"gitId":"TheresiaOng"},"content":"                System.out.println(Katsu.INDENT + \"⚠ Quack! You\u0027re missing the event\u0027s ending time.\");","lastModifiedDate":"2025-08-19T10:30:18","isFullCredit":false},{"lineNumber":182,"author":{"gitId":"TheresiaOng"},"content":"                System.out.println(Katsu.INDENT + \"(use \u0027/to\u0027 followed by the end time).\");","lastModifiedDate":"2025-08-19T10:30:18","isFullCredit":false},{"lineNumber":183,"author":{"gitId":"TheresiaOng"},"content":"                return;","lastModifiedDate":"2025-08-18T22:16:05","isFullCredit":false},{"lineNumber":184,"author":{"gitId":"TheresiaOng"},"content":"            }","lastModifiedDate":"2025-08-18T22:16:05","isFullCredit":false},{"lineNumber":185,"author":{"gitId":"TheresiaOng"},"content":"        } else {","lastModifiedDate":"2025-08-18T21:50:45","isFullCredit":false},{"lineNumber":186,"author":{"gitId":"TheresiaOng"},"content":"            System.out.println(Katsu.INDENT + \"⚠ Quack! You\u0027re missing the event\u0027s starting time.\");","lastModifiedDate":"2025-08-19T10:30:18","isFullCredit":false},{"lineNumber":187,"author":{"gitId":"TheresiaOng"},"content":"            System.out.println(Katsu.INDENT + \"(use \u0027/from\u0027 followed by the start time).\");","lastModifiedDate":"2025-08-19T10:30:18","isFullCredit":false},{"lineNumber":188,"author":{"gitId":"TheresiaOng"},"content":"            return;","lastModifiedDate":"2025-08-18T21:50:45","isFullCredit":false},{"lineNumber":189,"author":{"gitId":"TheresiaOng"},"content":"        }","lastModifiedDate":"2025-08-18T21:50:45","isFullCredit":false},{"lineNumber":190,"author":{"gitId":"TheresiaOng"},"content":"","lastModifiedDate":"2025-08-18T21:50:45","isFullCredit":false},{"lineNumber":191,"author":{"gitId":"TheresiaOng"},"content":"        if (newStartUntil + 1 \u003c words.length) {","lastModifiedDate":"2025-08-18T22:16:05","isFullCredit":false},{"lineNumber":192,"author":{"gitId":"TheresiaOng"},"content":"            newEndTime \u003d String.join(\" \", Arrays.copyOfRange(words, newStartUntil + 1, words.length));","lastModifiedDate":"2025-08-18T22:16:05","isFullCredit":false},{"lineNumber":193,"author":{"gitId":"TheresiaOng"},"content":"        } else {","lastModifiedDate":"2025-08-18T22:16:05","isFullCredit":false},{"lineNumber":194,"author":{"gitId":"TheresiaOng"},"content":"            System.out.println(Katsu.INDENT + \"⚠ Quack! You\u0027re missing the event\u0027s ending time.\");","lastModifiedDate":"2025-08-19T10:30:18","isFullCredit":false},{"lineNumber":195,"author":{"gitId":"TheresiaOng"},"content":"            System.out.println(Katsu.INDENT + \"(use \u0027/to\u0027 followed by the end time).\");","lastModifiedDate":"2025-08-19T10:30:18","isFullCredit":false},{"lineNumber":196,"author":{"gitId":"TheresiaOng"},"content":"            return;","lastModifiedDate":"2025-08-18T22:16:05","isFullCredit":false},{"lineNumber":197,"author":{"gitId":"TheresiaOng"},"content":"        }","lastModifiedDate":"2025-08-18T22:16:05","isFullCredit":false},{"lineNumber":198,"author":{"gitId":"TheresiaOng"},"content":"","lastModifiedDate":"2025-08-18T22:16:05","isFullCredit":false},{"lineNumber":199,"author":{"gitId":"TheresiaOng"},"content":"        this.list.add(new Event(newTask, newStartTime, newEndTime));","lastModifiedDate":"2025-08-18T22:16:05","isFullCredit":false},{"lineNumber":200,"author":{"gitId":"TheresiaOng"},"content":"    }","lastModifiedDate":"2025-08-18T20:32:23","isFullCredit":false},{"lineNumber":201,"author":{"gitId":"TheresiaOng"},"content":"","lastModifiedDate":"2025-08-18T20:32:23","isFullCredit":false},{"lineNumber":202,"author":{"gitId":"TheresiaOng"},"content":"    public void startingText() {","lastModifiedDate":"2025-08-18T20:32:23","isFullCredit":false},{"lineNumber":203,"author":{"gitId":"TheresiaOng"},"content":"        String logo \u003d Katsu.INDENT + \" _  __     _\\n\"","lastModifiedDate":"2025-08-18T20:32:23","isFullCredit":false},{"lineNumber":204,"author":{"gitId":"TheresiaOng"},"content":"                + Katsu.INDENT + \"| |/ /__ _| |_ ___ _   _\\n\"","lastModifiedDate":"2025-08-18T20:32:23","isFullCredit":false},{"lineNumber":205,"author":{"gitId":"TheresiaOng"},"content":"                + Katsu.INDENT + \"| \u0027 // _` | __/ __| | | |\\n\"","lastModifiedDate":"2025-08-18T20:32:23","isFullCredit":false},{"lineNumber":206,"author":{"gitId":"TheresiaOng"},"content":"                + Katsu.INDENT + \"| . \\\\ (_| | |_\\\\__ \\\\ |_| |\\n\"","lastModifiedDate":"2025-08-18T20:32:23","isFullCredit":false},{"lineNumber":207,"author":{"gitId":"TheresiaOng"},"content":"                + Katsu.INDENT + \"|_|\\\\_\\\\__,_|\\\\__|___/\\\\__,_|\\n\";","lastModifiedDate":"2025-08-18T20:32:23","isFullCredit":false},{"lineNumber":208,"author":{"gitId":"TheresiaOng"},"content":"","lastModifiedDate":"2025-08-18T20:32:23","isFullCredit":false},{"lineNumber":209,"author":{"gitId":"TheresiaOng"},"content":"        System.out.println(Katsu.SEPARATOR);","lastModifiedDate":"2025-08-18T20:32:23","isFullCredit":false},{"lineNumber":210,"author":{"gitId":"TheresiaOng"},"content":"        System.out.println(logo);","lastModifiedDate":"2025-08-18T20:32:23","isFullCredit":false},{"lineNumber":211,"author":{"gitId":"TheresiaOng"},"content":"        System.out.println(Katsu.INDENT + \"Hello! I\u0027m \" + Katsu.NAME + \" ꒰ঌ( •ө• )໒꒱\");","lastModifiedDate":"2025-08-19T10:30:18","isFullCredit":false},{"lineNumber":212,"author":{"gitId":"TheresiaOng"},"content":"        System.out.println(Katsu.INDENT + \"What can I do for you?\");","lastModifiedDate":"2025-08-18T20:32:23","isFullCredit":false},{"lineNumber":213,"author":{"gitId":"TheresiaOng"},"content":"        System.out.println(Katsu.SEPARATOR +\"\\n\");","lastModifiedDate":"2025-08-18T20:32:23","isFullCredit":false},{"lineNumber":214,"author":{"gitId":"TheresiaOng"},"content":"    }","lastModifiedDate":"2025-08-16T16:50:19","isFullCredit":false},{"lineNumber":215,"author":{"gitId":"TheresiaOng"},"content":"","lastModifiedDate":"2025-08-18T20:32:23","isFullCredit":false},{"lineNumber":216,"author":{"gitId":"TheresiaOng"},"content":"    public void allCommands() {","lastModifiedDate":"2025-08-18T20:32:23","isFullCredit":false},{"lineNumber":217,"author":{"gitId":"TheresiaOng"},"content":"        System.out.println(Katsu.INDENT + \"1. list / ls (to show all of your tasks)\");","lastModifiedDate":"2025-08-19T10:30:18","isFullCredit":false},{"lineNumber":218,"author":{"gitId":"TheresiaOng"},"content":"        System.out.println(Katsu.INDENT + \"2. bye (to end our chat)\");","lastModifiedDate":"2025-08-18T20:32:23","isFullCredit":false},{"lineNumber":219,"author":{"gitId":"TheresiaOng"},"content":"    }","lastModifiedDate":"2025-08-16T16:27:30","isFullCredit":false},{"lineNumber":220,"author":{"gitId":"TheresiaOng"},"content":"","lastModifiedDate":"2025-08-18T21:50:45","isFullCredit":false},{"lineNumber":221,"author":{"gitId":"TheresiaOng"},"content":"    public void handleMarking(String command, String[] words) {","lastModifiedDate":"2025-08-18T21:50:45","isFullCredit":false},{"lineNumber":222,"author":{"gitId":"TheresiaOng"},"content":"        try {","lastModifiedDate":"2025-08-18T21:50:45","isFullCredit":false},{"lineNumber":223,"author":{"gitId":"TheresiaOng"},"content":"            String taskNum \u003d words[1];","lastModifiedDate":"2025-08-18T21:50:45","isFullCredit":false},{"lineNumber":224,"author":{"gitId":"TheresiaOng"},"content":"            if (Objects.equals(command, \"mark\")) {","lastModifiedDate":"2025-08-18T21:50:45","isFullCredit":false},{"lineNumber":225,"author":{"gitId":"TheresiaOng"},"content":"                this.list.markCompleted(taskNum);","lastModifiedDate":"2025-08-18T21:50:45","isFullCredit":false},{"lineNumber":226,"author":{"gitId":"TheresiaOng"},"content":"            } else {","lastModifiedDate":"2025-08-18T21:50:45","isFullCredit":false},{"lineNumber":227,"author":{"gitId":"TheresiaOng"},"content":"                this.list.markUncompleted(taskNum);","lastModifiedDate":"2025-08-18T21:50:45","isFullCredit":false},{"lineNumber":228,"author":{"gitId":"TheresiaOng"},"content":"            }","lastModifiedDate":"2025-08-18T21:50:45","isFullCredit":false},{"lineNumber":229,"author":{"gitId":"TheresiaOng"},"content":"        } catch (ArrayIndexOutOfBoundsException e) {","lastModifiedDate":"2025-08-18T21:50:45","isFullCredit":false},{"lineNumber":230,"author":{"gitId":"TheresiaOng"},"content":"            System.out.println(Katsu.INDENT + \"⚠ Quack! You forgot the task number.\");","lastModifiedDate":"2025-08-19T10:30:18","isFullCredit":false},{"lineNumber":231,"author":{"gitId":"TheresiaOng"},"content":"        } catch (NumberFormatException e) {","lastModifiedDate":"2025-08-18T21:50:45","isFullCredit":false},{"lineNumber":232,"author":{"gitId":"TheresiaOng"},"content":"            System.out.println(Katsu.INDENT + \"⚠ Quack! That does not look like a number... •᷄ɞ•\");","lastModifiedDate":"2025-08-19T10:30:18","isFullCredit":false},{"lineNumber":233,"author":{"gitId":"TheresiaOng"},"content":"        } catch (IndexOutOfBoundsException e) {","lastModifiedDate":"2025-08-18T21:50:45","isFullCredit":false},{"lineNumber":234,"author":{"gitId":"TheresiaOng"},"content":"            System.out.println(Katsu.INDENT + \"⚠ Quack! You do not have that task number.\");","lastModifiedDate":"2025-08-19T10:30:18","isFullCredit":false},{"lineNumber":235,"author":{"gitId":"TheresiaOng"},"content":"        }","lastModifiedDate":"2025-08-18T21:50:45","isFullCredit":false},{"lineNumber":236,"author":{"gitId":"TheresiaOng"},"content":"    }","lastModifiedDate":"2025-08-18T21:50:45","isFullCredit":false},{"lineNumber":237,"author":{"gitId":"TheresiaOng"},"content":"","lastModifiedDate":"2025-08-18T21:50:45","isFullCredit":false},{"lineNumber":238,"author":{"gitId":"TheresiaOng"},"content":"    public void handleDelete(String[] words) {","lastModifiedDate":"2025-08-19T10:51:50","isFullCredit":false},{"lineNumber":239,"author":{"gitId":"TheresiaOng"},"content":"        try {","lastModifiedDate":"2025-08-19T10:51:50","isFullCredit":false},{"lineNumber":240,"author":{"gitId":"TheresiaOng"},"content":"            String taskNum \u003d words[1];","lastModifiedDate":"2025-08-19T10:51:50","isFullCredit":false},{"lineNumber":241,"author":{"gitId":"TheresiaOng"},"content":"            this.list.deleteTask(taskNum);","lastModifiedDate":"2025-08-19T10:51:50","isFullCredit":false},{"lineNumber":242,"author":{"gitId":"TheresiaOng"},"content":"        } catch (ArrayIndexOutOfBoundsException e) {","lastModifiedDate":"2025-08-19T10:51:50","isFullCredit":false},{"lineNumber":243,"author":{"gitId":"TheresiaOng"},"content":"            System.out.println(Katsu.INDENT + \"⚠ Quack! You forgot the task number.\");","lastModifiedDate":"2025-08-19T10:51:50","isFullCredit":false},{"lineNumber":244,"author":{"gitId":"TheresiaOng"},"content":"        } catch (NumberFormatException e) {","lastModifiedDate":"2025-08-19T10:51:50","isFullCredit":false},{"lineNumber":245,"author":{"gitId":"TheresiaOng"},"content":"            System.out.println(Katsu.INDENT + \"⚠ Quack! That does not look like a number... •᷄ɞ•\");","lastModifiedDate":"2025-08-19T10:51:50","isFullCredit":false},{"lineNumber":246,"author":{"gitId":"TheresiaOng"},"content":"        } catch (IndexOutOfBoundsException e) {","lastModifiedDate":"2025-08-19T10:51:50","isFullCredit":false},{"lineNumber":247,"author":{"gitId":"TheresiaOng"},"content":"            System.out.println(Katsu.INDENT + \"⚠ Quack! You do not have that task number.\");","lastModifiedDate":"2025-08-19T10:51:50","isFullCredit":false},{"lineNumber":248,"author":{"gitId":"TheresiaOng"},"content":"        }","lastModifiedDate":"2025-08-19T10:51:50","isFullCredit":false},{"lineNumber":249,"author":{"gitId":"TheresiaOng"},"content":"    }","lastModifiedDate":"2025-08-19T10:51:50","isFullCredit":false},{"lineNumber":250,"author":{"gitId":"TheresiaOng"},"content":"","lastModifiedDate":"2025-08-19T10:51:50","isFullCredit":false},{"lineNumber":251,"author":{"gitId":"TheresiaOng"},"content":"    public int findWord(String[] words, String word, int startFrom) {","lastModifiedDate":"2025-08-18T22:16:05","isFullCredit":false},{"lineNumber":252,"author":{"gitId":"TheresiaOng"},"content":"        int stopIndex \u003d -1;","lastModifiedDate":"2025-08-18T21:50:45","isFullCredit":false},{"lineNumber":253,"author":{"gitId":"TheresiaOng"},"content":"        int index \u003d (startFrom \u003d\u003d -1) ? 1 : startFrom;","lastModifiedDate":"2025-08-18T22:16:05","isFullCredit":false},{"lineNumber":254,"author":{"gitId":"TheresiaOng"},"content":"","lastModifiedDate":"2025-08-18T21:50:45","isFullCredit":false},{"lineNumber":255,"author":{"gitId":"TheresiaOng"},"content":"        for (int i \u003d index; i \u003c words.length; i++) {","lastModifiedDate":"2025-08-18T22:16:05","isFullCredit":false},{"lineNumber":256,"author":{"gitId":"TheresiaOng"},"content":"            if (words[i].equals(word)) {","lastModifiedDate":"2025-08-18T22:16:05","isFullCredit":false},{"lineNumber":257,"author":{"gitId":"TheresiaOng"},"content":"                stopIndex \u003d i;","lastModifiedDate":"2025-08-18T21:50:45","isFullCredit":false},{"lineNumber":258,"author":{"gitId":"TheresiaOng"},"content":"                break;","lastModifiedDate":"2025-08-18T21:50:45","isFullCredit":false},{"lineNumber":259,"author":{"gitId":"TheresiaOng"},"content":"            }","lastModifiedDate":"2025-08-18T21:50:45","isFullCredit":false},{"lineNumber":260,"author":{"gitId":"TheresiaOng"},"content":"        }","lastModifiedDate":"2025-08-18T21:50:45","isFullCredit":false},{"lineNumber":261,"author":{"gitId":"TheresiaOng"},"content":"","lastModifiedDate":"2025-08-18T21:50:45","isFullCredit":false},{"lineNumber":262,"author":{"gitId":"TheresiaOng"},"content":"         return stopIndex;","lastModifiedDate":"2025-08-18T21:50:45","isFullCredit":false},{"lineNumber":263,"author":{"gitId":"TheresiaOng"},"content":"    }","lastModifiedDate":"2025-08-18T21:50:45","isFullCredit":false},{"lineNumber":264,"author":{"gitId":"TheresiaOng"},"content":"}","lastModifiedDate":"2025-08-16T16:27:30","isFullCredit":false}],"authorContributionMap":{"TheresiaOng":264}},{"path":"src/main/java/Task.java","fileType":"java","lines":[{"lineNumber":1,"author":{"gitId":"TheresiaOng"},"content":"public class Task {","lastModifiedDate":"2025-08-18T20:10:27","isFullCredit":false},{"lineNumber":2,"author":{"gitId":"TheresiaOng"},"content":"    private boolean completed;","lastModifiedDate":"2025-08-18T20:32:23","isFullCredit":false},{"lineNumber":3,"author":{"gitId":"TheresiaOng"},"content":"    private String task;","lastModifiedDate":"2025-08-18T20:32:23","isFullCredit":false},{"lineNumber":4,"author":{"gitId":"TheresiaOng"},"content":"","lastModifiedDate":"2025-08-18T20:10:27","isFullCredit":false},{"lineNumber":5,"author":{"gitId":"TheresiaOng"},"content":"    public Task(String task) {","lastModifiedDate":"2025-08-18T20:10:27","isFullCredit":false},{"lineNumber":6,"author":{"gitId":"TheresiaOng"},"content":"        this.completed \u003d false;","lastModifiedDate":"2025-08-18T20:10:27","isFullCredit":false},{"lineNumber":7,"author":{"gitId":"TheresiaOng"},"content":"        this.task \u003d task;","lastModifiedDate":"2025-08-18T20:10:27","isFullCredit":false},{"lineNumber":8,"author":{"gitId":"TheresiaOng"},"content":"    }","lastModifiedDate":"2025-08-18T20:10:27","isFullCredit":false},{"lineNumber":9,"author":{"gitId":"TheresiaOng"},"content":"","lastModifiedDate":"2025-08-18T20:10:27","isFullCredit":false},{"lineNumber":10,"author":{"gitId":"TheresiaOng"},"content":"    public void markCompleted() {","lastModifiedDate":"2025-08-18T20:10:27","isFullCredit":false},{"lineNumber":11,"author":{"gitId":"TheresiaOng"},"content":"        this.completed \u003d true;","lastModifiedDate":"2025-08-18T20:10:27","isFullCredit":false},{"lineNumber":12,"author":{"gitId":"TheresiaOng"},"content":"    }","lastModifiedDate":"2025-08-18T20:10:27","isFullCredit":false},{"lineNumber":13,"author":{"gitId":"TheresiaOng"},"content":"","lastModifiedDate":"2025-08-18T20:10:27","isFullCredit":false},{"lineNumber":14,"author":{"gitId":"TheresiaOng"},"content":"    public void markUncompleted() {","lastModifiedDate":"2025-08-18T20:10:27","isFullCredit":false},{"lineNumber":15,"author":{"gitId":"TheresiaOng"},"content":"        this.completed \u003d false;","lastModifiedDate":"2025-08-18T20:10:27","isFullCredit":false},{"lineNumber":16,"author":{"gitId":"TheresiaOng"},"content":"    }","lastModifiedDate":"2025-08-18T20:10:27","isFullCredit":false},{"lineNumber":17,"author":{"gitId":"TheresiaOng"},"content":"","lastModifiedDate":"2025-08-18T20:10:27","isFullCredit":false},{"lineNumber":18,"author":{"gitId":"TheresiaOng"},"content":"    public String printTask() {","lastModifiedDate":"2025-08-18T20:10:27","isFullCredit":false},{"lineNumber":19,"author":{"gitId":"TheresiaOng"},"content":"        String mark;","lastModifiedDate":"2025-08-18T20:10:27","isFullCredit":false},{"lineNumber":20,"author":{"gitId":"TheresiaOng"},"content":"","lastModifiedDate":"2025-08-18T20:10:27","isFullCredit":false},{"lineNumber":21,"author":{"gitId":"TheresiaOng"},"content":"        if(this.completed) {","lastModifiedDate":"2025-08-18T20:10:27","isFullCredit":false},{"lineNumber":22,"author":{"gitId":"TheresiaOng"},"content":"            mark \u003d \"[X]\";","lastModifiedDate":"2025-08-18T20:10:27","isFullCredit":false},{"lineNumber":23,"author":{"gitId":"TheresiaOng"},"content":"        } else {","lastModifiedDate":"2025-08-18T20:10:27","isFullCredit":false},{"lineNumber":24,"author":{"gitId":"TheresiaOng"},"content":"            mark \u003d \"[ ]\";","lastModifiedDate":"2025-08-18T20:10:27","isFullCredit":false},{"lineNumber":25,"author":{"gitId":"TheresiaOng"},"content":"        }","lastModifiedDate":"2025-08-18T20:10:27","isFullCredit":false},{"lineNumber":26,"author":{"gitId":"TheresiaOng"},"content":"","lastModifiedDate":"2025-08-18T20:10:27","isFullCredit":false},{"lineNumber":27,"author":{"gitId":"TheresiaOng"},"content":"        return mark + \" \" + this.task;","lastModifiedDate":"2025-08-18T20:10:27","isFullCredit":false},{"lineNumber":28,"author":{"gitId":"TheresiaOng"},"content":"    }","lastModifiedDate":"2025-08-18T20:10:27","isFullCredit":false},{"lineNumber":29,"author":{"gitId":"TheresiaOng"},"content":"","lastModifiedDate":"2025-08-18T21:50:45","isFullCredit":false},{"lineNumber":30,"author":{"gitId":"TheresiaOng"},"content":"    @Override","lastModifiedDate":"2025-08-18T21:50:45","isFullCredit":false},{"lineNumber":31,"author":{"gitId":"TheresiaOng"},"content":"    public String toString() {","lastModifiedDate":"2025-08-18T21:50:45","isFullCredit":false},{"lineNumber":32,"author":{"gitId":"TheresiaOng"},"content":"        return this.task;","lastModifiedDate":"2025-08-18T21:50:45","isFullCredit":false},{"lineNumber":33,"author":{"gitId":"TheresiaOng"},"content":"    }","lastModifiedDate":"2025-08-18T21:50:45","isFullCredit":false},{"lineNumber":34,"author":{"gitId":"TheresiaOng"},"content":"}","lastModifiedDate":"2025-08-18T20:10:27","isFullCredit":false}],"authorContributionMap":{"TheresiaOng":34}},{"path":"src/main/java/ToDo.java","fileType":"java","lines":[{"lineNumber":1,"author":{"gitId":"TheresiaOng"},"content":"public class ToDo extends Task{","lastModifiedDate":"2025-08-18T21:50:45","isFullCredit":false},{"lineNumber":2,"author":{"gitId":"TheresiaOng"},"content":"    private static final String label \u003d \"[T]\";","lastModifiedDate":"2025-08-18T21:50:45","isFullCredit":false},{"lineNumber":3,"author":{"gitId":"TheresiaOng"},"content":"","lastModifiedDate":"2025-08-18T21:50:45","isFullCredit":false},{"lineNumber":4,"author":{"gitId":"TheresiaOng"},"content":"    public ToDo(String task) {","lastModifiedDate":"2025-08-18T21:50:45","isFullCredit":false},{"lineNumber":5,"author":{"gitId":"TheresiaOng"},"content":"        super(task);","lastModifiedDate":"2025-08-18T21:50:45","isFullCredit":false},{"lineNumber":6,"author":{"gitId":"TheresiaOng"},"content":"    }","lastModifiedDate":"2025-08-18T21:50:45","isFullCredit":false},{"lineNumber":7,"author":{"gitId":"TheresiaOng"},"content":"","lastModifiedDate":"2025-08-18T21:50:45","isFullCredit":false},{"lineNumber":8,"author":{"gitId":"TheresiaOng"},"content":"    public String printTask() {","lastModifiedDate":"2025-08-18T21:50:45","isFullCredit":false},{"lineNumber":9,"author":{"gitId":"TheresiaOng"},"content":"        return label + super.printTask();","lastModifiedDate":"2025-08-18T21:50:45","isFullCredit":false},{"lineNumber":10,"author":{"gitId":"TheresiaOng"},"content":"    }","lastModifiedDate":"2025-08-18T21:50:45","isFullCredit":false},{"lineNumber":11,"author":{"gitId":"TheresiaOng"},"content":"","lastModifiedDate":"2025-08-18T21:50:45","isFullCredit":false},{"lineNumber":12,"author":{"gitId":"TheresiaOng"},"content":"}","lastModifiedDate":"2025-08-18T21:50:45","isFullCredit":false}],"authorContributionMap":{"TheresiaOng":12}},{"path":"text-ui-test/input.txt","fileType":"txt","lines":[{"lineNumber":1,"author":{"gitId":"TheresiaOng"},"content":"todo","lastModifiedDate":"2025-08-18T23:39:16","isFullCredit":false},{"lineNumber":2,"author":{"gitId":"TheresiaOng"},"content":"todo read book","lastModifiedDate":"2025-08-18T23:39:16","isFullCredit":false},{"lineNumber":3,"author":{"gitId":"TheresiaOng"},"content":"deadline","lastModifiedDate":"2025-08-18T23:39:16","isFullCredit":false},{"lineNumber":4,"author":{"gitId":"TheresiaOng"},"content":"deadline submit paper","lastModifiedDate":"2025-08-18T23:39:16","isFullCredit":false},{"lineNumber":5,"author":{"gitId":"TheresiaOng"},"content":"deadline submit paper /by","lastModifiedDate":"2025-08-18T23:39:16","isFullCredit":false},{"lineNumber":6,"author":{"gitId":"TheresiaOng"},"content":"deadline /by sunday","lastModifiedDate":"2025-08-18T23:39:16","isFullCredit":false},{"lineNumber":7,"author":{"gitId":"TheresiaOng"},"content":"deadline submit paper /by sunday","lastModifiedDate":"2025-08-18T23:39:16","isFullCredit":false},{"lineNumber":8,"author":{"gitId":"TheresiaOng"},"content":"event","lastModifiedDate":"2025-08-18T23:39:16","isFullCredit":false},{"lineNumber":9,"author":{"gitId":"TheresiaOng"},"content":"event party","lastModifiedDate":"2025-08-18T23:39:16","isFullCredit":false},{"lineNumber":10,"author":{"gitId":"TheresiaOng"},"content":"event party /from","lastModifiedDate":"2025-08-18T23:39:16","isFullCredit":false},{"lineNumber":11,"author":{"gitId":"TheresiaOng"},"content":"event party /from sunday 2pm","lastModifiedDate":"2025-08-18T23:39:16","isFullCredit":false},{"lineNumber":12,"author":{"gitId":"TheresiaOng"},"content":"event party /from sunday 2pm /to","lastModifiedDate":"2025-08-18T23:39:16","isFullCredit":false},{"lineNumber":13,"author":{"gitId":"TheresiaOng"},"content":"event /from sunday 2pm /to 10pm","lastModifiedDate":"2025-08-18T23:39:16","isFullCredit":false},{"lineNumber":14,"author":{"gitId":"TheresiaOng"},"content":"event party /from sunday 2pm /to 10pm","lastModifiedDate":"2025-08-18T23:39:16","isFullCredit":false},{"lineNumber":15,"author":{"gitId":"TheresiaOng"},"content":"blah","lastModifiedDate":"2025-08-18T23:39:16","isFullCredit":false},{"lineNumber":16,"author":{"gitId":"TheresiaOng"},"content":"list","lastModifiedDate":"2025-08-18T23:39:16","isFullCredit":false},{"lineNumber":17,"author":{"gitId":"TheresiaOng"},"content":"ls","lastModifiedDate":"2025-08-18T23:39:16","isFullCredit":false},{"lineNumber":18,"author":{"gitId":"TheresiaOng"},"content":"mark 1","lastModifiedDate":"2025-08-18T23:39:16","isFullCredit":false},{"lineNumber":19,"author":{"gitId":"TheresiaOng"},"content":"mark 2","lastModifiedDate":"2025-08-18T23:39:16","isFullCredit":false},{"lineNumber":20,"author":{"gitId":"TheresiaOng"},"content":"mark 3","lastModifiedDate":"2025-08-18T23:39:16","isFullCredit":false},{"lineNumber":21,"author":{"gitId":"TheresiaOng"},"content":"unmark 1","lastModifiedDate":"2025-08-18T23:39:16","isFullCredit":false},{"lineNumber":22,"author":{"gitId":"TheresiaOng"},"content":"unmark 2","lastModifiedDate":"2025-08-18T23:39:16","isFullCredit":false},{"lineNumber":23,"author":{"gitId":"TheresiaOng"},"content":"unmark 3","lastModifiedDate":"2025-08-18T23:39:16","isFullCredit":false},{"lineNumber":24,"author":{"gitId":"TheresiaOng"},"content":"delete","lastModifiedDate":"2025-08-19T10:51:50","isFullCredit":false},{"lineNumber":25,"author":{"gitId":"TheresiaOng"},"content":"delete 3","lastModifiedDate":"2025-08-19T10:51:50","isFullCredit":false},{"lineNumber":26,"author":{"gitId":"TheresiaOng"},"content":"del 2","lastModifiedDate":"2025-08-19T10:51:50","isFullCredit":false},{"lineNumber":27,"author":{"gitId":"TheresiaOng"},"content":"del 1","lastModifiedDate":"2025-08-19T10:51:50","isFullCredit":false},{"lineNumber":28,"author":{"gitId":"TheresiaOng"},"content":"ls","lastModifiedDate":"2025-08-19T10:51:50","isFullCredit":false},{"lineNumber":29,"author":{"gitId":"TheresiaOng"},"content":"bye","lastModifiedDate":"2025-08-18T23:39:16","isFullCredit":false}],"authorContributionMap":{"TheresiaOng":29}},{"path":"text-ui-test/runtest.sh","fileType":"sh","lines":[{"lineNumber":1,"author":{"gitId":"-"},"content":"#!/usr/bin/env bash","lastModifiedDate":"2020-05-25T00:03:55","isFullCredit":false},{"lineNumber":2,"author":{"gitId":"-"},"content":"","lastModifiedDate":"2020-05-25T00:03:55","isFullCredit":false},{"lineNumber":3,"author":{"gitId":"-"},"content":"# create bin directory if it doesn\u0027t exist","lastModifiedDate":"2020-05-25T00:03:55","isFullCredit":false},{"lineNumber":4,"author":{"gitId":"-"},"content":"if [ ! -d \"../bin\" ]","lastModifiedDate":"2020-05-25T00:03:55","isFullCredit":false},{"lineNumber":5,"author":{"gitId":"-"},"content":"then","lastModifiedDate":"2020-05-25T00:03:55","isFullCredit":false},{"lineNumber":6,"author":{"gitId":"-"},"content":"    mkdir ../bin","lastModifiedDate":"2020-05-25T00:03:55","isFullCredit":false},{"lineNumber":7,"author":{"gitId":"-"},"content":"fi","lastModifiedDate":"2020-05-25T00:03:55","isFullCredit":false},{"lineNumber":8,"author":{"gitId":"-"},"content":"","lastModifiedDate":"2020-05-25T00:03:55","isFullCredit":false},{"lineNumber":9,"author":{"gitId":"-"},"content":"# delete output from previous run","lastModifiedDate":"2020-05-25T00:03:55","isFullCredit":false},{"lineNumber":10,"author":{"gitId":"-"},"content":"if [ -e \"./ACTUAL.TXT\" ]","lastModifiedDate":"2020-05-25T00:03:55","isFullCredit":false},{"lineNumber":11,"author":{"gitId":"-"},"content":"then","lastModifiedDate":"2020-05-25T00:03:55","isFullCredit":false},{"lineNumber":12,"author":{"gitId":"-"},"content":"    rm ACTUAL.TXT","lastModifiedDate":"2020-05-25T00:03:55","isFullCredit":false},{"lineNumber":13,"author":{"gitId":"-"},"content":"fi","lastModifiedDate":"2020-05-25T00:03:55","isFullCredit":false},{"lineNumber":14,"author":{"gitId":"-"},"content":"","lastModifiedDate":"2020-05-25T00:03:55","isFullCredit":false},{"lineNumber":15,"author":{"gitId":"-"},"content":"# compile the code into the bin folder, terminates if error occurred","lastModifiedDate":"2020-05-25T00:03:55","isFullCredit":false},{"lineNumber":16,"author":{"gitId":"-"},"content":"if ! javac -cp ../src/main/java -Xlint:none -d ../bin ../src/main/java/*.java","lastModifiedDate":"2020-08-25T17:23:26","isFullCredit":false},{"lineNumber":17,"author":{"gitId":"-"},"content":"then","lastModifiedDate":"2020-05-25T00:03:55","isFullCredit":false},{"lineNumber":18,"author":{"gitId":"-"},"content":"    echo \"********** BUILD FAILURE **********\"","lastModifiedDate":"2020-05-25T00:03:55","isFullCredit":false},{"lineNumber":19,"author":{"gitId":"-"},"content":"    exit 1","lastModifiedDate":"2020-05-25T00:03:55","isFullCredit":false},{"lineNumber":20,"author":{"gitId":"-"},"content":"fi","lastModifiedDate":"2020-05-25T00:03:55","isFullCredit":false},{"lineNumber":21,"author":{"gitId":"-"},"content":"","lastModifiedDate":"2020-05-25T00:03:55","isFullCredit":false},{"lineNumber":22,"author":{"gitId":"-"},"content":"# run the program, feed commands from input.txt file and redirect the output to the ACTUAL.TXT","lastModifiedDate":"2020-05-25T00:03:55","isFullCredit":false},{"lineNumber":23,"author":{"gitId":"TheresiaOng"},"content":"java -classpath ../bin Katsu \u003c input.txt \u003e ACTUAL.TXT","lastModifiedDate":"2025-08-18T23:39:16","isFullCredit":false},{"lineNumber":24,"author":{"gitId":"-"},"content":"","lastModifiedDate":"2020-05-25T00:03:55","isFullCredit":false},{"lineNumber":25,"author":{"gitId":"-"},"content":"# convert to UNIX format","lastModifiedDate":"2020-05-25T00:03:55","isFullCredit":false},{"lineNumber":26,"author":{"gitId":"-"},"content":"cp EXPECTED.TXT EXPECTED-UNIX.TXT","lastModifiedDate":"2020-05-25T00:03:55","isFullCredit":false},{"lineNumber":27,"author":{"gitId":"-"},"content":"dos2unix ACTUAL.TXT EXPECTED-UNIX.TXT","lastModifiedDate":"2020-05-25T00:03:55","isFullCredit":false},{"lineNumber":28,"author":{"gitId":"-"},"content":"","lastModifiedDate":"2020-05-25T00:03:55","isFullCredit":false},{"lineNumber":29,"author":{"gitId":"-"},"content":"# compare the output to the expected output","lastModifiedDate":"2020-05-25T00:03:55","isFullCredit":false},{"lineNumber":30,"author":{"gitId":"-"},"content":"diff ACTUAL.TXT EXPECTED-UNIX.TXT","lastModifiedDate":"2020-05-25T00:03:55","isFullCredit":false},{"lineNumber":31,"author":{"gitId":"-"},"content":"if [ $? -eq 0 ]","lastModifiedDate":"2020-05-25T00:03:55","isFullCredit":false},{"lineNumber":32,"author":{"gitId":"-"},"content":"then","lastModifiedDate":"2020-05-25T00:03:55","isFullCredit":false},{"lineNumber":33,"author":{"gitId":"-"},"content":"    echo \"Test result: PASSED\"","lastModifiedDate":"2020-05-25T00:03:55","isFullCredit":false},{"lineNumber":34,"author":{"gitId":"-"},"content":"    exit 0","lastModifiedDate":"2020-05-25T00:03:55","isFullCredit":false},{"lineNumber":35,"author":{"gitId":"-"},"content":"else","lastModifiedDate":"2020-05-25T00:03:55","isFullCredit":false},{"lineNumber":36,"author":{"gitId":"-"},"content":"    echo \"Test result: FAILED\"","lastModifiedDate":"2020-05-25T00:03:55","isFullCredit":false},{"lineNumber":37,"author":{"gitId":"-"},"content":"    exit 1","lastModifiedDate":"2020-05-25T00:03:55","isFullCredit":false},{"lineNumber":38,"author":{"gitId":"-"},"content":"fi","lastModifiedDate":"2020-05-25T00:03:55","isFullCredit":false}],"authorContributionMap":{"TheresiaOng":1,"-":37}}]
