[{"path":"src/main/java/TaskBot.java","fileType":"java","lines":[{"lineNumber":1,"author":{"gitId":"h-virdi"},"content":"import java.util.ArrayList;","lastModifiedDate":"2025-08-20T13:59:23","isFullCredit":false},{"lineNumber":2,"author":{"gitId":"h-virdi"},"content":"import java.util.List;","lastModifiedDate":"2025-08-20T13:59:23","isFullCredit":false},{"lineNumber":3,"author":{"gitId":"h-virdi"},"content":"import java.util.Scanner;","lastModifiedDate":"2025-08-20T13:02:06","isFullCredit":false},{"lineNumber":4,"author":{"gitId":"h-virdi"},"content":"","lastModifiedDate":"2025-08-20T13:02:06","isFullCredit":false},{"lineNumber":5,"author":{"gitId":"h-virdi"},"content":"public class TaskBot {","lastModifiedDate":"2025-08-20T12:47:58","isFullCredit":false},{"lineNumber":6,"author":{"gitId":"h-virdi"},"content":"    public static void main(String[] args) {","lastModifiedDate":"2025-08-20T12:47:58","isFullCredit":false},{"lineNumber":7,"author":{"gitId":"h-virdi"},"content":"        Scanner scanner \u003d new Scanner(System.in);","lastModifiedDate":"2025-08-20T13:02:06","isFullCredit":false},{"lineNumber":8,"author":{"gitId":"h-virdi"},"content":"","lastModifiedDate":"2025-08-20T13:02:06","isFullCredit":false},{"lineNumber":9,"author":{"gitId":"h-virdi"},"content":"        System.out.println(\"____________________________________________________________\");","lastModifiedDate":"2025-08-20T12:47:58","isFullCredit":false},{"lineNumber":10,"author":{"gitId":"h-virdi"},"content":"        System.out.println(\"Hello! I\u0027m TaskBot!\");","lastModifiedDate":"2025-08-20T12:47:58","isFullCredit":false},{"lineNumber":11,"author":{"gitId":"h-virdi"},"content":"        System.out.println(\"What can I do for you?\");","lastModifiedDate":"2025-08-20T12:47:58","isFullCredit":false},{"lineNumber":12,"author":{"gitId":"h-virdi"},"content":"        List\u003cString\u003e tasks \u003d new ArrayList\u003c\u003e();","lastModifiedDate":"2025-08-20T13:59:23","isFullCredit":false},{"lineNumber":13,"author":{"gitId":"h-virdi"},"content":"","lastModifiedDate":"2025-08-20T13:02:06","isFullCredit":false},{"lineNumber":14,"author":{"gitId":"h-virdi"},"content":"        while(true) {","lastModifiedDate":"2025-08-20T13:02:06","isFullCredit":false},{"lineNumber":15,"author":{"gitId":"h-virdi"},"content":"            String command \u003d scanner.nextLine();","lastModifiedDate":"2025-08-20T13:02:06","isFullCredit":false},{"lineNumber":16,"author":{"gitId":"h-virdi"},"content":"","lastModifiedDate":"2025-08-20T13:02:06","isFullCredit":false},{"lineNumber":17,"author":{"gitId":"h-virdi"},"content":"            if (command.equals(\"bye\")) {","lastModifiedDate":"2025-08-20T13:02:06","isFullCredit":false},{"lineNumber":18,"author":{"gitId":"h-virdi"},"content":"                System.out.println(\"____________________________________________________________\");","lastModifiedDate":"2025-08-20T12:47:58","isFullCredit":false},{"lineNumber":19,"author":{"gitId":"h-virdi"},"content":"                System.out.println(\"Bye. Hope to see you again soon!\");","lastModifiedDate":"2025-08-20T12:47:58","isFullCredit":false},{"lineNumber":20,"author":{"gitId":"h-virdi"},"content":"                System.out.println(\"____________________________________________________________\");","lastModifiedDate":"2025-08-20T12:47:58","isFullCredit":false},{"lineNumber":21,"author":{"gitId":"h-virdi"},"content":"                break;","lastModifiedDate":"2025-08-20T13:02:06","isFullCredit":false},{"lineNumber":22,"author":{"gitId":"h-virdi"},"content":"            }","lastModifiedDate":"2025-08-20T13:02:06","isFullCredit":false},{"lineNumber":23,"author":{"gitId":"h-virdi"},"content":"            else if (command.equals(\"list\")) {","lastModifiedDate":"2025-08-20T13:59:23","isFullCredit":false},{"lineNumber":24,"author":{"gitId":"h-virdi"},"content":"                System.out.println(\"____________________________________________________________\");","lastModifiedDate":"2025-08-20T13:59:23","isFullCredit":false},{"lineNumber":25,"author":{"gitId":"h-virdi"},"content":"                for (int i \u003d 0; i \u003c tasks.size(); i++) {","lastModifiedDate":"2025-08-20T13:59:23","isFullCredit":false},{"lineNumber":26,"author":{"gitId":"h-virdi"},"content":"                    System.out.println((i + 1) + \". \" + tasks.get(i));","lastModifiedDate":"2025-08-20T13:59:23","isFullCredit":false},{"lineNumber":27,"author":{"gitId":"h-virdi"},"content":"                }","lastModifiedDate":"2025-08-20T13:59:23","isFullCredit":false},{"lineNumber":28,"author":{"gitId":"h-virdi"},"content":"                System.out.println(\"____________________________________________________________\");","lastModifiedDate":"2025-08-20T13:59:23","isFullCredit":false},{"lineNumber":29,"author":{"gitId":"h-virdi"},"content":"            }","lastModifiedDate":"2025-08-20T13:59:23","isFullCredit":false},{"lineNumber":30,"author":{"gitId":"h-virdi"},"content":"            else {","lastModifiedDate":"2025-08-20T13:02:06","isFullCredit":false},{"lineNumber":31,"author":{"gitId":"h-virdi"},"content":"                tasks.add(command);","lastModifiedDate":"2025-08-20T13:59:23","isFullCredit":false},{"lineNumber":32,"author":{"gitId":"h-virdi"},"content":"                System.out.println(\"____________________________________________________________\");","lastModifiedDate":"2025-08-20T13:02:06","isFullCredit":false},{"lineNumber":33,"author":{"gitId":"h-virdi"},"content":"                System.out.println(\" added: \" + command);","lastModifiedDate":"2025-08-20T13:59:23","isFullCredit":false},{"lineNumber":34,"author":{"gitId":"h-virdi"},"content":"                System.out.println(\"____________________________________________________________\");","lastModifiedDate":"2025-08-20T13:02:06","isFullCredit":false},{"lineNumber":35,"author":{"gitId":"h-virdi"},"content":"            }","lastModifiedDate":"2025-08-20T13:02:06","isFullCredit":false},{"lineNumber":36,"author":{"gitId":"h-virdi"},"content":"        }","lastModifiedDate":"2025-08-20T13:02:06","isFullCredit":false},{"lineNumber":37,"author":{"gitId":"h-virdi"},"content":"    }","lastModifiedDate":"2025-08-20T12:47:58","isFullCredit":false},{"lineNumber":38,"author":{"gitId":"h-virdi"},"content":"}","lastModifiedDate":"2025-08-20T12:47:58","isFullCredit":false}],"authorContributionMap":{"h-virdi":38}}]
