{"authorDailyContributionsMap":{"h-virdi":[{"date":"2025-08-20T00:00:00","commitResults":[{"hash":"db1c20ce496653a2fd245ff45f5aeea068f0f577","isMergeCommit":false,"messageTitle":"New chatbot name","messageBody":"","fileTypesAndContributionMap":{"java":{"insertions":10,"deletions":10}}},{"hash":"7976a09a634b69c06e3e2d420ef33f5e2d8691bf","isMergeCommit":false,"messageTitle":"Echo","messageBody":"","tags":["Level-1"],"fileTypesAndContributionMap":{"java":{"insertions":20,"deletions":3}}},{"hash":"8fff3b0e6722720d6db280da09e1a35f8459f3cd","isMergeCommit":false,"messageTitle":"Add, List","messageBody":"","tags":["Level-2"],"fileTypesAndContributionMap":{"java":{"insertions":12,"deletions":1}}},{"hash":"7a64ae11a899b8c2f0be473cc1209eb18ff398ad","isMergeCommit":false,"messageTitle":"Mark as Done","messageBody":"","tags":["Level-3"],"fileTypesAndContributionMap":{"java":{"insertions":48,"deletions":3}}}]},{"date":"2025-08-21T00:00:00","commitResults":[{"hash":"a42483209b1ac7e27c1bbc0c5ffc9716b19621fa","isMergeCommit":false,"messageTitle":"Todo, Event, Deadline","messageBody":"","tags":["Level-4"],"fileTypesAndContributionMap":{"java":{"insertions":81,"deletions":4}}},{"hash":"5dbc4a8c5ace9cd95b5efc1cf8b34bf17890cd83","isMergeCommit":false,"messageTitle":"Automated Text UI Testing","messageBody":"","tags":["A-TextUiTesting"],"fileTypesAndContributionMap":{"txt":{"insertions":4,"deletions":0},"java":{"insertions":23,"deletions":21},"sh":{"insertions":1,"deletions":1}}},{"hash":"907f1badc50fc9c759994c80a3de26f80f22176a","isMergeCommit":false,"messageTitle":"Handle Errors","messageBody":"","tags":["Level-5"],"fileTypesAndContributionMap":{"java":{"insertions":75,"deletions":65}}},{"hash":"2002d0c084e5a4bc8913486e2bab8cfe1f46f1ce","isMergeCommit":false,"messageTitle":"Delete","messageBody":"","tags":["Level-6"],"fileTypesAndContributionMap":{"java":{"insertions":12,"deletions":4}}},{"hash":"2e1faa74a9b702a0edc766d9459535895c2094fe","isMergeCommit":false,"messageTitle":"Use Enums","messageBody":"","tags":["A-Enums"],"fileTypesAndContributionMap":{"java":{"insertions":26,"deletions":19}}}]}]},"authorFileTypeContributionMap":{"h-virdi":{"java":187,"md":0,"fxml":0,"sh":1,"bat":0,"gradle":0,"txt":4}},"authorContributionVariance":{"h-virdi":7880.5156},"authorDisplayNameMap":{"h-virdi":"CS2103T-T14-4 HARN..IRDI"}}
