{"authorDailyContributionsMap":{"krxm107":[{"date":"2025-08-17T00:00:00","commitResults":[{"hash":"410fd8465816042504aa0ec69b63e30397d4b091","isMergeCommit":false,"messageTitle":"Finished \"A-TextUiTesting: Automated Text UI Testing\"","messageBody":"","tags":["Level-4","Level-3","Level-2","Level-1","Level-0","A-TextUiTesting"],"fileTypesAndContributionMap":{"txt":{"insertions":13,"deletions":0},"java":{"insertions":306,"deletions":10},"bat":{"insertions":7,"deletions":4},"sh":{"insertions":0,"deletions":38}}},{"hash":"35cba703a2246fec83576f42054b6c2c967cfc98","isMergeCommit":false,"messageTitle":"Finished \"Level 6. Delete\"","messageBody":"","tags":["Level-6"],"fileTypesAndContributionMap":{"txt":{"insertions":8,"deletions":2},"java":{"insertions":47,"deletions":9}}}]},{"date":"2025-08-18T00:00:00","commitResults":[{"hash":"1f2be32de2532c9e0dc6aeac2453e4f106374d82","isMergeCommit":false,"messageTitle":"Finished stubbing and getting ready for Level-5","messageBody":"","fileTypesAndContributionMap":{"java":{"insertions":5,"deletions":1}}}]},{"date":"2025-08-19T00:00:00","commitResults":[{"hash":"53ffd36beabeb5d18008080b4f2fa4cc0d2c44f6","isMergeCommit":false,"messageTitle":"Finished the enums","messageBody":"","tags":["A-Enums"],"fileTypesAndContributionMap":{"java":{"insertions":95,"deletions":119}}},{"hash":"f47c7328b3f1181749e81d2ae348597d9419fb99","isMergeCommit":false,"messageTitle":"Simplified and cleaned up the package structure","messageBody":"","fileTypesAndContributionMap":{"java":{"insertions":15,"deletions":12}}},{"hash":"fa9548b4bc342ef34e0d200e2baf2f859ee5096f","isMergeCommit":false,"messageTitle":"Finished Week 2","messageBody":"","tags":["Level-5"],"fileTypesAndContributionMap":{"java":{"insertions":216,"deletions":18},"bat":{"insertions":2,"deletions":5}}}]},{"date":"2025-08-22T00:00:00","commitResults":[{"hash":"c3dfebbd1e2f37ff72138532bc222ce9a4b949c8","isMergeCommit":false,"messageTitle":"no message","messageBody":"","fileTypesAndContributionMap":{"java":{"insertions":14,"deletions":0}}},{"hash":"3c3b79ae23d8e8a3838810892fd9de65c91fdc6f","isMergeCommit":false,"messageTitle":"Revert \"no message\"","messageBody":"This reverts commit c3dfebbd1e2f37ff72138532bc222ce9a4b949c8.\n","fileTypesAndContributionMap":{"java":{"insertions":0,"deletions":14}}}]},{"date":"2025-08-23T00:00:00","commitResults":[{"hash":"c9fb70bfb9cd785243022e76eb2b265f20f1bf24","isMergeCommit":false,"messageTitle":"Prepare File IO","messageBody":"","fileTypesAndContributionMap":{"txt":{"insertions":0,"deletions":0},"java":{"insertions":193,"deletions":26},"bat":{"insertions":6,"deletions":5}}},{"hash":"83f4d22adc9629bdc1b646e9901e16b4bb410d9e","isMergeCommit":false,"messageTitle":"Finish \"Level 7. Save\"","messageBody":"","tags":["Level-7"],"fileTypesAndContributionMap":{"txt":{"insertions":0,"deletions":0},"java":{"insertions":57,"deletions":26}}},{"hash":"1622c2ee2fa06ab628b687f0ba8ca9f03e15192a","isMergeCommit":true,"messageTitle":"Merge branch \u0027branch-Level-7\u0027 into master","messageBody":"","fileTypesAndContributionMap":{}}]}]},"authorFileTypeContributionMap":{"krxm107":{"java":723,"md":0,"fxml":0,"sh":0,"bat":8,"gradle":0,"txt":19}},"authorContributionVariance":{"krxm107":26685.37},"authorDisplayNameMap":{"krxm107":"KAN ..THEW"}}
