{"authorDailyContributionsMap":{"krxm107":[{"date":"2025-08-17T00:00:00","commitResults":[{"hash":"410fd8465816042504aa0ec69b63e30397d4b091","isMergeCommit":false,"messageTitle":"Finished \"A-TextUiTesting: Automated Text UI Testing\"","messageBody":"","tags":["Level-4","Level-3","Level-2","Level-1","Level-0","A-TextUiTesting"],"fileTypesAndContributionMap":{"txt":{"insertions":13,"deletions":0},"java":{"insertions":306,"deletions":10},"bat":{"insertions":7,"deletions":4},"sh":{"insertions":0,"deletions":38}}},{"hash":"35cba703a2246fec83576f42054b6c2c967cfc98","isMergeCommit":false,"messageTitle":"Finished \"Level 6. Delete\"","messageBody":"","tags":["Level-6"],"fileTypesAndContributionMap":{"txt":{"insertions":8,"deletions":2},"java":{"insertions":47,"deletions":9}}}]},{"date":"2025-08-18T00:00:00","commitResults":[{"hash":"1f2be32de2532c9e0dc6aeac2453e4f106374d82","isMergeCommit":false,"messageTitle":"Finished stubbing and getting ready for Level-5","messageBody":"","fileTypesAndContributionMap":{"java":{"insertions":5,"deletions":1}}}]},{"date":"2025-08-19T00:00:00","commitResults":[{"hash":"53ffd36beabeb5d18008080b4f2fa4cc0d2c44f6","isMergeCommit":false,"messageTitle":"Finished the enums","messageBody":"","tags":["A-Enums"],"fileTypesAndContributionMap":{"java":{"insertions":95,"deletions":119}}},{"hash":"f47c7328b3f1181749e81d2ae348597d9419fb99","isMergeCommit":false,"messageTitle":"Simplified and cleaned up the package structure","messageBody":"","fileTypesAndContributionMap":{"java":{"insertions":15,"deletions":12}}},{"hash":"fa9548b4bc342ef34e0d200e2baf2f859ee5096f","isMergeCommit":false,"messageTitle":"Finished Week 2","messageBody":"","tags":["Level-5"],"fileTypesAndContributionMap":{"java":{"insertions":216,"deletions":18},"bat":{"insertions":2,"deletions":5}}}]},{"date":"2025-08-22T00:00:00","commitResults":[{"hash":"c3dfebbd1e2f37ff72138532bc222ce9a4b949c8","isMergeCommit":false,"messageTitle":"no message","messageBody":"","fileTypesAndContributionMap":{"java":{"insertions":14,"deletions":0}}},{"hash":"3c3b79ae23d8e8a3838810892fd9de65c91fdc6f","isMergeCommit":false,"messageTitle":"Revert \"no message\"","messageBody":"This reverts commit c3dfebbd1e2f37ff72138532bc222ce9a4b949c8.\n","fileTypesAndContributionMap":{"java":{"insertions":0,"deletions":14}}}]},{"date":"2025-08-23T00:00:00","commitResults":[{"hash":"c9fb70bfb9cd785243022e76eb2b265f20f1bf24","isMergeCommit":false,"messageTitle":"Prepare File IO","messageBody":"","fileTypesAndContributionMap":{"txt":{"insertions":0,"deletions":0},"java":{"insertions":193,"deletions":26},"bat":{"insertions":6,"deletions":5}}},{"hash":"83f4d22adc9629bdc1b646e9901e16b4bb410d9e","isMergeCommit":false,"messageTitle":"Finish \"Level 7. Save\"","messageBody":"","tags":["Level-7"],"fileTypesAndContributionMap":{"txt":{"insertions":0,"deletions":0},"java":{"insertions":57,"deletions":26}}},{"hash":"1622c2ee2fa06ab628b687f0ba8ca9f03e15192a","isMergeCommit":true,"messageTitle":"Merge branch \u0027branch-Level-7\u0027 into master","messageBody":"","fileTypesAndContributionMap":{}}]},{"date":"2025-08-24T00:00:00","commitResults":[{"hash":"5dac5d4a0190fc9dac290ed80bd89605a8c455ba","isMergeCommit":false,"messageTitle":"Fix TaskList singleton and change Task subclasses from inner classes to top level classes","messageBody":"","fileTypesAndContributionMap":{"txt":{"insertions":0,"deletions":0},"java":{"insertions":139,"deletions":124}}},{"hash":"ae496f02fc755d1d015aa14cd724e129e574d3d4","isMergeCommit":false,"messageTitle":"Finish Level 8 Dates and Times","messageBody":"","fileTypesAndContributionMap":{"txt":{"insertions":2,"deletions":2},"java":{"insertions":197,"deletions":76}}},{"hash":"313c303287b1f76217a715ed9eea59c837223d57","isMergeCommit":true,"messageTitle":"Merge branch \u0027branch-Level-8\u0027 into master","messageBody":"","tags":["Level-8"],"fileTypesAndContributionMap":{}},{"hash":"a8747a7e3a32eea267be10427aff73534cb30754","isMergeCommit":false,"messageTitle":"Stage BroBot.java","messageBody":"","fileTypesAndContributionMap":{"java":{"insertions":0,"deletions":2}}}]},{"date":"2025-08-25T00:00:00","commitResults":[{"hash":"c09c2eecba17fdbc30136ae8422a39732e7b5f79","isMergeCommit":false,"messageTitle":"Prepare for Streamlining Brobot Message Creation through use of java.lang.Runnable and a helper method in BroBot","messageBody":"","fileTypesAndContributionMap":{"java":{"insertions":15,"deletions":1}}},{"hash":"f8881d3e55137f91a2f5e3b724a15f3b2015c732","isMergeCommit":false,"messageTitle":"Remind myself of what the next refactoring must be","messageBody":"","fileTypesAndContributionMap":{"java":{"insertions":4,"deletions":0}}},{"hash":"4263a1ba18e12929ad501140870d0e0776e98ade","isMergeCommit":false,"messageTitle":"Finish Runnable Stub","messageBody":"","fileTypesAndContributionMap":{"java":{"insertions":8,"deletions":10}}},{"hash":"e091feb15b0ef716b0a757dc752afb2c581cd308","isMergeCommit":false,"messageTitle":"Finish TaskList Class, added command classes, did some refactoring","messageBody":"","fileTypesAndContributionMap":{"java":{"insertions":133,"deletions":334}}},{"hash":"930867e9550ffe2ae84a391dd16ab2d5b32dfd89","isMergeCommit":false,"messageTitle":"Delete Unnecessary Exceptions","messageBody":"","fileTypesAndContributionMap":{"java":{"insertions":74,"deletions":103}}}]},{"date":"2025-08-26T00:00:00","commitResults":[{"hash":"84fd62538cdd49948d3a3fda37f09f1b9fe832eb","isMergeCommit":false,"messageTitle":"Finish OOP for Commands","messageBody":"","fileTypesAndContributionMap":{"java":{"insertions":98,"deletions":32}}},{"hash":"c7061fecbf977cd1c1b4c41f2fcc4ebab07cb5fb","isMergeCommit":false,"messageTitle":"Finish packages","messageBody":"","tags":["A-Packages"],"fileTypesAndContributionMap":{"java":{"insertions":1,"deletions":1}}},{"hash":"d5736867a9f6dc034b1a95b72991524a535e7113","isMergeCommit":false,"messageTitle":"Finish Parser","messageBody":"","fileTypesAndContributionMap":{"java":{"insertions":20,"deletions":5}}},{"hash":"2ed920f9581f51d9b8dce53380d7035ade279ed0","isMergeCommit":false,"messageTitle":"Finish Parser","messageBody":"","fileTypesAndContributionMap":{"java":{"insertions":17,"deletions":1}}},{"hash":"d2e48cdc9ef2d8e180fdc89b8395594a78f720db","isMergeCommit":false,"messageTitle":"Finish All Other Classes Except UI","messageBody":"","fileTypesAndContributionMap":{"java":{"insertions":112,"deletions":13}}}]},{"date":"2025-08-27T00:00:00","commitResults":[{"hash":"bf2c30664ea86939ea807566271aae2e6321ac00","isMergeCommit":false,"messageTitle":"Finished A-MoreOOP","messageBody":"","tags":["A-MoreOOP"],"fileTypesAndContributionMap":{"java":{"insertions":135,"deletions":31},"bat":{"insertions":2,"deletions":2}}},{"hash":"c9c9b2545dc51cb01970faaaa6a554db84ae5c97","isMergeCommit":true,"messageTitle":"Merge branch \u0027A-MoreOOP\u0027 into master","messageBody":"","fileTypesAndContributionMap":{}},{"hash":"2469b1cb6838724c1e9cf165fe95a6be0c5592d2","isMergeCommit":true,"messageTitle":"Merge branch \u0027origin/add-gradle-support\u0027 into master","messageBody":"# Conflicts:\n#\ttext-ui-test/runtest.sh\n","fileTypesAndContributionMap":{}},{"hash":"801f7263f58a81768bcfbeb285df69536163bf4b","isMergeCommit":false,"messageTitle":"Finish Unit Testing","messageBody":"","fileTypesAndContributionMap":{"txt":{"insertions":4,"deletions":0},"java":{"insertions":117,"deletions":22},"bat":{"insertions":2,"deletions":2}}},{"hash":"02535cde6d1e553ee896ac4f14f1fcf24a0a3d37","isMergeCommit":true,"messageTitle":"Merge branch \u0027A-JUnit\u0027 into master","messageBody":"","tags":["A-JUnit"],"fileTypesAndContributionMap":{}},{"hash":"dc03b44a2878a9075dce0e677f552085798b5b5e","isMergeCommit":false,"messageTitle":"Finish brobot.jar","messageBody":"","tags":["A-Jar"],"fileTypesAndContributionMap":{"gradle":{"insertions":2,"deletions":2}}},{"hash":"b0b5c5fee8c25eaa9026aa950aa4dd969d78f9e8","isMergeCommit":true,"messageTitle":"Merge branch \u0027A-Jar\u0027 into master","messageBody":"","fileTypesAndContributionMap":{}},{"hash":"3e3bda10f627f22c163aacf2c8c2f0ef1a455c49","isMergeCommit":false,"messageTitle":"Complete Jar","messageBody":"","fileTypesAndContributionMap":{"java":{"insertions":1,"deletions":0}}},{"hash":"92b3cb5ead93a816a217ddafef7264c08bd396f3","isMergeCommit":false,"messageTitle":"Delete Action superinterface","messageBody":"","fileTypesAndContributionMap":{"java":{"insertions":28,"deletions":44}}},{"hash":"18605ec7bd8bf3044ec9aaac8769c3c712828ee6","isMergeCommit":false,"messageTitle":"Finish find command","messageBody":"","fileTypesAndContributionMap":{"java":{"insertions":81,"deletions":37}}},{"hash":"8473a574738efb24515632e688877fc0890ba3cf","isMergeCommit":false,"messageTitle":"Finish find command","messageBody":"","fileTypesAndContributionMap":{"java":{"insertions":1,"deletions":1}}},{"hash":"117a6a0a1ba262212a8e4334b996bda38932db26","isMergeCommit":true,"messageTitle":"Merge branch \u0027branch-Level-9\u0027 into master","messageBody":"","tags":["Level-9"],"fileTypesAndContributionMap":{}}]},{"date":"2025-08-28T00:00:00","commitResults":[{"hash":"74696a3f237c6ef8a00284c4d29115c1b2078de4","isMergeCommit":false,"messageTitle":"Add first coding standard up to before Layout","messageBody":"","fileTypesAndContributionMap":{"java":{"insertions":52,"deletions":46}}},{"hash":"8642e594f91613e95fc96c14ea35b20c7406a073","isMergeCommit":true,"messageTitle":"Merge branch \u0027branch-A-CodingStandard\u0027 into master","messageBody":"","fileTypesAndContributionMap":{}},{"hash":"d3baa0f94a068e82f31123a17cfc676a0ffb9170","isMergeCommit":false,"messageTitle":"Merge branch \u0027branch-A-CodingStandard\u0027 into master","messageBody":"","fileTypesAndContributionMap":{"txt":{"insertions":0,"deletions":0}}},{"hash":"f6551ae0fd220b941cba3d6bcce69797593ef8d5","isMergeCommit":false,"messageTitle":"Finish Coding Standard","messageBody":"","fileTypesAndContributionMap":{"txt":{"insertions":0,"deletions":4},"java":{"insertions":140,"deletions":118}}},{"hash":"25ccf0c77dca932e725ee5b6b276747b84f1f1fe","isMergeCommit":true,"messageTitle":"Merge branch \u0027branch-A-CodingStandard\u0027 into master","messageBody":"","tags":["A-CodingStandard"],"fileTypesAndContributionMap":{}},{"hash":"841f9bdc0ca752f71f5f84639a10da17d5e87a98","isMergeCommit":false,"messageTitle":"Finish JavaDocs","messageBody":"","fileTypesAndContributionMap":{"txt":{"insertions":0,"deletions":0},"java":{"insertions":360,"deletions":43}}},{"hash":"e2f38cc4be34f349319737fc67148120a93d42ec","isMergeCommit":true,"messageTitle":"Merge branch \u0027branch-A-JavaDoc\u0027 into master","messageBody":"","tags":["A-JavaDoc"],"fileTypesAndContributionMap":{}}]},{"date":"2025-08-29T00:00:00","commitResults":[{"hash":"e07689e2f5dacfc74ec61ec009412448bcc42358","isMergeCommit":false,"messageTitle":"Fix JavaDocs","messageBody":"","fileTypesAndContributionMap":{"java":{"insertions":47,"deletions":23}}},{"hash":"d8eba50592e34187d1c9f8717f80b85949cc127c","isMergeCommit":true,"messageTitle":"Merge branch \u0027branch-A-JavaDoc\u0027 into master","messageBody":"","fileTypesAndContributionMap":{}},{"hash":"52c11c7767e58011c47c79749c3ba3af9f41fb18","isMergeCommit":false,"messageTitle":"Delete fruits.txt","messageBody":"","fileTypesAndContributionMap":{"txt":{"insertions":4,"deletions":0},"java":{"insertions":4,"deletions":4}}}]},{"date":"2025-08-30T00:00:00","commitResults":[{"hash":"e98412c86ae7760c526b89f5252d2283c0284079","isMergeCommit":false,"messageTitle":"Finish Git Flavoured Markdown","messageBody":"","fileTypesAndContributionMap":{"txt":{"insertions":4,"deletions":0}}},{"hash":"9596852a779b161b9b3a94817ba53469091e773e","isMergeCommit":false,"messageTitle":"Finish cleaning style errors","messageBody":"","fileTypesAndContributionMap":{"gradle":{"insertions":8,"deletions":0},"java":{"insertions":282,"deletions":150}}},{"hash":"f8baa32dee75cd43a7ba634e1dc5b26468d3c3ae","isMergeCommit":true,"messageTitle":"Merge branch \u0027A-CheckStyle\u0027 into master","messageBody":"","tags":["A-CheckStyle"],"fileTypesAndContributionMap":{}},{"hash":"616eb78b8c3ecb99952b9e78df2caea8a0f60a88","isMergeCommit":false,"messageTitle":"no message","messageBody":"","fileTypesAndContributionMap":{"txt":{"insertions":0,"deletions":4}}},{"hash":"e8509dece7538ba031872c877f1fd56743577619","isMergeCommit":false,"messageTitle":"Install plugin in IntelliJ","messageBody":"","fileTypesAndContributionMap":{"gradle":{"insertions":1,"deletions":1},"txt":{"insertions":1,"deletions":1},"java":{"insertions":1,"deletions":0}}},{"hash":"5e582d547ba5b7021220ab0d87e81f4985e57346","isMergeCommit":false,"messageTitle":"Add Var-args","messageBody":"","fileTypesAndContributionMap":{"java":{"insertions":1,"deletions":1}}},{"hash":"3f756aff464a969f1894dde6a8609383fa7408c1","isMergeCommit":true,"messageTitle":"Merge branch \u0027A-Varargs\u0027 into master","messageBody":"","tags":["A-Varargs"],"fileTypesAndContributionMap":{}},{"hash":"2f3795afc9b629b39545487ecfb7ea0ae44c4f97","isMergeCommit":false,"messageTitle":"Improve Stateful Testing","messageBody":"","fileTypesAndContributionMap":{"txt":{"insertions":0,"deletions":4},"java":{"insertions":62,"deletions":16}}},{"hash":"09f1c21d2d4ba4e29d9ec6b37a96e28286da4882","isMergeCommit":false,"messageTitle":"Fix Grammatical Mistake in JavaDocs","messageBody":"","fileTypesAndContributionMap":{"java":{"insertions":1,"deletions":1}}},{"hash":"049ee0dc992f6ea10b0517a4605f31af2d3ee9b1","isMergeCommit":false,"messageTitle":"Fix Other Style Errors","messageBody":"","fileTypesAndContributionMap":{"txt":{"insertions":0,"deletions":0},"java":{"insertions":2,"deletions":6}}}]},{"date":"2025-08-31T00:00:00","commitResults":[{"hash":"e904b5935e89fddc98c7c5c5b44ec43d0bc15862","isMergeCommit":false,"messageTitle":"Finish JavaFX Part 1","messageBody":"","fileTypesAndContributionMap":{"java":{"insertions":8,"deletions":0}}},{"hash":"81f169160c5751663bf0fa2144aa4dbb27b722b4","isMergeCommit":false,"messageTitle":"Finish JavaFX Part 1","messageBody":"","fileTypesAndContributionMap":{"gradle":{"insertions":16,"deletions":1},"java":{"insertions":37,"deletions":1}}},{"hash":"9fff9149707a15c616aa38da6547af4fbd089bbf","isMergeCommit":false,"messageTitle":"Finish JavaFX Part 2","messageBody":"","fileTypesAndContributionMap":{"java":{"insertions":97,"deletions":18}}},{"hash":"800534f214bee804c4b53f2261b5bcdad83770f6","isMergeCommit":false,"messageTitle":"Convert Runnable to my own BrobotAction","messageBody":"","fileTypesAndContributionMap":{"java":{"insertions":36,"deletions":18}}},{"hash":"04fec49f63410d819aa553c88c88955838c686a3","isMergeCommit":false,"messageTitle":"Finish JavaFX Part 3","messageBody":"","fileTypesAndContributionMap":{"java":{"insertions":65,"deletions":4}}},{"hash":"8ff636944d23fe72ac4436090bfe180ba0dcf2fd","isMergeCommit":false,"messageTitle":"Finish JavaFX Part 4","messageBody":"","fileTypesAndContributionMap":{"fxml":{"insertions":66,"deletions":0},"java":{"insertions":102,"deletions":111}}},{"hash":"72bfd621f921d14e878d614e8ada44344e615468","isMergeCommit":false,"messageTitle":"Finish JavaFX Part 4","messageBody":"","fileTypesAndContributionMap":{"fxml":{"insertions":66,"deletions":0},"java":{"insertions":100,"deletions":111}}},{"hash":"20acd9b8c1816afeabb1b721b6a6a66653d26b05","isMergeCommit":true,"messageTitle":"Merge remote-tracking branch \u0027origin/Level-10\u0027 into Level-10","messageBody":"# Conflicts:\n#\tsrc/main/java/brobot/MainWindow.java\n","fileTypesAndContributionMap":{}},{"hash":"937f932ba435a082ab14598ed767927282fd3292","isMergeCommit":true,"messageTitle":"Merge branch \u0027branch-Level-10\u0027 into master","messageBody":"","fileTypesAndContributionMap":{}},{"hash":"42a45ee1fbefd85f5577403bf9e4c74dfaa6030c","isMergeCommit":false,"messageTitle":"Remove Text UI Testing","messageBody":"","fileTypesAndContributionMap":{"txt":{"insertions":0,"deletions":19},"bat":{"insertions":0,"deletions":22},"sh":{"insertions":0,"deletions":38}}},{"hash":"3de8bd68a79b14e3676e7f171c9b763de7783e2e","isMergeCommit":false,"messageTitle":"Make all classes final where possible","messageBody":"","fileTypesAndContributionMap":{"java":{"insertions":2,"deletions":2}}}]},{"date":"2025-09-01T00:00:00","commitResults":[{"hash":"14b3a6c18a63edf5ea994752c308616cea5ac086","isMergeCommit":false,"messageTitle":"Delete All Unnecessary Classes","messageBody":"","fileTypesAndContributionMap":{"java":{"insertions":13,"deletions":20}}},{"hash":"798e203406c85164658ede90f490fd79a569e506","isMergeCommit":false,"messageTitle":"Fix The fxml files","messageBody":"","fileTypesAndContributionMap":{"txt":{"insertions":4,"deletions":0},"java":{"insertions":5,"deletions":5}}},{"hash":"ed40b0c275e688c23ab58f7f555979341750783e","isMergeCommit":false,"messageTitle":"Finish Partial GUI Refactor","messageBody":"","fileTypesAndContributionMap":{"txt":{"insertions":1,"deletions":1},"java":{"insertions":102,"deletions":143}}},{"hash":"ea713036d09e783dc191e878834b75088b500d33","isMergeCommit":false,"messageTitle":"Add FileIOStatus class","messageBody":"","fileTypesAndContributionMap":{"txt":{"insertions":4,"deletions":0},"java":{"insertions":107,"deletions":65}}},{"hash":"2da72ec5cc5bc9479c8b57910222cb7be12b4460","isMergeCommit":false,"messageTitle":"Complete JavaFX except for bug fixes","messageBody":"","fileTypesAndContributionMap":{"txt":{"insertions":24,"deletions":0},"java":{"insertions":35,"deletions":15},"md":{"insertions":4,"deletions":4}}},{"hash":"973f1262f818bb2cb9e08d6b811f4e200c25a936","isMergeCommit":false,"messageTitle":"Finish JavaFX","messageBody":"","fileTypesAndContributionMap":{"txt":{"insertions":1,"deletions":25},"java":{"insertions":1,"deletions":3}}},{"hash":"89cbd56e0c936cf4a8deca0c912a308575121596","isMergeCommit":true,"messageTitle":"Merge branch \u0027branch-Level-10\u0027 into master","messageBody":"","tags":["Level-10"],"fileTypesAndContributionMap":{}},{"hash":"fa7d497961d438034d52e65b2b646e2e00d72c69","isMergeCommit":false,"messageTitle":"Fix bugs","messageBody":"","fileTypesAndContributionMap":{"txt":{"insertions":20,"deletions":1}}},{"hash":"ff1718c7b188398d89ed11283e077b72b7c7c884","isMergeCommit":false,"messageTitle":"Improved DialogBox factory constructors","messageBody":"","fileTypesAndContributionMap":{"txt":{"insertions":4,"deletions":0},"java":{"insertions":10,"deletions":10}}},{"hash":"586ec9e6d4dde33e833713e777d33a7dee2c7223","isMergeCommit":true,"messageTitle":"Merge branch master into \u0027branch-Level-10\u0027","messageBody":"","fileTypesAndContributionMap":{}},{"hash":"6bdd3058030275ec972ba18caf373bd59ebce664","isMergeCommit":false,"messageTitle":"Do some testing","messageBody":"","fileTypesAndContributionMap":{"txt":{"insertions":4,"deletions":0}}},{"hash":"60d273c691e8bd85930f670f1f65ac62c45cde1d","isMergeCommit":true,"messageTitle":"Merge branch \u0027branch-Level-10\u0027 into master","messageBody":"","fileTypesAndContributionMap":{}}]},{"date":"2025-09-04T00:00:00","commitResults":[{"hash":"dd04463207592749a0910a63e81f73e5fec8f314","isMergeCommit":false,"messageTitle":"Make the program continue to prompt the user even when File IO fails","messageBody":"","fileTypesAndContributionMap":{"txt":{"insertions":0,"deletions":31},"java":{"insertions":92,"deletions":57}}},{"hash":"743b2f5561ad9d11f70bc187f97cecb99528a6d8","isMergeCommit":true,"messageTitle":"Merge branch \u0027branch-fix-FileIOCheckedExceptions\u0027 into master","messageBody":"","fileTypesAndContributionMap":{}}]},{"date":"2025-09-05T00:00:00","commitResults":[{"hash":"18d600c7cfb05bfff1bdaa6cef24fb24c0faf697","isMergeCommit":false,"messageTitle":"Finish responding to feedback","messageBody":"","fileTypesAndContributionMap":{"java":{"insertions":41,"deletions":42}}},{"hash":"fd0208f7f309b6afa5d082ade2b2dc2403cff9fe","isMergeCommit":true,"messageTitle":"Merge branch master into \u0027branch-responding-to-feedback-1\u0027","messageBody":"","fileTypesAndContributionMap":{}},{"hash":"c763d0979387d58da49dd7bb1fd4932ffccf8730","isMergeCommit":false,"messageTitle":"Rename method to comply with Java Coding Standard","messageBody":"","fileTypesAndContributionMap":{"java":{"insertions":2,"deletions":2}}},{"hash":"d9adc1d92362878b7d384797854242330d1a6859","isMergeCommit":true,"messageTitle":"Merge branch \u0027branch-responding-to-feedback-1\u0027 into master","messageBody":"","fileTypesAndContributionMap":{}}]},{"date":"2025-09-06T00:00:00","commitResults":[{"hash":"036976b4b59634d59bc32a5d00b2b0ba97ff1621","isMergeCommit":false,"messageTitle":"Find command: convert to streams","messageBody":"Find command used a simple for loop. This is not very declarative and idiomatic.\n\nThus, a stream pipeline was adopted so that the find command becomes declarative.\n","tags":["A-Streams"],"fileTypesAndContributionMap":{"java":{"insertions":54,"deletions":41}}},{"hash":"fa83385ba6684c46c1372f7b4fcbc680f6a3521c","isMergeCommit":false,"messageTitle":"Add assertions to the program","messageBody":"The program lacked assertions and invariant checking. 3 assertions were added for this purpose.\n\nIn addition, the toString in BroBotDate is now lazy rather than eager, capitalizing on immutability, hence improving performance.\n\nIn future, I should fix my exception handling when I do my commands so bugs don\u0027t slip through.\n","fileTypesAndContributionMap":{"java":{"insertions":14,"deletions":2}}},{"hash":"271846d63daffaa006aca4ea9986f82f24b21862","isMergeCommit":false,"messageTitle":"Improve Code Quality","messageBody":"I have improved the code quality by replacing the magic literal and creating the constant Storage.SUCCESSFUL_HARD_DRIVE_SAVE\n","fileTypesAndContributionMap":{"java":{"insertions":11,"deletions":5}}},{"hash":"cd73419cf1346b2c324eaf4cda677ca2a67fd976","isMergeCommit":true,"messageTitle":"Merge pull request #1 from krxm107/branch-A-Streams","messageBody":"Find command: convert to streams","fileTypesAndContributionMap":{}},{"hash":"5ecd028b5dce6bac04b5f5ea0ef834117dc531e4","isMergeCommit":true,"messageTitle":"Merge branch \u0027master\u0027 into branch-A-CodeQuality","messageBody":"","fileTypesAndContributionMap":{}},{"hash":"e092060b35b051ba15dd184a16fd388dbcad2a70","isMergeCommit":true,"messageTitle":"Merge pull request #3 from krxm107/branch-A-CodeQuality","messageBody":"Improve Code Quality","fileTypesAndContributionMap":{}},{"hash":"79408acc3bcbbe22f2da26542141160d3b4d0915","isMergeCommit":true,"messageTitle":"Merge pull request #2 from krxm107/branch-A-Assertions","messageBody":"Add assertions to the program","tags":["A-CodeQuality","A-Assertions"],"fileTypesAndContributionMap":{}}]}]},"authorFileTypeContributionMap":{"krxm107":{"java":1883,"md":4,"fxml":66,"sh":0,"bat":0,"gradle":25,"txt":4}},"authorContributionVariance":{"krxm107":79507.336},"authorDisplayNameMap":{"krxm107":"CS2103T-F15b-4 KAN ..THEW"}}
