{"authorDailyContributionsMap":{"dnt0n":[{"date":"2025-08-21T00:00:00","commitResults":[{"hash":"363a5437cfdb1f60b1830689dbdc2a0715b187da","isMergeCommit":false,"messageTitle":"renamed duke and implemented greet and exit","messageBody":"","tags":["Level-0"],"fileTypesAndContributionMap":{"java":{"insertions":12,"deletions":10},"bat":{"insertions":1,"deletions":1},"md":{"insertions":3,"deletions":3}}}]},{"date":"2025-08-22T00:00:00","commitResults":[{"hash":"e757d9889f26eff9c219697c855842bcdab9ddbe","isMergeCommit":false,"messageTitle":"added echoing function","messageBody":"","tags":["Level-1"],"fileTypesAndContributionMap":{"java":{"insertions":32,"deletions":7}}},{"hash":"ae682d7d412f4d74511af45e7e8355ede83d6ade","isMergeCommit":false,"messageTitle":"implemented adding task and listing functions","messageBody":"","tags":["Level-2"],"fileTypesAndContributionMap":{"java":{"insertions":44,"deletions":3}}},{"hash":"b284bbf8aebc0b806808393bc4eecaff9c8d4ab3","isMergeCommit":false,"messageTitle":"added mark and unmark task feature","messageBody":"","tags":["Level-3"],"fileTypesAndContributionMap":{"java":{"insertions":34,"deletions":1}}},{"hash":"5e389b7c8b3737b7dd86d8d4dc858817da4c2ceb","isMergeCommit":false,"messageTitle":"push a-classes tag","messageBody":"","tags":["A-Classes"],"fileTypesAndContributionMap":{"java":{"insertions":2,"deletions":0}}},{"hash":"54db29b93f9e8045ee44de124488dc030955c9d7","isMergeCommit":false,"messageTitle":"implemented 3 kinds of tasks","messageBody":"","tags":["Level-4"],"fileTypesAndContributionMap":{"java":{"insertions":64,"deletions":3}}},{"hash":"1210b3cce6233f2b97349953cfd5c1f9b0773686","isMergeCommit":false,"messageTitle":"Update README.md","messageBody":"","fileTypesAndContributionMap":{"md":{"insertions":1,"deletions":1}}}]},{"date":"2025-08-27T00:00:00","commitResults":[{"hash":"d11814462a87c18bfebacca24d90d91d99bfe816","isMergeCommit":false,"messageTitle":"Add Text UI Testing","messageBody":"","tags":["A-TextUiTesting"],"fileTypesAndContributionMap":{"txt":{"insertions":6,"deletions":0}}}]},{"date":"2025-08-28T00:00:00","commitResults":[{"hash":"79a0f84730e1d37454c38610ecca9352f6f2b018","isMergeCommit":false,"messageTitle":"Add error handling to parsed inputs","messageBody":"To better handle invalid inputs from the user\n","tags":["Level-5"],"fileTypesAndContributionMap":{"java":{"insertions":173,"deletions":59}}},{"hash":"514f2184a3c370faf19f88ae1cd985c87f5f62eb","isMergeCommit":false,"messageTitle":"Add delete task function","messageBody":"Users could not delete tasks previously so i added that function\n","tags":["Level-6"],"fileTypesAndContributionMap":{"java":{"insertions":44,"deletions":22}}},{"hash":"88692a562e48e4c328cbf9b836f7a0074ef04876","isMergeCommit":false,"messageTitle":"Add enums for command types","messageBody":"Add enums to command types for safer input handling and better command classification\n","tags":["A-Enums"],"fileTypesAndContributionMap":{"java":{"insertions":1,"deletions":1}}},{"hash":"73ebda4a1363ea8334f4b4550a11eddcdbff6cfd","isMergeCommit":true,"messageTitle":"Merge branch \u0027master\u0027 of https://github.com/dnt0n/ip","messageBody":"","fileTypesAndContributionMap":{}}]},{"date":"2025-08-29T00:00:00","commitResults":[{"hash":"bf12b8954bda756146dec183064c820fb4aa93fb","isMergeCommit":false,"messageTitle":"Add saving task list to hard disk","messageBody":"Add storage class that handles reaading from and writing to hard disk\n","fileTypesAndContributionMap":{"txt":{"insertions":0,"deletions":0},"java":{"insertions":179,"deletions":7}}},{"hash":"24c979a502c7cf8c0aa791de9ced86e7f3bd6127","isMergeCommit":true,"messageTitle":"Merge branch \u0027branch-Level-7\u0027 into master","messageBody":"","tags":["Level-7"],"fileTypesAndContributionMap":{}},{"hash":"4b23ba6355fdc9f215ba1ff51593c1423597711a","isMergeCommit":false,"messageTitle":"Add proper date and time","messageBody":"Add proper date and time for better date and time handling and future extensibility\n","fileTypesAndContributionMap":{"java":{"insertions":68,"deletions":25}}},{"hash":"a216d8fb29d1f3e603fa55a4e480e5c399137d37","isMergeCommit":true,"messageTitle":"Merge branch \u0027branch-Level-8\u0027 into master","messageBody":"","tags":["Level-8"],"fileTypesAndContributionMap":{}},{"hash":"27e9e10bd36a3e501452a5296a253cf5b7a7cdd6","isMergeCommit":false,"messageTitle":"Add more OOP","messageBody":"","tags":["A-MoreOOP"],"fileTypesAndContributionMap":{"java":{"insertions":1,"deletions":1}}},{"hash":"42a3fbe001c8c75155feb06a330612b4845c63b0","isMergeCommit":false,"messageTitle":"Organize all classes into justachillguy package","messageBody":"","tags":["A-Packages"],"fileTypesAndContributionMap":{"java":{"insertions":29,"deletions":2},"bat":{"insertions":1,"deletions":1},"md":{"insertions":2,"deletions":2}}},{"hash":"1f7f11063a599cd9001ac83afdba7d253be28880","isMergeCommit":false,"messageTitle":"Add find task function based on keyword","messageBody":"","tags":["Level-9"],"fileTypesAndContributionMap":{"java":{"insertions":34,"deletions":3}}}]},{"date":"2025-09-02T00:00:00","commitResults":[{"hash":"36fd8c502806c416a4ed63a8b4c6f03abfb5b380","isMergeCommit":false,"messageTitle":"Fix some styles","messageBody":"Fix some styles like indentation\n","fileTypesAndContributionMap":{"java":{"insertions":111,"deletions":112}}}]},{"date":"2025-09-03T00:00:00","commitResults":[{"hash":"5e9424420253392a3fbcaef56bbae9b0c5f21883","isMergeCommit":true,"messageTitle":"Merge branch \u0027branch-Level-9","messageBody":"","fileTypesAndContributionMap":{}},{"hash":"0ec096942b609a3f3b596d09c5205d2414653e4e","isMergeCommit":false,"messageTitle":"Add JavaDoc","messageBody":"Add comprehensive JavaDoc for classes and methods\n","tags":["A-JavaDoc"],"fileTypesAndContributionMap":{"java":{"insertions":405,"deletions":122}}},{"hash":"cc35021b9e5ce71d787c1ac02b3026bbfbc46ea4","isMergeCommit":true,"messageTitle":"Merge branch \u0027branch-A-JavaDoc\u0027","messageBody":"","fileTypesAndContributionMap":{}},{"hash":"651557d4dee7dd16c6076f065140deed82a7d874","isMergeCommit":true,"messageTitle":"Merge branch \u0027add-gradle-support\u0027 of https://github.com/dnt0n/ip","messageBody":"","fileTypesAndContributionMap":{}},{"hash":"9026c40c7c6056e0e3ca400149d7ed2fb3711c47","isMergeCommit":false,"messageTitle":"Add Gradle support","messageBody":"Add gradle support to better facilitate build automation\n","tags":["A-Gradle"],"fileTypesAndContributionMap":{"gradle":{"insertions":1,"deletions":1}}},{"hash":"3252ba8b3fbd61b83b3e10f7ce00010dda996553","isMergeCommit":false,"messageTitle":"Add some unit tests","messageBody":"Add unit testss for Parser and ToDo classes\n","tags":["A-JUnit"],"fileTypesAndContributionMap":{"java":{"insertions":119,"deletions":0}}},{"hash":"1f220e5feb8711cf2130967a2625b61209993a4b","isMergeCommit":false,"messageTitle":"Add jar file on local machine","messageBody":"","tags":["A-Jar"],"fileTypesAndContributionMap":{"gradle":{"insertions":1,"deletions":1}}},{"hash":"691ef5ca71c73d9912db9197416650277066269e","isMergeCommit":false,"messageTitle":"Modify some files to adhere to coding standard","messageBody":"","tags":["A-CodingStandard"],"fileTypesAndContributionMap":{"java":{"insertions":113,"deletions":113}}},{"hash":"dd94a7417a82bc7c3f52a5e4bda3a84ba90c8922","isMergeCommit":true,"messageTitle":"Merge tag \u0027A-CodingStandard\u0027","messageBody":"","fileTypesAndContributionMap":{}}]},{"date":"2025-09-05T00:00:00","commitResults":[{"hash":"ad014cf93cd901866138f1e51e3d65362551d20d","isMergeCommit":false,"messageTitle":"Add GUI for the chatbot","messageBody":"","fileTypesAndContributionMap":{"fxml":{"insertions":0,"deletions":0},"java":{"insertions":16,"deletions":0}}},{"hash":"f455fba1b83b60457c27b126c6f05c2bacc37d45","isMergeCommit":false,"messageTitle":"Add GUI for the chatbot","messageBody":"","tags":["Level-10"],"fileTypesAndContributionMap":{"gradle":{"insertions":28,"deletions":1},"txt":{"insertions":3,"deletions":0},"fxml":{"insertions":41,"deletions":0},"java":{"insertions":343,"deletions":22}}},{"hash":"24325d8d5cbf09faa9beb63a1bdb61d25ed4fdda","isMergeCommit":true,"messageTitle":"Merge branch \u0027branch-Level-10\u0027","messageBody":"","fileTypesAndContributionMap":{}},{"hash":"97652a6713215fd01f90b0da6ccdc7b6629d65e1","isMergeCommit":false,"messageTitle":"Update HELP string","messageBody":"","fileTypesAndContributionMap":{"java":{"insertions":7,"deletions":2}}},{"hash":"f1efe8e292a17a4d46e14c6ac7ca15131a76d978","isMergeCommit":false,"messageTitle":"Add checkstyle","messageBody":"","tags":["A-CheckStyle"],"fileTypesAndContributionMap":{"txt":{"insertions":1,"deletions":0},"java":{"insertions":23,"deletions":23}}},{"hash":"96e049d8613725a0d7a876c245c4e3ed5bcbb3cf","isMergeCommit":true,"messageTitle":"Merge branch \u0027branch-Checkstyle\u0027","messageBody":"","fileTypesAndContributionMap":{}}]},{"date":"2025-09-12T00:00:00","commitResults":[{"hash":"329627e9baa963fdf2feb76cdaca33ab2fc8d19f","isMergeCommit":false,"messageTitle":"Add default case for switch statements","messageBody":"Switch statements did not have default case, which was of weak\ncoding standard. I added the default case to comply with coding\nstandard.\n","tags":["A-FullCommitMessage"],"fileTypesAndContributionMap":{"txt":{"insertions":2,"deletions":2},"java":{"insertions":6,"deletions":6}}}]}]},"authorFileTypeContributionMap":{"dnt0n":{"java":1326,"md":2,"fxml":41,"sh":0,"bat":1,"gradle":29,"txt":10}},"authorContributionVariance":{"dnt0n":32126.732},"authorDisplayNameMap":{"dnt0n":"CS2103T-W11-2 DANT..TING"}}
