[{"path":"src/main/java/Simon.java","fileType":"java","lines":[{"lineNumber":1,"author":{"gitId":"IsaiahToh"},"content":"import java.util.Scanner;","lastModifiedDate":"2025-08-20T01:31:53","isFullCredit":false},{"lineNumber":2,"author":{"gitId":"IsaiahToh"},"content":"","lastModifiedDate":"2025-08-20T01:31:53","isFullCredit":false},{"lineNumber":3,"author":{"gitId":"IsaiahToh"},"content":"public class Simon {","lastModifiedDate":"2025-08-20T01:09:10","isFullCredit":false},{"lineNumber":4,"author":{"gitId":"IsaiahToh"},"content":"    public static void main(String[] args) {","lastModifiedDate":"2025-08-20T01:09:10","isFullCredit":false},{"lineNumber":5,"author":{"gitId":"IsaiahToh"},"content":"        Scanner scanner \u003d new Scanner(System.in);","lastModifiedDate":"2025-08-20T01:48:32","isFullCredit":false},{"lineNumber":6,"author":{"gitId":"IsaiahToh"},"content":"        Task[] tasks \u003d new Task[100];","lastModifiedDate":"2025-08-20T02:31:40","isFullCredit":false},{"lineNumber":7,"author":{"gitId":"IsaiahToh"},"content":"        int taskCount \u003d 0;","lastModifiedDate":"2025-08-20T01:48:32","isFullCredit":false},{"lineNumber":8,"author":{"gitId":"IsaiahToh"},"content":"","lastModifiedDate":"2025-08-20T01:48:32","isFullCredit":false},{"lineNumber":9,"author":{"gitId":"IsaiahToh"},"content":"        String logo \u003d \"   _____ _                     \\n\"","lastModifiedDate":"2025-08-20T01:09:10","isFullCredit":false},{"lineNumber":10,"author":{"gitId":"IsaiahToh"},"content":"                + \"  / ___/(_)___ ___  ____  ____ \\n\"","lastModifiedDate":"2025-08-20T01:09:10","isFullCredit":false},{"lineNumber":11,"author":{"gitId":"IsaiahToh"},"content":"                + \"  \\\\__ \\\\/ / __ `__ \\\\/ __ \\\\/ __ \\\\\\n\"","lastModifiedDate":"2025-08-20T01:09:10","isFullCredit":false},{"lineNumber":12,"author":{"gitId":"IsaiahToh"},"content":"                + \" ___/ / / / / / / / /_/ / / / /\\n\"","lastModifiedDate":"2025-08-20T01:09:10","isFullCredit":false},{"lineNumber":13,"author":{"gitId":"IsaiahToh"},"content":"                + \"/____/_/_/ /_/ /_/\\\\____/_/ /_/ \\n\";","lastModifiedDate":"2025-08-20T01:09:10","isFullCredit":false},{"lineNumber":14,"author":{"gitId":"IsaiahToh"},"content":"        System.out.println(","lastModifiedDate":"2025-08-20T01:09:53","isFullCredit":false},{"lineNumber":15,"author":{"gitId":"IsaiahToh"},"content":"            \"____________________________________________________________\\n\" ","lastModifiedDate":"2025-08-20T01:09:53","isFullCredit":false},{"lineNumber":16,"author":{"gitId":"IsaiahToh"},"content":"            + logo ","lastModifiedDate":"2025-08-20T01:09:53","isFullCredit":false},{"lineNumber":17,"author":{"gitId":"IsaiahToh"},"content":"            + \"\\nHello! I\u0027m Simon\\n\"","lastModifiedDate":"2025-08-20T01:09:53","isFullCredit":false},{"lineNumber":18,"author":{"gitId":"IsaiahToh"},"content":"            + \"What can I do for you?\\n\"","lastModifiedDate":"2025-08-20T01:09:53","isFullCredit":false},{"lineNumber":19,"author":{"gitId":"IsaiahToh"},"content":"            + \"____________________________________________________________\\n\"","lastModifiedDate":"2025-08-20T01:09:53","isFullCredit":false},{"lineNumber":20,"author":{"gitId":"IsaiahToh"},"content":"        );","lastModifiedDate":"2025-08-20T01:31:53","isFullCredit":false},{"lineNumber":21,"author":{"gitId":"IsaiahToh"},"content":"","lastModifiedDate":"2025-08-20T01:31:53","isFullCredit":false},{"lineNumber":22,"author":{"gitId":"IsaiahToh"},"content":"        while (true) {","lastModifiedDate":"2025-08-20T01:31:53","isFullCredit":false},{"lineNumber":23,"author":{"gitId":"IsaiahToh"},"content":"            String input \u003d scanner.nextLine();","lastModifiedDate":"2025-08-20T01:31:53","isFullCredit":false},{"lineNumber":24,"author":{"gitId":"IsaiahToh"},"content":"            if (input.equals(\"bye\")) {","lastModifiedDate":"2025-08-20T01:31:53","isFullCredit":false},{"lineNumber":25,"author":{"gitId":"IsaiahToh"},"content":"                System.out.println(\"\"\"","lastModifiedDate":"2025-08-20T01:31:53","isFullCredit":false},{"lineNumber":26,"author":{"gitId":"IsaiahToh"},"content":"                    ____________________________________________________________","lastModifiedDate":"2025-08-20T01:31:53","isFullCredit":false},{"lineNumber":27,"author":{"gitId":"IsaiahToh"},"content":"                     Bye. Hope to see you again soon!","lastModifiedDate":"2025-08-20T01:31:53","isFullCredit":false},{"lineNumber":28,"author":{"gitId":"IsaiahToh"},"content":"                    ____________________________________________________________","lastModifiedDate":"2025-08-20T01:31:53","isFullCredit":false},{"lineNumber":29,"author":{"gitId":"IsaiahToh"},"content":"                    \"\"\");","lastModifiedDate":"2025-08-20T01:31:53","isFullCredit":false},{"lineNumber":30,"author":{"gitId":"IsaiahToh"},"content":"                break;","lastModifiedDate":"2025-08-20T01:31:53","isFullCredit":false},{"lineNumber":31,"author":{"gitId":"IsaiahToh"},"content":"            } else if (input.equals(\"list\")) {","lastModifiedDate":"2025-08-20T01:48:32","isFullCredit":false},{"lineNumber":32,"author":{"gitId":"IsaiahToh"},"content":"                System.out.println(\"____________________________________________________________\\n Here are the tasks in your list:\");","lastModifiedDate":"2025-08-20T02:31:40","isFullCredit":false},{"lineNumber":33,"author":{"gitId":"IsaiahToh"},"content":"                for (int i \u003d 0; i \u003c taskCount; i++) {","lastModifiedDate":"2025-08-20T01:48:32","isFullCredit":false},{"lineNumber":34,"author":{"gitId":"IsaiahToh"},"content":"                    System.out.println(\" \" + (i + 1) + \". \" + tasks[i]);","lastModifiedDate":"2025-08-20T01:48:32","isFullCredit":false},{"lineNumber":35,"author":{"gitId":"IsaiahToh"},"content":"                }","lastModifiedDate":"2025-08-20T01:48:32","isFullCredit":false},{"lineNumber":36,"author":{"gitId":"IsaiahToh"},"content":"                System.out.println(\"____________________________________________________________\");","lastModifiedDate":"2025-08-20T01:48:32","isFullCredit":false},{"lineNumber":37,"author":{"gitId":"IsaiahToh"},"content":"            } else if (input.startsWith(\"mark \")) {","lastModifiedDate":"2025-08-20T02:31:40","isFullCredit":false},{"lineNumber":38,"author":{"gitId":"IsaiahToh"},"content":"                try {","lastModifiedDate":"2025-08-20T02:31:40","isFullCredit":false},{"lineNumber":39,"author":{"gitId":"IsaiahToh"},"content":"                    int taskIdx \u003d Integer.parseInt(input.substring(5)) - 1;","lastModifiedDate":"2025-08-20T02:31:40","isFullCredit":false},{"lineNumber":40,"author":{"gitId":"IsaiahToh"},"content":"                    if (taskIdx \u003c 0 || taskIdx \u003e\u003d taskCount) {","lastModifiedDate":"2025-08-20T02:31:40","isFullCredit":false},{"lineNumber":41,"author":{"gitId":"IsaiahToh"},"content":"                        throw new IndexOutOfBoundsException();","lastModifiedDate":"2025-08-20T02:31:40","isFullCredit":false},{"lineNumber":42,"author":{"gitId":"IsaiahToh"},"content":"                    }","lastModifiedDate":"2025-08-20T02:31:40","isFullCredit":false},{"lineNumber":43,"author":{"gitId":"IsaiahToh"},"content":"                    tasks[taskIdx].markAsDone();","lastModifiedDate":"2025-08-20T02:31:40","isFullCredit":false},{"lineNumber":44,"author":{"gitId":"IsaiahToh"},"content":"                    System.out.println(","lastModifiedDate":"2025-08-20T02:31:40","isFullCredit":false},{"lineNumber":45,"author":{"gitId":"IsaiahToh"},"content":"                        \"____________________________________________________________\\n\"","lastModifiedDate":"2025-08-20T02:31:40","isFullCredit":false},{"lineNumber":46,"author":{"gitId":"IsaiahToh"},"content":"                        + \" Nice! I\u0027ve marked this task as done:\\n\"","lastModifiedDate":"2025-08-20T02:31:40","isFullCredit":false},{"lineNumber":47,"author":{"gitId":"IsaiahToh"},"content":"                        + \"   \" + tasks[taskIdx]","lastModifiedDate":"2025-08-20T02:31:40","isFullCredit":false},{"lineNumber":48,"author":{"gitId":"IsaiahToh"},"content":"                        + \"\\n____________________________________________________________\"","lastModifiedDate":"2025-08-20T02:31:40","isFullCredit":false},{"lineNumber":49,"author":{"gitId":"IsaiahToh"},"content":"                    );","lastModifiedDate":"2025-08-20T02:31:40","isFullCredit":false},{"lineNumber":50,"author":{"gitId":"IsaiahToh"},"content":"                } catch (IndexOutOfBoundsException e) {","lastModifiedDate":"2025-08-20T02:31:40","isFullCredit":false},{"lineNumber":51,"author":{"gitId":"IsaiahToh"},"content":"                    System.out.println(\"\"\"","lastModifiedDate":"2025-08-20T02:31:40","isFullCredit":false},{"lineNumber":52,"author":{"gitId":"IsaiahToh"},"content":"                        ____________________________________________________________","lastModifiedDate":"2025-08-20T02:31:40","isFullCredit":false},{"lineNumber":53,"author":{"gitId":"IsaiahToh"},"content":"                         There is no task at this index.","lastModifiedDate":"2025-08-20T02:31:40","isFullCredit":false},{"lineNumber":54,"author":{"gitId":"IsaiahToh"},"content":"                        ____________________________________________________________","lastModifiedDate":"2025-08-20T02:31:40","isFullCredit":false},{"lineNumber":55,"author":{"gitId":"IsaiahToh"},"content":"                        \"\"\");","lastModifiedDate":"2025-08-20T02:31:40","isFullCredit":false},{"lineNumber":56,"author":{"gitId":"IsaiahToh"},"content":"                } catch (NumberFormatException e) {","lastModifiedDate":"2025-08-20T02:31:40","isFullCredit":false},{"lineNumber":57,"author":{"gitId":"IsaiahToh"},"content":"                    System.out.println(\"\"\"","lastModifiedDate":"2025-08-20T02:31:40","isFullCredit":false},{"lineNumber":58,"author":{"gitId":"IsaiahToh"},"content":"                        ____________________________________________________________","lastModifiedDate":"2025-08-20T02:31:40","isFullCredit":false},{"lineNumber":59,"author":{"gitId":"IsaiahToh"},"content":"                         Invalid mark command. Enter an integer after \"mark \".","lastModifiedDate":"2025-08-20T02:31:40","isFullCredit":false},{"lineNumber":60,"author":{"gitId":"IsaiahToh"},"content":"                        ____________________________________________________________","lastModifiedDate":"2025-08-20T02:31:40","isFullCredit":false},{"lineNumber":61,"author":{"gitId":"IsaiahToh"},"content":"                        \"\"\");","lastModifiedDate":"2025-08-20T02:31:40","isFullCredit":false},{"lineNumber":62,"author":{"gitId":"IsaiahToh"},"content":"                }","lastModifiedDate":"2025-08-20T02:31:40","isFullCredit":false},{"lineNumber":63,"author":{"gitId":"IsaiahToh"},"content":"            } else if (input.startsWith(\"unmark \")) {","lastModifiedDate":"2025-08-20T02:31:40","isFullCredit":false},{"lineNumber":64,"author":{"gitId":"IsaiahToh"},"content":"                try {","lastModifiedDate":"2025-08-20T02:31:40","isFullCredit":false},{"lineNumber":65,"author":{"gitId":"IsaiahToh"},"content":"                    int taskIdx \u003d Integer.parseInt(input.substring(7)) - 1;","lastModifiedDate":"2025-08-20T02:31:40","isFullCredit":false},{"lineNumber":66,"author":{"gitId":"IsaiahToh"},"content":"                    if (taskIdx \u003c 0 || taskIdx \u003e\u003d taskCount) {","lastModifiedDate":"2025-08-20T02:31:40","isFullCredit":false},{"lineNumber":67,"author":{"gitId":"IsaiahToh"},"content":"                        throw new IndexOutOfBoundsException();","lastModifiedDate":"2025-08-20T02:31:40","isFullCredit":false},{"lineNumber":68,"author":{"gitId":"IsaiahToh"},"content":"                    }","lastModifiedDate":"2025-08-20T02:31:40","isFullCredit":false},{"lineNumber":69,"author":{"gitId":"IsaiahToh"},"content":"                    tasks[taskIdx].markAsNotDone();","lastModifiedDate":"2025-08-20T02:31:40","isFullCredit":false},{"lineNumber":70,"author":{"gitId":"IsaiahToh"},"content":"                    System.out.println(","lastModifiedDate":"2025-08-20T02:31:40","isFullCredit":false},{"lineNumber":71,"author":{"gitId":"IsaiahToh"},"content":"                        \"____________________________________________________________\\n\"","lastModifiedDate":"2025-08-20T02:31:40","isFullCredit":false},{"lineNumber":72,"author":{"gitId":"IsaiahToh"},"content":"                        + \" OK, I\u0027ve marked this task as not done yet:\\n\"","lastModifiedDate":"2025-08-20T02:31:40","isFullCredit":false},{"lineNumber":73,"author":{"gitId":"IsaiahToh"},"content":"                        + \"   \" + tasks[taskIdx]","lastModifiedDate":"2025-08-20T02:31:40","isFullCredit":false},{"lineNumber":74,"author":{"gitId":"IsaiahToh"},"content":"                        + \"\\n____________________________________________________________\"","lastModifiedDate":"2025-08-20T02:31:40","isFullCredit":false},{"lineNumber":75,"author":{"gitId":"IsaiahToh"},"content":"                    );","lastModifiedDate":"2025-08-20T02:31:40","isFullCredit":false},{"lineNumber":76,"author":{"gitId":"IsaiahToh"},"content":"                } catch (IndexOutOfBoundsException e) {","lastModifiedDate":"2025-08-20T02:31:40","isFullCredit":false},{"lineNumber":77,"author":{"gitId":"IsaiahToh"},"content":"                    System.out.println(\"\"\"","lastModifiedDate":"2025-08-20T02:31:40","isFullCredit":false},{"lineNumber":78,"author":{"gitId":"IsaiahToh"},"content":"                        ____________________________________________________________","lastModifiedDate":"2025-08-20T02:31:40","isFullCredit":false},{"lineNumber":79,"author":{"gitId":"IsaiahToh"},"content":"                         There is no task at this index.","lastModifiedDate":"2025-08-20T02:31:40","isFullCredit":false},{"lineNumber":80,"author":{"gitId":"IsaiahToh"},"content":"                        ____________________________________________________________","lastModifiedDate":"2025-08-20T02:31:40","isFullCredit":false},{"lineNumber":81,"author":{"gitId":"IsaiahToh"},"content":"                        \"\"\");","lastModifiedDate":"2025-08-20T02:31:40","isFullCredit":false},{"lineNumber":82,"author":{"gitId":"IsaiahToh"},"content":"                } catch (NumberFormatException e) {","lastModifiedDate":"2025-08-20T02:31:40","isFullCredit":false},{"lineNumber":83,"author":{"gitId":"IsaiahToh"},"content":"                    System.out.println(\"\"\"","lastModifiedDate":"2025-08-20T02:31:40","isFullCredit":false},{"lineNumber":84,"author":{"gitId":"IsaiahToh"},"content":"                        ____________________________________________________________","lastModifiedDate":"2025-08-20T02:31:40","isFullCredit":false},{"lineNumber":85,"author":{"gitId":"IsaiahToh"},"content":"                         Invalid mark command. Enter an integer after \"mark \".","lastModifiedDate":"2025-08-20T02:31:40","isFullCredit":false},{"lineNumber":86,"author":{"gitId":"IsaiahToh"},"content":"                        ____________________________________________________________","lastModifiedDate":"2025-08-20T02:31:40","isFullCredit":false},{"lineNumber":87,"author":{"gitId":"IsaiahToh"},"content":"                        \"\"\");","lastModifiedDate":"2025-08-20T02:31:40","isFullCredit":false},{"lineNumber":88,"author":{"gitId":"IsaiahToh"},"content":"                }","lastModifiedDate":"2025-08-20T02:31:40","isFullCredit":false},{"lineNumber":89,"author":{"gitId":"IsaiahToh"},"content":"            } else {","lastModifiedDate":"2025-08-20T01:31:53","isFullCredit":false},{"lineNumber":90,"author":{"gitId":"IsaiahToh"},"content":"                tasks[taskCount] \u003d new Task(input);","lastModifiedDate":"2025-08-20T02:31:40","isFullCredit":false},{"lineNumber":91,"author":{"gitId":"IsaiahToh"},"content":"                taskCount++;","lastModifiedDate":"2025-08-20T01:48:32","isFullCredit":false},{"lineNumber":92,"author":{"gitId":"IsaiahToh"},"content":"                System.out.println(","lastModifiedDate":"2025-08-20T01:31:53","isFullCredit":false},{"lineNumber":93,"author":{"gitId":"IsaiahToh"},"content":"                    \"____________________________________________________________\\n\" ","lastModifiedDate":"2025-08-20T01:48:32","isFullCredit":false},{"lineNumber":94,"author":{"gitId":"IsaiahToh"},"content":"                    + \" added: \"","lastModifiedDate":"2025-08-20T01:48:32","isFullCredit":false},{"lineNumber":95,"author":{"gitId":"IsaiahToh"},"content":"                    + input","lastModifiedDate":"2025-08-20T01:31:53","isFullCredit":false},{"lineNumber":96,"author":{"gitId":"IsaiahToh"},"content":"                    + \"\\n____________________________________________________________\"","lastModifiedDate":"2025-08-20T01:31:53","isFullCredit":false},{"lineNumber":97,"author":{"gitId":"IsaiahToh"},"content":"                );","lastModifiedDate":"2025-08-20T01:31:53","isFullCredit":false},{"lineNumber":98,"author":{"gitId":"IsaiahToh"},"content":"            }","lastModifiedDate":"2025-08-20T01:31:53","isFullCredit":false},{"lineNumber":99,"author":{"gitId":"IsaiahToh"},"content":"        }","lastModifiedDate":"2025-08-20T01:31:53","isFullCredit":false},{"lineNumber":100,"author":{"gitId":"IsaiahToh"},"content":"        scanner.close();","lastModifiedDate":"2025-08-20T01:31:53","isFullCredit":false},{"lineNumber":101,"author":{"gitId":"IsaiahToh"},"content":"    }","lastModifiedDate":"2025-08-20T01:09:10","isFullCredit":false},{"lineNumber":102,"author":{"gitId":"IsaiahToh"},"content":"}","lastModifiedDate":"2025-08-20T01:09:10","isFullCredit":false}],"authorContributionMap":{"IsaiahToh":102}},{"path":"src/main/java/Task.java","fileType":"java","lines":[{"lineNumber":1,"author":{"gitId":"IsaiahToh"},"content":"public class Task {","lastModifiedDate":"2025-08-20T01:57:02","isFullCredit":false},{"lineNumber":2,"author":{"gitId":"IsaiahToh"},"content":"    protected String description;","lastModifiedDate":"2025-08-20T01:57:02","isFullCredit":false},{"lineNumber":3,"author":{"gitId":"IsaiahToh"},"content":"    protected boolean isDone;","lastModifiedDate":"2025-08-20T01:57:02","isFullCredit":false},{"lineNumber":4,"author":{"gitId":"IsaiahToh"},"content":"","lastModifiedDate":"2025-08-20T01:57:02","isFullCredit":false},{"lineNumber":5,"author":{"gitId":"IsaiahToh"},"content":"    public Task(String description) {","lastModifiedDate":"2025-08-20T01:57:02","isFullCredit":false},{"lineNumber":6,"author":{"gitId":"IsaiahToh"},"content":"        this.description \u003d description;","lastModifiedDate":"2025-08-20T01:57:02","isFullCredit":false},{"lineNumber":7,"author":{"gitId":"IsaiahToh"},"content":"        this.isDone \u003d false;","lastModifiedDate":"2025-08-20T01:57:02","isFullCredit":false},{"lineNumber":8,"author":{"gitId":"IsaiahToh"},"content":"    }","lastModifiedDate":"2025-08-20T01:57:02","isFullCredit":false},{"lineNumber":9,"author":{"gitId":"IsaiahToh"},"content":"","lastModifiedDate":"2025-08-20T01:57:02","isFullCredit":false},{"lineNumber":10,"author":{"gitId":"IsaiahToh"},"content":"    public String getStatusIcon() {","lastModifiedDate":"2025-08-20T01:57:02","isFullCredit":false},{"lineNumber":11,"author":{"gitId":"IsaiahToh"},"content":"        return (isDone ? \"X\" : \" \");","lastModifiedDate":"2025-08-20T01:57:02","isFullCredit":false},{"lineNumber":12,"author":{"gitId":"IsaiahToh"},"content":"    }","lastModifiedDate":"2025-08-20T01:57:02","isFullCredit":false},{"lineNumber":13,"author":{"gitId":"IsaiahToh"},"content":"","lastModifiedDate":"2025-08-20T01:57:02","isFullCredit":false},{"lineNumber":14,"author":{"gitId":"IsaiahToh"},"content":"    public void markAsDone() {","lastModifiedDate":"2025-08-20T01:57:02","isFullCredit":false},{"lineNumber":15,"author":{"gitId":"IsaiahToh"},"content":"        isDone \u003d true;","lastModifiedDate":"2025-08-20T01:57:02","isFullCredit":false},{"lineNumber":16,"author":{"gitId":"IsaiahToh"},"content":"    }","lastModifiedDate":"2025-08-20T01:57:02","isFullCredit":false},{"lineNumber":17,"author":{"gitId":"IsaiahToh"},"content":"","lastModifiedDate":"2025-08-20T01:57:02","isFullCredit":false},{"lineNumber":18,"author":{"gitId":"IsaiahToh"},"content":"    public void markAsNotDone() {","lastModifiedDate":"2025-08-20T01:57:02","isFullCredit":false},{"lineNumber":19,"author":{"gitId":"IsaiahToh"},"content":"        isDone \u003d false;","lastModifiedDate":"2025-08-20T01:57:02","isFullCredit":false},{"lineNumber":20,"author":{"gitId":"IsaiahToh"},"content":"    }","lastModifiedDate":"2025-08-20T01:57:02","isFullCredit":false},{"lineNumber":21,"author":{"gitId":"IsaiahToh"},"content":"","lastModifiedDate":"2025-08-20T01:57:02","isFullCredit":false},{"lineNumber":22,"author":{"gitId":"IsaiahToh"},"content":"    @Override","lastModifiedDate":"2025-08-20T01:57:02","isFullCredit":false},{"lineNumber":23,"author":{"gitId":"IsaiahToh"},"content":"    public String toString() {","lastModifiedDate":"2025-08-20T01:57:02","isFullCredit":false},{"lineNumber":24,"author":{"gitId":"IsaiahToh"},"content":"        return \"[\" + getStatusIcon() + \"] \" + description;","lastModifiedDate":"2025-08-20T01:57:02","isFullCredit":false},{"lineNumber":25,"author":{"gitId":"IsaiahToh"},"content":"    }","lastModifiedDate":"2025-08-20T01:57:02","isFullCredit":false},{"lineNumber":26,"author":{"gitId":"IsaiahToh"},"content":"}","lastModifiedDate":"2025-08-20T01:57:02","isFullCredit":false}],"authorContributionMap":{"IsaiahToh":26}}]
