[{"path":"README.md","fileType":"md","lines":[{"lineNumber":1,"author":{"gitId":"oysterboi"},"content":"# Clam project template","lastModifiedDate":"2025-08-22T15:27:17","isFullCredit":false},{"lineNumber":2,"author":{"gitId":"-"},"content":"","lastModifiedDate":"2020-05-25T00:03:55","isFullCredit":false},{"lineNumber":3,"author":{"gitId":"-"},"content":"This is a project template for a greenfield Java project. It\u0027s named after the Java mascot _Duke_. Given below are instructions on how to use it.","lastModifiedDate":"2020-05-25T00:03:55","isFullCredit":false},{"lineNumber":4,"author":{"gitId":"-"},"content":"","lastModifiedDate":"2020-05-25T00:03:55","isFullCredit":false},{"lineNumber":5,"author":{"gitId":"-"},"content":"## Setting up in Intellij","lastModifiedDate":"2020-05-25T00:03:55","isFullCredit":false},{"lineNumber":6,"author":{"gitId":"-"},"content":"","lastModifiedDate":"2020-05-25T00:03:55","isFullCredit":false},{"lineNumber":7,"author":{"gitId":"-"},"content":"Prerequisites: JDK 17, update Intellij to the most recent version.","lastModifiedDate":"2024-07-11T16:50:14","isFullCredit":false},{"lineNumber":8,"author":{"gitId":"-"},"content":"","lastModifiedDate":"2020-05-25T00:03:55","isFullCredit":false},{"lineNumber":9,"author":{"gitId":"-"},"content":"1. Open Intellij (if you are not in the welcome screen, click `File` \u003e `Close Project` to close the existing project first)","lastModifiedDate":"2021-01-17T12:25:53","isFullCredit":false},{"lineNumber":10,"author":{"gitId":"-"},"content":"1. Open the project into Intellij as follows:","lastModifiedDate":"2021-01-17T12:25:53","isFullCredit":false},{"lineNumber":11,"author":{"gitId":"-"},"content":"   1. Click `Open`.","lastModifiedDate":"2021-01-17T12:25:53","isFullCredit":false},{"lineNumber":12,"author":{"gitId":"-"},"content":"   1. Select the project directory, and click `OK`.","lastModifiedDate":"2021-01-17T12:25:53","isFullCredit":false},{"lineNumber":13,"author":{"gitId":"-"},"content":"   1. If there are any further prompts, accept the defaults.","lastModifiedDate":"2020-05-25T00:03:55","isFullCredit":false},{"lineNumber":14,"author":{"gitId":"-"},"content":"1. Configure the project to use **JDK 17** (not other versions) as explained in [here](https://www.jetbrains.com/help/idea/sdk.html#set-up-jdk).\u003cbr\u003e","lastModifiedDate":"2024-07-11T16:50:14","isFullCredit":false},{"lineNumber":15,"author":{"gitId":"-"},"content":"   In the same dialog, set the **Project language level** field to the `SDK default` option.","lastModifiedDate":"2021-07-29T20:29:39","isFullCredit":false},{"lineNumber":16,"author":{"gitId":"oysterboi"},"content":"1. After that, locate the `src/main/java/Clam.java` file, right-click it, and choose `Run Clam.main()` (if the code editor is showing compile errors, try restarting the IDE). If the setup is correct, you should see something like the below as the output:","lastModifiedDate":"2025-08-22T15:27:17","isFullCredit":false},{"lineNumber":17,"author":{"gitId":"-"},"content":"   ```","lastModifiedDate":"2020-05-25T00:03:55","isFullCredit":false},{"lineNumber":18,"author":{"gitId":"-"},"content":"   Hello from","lastModifiedDate":"2020-05-25T00:03:55","isFullCredit":false},{"lineNumber":19,"author":{"gitId":"-"},"content":"    ____        _        ","lastModifiedDate":"2020-05-25T00:03:55","isFullCredit":false},{"lineNumber":20,"author":{"gitId":"-"},"content":"   |  _ \\ _   _| | _____ ","lastModifiedDate":"2020-05-25T00:03:55","isFullCredit":false},{"lineNumber":21,"author":{"gitId":"-"},"content":"   | | | | | | | |/ / _ \\","lastModifiedDate":"2020-05-25T00:03:55","isFullCredit":false},{"lineNumber":22,"author":{"gitId":"-"},"content":"   | |_| | |_| |   \u003c  __/","lastModifiedDate":"2020-05-25T00:03:55","isFullCredit":false},{"lineNumber":23,"author":{"gitId":"-"},"content":"   |____/ \\__,_|_|\\_\\___|","lastModifiedDate":"2020-05-25T00:03:55","isFullCredit":false},{"lineNumber":24,"author":{"gitId":"-"},"content":"   ```","lastModifiedDate":"2020-05-25T00:03:55","isFullCredit":false},{"lineNumber":25,"author":{"gitId":"-"},"content":"","lastModifiedDate":"2025-01-04T21:44:28","isFullCredit":false},{"lineNumber":26,"author":{"gitId":"-"},"content":"**Warning:** Keep the `src\\main\\java` folder as the root folder for Java files (i.e., don\u0027t rename those folders or move Java files to another folder outside of this folder path), as this is the default location some tools (e.g., Gradle) expect to find Java files.","lastModifiedDate":"2025-01-04T21:44:28","isFullCredit":false}],"authorContributionMap":{"oysterboi":2,"-":24}},{"path":"docs/README.md","fileType":"md","lines":[{"lineNumber":1,"author":{"gitId":"oysterboi"},"content":"# Clam User Guide","lastModifiedDate":"2025-08-22T15:27:17","isFullCredit":false},{"lineNumber":2,"author":{"gitId":"-"},"content":"","lastModifiedDate":"2019-07-29T17:14:46","isFullCredit":false},{"lineNumber":3,"author":{"gitId":"-"},"content":"// Update the title above to match the actual product name","lastModifiedDate":"2024-01-07T18:33:52","isFullCredit":false},{"lineNumber":4,"author":{"gitId":"-"},"content":"","lastModifiedDate":"2019-07-29T17:14:46","isFullCredit":false},{"lineNumber":5,"author":{"gitId":"-"},"content":"// Product screenshot goes here","lastModifiedDate":"2024-01-07T18:33:52","isFullCredit":false},{"lineNumber":6,"author":{"gitId":"-"},"content":"","lastModifiedDate":"2021-07-17T16:49:07","isFullCredit":false},{"lineNumber":7,"author":{"gitId":"-"},"content":"// Product intro goes here","lastModifiedDate":"2024-01-07T18:33:52","isFullCredit":false},{"lineNumber":8,"author":{"gitId":"-"},"content":"","lastModifiedDate":"2021-07-17T16:49:07","isFullCredit":false},{"lineNumber":9,"author":{"gitId":"-"},"content":"## Adding deadlines","lastModifiedDate":"2024-01-07T18:33:52","isFullCredit":false},{"lineNumber":10,"author":{"gitId":"-"},"content":"","lastModifiedDate":"2021-07-17T16:49:07","isFullCredit":false},{"lineNumber":11,"author":{"gitId":"-"},"content":"// Describe the action and its outcome.","lastModifiedDate":"2024-01-07T18:33:52","isFullCredit":false},{"lineNumber":12,"author":{"gitId":"-"},"content":"","lastModifiedDate":"2019-07-29T17:14:46","isFullCredit":false},{"lineNumber":13,"author":{"gitId":"-"},"content":"// Give examples of usage","lastModifiedDate":"2024-01-07T18:33:52","isFullCredit":false},{"lineNumber":14,"author":{"gitId":"-"},"content":"","lastModifiedDate":"2019-07-29T17:14:46","isFullCredit":false},{"lineNumber":15,"author":{"gitId":"-"},"content":"Example: `keyword (optional arguments)`","lastModifiedDate":"2024-01-07T18:33:52","isFullCredit":false},{"lineNumber":16,"author":{"gitId":"-"},"content":"","lastModifiedDate":"2019-07-29T17:14:46","isFullCredit":false},{"lineNumber":17,"author":{"gitId":"-"},"content":"// A description of the expected outcome goes here","lastModifiedDate":"2024-01-07T18:33:52","isFullCredit":false},{"lineNumber":18,"author":{"gitId":"-"},"content":"","lastModifiedDate":"2019-07-29T17:14:46","isFullCredit":false},{"lineNumber":19,"author":{"gitId":"-"},"content":"```","lastModifiedDate":"2024-01-07T18:33:52","isFullCredit":false},{"lineNumber":20,"author":{"gitId":"-"},"content":"expected output","lastModifiedDate":"2024-01-07T18:33:52","isFullCredit":false},{"lineNumber":21,"author":{"gitId":"-"},"content":"```","lastModifiedDate":"2024-01-07T18:33:52","isFullCredit":false},{"lineNumber":22,"author":{"gitId":"-"},"content":"","lastModifiedDate":"2019-07-29T17:14:46","isFullCredit":false},{"lineNumber":23,"author":{"gitId":"-"},"content":"## Feature ABC","lastModifiedDate":"2024-01-07T18:33:52","isFullCredit":false},{"lineNumber":24,"author":{"gitId":"-"},"content":"","lastModifiedDate":"2019-07-29T17:14:46","isFullCredit":false},{"lineNumber":25,"author":{"gitId":"-"},"content":"// Feature details","lastModifiedDate":"2024-01-07T18:33:52","isFullCredit":false},{"lineNumber":26,"author":{"gitId":"-"},"content":"","lastModifiedDate":"2019-07-29T17:14:46","isFullCredit":false},{"lineNumber":27,"author":{"gitId":"-"},"content":"","lastModifiedDate":"2021-07-17T16:49:07","isFullCredit":false},{"lineNumber":28,"author":{"gitId":"-"},"content":"## Feature XYZ","lastModifiedDate":"2024-01-07T18:33:52","isFullCredit":false},{"lineNumber":29,"author":{"gitId":"-"},"content":"","lastModifiedDate":"2024-01-07T18:33:52","isFullCredit":false},{"lineNumber":30,"author":{"gitId":"-"},"content":"// Feature details","lastModifiedDate":"2024-01-07T18:33:52","isFullCredit":false}],"authorContributionMap":{"oysterboi":1,"-":29}},{"path":"src/main/java/Clam.java","fileType":"java","lines":[{"lineNumber":1,"author":{"gitId":"oysterboi"},"content":"import java.io.FileWriter;","lastModifiedDate":"2025-09-18T18:40:36","isFullCredit":false},{"lineNumber":2,"author":{"gitId":"oysterboi"},"content":"import java.io.IOException;","lastModifiedDate":"2025-09-18T18:40:36","isFullCredit":false},{"lineNumber":3,"author":{"gitId":"oysterboi"},"content":"import java.util.ArrayList;","lastModifiedDate":"2025-08-22T15:55:50","isFullCredit":false},{"lineNumber":4,"author":{"gitId":"oysterboi"},"content":"import java.util.Objects;","lastModifiedDate":"2025-08-22T15:36:33","isFullCredit":false},{"lineNumber":5,"author":{"gitId":"oysterboi"},"content":"import java.util.Scanner;","lastModifiedDate":"2025-08-22T15:36:33","isFullCredit":false},{"lineNumber":6,"author":{"gitId":"oysterboi"},"content":"import java.io.File;","lastModifiedDate":"2025-09-18T18:40:36","isFullCredit":false},{"lineNumber":7,"author":{"gitId":"oysterboi"},"content":"","lastModifiedDate":"2025-08-22T15:36:33","isFullCredit":false},{"lineNumber":8,"author":{"gitId":"oysterboi"},"content":"enum DukeAction {","lastModifiedDate":"2025-09-18T01:03:41","isFullCredit":false},{"lineNumber":9,"author":{"gitId":"oysterboi"},"content":"    CREATE_TODO,","lastModifiedDate":"2025-09-18T01:03:41","isFullCredit":false},{"lineNumber":10,"author":{"gitId":"oysterboi"},"content":"    CREATE_EVENT,","lastModifiedDate":"2025-09-18T01:03:41","isFullCredit":false},{"lineNumber":11,"author":{"gitId":"oysterboi"},"content":"    CREATE_DEADLINE,","lastModifiedDate":"2025-09-18T01:03:41","isFullCredit":false},{"lineNumber":12,"author":{"gitId":"oysterboi"},"content":"    LIST_TASKS,","lastModifiedDate":"2025-09-18T01:03:41","isFullCredit":false},{"lineNumber":13,"author":{"gitId":"oysterboi"},"content":"    MARK_ITEM,","lastModifiedDate":"2025-09-18T01:03:41","isFullCredit":false},{"lineNumber":14,"author":{"gitId":"oysterboi"},"content":"    UNMARK_ITEM,","lastModifiedDate":"2025-09-18T01:03:41","isFullCredit":false},{"lineNumber":15,"author":{"gitId":"oysterboi"},"content":"    EXIT,","lastModifiedDate":"2025-09-18T01:03:41","isFullCredit":false},{"lineNumber":16,"author":{"gitId":"oysterboi"},"content":"    DELETE,","lastModifiedDate":"2025-09-18T01:03:41","isFullCredit":false},{"lineNumber":17,"author":{"gitId":"oysterboi"},"content":"    ERROR","lastModifiedDate":"2025-09-18T01:03:41","isFullCredit":false},{"lineNumber":18,"author":{"gitId":"oysterboi"},"content":"}","lastModifiedDate":"2025-09-18T01:03:41","isFullCredit":false},{"lineNumber":19,"author":{"gitId":"oysterboi"},"content":"","lastModifiedDate":"2025-09-18T01:03:41","isFullCredit":false},{"lineNumber":20,"author":{"gitId":"oysterboi"},"content":"public class Clam {","lastModifiedDate":"2025-08-22T15:27:17","isFullCredit":false},{"lineNumber":21,"author":{"gitId":"oysterboi"},"content":"    public static final String HORIZONTAL_LINE \u003d \"____________________________________________________________\";","lastModifiedDate":"2025-09-18T01:03:41","isFullCredit":false},{"lineNumber":22,"author":{"gitId":"oysterboi"},"content":"    static ArrayList\u003cTask\u003e tasks \u003d new ArrayList\u003cTask\u003e();","lastModifiedDate":"2025-08-22T17:15:23","isFullCredit":false},{"lineNumber":23,"author":{"gitId":"oysterboi"},"content":"","lastModifiedDate":"2025-08-22T15:55:50","isFullCredit":false},{"lineNumber":24,"author":{"gitId":"oysterboi"},"content":"    public static void main(String[] args) {","lastModifiedDate":"2025-08-22T15:27:17","isFullCredit":false},{"lineNumber":25,"author":{"gitId":"oysterboi"},"content":"        chatbotPrint(HORIZONTAL_LINE);","lastModifiedDate":"2025-09-18T01:03:41","isFullCredit":false},{"lineNumber":26,"author":{"gitId":"oysterboi"},"content":"","lastModifiedDate":"2025-08-22T15:36:33","isFullCredit":false},{"lineNumber":27,"author":{"gitId":"oysterboi"},"content":"        greet();","lastModifiedDate":"2025-08-22T15:27:17","isFullCredit":false},{"lineNumber":28,"author":{"gitId":"oysterboi"},"content":"","lastModifiedDate":"2025-08-22T15:36:33","isFullCredit":false},{"lineNumber":29,"author":{"gitId":"oysterboi"},"content":"        try {","lastModifiedDate":"2025-09-18T18:40:36","isFullCredit":false},{"lineNumber":30,"author":{"gitId":"oysterboi"},"content":"            loadSaveFile();","lastModifiedDate":"2025-09-18T18:40:36","isFullCredit":false},{"lineNumber":31,"author":{"gitId":"oysterboi"},"content":"        } catch (IOException e) {","lastModifiedDate":"2025-09-18T18:40:36","isFullCredit":false},{"lineNumber":32,"author":{"gitId":"oysterboi"},"content":"            chatbotPrint(\"It seems there\u0027s an error with loading the save file :(\");","lastModifiedDate":"2025-09-18T18:40:36","isFullCredit":false},{"lineNumber":33,"author":{"gitId":"oysterboi"},"content":"        }","lastModifiedDate":"2025-09-18T18:40:36","isFullCredit":false},{"lineNumber":34,"author":{"gitId":"oysterboi"},"content":"","lastModifiedDate":"2025-09-18T18:40:36","isFullCredit":false},{"lineNumber":35,"author":{"gitId":"oysterboi"},"content":"        boolean end \u003d false;","lastModifiedDate":"2025-08-22T15:36:33","isFullCredit":false},{"lineNumber":36,"author":{"gitId":"oysterboi"},"content":"        Scanner sc \u003d new Scanner(System.in);","lastModifiedDate":"2025-08-22T15:36:33","isFullCredit":false},{"lineNumber":37,"author":{"gitId":"oysterboi"},"content":"        while (!end) {","lastModifiedDate":"2025-08-22T15:36:33","isFullCredit":false},{"lineNumber":38,"author":{"gitId":"oysterboi"},"content":"            try {","lastModifiedDate":"2025-09-18T01:03:41","isFullCredit":false},{"lineNumber":39,"author":{"gitId":"oysterboi"},"content":"                String input \u003d sc.nextLine();","lastModifiedDate":"2025-08-22T15:36:33","isFullCredit":false},{"lineNumber":40,"author":{"gitId":"oysterboi"},"content":"                chatbotPrint(HORIZONTAL_LINE);","lastModifiedDate":"2025-09-18T01:03:41","isFullCredit":false},{"lineNumber":41,"author":{"gitId":"oysterboi"},"content":"                DukeAction action \u003d parseInput(input);","lastModifiedDate":"2025-09-18T01:03:41","isFullCredit":false},{"lineNumber":42,"author":{"gitId":"oysterboi"},"content":"","lastModifiedDate":"2025-08-23T21:27:35","isFullCredit":false},{"lineNumber":43,"author":{"gitId":"oysterboi"},"content":"                switch (action) {","lastModifiedDate":"2025-09-18T01:03:41","isFullCredit":false},{"lineNumber":44,"author":{"gitId":"oysterboi"},"content":"                    case EXIT:","lastModifiedDate":"2025-09-18T01:03:41","isFullCredit":false},{"lineNumber":45,"author":{"gitId":"oysterboi"},"content":"                        end \u003d true;","lastModifiedDate":"2025-08-22T15:36:33","isFullCredit":false},{"lineNumber":46,"author":{"gitId":"oysterboi"},"content":"                        bye();","lastModifiedDate":"2025-08-22T15:27:17","isFullCredit":false},{"lineNumber":47,"author":{"gitId":"oysterboi"},"content":"                        sc.close();","lastModifiedDate":"2025-08-22T15:36:33","isFullCredit":false},{"lineNumber":48,"author":{"gitId":"oysterboi"},"content":"                        break;","lastModifiedDate":"2025-09-18T01:03:41","isFullCredit":false},{"lineNumber":49,"author":{"gitId":"oysterboi"},"content":"                    case LIST_TASKS:","lastModifiedDate":"2025-09-18T01:03:41","isFullCredit":false},{"lineNumber":50,"author":{"gitId":"oysterboi"},"content":"                        printlist();","lastModifiedDate":"2025-08-22T15:55:50","isFullCredit":false},{"lineNumber":51,"author":{"gitId":"oysterboi"},"content":"                        chatbotPrint(HORIZONTAL_LINE);","lastModifiedDate":"2025-09-18T01:03:41","isFullCredit":false},{"lineNumber":52,"author":{"gitId":"oysterboi"},"content":"                        break;","lastModifiedDate":"2025-09-18T01:03:41","isFullCredit":false},{"lineNumber":53,"author":{"gitId":"oysterboi"},"content":"                    case MARK_ITEM:","lastModifiedDate":"2025-09-18T01:03:41","isFullCredit":false},{"lineNumber":54,"author":{"gitId":"oysterboi"},"content":"                        markItem(input);","lastModifiedDate":"2025-09-18T01:03:41","isFullCredit":false},{"lineNumber":55,"author":{"gitId":"oysterboi"},"content":"                        break;","lastModifiedDate":"2025-09-18T01:03:41","isFullCredit":false},{"lineNumber":56,"author":{"gitId":"oysterboi"},"content":"                    case UNMARK_ITEM:","lastModifiedDate":"2025-09-18T01:03:41","isFullCredit":false},{"lineNumber":57,"author":{"gitId":"oysterboi"},"content":"                        unmarkItem(input);","lastModifiedDate":"2025-09-18T01:03:41","isFullCredit":false},{"lineNumber":58,"author":{"gitId":"oysterboi"},"content":"                        break;","lastModifiedDate":"2025-09-18T01:03:41","isFullCredit":false},{"lineNumber":59,"author":{"gitId":"oysterboi"},"content":"                    case CREATE_TODO:","lastModifiedDate":"2025-09-18T01:03:41","isFullCredit":false},{"lineNumber":60,"author":{"gitId":"oysterboi"},"content":"                        createTodo(input);","lastModifiedDate":"2025-09-18T01:03:41","isFullCredit":false},{"lineNumber":61,"author":{"gitId":"oysterboi"},"content":"                        break;","lastModifiedDate":"2025-09-18T01:03:41","isFullCredit":false},{"lineNumber":62,"author":{"gitId":"oysterboi"},"content":"                    case CREATE_EVENT:","lastModifiedDate":"2025-09-18T01:03:41","isFullCredit":false},{"lineNumber":63,"author":{"gitId":"oysterboi"},"content":"                        createEvent(input);","lastModifiedDate":"2025-09-18T01:03:41","isFullCredit":false},{"lineNumber":64,"author":{"gitId":"oysterboi"},"content":"                        break;","lastModifiedDate":"2025-09-18T01:03:41","isFullCredit":false},{"lineNumber":65,"author":{"gitId":"oysterboi"},"content":"                    case CREATE_DEADLINE:","lastModifiedDate":"2025-09-18T01:03:41","isFullCredit":false},{"lineNumber":66,"author":{"gitId":"oysterboi"},"content":"                        createDeadline(input);","lastModifiedDate":"2025-09-18T01:03:41","isFullCredit":false},{"lineNumber":67,"author":{"gitId":"oysterboi"},"content":"                        break;","lastModifiedDate":"2025-09-18T01:03:41","isFullCredit":false},{"lineNumber":68,"author":{"gitId":"oysterboi"},"content":"                    case DELETE:","lastModifiedDate":"2025-09-18T01:03:41","isFullCredit":false},{"lineNumber":69,"author":{"gitId":"oysterboi"},"content":"                        deleteItem(input);","lastModifiedDate":"2025-09-18T01:03:41","isFullCredit":false},{"lineNumber":70,"author":{"gitId":"oysterboi"},"content":"                        break;","lastModifiedDate":"2025-09-18T01:03:41","isFullCredit":false},{"lineNumber":71,"author":{"gitId":"oysterboi"},"content":"                    case ERROR:","lastModifiedDate":"2025-09-18T01:03:41","isFullCredit":false},{"lineNumber":72,"author":{"gitId":"oysterboi"},"content":"                        errorMessage();","lastModifiedDate":"2025-09-18T01:03:41","isFullCredit":false},{"lineNumber":73,"author":{"gitId":"oysterboi"},"content":"                    default:","lastModifiedDate":"2025-09-18T01:03:41","isFullCredit":false},{"lineNumber":74,"author":{"gitId":"oysterboi"},"content":"                        //default","lastModifiedDate":"2025-09-18T01:03:41","isFullCredit":false},{"lineNumber":75,"author":{"gitId":"oysterboi"},"content":"                }","lastModifiedDate":"2025-09-18T01:03:41","isFullCredit":false},{"lineNumber":76,"author":{"gitId":"oysterboi"},"content":"                saveToFile();","lastModifiedDate":"2025-09-18T18:40:36","isFullCredit":false},{"lineNumber":77,"author":{"gitId":"oysterboi"},"content":"            } catch (Exception e) {","lastModifiedDate":"2025-09-18T01:03:41","isFullCredit":false},{"lineNumber":78,"author":{"gitId":"oysterboi"},"content":"                chatbotPrint(e.toString());","lastModifiedDate":"2025-09-18T01:03:41","isFullCredit":false},{"lineNumber":79,"author":{"gitId":"oysterboi"},"content":"            }","lastModifiedDate":"2025-09-18T01:03:41","isFullCredit":false},{"lineNumber":80,"author":{"gitId":"oysterboi"},"content":"        }","lastModifiedDate":"2025-09-18T01:03:41","isFullCredit":false},{"lineNumber":81,"author":{"gitId":"oysterboi"},"content":"    }","lastModifiedDate":"2025-09-18T01:03:41","isFullCredit":false},{"lineNumber":82,"author":{"gitId":"oysterboi"},"content":"","lastModifiedDate":"2025-08-23T21:27:35","isFullCredit":false},{"lineNumber":83,"author":{"gitId":"oysterboi"},"content":"    private static DukeAction parseInput(String input) {","lastModifiedDate":"2025-09-18T01:03:41","isFullCredit":false},{"lineNumber":84,"author":{"gitId":"oysterboi"},"content":"        if (input.startsWith(\"list\")) {","lastModifiedDate":"2025-09-18T01:03:41","isFullCredit":false},{"lineNumber":85,"author":{"gitId":"oysterboi"},"content":"            return DukeAction.LIST_TASKS;","lastModifiedDate":"2025-09-18T01:03:41","isFullCredit":false},{"lineNumber":86,"author":{"gitId":"oysterboi"},"content":"        } else if (input.startsWith(\"bye\")) {","lastModifiedDate":"2025-09-18T01:03:41","isFullCredit":false},{"lineNumber":87,"author":{"gitId":"oysterboi"},"content":"            return DukeAction.EXIT;","lastModifiedDate":"2025-09-18T01:03:41","isFullCredit":false},{"lineNumber":88,"author":{"gitId":"oysterboi"},"content":"        } else if (input.startsWith(\"mark\")) {","lastModifiedDate":"2025-09-18T01:03:41","isFullCredit":false},{"lineNumber":89,"author":{"gitId":"oysterboi"},"content":"            return DukeAction.MARK_ITEM;","lastModifiedDate":"2025-09-18T01:03:41","isFullCredit":false},{"lineNumber":90,"author":{"gitId":"oysterboi"},"content":"        } else if (input.startsWith(\"unmark\")) {","lastModifiedDate":"2025-09-18T01:03:41","isFullCredit":false},{"lineNumber":91,"author":{"gitId":"oysterboi"},"content":"            return DukeAction.UNMARK_ITEM;","lastModifiedDate":"2025-09-18T01:03:41","isFullCredit":false},{"lineNumber":92,"author":{"gitId":"oysterboi"},"content":"        } else if (input.startsWith(\"delete\")) {","lastModifiedDate":"2025-09-18T01:03:41","isFullCredit":false},{"lineNumber":93,"author":{"gitId":"oysterboi"},"content":"            return DukeAction.DELETE;","lastModifiedDate":"2025-09-18T01:03:41","isFullCredit":false},{"lineNumber":94,"author":{"gitId":"oysterboi"},"content":"        } else if (input.startsWith(\"todo\")) {","lastModifiedDate":"2025-08-23T21:27:35","isFullCredit":false},{"lineNumber":95,"author":{"gitId":"oysterboi"},"content":"            return DukeAction.CREATE_TODO;","lastModifiedDate":"2025-09-18T01:03:41","isFullCredit":false},{"lineNumber":96,"author":{"gitId":"oysterboi"},"content":"        } else if (input.startsWith(\"deadline\")) {","lastModifiedDate":"2025-08-23T21:27:35","isFullCredit":false},{"lineNumber":97,"author":{"gitId":"oysterboi"},"content":"            return DukeAction.CREATE_DEADLINE;","lastModifiedDate":"2025-09-18T01:03:41","isFullCredit":false},{"lineNumber":98,"author":{"gitId":"oysterboi"},"content":"        } else if (input.startsWith(\"event\")) {","lastModifiedDate":"2025-08-23T21:27:35","isFullCredit":false},{"lineNumber":99,"author":{"gitId":"oysterboi"},"content":"            return DukeAction.CREATE_EVENT;","lastModifiedDate":"2025-09-18T01:03:41","isFullCredit":false},{"lineNumber":100,"author":{"gitId":"oysterboi"},"content":"        } else {","lastModifiedDate":"2025-08-22T15:36:33","isFullCredit":false},{"lineNumber":101,"author":{"gitId":"oysterboi"},"content":"            return DukeAction.ERROR;","lastModifiedDate":"2025-09-18T01:03:41","isFullCredit":false},{"lineNumber":102,"author":{"gitId":"oysterboi"},"content":"        }","lastModifiedDate":"2025-08-22T15:36:33","isFullCredit":false},{"lineNumber":103,"author":{"gitId":"oysterboi"},"content":"    }","lastModifiedDate":"2025-08-22T15:36:33","isFullCredit":false},{"lineNumber":104,"author":{"gitId":"oysterboi"},"content":"","lastModifiedDate":"2025-09-18T01:03:41","isFullCredit":false},{"lineNumber":105,"author":{"gitId":"oysterboi"},"content":"    public static void chatbotPrint(String s) {","lastModifiedDate":"2025-09-18T01:03:41","isFullCredit":false},{"lineNumber":106,"author":{"gitId":"oysterboi"},"content":"        System.out.println(\"    \" + s);","lastModifiedDate":"2025-09-18T01:03:41","isFullCredit":false},{"lineNumber":107,"author":{"gitId":"oysterboi"},"content":"    }","lastModifiedDate":"2025-08-22T15:27:17","isFullCredit":false},{"lineNumber":108,"author":{"gitId":"oysterboi"},"content":"","lastModifiedDate":"2025-08-22T15:27:17","isFullCredit":false},{"lineNumber":109,"author":{"gitId":"oysterboi"},"content":"    public static void greet() {","lastModifiedDate":"2025-08-22T15:27:17","isFullCredit":false},{"lineNumber":110,"author":{"gitId":"oysterboi"},"content":"        String greeting \u003d \"    Hello! I\u0027m Clam!\\n\"","lastModifiedDate":"2025-08-22T15:27:17","isFullCredit":false},{"lineNumber":111,"author":{"gitId":"oysterboi"},"content":"                + \"    What can I do for you?\\n\"","lastModifiedDate":"2025-08-22T15:27:17","isFullCredit":false},{"lineNumber":112,"author":{"gitId":"oysterboi"},"content":"                + \"    ____________________________________________________________\\n\";","lastModifiedDate":"2025-08-22T15:27:17","isFullCredit":false},{"lineNumber":113,"author":{"gitId":"oysterboi"},"content":"        System.out.println(greeting);","lastModifiedDate":"2025-08-22T15:27:17","isFullCredit":false},{"lineNumber":114,"author":{"gitId":"oysterboi"},"content":"    }","lastModifiedDate":"2025-08-22T15:27:17","isFullCredit":false},{"lineNumber":115,"author":{"gitId":"oysterboi"},"content":"","lastModifiedDate":"2025-08-22T15:27:17","isFullCredit":false},{"lineNumber":116,"author":{"gitId":"oysterboi"},"content":"    public static void bye() {","lastModifiedDate":"2025-08-22T15:27:17","isFullCredit":false},{"lineNumber":117,"author":{"gitId":"oysterboi"},"content":"        String bye \u003d \"    Bye. Hope to see you again soon!\\n\"","lastModifiedDate":"2025-08-22T15:27:17","isFullCredit":false},{"lineNumber":118,"author":{"gitId":"oysterboi"},"content":"                + \"    ____________________________________________________________\\n\";","lastModifiedDate":"2025-08-22T15:27:17","isFullCredit":false},{"lineNumber":119,"author":{"gitId":"oysterboi"},"content":"        System.out.println(bye);","lastModifiedDate":"2025-08-22T15:27:17","isFullCredit":false},{"lineNumber":120,"author":{"gitId":"oysterboi"},"content":"    }","lastModifiedDate":"2025-08-22T15:27:17","isFullCredit":false},{"lineNumber":121,"author":{"gitId":"oysterboi"},"content":"","lastModifiedDate":"2025-08-22T15:55:50","isFullCredit":false},{"lineNumber":122,"author":{"gitId":"oysterboi"},"content":"    public static void errorMessage() {","lastModifiedDate":"2025-09-18T01:03:41","isFullCredit":false},{"lineNumber":123,"author":{"gitId":"oysterboi"},"content":"        chatbotPrint(\"Sorry, I\u0027m not sure what you mean. Can you try again? \");","lastModifiedDate":"2025-09-18T01:03:41","isFullCredit":false},{"lineNumber":124,"author":{"gitId":"oysterboi"},"content":"        chatbotPrint(HORIZONTAL_LINE);","lastModifiedDate":"2025-09-18T01:03:41","isFullCredit":false},{"lineNumber":125,"author":{"gitId":"oysterboi"},"content":"    }","lastModifiedDate":"2025-09-18T01:03:41","isFullCredit":false},{"lineNumber":126,"author":{"gitId":"oysterboi"},"content":"","lastModifiedDate":"2025-09-18T01:03:41","isFullCredit":false},{"lineNumber":127,"author":{"gitId":"oysterboi"},"content":"    public static void printlist() {","lastModifiedDate":"2025-08-22T15:55:50","isFullCredit":false},{"lineNumber":128,"author":{"gitId":"oysterboi"},"content":"        StringBuilder list \u003d new StringBuilder();","lastModifiedDate":"2025-08-22T15:55:50","isFullCredit":false},{"lineNumber":129,"author":{"gitId":"oysterboi"},"content":"        int index \u003d 0;","lastModifiedDate":"2025-08-22T15:55:50","isFullCredit":false},{"lineNumber":130,"author":{"gitId":"oysterboi"},"content":"        list.append(\"    Here are the tasks in your list:\\n\");","lastModifiedDate":"2025-08-22T17:15:23","isFullCredit":false},{"lineNumber":131,"author":{"gitId":"oysterboi"},"content":"        for (Task i : tasks) {","lastModifiedDate":"2025-08-22T17:15:23","isFullCredit":false},{"lineNumber":132,"author":{"gitId":"oysterboi"},"content":"            index++;","lastModifiedDate":"2025-08-22T15:55:50","isFullCredit":false},{"lineNumber":133,"author":{"gitId":"oysterboi"},"content":"            list.append(\"    \").append(index).append(\".\").append(i).append(\"\\n\");","lastModifiedDate":"2025-08-22T15:55:50","isFullCredit":false},{"lineNumber":134,"author":{"gitId":"oysterboi"},"content":"        }","lastModifiedDate":"2025-08-22T15:55:50","isFullCredit":false},{"lineNumber":135,"author":{"gitId":"oysterboi"},"content":"        System.out.println(list.toString());","lastModifiedDate":"2025-08-22T15:55:50","isFullCredit":false},{"lineNumber":136,"author":{"gitId":"oysterboi"},"content":"","lastModifiedDate":"2025-08-22T15:55:50","isFullCredit":false},{"lineNumber":137,"author":{"gitId":"oysterboi"},"content":"    }","lastModifiedDate":"2025-08-22T15:55:50","isFullCredit":false},{"lineNumber":138,"author":{"gitId":"oysterboi"},"content":"","lastModifiedDate":"2025-09-18T01:03:41","isFullCredit":false},{"lineNumber":139,"author":{"gitId":"oysterboi"},"content":"    public static void markItem(String input) throws MarkException {","lastModifiedDate":"2025-09-18T01:03:41","isFullCredit":false},{"lineNumber":140,"author":{"gitId":"oysterboi"},"content":"        try {","lastModifiedDate":"2025-09-18T01:03:41","isFullCredit":false},{"lineNumber":141,"author":{"gitId":"oysterboi"},"content":"            int item \u003d Integer.parseInt(input.substring(5));","lastModifiedDate":"2025-09-18T01:03:41","isFullCredit":false},{"lineNumber":142,"author":{"gitId":"oysterboi"},"content":"            tasks.get(item - 1).markAsDone();","lastModifiedDate":"2025-09-18T01:03:41","isFullCredit":false},{"lineNumber":143,"author":{"gitId":"oysterboi"},"content":"            chatbotPrint(\"Nice! I\u0027ve marked this task as done:\\n    \"","lastModifiedDate":"2025-09-18T01:03:41","isFullCredit":false},{"lineNumber":144,"author":{"gitId":"oysterboi"},"content":"                    + tasks.get(item - 1));","lastModifiedDate":"2025-09-18T01:03:41","isFullCredit":false},{"lineNumber":145,"author":{"gitId":"oysterboi"},"content":"        } catch (Exception e) {","lastModifiedDate":"2025-09-18T01:03:41","isFullCredit":false},{"lineNumber":146,"author":{"gitId":"oysterboi"},"content":"            throw new MarkException(\"I\u0027m not sure which item you\u0027re trying to mark. Try again?\");","lastModifiedDate":"2025-09-18T01:03:41","isFullCredit":false},{"lineNumber":147,"author":{"gitId":"oysterboi"},"content":"        }","lastModifiedDate":"2025-09-18T01:03:41","isFullCredit":false},{"lineNumber":148,"author":{"gitId":"oysterboi"},"content":"    }","lastModifiedDate":"2025-09-18T01:03:41","isFullCredit":false},{"lineNumber":149,"author":{"gitId":"oysterboi"},"content":"","lastModifiedDate":"2025-09-18T01:03:41","isFullCredit":false},{"lineNumber":150,"author":{"gitId":"oysterboi"},"content":"    public static void unmarkItem(String input) throws MarkException {","lastModifiedDate":"2025-09-18T01:03:41","isFullCredit":false},{"lineNumber":151,"author":{"gitId":"oysterboi"},"content":"        try {","lastModifiedDate":"2025-09-18T01:03:41","isFullCredit":false},{"lineNumber":152,"author":{"gitId":"oysterboi"},"content":"            int item \u003d Integer.parseInt(input.substring(7));","lastModifiedDate":"2025-09-18T01:03:41","isFullCredit":false},{"lineNumber":153,"author":{"gitId":"oysterboi"},"content":"            tasks.get(item - 1).markAsUndone();","lastModifiedDate":"2025-09-18T01:03:41","isFullCredit":false},{"lineNumber":154,"author":{"gitId":"oysterboi"},"content":"            chatbotPrint(\"Ok, I\u0027ve marked this task as not done yet:\\n    \"","lastModifiedDate":"2025-09-18T01:03:41","isFullCredit":false},{"lineNumber":155,"author":{"gitId":"oysterboi"},"content":"                    + tasks.get(item - 1));","lastModifiedDate":"2025-09-18T01:03:41","isFullCredit":false},{"lineNumber":156,"author":{"gitId":"oysterboi"},"content":"        } catch (Exception e) {","lastModifiedDate":"2025-09-18T01:03:41","isFullCredit":false},{"lineNumber":157,"author":{"gitId":"oysterboi"},"content":"            throw new MarkException(\"I\u0027m not sure which item you\u0027re trying to unmark. Try again?\");","lastModifiedDate":"2025-09-18T01:03:41","isFullCredit":false},{"lineNumber":158,"author":{"gitId":"oysterboi"},"content":"        }","lastModifiedDate":"2025-09-18T01:03:41","isFullCredit":false},{"lineNumber":159,"author":{"gitId":"oysterboi"},"content":"    }","lastModifiedDate":"2025-09-18T01:03:41","isFullCredit":false},{"lineNumber":160,"author":{"gitId":"oysterboi"},"content":"","lastModifiedDate":"2025-09-18T01:03:41","isFullCredit":false},{"lineNumber":161,"author":{"gitId":"oysterboi"},"content":"    public static void createTodo(String input) throws TodoException {","lastModifiedDate":"2025-09-18T01:03:41","isFullCredit":false},{"lineNumber":162,"author":{"gitId":"oysterboi"},"content":"        try {","lastModifiedDate":"2025-09-18T01:03:41","isFullCredit":false},{"lineNumber":163,"author":{"gitId":"oysterboi"},"content":"            if (input.substring(5).isEmpty()) throw new Exception();","lastModifiedDate":"2025-09-18T01:03:41","isFullCredit":false},{"lineNumber":164,"author":{"gitId":"oysterboi"},"content":"            ToDo td \u003d new ToDo(input.substring(5));","lastModifiedDate":"2025-09-18T01:03:41","isFullCredit":false},{"lineNumber":165,"author":{"gitId":"oysterboi"},"content":"            tasks.add(td);","lastModifiedDate":"2025-09-18T01:03:41","isFullCredit":false},{"lineNumber":166,"author":{"gitId":"oysterboi"},"content":"            chatbotPrint(\"Got it. I\u0027ve added this task:\\n      \" + td);","lastModifiedDate":"2025-09-18T01:03:41","isFullCredit":false},{"lineNumber":167,"author":{"gitId":"oysterboi"},"content":"            chatbotPrint(\"Now you have \" + tasks.size() + \" tasks in the list.\");","lastModifiedDate":"2025-09-18T01:03:41","isFullCredit":false},{"lineNumber":168,"author":{"gitId":"oysterboi"},"content":"            chatbotPrint(HORIZONTAL_LINE);","lastModifiedDate":"2025-09-18T01:03:41","isFullCredit":false},{"lineNumber":169,"author":{"gitId":"oysterboi"},"content":"        } catch (Exception e) {","lastModifiedDate":"2025-09-18T01:03:41","isFullCredit":false},{"lineNumber":170,"author":{"gitId":"oysterboi"},"content":"            throw new TodoException(\"To create a new to-do item, the command is: todo [name of to-do]\");","lastModifiedDate":"2025-09-18T01:03:41","isFullCredit":false},{"lineNumber":171,"author":{"gitId":"oysterboi"},"content":"        }","lastModifiedDate":"2025-09-18T01:03:41","isFullCredit":false},{"lineNumber":172,"author":{"gitId":"oysterboi"},"content":"    }","lastModifiedDate":"2025-09-18T01:03:41","isFullCredit":false},{"lineNumber":173,"author":{"gitId":"oysterboi"},"content":"","lastModifiedDate":"2025-09-18T01:03:41","isFullCredit":false},{"lineNumber":174,"author":{"gitId":"oysterboi"},"content":"    public static void createDeadline(String input) throws DeadlineException {","lastModifiedDate":"2025-09-18T01:03:41","isFullCredit":false},{"lineNumber":175,"author":{"gitId":"oysterboi"},"content":"        try {","lastModifiedDate":"2025-09-18T01:03:41","isFullCredit":false},{"lineNumber":176,"author":{"gitId":"oysterboi"},"content":"            Deadline td \u003d new Deadline(input.substring(9, input.indexOf(\"/by\") - 1), input.substring(input.indexOf(\"/by\") + 4));","lastModifiedDate":"2025-09-18T01:03:41","isFullCredit":false},{"lineNumber":177,"author":{"gitId":"oysterboi"},"content":"            tasks.add(td);","lastModifiedDate":"2025-09-18T01:03:41","isFullCredit":false},{"lineNumber":178,"author":{"gitId":"oysterboi"},"content":"            chatbotPrint(\"Got it. I\u0027ve added this task:\\n      \" + td);","lastModifiedDate":"2025-09-18T01:03:41","isFullCredit":false},{"lineNumber":179,"author":{"gitId":"oysterboi"},"content":"            chatbotPrint(\"Now you have \" + tasks.size() + \" tasks in the list.\");","lastModifiedDate":"2025-09-18T01:03:41","isFullCredit":false},{"lineNumber":180,"author":{"gitId":"oysterboi"},"content":"            chatbotPrint(HORIZONTAL_LINE);","lastModifiedDate":"2025-09-18T01:03:41","isFullCredit":false},{"lineNumber":181,"author":{"gitId":"oysterboi"},"content":"        } catch (Exception e) {","lastModifiedDate":"2025-09-18T01:03:41","isFullCredit":false},{"lineNumber":182,"author":{"gitId":"oysterboi"},"content":"            throw new DeadlineException(\"To create a new deadline item, the command is: deadline /by [due date]\");","lastModifiedDate":"2025-09-18T01:03:41","isFullCredit":false},{"lineNumber":183,"author":{"gitId":"oysterboi"},"content":"        }","lastModifiedDate":"2025-09-18T01:03:41","isFullCredit":false},{"lineNumber":184,"author":{"gitId":"oysterboi"},"content":"    }","lastModifiedDate":"2025-09-18T01:03:41","isFullCredit":false},{"lineNumber":185,"author":{"gitId":"oysterboi"},"content":"","lastModifiedDate":"2025-09-18T01:03:41","isFullCredit":false},{"lineNumber":186,"author":{"gitId":"oysterboi"},"content":"    public static void createEvent(String input) throws EventException {","lastModifiedDate":"2025-09-18T01:03:41","isFullCredit":false},{"lineNumber":187,"author":{"gitId":"oysterboi"},"content":"        try {","lastModifiedDate":"2025-09-18T01:03:41","isFullCredit":false},{"lineNumber":188,"author":{"gitId":"oysterboi"},"content":"            Event td \u003d new Event(input.substring(6, input.indexOf(\"/from\") - 1),","lastModifiedDate":"2025-09-18T01:03:41","isFullCredit":false},{"lineNumber":189,"author":{"gitId":"oysterboi"},"content":"                    input.substring(input.indexOf(\"/from\") + 6, input.indexOf(\"/to\") - 1),","lastModifiedDate":"2025-09-18T01:03:41","isFullCredit":false},{"lineNumber":190,"author":{"gitId":"oysterboi"},"content":"                    input.substring(input.indexOf(\"/to\") + 4));","lastModifiedDate":"2025-09-18T01:03:41","isFullCredit":false},{"lineNumber":191,"author":{"gitId":"oysterboi"},"content":"            tasks.add(td);","lastModifiedDate":"2025-09-18T01:03:41","isFullCredit":false},{"lineNumber":192,"author":{"gitId":"oysterboi"},"content":"            chatbotPrint(\"Got it. I\u0027ve added this task:\\n      \" + td);","lastModifiedDate":"2025-09-18T01:03:41","isFullCredit":false},{"lineNumber":193,"author":{"gitId":"oysterboi"},"content":"            chatbotPrint(\"Now you have \" + tasks.size() + \" tasks in the list.\");","lastModifiedDate":"2025-09-18T01:03:41","isFullCredit":false},{"lineNumber":194,"author":{"gitId":"oysterboi"},"content":"            chatbotPrint(HORIZONTAL_LINE);","lastModifiedDate":"2025-09-18T01:03:41","isFullCredit":false},{"lineNumber":195,"author":{"gitId":"oysterboi"},"content":"        } catch (Exception e) {","lastModifiedDate":"2025-09-18T01:03:41","isFullCredit":false},{"lineNumber":196,"author":{"gitId":"oysterboi"},"content":"            throw new EventException(\"To create a new event item, the command is: event /from [start] /to [end]\");","lastModifiedDate":"2025-09-18T01:03:41","isFullCredit":false},{"lineNumber":197,"author":{"gitId":"oysterboi"},"content":"        }","lastModifiedDate":"2025-09-18T01:03:41","isFullCredit":false},{"lineNumber":198,"author":{"gitId":"oysterboi"},"content":"    }","lastModifiedDate":"2025-09-18T01:03:41","isFullCredit":false},{"lineNumber":199,"author":{"gitId":"oysterboi"},"content":"","lastModifiedDate":"2025-09-18T01:03:41","isFullCredit":false},{"lineNumber":200,"author":{"gitId":"oysterboi"},"content":"    public static void deleteItem(String input) throws DeleteException {","lastModifiedDate":"2025-09-18T01:03:41","isFullCredit":false},{"lineNumber":201,"author":{"gitId":"oysterboi"},"content":"        try {","lastModifiedDate":"2025-09-18T01:03:41","isFullCredit":false},{"lineNumber":202,"author":{"gitId":"oysterboi"},"content":"            int item \u003d Integer.parseInt(input.substring(7));","lastModifiedDate":"2025-09-18T01:03:41","isFullCredit":false},{"lineNumber":203,"author":{"gitId":"oysterboi"},"content":"            Task taskToDelete \u003d tasks.get(item - 1);","lastModifiedDate":"2025-09-18T01:03:41","isFullCredit":false},{"lineNumber":204,"author":{"gitId":"oysterboi"},"content":"            tasks.remove(item - 1);","lastModifiedDate":"2025-09-18T01:03:41","isFullCredit":false},{"lineNumber":205,"author":{"gitId":"oysterboi"},"content":"            chatbotPrint(\"I\u0027ve deleted the task:\\n      \" + taskToDelete);","lastModifiedDate":"2025-09-18T18:40:36","isFullCredit":false},{"lineNumber":206,"author":{"gitId":"oysterboi"},"content":"            chatbotPrint(\"Now you have \" + tasks.size() + \" tasks in the list.\");","lastModifiedDate":"2025-09-18T01:03:41","isFullCredit":false},{"lineNumber":207,"author":{"gitId":"oysterboi"},"content":"        } catch (Exception e) {","lastModifiedDate":"2025-09-18T01:03:41","isFullCredit":false},{"lineNumber":208,"author":{"gitId":"oysterboi"},"content":"            throw new DeleteException(\"I\u0027m not sure which item you\u0027re trying to delete. Try again?\");","lastModifiedDate":"2025-09-18T01:03:41","isFullCredit":false},{"lineNumber":209,"author":{"gitId":"oysterboi"},"content":"        }","lastModifiedDate":"2025-09-18T01:03:41","isFullCredit":false},{"lineNumber":210,"author":{"gitId":"oysterboi"},"content":"    }","lastModifiedDate":"2025-09-18T01:03:41","isFullCredit":false},{"lineNumber":211,"author":{"gitId":"oysterboi"},"content":"","lastModifiedDate":"2025-09-18T18:40:36","isFullCredit":false},{"lineNumber":212,"author":{"gitId":"oysterboi"},"content":"    public static void loadSaveFile() throws IOException {","lastModifiedDate":"2025-09-18T18:40:36","isFullCredit":false},{"lineNumber":213,"author":{"gitId":"oysterboi"},"content":"        File f \u003d new File(\"./save.txt\");","lastModifiedDate":"2025-09-18T18:40:36","isFullCredit":false},{"lineNumber":214,"author":{"gitId":"oysterboi"},"content":"        if (f.exists()) {","lastModifiedDate":"2025-09-18T18:40:36","isFullCredit":false},{"lineNumber":215,"author":{"gitId":"oysterboi"},"content":"            Scanner s \u003d new Scanner(f);","lastModifiedDate":"2025-09-18T18:40:36","isFullCredit":false},{"lineNumber":216,"author":{"gitId":"oysterboi"},"content":"            while (s.hasNext()) {","lastModifiedDate":"2025-09-18T18:40:36","isFullCredit":false},{"lineNumber":217,"author":{"gitId":"oysterboi"},"content":"                loadTask(s.nextLine());","lastModifiedDate":"2025-09-18T18:40:36","isFullCredit":false},{"lineNumber":218,"author":{"gitId":"oysterboi"},"content":"            }","lastModifiedDate":"2025-09-18T18:40:36","isFullCredit":false},{"lineNumber":219,"author":{"gitId":"oysterboi"},"content":"        }","lastModifiedDate":"2025-09-18T18:40:36","isFullCredit":false},{"lineNumber":220,"author":{"gitId":"oysterboi"},"content":"    }","lastModifiedDate":"2025-09-18T18:40:36","isFullCredit":false},{"lineNumber":221,"author":{"gitId":"oysterboi"},"content":"","lastModifiedDate":"2025-09-18T18:40:36","isFullCredit":false},{"lineNumber":222,"author":{"gitId":"oysterboi"},"content":"    public static void loadTask(String input) {","lastModifiedDate":"2025-09-18T18:40:36","isFullCredit":false},{"lineNumber":223,"author":{"gitId":"oysterboi"},"content":"        String[] args \u003d input.split(\"\\\\|\");","lastModifiedDate":"2025-09-18T18:40:36","isFullCredit":false},{"lineNumber":224,"author":{"gitId":"oysterboi"},"content":"        switch (parseInput(input)) {","lastModifiedDate":"2025-09-18T18:40:36","isFullCredit":false},{"lineNumber":225,"author":{"gitId":"oysterboi"},"content":"            case CREATE_TODO:","lastModifiedDate":"2025-09-18T18:40:36","isFullCredit":false},{"lineNumber":226,"author":{"gitId":"oysterboi"},"content":"                ToDo td \u003d new ToDo(args[2]);","lastModifiedDate":"2025-09-18T18:40:36","isFullCredit":false},{"lineNumber":227,"author":{"gitId":"oysterboi"},"content":"                if (Objects.equals(args[1], \"1\")) td.markAsDone();","lastModifiedDate":"2025-09-18T18:40:36","isFullCredit":false},{"lineNumber":228,"author":{"gitId":"oysterboi"},"content":"                tasks.add(td);","lastModifiedDate":"2025-09-18T18:40:36","isFullCredit":false},{"lineNumber":229,"author":{"gitId":"oysterboi"},"content":"                break;","lastModifiedDate":"2025-09-18T18:40:36","isFullCredit":false},{"lineNumber":230,"author":{"gitId":"oysterboi"},"content":"            case CREATE_DEADLINE:","lastModifiedDate":"2025-09-18T18:40:36","isFullCredit":false},{"lineNumber":231,"author":{"gitId":"oysterboi"},"content":"                Deadline dl \u003d new Deadline(args[2], args[3]);","lastModifiedDate":"2025-09-18T18:40:36","isFullCredit":false},{"lineNumber":232,"author":{"gitId":"oysterboi"},"content":"                if (Objects.equals(args[1], \"1\")) dl.markAsDone();","lastModifiedDate":"2025-09-18T18:40:36","isFullCredit":false},{"lineNumber":233,"author":{"gitId":"oysterboi"},"content":"                tasks.add(dl);","lastModifiedDate":"2025-09-18T18:40:36","isFullCredit":false},{"lineNumber":234,"author":{"gitId":"oysterboi"},"content":"                break;","lastModifiedDate":"2025-09-18T18:40:36","isFullCredit":false},{"lineNumber":235,"author":{"gitId":"oysterboi"},"content":"            case CREATE_EVENT:","lastModifiedDate":"2025-09-18T18:40:36","isFullCredit":false},{"lineNumber":236,"author":{"gitId":"oysterboi"},"content":"                Event ev \u003d new Event(args[2], args[3], args[4]);","lastModifiedDate":"2025-09-18T18:40:36","isFullCredit":false},{"lineNumber":237,"author":{"gitId":"oysterboi"},"content":"                if(Objects.equals(args[1], \"1\")) ev.markAsDone();","lastModifiedDate":"2025-09-18T18:40:36","isFullCredit":false},{"lineNumber":238,"author":{"gitId":"oysterboi"},"content":"                tasks.add(ev);","lastModifiedDate":"2025-09-18T18:40:36","isFullCredit":false},{"lineNumber":239,"author":{"gitId":"oysterboi"},"content":"                break;","lastModifiedDate":"2025-09-18T18:40:36","isFullCredit":false},{"lineNumber":240,"author":{"gitId":"oysterboi"},"content":"            default:","lastModifiedDate":"2025-09-18T18:40:36","isFullCredit":false},{"lineNumber":241,"author":{"gitId":"oysterboi"},"content":"                // TODO error handling","lastModifiedDate":"2025-09-18T18:40:36","isFullCredit":false},{"lineNumber":242,"author":{"gitId":"oysterboi"},"content":"        }","lastModifiedDate":"2025-09-18T18:40:36","isFullCredit":false},{"lineNumber":243,"author":{"gitId":"oysterboi"},"content":"    }","lastModifiedDate":"2025-09-18T18:40:36","isFullCredit":false},{"lineNumber":244,"author":{"gitId":"oysterboi"},"content":"","lastModifiedDate":"2025-09-18T18:40:36","isFullCredit":false},{"lineNumber":245,"author":{"gitId":"oysterboi"},"content":"    public static void saveToFile() throws IOException {","lastModifiedDate":"2025-09-18T18:40:36","isFullCredit":false},{"lineNumber":246,"author":{"gitId":"oysterboi"},"content":"        File f \u003d new File(\"./save.txt\");","lastModifiedDate":"2025-09-18T18:40:36","isFullCredit":false},{"lineNumber":247,"author":{"gitId":"oysterboi"},"content":"        FileWriter fw \u003d new FileWriter(f);","lastModifiedDate":"2025-09-18T18:40:36","isFullCredit":false},{"lineNumber":248,"author":{"gitId":"oysterboi"},"content":"        StringBuilder sb \u003d new StringBuilder();","lastModifiedDate":"2025-09-18T18:40:36","isFullCredit":false},{"lineNumber":249,"author":{"gitId":"oysterboi"},"content":"        for (Task i : tasks) {","lastModifiedDate":"2025-09-18T18:40:36","isFullCredit":false},{"lineNumber":250,"author":{"gitId":"oysterboi"},"content":"            if (i instanceof ToDo td) {","lastModifiedDate":"2025-09-18T18:40:36","isFullCredit":false},{"lineNumber":251,"author":{"gitId":"oysterboi"},"content":"                sb.append(\"todo|\").append(td.isDone ? \"1|\" : \"0|\").append(td.description).append(System.lineSeparator());","lastModifiedDate":"2025-09-18T18:40:36","isFullCredit":false},{"lineNumber":252,"author":{"gitId":"oysterboi"},"content":"            } else if (i instanceof Deadline dl) {","lastModifiedDate":"2025-09-18T18:40:36","isFullCredit":false},{"lineNumber":253,"author":{"gitId":"oysterboi"},"content":"                sb.append(\"deadline|\").append(dl.isDone ? \"1|\" : \"0|\").append(dl.description).append(\"|\").append(dl.deadline)","lastModifiedDate":"2025-09-18T18:40:36","isFullCredit":false},{"lineNumber":254,"author":{"gitId":"oysterboi"},"content":"                        .append(System.lineSeparator());","lastModifiedDate":"2025-09-18T18:40:36","isFullCredit":false},{"lineNumber":255,"author":{"gitId":"oysterboi"},"content":"            } else if (i instanceof Event ev) {","lastModifiedDate":"2025-09-18T18:40:36","isFullCredit":false},{"lineNumber":256,"author":{"gitId":"oysterboi"},"content":"                sb.append(\"event|\").append(ev.isDone ? \"1|\" : \"0|\").append(ev.description).append(\"|\").append(ev.from)","lastModifiedDate":"2025-09-18T18:40:36","isFullCredit":false},{"lineNumber":257,"author":{"gitId":"oysterboi"},"content":"                        .append(\"|\").append(ev.to).append(System.lineSeparator());","lastModifiedDate":"2025-09-18T18:40:36","isFullCredit":false},{"lineNumber":258,"author":{"gitId":"oysterboi"},"content":"            }","lastModifiedDate":"2025-09-18T18:40:36","isFullCredit":false},{"lineNumber":259,"author":{"gitId":"oysterboi"},"content":"        }","lastModifiedDate":"2025-09-18T18:40:36","isFullCredit":false},{"lineNumber":260,"author":{"gitId":"oysterboi"},"content":"        fw.write(sb.toString());","lastModifiedDate":"2025-09-18T18:40:36","isFullCredit":false},{"lineNumber":261,"author":{"gitId":"oysterboi"},"content":"        fw.close();","lastModifiedDate":"2025-09-18T18:40:36","isFullCredit":false},{"lineNumber":262,"author":{"gitId":"oysterboi"},"content":"    }","lastModifiedDate":"2025-09-18T18:40:36","isFullCredit":false},{"lineNumber":263,"author":{"gitId":"oysterboi"},"content":"}","lastModifiedDate":"2025-08-22T15:27:17","isFullCredit":false}],"authorContributionMap":{"oysterboi":263}},{"path":"src/main/java/Deadline.java","fileType":"java","lines":[{"lineNumber":1,"author":{"gitId":"oysterboi"},"content":"public class Deadline extends Task {","lastModifiedDate":"2025-09-18T01:03:41","isFullCredit":false},{"lineNumber":2,"author":{"gitId":"oysterboi"},"content":"","lastModifiedDate":"2025-08-23T21:27:35","isFullCredit":false},{"lineNumber":3,"author":{"gitId":"oysterboi"},"content":"    protected String deadline;","lastModifiedDate":"2025-09-18T18:40:36","isFullCredit":false},{"lineNumber":4,"author":{"gitId":"oysterboi"},"content":"","lastModifiedDate":"2025-08-23T21:27:35","isFullCredit":false},{"lineNumber":5,"author":{"gitId":"oysterboi"},"content":"    public Deadline(String description, String deadline) {","lastModifiedDate":"2025-09-18T01:03:41","isFullCredit":false},{"lineNumber":6,"author":{"gitId":"oysterboi"},"content":"        super(description);","lastModifiedDate":"2025-08-23T21:27:35","isFullCredit":false},{"lineNumber":7,"author":{"gitId":"oysterboi"},"content":"        this.deadline \u003d deadline;","lastModifiedDate":"2025-08-23T21:27:35","isFullCredit":false},{"lineNumber":8,"author":{"gitId":"oysterboi"},"content":"    }","lastModifiedDate":"2025-08-23T21:27:35","isFullCredit":false},{"lineNumber":9,"author":{"gitId":"oysterboi"},"content":"","lastModifiedDate":"2025-08-23T21:27:35","isFullCredit":false},{"lineNumber":10,"author":{"gitId":"oysterboi"},"content":"    @Override","lastModifiedDate":"2025-08-23T21:27:35","isFullCredit":false},{"lineNumber":11,"author":{"gitId":"oysterboi"},"content":"    public String toString() {","lastModifiedDate":"2025-08-23T21:27:35","isFullCredit":false},{"lineNumber":12,"author":{"gitId":"oysterboi"},"content":"        return \"[D]\" + super.toString() + \" (by: \" + deadline + \")\";","lastModifiedDate":"2025-08-23T21:27:35","isFullCredit":false},{"lineNumber":13,"author":{"gitId":"oysterboi"},"content":"    }","lastModifiedDate":"2025-08-23T21:27:35","isFullCredit":false},{"lineNumber":14,"author":{"gitId":"oysterboi"},"content":"}","lastModifiedDate":"2025-08-23T21:27:35","isFullCredit":false},{"lineNumber":15,"author":{"gitId":"oysterboi"},"content":"","lastModifiedDate":"2025-08-23T21:27:35","isFullCredit":false}],"authorContributionMap":{"oysterboi":15}},{"path":"src/main/java/DeadlineException.java","fileType":"java","lines":[{"lineNumber":1,"author":{"gitId":"oysterboi"},"content":"public class DeadlineException extends RuntimeException {","lastModifiedDate":"2025-09-18T01:03:41","isFullCredit":false},{"lineNumber":2,"author":{"gitId":"oysterboi"},"content":"    public DeadlineException(String message) {","lastModifiedDate":"2025-09-18T01:03:41","isFullCredit":false},{"lineNumber":3,"author":{"gitId":"oysterboi"},"content":"        super(message);","lastModifiedDate":"2025-09-17T20:59:09","isFullCredit":false},{"lineNumber":4,"author":{"gitId":"oysterboi"},"content":"    }","lastModifiedDate":"2025-09-17T20:59:09","isFullCredit":false},{"lineNumber":5,"author":{"gitId":"oysterboi"},"content":"}","lastModifiedDate":"2025-09-17T20:59:09","isFullCredit":false}],"authorContributionMap":{"oysterboi":5}},{"path":"src/main/java/DeleteException.java","fileType":"java","lines":[{"lineNumber":1,"author":{"gitId":"oysterboi"},"content":"public class DeleteException extends RuntimeException {","lastModifiedDate":"2025-09-18T01:03:41","isFullCredit":false},{"lineNumber":2,"author":{"gitId":"oysterboi"},"content":"    public DeleteException(String message) {","lastModifiedDate":"2025-09-18T01:03:41","isFullCredit":false},{"lineNumber":3,"author":{"gitId":"oysterboi"},"content":"        super(message);","lastModifiedDate":"2025-09-18T01:03:41","isFullCredit":false},{"lineNumber":4,"author":{"gitId":"oysterboi"},"content":"    }","lastModifiedDate":"2025-09-18T01:03:41","isFullCredit":false},{"lineNumber":5,"author":{"gitId":"oysterboi"},"content":"}","lastModifiedDate":"2025-09-18T01:03:41","isFullCredit":false}],"authorContributionMap":{"oysterboi":5}},{"path":"src/main/java/Event.java","fileType":"java","lines":[{"lineNumber":1,"author":{"gitId":"oysterboi"},"content":"public class Event extends Task {","lastModifiedDate":"2025-09-18T01:03:41","isFullCredit":false},{"lineNumber":2,"author":{"gitId":"oysterboi"},"content":"","lastModifiedDate":"2025-08-23T21:27:35","isFullCredit":false},{"lineNumber":3,"author":{"gitId":"oysterboi"},"content":"    protected String from;","lastModifiedDate":"2025-09-18T18:40:36","isFullCredit":false},{"lineNumber":4,"author":{"gitId":"oysterboi"},"content":"    protected String to;","lastModifiedDate":"2025-09-18T18:40:36","isFullCredit":false},{"lineNumber":5,"author":{"gitId":"oysterboi"},"content":"","lastModifiedDate":"2025-08-23T21:27:35","isFullCredit":false},{"lineNumber":6,"author":{"gitId":"oysterboi"},"content":"    public Event(String description, String from, String to) {","lastModifiedDate":"2025-09-18T01:03:41","isFullCredit":false},{"lineNumber":7,"author":{"gitId":"oysterboi"},"content":"        super(description);","lastModifiedDate":"2025-08-23T21:27:35","isFullCredit":false},{"lineNumber":8,"author":{"gitId":"oysterboi"},"content":"        this.from \u003d from;","lastModifiedDate":"2025-08-23T21:27:35","isFullCredit":false},{"lineNumber":9,"author":{"gitId":"oysterboi"},"content":"        this.to \u003d to;","lastModifiedDate":"2025-08-23T21:27:35","isFullCredit":false},{"lineNumber":10,"author":{"gitId":"oysterboi"},"content":"    }","lastModifiedDate":"2025-08-23T21:27:35","isFullCredit":false},{"lineNumber":11,"author":{"gitId":"oysterboi"},"content":"","lastModifiedDate":"2025-08-23T21:27:35","isFullCredit":false},{"lineNumber":12,"author":{"gitId":"oysterboi"},"content":"    @Override","lastModifiedDate":"2025-08-23T21:27:35","isFullCredit":false},{"lineNumber":13,"author":{"gitId":"oysterboi"},"content":"    public String toString() {","lastModifiedDate":"2025-08-23T21:27:35","isFullCredit":false},{"lineNumber":14,"author":{"gitId":"oysterboi"},"content":"        return \"[E]\" + super.toString() + \" (from: \" + from + \" to: \" + to + \")\";","lastModifiedDate":"2025-08-23T21:27:35","isFullCredit":false},{"lineNumber":15,"author":{"gitId":"oysterboi"},"content":"    }","lastModifiedDate":"2025-08-23T21:27:35","isFullCredit":false},{"lineNumber":16,"author":{"gitId":"oysterboi"},"content":"}","lastModifiedDate":"2025-08-23T21:27:35","isFullCredit":false}],"authorContributionMap":{"oysterboi":16}},{"path":"src/main/java/EventException.java","fileType":"java","lines":[{"lineNumber":1,"author":{"gitId":"oysterboi"},"content":"public class EventException extends RuntimeException {","lastModifiedDate":"2025-09-18T01:03:41","isFullCredit":false},{"lineNumber":2,"author":{"gitId":"oysterboi"},"content":"    public EventException(String message) {","lastModifiedDate":"2025-09-18T01:03:41","isFullCredit":false},{"lineNumber":3,"author":{"gitId":"oysterboi"},"content":"        super(message);","lastModifiedDate":"2025-09-17T20:59:09","isFullCredit":false},{"lineNumber":4,"author":{"gitId":"oysterboi"},"content":"    }","lastModifiedDate":"2025-09-17T20:59:09","isFullCredit":false},{"lineNumber":5,"author":{"gitId":"oysterboi"},"content":"}","lastModifiedDate":"2025-09-17T20:59:09","isFullCredit":false}],"authorContributionMap":{"oysterboi":5}},{"path":"src/main/java/MarkException.java","fileType":"java","lines":[{"lineNumber":1,"author":{"gitId":"oysterboi"},"content":"public class MarkException extends RuntimeException {","lastModifiedDate":"2025-09-18T01:03:41","isFullCredit":false},{"lineNumber":2,"author":{"gitId":"oysterboi"},"content":"    public MarkException(String message) {","lastModifiedDate":"2025-09-18T01:03:41","isFullCredit":false},{"lineNumber":3,"author":{"gitId":"oysterboi"},"content":"        super(message);","lastModifiedDate":"2025-09-18T01:03:41","isFullCredit":false},{"lineNumber":4,"author":{"gitId":"oysterboi"},"content":"    }","lastModifiedDate":"2025-09-18T01:03:41","isFullCredit":false},{"lineNumber":5,"author":{"gitId":"oysterboi"},"content":"}","lastModifiedDate":"2025-09-17T20:59:09","isFullCredit":false}],"authorContributionMap":{"oysterboi":5}},{"path":"src/main/java/Task.java","fileType":"java","lines":[{"lineNumber":1,"author":{"gitId":"oysterboi"},"content":"public class Task {","lastModifiedDate":"2025-08-22T17:15:23","isFullCredit":false},{"lineNumber":2,"author":{"gitId":"oysterboi"},"content":"    protected String description;","lastModifiedDate":"2025-08-22T17:15:23","isFullCredit":false},{"lineNumber":3,"author":{"gitId":"oysterboi"},"content":"    protected boolean isDone;","lastModifiedDate":"2025-08-22T17:15:23","isFullCredit":false},{"lineNumber":4,"author":{"gitId":"oysterboi"},"content":"","lastModifiedDate":"2025-08-22T17:15:23","isFullCredit":false},{"lineNumber":5,"author":{"gitId":"oysterboi"},"content":"    public Task (String description) {","lastModifiedDate":"2025-08-22T17:15:23","isFullCredit":false},{"lineNumber":6,"author":{"gitId":"oysterboi"},"content":"        this.description \u003d description;","lastModifiedDate":"2025-08-22T17:15:23","isFullCredit":false},{"lineNumber":7,"author":{"gitId":"oysterboi"},"content":"        this.isDone \u003d false;","lastModifiedDate":"2025-08-22T17:15:23","isFullCredit":false},{"lineNumber":8,"author":{"gitId":"oysterboi"},"content":"    }","lastModifiedDate":"2025-08-22T17:15:23","isFullCredit":false},{"lineNumber":9,"author":{"gitId":"oysterboi"},"content":"","lastModifiedDate":"2025-08-22T17:15:23","isFullCredit":false},{"lineNumber":10,"author":{"gitId":"oysterboi"},"content":"    public String getStatusIcon() {","lastModifiedDate":"2025-08-22T17:15:23","isFullCredit":false},{"lineNumber":11,"author":{"gitId":"oysterboi"},"content":"        return (isDone ? \"[X]\" : \"[ ]\");","lastModifiedDate":"2025-08-22T17:15:23","isFullCredit":false},{"lineNumber":12,"author":{"gitId":"oysterboi"},"content":"    }","lastModifiedDate":"2025-08-22T17:15:23","isFullCredit":false},{"lineNumber":13,"author":{"gitId":"oysterboi"},"content":"","lastModifiedDate":"2025-08-22T17:15:23","isFullCredit":false},{"lineNumber":14,"author":{"gitId":"oysterboi"},"content":"    public void markAsDone() {","lastModifiedDate":"2025-08-22T17:15:23","isFullCredit":false},{"lineNumber":15,"author":{"gitId":"oysterboi"},"content":"        isDone \u003d true;","lastModifiedDate":"2025-08-22T17:15:23","isFullCredit":false},{"lineNumber":16,"author":{"gitId":"oysterboi"},"content":"    }","lastModifiedDate":"2025-08-22T17:15:23","isFullCredit":false},{"lineNumber":17,"author":{"gitId":"oysterboi"},"content":"","lastModifiedDate":"2025-08-22T17:15:23","isFullCredit":false},{"lineNumber":18,"author":{"gitId":"oysterboi"},"content":"    public void markAsUndone() {","lastModifiedDate":"2025-08-22T17:15:23","isFullCredit":false},{"lineNumber":19,"author":{"gitId":"oysterboi"},"content":"        isDone \u003d false;","lastModifiedDate":"2025-08-22T17:15:23","isFullCredit":false},{"lineNumber":20,"author":{"gitId":"oysterboi"},"content":"    }","lastModifiedDate":"2025-08-22T17:15:23","isFullCredit":false},{"lineNumber":21,"author":{"gitId":"oysterboi"},"content":"","lastModifiedDate":"2025-08-22T17:15:23","isFullCredit":false},{"lineNumber":22,"author":{"gitId":"oysterboi"},"content":"    @Override","lastModifiedDate":"2025-08-22T17:15:23","isFullCredit":false},{"lineNumber":23,"author":{"gitId":"oysterboi"},"content":"    public String toString() {","lastModifiedDate":"2025-08-22T17:15:23","isFullCredit":false},{"lineNumber":24,"author":{"gitId":"oysterboi"},"content":"        return getStatusIcon() + \" \" + description;","lastModifiedDate":"2025-08-22T17:15:23","isFullCredit":false},{"lineNumber":25,"author":{"gitId":"oysterboi"},"content":"    }","lastModifiedDate":"2025-08-22T17:15:23","isFullCredit":false},{"lineNumber":26,"author":{"gitId":"oysterboi"},"content":"}","lastModifiedDate":"2025-08-22T17:15:23","isFullCredit":false},{"lineNumber":27,"author":{"gitId":"oysterboi"},"content":"","lastModifiedDate":"2025-08-23T21:27:35","isFullCredit":false}],"authorContributionMap":{"oysterboi":27}},{"path":"src/main/java/ToDo.java","fileType":"java","lines":[{"lineNumber":1,"author":{"gitId":"oysterboi"},"content":"public class ToDo extends Task {","lastModifiedDate":"2025-09-18T01:03:41","isFullCredit":false},{"lineNumber":2,"author":{"gitId":"oysterboi"},"content":"","lastModifiedDate":"2025-08-23T21:27:35","isFullCredit":false},{"lineNumber":3,"author":{"gitId":"oysterboi"},"content":"    public ToDo(String description) {","lastModifiedDate":"2025-09-18T01:03:41","isFullCredit":false},{"lineNumber":4,"author":{"gitId":"oysterboi"},"content":"        super(description);","lastModifiedDate":"2025-08-23T21:27:35","isFullCredit":false},{"lineNumber":5,"author":{"gitId":"oysterboi"},"content":"    }","lastModifiedDate":"2025-08-23T21:27:35","isFullCredit":false},{"lineNumber":6,"author":{"gitId":"oysterboi"},"content":"","lastModifiedDate":"2025-08-23T21:27:35","isFullCredit":false},{"lineNumber":7,"author":{"gitId":"oysterboi"},"content":"    @Override","lastModifiedDate":"2025-08-23T21:27:35","isFullCredit":false},{"lineNumber":8,"author":{"gitId":"oysterboi"},"content":"    public String toString() {","lastModifiedDate":"2025-08-23T21:27:35","isFullCredit":false},{"lineNumber":9,"author":{"gitId":"oysterboi"},"content":"        return \"[T]\" + super.toString();","lastModifiedDate":"2025-08-23T21:27:35","isFullCredit":false},{"lineNumber":10,"author":{"gitId":"oysterboi"},"content":"    }","lastModifiedDate":"2025-08-23T21:27:35","isFullCredit":false},{"lineNumber":11,"author":{"gitId":"oysterboi"},"content":"}","lastModifiedDate":"2025-08-23T21:27:35","isFullCredit":false},{"lineNumber":12,"author":{"gitId":"oysterboi"},"content":"","lastModifiedDate":"2025-08-23T21:27:35","isFullCredit":false}],"authorContributionMap":{"oysterboi":12}},{"path":"src/main/java/TodoException.java","fileType":"java","lines":[{"lineNumber":1,"author":{"gitId":"oysterboi"},"content":"public class TodoException extends RuntimeException {","lastModifiedDate":"2025-09-18T01:03:41","isFullCredit":false},{"lineNumber":2,"author":{"gitId":"oysterboi"},"content":"    public TodoException(String message) {","lastModifiedDate":"2025-09-18T01:03:41","isFullCredit":false},{"lineNumber":3,"author":{"gitId":"oysterboi"},"content":"        super(message);","lastModifiedDate":"2025-09-17T20:59:09","isFullCredit":false},{"lineNumber":4,"author":{"gitId":"oysterboi"},"content":"    }","lastModifiedDate":"2025-09-17T20:59:09","isFullCredit":false},{"lineNumber":5,"author":{"gitId":"oysterboi"},"content":"}","lastModifiedDate":"2025-09-17T20:59:09","isFullCredit":false}],"authorContributionMap":{"oysterboi":5}},{"path":"text-ui-test/input.txt","fileType":"txt","lines":[{"lineNumber":1,"author":{"gitId":"oysterboi"},"content":"list","lastModifiedDate":"2025-08-30T21:26:27","isFullCredit":false},{"lineNumber":2,"author":{"gitId":"oysterboi"},"content":"todo make notes for CS2103T week 3","lastModifiedDate":"2025-08-30T21:26:27","isFullCredit":false},{"lineNumber":3,"author":{"gitId":"oysterboi"},"content":"deadline tP: AB3 Initial Experience /by 30 Aug 2359","lastModifiedDate":"2025-08-30T21:26:27","isFullCredit":false},{"lineNumber":4,"author":{"gitId":"oysterboi"},"content":"todo walk the dog","lastModifiedDate":"2025-08-30T21:26:27","isFullCredit":false},{"lineNumber":5,"author":{"gitId":"oysterboi"},"content":"list","lastModifiedDate":"2025-08-30T21:26:27","isFullCredit":false},{"lineNumber":6,"author":{"gitId":"oysterboi"},"content":"event CS1101S RA1 /from 5 Sep 10am /to 5 Sep 12pm","lastModifiedDate":"2025-08-30T21:26:27","isFullCredit":false},{"lineNumber":7,"author":{"gitId":"oysterboi"},"content":"list","lastModifiedDate":"2025-08-30T21:26:27","isFullCredit":false},{"lineNumber":8,"author":{"gitId":"oysterboi"},"content":"mark 2","lastModifiedDate":"2025-08-30T21:26:27","isFullCredit":false},{"lineNumber":9,"author":{"gitId":"oysterboi"},"content":"mark 1","lastModifiedDate":"2025-08-30T21:26:27","isFullCredit":false},{"lineNumber":10,"author":{"gitId":"oysterboi"},"content":"unmark 2","lastModifiedDate":"2025-08-30T21:26:27","isFullCredit":false},{"lineNumber":11,"author":{"gitId":"oysterboi"},"content":"list","lastModifiedDate":"2025-08-30T21:26:27","isFullCredit":false},{"lineNumber":12,"author":{"gitId":"oysterboi"},"content":"bye","lastModifiedDate":"2025-08-30T21:26:27","isFullCredit":false}],"authorContributionMap":{"oysterboi":12}},{"path":"text-ui-test/runtest.bat","fileType":"bat","lines":[{"lineNumber":1,"author":{"gitId":"-"},"content":"@ECHO OFF","lastModifiedDate":"2020-05-25T00:03:55","isFullCredit":false},{"lineNumber":2,"author":{"gitId":"-"},"content":"","lastModifiedDate":"2020-05-25T00:03:55","isFullCredit":false},{"lineNumber":3,"author":{"gitId":"-"},"content":"REM create bin directory if it doesn\u0027t exist","lastModifiedDate":"2020-05-25T00:03:55","isFullCredit":false},{"lineNumber":4,"author":{"gitId":"-"},"content":"if not exist ..\\bin mkdir ..\\bin","lastModifiedDate":"2020-05-25T00:03:55","isFullCredit":false},{"lineNumber":5,"author":{"gitId":"-"},"content":"","lastModifiedDate":"2020-05-25T00:03:55","isFullCredit":false},{"lineNumber":6,"author":{"gitId":"-"},"content":"REM delete output from previous run","lastModifiedDate":"2020-05-25T00:03:55","isFullCredit":false},{"lineNumber":7,"author":{"gitId":"-"},"content":"if exist ACTUAL.TXT del ACTUAL.TXT","lastModifiedDate":"2020-08-25T17:23:26","isFullCredit":false},{"lineNumber":8,"author":{"gitId":"-"},"content":"","lastModifiedDate":"2020-05-25T00:03:55","isFullCredit":false},{"lineNumber":9,"author":{"gitId":"-"},"content":"REM compile the code into the bin folder","lastModifiedDate":"2020-05-25T00:03:55","isFullCredit":false},{"lineNumber":10,"author":{"gitId":"-"},"content":"javac  -cp ..\\src\\main\\java -Xlint:none -d ..\\bin ..\\src\\main\\java\\*.java","lastModifiedDate":"2020-08-25T17:23:26","isFullCredit":false},{"lineNumber":11,"author":{"gitId":"-"},"content":"IF ERRORLEVEL 1 (","lastModifiedDate":"2020-05-25T00:03:55","isFullCredit":false},{"lineNumber":12,"author":{"gitId":"-"},"content":"    echo ********** BUILD FAILURE **********","lastModifiedDate":"2020-05-25T00:03:55","isFullCredit":false},{"lineNumber":13,"author":{"gitId":"-"},"content":"    exit /b 1","lastModifiedDate":"2020-05-25T00:03:55","isFullCredit":false},{"lineNumber":14,"author":{"gitId":"-"},"content":")","lastModifiedDate":"2020-05-25T00:03:55","isFullCredit":false},{"lineNumber":15,"author":{"gitId":"-"},"content":"REM no error here, errorlevel \u003d\u003d 0","lastModifiedDate":"2020-05-25T00:03:55","isFullCredit":false},{"lineNumber":16,"author":{"gitId":"-"},"content":"","lastModifiedDate":"2020-05-25T00:03:55","isFullCredit":false},{"lineNumber":17,"author":{"gitId":"-"},"content":"REM run the program, feed commands from input.txt file and redirect the output to the ACTUAL.TXT","lastModifiedDate":"2020-05-25T00:03:55","isFullCredit":false},{"lineNumber":18,"author":{"gitId":"oysterboi"},"content":"java -classpath ..\\bin Clam \u003c input.txt \u003e ACTUAL.TXT","lastModifiedDate":"2025-08-22T15:27:17","isFullCredit":false},{"lineNumber":19,"author":{"gitId":"-"},"content":"","lastModifiedDate":"2020-05-25T00:03:55","isFullCredit":false},{"lineNumber":20,"author":{"gitId":"-"},"content":"REM compare the output to the expected output","lastModifiedDate":"2020-05-25T00:03:55","isFullCredit":false},{"lineNumber":21,"author":{"gitId":"-"},"content":"FC ACTUAL.TXT EXPECTED.TXT","lastModifiedDate":"2020-05-25T00:03:55","isFullCredit":false}],"authorContributionMap":{"oysterboi":1,"-":20}}]
