{"authorDailyContributionsMap":{"brainybryan69":[{"date":"2025-08-17T00:00:00","commitResults":[{"hash":"11e90a88126b0cf59301de6be2543b5c9887e09f","isMergeCommit":false,"messageTitle":"Completed Level 0","messageBody":"","fileTypesAndContributionMap":{"java":{"insertions":0,"deletions":0}}},{"hash":"2580213dca45b52881b5d6723fa690d27bf4989a","isMergeCommit":false,"messageTitle":"Changed Duke.java to LeBron.java","messageBody":"","tags":["Level-1"],"fileTypesAndContributionMap":{"java":{"insertions":5,"deletions":7}}},{"hash":"a7e58501842e5b68c342ecd3c0c65034ec75f63a","isMergeCommit":false,"messageTitle":"Added echo feature","messageBody":"","tags":["Level-2"],"fileTypesAndContributionMap":{"java":{"insertions":16,"deletions":1}}},{"hash":"97e89c4b62e621058ab437977d13edad7abb530b","isMergeCommit":false,"messageTitle":"Added feature that stores and lists tasks","messageBody":"","tags":["Level-3"],"fileTypesAndContributionMap":{"java":{"insertions":17,"deletions":3}}},{"hash":"ce1b867c80cd22c42c2ac09d84477777edc1ef00","isMergeCommit":false,"messageTitle":"Added feature to mark tasks as done","messageBody":"","tags":["Level-4"],"fileTypesAndContributionMap":{"java":{"insertions":57,"deletions":3}}},{"hash":"3bfb5ee16bdfaaa3fbd43a8bb83b4a433349058d","isMergeCommit":false,"messageTitle":"added ToDos, Events and Deadline classes","messageBody":"","tags":["A-TextUiTesting"],"fileTypesAndContributionMap":{"java":{"insertions":102,"deletions":6}}}]},{"date":"2025-08-18T00:00:00","commitResults":[{"hash":"0a965bbfe9e4f162437f2ec440976cd712fd1f1d","isMergeCommit":false,"messageTitle":"Added Automated Text UI Testing feature","messageBody":"","tags":["Level-5"],"fileTypesAndContributionMap":{"txt":{"insertions":9,"deletions":0},"java":{"insertions":3,"deletions":0},"sh":{"insertions":1,"deletions":1}}},{"hash":"3c0545197ae447982bd1f4996bac06f8710fc0e2","isMergeCommit":false,"messageTitle":"Added error handling","messageBody":"","tags":["Level-6"],"fileTypesAndContributionMap":{"txt":{"insertions":7,"deletions":1},"java":{"insertions":61,"deletions":35}}},{"hash":"1b0aed2d9a0522a4ce03d479b12052faa2875c80","isMergeCommit":false,"messageTitle":"Added delete function","messageBody":"","tags":["A-Enums"],"fileTypesAndContributionMap":{"txt":{"insertions":8,"deletions":0},"java":{"insertions":32,"deletions":21}}},{"hash":"d2442403eb1ea6c5703ce1d383e3ffd89c5d7a50","isMergeCommit":false,"messageTitle":"Improved the code by adding enumerations","messageBody":"","fileTypesAndContributionMap":{"java":{"insertions":214,"deletions":131}}}]},{"date":"2025-08-20T00:00:00","commitResults":[{"hash":"884b013ade8c376d15e3e7022f37fc0811666116","isMergeCommit":false,"messageTitle":"Add javadocs","messageBody":"","fileTypesAndContributionMap":{"java":{"insertions":190,"deletions":0}}}]}]},"authorFileTypeContributionMap":{"brainybryan69":{"java":497,"md":0,"fxml":0,"sh":1,"bat":0,"gradle":0,"txt":23}},"authorContributionVariance":{"brainybryan69":22391.621},"authorDisplayNameMap":{"brainybryan69":"ANG .. HAW"}}
