{"authorDailyContributionsMap":{"weijie-wang227":[{"date":"2025-08-20T00:00:00","commitResults":[{"hash":"bf4e4605de5893d112aafd25e1b74543da3b6ba7","isMergeCommit":false,"messageTitle":"Changed name and changed greeting message","messageBody":"","fileTypesAndContributionMap":{"java":{"insertions":13,"deletions":10},"md":{"insertions":1,"deletions":4}}},{"hash":"139e1289eab4a5d0d53bfc3ccb3fcbfae383fd07","isMergeCommit":false,"messageTitle":"fixed greeting","messageBody":"","tags":["Level-0"],"fileTypesAndContributionMap":{"java":{"insertions":2,"deletions":2}}},{"hash":"47c0c9db9343f9cbe1084f487a673c8e72092084","isMergeCommit":false,"messageTitle":"Added Echoing logic","messageBody":"","tags":["Level-1"],"fileTypesAndContributionMap":{"java":{"insertions":15,"deletions":0}}},{"hash":"6d5923a24bcb3f9cae8c35d02c5b4ab0038b4fa0","isMergeCommit":false,"messageTitle":"Added Add and List","messageBody":"","tags":["Level-2"],"fileTypesAndContributionMap":{"java":{"insertions":9,"deletions":1}}},{"hash":"5c87300749075e2c6c7ca7a8f7bb9f5202582b52","isMergeCommit":false,"messageTitle":"Added Task","messageBody":"","tags":["Level-3"],"fileTypesAndContributionMap":{"java":{"insertions":71,"deletions":2}}}]},{"date":"2025-08-21T00:00:00","commitResults":[{"hash":"9ea27ef04f5b903661d5bf9c179aba0d48893ed5","isMergeCommit":false,"messageTitle":"Changed checking format","messageBody":"","fileTypesAndContributionMap":{"java":{"insertions":46,"deletions":43}}},{"hash":"ccc5b8d043c9f8ab2fb6789f61e37a803f385721","isMergeCommit":false,"messageTitle":"Created Todo, Deadline and Event classes","messageBody":"","fileTypesAndContributionMap":{"java":{"insertions":42,"deletions":4}}},{"hash":"d49b52697253428672654ff6b2db24796e5c2f72","isMergeCommit":false,"messageTitle":"Added ToDos, Events, Deadlines","messageBody":"","tags":["Level-4"],"fileTypesAndContributionMap":{"java":{"insertions":35,"deletions":1}}},{"hash":"c56650cfa0ea0e75b92c4967049c3eb43310ec57","isMergeCommit":false,"messageTitle":"Testing done","messageBody":"","tags":["A-TextUiTesting"],"fileTypesAndContributionMap":{"txt":{"insertions":10,"deletions":0},"java":{"insertions":9,"deletions":11},"bat":{"insertions":2,"deletions":2},"sh":{"insertions":1,"deletions":1}}},{"hash":"33a6845271bc97601757d96c34a403b453f406e4","isMergeCommit":false,"messageTitle":"Added new error","messageBody":"","fileTypesAndContributionMap":{"java":{"insertions":10,"deletions":0}}},{"hash":"0c0d040a0a2d0aad70ab161a9f937428b96fcc3a","isMergeCommit":false,"messageTitle":"Handled Error","messageBody":"","fileTypesAndContributionMap":{"java":{"insertions":31,"deletions":14}}},{"hash":"d70bf4154de49be8020815703a0170b88c3cfd50","isMergeCommit":false,"messageTitle":"Added Error message for mark and unmark","messageBody":"","tags":["Level-5"],"fileTypesAndContributionMap":{"java":{"insertions":14,"deletions":5}}},{"hash":"9430d0bbce2bcfc4d6167c75c1216d9312cb1b04","isMergeCommit":false,"messageTitle":"Added Delete command","messageBody":"","tags":["Level-6"],"fileTypesAndContributionMap":{"java":{"insertions":23,"deletions":0}}}]},{"date":"2025-08-26T00:00:00","commitResults":[{"hash":"a47df882b29e77d8517dc0c69e1e0c3e31a747de","isMergeCommit":false,"messageTitle":"Add savefile init","messageBody":"Users may not have a designated file to save the list that they made\n\nUsers should have a way to save their list\n\nLet\u0027s check if the user has the correct save file and directory and\ncreate a save file if it does not already exist yet.\n\nIt makes sure that the save file would exist in the correct path which\nmakes it easier to work with in the future\n","fileTypesAndContributionMap":{"java":{"insertions":36,"deletions":0}}}]},{"date":"2025-08-27T00:00:00","commitResults":[{"hash":"143d0009f2e5e5574e42ac274791f834412b7f4a","isMergeCommit":false,"messageTitle":"Add save file","messageBody":"There is no way for users to save into the file yet\n\nThe user needs to be able to change the save file to save\n\nLet\u0027s write into the file everytime the list is changed\n\nThe backup is always up to date with the current list\n","fileTypesAndContributionMap":{"java":{"insertions":42,"deletions":8}}},{"hash":"b71949f595c978adc9cee2afb6dbc08504f622f3","isMergeCommit":false,"messageTitle":"Add load feature","messageBody":"Users did not have a way to load data from an existing file\n\nUsers cannot access the list they made previously\n\nLet\u0027s add the ability to load the list from a save file\n","fileTypesAndContributionMap":{"java":{"insertions":93,"deletions":20}}},{"hash":"c714ccbaeb6c8eb55847f84eb6c3770152ff727c","isMergeCommit":true,"messageTitle":"Merge branch \u0027branch-Level-7\u0027","messageBody":"","tags":["Level-7"],"fileTypesAndContributionMap":{}},{"hash":"682d4a984e1513ad3e38fa5ecee08fb8ad2d202b","isMergeCommit":false,"messageTitle":"Changed String to LocalDateTime","messageBody":"All the time is represeented as a String\n\nIf it was in LocalDateTime, it is easier to manipulate in more\nmeaningful ways.\n\nLet\u0027s change all the string representation of time in deadline and event\ntasks to LocalDateTime\n\nThis way it can still show time in the day\n","fileTypesAndContributionMap":{"java":{"insertions":46,"deletions":15}}},{"hash":"398b6dab4a1dd53a6bd0f90a4e7505f1ef312536","isMergeCommit":false,"messageTitle":"Add time check commmand","messageBody":"Users cannot tell which tasks are current on a date\n\nUsers should be able to plan ahead\n\nLet\u0027s add the time check command to allow users to key in a date and\nsee which events are still available on that date\n\nUsers can easily tell which ones need attention\n","fileTypesAndContributionMap":{"java":{"insertions":39,"deletions":4}}},{"hash":"88f2f704a0d00a15ca9f3d97c4dd5aee8fd88323","isMergeCommit":true,"messageTitle":"Merge branch \u0027branch-Level-8\u0027","messageBody":"","tags":["Level-8"],"fileTypesAndContributionMap":{}},{"hash":"13497b007adfb5651dd3b0c05b36779a060db5d1","isMergeCommit":false,"messageTitle":"Create classes for Storage, Command, UI","messageBody":"The basic framework for OOP is not set up yet\n\nDifferent classes are needed for different processes\n\nLet\u0027s create different classes for Command, Storage, TaskList and UI\n","fileTypesAndContributionMap":{"java":{"insertions":154,"deletions":92}}},{"hash":"1308813bbca94362758d7b3825efe526579c99f1","isMergeCommit":false,"messageTitle":"Add Commands","messageBody":"The command were stored as a map\n\nThe commands do not adhere to OOP principals\n\nLet\u0027s make each command into its own class\n","fileTypesAndContributionMap":{"java":{"insertions":392,"deletions":52}}},{"hash":"8b434d90f4c194a9137d8950989ef893e45d537a","isMergeCommit":false,"messageTitle":"Finish OOP implementation","messageBody":"","fileTypesAndContributionMap":{"java":{"insertions":170,"deletions":216}}},{"hash":"3bbf1e0ddde0c6c2778ad1055eba4d397efd285f","isMergeCommit":true,"messageTitle":"Merge branch \u0027A-MoreOOP\u0027","messageBody":"","tags":["A-MoreOOP"],"fileTypesAndContributionMap":{}},{"hash":"10603bff047f81e9b1f9a734322cd4e6b549d99b","isMergeCommit":false,"messageTitle":"Reorganized into packages","messageBody":"","fileTypesAndContributionMap":{"java":{"insertions":26,"deletions":40}}},{"hash":"452d3b20f6bd7944db473b9427c8cc699d898cb1","isMergeCommit":false,"messageTitle":"Reorganized packages","messageBody":"The packages were in a mess\n\nThey should be renamed to be clearer\n","tags":["A-Packages"],"fileTypesAndContributionMap":{"java":{"insertions":64,"deletions":64}}},{"hash":"48eaaa07aec84af98eaff7a902ba7f5cb46291ed","isMergeCommit":true,"messageTitle":"Merge remote-tracking branch \u0027origin/add-gradle-support\u0027","messageBody":"","tags":["A-Gradle"],"fileTypesAndContributionMap":{}}]}]},"authorFileTypeContributionMap":{"weijie-wang227":{"java":788,"md":1,"fxml":0,"sh":1,"bat":2,"gradle":0,"txt":10}},"authorContributionVariance":{"weijie-wang227":113578.94},"authorDisplayNameMap":{"weijie-wang227":"CS2103T-T12-3 WANG..IJIE"}}
