{"authorDailyContributionsMap":{"wailon18":[{"date":"2025-08-17T00:00:00","commitResults":[{"hash":"3c54f408d5f0252c720fead944d6eefa6413a16b","isMergeCommit":false,"messageTitle":"Add welcome message","messageBody":"","tags":["Level-0"],"fileTypesAndContributionMap":{"java":{"insertions":0,"deletions":10}}},{"hash":"2d32b784e6c561fca3f7a1305078e9367dc25d6b","isMergeCommit":false,"messageTitle":"Add feature echo","messageBody":"","tags":["Level-1"],"fileTypesAndContributionMap":{"java":{"insertions":37,"deletions":0}}},{"hash":"00cfccecdbb6745b520995833c6875eace976ddf","isMergeCommit":false,"messageTitle":"Add feature add and list","messageBody":"","tags":["Level-2"],"fileTypesAndContributionMap":{"java":{"insertions":26,"deletions":3}}},{"hash":"5202703c49bab18f887ebb59e5cb7fa7bf583152","isMergeCommit":false,"messageTitle":"Add feature mark as done","messageBody":"","tags":["Level-3"],"fileTypesAndContributionMap":{"java":{"insertions":82,"deletions":1}}},{"hash":"e223a923f7d69673aa5cb03b4f612e415a5faeb3","isMergeCommit":false,"messageTitle":"Add feature Todo, Event, Deadline","messageBody":"","tags":["Level-4"],"fileTypesAndContributionMap":{"java":{"insertions":200,"deletions":112}}}]},{"date":"2025-08-20T00:00:00","commitResults":[{"hash":"a9eb75757ca37146c8ac8ffefb8a8516c41378c2","isMergeCommit":false,"messageTitle":"Implement Automated Text UI Testing","messageBody":"","tags":["A-TextUiTesting"],"fileTypesAndContributionMap":{"txt":{"insertions":7,"deletions":0},"sh":{"insertions":2,"deletions":2}}},{"hash":"f4409268e5531238409df8f6023cf4f40894f66b","isMergeCommit":false,"messageTitle":"Make error handling more comprehensive","messageBody":"","tags":["Level-5"],"fileTypesAndContributionMap":{"java":{"insertions":11,"deletions":11}}},{"hash":"3865d57107d46ac98e387f3b74e921ddcd8a7c8e","isMergeCommit":false,"messageTitle":"Add feature delete","messageBody":"","tags":["Level-6"],"fileTypesAndContributionMap":{"java":{"insertions":24,"deletions":1}}},{"hash":"65bc9dd67023d733bfbab859d2a25fc73af5e981","isMergeCommit":false,"messageTitle":"Add enums for actions","messageBody":"","tags":["A-Enums"],"fileTypesAndContributionMap":{"java":{"insertions":63,"deletions":27}}}]},{"date":"2025-08-27T00:00:00","commitResults":[{"hash":"eeb9ac4560a9a0bafbbb42b27cfe2030b7a8c623","isMergeCommit":false,"messageTitle":"Add feature save","messageBody":"","tags":["Level-7"],"fileTypesAndContributionMap":{"txt":{"insertions":4,"deletions":0},"java":{"insertions":78,"deletions":1}}},{"hash":"d69d5208c2b7a3d47179a1d22ad5b97eac500c6d","isMergeCommit":false,"messageTitle":"Add date parser for deadline and events","messageBody":"","tags":["Level-8"],"fileTypesAndContributionMap":{"txt":{"insertions":2,"deletions":2},"java":{"insertions":57,"deletions":17}}}]},{"date":"2025-08-28T00:00:00","commitResults":[{"hash":"23026b196878a1f4cd99791695fed6c20e3b98f6","isMergeCommit":false,"messageTitle":"Refactor code to use more OOP","messageBody":"","tags":["A-MoreOOP"],"fileTypesAndContributionMap":{"txt":{"insertions":0,"deletions":4},"java":{"insertions":599,"deletions":315}}},{"hash":"97c097811f02fb8dde62755cc3e714ad86a9adc4","isMergeCommit":false,"messageTitle":"Divide classes into packages","messageBody":"","tags":["A-Packages"],"fileTypesAndContributionMap":{"txt":{"insertions":2,"deletions":0},"java":{"insertions":67,"deletions":65}}},{"hash":"a52772358bad31956ed54867061368f0a8bae32d","isMergeCommit":true,"messageTitle":"Merge remote-tracking branch \u0027origin/add-gradle-support\u0027","messageBody":"","fileTypesAndContributionMap":{}},{"hash":"6c369a90bdf773bb850f0c28371dd7cc530959e6","isMergeCommit":false,"messageTitle":"Add gradle to project","messageBody":"","tags":["A-Gradle"],"fileTypesAndContributionMap":{"gradle":{"insertions":2,"deletions":2},"java":{"insertions":8,"deletions":8}}},{"hash":"c420c09751f2161f833cc8268f0fda88f8893473","isMergeCommit":false,"messageTitle":"Add junit tests","messageBody":"","tags":["A-JUnit"],"fileTypesAndContributionMap":{"java":{"insertions":171,"deletions":1}}}]},{"date":"2025-08-29T00:00:00","commitResults":[{"hash":"e66eb61b9e972d10357ac65d9634f1117941140c","isMergeCommit":false,"messageTitle":"Add javadoc comments to the code","messageBody":"","tags":["A-JavaDoc"],"fileTypesAndContributionMap":{"java":{"insertions":292,"deletions":5}}},{"hash":"649756ad16da7116ad3715da836c2f7f696c9c2f","isMergeCommit":false,"messageTitle":"Fix coding standard issues","messageBody":"","fileTypesAndContributionMap":{"java":{"insertions":21,"deletions":13}}},{"hash":"4f68ed51a8b3c877e5b67c608de8d5121c9cac48","isMergeCommit":true,"messageTitle":"Merge branch \u0027branch-A-CodingStandard\u0027","messageBody":"# Conflicts:\n#\tsrc/main/java/atlas/cli/AtlasCli.java\n#\tsrc/main/java/atlas/commands/DeadlineCommand.java\n","tags":["A-CodingStandard"],"fileTypesAndContributionMap":{}},{"hash":"0c12039b989a26f240b102c9ee6de4ec26bcab9b","isMergeCommit":false,"messageTitle":"Add feature find","messageBody":"","fileTypesAndContributionMap":{"txt":{"insertions":1,"deletions":0},"java":{"insertions":47,"deletions":8}}},{"hash":"f0f65d2606710f9536dd8871c12c28a9c9f2bbc1","isMergeCommit":true,"messageTitle":"Merge branch \u0027branch-Level-9\u0027","messageBody":"# Conflicts:\n#\tsrc/main/java/atlas/tasklist/AtlasTaskList.java\n","tags":["Level-9"],"fileTypesAndContributionMap":{}},{"hash":"412fe24cc8ef2df52c9d765bd691caec75b985aa","isMergeCommit":false,"messageTitle":"Package app as a jar file","messageBody":"","tags":["A-Jar"],"fileTypesAndContributionMap":{"gradle":{"insertions":1,"deletions":0},"java":{"insertions":0,"deletions":1}}}]}]},"authorFileTypeContributionMap":{"wailon18":{"java":1203,"md":0,"fxml":0,"sh":1,"bat":0,"gradle":3,"txt":10}},"authorContributionVariance":{"wailon18":77448.22},"authorDisplayNameMap":{"wailon18":"CS2103T-T10-2 CHAN.. LUN"}}
