{"authorDailyContributionsMap":{"mengshuos":[{"date":"2025-08-22T00:00:00","commitResults":[{"hash":"6f6956baf344e5f390a95bacf66c7e8063fc8046","isMergeCommit":false,"messageTitle":"Choose name for chatbot and rename class","messageBody":"","fileTypesAndContributionMap":{"java":{"insertions":1,"deletions":1}}},{"hash":"171078686aed3d9116c330a1620388af100d3943","isMergeCommit":false,"messageTitle":"Add basic greeting and exiting text","messageBody":"","fileTypesAndContributionMap":{"java":{"insertions":6,"deletions":6}}},{"hash":"4fbab6739160dcbc8edba06ae19b184b6a44b1e5","isMergeCommit":false,"messageTitle":"Add Chiikawa personality and style","messageBody":"","fileTypesAndContributionMap":{"java":{"insertions":28,"deletions":3}}},{"hash":"5f7464f5e11e63a5e412ced0e41c442383b4058f","isMergeCommit":false,"messageTitle":"Minor change to Chiikawa text","messageBody":"","tags":["Level-0"],"fileTypesAndContributionMap":{"java":{"insertions":1,"deletions":1}}},{"hash":"ef76f367404ec143e6749b01320a03201da3143f","isMergeCommit":false,"messageTitle":"Add Scanner that continuously waits for user input","messageBody":"","fileTypesAndContributionMap":{"java":{"insertions":13,"deletions":2}}},{"hash":"49bbf4e2d7d966e5bd8c4a508c596c516c244e6d","isMergeCommit":false,"messageTitle":"Add ability to echo commands entered by user","messageBody":"","tags":["Level-1"],"fileTypesAndContributionMap":{"java":{"insertions":14,"deletions":3}}},{"hash":"04ab11522baf96cb54a306c203a90b80bdb2c5b8","isMergeCommit":false,"messageTitle":"Add list for tasks to be added into","messageBody":"","fileTypesAndContributionMap":{"java":{"insertions":21,"deletions":13}}},{"hash":"54c67519d60b61c1be980edc10cb27829f3654b1","isMergeCommit":false,"messageTitle":"Add the ability to exit by saying bye","messageBody":"","tags":["Level-2"],"fileTypesAndContributionMap":{"java":{"insertions":9,"deletions":4}}},{"hash":"597fdf80eff3d3713623fe3cbbf2b8b9f041cc64","isMergeCommit":false,"messageTitle":"Add Task class and basic properties","messageBody":"","fileTypesAndContributionMap":{"java":{"insertions":13,"deletions":0}}},{"hash":"5667e96b8e13c32cff03c5e7c2f28820f8b6288e","isMergeCommit":false,"messageTitle":"Add method to mark and unmark Tasks","messageBody":"","fileTypesAndContributionMap":{"java":{"insertions":8,"deletions":1}}},{"hash":"832556101ef445032a06083a87aa918a5098aa5b","isMergeCommit":false,"messageTitle":"Add ability to split input to decide the next action","messageBody":"","fileTypesAndContributionMap":{"java":{"insertions":20,"deletions":21}}},{"hash":"94f6a06369a5087863e48339df2399a91919f2d9","isMergeCommit":false,"messageTitle":"Add ability to print new list and update list of tasks","messageBody":"","fileTypesAndContributionMap":{"java":{"insertions":12,"deletions":2}}},{"hash":"5e3f2f1f3b3aab52164618c25b621e7a04aaee21","isMergeCommit":false,"messageTitle":"Fix minor bug where we index out of range and add text","messageBody":"","fileTypesAndContributionMap":{"java":{"insertions":6,"deletions":2}}},{"hash":"27cbf4b1709bae25c88d0c38d34d7a43b186be0e","isMergeCommit":false,"messageTitle":"Add toString() method to Task and more text to Chiikawa","messageBody":"","tags":["Level-3"],"fileTypesAndContributionMap":{"java":{"insertions":9,"deletions":3}}},{"hash":"b9b2cb17de855d64cb45fbc78c2f2a95ea5bdab7","isMergeCommit":false,"messageTitle":"Add new types of tasks with skeleton constructors","messageBody":"","fileTypesAndContributionMap":{"java":{"insertions":24,"deletions":0}}},{"hash":"13215df169b752fc1a96136b1c48281a10cd93bc","isMergeCommit":false,"messageTitle":"Add new fields to DeadlineTask and EventTask that represents the dates/times","messageBody":"","fileTypesAndContributionMap":{"java":{"insertions":9,"deletions":1}}},{"hash":"9c568e5ad6eb4ed354dca1a25551a51cf65f2e28","isMergeCommit":false,"messageTitle":"Override toString() methods in all Task subclasses","messageBody":"","fileTypesAndContributionMap":{"java":{"insertions":15,"deletions":0}}},{"hash":"8037a0243734ddd67a61357201a853b325f02ad6","isMergeCommit":false,"messageTitle":"Add logic that creates and adds new tasks to the list of tasks","messageBody":"","fileTypesAndContributionMap":{"java":{"insertions":15,"deletions":0}}},{"hash":"ab71bf10de91954a3731487df8798790e6402812","isMergeCommit":false,"messageTitle":"Add Chiikawa lines for different events","messageBody":"","fileTypesAndContributionMap":{"java":{"insertions":12,"deletions":0}}},{"hash":"55737ba79585089e0b9637c57b2423a753c42353","isMergeCommit":false,"messageTitle":"Fix formatting areas in toString methods of various Tasks","messageBody":"","fileTypesAndContributionMap":{"java":{"insertions":2,"deletions":2}}},{"hash":"2667bc19f5a3f3b41017e699da92331d58e03f4a","isMergeCommit":false,"messageTitle":"Add class field and method to keep track of total number of tasks","messageBody":"","fileTypesAndContributionMap":{"java":{"insertions":6,"deletions":0}}},{"hash":"6c97fbc28ff53987c441fc6f6f4e6d4ccc4e5357","isMergeCommit":false,"messageTitle":"Use Task class method to report number of tasks in list","messageBody":"","tags":["Level-4"],"fileTypesAndContributionMap":{"java":{"insertions":3,"deletions":3}}},{"hash":"3ed56884bb8446a33f45ad1115e9655ee1cb220b","isMergeCommit":false,"messageTitle":"Add TextUI testing for all inputs","messageBody":"","tags":["A-TextUiTesting"],"fileTypesAndContributionMap":{"txt":{"insertions":6,"deletions":0},"bat":{"insertions":1,"deletions":1}}},{"hash":"8ae32718097c3ee875dfd3f22fffb537de38bc26","isMergeCommit":false,"messageTitle":"Add ChiikawaException.java","messageBody":"","fileTypesAndContributionMap":{"java":{"insertions":5,"deletions":0}}},{"hash":"cf19ee1e74efbe09b847448fad493e05a0911924","isMergeCommit":false,"messageTitle":"Override toString method in ChiikawaException.java","messageBody":"","fileTypesAndContributionMap":{"java":{"insertions":5,"deletions":0}}},{"hash":"ed48518600eda15cea5d16eeef6d8f57684a43d6","isMergeCommit":false,"messageTitle":"Add exception handling to Chiikawa","messageBody":"","tags":["Level-5"],"fileTypesAndContributionMap":{"java":{"insertions":72,"deletions":55}}},{"hash":"7c8cf7b8a264c32435e2910b82def5c60bbc8f61","isMergeCommit":false,"messageTitle":"Add ArrayList to replace normal arrays","messageBody":"","fileTypesAndContributionMap":{"java":{"insertions":19,"deletions":23}}},{"hash":"0dda799d75a29dfa60ae0747645eeb8414d33266","isMergeCommit":false,"messageTitle":"Add delete task logic in Task.java","messageBody":"","fileTypesAndContributionMap":{"java":{"insertions":4,"deletions":0}}},{"hash":"b7e8729461c668c8c0680ce96b15f5bb56f06b52","isMergeCommit":false,"messageTitle":"Add delete task logic in Chiikawa.java","messageBody":"","tags":["Level-6"],"fileTypesAndContributionMap":{"java":{"insertions":9,"deletions":0}}},{"hash":"69db85781de9ec051b26dc1c0deebb6901deff9d","isMergeCommit":false,"messageTitle":"Add enums to replace if else statements","messageBody":"","fileTypesAndContributionMap":{"java":{"insertions":82,"deletions":72}}},{"hash":"bcd583e76b615f42df0fec89de3ee16ecc0fc528","isMergeCommit":false,"messageTitle":"Fix bugs where Chiikawa was saying wrong things","messageBody":"","tags":["A-Enums"],"fileTypesAndContributionMap":{"java":{"insertions":1,"deletions":2}}}]},{"date":"2025-08-28T00:00:00","commitResults":[{"hash":"346a54c5c336e702d8883dfe60379757c7f522e9","isMergeCommit":false,"messageTitle":"feat: Add file management class","messageBody":"","fileTypesAndContributionMap":{"java":{"insertions":32,"deletions":0}}}]},{"date":"2025-08-29T00:00:00","commitResults":[{"hash":"1b5e3462733e21dd33fa8b1687087a46fccf7c6a","isMergeCommit":false,"messageTitle":"Add text file to store user input","messageBody":"","fileTypesAndContributionMap":{"txt":{"insertions":0,"deletions":0}}},{"hash":"691fa529b3ddedba6c0f964af6216f01db4faffd","isMergeCommit":false,"messageTitle":"fix: Change scoping of variables in FileManagement.java","messageBody":"","fileTypesAndContributionMap":{"java":{"insertions":3,"deletions":3}}},{"hash":"3ba1983a92224068426125528415c1b4103dd102","isMergeCommit":false,"messageTitle":"feat: Reformat output text for readability","messageBody":"","fileTypesAndContributionMap":{"java":{"insertions":5,"deletions":5}}},{"hash":"25e5afbe9769adb746c86597513d14544d0828dc","isMergeCommit":false,"messageTitle":"refactor: Reformatting code for readability","messageBody":"","fileTypesAndContributionMap":{"java":{"insertions":10,"deletions":1}}},{"hash":"d122e09f5d639c7d50378df4d208cf1a6a2fd0b2","isMergeCommit":false,"messageTitle":"feat: Add ability to save files into the hard disk","messageBody":"","fileTypesAndContributionMap":{"java":{"insertions":29,"deletions":12}}},{"hash":"9488d357e544da4d1a9a5a6a8f28558aa9fd8002","isMergeCommit":false,"messageTitle":"feat: Add new constructor to task classes","messageBody":"","fileTypesAndContributionMap":{"java":{"insertions":22,"deletions":1}}},{"hash":"aa74465a6e26c434d6532d1cf8a6a84ddf4f6673","isMergeCommit":false,"messageTitle":"feat: Add ability to load in files from hard disk","messageBody":"","fileTypesAndContributionMap":{"java":{"insertions":44,"deletions":15}}},{"hash":"2cdc3812feebb9f9b4b0b6f7f3e90ba8670e34d2","isMergeCommit":false,"messageTitle":"fix: Fix bug where the tasks are added to same line","messageBody":"","fileTypesAndContributionMap":{"java":{"insertions":1,"deletions":1}}},{"hash":"250d98748c49c93cfec66bebc80114ad6d4621ef","isMergeCommit":false,"messageTitle":"fix: Standardise spacing for output strings","messageBody":"","fileTypesAndContributionMap":{"java":{"insertions":2,"deletions":2}}},{"hash":"67090982dc2e7d737b8948ef955b88c89a512a4f","isMergeCommit":false,"messageTitle":"fix: Fix bug where tasks were not being loaded in","messageBody":"","fileTypesAndContributionMap":{"java":{"insertions":2,"deletions":3}}},{"hash":"1a588d675c188c129d667e2988736266500f45ed","isMergeCommit":false,"messageTitle":"feat: Add ability to save and load files from hard disk","messageBody":"","fileTypesAndContributionMap":{"java":{"insertions":5,"deletions":2}}},{"hash":"c22f211dbc2c04bd0b00a74213a24f099be11ecd","isMergeCommit":false,"messageTitle":"feat: Add checks for existence of directory and file","messageBody":"","tags":["Level-7"],"fileTypesAndContributionMap":{"java":{"insertions":21,"deletions":7}}},{"hash":"6ca8d670695a503b5efaf531b0efdd0d5fc13283","isMergeCommit":false,"messageTitle":"fix: Standardise text output by Chiikawa","messageBody":"","fileTypesAndContributionMap":{"java":{"insertions":7,"deletions":3}}},{"hash":"637c5005bf2c156ee8c7f0b709a3415ca86a8815","isMergeCommit":true,"messageTitle":"Merge branch-Level-7 into master","messageBody":"","fileTypesAndContributionMap":{}},{"hash":"edf7126632276e16342ce7414d84ce050373b888","isMergeCommit":false,"messageTitle":"feat: Add ability to reformat dates","messageBody":"","fileTypesAndContributionMap":{"java":{"insertions":26,"deletions":1}}},{"hash":"9406f39c72fe07731921bcf0739568fec9e62228","isMergeCommit":false,"messageTitle":"refactor: Abstract out reformatTime function into parent Task class","messageBody":"","tags":["Level-8"],"fileTypesAndContributionMap":{"java":{"insertions":26,"deletions":23}}},{"hash":"2c6b6f2bae7b5cd38ac5df436bf8732987de438d","isMergeCommit":false,"messageTitle":"feat: Add ability to reformat dates to EventTask.java","messageBody":"","fileTypesAndContributionMap":{"java":{"insertions":11,"deletions":3}}},{"hash":"f0351a272a3c1fd18c4c119e6ecef5557a7532a5","isMergeCommit":true,"messageTitle":"Merge branch-Level-8 into master","messageBody":"","fileTypesAndContributionMap":{}},{"hash":"9c7ab75ddd788064d4c2c2ea01b573c38c5a8561","isMergeCommit":false,"messageTitle":"feat: Add skeleton of Storage.java","messageBody":"","fileTypesAndContributionMap":{"java":{"insertions":20,"deletions":0}}},{"hash":"c5641005e5147d5e6c147ee3110f668b628a7cb7","isMergeCommit":false,"messageTitle":"feat: Add checks for valid file and directory in Storage.java","messageBody":"","fileTypesAndContributionMap":{"java":{"insertions":23,"deletions":0}}},{"hash":"ba46c7e0a733dc1d752d0cf20823ff4df970976b","isMergeCommit":false,"messageTitle":"feat: Add basic logic for loadFile function in Storage.java","messageBody":"","fileTypesAndContributionMap":{"java":{"insertions":45,"deletions":1}}},{"hash":"af09fac21c3ad7fdc7a0ac620c0294094481e81e","isMergeCommit":false,"messageTitle":"feat: Add basic logic for saveFile function in Storage.java","messageBody":"","fileTypesAndContributionMap":{"java":{"insertions":14,"deletions":1}}}]},{"date":"2025-08-30T00:00:00","commitResults":[{"hash":"f1bd601b66b507b25ef34f9b243e8ae273e0e7ac","isMergeCommit":false,"messageTitle":"refactor: Extract out the logic for choosing the command to run","messageBody":"","fileTypesAndContributionMap":{"java":{"insertions":90,"deletions":0}}},{"hash":"5d896e1d8dc53c8792cf1203a0659ed8fdb96545","isMergeCommit":false,"messageTitle":"refactor: Extract out functions relating to the list of tasks to TaskList.java","messageBody":"","fileTypesAndContributionMap":{"java":{"insertions":39,"deletions":1}}},{"hash":"bde884b9e63868e5b4c8250a0147637e05b55dc4","isMergeCommit":false,"messageTitle":"refactor: Extract out all Ui interactions to Ui.java","messageBody":"","fileTypesAndContributionMap":{"java":{"insertions":81,"deletions":1}}},{"hash":"9c34157a9253f8f0ce548c795fc2a787fb88c82d","isMergeCommit":false,"messageTitle":"feat: Add a getter for the ArrayList in TaskList.java","messageBody":"","fileTypesAndContributionMap":{"java":{"insertions":18,"deletions":0}}},{"hash":"c1ea9969a5ad6cee1dde3597aa72170c7965a1a8","isMergeCommit":false,"messageTitle":"refactor: Extract out all the actions into their individual commands","messageBody":"","fileTypesAndContributionMap":{"java":{"insertions":125,"deletions":52}}},{"hash":"d13d72676802cd2028efb3fd67e340102b18cfe9","isMergeCommit":false,"messageTitle":"refactor: Abstract the parsing of task information out to Parser.java","messageBody":"","fileTypesAndContributionMap":{"java":{"insertions":24,"deletions":15}}},{"hash":"ddc72393289e30e47cc64fb9b5ee14d77dcac429","isMergeCommit":false,"messageTitle":"fix: Fix functions returning wrong types in TaskList.java","messageBody":"","fileTypesAndContributionMap":{"java":{"insertions":8,"deletions":4}}},{"hash":"07d8793b67afe5e34239fe8d3e38310ab972978b","isMergeCommit":false,"messageTitle":"feat: Generalise the parseTaskInfo function to be applicable to more cases","messageBody":"","fileTypesAndContributionMap":{"java":{"insertions":19,"deletions":17}}},{"hash":"97461b6beb33ad56caa3a3d87cfee1fe47f852e6","isMergeCommit":false,"messageTitle":"refactor: Remove the convoluted logic of before and replace with better OOP logic","messageBody":"","fileTypesAndContributionMap":{"java":{"insertions":164,"deletions":144}}},{"hash":"cf235b9f5e32189b41650fb7b0ebca903eceb386","isMergeCommit":false,"messageTitle":"fix: Change formatting of Chiikawa outputs","messageBody":"","fileTypesAndContributionMap":{"java":{"insertions":6,"deletions":2}}},{"hash":"7004f4b9a6c501fd8e87ed0d0cc182e90479ce03","isMergeCommit":false,"messageTitle":"fix: Fix bug where arrays were indexed out of range","messageBody":"","fileTypesAndContributionMap":{"java":{"insertions":7,"deletions":8}}},{"hash":"1a1819e9c487df84d663265aeb69e1a539e484ad","isMergeCommit":false,"messageTitle":"refactor: Change print statements into ChiikawaExceptions","messageBody":"","fileTypesAndContributionMap":{"java":{"insertions":21,"deletions":38}}},{"hash":"58f9152ee4df3923e4066d32fd76bfcf621bed83","isMergeCommit":false,"messageTitle":"feat: Add new checks for invalid inputs and exceptions","messageBody":"","fileTypesAndContributionMap":{"java":{"insertions":101,"deletions":153}}},{"hash":"80c811c13499b0dd820852647e526a9ed558a234","isMergeCommit":false,"messageTitle":"fix: Fix bugs where command classes might be initialised with invalid inputs","messageBody":"","tags":["A-MoreOOP"],"fileTypesAndContributionMap":{"java":{"insertions":17,"deletions":12}}},{"hash":"d32ab4b38484e1add83154be865a8ec9620620db","isMergeCommit":true,"messageTitle":"Merge branch \u0027More-OOP\u0027 into master","messageBody":"","fileTypesAndContributionMap":{}},{"hash":"39c57947b060cd7ef9b11b0ebdc11416f98be5f7","isMergeCommit":false,"messageTitle":"refactor: Divide classes into packages","messageBody":"","tags":["A-Packages"],"fileTypesAndContributionMap":{"java":{"insertions":107,"deletions":103}}},{"hash":"e5d595789a8be578d0a4f2a3aa3380f746d50a5a","isMergeCommit":true,"messageTitle":"Merge branch \u0027packages\u0027 into master","messageBody":"","fileTypesAndContributionMap":{}},{"hash":"6f4e0fc07d33fc7b293352f0a9d1d48f87c6cbd3","isMergeCommit":true,"messageTitle":"Merge branch \u0027add-gradle-support\u0027 into master","messageBody":"","fileTypesAndContributionMap":{}}]},{"date":"2025-08-31T00:00:00","commitResults":[{"hash":"5bf3effc77049cbaf0dbb1a8b20a443ddeac319e","isMergeCommit":false,"messageTitle":"chore: Add Gradle support","messageBody":"","tags":["A-Gradle"],"fileTypesAndContributionMap":{"gradle":{"insertions":4,"deletions":3}}},{"hash":"24130b2baa5ea5f9555c9609110e8901b100882d","isMergeCommit":false,"messageTitle":"fix: Fix bug with leading whitespaces in input string","messageBody":"","fileTypesAndContributionMap":{"java":{"insertions":9,"deletions":1}}},{"hash":"bb78f10c991d3e377caaedb670836f612c1f66f1","isMergeCommit":false,"messageTitle":"test: Add unit tests for Parser.java","messageBody":"","fileTypesAndContributionMap":{"java":{"insertions":81,"deletions":0}}},{"hash":"79a8fd689b5d6e0aaf8ad310d1e405becf9062ee","isMergeCommit":false,"messageTitle":"test: Add unit tests for TaskList.java","messageBody":"","tags":["A-JUnit"],"fileTypesAndContributionMap":{"java":{"insertions":63,"deletions":4}}},{"hash":"029b592890244d158915226960d40737d0d9f7cc","isMergeCommit":true,"messageTitle":"Merge branch \u0027jUnit\u0027 into master","messageBody":"","tags":["A-Jar"],"fileTypesAndContributionMap":{}},{"hash":"88edc66ee5ac6a3b84eb59c9354937e9e7ea35cf","isMergeCommit":false,"messageTitle":"docs: Add JavaDocs for all classes and methods","messageBody":"","tags":["A-JavaDoc"],"fileTypesAndContributionMap":{"java":{"insertions":307,"deletions":2}}},{"hash":"eb81da6065890fc74d747818d7d8b04a0415929a","isMergeCommit":false,"messageTitle":"style: Apply coding standard to all classes","messageBody":"","tags":["A-CodingStandard"],"fileTypesAndContributionMap":{"java":{"insertions":41,"deletions":50}}},{"hash":"1ecee9993168a9177f6063e441144558b9b7cc8f","isMergeCommit":false,"messageTitle":"style: Reform JavaDocs to follow coding standards","messageBody":"","fileTypesAndContributionMap":{"java":{"insertions":4,"deletions":34}}},{"hash":"77568aaa4823468f4350a32563034878c46a3aba","isMergeCommit":false,"messageTitle":"style: Reform JavaDocs again to follow coding standards","messageBody":"","fileTypesAndContributionMap":{"java":{"insertions":36,"deletions":8}}},{"hash":"f986cc3d9549309e111494e6925130c0992cd1cd","isMergeCommit":false,"messageTitle":"feat: Add new methods to Task.java that hides and unhides tasks","messageBody":"","fileTypesAndContributionMap":{"java":{"insertions":27,"deletions":0}}},{"hash":"deb1f357a118c65b1c5fd71ecaba70218b73e249","isMergeCommit":false,"messageTitle":"feat: Add ability to find tasks that consists of specific keywords","messageBody":"","fileTypesAndContributionMap":{"java":{"insertions":54,"deletions":4}}},{"hash":"a4b1d3055758a31666b50058eba3847793ce9cdb","isMergeCommit":false,"messageTitle":"fix: Fix bug where list numbers were not starting from 1","messageBody":"","tags":["Level-9"],"fileTypesAndContributionMap":{"java":{"insertions":7,"deletions":2}}},{"hash":"ab416d74f42bf74e12d223baee64aa898ed82386","isMergeCommit":true,"messageTitle":"Merge branch \u0027javaDoc\u0027 into master","messageBody":"","fileTypesAndContributionMap":{}},{"hash":"7a4014fdbdeb310d75bad74beadc0be64464533a","isMergeCommit":true,"messageTitle":"Merge branch \u0027codingStandard\u0027 into master","messageBody":"","fileTypesAndContributionMap":{}},{"hash":"8247743db7b9dc9f54f804e0f1bfa5dae41e1f00","isMergeCommit":true,"messageTitle":"Merge branch \u0027branch-Level-9\u0027 into master","messageBody":"","fileTypesAndContributionMap":{}}]}]},"authorFileTypeContributionMap":{"mengshuos":{"java":1299,"md":0,"fxml":0,"sh":0,"bat":1,"gradle":3,"txt":6}},"authorContributionVariance":{"mengshuos":109386.02},"authorDisplayNameMap":{"mengshuos":"CS2103T-F14a-3 MENG..SHUO"}}
