{"authorDailyContributionsMap":{"YH-100203":[{"date":"2025-08-21T00:00:00","commitResults":[{"hash":"9f2d051f25f857621f1493b5b94b30c9da65ac6b","isMergeCommit":false,"messageTitle":"Rename main class","messageBody":"","fileTypesAndContributionMap":{"java":{"insertions":1,"deletions":1}}},{"hash":"4dc9b822ba827e38145af321f80911f24e063677","isMergeCommit":false,"messageTitle":"Add initial greeting","messageBody":"","tags":["Level-0"],"fileTypesAndContributionMap":{"java":{"insertions":6,"deletions":6}}},{"hash":"ae744eb2aff0564b0443f93646755df33c1d4a32","isMergeCommit":false,"messageTitle":"Add input loop to read user commands","messageBody":"","fileTypesAndContributionMap":{"java":{"insertions":16,"deletions":2}}},{"hash":"e7ea6b1ac62e3a1282dc5c2af5c3ab695b722cad","isMergeCommit":false,"messageTitle":"Add exit condition for \u0027bye\u0027 commmand","messageBody":"","fileTypesAndContributionMap":{"java":{"insertions":11,"deletions":4}}},{"hash":"c01780494705e9da5f10aa41c00786eb61b54eea","isMergeCommit":false,"messageTitle":"Add evil personality to chatbot","messageBody":"","tags":["Level-1"],"fileTypesAndContributionMap":{"java":{"insertions":4,"deletions":4}}},{"hash":"02cda9d34e61285724074c9fc04487f7c25e435f","isMergeCommit":false,"messageTitle":"Add task storage functionality with personalized echo","messageBody":"","fileTypesAndContributionMap":{"java":{"insertions":6,"deletions":1}}},{"hash":"5a15c0531d26ebf22806c1152fbb1d443ca01b6f","isMergeCommit":false,"messageTitle":"Implement \u0027list\u0027 command to show all stored tasks","messageBody":"","tags":["Level-2"],"fileTypesAndContributionMap":{"java":{"insertions":7,"deletions":0}}}]}]},"authorFileTypeContributionMap":{"YH-100203":{"java":40,"md":0,"fxml":0,"sh":0,"bat":0,"gradle":0,"txt":0}},"authorContributionVariance":{"YH-100203":315.78058},"authorDisplayNameMap":{"YH-100203":"LIM ..HENG"}}
