[{"path":"README.md","fileType":"md","lines":[{"lineNumber":1,"author":{"gitId":"joojaja"},"content":"# JooBot project template","lastModifiedDate":"2025-08-18T15:58:40","isFullCredit":false},{"lineNumber":2,"author":{"gitId":"-"},"content":"","lastModifiedDate":"2020-05-25T00:03:55","isFullCredit":false},{"lineNumber":3,"author":{"gitId":"-"},"content":"This is a project template for a greenfield Java project. It\u0027s named after the Java mascot _Duke_. Given below are instructions on how to use it.","lastModifiedDate":"2020-05-25T00:03:55","isFullCredit":false},{"lineNumber":4,"author":{"gitId":"-"},"content":"","lastModifiedDate":"2020-05-25T00:03:55","isFullCredit":false},{"lineNumber":5,"author":{"gitId":"-"},"content":"## Setting up in Intellij","lastModifiedDate":"2020-05-25T00:03:55","isFullCredit":false},{"lineNumber":6,"author":{"gitId":"-"},"content":"","lastModifiedDate":"2020-05-25T00:03:55","isFullCredit":false},{"lineNumber":7,"author":{"gitId":"-"},"content":"Prerequisites: JDK 17, update Intellij to the most recent version.","lastModifiedDate":"2024-07-11T16:50:14","isFullCredit":false},{"lineNumber":8,"author":{"gitId":"-"},"content":"","lastModifiedDate":"2020-05-25T00:03:55","isFullCredit":false},{"lineNumber":9,"author":{"gitId":"-"},"content":"1. Open Intellij (if you are not in the welcome screen, click `File` \u003e `Close Project` to close the existing project first)","lastModifiedDate":"2021-01-17T12:25:53","isFullCredit":false},{"lineNumber":10,"author":{"gitId":"-"},"content":"1. Open the project into Intellij as follows:","lastModifiedDate":"2021-01-17T12:25:53","isFullCredit":false},{"lineNumber":11,"author":{"gitId":"-"},"content":"   1. Click `Open`.","lastModifiedDate":"2021-01-17T12:25:53","isFullCredit":false},{"lineNumber":12,"author":{"gitId":"-"},"content":"   1. Select the project directory, and click `OK`.","lastModifiedDate":"2021-01-17T12:25:53","isFullCredit":false},{"lineNumber":13,"author":{"gitId":"-"},"content":"   1. If there are any further prompts, accept the defaults.","lastModifiedDate":"2020-05-25T00:03:55","isFullCredit":false},{"lineNumber":14,"author":{"gitId":"-"},"content":"1. Configure the project to use **JDK 17** (not other versions) as explained in [here](https://www.jetbrains.com/help/idea/sdk.html#set-up-jdk).\u003cbr\u003e","lastModifiedDate":"2024-07-11T16:50:14","isFullCredit":false},{"lineNumber":15,"author":{"gitId":"-"},"content":"   In the same dialog, set the **Project language level** field to the `SDK default` option.","lastModifiedDate":"2021-07-29T20:29:39","isFullCredit":false},{"lineNumber":16,"author":{"gitId":"joojaja"},"content":"1. After that, locate the `src/main/java/JooBot.java` file, right-click it, and choose `Run JooBot.main()` (if the code editor is showing compile errors, try restarting the IDE). If the setup is correct, you should see something like the below as the output:","lastModifiedDate":"2025-08-20T21:34:14","isFullCredit":false},{"lineNumber":17,"author":{"gitId":"-"},"content":"   ```","lastModifiedDate":"2020-05-25T00:03:55","isFullCredit":false},{"lineNumber":18,"author":{"gitId":"joojaja"},"content":"   ____________________________________________________________","lastModifiedDate":"2025-08-20T21:34:14","isFullCredit":false},{"lineNumber":19,"author":{"gitId":"joojaja"},"content":"   Hello! I\u0027m JooBot","lastModifiedDate":"2025-08-20T21:34:14","isFullCredit":false},{"lineNumber":20,"author":{"gitId":"joojaja"},"content":"   What can I do for you?","lastModifiedDate":"2025-08-20T21:34:14","isFullCredit":false},{"lineNumber":21,"author":{"gitId":"joojaja"},"content":"   ____________________________________________________________","lastModifiedDate":"2025-08-20T21:34:14","isFullCredit":false},{"lineNumber":22,"author":{"gitId":"-"},"content":"   ```","lastModifiedDate":"2020-05-25T00:03:55","isFullCredit":false},{"lineNumber":23,"author":{"gitId":"-"},"content":"","lastModifiedDate":"2025-01-04T21:44:28","isFullCredit":false},{"lineNumber":24,"author":{"gitId":"-"},"content":"**Warning:** Keep the `src\\main\\java` folder as the root folder for Java files (i.e., don\u0027t rename those folders or move Java files to another folder outside of this folder path), as this is the default location some tools (e.g., Gradle) expect to find Java files.","lastModifiedDate":"2025-01-04T21:44:28","isFullCredit":false}],"authorContributionMap":{"joojaja":6,"-":18}},{"path":"docs/README.md","fileType":"md","lines":[{"lineNumber":1,"author":{"gitId":"joojaja"},"content":"# JooBot User Guide","lastModifiedDate":"2025-08-18T15:58:40","isFullCredit":false},{"lineNumber":2,"author":{"gitId":"-"},"content":"","lastModifiedDate":"2019-07-29T17:14:46","isFullCredit":false},{"lineNumber":3,"author":{"gitId":"-"},"content":"// Update the title above to match the actual product name","lastModifiedDate":"2024-01-07T18:33:52","isFullCredit":false},{"lineNumber":4,"author":{"gitId":"-"},"content":"","lastModifiedDate":"2019-07-29T17:14:46","isFullCredit":false},{"lineNumber":5,"author":{"gitId":"-"},"content":"// Product screenshot goes here","lastModifiedDate":"2024-01-07T18:33:52","isFullCredit":false},{"lineNumber":6,"author":{"gitId":"-"},"content":"","lastModifiedDate":"2021-07-17T16:49:07","isFullCredit":false},{"lineNumber":7,"author":{"gitId":"-"},"content":"// Product intro goes here","lastModifiedDate":"2024-01-07T18:33:52","isFullCredit":false},{"lineNumber":8,"author":{"gitId":"-"},"content":"","lastModifiedDate":"2021-07-17T16:49:07","isFullCredit":false},{"lineNumber":9,"author":{"gitId":"-"},"content":"## Adding deadlines","lastModifiedDate":"2024-01-07T18:33:52","isFullCredit":false},{"lineNumber":10,"author":{"gitId":"-"},"content":"","lastModifiedDate":"2021-07-17T16:49:07","isFullCredit":false},{"lineNumber":11,"author":{"gitId":"-"},"content":"// Describe the action and its outcome.","lastModifiedDate":"2024-01-07T18:33:52","isFullCredit":false},{"lineNumber":12,"author":{"gitId":"-"},"content":"","lastModifiedDate":"2019-07-29T17:14:46","isFullCredit":false},{"lineNumber":13,"author":{"gitId":"-"},"content":"// Give examples of usage","lastModifiedDate":"2024-01-07T18:33:52","isFullCredit":false},{"lineNumber":14,"author":{"gitId":"-"},"content":"","lastModifiedDate":"2019-07-29T17:14:46","isFullCredit":false},{"lineNumber":15,"author":{"gitId":"-"},"content":"Example: `keyword (optional arguments)`","lastModifiedDate":"2024-01-07T18:33:52","isFullCredit":false},{"lineNumber":16,"author":{"gitId":"-"},"content":"","lastModifiedDate":"2019-07-29T17:14:46","isFullCredit":false},{"lineNumber":17,"author":{"gitId":"-"},"content":"// A description of the expected outcome goes here","lastModifiedDate":"2024-01-07T18:33:52","isFullCredit":false},{"lineNumber":18,"author":{"gitId":"-"},"content":"","lastModifiedDate":"2019-07-29T17:14:46","isFullCredit":false},{"lineNumber":19,"author":{"gitId":"-"},"content":"```","lastModifiedDate":"2024-01-07T18:33:52","isFullCredit":false},{"lineNumber":20,"author":{"gitId":"-"},"content":"expected output","lastModifiedDate":"2024-01-07T18:33:52","isFullCredit":false},{"lineNumber":21,"author":{"gitId":"-"},"content":"```","lastModifiedDate":"2024-01-07T18:33:52","isFullCredit":false},{"lineNumber":22,"author":{"gitId":"-"},"content":"","lastModifiedDate":"2019-07-29T17:14:46","isFullCredit":false},{"lineNumber":23,"author":{"gitId":"-"},"content":"## Feature ABC","lastModifiedDate":"2024-01-07T18:33:52","isFullCredit":false},{"lineNumber":24,"author":{"gitId":"-"},"content":"","lastModifiedDate":"2019-07-29T17:14:46","isFullCredit":false},{"lineNumber":25,"author":{"gitId":"-"},"content":"// Feature details","lastModifiedDate":"2024-01-07T18:33:52","isFullCredit":false},{"lineNumber":26,"author":{"gitId":"-"},"content":"","lastModifiedDate":"2019-07-29T17:14:46","isFullCredit":false},{"lineNumber":27,"author":{"gitId":"-"},"content":"","lastModifiedDate":"2021-07-17T16:49:07","isFullCredit":false},{"lineNumber":28,"author":{"gitId":"-"},"content":"## Feature XYZ","lastModifiedDate":"2024-01-07T18:33:52","isFullCredit":false},{"lineNumber":29,"author":{"gitId":"-"},"content":"","lastModifiedDate":"2024-01-07T18:33:52","isFullCredit":false},{"lineNumber":30,"author":{"gitId":"-"},"content":"// Feature details","lastModifiedDate":"2024-01-07T18:33:52","isFullCredit":false}],"authorContributionMap":{"joojaja":1,"-":29}},{"path":"src/main/java/JooBot.java","fileType":"java","lines":[{"lineNumber":1,"author":{"gitId":"joojaja"},"content":"import java.util.Objects;","lastModifiedDate":"2025-08-20T22:13:34","isFullCredit":false},{"lineNumber":2,"author":{"gitId":"joojaja"},"content":"import java.util.Scanner; // for input","lastModifiedDate":"2025-08-20T21:34:14","isFullCredit":false},{"lineNumber":3,"author":{"gitId":"joojaja"},"content":"import java.util.ArrayList; // for keeping track of list","lastModifiedDate":"2025-08-20T21:34:14","isFullCredit":false},{"lineNumber":4,"author":{"gitId":"joojaja"},"content":"","lastModifiedDate":"2025-08-19T22:31:58","isFullCredit":false},{"lineNumber":5,"author":{"gitId":"joojaja"},"content":"public class JooBot {","lastModifiedDate":"2025-08-18T15:58:40","isFullCredit":false},{"lineNumber":6,"author":{"gitId":"joojaja"},"content":"    public static void main(String[] args) {","lastModifiedDate":"2025-08-18T15:58:40","isFullCredit":false},{"lineNumber":7,"author":{"gitId":"joojaja"},"content":"        String start \u003d","lastModifiedDate":"2025-08-20T22:13:34","isFullCredit":false},{"lineNumber":8,"author":{"gitId":"joojaja"},"content":"                \"\"\"","lastModifiedDate":"2025-08-18T15:58:40","isFullCredit":false},{"lineNumber":9,"author":{"gitId":"joojaja"},"content":"                    ____________________________________________________________","lastModifiedDate":"2025-08-18T15:58:40","isFullCredit":false},{"lineNumber":10,"author":{"gitId":"joojaja"},"content":"                    Hello! I\u0027m JooBot","lastModifiedDate":"2025-08-18T15:58:40","isFullCredit":false},{"lineNumber":11,"author":{"gitId":"joojaja"},"content":"                    What can I do for you?","lastModifiedDate":"2025-08-18T15:58:40","isFullCredit":false},{"lineNumber":12,"author":{"gitId":"joojaja"},"content":"                    ____________________________________________________________","lastModifiedDate":"2025-08-18T15:58:40","isFullCredit":false},{"lineNumber":13,"author":{"gitId":"joojaja"},"content":"                \"\"\";","lastModifiedDate":"2025-08-18T15:58:40","isFullCredit":false},{"lineNumber":14,"author":{"gitId":"joojaja"},"content":"        System.out.println(start); // starting greeting message","lastModifiedDate":"2025-08-20T22:13:34","isFullCredit":false},{"lineNumber":15,"author":{"gitId":"joojaja"},"content":"        ArrayList\u003cTask\u003e tasks \u003d new ArrayList\u003c\u003e(); // create a dynamic list of strings","lastModifiedDate":"2025-08-20T22:13:34","isFullCredit":false},{"lineNumber":16,"author":{"gitId":"joojaja"},"content":"        Scanner scanner \u003d new Scanner(System.in); // used to get input","lastModifiedDate":"2025-08-20T22:13:34","isFullCredit":false},{"lineNumber":17,"author":{"gitId":"joojaja"},"content":"","lastModifiedDate":"2025-08-20T21:34:14","isFullCredit":false},{"lineNumber":18,"author":{"gitId":"joojaja"},"content":"        while (true) {","lastModifiedDate":"2025-08-20T22:13:34","isFullCredit":false},{"lineNumber":19,"author":{"gitId":"joojaja"},"content":"            String all_input \u003d scanner.nextLine();","lastModifiedDate":"2025-08-20T22:13:34","isFullCredit":false},{"lineNumber":20,"author":{"gitId":"joojaja"},"content":"            String[] text \u003d all_input.split(\" \", 2);","lastModifiedDate":"2025-08-20T22:13:34","isFullCredit":false},{"lineNumber":21,"author":{"gitId":"joojaja"},"content":"            String start_word \u003d text[0];","lastModifiedDate":"2025-08-20T22:13:34","isFullCredit":false},{"lineNumber":22,"author":{"gitId":"joojaja"},"content":"","lastModifiedDate":"2025-08-19T22:31:58","isFullCredit":false},{"lineNumber":23,"author":{"gitId":"joojaja"},"content":"            String input \u003d start_word.equals(\"mark\") || start_word.equals(\"unmark\")","lastModifiedDate":"2025-08-20T22:13:34","isFullCredit":false},{"lineNumber":24,"author":{"gitId":"joojaja"},"content":"                           ? start_word","lastModifiedDate":"2025-08-20T22:13:34","isFullCredit":false},{"lineNumber":25,"author":{"gitId":"joojaja"},"content":"                           : all_input;","lastModifiedDate":"2025-08-20T22:13:34","isFullCredit":false},{"lineNumber":26,"author":{"gitId":"joojaja"},"content":"","lastModifiedDate":"2025-08-19T22:31:58","isFullCredit":false},{"lineNumber":27,"author":{"gitId":"joojaja"},"content":"            int index \u003d start_word.equals(\"mark\") || start_word.equals(\"unmark\")","lastModifiedDate":"2025-08-20T22:13:34","isFullCredit":false},{"lineNumber":28,"author":{"gitId":"joojaja"},"content":"                        ? Integer.parseInt(text[1]) - 1","lastModifiedDate":"2025-08-20T22:13:34","isFullCredit":false},{"lineNumber":29,"author":{"gitId":"joojaja"},"content":"                        : 0;","lastModifiedDate":"2025-08-20T22:13:34","isFullCredit":false},{"lineNumber":30,"author":{"gitId":"joojaja"},"content":"","lastModifiedDate":"2025-08-20T22:13:34","isFullCredit":false},{"lineNumber":31,"author":{"gitId":"joojaja"},"content":"            switch (input) {","lastModifiedDate":"2025-08-20T22:13:34","isFullCredit":false},{"lineNumber":32,"author":{"gitId":"joojaja"},"content":"                // end program","lastModifiedDate":"2025-08-20T22:13:34","isFullCredit":false},{"lineNumber":33,"author":{"gitId":"joojaja"},"content":"                case \"bye\":","lastModifiedDate":"2025-08-20T22:13:34","isFullCredit":false},{"lineNumber":34,"author":{"gitId":"joojaja"},"content":"                    System.out.println(  \"    ____________________________________________________________\\n\"","lastModifiedDate":"2025-08-20T21:34:14","isFullCredit":false},{"lineNumber":35,"author":{"gitId":"joojaja"},"content":"                            + \"    Bye. Hope to see you again soon!\\n\"","lastModifiedDate":"2025-08-20T21:34:14","isFullCredit":false},{"lineNumber":36,"author":{"gitId":"joojaja"},"content":"                            + \"    ____________________________________________________________\");","lastModifiedDate":"2025-08-20T21:34:14","isFullCredit":false},{"lineNumber":37,"author":{"gitId":"joojaja"},"content":"                    scanner.close();","lastModifiedDate":"2025-08-19T22:31:58","isFullCredit":false},{"lineNumber":38,"author":{"gitId":"joojaja"},"content":"                    return;","lastModifiedDate":"2025-08-19T22:31:58","isFullCredit":false},{"lineNumber":39,"author":{"gitId":"joojaja"},"content":"","lastModifiedDate":"2025-08-20T22:13:34","isFullCredit":false},{"lineNumber":40,"author":{"gitId":"joojaja"},"content":"                // list all tasks","lastModifiedDate":"2025-08-20T22:13:34","isFullCredit":false},{"lineNumber":41,"author":{"gitId":"joojaja"},"content":"                case \"list\":","lastModifiedDate":"2025-08-20T22:13:34","isFullCredit":false},{"lineNumber":42,"author":{"gitId":"joojaja"},"content":"                    listAllItem(tasks);","lastModifiedDate":"2025-08-20T22:13:34","isFullCredit":false},{"lineNumber":43,"author":{"gitId":"joojaja"},"content":"                    break;","lastModifiedDate":"2025-08-20T22:13:34","isFullCredit":false},{"lineNumber":44,"author":{"gitId":"joojaja"},"content":"","lastModifiedDate":"2025-08-20T22:13:34","isFullCredit":false},{"lineNumber":45,"author":{"gitId":"joojaja"},"content":"                // change status to mark","lastModifiedDate":"2025-08-20T22:13:34","isFullCredit":false},{"lineNumber":46,"author":{"gitId":"joojaja"},"content":"                case \"mark\":","lastModifiedDate":"2025-08-20T22:13:34","isFullCredit":false},{"lineNumber":47,"author":{"gitId":"joojaja"},"content":"                    tasks.get(index).markDone();","lastModifiedDate":"2025-08-20T22:13:34","isFullCredit":false},{"lineNumber":48,"author":{"gitId":"joojaja"},"content":"                    System.out.println(","lastModifiedDate":"2025-08-20T22:13:34","isFullCredit":false},{"lineNumber":49,"author":{"gitId":"joojaja"},"content":"                                \"    ____________________________________________________________\\n\" +","lastModifiedDate":"2025-08-20T22:13:34","isFullCredit":false},{"lineNumber":50,"author":{"gitId":"joojaja"},"content":"                                \"    Nice! I\u0027ve marked this task as done:\\n\" +","lastModifiedDate":"2025-08-20T22:13:34","isFullCredit":false},{"lineNumber":51,"author":{"gitId":"joojaja"},"content":"                                \"      \" + tasks.get(index) + \"\\n\" +","lastModifiedDate":"2025-08-20T22:13:34","isFullCredit":false},{"lineNumber":52,"author":{"gitId":"joojaja"},"content":"                                \"    ____________________________________________________________\");","lastModifiedDate":"2025-08-20T22:13:34","isFullCredit":false},{"lineNumber":53,"author":{"gitId":"joojaja"},"content":"                    break;","lastModifiedDate":"2025-08-20T22:13:34","isFullCredit":false},{"lineNumber":54,"author":{"gitId":"joojaja"},"content":"","lastModifiedDate":"2025-08-20T22:13:34","isFullCredit":false},{"lineNumber":55,"author":{"gitId":"joojaja"},"content":"                // change status to unmark","lastModifiedDate":"2025-08-20T22:13:34","isFullCredit":false},{"lineNumber":56,"author":{"gitId":"joojaja"},"content":"                case \"unmark\":","lastModifiedDate":"2025-08-20T22:13:34","isFullCredit":false},{"lineNumber":57,"author":{"gitId":"joojaja"},"content":"                    tasks.get(index).markNotDone();","lastModifiedDate":"2025-08-20T22:13:34","isFullCredit":false},{"lineNumber":58,"author":{"gitId":"joojaja"},"content":"                    System.out.println(","lastModifiedDate":"2025-08-20T22:13:34","isFullCredit":false},{"lineNumber":59,"author":{"gitId":"joojaja"},"content":"                                    \"    ____________________________________________________________\\n\" +","lastModifiedDate":"2025-08-20T22:13:34","isFullCredit":false},{"lineNumber":60,"author":{"gitId":"joojaja"},"content":"                                    \"    OK, I\u0027ve marked this task as not done yet:\\n\" +","lastModifiedDate":"2025-08-20T22:13:34","isFullCredit":false},{"lineNumber":61,"author":{"gitId":"joojaja"},"content":"                                    \"      \" + tasks.get(index) + \"\\n\" +","lastModifiedDate":"2025-08-20T22:13:34","isFullCredit":false},{"lineNumber":62,"author":{"gitId":"joojaja"},"content":"                                    \"    ____________________________________________________________\");","lastModifiedDate":"2025-08-20T22:13:34","isFullCredit":false},{"lineNumber":63,"author":{"gitId":"joojaja"},"content":"                    break;","lastModifiedDate":"2025-08-20T22:13:34","isFullCredit":false},{"lineNumber":64,"author":{"gitId":"joojaja"},"content":"","lastModifiedDate":"2025-08-20T22:13:34","isFullCredit":false},{"lineNumber":65,"author":{"gitId":"joojaja"},"content":"                // add new task","lastModifiedDate":"2025-08-20T22:13:34","isFullCredit":false},{"lineNumber":66,"author":{"gitId":"joojaja"},"content":"                default:","lastModifiedDate":"2025-08-20T22:13:34","isFullCredit":false},{"lineNumber":67,"author":{"gitId":"joojaja"},"content":"                    addTask(input, tasks);","lastModifiedDate":"2025-08-20T22:13:34","isFullCredit":false},{"lineNumber":68,"author":{"gitId":"joojaja"},"content":"            }","lastModifiedDate":"2025-08-20T21:34:14","isFullCredit":false},{"lineNumber":69,"author":{"gitId":"joojaja"},"content":"        }","lastModifiedDate":"2025-08-20T21:34:14","isFullCredit":false},{"lineNumber":70,"author":{"gitId":"joojaja"},"content":"    }","lastModifiedDate":"2025-08-19T22:31:58","isFullCredit":false},{"lineNumber":71,"author":{"gitId":"joojaja"},"content":"","lastModifiedDate":"2025-08-20T21:34:14","isFullCredit":false},{"lineNumber":72,"author":{"gitId":"joojaja"},"content":"    public static void addTask(String description, ArrayList\u003cTask\u003e list) {","lastModifiedDate":"2025-08-20T22:13:34","isFullCredit":false},{"lineNumber":73,"author":{"gitId":"joojaja"},"content":"        Task task \u003d new Task(description);","lastModifiedDate":"2025-08-20T22:13:34","isFullCredit":false},{"lineNumber":74,"author":{"gitId":"joojaja"},"content":"        list.add(task);","lastModifiedDate":"2025-08-20T22:13:34","isFullCredit":false},{"lineNumber":75,"author":{"gitId":"joojaja"},"content":"        System.out.printf(","lastModifiedDate":"2025-08-20T21:34:14","isFullCredit":false},{"lineNumber":76,"author":{"gitId":"joojaja"},"content":"                        \"\"\"","lastModifiedDate":"2025-08-20T21:34:14","isFullCredit":false},{"lineNumber":77,"author":{"gitId":"joojaja"},"content":"                            ____________________________________________________________","lastModifiedDate":"2025-08-20T21:34:14","isFullCredit":false},{"lineNumber":78,"author":{"gitId":"joojaja"},"content":"                            added: %s","lastModifiedDate":"2025-08-20T21:34:14","isFullCredit":false},{"lineNumber":79,"author":{"gitId":"joojaja"},"content":"                            ____________________________________________________________\\n","lastModifiedDate":"2025-08-20T21:34:14","isFullCredit":false},{"lineNumber":80,"author":{"gitId":"joojaja"},"content":"                        \"\"\", task","lastModifiedDate":"2025-08-20T22:13:34","isFullCredit":false},{"lineNumber":81,"author":{"gitId":"joojaja"},"content":"                        );","lastModifiedDate":"2025-08-20T21:34:14","isFullCredit":false},{"lineNumber":82,"author":{"gitId":"joojaja"},"content":"    }","lastModifiedDate":"2025-08-19T22:31:58","isFullCredit":false},{"lineNumber":83,"author":{"gitId":"joojaja"},"content":"","lastModifiedDate":"2025-08-19T22:31:58","isFullCredit":false},{"lineNumber":84,"author":{"gitId":"joojaja"},"content":"    public static void listAllItem(ArrayList\u003cTask\u003e list) {","lastModifiedDate":"2025-08-20T22:13:34","isFullCredit":false},{"lineNumber":85,"author":{"gitId":"joojaja"},"content":"        String items \u003d \"\";","lastModifiedDate":"2025-08-20T21:34:14","isFullCredit":false},{"lineNumber":86,"author":{"gitId":"joojaja"},"content":"        for (int i \u003d 0; i \u003c list.size(); i++) {","lastModifiedDate":"2025-08-20T21:34:14","isFullCredit":false},{"lineNumber":87,"author":{"gitId":"joojaja"},"content":"            items +\u003d String.format(\"     %d. %s\\n\", i + 1, list.get(i));","lastModifiedDate":"2025-08-20T21:34:14","isFullCredit":false},{"lineNumber":88,"author":{"gitId":"joojaja"},"content":"        }","lastModifiedDate":"2025-08-20T21:34:14","isFullCredit":false},{"lineNumber":89,"author":{"gitId":"joojaja"},"content":"        items \u003d   \"    ____________________________________________________________\\n\"","lastModifiedDate":"2025-08-20T21:34:14","isFullCredit":false},{"lineNumber":90,"author":{"gitId":"joojaja"},"content":"                + \"     Here are the tasks in your list:\\n\"","lastModifiedDate":"2025-08-20T22:13:34","isFullCredit":false},{"lineNumber":91,"author":{"gitId":"joojaja"},"content":"                + items","lastModifiedDate":"2025-08-20T21:34:14","isFullCredit":false},{"lineNumber":92,"author":{"gitId":"joojaja"},"content":"                + \"    ____________________________________________________________\\n\";","lastModifiedDate":"2025-08-20T21:34:14","isFullCredit":false},{"lineNumber":93,"author":{"gitId":"joojaja"},"content":"        System.out.println(items);","lastModifiedDate":"2025-08-20T21:34:14","isFullCredit":false},{"lineNumber":94,"author":{"gitId":"joojaja"},"content":"    }","lastModifiedDate":"2025-08-18T15:58:40","isFullCredit":false},{"lineNumber":95,"author":{"gitId":"joojaja"},"content":"}","lastModifiedDate":"2025-08-18T15:58:40","isFullCredit":false}],"authorContributionMap":{"joojaja":95}},{"path":"src/main/java/Task.java","fileType":"java","lines":[{"lineNumber":1,"author":{"gitId":"joojaja"},"content":"public class Task {","lastModifiedDate":"2025-08-20T22:13:34","isFullCredit":false},{"lineNumber":2,"author":{"gitId":"joojaja"},"content":"    private String description;","lastModifiedDate":"2025-08-20T22:13:34","isFullCredit":false},{"lineNumber":3,"author":{"gitId":"joojaja"},"content":"    private boolean isDone;","lastModifiedDate":"2025-08-20T22:13:34","isFullCredit":false},{"lineNumber":4,"author":{"gitId":"joojaja"},"content":"","lastModifiedDate":"2025-08-20T22:13:34","isFullCredit":false},{"lineNumber":5,"author":{"gitId":"joojaja"},"content":"    public Task(String desc) {","lastModifiedDate":"2025-08-20T22:13:34","isFullCredit":false},{"lineNumber":6,"author":{"gitId":"joojaja"},"content":"        this.description \u003d desc;","lastModifiedDate":"2025-08-20T22:13:34","isFullCredit":false},{"lineNumber":7,"author":{"gitId":"joojaja"},"content":"        this.isDone \u003d false; // default false","lastModifiedDate":"2025-08-20T22:13:34","isFullCredit":false},{"lineNumber":8,"author":{"gitId":"joojaja"},"content":"    }","lastModifiedDate":"2025-08-20T22:13:34","isFullCredit":false},{"lineNumber":9,"author":{"gitId":"joojaja"},"content":"","lastModifiedDate":"2025-08-20T22:13:34","isFullCredit":false},{"lineNumber":10,"author":{"gitId":"joojaja"},"content":"    public void markDone() {","lastModifiedDate":"2025-08-20T22:13:34","isFullCredit":false},{"lineNumber":11,"author":{"gitId":"joojaja"},"content":"        this.isDone \u003d true;","lastModifiedDate":"2025-08-20T22:13:34","isFullCredit":false},{"lineNumber":12,"author":{"gitId":"joojaja"},"content":"    }","lastModifiedDate":"2025-08-20T22:13:34","isFullCredit":false},{"lineNumber":13,"author":{"gitId":"joojaja"},"content":"","lastModifiedDate":"2025-08-20T22:13:34","isFullCredit":false},{"lineNumber":14,"author":{"gitId":"joojaja"},"content":"    public void markNotDone() {","lastModifiedDate":"2025-08-20T22:13:34","isFullCredit":false},{"lineNumber":15,"author":{"gitId":"joojaja"},"content":"        this.isDone \u003d false;","lastModifiedDate":"2025-08-20T22:13:34","isFullCredit":false},{"lineNumber":16,"author":{"gitId":"joojaja"},"content":"    }","lastModifiedDate":"2025-08-20T22:13:34","isFullCredit":false},{"lineNumber":17,"author":{"gitId":"joojaja"},"content":"","lastModifiedDate":"2025-08-20T22:13:34","isFullCredit":false},{"lineNumber":18,"author":{"gitId":"joojaja"},"content":"    public String getStatusIcon() {","lastModifiedDate":"2025-08-20T22:13:34","isFullCredit":false},{"lineNumber":19,"author":{"gitId":"joojaja"},"content":"        return (isDone ? \"[X]\" : \"[ ]\");","lastModifiedDate":"2025-08-20T22:13:34","isFullCredit":false},{"lineNumber":20,"author":{"gitId":"joojaja"},"content":"    }","lastModifiedDate":"2025-08-20T22:13:34","isFullCredit":false},{"lineNumber":21,"author":{"gitId":"joojaja"},"content":"","lastModifiedDate":"2025-08-20T22:13:34","isFullCredit":false},{"lineNumber":22,"author":{"gitId":"joojaja"},"content":"    public String getDescription() {","lastModifiedDate":"2025-08-20T22:13:34","isFullCredit":false},{"lineNumber":23,"author":{"gitId":"joojaja"},"content":"        return this.description;","lastModifiedDate":"2025-08-20T22:13:34","isFullCredit":false},{"lineNumber":24,"author":{"gitId":"joojaja"},"content":"    }","lastModifiedDate":"2025-08-20T22:13:34","isFullCredit":false},{"lineNumber":25,"author":{"gitId":"joojaja"},"content":"","lastModifiedDate":"2025-08-20T22:13:34","isFullCredit":false},{"lineNumber":26,"author":{"gitId":"joojaja"},"content":"    @Override","lastModifiedDate":"2025-08-20T22:13:34","isFullCredit":false},{"lineNumber":27,"author":{"gitId":"joojaja"},"content":"    public String toString() {","lastModifiedDate":"2025-08-20T22:13:34","isFullCredit":false},{"lineNumber":28,"author":{"gitId":"joojaja"},"content":"        return getStatusIcon() + \" \" + this.description;","lastModifiedDate":"2025-08-20T22:13:34","isFullCredit":false},{"lineNumber":29,"author":{"gitId":"joojaja"},"content":"    }","lastModifiedDate":"2025-08-20T22:13:34","isFullCredit":false},{"lineNumber":30,"author":{"gitId":"joojaja"},"content":"}","lastModifiedDate":"2025-08-20T22:13:34","isFullCredit":false}],"authorContributionMap":{"joojaja":30}}]
