{"authorDailyContributionsMap":{"Ruileirei":[{"date":"2025-08-20T00:00:00","commitResults":[{"hash":"4e874d92dcc13f2c8d278e5ff13f997a192ff25b","isMergeCommit":false,"messageTitle":"Renamed main class, added greeting and exit","messageBody":"","tags":["Level-0"],"fileTypesAndContributionMap":{"java":{"insertions":9,"deletions":10}}},{"hash":"8397019904930df028bf201ab88a74cd338f1e62","isMergeCommit":false,"messageTitle":"Add support for echo","messageBody":"","tags":["Level-1"],"fileTypesAndContributionMap":{"java":{"insertions":12,"deletions":0}}},{"hash":"31ad59a4a7b9a75a577c4a84beccd84ba508d8ce","isMergeCommit":false,"messageTitle":"Add support for list, adding to list","messageBody":"","tags":["Level-2"],"fileTypesAndContributionMap":{"java":{"insertions":23,"deletions":3}}},{"hash":"647ea013a70e62f6a0e47b11f3dde121d44d2573","isMergeCommit":false,"messageTitle":"Create Task class, Add support for Marking, Unmarking tasks","messageBody":"","tags":["Level-3"],"fileTypesAndContributionMap":{"java":{"insertions":66,"deletions":12}}},{"hash":"19c67248e2bd764c5b98f76063d4d346af6ec0ce","isMergeCommit":false,"messageTitle":"Add support for tracking todo, event, deadline tasks","messageBody":"","tags":["Level-4"],"fileTypesAndContributionMap":{"java":{"insertions":81,"deletions":11}}},{"hash":"3072bfdca5f5e8a3b3adf45ed86914d9de1d751d","isMergeCommit":false,"messageTitle":"Added support for Semi Automated testing of Text UIs","messageBody":"","tags":["A-TextUiTesting"],"fileTypesAndContributionMap":{"txt":{"insertions":7,"deletions":0},"bat":{"insertions":1,"deletions":1},"sh":{"insertions":1,"deletions":1}}}]}]},"authorFileTypeContributionMap":{"Ruileirei":{"java":165,"md":0,"fxml":0,"sh":1,"bat":1,"gradle":0,"txt":7}},"authorContributionVariance":{"Ruileirei":4022.059},"authorDisplayNameMap":{"Ruileirei":"ANG .. RAY"}}
