[{"path":"src/main/java/Deadline.java","fileType":"java","lines":[{"lineNumber":1,"author":{"gitId":"siangjun2"},"content":"public class Deadline extends Task{","lastModifiedDate":"2025-08-25T14:41:28","isFullCredit":false},{"lineNumber":2,"author":{"gitId":"siangjun2"},"content":"    private String by;","lastModifiedDate":"2025-08-25T14:41:28","isFullCredit":false},{"lineNumber":3,"author":{"gitId":"siangjun2"},"content":"","lastModifiedDate":"2025-08-25T14:41:28","isFullCredit":false},{"lineNumber":4,"author":{"gitId":"siangjun2"},"content":"    public Deadline(String description, String by) {","lastModifiedDate":"2025-08-25T14:41:28","isFullCredit":false},{"lineNumber":5,"author":{"gitId":"siangjun2"},"content":"        super(description);","lastModifiedDate":"2025-08-25T14:41:28","isFullCredit":false},{"lineNumber":6,"author":{"gitId":"siangjun2"},"content":"        this.by \u003d by;","lastModifiedDate":"2025-08-25T14:41:28","isFullCredit":false},{"lineNumber":7,"author":{"gitId":"siangjun2"},"content":"    }","lastModifiedDate":"2025-08-25T14:41:28","isFullCredit":false},{"lineNumber":8,"author":{"gitId":"siangjun2"},"content":"","lastModifiedDate":"2025-08-25T14:41:28","isFullCredit":false},{"lineNumber":9,"author":{"gitId":"siangjun2"},"content":"    @Override","lastModifiedDate":"2025-08-25T14:41:28","isFullCredit":false},{"lineNumber":10,"author":{"gitId":"siangjun2"},"content":"    public String toString() {","lastModifiedDate":"2025-08-25T14:41:28","isFullCredit":false},{"lineNumber":11,"author":{"gitId":"siangjun2"},"content":"        return \"[D] \" + super.toString() + \" (by: \" + this.by + \")\";","lastModifiedDate":"2025-08-25T14:41:28","isFullCredit":false},{"lineNumber":12,"author":{"gitId":"siangjun2"},"content":"    }","lastModifiedDate":"2025-08-25T14:41:28","isFullCredit":false},{"lineNumber":13,"author":{"gitId":"siangjun2"},"content":"}","lastModifiedDate":"2025-08-25T14:41:28","isFullCredit":false}],"authorContributionMap":{"siangjun2":13}},{"path":"src/main/java/DukeGPT.java","fileType":"java","lines":[{"lineNumber":1,"author":{"gitId":"siangjun2"},"content":"import java.util.InputMismatchException;","lastModifiedDate":"2025-08-24T20:27:22","isFullCredit":false},{"lineNumber":2,"author":{"gitId":"siangjun2"},"content":"import java.util.Scanner;","lastModifiedDate":"2025-08-24T19:24:18","isFullCredit":false},{"lineNumber":3,"author":{"gitId":"siangjun2"},"content":"import java.util.List;","lastModifiedDate":"2025-08-24T19:48:14","isFullCredit":false},{"lineNumber":4,"author":{"gitId":"siangjun2"},"content":"import java.util.ArrayList;","lastModifiedDate":"2025-08-24T19:48:14","isFullCredit":false},{"lineNumber":5,"author":{"gitId":"siangjun2"},"content":"import java.util.stream.IntStream;","lastModifiedDate":"2025-08-24T19:48:14","isFullCredit":false},{"lineNumber":6,"author":{"gitId":"siangjun2"},"content":"import java.util.stream.Stream;","lastModifiedDate":"2025-08-24T19:48:14","isFullCredit":false},{"lineNumber":7,"author":{"gitId":"siangjun2"},"content":"import java.util.regex.*;","lastModifiedDate":"2025-08-25T14:41:28","isFullCredit":false},{"lineNumber":8,"author":{"gitId":"siangjun2"},"content":"","lastModifiedDate":"2025-08-24T19:24:18","isFullCredit":false},{"lineNumber":9,"author":{"gitId":"siangjun2"},"content":"public class DukeGPT {","lastModifiedDate":"2025-08-24T19:08:53","isFullCredit":false},{"lineNumber":10,"author":{"gitId":"siangjun2"},"content":"    private List\u003cTask\u003e messages \u003d new ArrayList\u003cTask\u003e();","lastModifiedDate":"2025-08-24T20:27:22","isFullCredit":false},{"lineNumber":11,"author":{"gitId":"siangjun2"},"content":"","lastModifiedDate":"2025-08-24T19:08:53","isFullCredit":false},{"lineNumber":12,"author":{"gitId":"siangjun2"},"content":"    public void greet() {","lastModifiedDate":"2025-08-24T19:08:53","isFullCredit":false},{"lineNumber":13,"author":{"gitId":"siangjun2"},"content":"        this.printLine(() -\u003e System.out.println(\"\\tHello! I\u0027m DukeGPT\\n\\tWhat can I do for you?\"));","lastModifiedDate":"2025-08-24T19:48:14","isFullCredit":false},{"lineNumber":14,"author":{"gitId":"siangjun2"},"content":"        this.respond();","lastModifiedDate":"2025-08-24T19:48:14","isFullCredit":false},{"lineNumber":15,"author":{"gitId":"siangjun2"},"content":"    }","lastModifiedDate":"2025-08-24T19:08:53","isFullCredit":false},{"lineNumber":16,"author":{"gitId":"siangjun2"},"content":"","lastModifiedDate":"2025-08-24T19:08:53","isFullCredit":false},{"lineNumber":17,"author":{"gitId":"siangjun2"},"content":"    public void respond() {","lastModifiedDate":"2025-08-24T19:48:14","isFullCredit":false},{"lineNumber":18,"author":{"gitId":"siangjun2"},"content":"        Scanner sc \u003d new Scanner(System.in);","lastModifiedDate":"2025-08-24T19:24:18","isFullCredit":false},{"lineNumber":19,"author":{"gitId":"siangjun2"},"content":"        String message \u003d sc.nextLine();","lastModifiedDate":"2025-08-24T19:24:18","isFullCredit":false},{"lineNumber":20,"author":{"gitId":"siangjun2"},"content":"","lastModifiedDate":"2025-08-24T19:08:53","isFullCredit":false},{"lineNumber":21,"author":{"gitId":"siangjun2"},"content":"        while (!message.equals(\"bye\")) {","lastModifiedDate":"2025-08-24T19:24:18","isFullCredit":false},{"lineNumber":22,"author":{"gitId":"siangjun2"},"content":"            if (message.startsWith(\"todo\") || message.startsWith(\"deadline\") || message.startsWith(\"event\")) {","lastModifiedDate":"2025-08-25T14:41:28","isFullCredit":false},{"lineNumber":23,"author":{"gitId":"siangjun2"},"content":"                this.addHelper(message);","lastModifiedDate":"2025-08-25T14:41:28","isFullCredit":false},{"lineNumber":24,"author":{"gitId":"siangjun2"},"content":"            } else if (message.startsWith(\"mark \") || message.startsWith(\"unmark \")) { //Marking as done or not done","lastModifiedDate":"2025-08-25T14:41:28","isFullCredit":false},{"lineNumber":25,"author":{"gitId":"siangjun2"},"content":"                this.markHelper(message);","lastModifiedDate":"2025-08-25T14:41:28","isFullCredit":false},{"lineNumber":26,"author":{"gitId":"siangjun2"},"content":"            } else if (message.equals(\"list\")) { //Listing items","lastModifiedDate":"2025-08-25T14:41:28","isFullCredit":false},{"lineNumber":27,"author":{"gitId":"siangjun2"},"content":"                this.listHelper();","lastModifiedDate":"2025-08-25T14:41:28","isFullCredit":false},{"lineNumber":28,"author":{"gitId":"siangjun2"},"content":"            } else {","lastModifiedDate":"2025-08-25T14:41:28","isFullCredit":false},{"lineNumber":29,"author":{"gitId":"siangjun2"},"content":"                this.printLine(() -\u003e System.out.println(\"\\tInvalid input!\"));","lastModifiedDate":"2025-08-25T14:41:28","isFullCredit":false},{"lineNumber":30,"author":{"gitId":"siangjun2"},"content":"            }","lastModifiedDate":"2025-08-25T14:41:28","isFullCredit":false},{"lineNumber":31,"author":{"gitId":"siangjun2"},"content":"                message \u003d sc.nextLine();","lastModifiedDate":"2025-08-25T14:41:28","isFullCredit":false},{"lineNumber":32,"author":{"gitId":"siangjun2"},"content":"        }","lastModifiedDate":"2025-08-25T14:41:28","isFullCredit":false},{"lineNumber":33,"author":{"gitId":"siangjun2"},"content":"        this.exit();","lastModifiedDate":"2025-08-25T14:41:28","isFullCredit":false},{"lineNumber":34,"author":{"gitId":"siangjun2"},"content":"    }","lastModifiedDate":"2025-08-25T14:41:28","isFullCredit":false},{"lineNumber":35,"author":{"gitId":"siangjun2"},"content":"","lastModifiedDate":"2025-08-25T14:41:28","isFullCredit":false},{"lineNumber":36,"author":{"gitId":"siangjun2"},"content":"    private void markHelper(String message) {","lastModifiedDate":"2025-08-25T14:41:28","isFullCredit":false},{"lineNumber":37,"author":{"gitId":"siangjun2"},"content":"        if (this.messages.isEmpty()) {","lastModifiedDate":"2025-08-25T14:41:28","isFullCredit":false},{"lineNumber":38,"author":{"gitId":"siangjun2"},"content":"            this.printLine(() -\u003e System.out.println(\"\\tCannot mark when no task added!\"));","lastModifiedDate":"2025-08-25T14:41:28","isFullCredit":false},{"lineNumber":39,"author":{"gitId":"siangjun2"},"content":"            return;","lastModifiedDate":"2025-08-25T14:41:28","isFullCredit":false},{"lineNumber":40,"author":{"gitId":"siangjun2"},"content":"        }","lastModifiedDate":"2025-08-25T14:41:28","isFullCredit":false},{"lineNumber":41,"author":{"gitId":"siangjun2"},"content":"        String[] parts \u003d message.split(\" \");","lastModifiedDate":"2025-08-24T20:27:22","isFullCredit":false},{"lineNumber":42,"author":{"gitId":"siangjun2"},"content":"        if (parts.length \u003d\u003d 2) {","lastModifiedDate":"2025-08-24T20:27:22","isFullCredit":false},{"lineNumber":43,"author":{"gitId":"siangjun2"},"content":"            try {","lastModifiedDate":"2025-08-25T14:41:28","isFullCredit":false},{"lineNumber":44,"author":{"gitId":"siangjun2"},"content":"                int index \u003d Integer.valueOf(parts[1]) - 1;","lastModifiedDate":"2025-08-24T20:27:22","isFullCredit":false},{"lineNumber":45,"author":{"gitId":"siangjun2"},"content":"                if (!(index \u003e\u003d 0 \u0026\u0026 index \u003c this.messages.size())) {","lastModifiedDate":"2025-08-24T20:27:22","isFullCredit":false},{"lineNumber":46,"author":{"gitId":"siangjun2"},"content":"                    NumberFormatException e \u003d new NumberFormatException(\"Out of index\");","lastModifiedDate":"2025-08-24T20:27:22","isFullCredit":false},{"lineNumber":47,"author":{"gitId":"siangjun2"},"content":"                    throw e;","lastModifiedDate":"2025-08-24T20:27:22","isFullCredit":false},{"lineNumber":48,"author":{"gitId":"siangjun2"},"content":"                }","lastModifiedDate":"2025-08-24T20:27:22","isFullCredit":false},{"lineNumber":49,"author":{"gitId":"siangjun2"},"content":"                this.messages.get(index).setCompleted(message.startsWith(\"mark \"));","lastModifiedDate":"2025-08-24T20:27:22","isFullCredit":false},{"lineNumber":50,"author":{"gitId":"siangjun2"},"content":"                if (message.startsWith(\"mark \")) {","lastModifiedDate":"2025-08-24T20:27:22","isFullCredit":false},{"lineNumber":51,"author":{"gitId":"siangjun2"},"content":"                    this.printLine(() -\u003e System.out.println(\"\\tNice! I\u0027ve marked this task as done:\\n\\t\\t\" + this.messages.get(index)));","lastModifiedDate":"2025-08-24T20:27:22","isFullCredit":false},{"lineNumber":52,"author":{"gitId":"siangjun2"},"content":"                } else {","lastModifiedDate":"2025-08-24T19:48:14","isFullCredit":false},{"lineNumber":53,"author":{"gitId":"siangjun2"},"content":"                    this.printLine(() -\u003e System.out.println(\"\\tOk! I\u0027ve marked this task as not done yet:\\n\\t\\t\" + this.messages.get(index)));","lastModifiedDate":"2025-08-24T20:27:22","isFullCredit":false},{"lineNumber":54,"author":{"gitId":"siangjun2"},"content":"                }","lastModifiedDate":"2025-08-24T20:27:22","isFullCredit":false},{"lineNumber":55,"author":{"gitId":"siangjun2"},"content":"            } catch (NumberFormatException e) {","lastModifiedDate":"2025-08-24T20:27:22","isFullCredit":false},{"lineNumber":56,"author":{"gitId":"siangjun2"},"content":"                this.printLine(() -\u003e System.out.println(\"\\tInvalid integer used for mark/unmark!\\t\" + e));","lastModifiedDate":"2025-08-24T20:27:22","isFullCredit":false},{"lineNumber":57,"author":{"gitId":"siangjun2"},"content":"            }","lastModifiedDate":"2025-08-24T20:27:22","isFullCredit":false},{"lineNumber":58,"author":{"gitId":"siangjun2"},"content":"        } else {","lastModifiedDate":"2025-08-24T20:27:22","isFullCredit":false},{"lineNumber":59,"author":{"gitId":"siangjun2"},"content":"            this.printLine(() -\u003e System.out.println(\"\\tInvalid usage of mark/unmark!\"));","lastModifiedDate":"2025-08-24T20:27:22","isFullCredit":false},{"lineNumber":60,"author":{"gitId":"siangjun2"},"content":"        }","lastModifiedDate":"2025-08-24T20:27:22","isFullCredit":false},{"lineNumber":61,"author":{"gitId":"siangjun2"},"content":"    }","lastModifiedDate":"2025-08-25T14:41:28","isFullCredit":false},{"lineNumber":62,"author":{"gitId":"siangjun2"},"content":"","lastModifiedDate":"2025-08-25T14:41:28","isFullCredit":false},{"lineNumber":63,"author":{"gitId":"siangjun2"},"content":"    private void listHelper() {","lastModifiedDate":"2025-08-25T14:41:28","isFullCredit":false},{"lineNumber":64,"author":{"gitId":"siangjun2"},"content":"        this.printLine(() -\u003e IntStream.range(0,messages.size()).forEach(i -\u003e System.out.println(\"\\t\" + (i+1) + \". \" + messages.get(i))));","lastModifiedDate":"2025-08-24T20:27:22","isFullCredit":false},{"lineNumber":65,"author":{"gitId":"siangjun2"},"content":"    }","lastModifiedDate":"2025-08-24T19:48:14","isFullCredit":false},{"lineNumber":66,"author":{"gitId":"siangjun2"},"content":"","lastModifiedDate":"2025-08-25T14:41:28","isFullCredit":false},{"lineNumber":67,"author":{"gitId":"siangjun2"},"content":"    private void addHelper(String message) {","lastModifiedDate":"2025-08-25T14:41:28","isFullCredit":false},{"lineNumber":68,"author":{"gitId":"siangjun2"},"content":"        Task t \u003d null;","lastModifiedDate":"2025-08-25T14:41:28","isFullCredit":false},{"lineNumber":69,"author":{"gitId":"siangjun2"},"content":"","lastModifiedDate":"2025-08-25T14:41:28","isFullCredit":false},{"lineNumber":70,"author":{"gitId":"siangjun2"},"content":"        String dp \u003d \"deadline\\\\s+(.+)\\\\s+/by\\\\s+(.+)\";","lastModifiedDate":"2025-08-25T14:41:28","isFullCredit":false},{"lineNumber":71,"author":{"gitId":"siangjun2"},"content":"        String ep \u003d \"event\\\\s+(.+)\\\\s+/from\\\\s+(.+)\\\\s+/to\\\\s+(.+)\";","lastModifiedDate":"2025-08-25T14:41:28","isFullCredit":false},{"lineNumber":72,"author":{"gitId":"siangjun2"},"content":"","lastModifiedDate":"2025-08-25T14:41:28","isFullCredit":false},{"lineNumber":73,"author":{"gitId":"siangjun2"},"content":"        switch (message.split(\" \")[0]) {","lastModifiedDate":"2025-08-25T14:41:28","isFullCredit":false},{"lineNumber":74,"author":{"gitId":"siangjun2"},"content":"            case \"todo\": //to/do borrow book","lastModifiedDate":"2025-08-25T14:41:28","isFullCredit":false},{"lineNumber":75,"author":{"gitId":"siangjun2"},"content":"                Pattern p \u003d Pattern.compile(\"todo\\\\s+(.+)\", Pattern.CASE_INSENSITIVE);","lastModifiedDate":"2025-08-25T14:41:28","isFullCredit":false},{"lineNumber":76,"author":{"gitId":"siangjun2"},"content":"                Matcher m \u003d p.matcher(message);","lastModifiedDate":"2025-08-25T14:41:28","isFullCredit":false},{"lineNumber":77,"author":{"gitId":"siangjun2"},"content":"                if (m.find()) {","lastModifiedDate":"2025-08-25T14:41:28","isFullCredit":false},{"lineNumber":78,"author":{"gitId":"siangjun2"},"content":"                    t \u003d new ToDo(m.group(1));","lastModifiedDate":"2025-08-25T14:41:28","isFullCredit":false},{"lineNumber":79,"author":{"gitId":"siangjun2"},"content":"                } else {","lastModifiedDate":"2025-08-25T14:41:28","isFullCredit":false},{"lineNumber":80,"author":{"gitId":"siangjun2"},"content":"                    this.printLine(() -\u003e System.out.println(\"\\tInvalid todo format!\"));","lastModifiedDate":"2025-08-25T14:41:28","isFullCredit":false},{"lineNumber":81,"author":{"gitId":"siangjun2"},"content":"                }","lastModifiedDate":"2025-08-25T14:41:28","isFullCredit":false},{"lineNumber":82,"author":{"gitId":"siangjun2"},"content":"                break;","lastModifiedDate":"2025-08-25T14:41:28","isFullCredit":false},{"lineNumber":83,"author":{"gitId":"siangjun2"},"content":"            case \"deadline\": //deadline return book /by Sunday","lastModifiedDate":"2025-08-25T14:41:28","isFullCredit":false},{"lineNumber":84,"author":{"gitId":"siangjun2"},"content":"                p \u003d Pattern.compile(dp, Pattern.CASE_INSENSITIVE);","lastModifiedDate":"2025-08-25T14:41:28","isFullCredit":false},{"lineNumber":85,"author":{"gitId":"siangjun2"},"content":"                m \u003d p.matcher(message);","lastModifiedDate":"2025-08-25T14:41:28","isFullCredit":false},{"lineNumber":86,"author":{"gitId":"siangjun2"},"content":"                if (m.find()) {","lastModifiedDate":"2025-08-25T14:41:28","isFullCredit":false},{"lineNumber":87,"author":{"gitId":"siangjun2"},"content":"                    t \u003d new Deadline(m.group(1), m.group(2));","lastModifiedDate":"2025-08-25T14:41:28","isFullCredit":false},{"lineNumber":88,"author":{"gitId":"siangjun2"},"content":"                } else {","lastModifiedDate":"2025-08-25T14:41:28","isFullCredit":false},{"lineNumber":89,"author":{"gitId":"siangjun2"},"content":"                    this.printLine(() -\u003e System.out.println(\"\\tInvalid deadline format!\"));","lastModifiedDate":"2025-08-25T14:41:28","isFullCredit":false},{"lineNumber":90,"author":{"gitId":"siangjun2"},"content":"                }","lastModifiedDate":"2025-08-25T14:41:28","isFullCredit":false},{"lineNumber":91,"author":{"gitId":"siangjun2"},"content":"                break;","lastModifiedDate":"2025-08-25T14:41:28","isFullCredit":false},{"lineNumber":92,"author":{"gitId":"siangjun2"},"content":"            case \"event\": //event project meeting /from Mon 2pm /to 4pm","lastModifiedDate":"2025-08-25T14:41:28","isFullCredit":false},{"lineNumber":93,"author":{"gitId":"siangjun2"},"content":"                p \u003d Pattern.compile(ep, Pattern.CASE_INSENSITIVE);","lastModifiedDate":"2025-08-25T14:41:28","isFullCredit":false},{"lineNumber":94,"author":{"gitId":"siangjun2"},"content":"                m \u003d p.matcher(message);","lastModifiedDate":"2025-08-25T14:41:28","isFullCredit":false},{"lineNumber":95,"author":{"gitId":"siangjun2"},"content":"                if (m.find()) {","lastModifiedDate":"2025-08-25T14:41:28","isFullCredit":false},{"lineNumber":96,"author":{"gitId":"siangjun2"},"content":"                    t \u003d new Event(m.group(1), m.group(2), m.group(3));","lastModifiedDate":"2025-08-25T14:41:28","isFullCredit":false},{"lineNumber":97,"author":{"gitId":"siangjun2"},"content":"                } else {","lastModifiedDate":"2025-08-25T14:41:28","isFullCredit":false},{"lineNumber":98,"author":{"gitId":"siangjun2"},"content":"                    this.printLine(() -\u003e System.out.println(\"\\tInvalid event format!\"));","lastModifiedDate":"2025-08-25T14:41:28","isFullCredit":false},{"lineNumber":99,"author":{"gitId":"siangjun2"},"content":"                }","lastModifiedDate":"2025-08-25T14:41:28","isFullCredit":false},{"lineNumber":100,"author":{"gitId":"siangjun2"},"content":"                break;","lastModifiedDate":"2025-08-25T14:41:28","isFullCredit":false},{"lineNumber":101,"author":{"gitId":"siangjun2"},"content":"            default:","lastModifiedDate":"2025-08-25T14:41:28","isFullCredit":false},{"lineNumber":102,"author":{"gitId":"siangjun2"},"content":"                this.printLine(() -\u003e System.out.println(\"\\tInvalid task format!\"));","lastModifiedDate":"2025-08-25T14:41:28","isFullCredit":false},{"lineNumber":103,"author":{"gitId":"siangjun2"},"content":"        }","lastModifiedDate":"2025-08-25T14:41:28","isFullCredit":false},{"lineNumber":104,"author":{"gitId":"siangjun2"},"content":"","lastModifiedDate":"2025-08-25T14:41:28","isFullCredit":false},{"lineNumber":105,"author":{"gitId":"siangjun2"},"content":"        if (t !\u003d null) {","lastModifiedDate":"2025-08-25T14:41:28","isFullCredit":false},{"lineNumber":106,"author":{"gitId":"siangjun2"},"content":"            this.messages.add(t);","lastModifiedDate":"2025-08-25T14:41:28","isFullCredit":false},{"lineNumber":107,"author":{"gitId":"siangjun2"},"content":"            String tm \u003d t.toString();","lastModifiedDate":"2025-08-25T14:41:28","isFullCredit":false},{"lineNumber":108,"author":{"gitId":"siangjun2"},"content":"            this.printLine(() -\u003e System.out.println(\"\\tadded: \" + tm + \"\\n\\tNow you have \" + this.messages.size() + \" tasks in the list.\"));","lastModifiedDate":"2025-08-25T14:41:28","isFullCredit":false},{"lineNumber":109,"author":{"gitId":"siangjun2"},"content":"        }","lastModifiedDate":"2025-08-24T19:24:18","isFullCredit":false},{"lineNumber":110,"author":{"gitId":"siangjun2"},"content":"    }","lastModifiedDate":"2025-08-24T19:08:53","isFullCredit":false},{"lineNumber":111,"author":{"gitId":"siangjun2"},"content":"","lastModifiedDate":"2025-08-24T19:08:53","isFullCredit":false},{"lineNumber":112,"author":{"gitId":"siangjun2"},"content":"    private void exit() {","lastModifiedDate":"2025-08-24T19:48:14","isFullCredit":false},{"lineNumber":113,"author":{"gitId":"siangjun2"},"content":"        this.printLine(() -\u003e System.out.println(\"\\tBye. Hope to see you again soon!\"));","lastModifiedDate":"2025-08-24T19:48:14","isFullCredit":false},{"lineNumber":114,"author":{"gitId":"siangjun2"},"content":"    }","lastModifiedDate":"2025-08-24T19:08:53","isFullCredit":false},{"lineNumber":115,"author":{"gitId":"siangjun2"},"content":"","lastModifiedDate":"2025-08-24T19:08:53","isFullCredit":false},{"lineNumber":116,"author":{"gitId":"siangjun2"},"content":"    private void printLine(Runnable runnable) {","lastModifiedDate":"2025-08-24T19:08:53","isFullCredit":false},{"lineNumber":117,"author":{"gitId":"siangjun2"},"content":"        System.out.println(\"\\t----------------------------------------------------------------------\");","lastModifiedDate":"2025-08-24T19:48:14","isFullCredit":false},{"lineNumber":118,"author":{"gitId":"siangjun2"},"content":"        System.out.println(\"\\tDukeGPT (^_^)/ : \");","lastModifiedDate":"2025-08-24T19:48:14","isFullCredit":false},{"lineNumber":119,"author":{"gitId":"siangjun2"},"content":"        runnable.run();","lastModifiedDate":"2025-08-24T19:08:53","isFullCredit":false},{"lineNumber":120,"author":{"gitId":"siangjun2"},"content":"        System.out.println(\"\\t----------------------------------------------------------------------\");","lastModifiedDate":"2025-08-24T19:48:14","isFullCredit":false},{"lineNumber":121,"author":{"gitId":"siangjun2"},"content":"    }","lastModifiedDate":"2025-08-24T19:08:53","isFullCredit":false},{"lineNumber":122,"author":{"gitId":"siangjun2"},"content":"","lastModifiedDate":"2025-08-24T19:08:53","isFullCredit":false},{"lineNumber":123,"author":{"gitId":"siangjun2"},"content":"","lastModifiedDate":"2025-08-25T14:41:28","isFullCredit":false},{"lineNumber":124,"author":{"gitId":"siangjun2"},"content":"    public static void main(String[] args) {","lastModifiedDate":"2025-08-24T19:08:53","isFullCredit":false},{"lineNumber":125,"author":{"gitId":"siangjun2"},"content":"        DukeGPT duke \u003d new DukeGPT();","lastModifiedDate":"2025-08-24T19:08:53","isFullCredit":false},{"lineNumber":126,"author":{"gitId":"siangjun2"},"content":"        duke.greet();","lastModifiedDate":"2025-08-24T19:08:53","isFullCredit":false},{"lineNumber":127,"author":{"gitId":"siangjun2"},"content":"    }","lastModifiedDate":"2025-08-24T19:08:53","isFullCredit":false},{"lineNumber":128,"author":{"gitId":"siangjun2"},"content":"}","lastModifiedDate":"2025-08-24T19:08:53","isFullCredit":false}],"authorContributionMap":{"siangjun2":128}},{"path":"src/main/java/Event.java","fileType":"java","lines":[{"lineNumber":1,"author":{"gitId":"siangjun2"},"content":"public class Event extends Task{","lastModifiedDate":"2025-08-25T14:41:28","isFullCredit":false},{"lineNumber":2,"author":{"gitId":"siangjun2"},"content":"    private String from;","lastModifiedDate":"2025-08-25T14:41:28","isFullCredit":false},{"lineNumber":3,"author":{"gitId":"siangjun2"},"content":"    private String to;","lastModifiedDate":"2025-08-25T14:41:28","isFullCredit":false},{"lineNumber":4,"author":{"gitId":"siangjun2"},"content":"","lastModifiedDate":"2025-08-25T14:41:28","isFullCredit":false},{"lineNumber":5,"author":{"gitId":"siangjun2"},"content":"    public Event(String description, String from, String to) {","lastModifiedDate":"2025-08-25T14:41:28","isFullCredit":false},{"lineNumber":6,"author":{"gitId":"siangjun2"},"content":"        super(description);","lastModifiedDate":"2025-08-25T14:41:28","isFullCredit":false},{"lineNumber":7,"author":{"gitId":"siangjun2"},"content":"        this.from \u003d from;","lastModifiedDate":"2025-08-25T14:41:28","isFullCredit":false},{"lineNumber":8,"author":{"gitId":"siangjun2"},"content":"        this.to \u003d to;","lastModifiedDate":"2025-08-25T14:41:28","isFullCredit":false},{"lineNumber":9,"author":{"gitId":"siangjun2"},"content":"    }","lastModifiedDate":"2025-08-25T14:41:28","isFullCredit":false},{"lineNumber":10,"author":{"gitId":"siangjun2"},"content":"","lastModifiedDate":"2025-08-25T14:41:28","isFullCredit":false},{"lineNumber":11,"author":{"gitId":"siangjun2"},"content":"    @Override","lastModifiedDate":"2025-08-25T14:41:28","isFullCredit":false},{"lineNumber":12,"author":{"gitId":"siangjun2"},"content":"    public String toString() {","lastModifiedDate":"2025-08-25T14:41:28","isFullCredit":false},{"lineNumber":13,"author":{"gitId":"siangjun2"},"content":"        return \"[E] \" + super.toString() + \" (from: \" + this.from + \" to: \" + this.to + \")\";","lastModifiedDate":"2025-08-25T14:41:28","isFullCredit":false},{"lineNumber":14,"author":{"gitId":"siangjun2"},"content":"    }","lastModifiedDate":"2025-08-25T14:41:28","isFullCredit":false},{"lineNumber":15,"author":{"gitId":"siangjun2"},"content":"}","lastModifiedDate":"2025-08-25T14:41:28","isFullCredit":false}],"authorContributionMap":{"siangjun2":15}},{"path":"src/main/java/Task.java","fileType":"java","lines":[{"lineNumber":1,"author":{"gitId":"siangjun2"},"content":"public class Task {","lastModifiedDate":"2025-08-24T20:27:22","isFullCredit":false},{"lineNumber":2,"author":{"gitId":"siangjun2"},"content":"    private boolean completed \u003d false;","lastModifiedDate":"2025-08-24T20:27:22","isFullCredit":false},{"lineNumber":3,"author":{"gitId":"siangjun2"},"content":"    private final String description;","lastModifiedDate":"2025-08-24T20:27:22","isFullCredit":false},{"lineNumber":4,"author":{"gitId":"siangjun2"},"content":"","lastModifiedDate":"2025-08-24T20:27:22","isFullCredit":false},{"lineNumber":5,"author":{"gitId":"siangjun2"},"content":"    public Task(String description) {","lastModifiedDate":"2025-08-24T20:27:22","isFullCredit":false},{"lineNumber":6,"author":{"gitId":"siangjun2"},"content":"        this.description \u003d description;","lastModifiedDate":"2025-08-24T20:27:22","isFullCredit":false},{"lineNumber":7,"author":{"gitId":"siangjun2"},"content":"    }","lastModifiedDate":"2025-08-24T20:27:22","isFullCredit":false},{"lineNumber":8,"author":{"gitId":"siangjun2"},"content":"","lastModifiedDate":"2025-08-24T20:27:22","isFullCredit":false},{"lineNumber":9,"author":{"gitId":"siangjun2"},"content":"    public boolean getCompleted() {","lastModifiedDate":"2025-08-24T20:27:22","isFullCredit":false},{"lineNumber":10,"author":{"gitId":"siangjun2"},"content":"        return this.completed;","lastModifiedDate":"2025-08-24T20:27:22","isFullCredit":false},{"lineNumber":11,"author":{"gitId":"siangjun2"},"content":"    }","lastModifiedDate":"2025-08-24T20:27:22","isFullCredit":false},{"lineNumber":12,"author":{"gitId":"siangjun2"},"content":"","lastModifiedDate":"2025-08-24T20:27:22","isFullCredit":false},{"lineNumber":13,"author":{"gitId":"siangjun2"},"content":"    public void setCompleted(boolean completed) {","lastModifiedDate":"2025-08-24T20:27:22","isFullCredit":false},{"lineNumber":14,"author":{"gitId":"siangjun2"},"content":"        this.completed \u003d completed;","lastModifiedDate":"2025-08-24T20:27:22","isFullCredit":false},{"lineNumber":15,"author":{"gitId":"siangjun2"},"content":"    }","lastModifiedDate":"2025-08-24T20:27:22","isFullCredit":false},{"lineNumber":16,"author":{"gitId":"siangjun2"},"content":"","lastModifiedDate":"2025-08-24T20:27:22","isFullCredit":false},{"lineNumber":17,"author":{"gitId":"siangjun2"},"content":"    @Override","lastModifiedDate":"2025-08-24T20:27:22","isFullCredit":false},{"lineNumber":18,"author":{"gitId":"siangjun2"},"content":"    public String toString() {","lastModifiedDate":"2025-08-24T20:27:22","isFullCredit":false},{"lineNumber":19,"author":{"gitId":"siangjun2"},"content":"        return \"[\" + (completed ? \"X\" : \" \") + \"] \" + description;","lastModifiedDate":"2025-08-24T20:27:22","isFullCredit":false},{"lineNumber":20,"author":{"gitId":"siangjun2"},"content":"    }","lastModifiedDate":"2025-08-24T20:27:22","isFullCredit":false},{"lineNumber":21,"author":{"gitId":"siangjun2"},"content":"}","lastModifiedDate":"2025-08-24T20:27:22","isFullCredit":false}],"authorContributionMap":{"siangjun2":21}},{"path":"src/main/java/ToDo.java","fileType":"java","lines":[{"lineNumber":1,"author":{"gitId":"siangjun2"},"content":"public class ToDo extends Task{","lastModifiedDate":"2025-08-25T14:41:28","isFullCredit":false},{"lineNumber":2,"author":{"gitId":"siangjun2"},"content":"    public ToDo(String description) {","lastModifiedDate":"2025-08-25T14:41:28","isFullCredit":false},{"lineNumber":3,"author":{"gitId":"siangjun2"},"content":"        super(description);","lastModifiedDate":"2025-08-25T14:41:28","isFullCredit":false},{"lineNumber":4,"author":{"gitId":"siangjun2"},"content":"    }","lastModifiedDate":"2025-08-25T14:41:28","isFullCredit":false},{"lineNumber":5,"author":{"gitId":"siangjun2"},"content":"","lastModifiedDate":"2025-08-25T14:41:28","isFullCredit":false},{"lineNumber":6,"author":{"gitId":"siangjun2"},"content":"    @Override","lastModifiedDate":"2025-08-25T14:41:28","isFullCredit":false},{"lineNumber":7,"author":{"gitId":"siangjun2"},"content":"    public String toString() {","lastModifiedDate":"2025-08-25T14:41:28","isFullCredit":false},{"lineNumber":8,"author":{"gitId":"siangjun2"},"content":"        return \"[T] \" + super.toString();","lastModifiedDate":"2025-08-25T14:41:28","isFullCredit":false},{"lineNumber":9,"author":{"gitId":"siangjun2"},"content":"    }","lastModifiedDate":"2025-08-25T14:41:28","isFullCredit":false},{"lineNumber":10,"author":{"gitId":"siangjun2"},"content":"}","lastModifiedDate":"2025-08-25T14:41:28","isFullCredit":false}],"authorContributionMap":{"siangjun2":10}},{"path":"text-ui-test/input.txt","fileType":"txt","lines":[{"lineNumber":1,"author":{"gitId":"siangjun2"},"content":"hello","lastModifiedDate":"2025-08-25T15:08:28","isFullCredit":false},{"lineNumber":2,"author":{"gitId":"siangjun2"},"content":"todo something something","lastModifiedDate":"2025-08-25T15:08:28","isFullCredit":false},{"lineNumber":3,"author":{"gitId":"siangjun2"},"content":"todo dwniaio 929310 9sd89 as0d e21 9d0su9adu09aw 90290 09da /by","lastModifiedDate":"2025-08-25T15:08:28","isFullCredit":false},{"lineNumber":4,"author":{"gitId":"siangjun2"},"content":"deadline","lastModifiedDate":"2025-08-25T15:08:28","isFullCredit":false},{"lineNumber":5,"author":{"gitId":"siangjun2"},"content":"deadline /by","lastModifiedDate":"2025-08-25T15:08:28","isFullCredit":false},{"lineNumber":6,"author":{"gitId":"siangjun2"},"content":"deadline something /by sopmethbng","lastModifiedDate":"2025-08-25T15:08:28","isFullCredit":false},{"lineNumber":7,"author":{"gitId":"siangjun2"},"content":"deadline douihawh 898 09dw90awu90 d90u90a 90d a /by dw98h0ah90d 90093 9h0j 93090 df90","lastModifiedDate":"2025-08-25T15:08:28","isFullCredit":false},{"lineNumber":8,"author":{"gitId":"siangjun2"},"content":"event","lastModifiedDate":"2025-08-25T15:08:28","isFullCredit":false},{"lineNumber":9,"author":{"gitId":"siangjun2"},"content":"event ddaw /by doiha","lastModifiedDate":"2025-08-25T15:08:28","isFullCredit":false},{"lineNumber":10,"author":{"gitId":"siangjun2"},"content":"event thingy /from what /to whatever","lastModifiedDate":"2025-08-25T15:08:28","isFullCredit":false},{"lineNumber":11,"author":{"gitId":"siangjun2"},"content":"event wdiao90 90 d90a90uadw 09d90 /from 89d 98h 0 09 j09 j90aj9d /to 89v8900d90 u90f u90f90us 9-0f9u0 90","lastModifiedDate":"2025-08-25T15:08:28","isFullCredit":false}],"authorContributionMap":{"siangjun2":11}}]
