{"authorDailyContributionsMap":{"siangjun2":[{"date":"2025-08-24T00:00:00","commitResults":[{"hash":"512682af49bb96a26124569b451b37e32a266a3a","isMergeCommit":false,"messageTitle":"Level 0","messageBody":"","tags":["Level-0"],"fileTypesAndContributionMap":{"java":{"insertions":27,"deletions":10}}},{"hash":"abeeeddaf8b6f89ea65341c1d42caa636d997ca3","isMergeCommit":false,"messageTitle":"Added Echo","messageBody":"","tags":["Level-1"],"fileTypesAndContributionMap":{"java":{"insertions":11,"deletions":1}}},{"hash":"75204cf7fe1c68402886db56bdbd0d30f126de0b","isMergeCommit":false,"messageTitle":"Changed to respond","messageBody":"","tags":["Level-2"],"fileTypesAndContributionMap":{"java":{"insertions":21,"deletions":11}}},{"hash":"0bdaf1ca38975e537255a33a5e207c196b73dba0","isMergeCommit":false,"messageTitle":"Added  mark as done","messageBody":"","tags":["Level-3"],"fileTypesAndContributionMap":{"java":{"insertions":47,"deletions":4}}}]},{"date":"2025-08-25T00:00:00","commitResults":[{"hash":"2ba1d70dc77b69f9beb959772455a1225618a731","isMergeCommit":false,"messageTitle":"Added 3 subtasks","messageBody":"","tags":["Level-4"],"fileTypesAndContributionMap":{"java":{"insertions":123,"deletions":26}}},{"hash":"0fd0db34d27de05d78fc2d0e93a03a15914f4483","isMergeCommit":false,"messageTitle":"Error handling","messageBody":"","tags":["Level-5"],"fileTypesAndContributionMap":{"txt":{"insertions":11,"deletions":0}}},{"hash":"78c841a0b64d1bd927a45b3b6d707a5b8874c225","isMergeCommit":false,"messageTitle":"Added delete","messageBody":"","tags":["Level-6","A-Enums"],"fileTypesAndContributionMap":{"java":{"insertions":23,"deletions":0}}}]},{"date":"2025-08-31T00:00:00","commitResults":[{"hash":"e4fd1201555d7fb1a2b3472cc21c5f187b872a41","isMergeCommit":false,"messageTitle":"Small fix : Made fields final","messageBody":"","fileTypesAndContributionMap":{"java":{"insertions":4,"deletions":4}}},{"hash":"67f07fac705588063369f937d82c74c966f9126f","isMergeCommit":false,"messageTitle":"DukeGPT : Implement load and unload","messageBody":"","tags":["Level-7"],"fileTypesAndContributionMap":{"txt":{"insertions":5,"deletions":0},"java":{"insertions":122,"deletions":34}}},{"hash":"31cd9e960f59f61a1a9c0753d6bd894c3fdfbe5d","isMergeCommit":false,"messageTitle":"Remake branch","messageBody":"","fileTypesAndContributionMap":{"java":{"insertions":5,"deletions":0}}},{"hash":"8738d7e630b7b328047c72cd8f66eee18fd36f54","isMergeCommit":true,"messageTitle":"Merge branch \u0027branch-Level-7\u0027 into master","messageBody":"","fileTypesAndContributionMap":{}},{"hash":"58cb019dd068705f42369ea45094c610323c404e","isMergeCommit":false,"messageTitle":"Implement Ui","messageBody":"","fileTypesAndContributionMap":{"java":{"insertions":62,"deletions":4}}}]},{"date":"2025-09-01T00:00:00","commitResults":[{"hash":"b26fb55617037348479c974e2103d28f20879067","isMergeCommit":false,"messageTitle":"Refactor to be more OOP","messageBody":"","tags":["Level-8","A-Packages","A-MoreOOP"],"fileTypesAndContributionMap":{"txt":{"insertions":6,"deletions":3},"java":{"insertions":501,"deletions":264}}},{"hash":"c21f3da02e7389f48a9a0bf6b7c861a52bb4f94f","isMergeCommit":false,"messageTitle":"Update parser","messageBody":"","fileTypesAndContributionMap":{"txt":{"insertions":5,"deletions":4},"java":{"insertions":162,"deletions":136}}},{"hash":"2c3593a679cbf6e5516666e99f879da16b7681fa","isMergeCommit":true,"messageTitle":"Merge branch \u0027branch-Level-8\u0027 into master","messageBody":"","tags":["A-TextUiTesting"],"fileTypesAndContributionMap":{}},{"hash":"667fae8a92ce0c356835d438cced40a968673a1f","isMergeCommit":false,"messageTitle":"Minor update","messageBody":"","fileTypesAndContributionMap":{"txt":{"insertions":0,"deletions":1},"java":{"insertions":0,"deletions":11}}},{"hash":"589b7b94c918139c86e3fcc5d9ec966646ae4cb3","isMergeCommit":true,"messageTitle":"Merge branch \u0027add-gradle-support\u0027 into master","messageBody":"","tags":["A-Gradle"],"fileTypesAndContributionMap":{}},{"hash":"8546d89033a5b38ee68401e211566e78824b2ecb","isMergeCommit":false,"messageTitle":"Add JUnit","messageBody":"","tags":["A-Jar","A-JUnit"],"fileTypesAndContributionMap":{"gradle":{"insertions":1,"deletions":1},"java":{"insertions":155,"deletions":2}}},{"hash":"215e5e0d2c9dd2beb685b1be1ec0243aa1357728","isMergeCommit":false,"messageTitle":"Update gradle config","messageBody":"","fileTypesAndContributionMap":{"gradle":{"insertions":14,"deletions":0}}},{"hash":"019d48e53ec42104ccaf4cb88cb17941e76c33f2","isMergeCommit":true,"messageTitle":"Merge branch \u0027branch-Level-8\u0027 into master","messageBody":"","fileTypesAndContributionMap":{}},{"hash":"0f6b7f5d24a7e7a90704a68d1d6e6ea94200fa7e","isMergeCommit":false,"messageTitle":"Update coding standard","messageBody":"","tags":["A-CodingStandard"],"fileTypesAndContributionMap":{"java":{"insertions":0,"deletions":1}}},{"hash":"9eb9326343284149421c51d8db39487ad812039a","isMergeCommit":true,"messageTitle":"Merge branch \u0027branch-A-CodingStandard\u0027 into master","messageBody":"","fileTypesAndContributionMap":{}},{"hash":"7e9b68c635dfbc1cfe6f430a2c94b15a7ff2c1de","isMergeCommit":false,"messageTitle":"Add JavaDoc","messageBody":"","tags":["A-JavaDoc"],"fileTypesAndContributionMap":{"java":{"insertions":211,"deletions":14}}},{"hash":"4e8180f60b3a9dae021e3f187066d976c16698eb","isMergeCommit":false,"messageTitle":"Implement Find command","messageBody":"","fileTypesAndContributionMap":{"gradle":{"insertions":1,"deletions":1},"txt":{"insertions":1,"deletions":0},"java":{"insertions":45,"deletions":2}}},{"hash":"25f5ab967251d4699143c2ccc3e86b83d217d50a","isMergeCommit":false,"messageTitle":"Find : Add JavaDoc","messageBody":"","tags":["Level-9"],"fileTypesAndContributionMap":{"java":{"insertions":17,"deletions":0}}},{"hash":"2ac91016181549e9471f1d49f1bbf9b24b071d06","isMergeCommit":true,"messageTitle":"Merge branch \u0027branch-A-JavaDoc\u0027 into master","messageBody":"","fileTypesAndContributionMap":{}},{"hash":"e2d6db332c34d37d21839601a9c0e71455db24a9","isMergeCommit":true,"messageTitle":"Merge branch \u0027branch-Level-9\u0027 into master","messageBody":"","fileTypesAndContributionMap":{}}]}]},"authorFileTypeContributionMap":{"siangjun2":{"java":1022,"md":0,"fxml":0,"sh":0,"bat":0,"gradle":15,"txt":20}},"authorContributionVariance":{"siangjun2":94409.36},"authorDisplayNameMap":{"siangjun2":"CS2103T-F11-2 LEE .. JUN"}}
