[{"path":"README.md","fileType":"md","lines":[{"lineNumber":1,"author":{"gitId":"cameronlzy"},"content":"# Rex project template","lastModifiedDate":"2025-08-20T15:30:07","isFullCredit":false},{"lineNumber":2,"author":{"gitId":"-"},"content":"","lastModifiedDate":"2020-05-25T00:03:55","isFullCredit":false},{"lineNumber":3,"author":{"gitId":"cameronlzy"},"content":"This is a project template for a greenfield Java project. It\u0027s named after the Java mascot _Rex. Given below are instructions on how to use it.","lastModifiedDate":"2025-08-20T15:30:07","isFullCredit":false},{"lineNumber":4,"author":{"gitId":"-"},"content":"","lastModifiedDate":"2020-05-25T00:03:55","isFullCredit":false},{"lineNumber":5,"author":{"gitId":"-"},"content":"## Setting up in Intellij","lastModifiedDate":"2020-05-25T00:03:55","isFullCredit":false},{"lineNumber":6,"author":{"gitId":"-"},"content":"","lastModifiedDate":"2020-05-25T00:03:55","isFullCredit":false},{"lineNumber":7,"author":{"gitId":"-"},"content":"Prerequisites: JDK 17, update Intellij to the most recent version.","lastModifiedDate":"2024-07-11T16:50:14","isFullCredit":false},{"lineNumber":8,"author":{"gitId":"-"},"content":"","lastModifiedDate":"2020-05-25T00:03:55","isFullCredit":false},{"lineNumber":9,"author":{"gitId":"-"},"content":"1. Open Intellij (if you are not in the welcome screen, click `File` \u003e `Close Project` to close the existing project first)","lastModifiedDate":"2021-01-17T12:25:53","isFullCredit":false},{"lineNumber":10,"author":{"gitId":"-"},"content":"1. Open the project into Intellij as follows:","lastModifiedDate":"2021-01-17T12:25:53","isFullCredit":false},{"lineNumber":11,"author":{"gitId":"-"},"content":"   1. Click `Open`.","lastModifiedDate":"2021-01-17T12:25:53","isFullCredit":false},{"lineNumber":12,"author":{"gitId":"-"},"content":"   1. Select the project directory, and click `OK`.","lastModifiedDate":"2021-01-17T12:25:53","isFullCredit":false},{"lineNumber":13,"author":{"gitId":"-"},"content":"   1. If there are any further prompts, accept the defaults.","lastModifiedDate":"2020-05-25T00:03:55","isFullCredit":false},{"lineNumber":14,"author":{"gitId":"-"},"content":"1. Configure the project to use **JDK 17** (not other versions) as explained in [here](https://www.jetbrains.com/help/idea/sdk.html#set-up-jdk).\u003cbr\u003e","lastModifiedDate":"2024-07-11T16:50:14","isFullCredit":false},{"lineNumber":15,"author":{"gitId":"-"},"content":"   In the same dialog, set the **Project language level** field to the `SDK default` option.","lastModifiedDate":"2021-07-29T20:29:39","isFullCredit":false},{"lineNumber":16,"author":{"gitId":"cameronlzy"},"content":"1. After that, locate the `src/main/java/Rex.java` file, right-click it, and choose `Run Duke.main()` (if the code editor is showing compile errors, try restarting the IDE). If the setup is correct, you should see something like the below as the output:","lastModifiedDate":"2025-08-20T15:30:07","isFullCredit":false},{"lineNumber":17,"author":{"gitId":"-"},"content":"   ```","lastModifiedDate":"2020-05-25T00:03:55","isFullCredit":false},{"lineNumber":18,"author":{"gitId":"-"},"content":"   ```","lastModifiedDate":"2020-05-25T00:03:55","isFullCredit":false},{"lineNumber":19,"author":{"gitId":"-"},"content":"","lastModifiedDate":"2025-01-04T21:44:28","isFullCredit":false},{"lineNumber":20,"author":{"gitId":"-"},"content":"**Warning:** Keep the `src\\main\\java` folder as the root folder for Java files (i.e., don\u0027t rename those folders or move Java files to another folder outside of this folder path), as this is the default location some tools (e.g., Gradle) expect to find Java files.","lastModifiedDate":"2025-01-04T21:44:28","isFullCredit":false}],"authorContributionMap":{"cameronlzy":3,"-":17}},{"path":"docs/README.md","fileType":"md","lines":[{"lineNumber":1,"author":{"gitId":"cameronlzy"},"content":"# Rex User Guide","lastModifiedDate":"2025-08-20T15:30:07","isFullCredit":false},{"lineNumber":2,"author":{"gitId":"-"},"content":"","lastModifiedDate":"2019-07-29T17:14:46","isFullCredit":false},{"lineNumber":3,"author":{"gitId":"-"},"content":"// Update the title above to match the actual product name","lastModifiedDate":"2024-01-07T18:33:52","isFullCredit":false},{"lineNumber":4,"author":{"gitId":"-"},"content":"","lastModifiedDate":"2019-07-29T17:14:46","isFullCredit":false},{"lineNumber":5,"author":{"gitId":"-"},"content":"// Product screenshot goes here","lastModifiedDate":"2024-01-07T18:33:52","isFullCredit":false},{"lineNumber":6,"author":{"gitId":"-"},"content":"","lastModifiedDate":"2021-07-17T16:49:07","isFullCredit":false},{"lineNumber":7,"author":{"gitId":"-"},"content":"// Product intro goes here","lastModifiedDate":"2024-01-07T18:33:52","isFullCredit":false},{"lineNumber":8,"author":{"gitId":"-"},"content":"","lastModifiedDate":"2021-07-17T16:49:07","isFullCredit":false},{"lineNumber":9,"author":{"gitId":"-"},"content":"## Adding deadlines","lastModifiedDate":"2024-01-07T18:33:52","isFullCredit":false},{"lineNumber":10,"author":{"gitId":"-"},"content":"","lastModifiedDate":"2021-07-17T16:49:07","isFullCredit":false},{"lineNumber":11,"author":{"gitId":"-"},"content":"// Describe the action and its outcome.","lastModifiedDate":"2024-01-07T18:33:52","isFullCredit":false},{"lineNumber":12,"author":{"gitId":"-"},"content":"","lastModifiedDate":"2019-07-29T17:14:46","isFullCredit":false},{"lineNumber":13,"author":{"gitId":"-"},"content":"// Give examples of usage","lastModifiedDate":"2024-01-07T18:33:52","isFullCredit":false},{"lineNumber":14,"author":{"gitId":"-"},"content":"","lastModifiedDate":"2019-07-29T17:14:46","isFullCredit":false},{"lineNumber":15,"author":{"gitId":"-"},"content":"Example: `keyword (optional arguments)`","lastModifiedDate":"2024-01-07T18:33:52","isFullCredit":false},{"lineNumber":16,"author":{"gitId":"-"},"content":"","lastModifiedDate":"2019-07-29T17:14:46","isFullCredit":false},{"lineNumber":17,"author":{"gitId":"-"},"content":"// A description of the expected outcome goes here","lastModifiedDate":"2024-01-07T18:33:52","isFullCredit":false},{"lineNumber":18,"author":{"gitId":"-"},"content":"","lastModifiedDate":"2019-07-29T17:14:46","isFullCredit":false},{"lineNumber":19,"author":{"gitId":"-"},"content":"```","lastModifiedDate":"2024-01-07T18:33:52","isFullCredit":false},{"lineNumber":20,"author":{"gitId":"-"},"content":"expected output","lastModifiedDate":"2024-01-07T18:33:52","isFullCredit":false},{"lineNumber":21,"author":{"gitId":"-"},"content":"```","lastModifiedDate":"2024-01-07T18:33:52","isFullCredit":false},{"lineNumber":22,"author":{"gitId":"-"},"content":"","lastModifiedDate":"2019-07-29T17:14:46","isFullCredit":false},{"lineNumber":23,"author":{"gitId":"-"},"content":"## Feature ABC","lastModifiedDate":"2024-01-07T18:33:52","isFullCredit":false},{"lineNumber":24,"author":{"gitId":"-"},"content":"","lastModifiedDate":"2019-07-29T17:14:46","isFullCredit":false},{"lineNumber":25,"author":{"gitId":"-"},"content":"// Feature details","lastModifiedDate":"2024-01-07T18:33:52","isFullCredit":false},{"lineNumber":26,"author":{"gitId":"-"},"content":"","lastModifiedDate":"2019-07-29T17:14:46","isFullCredit":false},{"lineNumber":27,"author":{"gitId":"-"},"content":"","lastModifiedDate":"2021-07-17T16:49:07","isFullCredit":false},{"lineNumber":28,"author":{"gitId":"-"},"content":"## Feature XYZ","lastModifiedDate":"2024-01-07T18:33:52","isFullCredit":false},{"lineNumber":29,"author":{"gitId":"-"},"content":"","lastModifiedDate":"2024-01-07T18:33:52","isFullCredit":false},{"lineNumber":30,"author":{"gitId":"-"},"content":"// Feature details","lastModifiedDate":"2024-01-07T18:33:52","isFullCredit":false}],"authorContributionMap":{"cameronlzy":1,"-":29}},{"path":"src/main/java/Deadline.java","fileType":"java","lines":[{"lineNumber":1,"author":{"gitId":"cameronlzy"},"content":"class Deadline extends Task {","lastModifiedDate":"2025-08-20T15:30:07","isFullCredit":false},{"lineNumber":2,"author":{"gitId":"cameronlzy"},"content":"    private final String by;","lastModifiedDate":"2025-08-20T15:30:07","isFullCredit":false},{"lineNumber":3,"author":{"gitId":"cameronlzy"},"content":"    public Deadline(String description, String by) {","lastModifiedDate":"2025-08-20T15:30:07","isFullCredit":false},{"lineNumber":4,"author":{"gitId":"cameronlzy"},"content":"        super(description, TaskType.DEADLINE);","lastModifiedDate":"2025-08-20T15:30:07","isFullCredit":false},{"lineNumber":5,"author":{"gitId":"cameronlzy"},"content":"        this.by \u003d by;","lastModifiedDate":"2025-08-20T15:30:07","isFullCredit":false},{"lineNumber":6,"author":{"gitId":"cameronlzy"},"content":"    }","lastModifiedDate":"2025-08-20T15:30:07","isFullCredit":false},{"lineNumber":7,"author":{"gitId":"cameronlzy"},"content":"    @Override","lastModifiedDate":"2025-08-20T15:30:07","isFullCredit":false},{"lineNumber":8,"author":{"gitId":"cameronlzy"},"content":"    public String toString() {","lastModifiedDate":"2025-08-20T15:30:07","isFullCredit":false},{"lineNumber":9,"author":{"gitId":"cameronlzy"},"content":"        return \"[\" + type.name().charAt(0) + \"]\" + status() + \" \" + description + \" (by: \" + by + \")\";","lastModifiedDate":"2025-08-20T15:30:07","isFullCredit":false},{"lineNumber":10,"author":{"gitId":"cameronlzy"},"content":"    }","lastModifiedDate":"2025-08-20T15:30:07","isFullCredit":false},{"lineNumber":11,"author":{"gitId":"cameronlzy"},"content":"}","lastModifiedDate":"2025-08-20T15:30:07","isFullCredit":false}],"authorContributionMap":{"cameronlzy":11}},{"path":"src/main/java/Event.java","fileType":"java","lines":[{"lineNumber":1,"author":{"gitId":"cameronlzy"},"content":"class Event extends Task {","lastModifiedDate":"2025-08-20T15:30:07","isFullCredit":false},{"lineNumber":2,"author":{"gitId":"cameronlzy"},"content":"    private final String from;","lastModifiedDate":"2025-08-20T15:30:07","isFullCredit":false},{"lineNumber":3,"author":{"gitId":"cameronlzy"},"content":"    private final String to;","lastModifiedDate":"2025-08-20T15:30:07","isFullCredit":false},{"lineNumber":4,"author":{"gitId":"cameronlzy"},"content":"    public Event(String description, String from, String to) {","lastModifiedDate":"2025-08-20T15:30:07","isFullCredit":false},{"lineNumber":5,"author":{"gitId":"cameronlzy"},"content":"        super(description, TaskType.EVENT);","lastModifiedDate":"2025-08-20T15:30:07","isFullCredit":false},{"lineNumber":6,"author":{"gitId":"cameronlzy"},"content":"        this.from \u003d from;","lastModifiedDate":"2025-08-20T15:30:07","isFullCredit":false},{"lineNumber":7,"author":{"gitId":"cameronlzy"},"content":"        this.to \u003d to;","lastModifiedDate":"2025-08-20T15:30:07","isFullCredit":false},{"lineNumber":8,"author":{"gitId":"cameronlzy"},"content":"    }","lastModifiedDate":"2025-08-20T15:30:07","isFullCredit":false},{"lineNumber":9,"author":{"gitId":"cameronlzy"},"content":"    @Override","lastModifiedDate":"2025-08-20T15:30:07","isFullCredit":false},{"lineNumber":10,"author":{"gitId":"cameronlzy"},"content":"    public String toString() {","lastModifiedDate":"2025-08-20T15:30:07","isFullCredit":false},{"lineNumber":11,"author":{"gitId":"cameronlzy"},"content":"        return \"[\" + type.name().charAt(0) + \"]\" + status() + \" \" + description + \" (from: \" + from + \" to: \" + to + \")\";","lastModifiedDate":"2025-08-20T15:30:07","isFullCredit":false},{"lineNumber":12,"author":{"gitId":"cameronlzy"},"content":"    }","lastModifiedDate":"2025-08-20T15:30:07","isFullCredit":false},{"lineNumber":13,"author":{"gitId":"cameronlzy"},"content":"}","lastModifiedDate":"2025-08-20T15:30:07","isFullCredit":false}],"authorContributionMap":{"cameronlzy":13}},{"path":"src/main/java/Rex.java","fileType":"java","lines":[{"lineNumber":1,"author":{"gitId":"cameronlzy"},"content":"import java.util.ArrayList;","lastModifiedDate":"2025-08-20T15:30:07","isFullCredit":false},{"lineNumber":2,"author":{"gitId":"cameronlzy"},"content":"import java.util.List;","lastModifiedDate":"2025-08-20T15:30:07","isFullCredit":false},{"lineNumber":3,"author":{"gitId":"cameronlzy"},"content":"import java.util.Scanner;","lastModifiedDate":"2025-08-20T15:30:07","isFullCredit":false},{"lineNumber":4,"author":{"gitId":"cameronlzy"},"content":"","lastModifiedDate":"2025-08-20T15:30:07","isFullCredit":false},{"lineNumber":5,"author":{"gitId":"cameronlzy"},"content":"public class Rex {","lastModifiedDate":"2025-08-20T15:30:07","isFullCredit":false},{"lineNumber":6,"author":{"gitId":"cameronlzy"},"content":"    private static void line() {","lastModifiedDate":"2025-08-20T15:30:07","isFullCredit":false},{"lineNumber":7,"author":{"gitId":"cameronlzy"},"content":"        System.out.println(\"____________________________________________________________\");","lastModifiedDate":"2025-08-20T15:30:07","isFullCredit":false},{"lineNumber":8,"author":{"gitId":"cameronlzy"},"content":"    }","lastModifiedDate":"2025-08-20T15:30:07","isFullCredit":false},{"lineNumber":9,"author":{"gitId":"cameronlzy"},"content":"","lastModifiedDate":"2025-08-20T15:30:07","isFullCredit":false},{"lineNumber":10,"author":{"gitId":"cameronlzy"},"content":"    private static void added(List\u003cTask\u003e tasks, Task t) {","lastModifiedDate":"2025-08-20T15:30:07","isFullCredit":false},{"lineNumber":11,"author":{"gitId":"cameronlzy"},"content":"        line();","lastModifiedDate":"2025-08-20T15:30:07","isFullCredit":false},{"lineNumber":12,"author":{"gitId":"cameronlzy"},"content":"        System.out.println(\"     Got it. I\u0027ve added this task:\");","lastModifiedDate":"2025-08-20T15:30:07","isFullCredit":false},{"lineNumber":13,"author":{"gitId":"cameronlzy"},"content":"        System.out.println(\"       \" + t);","lastModifiedDate":"2025-08-20T15:30:07","isFullCredit":false},{"lineNumber":14,"author":{"gitId":"cameronlzy"},"content":"        System.out.println(\"     Now you have \"","lastModifiedDate":"2025-08-20T15:30:07","isFullCredit":false},{"lineNumber":15,"author":{"gitId":"cameronlzy"},"content":"                + tasks.size()","lastModifiedDate":"2025-08-20T15:30:07","isFullCredit":false},{"lineNumber":16,"author":{"gitId":"cameronlzy"},"content":"                + (tasks.size() \u003e 1 ? \" tasks\" : \" task\")","lastModifiedDate":"2025-08-20T15:30:07","isFullCredit":false},{"lineNumber":17,"author":{"gitId":"cameronlzy"},"content":"                + \" in the list.\");","lastModifiedDate":"2025-08-20T15:30:07","isFullCredit":false},{"lineNumber":18,"author":{"gitId":"cameronlzy"},"content":"        line();","lastModifiedDate":"2025-08-20T15:30:07","isFullCredit":false},{"lineNumber":19,"author":{"gitId":"cameronlzy"},"content":"    }","lastModifiedDate":"2025-08-20T15:30:07","isFullCredit":false},{"lineNumber":20,"author":{"gitId":"cameronlzy"},"content":"","lastModifiedDate":"2025-08-20T15:30:07","isFullCredit":false},{"lineNumber":21,"author":{"gitId":"cameronlzy"},"content":"    private static void list(List\u003cTask\u003e tasks) {","lastModifiedDate":"2025-08-20T15:30:07","isFullCredit":false},{"lineNumber":22,"author":{"gitId":"cameronlzy"},"content":"        line();","lastModifiedDate":"2025-08-20T15:30:07","isFullCredit":false},{"lineNumber":23,"author":{"gitId":"cameronlzy"},"content":"        System.out.println(\"     Here are the tasks in your list:\");","lastModifiedDate":"2025-08-20T15:30:07","isFullCredit":false},{"lineNumber":24,"author":{"gitId":"cameronlzy"},"content":"        for (int i \u003d 0; i \u003c tasks.size(); i++) {","lastModifiedDate":"2025-08-20T15:30:07","isFullCredit":false},{"lineNumber":25,"author":{"gitId":"cameronlzy"},"content":"            System.out.println(\"     \" + (i + 1) + \".\" + tasks.get(i));","lastModifiedDate":"2025-08-20T15:30:07","isFullCredit":false},{"lineNumber":26,"author":{"gitId":"cameronlzy"},"content":"        }","lastModifiedDate":"2025-08-20T15:30:07","isFullCredit":false},{"lineNumber":27,"author":{"gitId":"cameronlzy"},"content":"        line();","lastModifiedDate":"2025-08-20T15:30:07","isFullCredit":false},{"lineNumber":28,"author":{"gitId":"cameronlzy"},"content":"    }","lastModifiedDate":"2025-08-20T15:30:07","isFullCredit":false},{"lineNumber":29,"author":{"gitId":"cameronlzy"},"content":"","lastModifiedDate":"2025-08-20T15:30:07","isFullCredit":false},{"lineNumber":30,"author":{"gitId":"cameronlzy"},"content":"    private static void okMarked(Task t, boolean done) {","lastModifiedDate":"2025-08-20T15:30:07","isFullCredit":false},{"lineNumber":31,"author":{"gitId":"cameronlzy"},"content":"        line();","lastModifiedDate":"2025-08-20T15:30:07","isFullCredit":false},{"lineNumber":32,"author":{"gitId":"cameronlzy"},"content":"        if (done) {","lastModifiedDate":"2025-08-20T15:30:07","isFullCredit":false},{"lineNumber":33,"author":{"gitId":"cameronlzy"},"content":"            System.out.println(\"     Nice! I\u0027ve marked this task as done:\");","lastModifiedDate":"2025-08-20T15:30:07","isFullCredit":false},{"lineNumber":34,"author":{"gitId":"cameronlzy"},"content":"        } else {","lastModifiedDate":"2025-08-20T15:30:07","isFullCredit":false},{"lineNumber":35,"author":{"gitId":"cameronlzy"},"content":"            System.out.println(\"     OK, I\u0027ve marked this task as not done yet:\");","lastModifiedDate":"2025-08-20T15:30:07","isFullCredit":false},{"lineNumber":36,"author":{"gitId":"cameronlzy"},"content":"        }","lastModifiedDate":"2025-08-20T15:30:07","isFullCredit":false},{"lineNumber":37,"author":{"gitId":"cameronlzy"},"content":"        System.out.println(\"       \" + t);","lastModifiedDate":"2025-08-20T15:30:07","isFullCredit":false},{"lineNumber":38,"author":{"gitId":"cameronlzy"},"content":"        line();","lastModifiedDate":"2025-08-20T15:30:07","isFullCredit":false},{"lineNumber":39,"author":{"gitId":"cameronlzy"},"content":"    }","lastModifiedDate":"2025-08-20T15:30:07","isFullCredit":false},{"lineNumber":40,"author":{"gitId":"cameronlzy"},"content":"","lastModifiedDate":"2025-08-20T15:30:07","isFullCredit":false},{"lineNumber":41,"author":{"gitId":"cameronlzy"},"content":"    private static void okDeleted(List\u003cTask\u003e tasks, Task t) {","lastModifiedDate":"2025-08-20T15:30:07","isFullCredit":false},{"lineNumber":42,"author":{"gitId":"cameronlzy"},"content":"        line();","lastModifiedDate":"2025-08-20T15:30:07","isFullCredit":false},{"lineNumber":43,"author":{"gitId":"cameronlzy"},"content":"        System.out.println(\"     Noted. I\u0027ve removed this task:\");","lastModifiedDate":"2025-08-20T15:30:07","isFullCredit":false},{"lineNumber":44,"author":{"gitId":"cameronlzy"},"content":"        System.out.println(\"       \" + t);","lastModifiedDate":"2025-08-20T15:30:07","isFullCredit":false},{"lineNumber":45,"author":{"gitId":"cameronlzy"},"content":"        System.out.println(\"     Now you have \"","lastModifiedDate":"2025-08-20T15:30:07","isFullCredit":false},{"lineNumber":46,"author":{"gitId":"cameronlzy"},"content":"                + tasks.size()","lastModifiedDate":"2025-08-20T15:30:07","isFullCredit":false},{"lineNumber":47,"author":{"gitId":"cameronlzy"},"content":"                + (tasks.size() \u003e 1 ? \" tasks\" : \" task\")","lastModifiedDate":"2025-08-20T15:30:07","isFullCredit":false},{"lineNumber":48,"author":{"gitId":"cameronlzy"},"content":"                + \" in the list.\");","lastModifiedDate":"2025-08-20T15:30:07","isFullCredit":false},{"lineNumber":49,"author":{"gitId":"cameronlzy"},"content":"        line();","lastModifiedDate":"2025-08-20T15:30:07","isFullCredit":false},{"lineNumber":50,"author":{"gitId":"cameronlzy"},"content":"    }","lastModifiedDate":"2025-08-20T15:30:07","isFullCredit":false},{"lineNumber":51,"author":{"gitId":"cameronlzy"},"content":"","lastModifiedDate":"2025-08-20T15:30:07","isFullCredit":false},{"lineNumber":52,"author":{"gitId":"cameronlzy"},"content":"    public static void main(String[] args) {","lastModifiedDate":"2025-08-20T15:30:07","isFullCredit":false},{"lineNumber":53,"author":{"gitId":"cameronlzy"},"content":"        Scanner sc \u003d new Scanner(System.in);","lastModifiedDate":"2025-08-20T15:30:07","isFullCredit":false},{"lineNumber":54,"author":{"gitId":"cameronlzy"},"content":"        List\u003cTask\u003e tasks \u003d new ArrayList\u003c\u003e();","lastModifiedDate":"2025-08-20T15:30:07","isFullCredit":false},{"lineNumber":55,"author":{"gitId":"cameronlzy"},"content":"","lastModifiedDate":"2025-08-20T15:30:07","isFullCredit":false},{"lineNumber":56,"author":{"gitId":"cameronlzy"},"content":"        line();","lastModifiedDate":"2025-08-20T15:30:07","isFullCredit":false},{"lineNumber":57,"author":{"gitId":"cameronlzy"},"content":"        System.out.println(\"     Hello! I\u0027m Rex\");","lastModifiedDate":"2025-08-20T15:30:07","isFullCredit":false},{"lineNumber":58,"author":{"gitId":"cameronlzy"},"content":"        System.out.println(\"     What can I do for you?\");","lastModifiedDate":"2025-08-20T15:30:07","isFullCredit":false},{"lineNumber":59,"author":{"gitId":"cameronlzy"},"content":"        line();","lastModifiedDate":"2025-08-20T15:30:07","isFullCredit":false},{"lineNumber":60,"author":{"gitId":"cameronlzy"},"content":"","lastModifiedDate":"2025-08-20T15:30:07","isFullCredit":false},{"lineNumber":61,"author":{"gitId":"cameronlzy"},"content":"        while (true) {","lastModifiedDate":"2025-08-20T15:30:07","isFullCredit":false},{"lineNumber":62,"author":{"gitId":"cameronlzy"},"content":"            String input \u003d sc.nextLine().trim();","lastModifiedDate":"2025-08-20T15:30:07","isFullCredit":false},{"lineNumber":63,"author":{"gitId":"cameronlzy"},"content":"","lastModifiedDate":"2025-08-20T15:30:07","isFullCredit":false},{"lineNumber":64,"author":{"gitId":"cameronlzy"},"content":"            if (input.equalsIgnoreCase(\"bye\")) {","lastModifiedDate":"2025-08-20T15:30:07","isFullCredit":false},{"lineNumber":65,"author":{"gitId":"cameronlzy"},"content":"                line();","lastModifiedDate":"2025-08-20T15:30:07","isFullCredit":false},{"lineNumber":66,"author":{"gitId":"cameronlzy"},"content":"                System.out.println(\"     Bye. Hope to see you again soon!\");","lastModifiedDate":"2025-08-20T15:30:07","isFullCredit":false},{"lineNumber":67,"author":{"gitId":"cameronlzy"},"content":"                line();","lastModifiedDate":"2025-08-20T15:30:07","isFullCredit":false},{"lineNumber":68,"author":{"gitId":"cameronlzy"},"content":"                break;","lastModifiedDate":"2025-08-20T15:30:07","isFullCredit":false},{"lineNumber":69,"author":{"gitId":"cameronlzy"},"content":"            } else if (input.equalsIgnoreCase(\"list\")) {","lastModifiedDate":"2025-08-20T15:30:07","isFullCredit":false},{"lineNumber":70,"author":{"gitId":"cameronlzy"},"content":"                list(tasks);","lastModifiedDate":"2025-08-20T15:30:07","isFullCredit":false},{"lineNumber":71,"author":{"gitId":"cameronlzy"},"content":"            } else if (input.startsWith(\"delete \")) {","lastModifiedDate":"2025-08-20T15:30:07","isFullCredit":false},{"lineNumber":72,"author":{"gitId":"cameronlzy"},"content":"                try {","lastModifiedDate":"2025-08-20T15:30:07","isFullCredit":false},{"lineNumber":73,"author":{"gitId":"cameronlzy"},"content":"                    int idx \u003d Integer.parseInt(input.substring(6).trim()) - 1;","lastModifiedDate":"2025-08-20T15:30:07","isFullCredit":false},{"lineNumber":74,"author":{"gitId":"cameronlzy"},"content":"                    Task t \u003d tasks.get(idx);","lastModifiedDate":"2025-08-20T15:30:07","isFullCredit":false},{"lineNumber":75,"author":{"gitId":"cameronlzy"},"content":"                    tasks.remove(idx);","lastModifiedDate":"2025-08-20T15:30:07","isFullCredit":false},{"lineNumber":76,"author":{"gitId":"cameronlzy"},"content":"                    okDeleted(tasks, t);","lastModifiedDate":"2025-08-20T15:30:07","isFullCredit":false},{"lineNumber":77,"author":{"gitId":"cameronlzy"},"content":"                } catch (Exception e) {","lastModifiedDate":"2025-08-20T15:30:07","isFullCredit":false},{"lineNumber":78,"author":{"gitId":"cameronlzy"},"content":"                    System.out.println(\"Invalid task number for delete.\");","lastModifiedDate":"2025-08-20T15:30:07","isFullCredit":false},{"lineNumber":79,"author":{"gitId":"cameronlzy"},"content":"                }","lastModifiedDate":"2025-08-20T15:30:07","isFullCredit":false},{"lineNumber":80,"author":{"gitId":"cameronlzy"},"content":"            } else if (input.startsWith(\"mark \")) {","lastModifiedDate":"2025-08-20T15:30:07","isFullCredit":false},{"lineNumber":81,"author":{"gitId":"cameronlzy"},"content":"                try {","lastModifiedDate":"2025-08-20T15:30:07","isFullCredit":false},{"lineNumber":82,"author":{"gitId":"cameronlzy"},"content":"                    int idx \u003d Integer.parseInt(input.substring(5).trim()) - 1;","lastModifiedDate":"2025-08-20T15:30:07","isFullCredit":false},{"lineNumber":83,"author":{"gitId":"cameronlzy"},"content":"                    Task t \u003d tasks.get(idx);","lastModifiedDate":"2025-08-20T15:30:07","isFullCredit":false},{"lineNumber":84,"author":{"gitId":"cameronlzy"},"content":"                    t.markDone();","lastModifiedDate":"2025-08-20T15:30:07","isFullCredit":false},{"lineNumber":85,"author":{"gitId":"cameronlzy"},"content":"                    okMarked(t, true);","lastModifiedDate":"2025-08-20T15:30:07","isFullCredit":false},{"lineNumber":86,"author":{"gitId":"cameronlzy"},"content":"                } catch (Exception e) {","lastModifiedDate":"2025-08-20T15:30:07","isFullCredit":false},{"lineNumber":87,"author":{"gitId":"cameronlzy"},"content":"                    System.out.println(\"Invalid task number for mark.\");","lastModifiedDate":"2025-08-20T15:30:07","isFullCredit":false},{"lineNumber":88,"author":{"gitId":"cameronlzy"},"content":"                }","lastModifiedDate":"2025-08-20T15:30:07","isFullCredit":false},{"lineNumber":89,"author":{"gitId":"cameronlzy"},"content":"            } else if (input.startsWith(\"unmark \")) {","lastModifiedDate":"2025-08-20T15:30:07","isFullCredit":false},{"lineNumber":90,"author":{"gitId":"cameronlzy"},"content":"                try {","lastModifiedDate":"2025-08-20T15:30:07","isFullCredit":false},{"lineNumber":91,"author":{"gitId":"cameronlzy"},"content":"                    int idx \u003d Integer.parseInt(input.substring(7).trim()) - 1;","lastModifiedDate":"2025-08-20T15:30:07","isFullCredit":false},{"lineNumber":92,"author":{"gitId":"cameronlzy"},"content":"                    Task t \u003d tasks.get(idx);","lastModifiedDate":"2025-08-20T15:30:07","isFullCredit":false},{"lineNumber":93,"author":{"gitId":"cameronlzy"},"content":"                    t.markUndone();","lastModifiedDate":"2025-08-20T15:30:07","isFullCredit":false},{"lineNumber":94,"author":{"gitId":"cameronlzy"},"content":"                    okMarked(t, false);","lastModifiedDate":"2025-08-20T15:30:07","isFullCredit":false},{"lineNumber":95,"author":{"gitId":"cameronlzy"},"content":"                } catch (Exception e) {","lastModifiedDate":"2025-08-20T15:30:07","isFullCredit":false},{"lineNumber":96,"author":{"gitId":"cameronlzy"},"content":"                    System.out.println(\"Invalid task number for unmark.\");","lastModifiedDate":"2025-08-20T15:30:07","isFullCredit":false},{"lineNumber":97,"author":{"gitId":"cameronlzy"},"content":"                }","lastModifiedDate":"2025-08-20T15:30:07","isFullCredit":false},{"lineNumber":98,"author":{"gitId":"cameronlzy"},"content":"            } else if (input.startsWith(\"todo \")) {","lastModifiedDate":"2025-08-20T15:30:07","isFullCredit":false},{"lineNumber":99,"author":{"gitId":"cameronlzy"},"content":"                String desc \u003d input.substring(5).trim();","lastModifiedDate":"2025-08-20T15:30:07","isFullCredit":false},{"lineNumber":100,"author":{"gitId":"cameronlzy"},"content":"                Task t \u003d new Todo(desc);","lastModifiedDate":"2025-08-20T15:30:07","isFullCredit":false},{"lineNumber":101,"author":{"gitId":"cameronlzy"},"content":"                tasks.add(t);","lastModifiedDate":"2025-08-20T15:30:07","isFullCredit":false},{"lineNumber":102,"author":{"gitId":"cameronlzy"},"content":"                added(tasks, t);","lastModifiedDate":"2025-08-20T15:30:07","isFullCredit":false},{"lineNumber":103,"author":{"gitId":"cameronlzy"},"content":"            } else if (input.startsWith(\"deadline \")) {","lastModifiedDate":"2025-08-20T15:30:07","isFullCredit":false},{"lineNumber":104,"author":{"gitId":"cameronlzy"},"content":"                String body \u003d input.substring(9).trim();","lastModifiedDate":"2025-08-20T15:30:07","isFullCredit":false},{"lineNumber":105,"author":{"gitId":"cameronlzy"},"content":"                int sep \u003d body.indexOf(\" /by \");","lastModifiedDate":"2025-08-20T15:30:07","isFullCredit":false},{"lineNumber":106,"author":{"gitId":"cameronlzy"},"content":"                if (sep \u003c 0) {","lastModifiedDate":"2025-08-20T15:30:07","isFullCredit":false},{"lineNumber":107,"author":{"gitId":"cameronlzy"},"content":"                    System.out.println(\"Usage: deadline \u003cdescription\u003e /by \u003ctime\u003e\");","lastModifiedDate":"2025-08-20T15:30:07","isFullCredit":false},{"lineNumber":108,"author":{"gitId":"cameronlzy"},"content":"                    continue;","lastModifiedDate":"2025-08-20T15:30:07","isFullCredit":false},{"lineNumber":109,"author":{"gitId":"cameronlzy"},"content":"                }","lastModifiedDate":"2025-08-20T15:30:07","isFullCredit":false},{"lineNumber":110,"author":{"gitId":"cameronlzy"},"content":"                String desc \u003d body.substring(0, sep).trim();","lastModifiedDate":"2025-08-20T15:30:07","isFullCredit":false},{"lineNumber":111,"author":{"gitId":"cameronlzy"},"content":"                String by \u003d body.substring(sep + 5).trim();","lastModifiedDate":"2025-08-20T15:30:07","isFullCredit":false},{"lineNumber":112,"author":{"gitId":"cameronlzy"},"content":"                Task t \u003d new Deadline(desc, by);","lastModifiedDate":"2025-08-20T15:30:07","isFullCredit":false},{"lineNumber":113,"author":{"gitId":"cameronlzy"},"content":"                tasks.add(t);","lastModifiedDate":"2025-08-20T15:30:07","isFullCredit":false},{"lineNumber":114,"author":{"gitId":"cameronlzy"},"content":"                added(tasks, t);","lastModifiedDate":"2025-08-20T15:30:07","isFullCredit":false},{"lineNumber":115,"author":{"gitId":"cameronlzy"},"content":"            } else if (input.startsWith(\"event \")) {","lastModifiedDate":"2025-08-20T15:30:07","isFullCredit":false},{"lineNumber":116,"author":{"gitId":"cameronlzy"},"content":"                String body \u003d input.substring(6).trim();","lastModifiedDate":"2025-08-20T15:30:07","isFullCredit":false},{"lineNumber":117,"author":{"gitId":"cameronlzy"},"content":"                int fromIdx \u003d body.indexOf(\" /from \");","lastModifiedDate":"2025-08-20T15:30:07","isFullCredit":false},{"lineNumber":118,"author":{"gitId":"cameronlzy"},"content":"                int toIdx \u003d body.indexOf(\" /to \");","lastModifiedDate":"2025-08-20T15:30:07","isFullCredit":false},{"lineNumber":119,"author":{"gitId":"cameronlzy"},"content":"                if (fromIdx \u003c 0 || toIdx \u003c 0 || toIdx \u003c\u003d fromIdx) {","lastModifiedDate":"2025-08-20T15:30:07","isFullCredit":false},{"lineNumber":120,"author":{"gitId":"cameronlzy"},"content":"                    System.out.println(\"Usage: event \u003cdescription\u003e /from \u003cstart\u003e /to \u003cend\u003e\");","lastModifiedDate":"2025-08-20T15:30:07","isFullCredit":false},{"lineNumber":121,"author":{"gitId":"cameronlzy"},"content":"                    continue;","lastModifiedDate":"2025-08-20T15:30:07","isFullCredit":false},{"lineNumber":122,"author":{"gitId":"cameronlzy"},"content":"                }","lastModifiedDate":"2025-08-20T15:30:07","isFullCredit":false},{"lineNumber":123,"author":{"gitId":"cameronlzy"},"content":"                String desc \u003d body.substring(0, fromIdx).trim();","lastModifiedDate":"2025-08-20T15:30:07","isFullCredit":false},{"lineNumber":124,"author":{"gitId":"cameronlzy"},"content":"                String from \u003d body.substring(fromIdx + 7, toIdx).trim();","lastModifiedDate":"2025-08-20T15:30:07","isFullCredit":false},{"lineNumber":125,"author":{"gitId":"cameronlzy"},"content":"                String to \u003d body.substring(toIdx + 5).trim();","lastModifiedDate":"2025-08-20T15:30:07","isFullCredit":false},{"lineNumber":126,"author":{"gitId":"cameronlzy"},"content":"                Task t \u003d new Event(desc, from, to);","lastModifiedDate":"2025-08-20T15:30:07","isFullCredit":false},{"lineNumber":127,"author":{"gitId":"cameronlzy"},"content":"                tasks.add(t);","lastModifiedDate":"2025-08-20T15:30:07","isFullCredit":false},{"lineNumber":128,"author":{"gitId":"cameronlzy"},"content":"                added(tasks, t);","lastModifiedDate":"2025-08-20T15:30:07","isFullCredit":false},{"lineNumber":129,"author":{"gitId":"cameronlzy"},"content":"            } else {","lastModifiedDate":"2025-08-20T15:30:07","isFullCredit":false},{"lineNumber":130,"author":{"gitId":"cameronlzy"},"content":"                System.out.println(\"Unknown command.\");","lastModifiedDate":"2025-08-20T15:30:07","isFullCredit":false},{"lineNumber":131,"author":{"gitId":"cameronlzy"},"content":"            }","lastModifiedDate":"2025-08-20T15:30:07","isFullCredit":false},{"lineNumber":132,"author":{"gitId":"cameronlzy"},"content":"        }","lastModifiedDate":"2025-08-20T15:30:07","isFullCredit":false},{"lineNumber":133,"author":{"gitId":"cameronlzy"},"content":"","lastModifiedDate":"2025-08-20T15:30:07","isFullCredit":false},{"lineNumber":134,"author":{"gitId":"cameronlzy"},"content":"        sc.close();","lastModifiedDate":"2025-08-20T15:30:07","isFullCredit":false},{"lineNumber":135,"author":{"gitId":"cameronlzy"},"content":"    }","lastModifiedDate":"2025-08-20T15:30:07","isFullCredit":false},{"lineNumber":136,"author":{"gitId":"cameronlzy"},"content":"}","lastModifiedDate":"2025-08-20T15:30:07","isFullCredit":false}],"authorContributionMap":{"cameronlzy":136}},{"path":"src/main/java/Task.java","fileType":"java","lines":[{"lineNumber":1,"author":{"gitId":"cameronlzy"},"content":"enum TaskType {","lastModifiedDate":"2025-08-20T15:30:07","isFullCredit":false},{"lineNumber":2,"author":{"gitId":"cameronlzy"},"content":"    TODO, DEADLINE, EVENT","lastModifiedDate":"2025-08-20T15:30:07","isFullCredit":false},{"lineNumber":3,"author":{"gitId":"cameronlzy"},"content":"}","lastModifiedDate":"2025-08-20T15:30:07","isFullCredit":false},{"lineNumber":4,"author":{"gitId":"cameronlzy"},"content":"","lastModifiedDate":"2025-08-20T15:30:07","isFullCredit":false},{"lineNumber":5,"author":{"gitId":"cameronlzy"},"content":"abstract class Task {","lastModifiedDate":"2025-08-20T15:30:07","isFullCredit":false},{"lineNumber":6,"author":{"gitId":"cameronlzy"},"content":"    protected String description;","lastModifiedDate":"2025-08-20T15:30:07","isFullCredit":false},{"lineNumber":7,"author":{"gitId":"cameronlzy"},"content":"    protected boolean isDone;","lastModifiedDate":"2025-08-20T15:30:07","isFullCredit":false},{"lineNumber":8,"author":{"gitId":"cameronlzy"},"content":"    protected TaskType type;","lastModifiedDate":"2025-08-20T15:30:07","isFullCredit":false},{"lineNumber":9,"author":{"gitId":"cameronlzy"},"content":"","lastModifiedDate":"2025-08-20T15:30:07","isFullCredit":false},{"lineNumber":10,"author":{"gitId":"cameronlzy"},"content":"    public Task(String description, TaskType type) {","lastModifiedDate":"2025-08-20T15:30:07","isFullCredit":false},{"lineNumber":11,"author":{"gitId":"cameronlzy"},"content":"        this.description \u003d description;","lastModifiedDate":"2025-08-20T15:30:07","isFullCredit":false},{"lineNumber":12,"author":{"gitId":"cameronlzy"},"content":"        this.type \u003d type;","lastModifiedDate":"2025-08-20T15:30:07","isFullCredit":false},{"lineNumber":13,"author":{"gitId":"cameronlzy"},"content":"        this.isDone \u003d false;","lastModifiedDate":"2025-08-20T15:30:07","isFullCredit":false},{"lineNumber":14,"author":{"gitId":"cameronlzy"},"content":"    }","lastModifiedDate":"2025-08-20T15:30:07","isFullCredit":false},{"lineNumber":15,"author":{"gitId":"cameronlzy"},"content":"","lastModifiedDate":"2025-08-20T15:30:07","isFullCredit":false},{"lineNumber":16,"author":{"gitId":"cameronlzy"},"content":"    public void markDone() { this.isDone \u003d true; }","lastModifiedDate":"2025-08-20T15:30:07","isFullCredit":false},{"lineNumber":17,"author":{"gitId":"cameronlzy"},"content":"    public void markUndone() { this.isDone \u003d false; }","lastModifiedDate":"2025-08-20T15:30:07","isFullCredit":false},{"lineNumber":18,"author":{"gitId":"cameronlzy"},"content":"","lastModifiedDate":"2025-08-20T15:30:07","isFullCredit":false},{"lineNumber":19,"author":{"gitId":"cameronlzy"},"content":"    protected String status() { return isDone ? \"[X]\" : \"[ ]\"; }","lastModifiedDate":"2025-08-20T15:30:07","isFullCredit":false},{"lineNumber":20,"author":{"gitId":"cameronlzy"},"content":"","lastModifiedDate":"2025-08-20T15:30:07","isFullCredit":false},{"lineNumber":21,"author":{"gitId":"cameronlzy"},"content":"    @Override","lastModifiedDate":"2025-08-20T15:30:07","isFullCredit":false},{"lineNumber":22,"author":{"gitId":"cameronlzy"},"content":"    public String toString() {","lastModifiedDate":"2025-08-20T15:30:07","isFullCredit":false},{"lineNumber":23,"author":{"gitId":"cameronlzy"},"content":"        return \"[\" + type.name().charAt(0) + \"]\" + status() + \" \" + description;","lastModifiedDate":"2025-08-20T15:30:07","isFullCredit":false},{"lineNumber":24,"author":{"gitId":"cameronlzy"},"content":"    }","lastModifiedDate":"2025-08-20T15:30:07","isFullCredit":false},{"lineNumber":25,"author":{"gitId":"cameronlzy"},"content":"}","lastModifiedDate":"2025-08-20T15:30:07","isFullCredit":false}],"authorContributionMap":{"cameronlzy":25}},{"path":"src/main/java/Todo.java","fileType":"java","lines":[{"lineNumber":1,"author":{"gitId":"cameronlzy"},"content":"class Todo extends Task {","lastModifiedDate":"2025-08-20T15:30:07","isFullCredit":false},{"lineNumber":2,"author":{"gitId":"cameronlzy"},"content":"    public Todo(String description) {","lastModifiedDate":"2025-08-20T15:30:07","isFullCredit":false},{"lineNumber":3,"author":{"gitId":"cameronlzy"},"content":"        super(description, TaskType.TODO);","lastModifiedDate":"2025-08-20T15:30:07","isFullCredit":false},{"lineNumber":4,"author":{"gitId":"cameronlzy"},"content":"    }","lastModifiedDate":"2025-08-20T15:30:07","isFullCredit":false},{"lineNumber":5,"author":{"gitId":"cameronlzy"},"content":"}","lastModifiedDate":"2025-08-20T15:30:07","isFullCredit":false}],"authorContributionMap":{"cameronlzy":5}},{"path":"text-ui-test/input.txt","fileType":"txt","lines":[{"lineNumber":1,"author":{"gitId":"cameronlzy"},"content":"todo read book","lastModifiedDate":"2025-08-20T15:30:07","isFullCredit":false},{"lineNumber":2,"author":{"gitId":"cameronlzy"},"content":"deadline return book /by Sunday","lastModifiedDate":"2025-08-20T15:30:07","isFullCredit":false},{"lineNumber":3,"author":{"gitId":"cameronlzy"},"content":"event project meeting /from Mon 2pm /to 4pm","lastModifiedDate":"2025-08-20T15:30:07","isFullCredit":false},{"lineNumber":4,"author":{"gitId":"cameronlzy"},"content":"list","lastModifiedDate":"2025-08-20T15:30:07","isFullCredit":false},{"lineNumber":5,"author":{"gitId":"cameronlzy"},"content":"mark 2","lastModifiedDate":"2025-08-20T15:30:07","isFullCredit":false},{"lineNumber":6,"author":{"gitId":"cameronlzy"},"content":"unmark 2","lastModifiedDate":"2025-08-20T15:30:07","isFullCredit":false},{"lineNumber":7,"author":{"gitId":"cameronlzy"},"content":"bye","lastModifiedDate":"2025-08-20T15:30:07","isFullCredit":false}],"authorContributionMap":{"cameronlzy":7}},{"path":"text-ui-test/runtest.bat","fileType":"bat","lines":[{"lineNumber":1,"author":{"gitId":"-"},"content":"@ECHO OFF","lastModifiedDate":"2020-05-25T00:03:55","isFullCredit":false},{"lineNumber":2,"author":{"gitId":"-"},"content":"","lastModifiedDate":"2020-05-25T00:03:55","isFullCredit":false},{"lineNumber":3,"author":{"gitId":"-"},"content":"REM create bin directory if it doesn\u0027t exist","lastModifiedDate":"2020-05-25T00:03:55","isFullCredit":false},{"lineNumber":4,"author":{"gitId":"-"},"content":"if not exist ..\\bin mkdir ..\\bin","lastModifiedDate":"2020-05-25T00:03:55","isFullCredit":false},{"lineNumber":5,"author":{"gitId":"-"},"content":"","lastModifiedDate":"2020-05-25T00:03:55","isFullCredit":false},{"lineNumber":6,"author":{"gitId":"-"},"content":"REM delete output from previous run","lastModifiedDate":"2020-05-25T00:03:55","isFullCredit":false},{"lineNumber":7,"author":{"gitId":"-"},"content":"if exist ACTUAL.TXT del ACTUAL.TXT","lastModifiedDate":"2020-08-25T17:23:26","isFullCredit":false},{"lineNumber":8,"author":{"gitId":"-"},"content":"","lastModifiedDate":"2020-05-25T00:03:55","isFullCredit":false},{"lineNumber":9,"author":{"gitId":"-"},"content":"REM compile the code into the bin folder","lastModifiedDate":"2020-05-25T00:03:55","isFullCredit":false},{"lineNumber":10,"author":{"gitId":"-"},"content":"javac  -cp ..\\src\\main\\java -Xlint:none -d ..\\bin ..\\src\\main\\java\\*.java","lastModifiedDate":"2020-08-25T17:23:26","isFullCredit":false},{"lineNumber":11,"author":{"gitId":"-"},"content":"IF ERRORLEVEL 1 (","lastModifiedDate":"2020-05-25T00:03:55","isFullCredit":false},{"lineNumber":12,"author":{"gitId":"-"},"content":"    echo ********** BUILD FAILURE **********","lastModifiedDate":"2020-05-25T00:03:55","isFullCredit":false},{"lineNumber":13,"author":{"gitId":"-"},"content":"    exit /b 1","lastModifiedDate":"2020-05-25T00:03:55","isFullCredit":false},{"lineNumber":14,"author":{"gitId":"-"},"content":")","lastModifiedDate":"2020-05-25T00:03:55","isFullCredit":false},{"lineNumber":15,"author":{"gitId":"-"},"content":"REM no error here, errorlevel \u003d\u003d 0","lastModifiedDate":"2020-05-25T00:03:55","isFullCredit":false},{"lineNumber":16,"author":{"gitId":"-"},"content":"","lastModifiedDate":"2020-05-25T00:03:55","isFullCredit":false},{"lineNumber":17,"author":{"gitId":"-"},"content":"REM run the program, feed commands from input.txt file and redirect the output to the ACTUAL.TXT","lastModifiedDate":"2020-05-25T00:03:55","isFullCredit":false},{"lineNumber":18,"author":{"gitId":"cameronlzy"},"content":"java -classpath ..\\bin Rex \u003c input.txt \u003e ACTUAL.TXT","lastModifiedDate":"2025-08-20T15:30:07","isFullCredit":false},{"lineNumber":19,"author":{"gitId":"-"},"content":"","lastModifiedDate":"2020-05-25T00:03:55","isFullCredit":false},{"lineNumber":20,"author":{"gitId":"-"},"content":"REM compare the output to the expected output","lastModifiedDate":"2020-05-25T00:03:55","isFullCredit":false},{"lineNumber":21,"author":{"gitId":"-"},"content":"FC ACTUAL.TXT EXPECTED.TXT","lastModifiedDate":"2020-05-25T00:03:55","isFullCredit":false}],"authorContributionMap":{"cameronlzy":1,"-":20}},{"path":"text-ui-test/runtest.sh","fileType":"sh","lines":[{"lineNumber":1,"author":{"gitId":"-"},"content":"#!/usr/bin/env bash","lastModifiedDate":"2020-05-25T00:03:55","isFullCredit":false},{"lineNumber":2,"author":{"gitId":"cameronlzy"},"content":"set -e","lastModifiedDate":"2025-08-20T15:30:07","isFullCredit":false},{"lineNumber":3,"author":{"gitId":"-"},"content":"","lastModifiedDate":"2020-05-25T00:03:55","isFullCredit":false},{"lineNumber":4,"author":{"gitId":"cameronlzy"},"content":"mkdir -p ../bin","lastModifiedDate":"2025-08-20T15:30:07","isFullCredit":false},{"lineNumber":5,"author":{"gitId":"cameronlzy"},"content":"rm -f ACTUAL.TXT ACTUAL-UNIX.TXT EXPECTED-UNIX.TXT","lastModifiedDate":"2025-08-20T15:30:07","isFullCredit":false},{"lineNumber":6,"author":{"gitId":"-"},"content":"","lastModifiedDate":"2020-05-25T00:03:55","isFullCredit":false},{"lineNumber":7,"author":{"gitId":"cameronlzy"},"content":"if ! find ../src/main/java -name \"*.java\" -print0 | xargs -0 javac -cp ../src/main/java -Xlint:none -d ../bin; then","lastModifiedDate":"2025-08-20T15:30:07","isFullCredit":false},{"lineNumber":8,"author":{"gitId":"-"},"content":"  echo \"********** BUILD FAILURE **********\"","lastModifiedDate":"2020-05-25T00:03:55","isFullCredit":false},{"lineNumber":9,"author":{"gitId":"-"},"content":"  exit 1","lastModifiedDate":"2020-05-25T00:03:55","isFullCredit":false},{"lineNumber":10,"author":{"gitId":"-"},"content":"fi","lastModifiedDate":"2020-05-25T00:03:55","isFullCredit":false},{"lineNumber":11,"author":{"gitId":"-"},"content":"","lastModifiedDate":"2020-05-25T00:03:55","isFullCredit":false},{"lineNumber":12,"author":{"gitId":"cameronlzy"},"content":"java -classpath ../bin Rex \u003c input.txt \u003e ACTUAL.TXT","lastModifiedDate":"2025-08-20T15:30:07","isFullCredit":false},{"lineNumber":13,"author":{"gitId":"-"},"content":"","lastModifiedDate":"2020-05-25T00:03:55","isFullCredit":false},{"lineNumber":14,"author":{"gitId":"cameronlzy"},"content":"awk \u0027{sub(/\\r$/,\"\"); print}\u0027 EXPECTED.TXT \u003e EXPECTED-UNIX.TXT","lastModifiedDate":"2025-08-20T15:30:07","isFullCredit":false},{"lineNumber":15,"author":{"gitId":"cameronlzy"},"content":"awk \u0027{sub(/\\r$/,\"\"); print}\u0027 ACTUAL.TXT \u003e ACTUAL-UNIX.TXT","lastModifiedDate":"2025-08-20T15:30:07","isFullCredit":false},{"lineNumber":16,"author":{"gitId":"-"},"content":"","lastModifiedDate":"2020-05-25T00:03:55","isFullCredit":false},{"lineNumber":17,"author":{"gitId":"cameronlzy"},"content":"if diff -u ACTUAL-UNIX.TXT EXPECTED-UNIX.TXT; then","lastModifiedDate":"2025-08-20T15:30:07","isFullCredit":false},{"lineNumber":18,"author":{"gitId":"-"},"content":"  echo \"Test result: PASSED\"","lastModifiedDate":"2020-05-25T00:03:55","isFullCredit":false},{"lineNumber":19,"author":{"gitId":"-"},"content":"  exit 0","lastModifiedDate":"2020-05-25T00:03:55","isFullCredit":false},{"lineNumber":20,"author":{"gitId":"-"},"content":"else","lastModifiedDate":"2020-05-25T00:03:55","isFullCredit":false},{"lineNumber":21,"author":{"gitId":"-"},"content":"  echo \"Test result: FAILED\"","lastModifiedDate":"2020-05-25T00:03:55","isFullCredit":false},{"lineNumber":22,"author":{"gitId":"-"},"content":"  exit 1","lastModifiedDate":"2020-05-25T00:03:55","isFullCredit":false},{"lineNumber":23,"author":{"gitId":"-"},"content":"fi","lastModifiedDate":"2020-05-25T00:03:55","isFullCredit":false}],"authorContributionMap":{"cameronlzy":8,"-":15}}]
