{"authorDailyContributionsMap":{"jaxwong":[{"date":"2025-08-19T00:00:00","commitResults":[{"hash":"369363438c2fae97c727a4055ae22af815e35cab","isMergeCommit":false,"messageTitle":"feat: Level 0","messageBody":"","tags":["Level-0"],"fileTypesAndContributionMap":{"java":{"insertions":16,"deletions":10}}},{"hash":"e5b09c8842e75bf1beb271f7742332c847a20385","isMergeCommit":false,"messageTitle":"feat: Level-1","messageBody":"","tags":["Level-1"],"fileTypesAndContributionMap":{"java":{"insertions":26,"deletions":2}}},{"hash":"8097d4476c7764a7af25824739b49c9ddd729cfe","isMergeCommit":false,"messageTitle":"feat: Level-2","messageBody":"","tags":["Level-2"],"fileTypesAndContributionMap":{"java":{"insertions":21,"deletions":5}}},{"hash":"ce4ae4f13efc4ad93fc2d2e0986a906af795aa3a","isMergeCommit":false,"messageTitle":"feat: Level-3","messageBody":"","tags":["Level-3"],"fileTypesAndContributionMap":{"java":{"insertions":89,"deletions":23}}},{"hash":"d3b69446843f6da857cb3e345d1604c130ed7994","isMergeCommit":false,"messageTitle":"feat: Level 4","messageBody":"","tags":["Level-4"],"fileTypesAndContributionMap":{"java":{"insertions":137,"deletions":19}}},{"hash":"e30ae70200223c6c1990f8be49f5b1054d54051a","isMergeCommit":false,"messageTitle":"feat: A-TextUiTesting","messageBody":"","tags":["A-TextUiTesting"],"fileTypesAndContributionMap":{"txt":{"insertions":7,"deletions":0},"bat":{"insertions":1,"deletions":1}}}]},{"date":"2025-08-20T00:00:00","commitResults":[{"hash":"77edc8c2e11b8721eb92764699c577718679a7ca","isMergeCommit":false,"messageTitle":"feat: Level-5 handle erros in commands","messageBody":"","tags":["Level-5"],"fileTypesAndContributionMap":{"java":{"insertions":51,"deletions":29}}},{"hash":"642591e6b66ffc5ba8dcfa8c14f39a9438a50681","isMergeCommit":false,"messageTitle":"Level-6: delete","messageBody":"","tags":["Level-6"],"fileTypesAndContributionMap":{"java":{"insertions":24,"deletions":3}}}]},{"date":"2025-08-23T00:00:00","commitResults":[{"hash":"0c5153e718f60019b84d6dacb89b01b4aea31cc7","isMergeCommit":false,"messageTitle":"bugfix: fix empty todo allowed","messageBody":"","fileTypesAndContributionMap":{"java":{"insertions":11,"deletions":6}}},{"hash":"a57c6f6f31679a2b78c17a5a831eb1ba93cc2976","isMergeCommit":false,"messageTitle":"chore: overload constructors to include isDone","messageBody":"","fileTypesAndContributionMap":{"java":{"insertions":38,"deletions":0}}},{"hash":"e46efeccbac6482fa4fbef9e13fdfe00e6d19f90","isMergeCommit":false,"messageTitle":"feat: implement save and modified app entry point for Level-7","messageBody":"","tags":["Level-7"],"fileTypesAndContributionMap":{"txt":{"insertions":4,"deletions":0},"java":{"insertions":136,"deletions":2}}}]},{"date":"2025-08-24T00:00:00","commitResults":[{"hash":"9abe5314a9edb122036d6ede02b1b14a0e1ff0a4","isMergeCommit":false,"messageTitle":"chore: update gitignore to remove data storage file","messageBody":"","fileTypesAndContributionMap":{"txt":{"insertions":0,"deletions":4},"java":{"insertions":4,"deletions":0}}},{"hash":"c2501de1ab26d95723b5952bfae64f6354b0056a","isMergeCommit":false,"messageTitle":"feat: add date parser class to parse dates and times in suitable formats","messageBody":"","fileTypesAndContributionMap":{"java":{"insertions":87,"deletions":1}}},{"hash":"87de2eec2f37cff7c2cb7e3c23c9f8bdbe580e5f","isMergeCommit":false,"messageTitle":"feat: add find-date command to find deadlines/events by date","messageBody":"","fileTypesAndContributionMap":{"java":{"insertions":2,"deletions":0}}},{"hash":"a51f6df95e35c10b20a5d953ee72bee8ee1f9269","isMergeCommit":false,"messageTitle":"feat: updated classes to include LocalDate formatting and error handling","messageBody":"","tags":["Level-8"],"fileTypesAndContributionMap":{"java":{"insertions":178,"deletions":43}}}]},{"date":"2025-08-25T00:00:00","commitResults":[{"hash":"6dacbf9b26e4e5aaefe759a306a9627a7f322a93","isMergeCommit":false,"messageTitle":"feat: add Command class to abstract manual parsing logic","messageBody":"","fileTypesAndContributionMap":{"java":{"insertions":36,"deletions":0}}},{"hash":"124e6f8a7ff04fe8bcb323dece3e00b0471450a3","isMergeCommit":false,"messageTitle":"feat: add Parser class to abstract command parsing and date parsing logic to get various tasks","messageBody":"","fileTypesAndContributionMap":{"java":{"insertions":103,"deletions":1}}},{"hash":"b88384a886e6c9c517d2eaa7be193062949568c4","isMergeCommit":false,"messageTitle":"feat: add Ui class to abstract Ui","messageBody":"","fileTypesAndContributionMap":{"java":{"insertions":171,"deletions":1}}},{"hash":"396bd57f31214250bacf9c07d3ef190cfa2a4217","isMergeCommit":false,"messageTitle":"feat: refactor TaskList to remove Ui details and better error handling","messageBody":"","fileTypesAndContributionMap":{"java":{"insertions":31,"deletions":82}}},{"hash":"ac87a951aa77092ce754d4e059b3e611e5601a31","isMergeCommit":false,"messageTitle":"feat: make Storage throw GBExceptions instead of handling","messageBody":"","fileTypesAndContributionMap":{"java":{"insertions":4,"deletions":4}}},{"hash":"41006d7cc10bc6602579feb989147b1c4428b856","isMergeCommit":false,"messageTitle":"feat: use OOP classes together in main file","messageBody":"","tags":["A-MoreOOP"],"fileTypesAndContributionMap":{"java":{"insertions":267,"deletions":123}}}]},{"date":"2025-08-26T00:00:00","commitResults":[{"hash":"46a52f717c2a87e0f9884eb142e1c0fb436e1cc4","isMergeCommit":false,"messageTitle":"Refactor code to adhere to java coding standard","messageBody":"","fileTypesAndContributionMap":{"java":{"insertions":141,"deletions":255}}},{"hash":"6c53fc784a88ab85cc2c677d6062957eb98a11b0","isMergeCommit":true,"messageTitle":"Merge branch-Level-7 into master","messageBody":"","fileTypesAndContributionMap":{}},{"hash":"ce1c37637578aa18357e7d7b0754e1fe529d2ce0","isMergeCommit":true,"messageTitle":"Merge branch-Level-8 into master","messageBody":"","fileTypesAndContributionMap":{}},{"hash":"be25c4517158817bf12d53abd80f268960eb4778","isMergeCommit":false,"messageTitle":"Refactored file structure to use packages","messageBody":"","tags":["A-Packages"],"fileTypesAndContributionMap":{"java":{"insertions":73,"deletions":1}}},{"hash":"e269ab269790890f77d749b5f910219174732e1a","isMergeCommit":true,"messageTitle":"Merge branch-A-MoreOOP to master","messageBody":"","fileTypesAndContributionMap":{}},{"hash":"98794e94f2b8c8691cb127a3bca176b8e28b2f74","isMergeCommit":true,"messageTitle":"Merge branch-A-Packages into master","messageBody":"","fileTypesAndContributionMap":{}}]},{"date":"2025-08-27T00:00:00","commitResults":[{"hash":"a2821ba0458b493e70ba09b50d252d3a633f3d75","isMergeCommit":true,"messageTitle":"Merge branch \u0027branch-A-gradle\u0027","messageBody":"","fileTypesAndContributionMap":{}}]},{"date":"2025-08-28T00:00:00","commitResults":[{"hash":"4bd43e73ad2f1aca0aaa0d07570c294fa5f1d884","isMergeCommit":false,"messageTitle":"Gradle integration","messageBody":"","tags":["A-Gradle"],"fileTypesAndContributionMap":{"gradle":{"insertions":1,"deletions":1},"java":{"insertions":17,"deletions":0}}},{"hash":"681edc98d10d55f1655a1dc3cfca9cae4700d7e5","isMergeCommit":false,"messageTitle":"Add tests for tasks and tasklist","messageBody":"","tags":["A-JUnit"],"fileTypesAndContributionMap":{"java":{"insertions":292,"deletions":4}}},{"hash":"9ccba27176762e91b6576c283667163ffded155e","isMergeCommit":false,"messageTitle":"modified build.gradle to make jar file","messageBody":"","tags":["A-Jar"],"fileTypesAndContributionMap":{"gradle":{"insertions":2,"deletions":1}}},{"hash":"4969e71332d0d7829e111e488b231064be552fe6","isMergeCommit":false,"messageTitle":"Add javadoc comments","messageBody":"","tags":["A-JavaDoc"],"fileTypesAndContributionMap":{"java":{"insertions":384,"deletions":10}}},{"hash":"e853711f14d2b84c7c63fcd7bfebaf90c78a0b01","isMergeCommit":false,"messageTitle":"branch-A-JavaDoc","messageBody":"","fileTypesAndContributionMap":{"java":{"insertions":6,"deletions":0}}},{"hash":"66b6e0bd8db660ac63cec76020b7560c31d020aa","isMergeCommit":true,"messageTitle":"Merge branch \u0027branch-A-JavaDoc\u0027","messageBody":"","fileTypesAndContributionMap":{}},{"hash":"d019b9922673f749ccb267afe974297419fc5931","isMergeCommit":false,"messageTitle":"add branch-A-JavaDoc","messageBody":"","fileTypesAndContributionMap":{"java":{"insertions":4,"deletions":0}}},{"hash":"5bf5d0a06827c27c24f26a6574c6d2aa6a762abe","isMergeCommit":true,"messageTitle":"Merge branch branch-A-JavaDoc into master","messageBody":"","fileTypesAndContributionMap":{}},{"hash":"2572cbd62c9191209bbf25c74a4cca764888956f","isMergeCommit":false,"messageTitle":"Add branch-A-CodingStandard","messageBody":"","tags":["A-CodingStandard"],"fileTypesAndContributionMap":{"java":{"insertions":6,"deletions":0}}},{"hash":"1a0d9911b719b10ea441d3e091027cca516636e2","isMergeCommit":true,"messageTitle":"Merge branch-A-CodingStandard into master","messageBody":"","fileTypesAndContributionMap":{}},{"hash":"98b1760d8d1d90a5b69d54d574af601a446f016e","isMergeCommit":false,"messageTitle":"Add find command","messageBody":"","fileTypesAndContributionMap":{"java":{"insertions":2,"deletions":0}}},{"hash":"b49bb46faecc70e642352dfa5cb3e6c5db962434","isMergeCommit":false,"messageTitle":"Add method to display tasks found","messageBody":"","fileTypesAndContributionMap":{"java":{"insertions":22,"deletions":0}}},{"hash":"b199c0a37fca0251261b7bd3cbe9977bb01b1f55","isMergeCommit":false,"messageTitle":"Add method to find tasks by keyword","messageBody":"","fileTypesAndContributionMap":{"java":{"insertions":25,"deletions":0}}},{"hash":"e1358b23e3732dc45850ca68f873cf431bae6c31","isMergeCommit":false,"messageTitle":"Add branch-Level-9","messageBody":"","tags":["Level-9"],"fileTypesAndContributionMap":{"java":{"insertions":5,"deletions":1}}},{"hash":"0c34bc84de6c3386370b6e63060882e61048c71c","isMergeCommit":true,"messageTitle":"Merge branch-Level-9 into master","messageBody":"","fileTypesAndContributionMap":{}}]}]},"authorFileTypeContributionMap":{"jaxwong":{"java":1794,"md":0,"fxml":0,"sh":0,"bat":1,"gradle":3,"txt":7}},"authorContributionVariance":{"jaxwong":64098.344},"authorDisplayNameMap":{"jaxwong":"CS2103T-T10-2 WONG.. WEI"}}
