{"authorDailyContributionsMap":{"niyniy123":[{"date":"2025-08-17T00:00:00","commitResults":[{"hash":"0f2508e51669a10a20a3b671a9f647f1d0614895","isMergeCommit":false,"messageTitle":"Renamed main class","messageBody":"","fileTypesAndContributionMap":{"java":{"insertions":1,"deletions":1}}},{"hash":"06d3414246785d2c2ba7a74eecdbbdd118eb35a2","isMergeCommit":false,"messageTitle":"Add greeting","messageBody":"","tags":["Level-0"],"fileTypesAndContributionMap":{"java":{"insertions":3,"deletions":6}}},{"hash":"8d20941021cca77aaca902e4df23a7ab2350fa09","isMergeCommit":false,"messageTitle":"Add support for echo and exit command","messageBody":"","tags":["Level-1"],"fileTypesAndContributionMap":{"java":{"insertions":16,"deletions":1}}},{"hash":"abf96490fe89f271c016b09e2649f1a67851f99b","isMergeCommit":false,"messageTitle":"Add support for storing of user input","messageBody":"","fileTypesAndContributionMap":{"java":{"insertions":2,"deletions":1}}},{"hash":"feeb9d418d2b559802d101caf6ee06f456bedde9","isMergeCommit":false,"messageTitle":"Add support for listing of user inputs","messageBody":"","fileTypesAndContributionMap":{"java":{"insertions":9,"deletions":0}}},{"hash":"dbccb5240f3d3cc4c390bd45736febcdd388e157","isMergeCommit":false,"messageTitle":"Add Task class","messageBody":"","fileTypesAndContributionMap":{"java":{"insertions":17,"deletions":0}}},{"hash":"3c6fd2cbbd0d46426ddb59fc1a4a565e5f4c8c5e","isMergeCommit":false,"messageTitle":"Task class: add getTaskName","messageBody":"","fileTypesAndContributionMap":{"java":{"insertions":4,"deletions":0}}},{"hash":"f70fe57a400b3181092e7809daae7dadc32dffc9","isMergeCommit":false,"messageTitle":"JibJab.java: store Task objects in ArrayList","messageBody":"","fileTypesAndContributionMap":{"java":{"insertions":4,"deletions":4}}},{"hash":"60e90a6d0bbc49384c20506366ea14769a1858c2","isMergeCommit":false,"messageTitle":"Add feature to get task status","messageBody":"","fileTypesAndContributionMap":{"java":{"insertions":7,"deletions":3}}},{"hash":"e6a6854e23cf77146de2417740600077e8a9042f","isMergeCommit":false,"messageTitle":"Add support to mark task as done/not done","messageBody":"","tags":["Level-3"],"fileTypesAndContributionMap":{"java":{"insertions":19,"deletions":8}}}]},{"date":"2025-08-18T00:00:00","commitResults":[{"hash":"59edc1ab1ffb12570e51acd5a4b5b126a796f05e","isMergeCommit":false,"messageTitle":"Update README.md","messageBody":"","fileTypesAndContributionMap":{"md":{"insertions":5,"deletions":9}}},{"hash":"d8de8c4256329f57b26fa09ee815e7aa8fe471d8","isMergeCommit":false,"messageTitle":"Task class: rename taskName to description","messageBody":"","fileTypesAndContributionMap":{"java":{"insertions":5,"deletions":4}}},{"hash":"79bf0632f7ab97c459bae088445b5e0fb4828ebd","isMergeCommit":false,"messageTitle":"Add new Task subclasses","messageBody":"","fileTypesAndContributionMap":{"java":{"insertions":39,"deletions":0}}},{"hash":"abf68077249aad73c8c9d6f2175fa340d3cace40","isMergeCommit":false,"messageTitle":"Add support for tracking ToDo, Deadline, Event and refactor JibJab.java","messageBody":"","tags":["Level-4"],"fileTypesAndContributionMap":{"java":{"insertions":49,"deletions":17}}}]},{"date":"2025-08-19T00:00:00","commitResults":[{"hash":"99b715a1d3e4477f456c7fe1cc448262aec8eaed","isMergeCommit":false,"messageTitle":"JibJab.java: Fix line reading bug","messageBody":"","fileTypesAndContributionMap":{"java":{"insertions":1,"deletions":1}}},{"hash":"2989b7977ed08aeedc4fcbb2206367c6e2302a87","isMergeCommit":false,"messageTitle":"JibJab.java: Remove tabs and spaces from print","messageBody":"","fileTypesAndContributionMap":{"java":{"insertions":3,"deletions":3}}},{"hash":"e4a5ca9fc4b13b42b4641c44113b1721c06b133b","isMergeCommit":false,"messageTitle":"Add text ui testing","messageBody":"","tags":["A-TextUiTesting"],"fileTypesAndContributionMap":{"txt":{"insertions":11,"deletions":0},"sh":{"insertions":1,"deletions":1}}},{"hash":"aaebc6293ba595ff8898f6e846957f453ff7418b","isMergeCommit":false,"messageTitle":"Add JibJabException class to support JibJab specific exemptions","messageBody":"","fileTypesAndContributionMap":{"java":{"insertions":5,"deletions":0}}},{"hash":"a4f7ab6aeb6181e92b044414ee131569bcfc62ee","isMergeCommit":false,"messageTitle":"JibJab.java: Add error handling","messageBody":"","tags":["Level-5"],"fileTypesAndContributionMap":{"java":{"insertions":30,"deletions":20}}},{"hash":"a7a86ab747b6744ddcf8735c8c4346bcac47c2b0","isMergeCommit":false,"messageTitle":"Add support for deleting of tasks","messageBody":"","tags":["Level-6"],"fileTypesAndContributionMap":{"java":{"insertions":11,"deletions":0}}}]},{"date":"2025-08-24T00:00:00","commitResults":[{"hash":"5ef5de2903bbd7c3152dd17c6d1dcdac7b28f187","isMergeCommit":false,"messageTitle":"Add support for saving and loading tasks to/from local file","messageBody":"","fileTypesAndContributionMap":{"txt":{"insertions":0,"deletions":0},"java":{"insertions":70,"deletions":0}}},{"hash":"f15b73a69f214418e63b2ddbba4f2def26509994","isMergeCommit":true,"messageTitle":"Merge branch \u0027branch-Level-7\u0027","messageBody":"","tags":["Level-7"],"fileTypesAndContributionMap":{}}]},{"date":"2025-08-25T00:00:00","commitResults":[{"hash":"ecf0acb28a1abcc542c2df5281c2804cefdafc51","isMergeCommit":false,"messageTitle":"Add support for datetime parsing","messageBody":"","fileTypesAndContributionMap":{"txt":{"insertions":2,"deletions":0},"java":{"insertions":25,"deletions":12}}},{"hash":"676e611d7b015ac93e7fb3f01370d07c29101fe3","isMergeCommit":true,"messageTitle":"Merge branch \u0027branch-Level-8\u0027","messageBody":"","tags":["Level-8"],"fileTypesAndContributionMap":{}},{"hash":"08a7d8c230aa2772edbf6f4246180257deb1c99a","isMergeCommit":false,"messageTitle":"Add TaskList class to handle task list operations","messageBody":"","fileTypesAndContributionMap":{"java":{"insertions":113,"deletions":109}}},{"hash":"83352a54d98040a92a440c7755dd23f2f1c39538","isMergeCommit":false,"messageTitle":"Add Storage class to handle saving/loading of tasks","messageBody":"","fileTypesAndContributionMap":{"txt":{"insertions":2,"deletions":0},"java":{"insertions":86,"deletions":68}}},{"hash":"3e47ebb8d6b9495004c825a656c4c0768761ad96","isMergeCommit":false,"messageTitle":"Modify loadTasks() in Storage.java to return ArrayList instead","messageBody":"","fileTypesAndContributionMap":{"java":{"insertions":11,"deletions":6}}}]},{"date":"2025-08-26T00:00:00","commitResults":[{"hash":"9012d26d05f44dc724f079bd0cef757d32d660d9","isMergeCommit":false,"messageTitle":"Add Parser class to handle parsing of commands","messageBody":"","fileTypesAndContributionMap":{"java":{"insertions":27,"deletions":0}}},{"hash":"dcde5f7447c97b3179aefc2a308538f8a0af268c","isMergeCommit":false,"messageTitle":"Add Ui class to handle user interactions","messageBody":"","fileTypesAndContributionMap":{"java":{"insertions":36,"deletions":0}}},{"hash":"fbb1efe0aa7957e753ecf598331b8ca26d7bf248","isMergeCommit":false,"messageTitle":"Modify Storage.java to throw exceptions if load fails","messageBody":"","fileTypesAndContributionMap":{"java":{"insertions":3,"deletions":3}}},{"hash":"fc7d9ed30ed10bb172a74ce8306102307f0aa098","isMergeCommit":false,"messageTitle":"Change main class to use UI, Storage, Parser, TaskList classes","messageBody":"","tags":["A-MoreOOP"],"fileTypesAndContributionMap":{"txt":{"insertions":1,"deletions":2},"java":{"insertions":57,"deletions":54}}},{"hash":"3fd657ed410c617a1f9a65e87ce7926f75539a69","isMergeCommit":false,"messageTitle":"Move classes to jibjab package","messageBody":"","tags":["A-Packages"],"fileTypesAndContributionMap":{"java":{"insertions":21,"deletions":4},"md":{"insertions":2,"deletions":2}}},{"hash":"b0ad2f2b24a0cd1ee0ff48bb4919beaf554d08e7","isMergeCommit":true,"messageTitle":"Merge branch \u0027add-gradle-support\u0027","messageBody":"","fileTypesAndContributionMap":{}},{"hash":"b70089eaa6d4c5c57d53d570ffa3ce6dd431c94a","isMergeCommit":false,"messageTitle":"Set correct class name","messageBody":"","fileTypesAndContributionMap":{"gradle":{"insertions":2,"deletions":2}}},{"hash":"d00757a1d01aafcd12c9e145cdd49a5c64237370","isMergeCommit":false,"messageTitle":"Ui.java: Fix welcome message","messageBody":"","tags":["A-Gradle"],"fileTypesAndContributionMap":{"java":{"insertions":1,"deletions":1}}},{"hash":"e6e896819ffe9ddd23af669129472e04b3cf8b82","isMergeCommit":false,"messageTitle":"Add JUnit tests for TaskList class","messageBody":"","fileTypesAndContributionMap":{"java":{"insertions":30,"deletions":0}}}]}]},"authorFileTypeContributionMap":{"niyniy123":{"java":387,"md":5,"fxml":0,"sh":1,"bat":0,"gradle":2,"txt":14}},"authorContributionVariance":{"niyniy123":12071.196},"authorDisplayNameMap":{"niyniy123":"TAN .. YIN"}}
