[{"path":"src/main/java/Deadline.java","fileType":"java","lines":[{"lineNumber":1,"author":{"gitId":"zjaoyuki"},"content":"public class Deadline extends Task {","lastModifiedDate":"2025-08-20T11:46:17","isFullCredit":false},{"lineNumber":2,"author":{"gitId":"zjaoyuki"},"content":"    String deadlineDate;","lastModifiedDate":"2025-08-20T11:46:17","isFullCredit":false},{"lineNumber":3,"author":{"gitId":"zjaoyuki"},"content":"","lastModifiedDate":"2025-08-20T11:46:17","isFullCredit":false},{"lineNumber":4,"author":{"gitId":"zjaoyuki"},"content":"    public Deadline(String description, String deadlineDate) {","lastModifiedDate":"2025-08-20T11:46:17","isFullCredit":false},{"lineNumber":5,"author":{"gitId":"zjaoyuki"},"content":"        super(description);","lastModifiedDate":"2025-08-20T11:46:17","isFullCredit":false},{"lineNumber":6,"author":{"gitId":"zjaoyuki"},"content":"        this.deadlineDate \u003d deadlineDate;","lastModifiedDate":"2025-08-20T11:46:17","isFullCredit":false},{"lineNumber":7,"author":{"gitId":"zjaoyuki"},"content":"    }","lastModifiedDate":"2025-08-20T11:46:17","isFullCredit":false},{"lineNumber":8,"author":{"gitId":"zjaoyuki"},"content":"","lastModifiedDate":"2025-08-20T11:46:17","isFullCredit":false},{"lineNumber":9,"author":{"gitId":"zjaoyuki"},"content":"    @Override","lastModifiedDate":"2025-08-20T11:46:17","isFullCredit":false},{"lineNumber":10,"author":{"gitId":"zjaoyuki"},"content":"    public String toString() {","lastModifiedDate":"2025-08-20T11:46:17","isFullCredit":false},{"lineNumber":11,"author":{"gitId":"zjaoyuki"},"content":"        return \"[D]\" + super.toString() + \"(by: \" + deadlineDate + \")\";","lastModifiedDate":"2025-08-20T11:46:17","isFullCredit":false},{"lineNumber":12,"author":{"gitId":"zjaoyuki"},"content":"    }","lastModifiedDate":"2025-08-20T11:46:17","isFullCredit":false},{"lineNumber":13,"author":{"gitId":"zjaoyuki"},"content":"","lastModifiedDate":"2025-08-20T11:46:17","isFullCredit":false},{"lineNumber":14,"author":{"gitId":"zjaoyuki"},"content":"}","lastModifiedDate":"2025-08-20T11:46:17","isFullCredit":false}],"authorContributionMap":{"zjaoyuki":14}},{"path":"src/main/java/Event.java","fileType":"java","lines":[{"lineNumber":1,"author":{"gitId":"zjaoyuki"},"content":"public class Event extends Task {","lastModifiedDate":"2025-08-20T11:46:17","isFullCredit":false},{"lineNumber":2,"author":{"gitId":"zjaoyuki"},"content":"","lastModifiedDate":"2025-08-20T11:46:17","isFullCredit":false},{"lineNumber":3,"author":{"gitId":"zjaoyuki"},"content":"    String startDate;","lastModifiedDate":"2025-08-20T11:46:17","isFullCredit":false},{"lineNumber":4,"author":{"gitId":"zjaoyuki"},"content":"    String endDate;","lastModifiedDate":"2025-08-20T11:46:17","isFullCredit":false},{"lineNumber":5,"author":{"gitId":"zjaoyuki"},"content":"","lastModifiedDate":"2025-08-20T11:46:17","isFullCredit":false},{"lineNumber":6,"author":{"gitId":"zjaoyuki"},"content":"    public Event(String description, String startDate, String endDate) {","lastModifiedDate":"2025-08-20T11:46:17","isFullCredit":false},{"lineNumber":7,"author":{"gitId":"zjaoyuki"},"content":"        super(description);","lastModifiedDate":"2025-08-20T11:46:17","isFullCredit":false},{"lineNumber":8,"author":{"gitId":"zjaoyuki"},"content":"        this.startDate \u003d startDate;","lastModifiedDate":"2025-08-20T11:46:17","isFullCredit":false},{"lineNumber":9,"author":{"gitId":"zjaoyuki"},"content":"        this.endDate \u003d endDate;","lastModifiedDate":"2025-08-20T11:46:17","isFullCredit":false},{"lineNumber":10,"author":{"gitId":"zjaoyuki"},"content":"    }","lastModifiedDate":"2025-08-20T11:46:17","isFullCredit":false},{"lineNumber":11,"author":{"gitId":"zjaoyuki"},"content":"","lastModifiedDate":"2025-08-20T11:46:17","isFullCredit":false},{"lineNumber":12,"author":{"gitId":"zjaoyuki"},"content":"    @Override","lastModifiedDate":"2025-08-20T11:46:17","isFullCredit":false},{"lineNumber":13,"author":{"gitId":"zjaoyuki"},"content":"    public String toString() {","lastModifiedDate":"2025-08-20T11:46:17","isFullCredit":false},{"lineNumber":14,"author":{"gitId":"zjaoyuki"},"content":"        return \"[E]\" + super.toString() + \"(from: \" + startDate + \"to: \" + endDate + \")\";","lastModifiedDate":"2025-08-20T11:46:17","isFullCredit":false},{"lineNumber":15,"author":{"gitId":"zjaoyuki"},"content":"    }","lastModifiedDate":"2025-08-20T11:46:17","isFullCredit":false},{"lineNumber":16,"author":{"gitId":"zjaoyuki"},"content":"}","lastModifiedDate":"2025-08-20T11:46:17","isFullCredit":false}],"authorContributionMap":{"zjaoyuki":16}},{"path":"src/main/java/Rafayel.java","fileType":"java","lines":[{"lineNumber":1,"author":{"gitId":"zjaoyuki"},"content":"import java.util.ArrayList;","lastModifiedDate":"2025-08-21T16:25:23","isFullCredit":false},{"lineNumber":2,"author":{"gitId":"zjaoyuki"},"content":"import java.util.Scanner;","lastModifiedDate":"2025-08-19T17:35:42","isFullCredit":false},{"lineNumber":3,"author":{"gitId":"zjaoyuki"},"content":"","lastModifiedDate":"2025-08-19T17:35:42","isFullCredit":false},{"lineNumber":4,"author":{"gitId":"zjaoyuki"},"content":"public class Rafayel {","lastModifiedDate":"2025-08-19T17:25:22","isFullCredit":false},{"lineNumber":5,"author":{"gitId":"zjaoyuki"},"content":"","lastModifiedDate":"2025-08-20T11:46:17","isFullCredit":false},{"lineNumber":6,"author":{"gitId":"zjaoyuki"},"content":"    public enum Command {","lastModifiedDate":"2025-08-21T17:14:36","isFullCredit":false},{"lineNumber":7,"author":{"gitId":"zjaoyuki"},"content":"        BYE, LIST, MARK, UNMARK, TODO, DEADLINE, EVENT, DELETE, UNKNOWN;","lastModifiedDate":"2025-08-21T17:14:36","isFullCredit":false},{"lineNumber":8,"author":{"gitId":"zjaoyuki"},"content":"","lastModifiedDate":"2025-08-21T17:14:36","isFullCredit":false},{"lineNumber":9,"author":{"gitId":"zjaoyuki"},"content":"        public static Command parseCommand(String input) {","lastModifiedDate":"2025-08-21T17:14:36","isFullCredit":false},{"lineNumber":10,"author":{"gitId":"zjaoyuki"},"content":"            if (input.equals(\"bye\"))","lastModifiedDate":"2025-08-21T17:14:36","isFullCredit":false},{"lineNumber":11,"author":{"gitId":"zjaoyuki"},"content":"                return BYE;","lastModifiedDate":"2025-08-21T17:14:36","isFullCredit":false},{"lineNumber":12,"author":{"gitId":"zjaoyuki"},"content":"            if (input.equals(\"list\"))","lastModifiedDate":"2025-08-21T17:14:36","isFullCredit":false},{"lineNumber":13,"author":{"gitId":"zjaoyuki"},"content":"                return LIST;","lastModifiedDate":"2025-08-21T17:14:36","isFullCredit":false},{"lineNumber":14,"author":{"gitId":"zjaoyuki"},"content":"            if (input.startsWith(\"mark\"))","lastModifiedDate":"2025-08-21T17:14:36","isFullCredit":false},{"lineNumber":15,"author":{"gitId":"zjaoyuki"},"content":"                return MARK;","lastModifiedDate":"2025-08-21T17:14:36","isFullCredit":false},{"lineNumber":16,"author":{"gitId":"zjaoyuki"},"content":"            if (input.startsWith(\"unmark\"))","lastModifiedDate":"2025-08-21T17:14:36","isFullCredit":false},{"lineNumber":17,"author":{"gitId":"zjaoyuki"},"content":"                return UNMARK;","lastModifiedDate":"2025-08-21T17:14:36","isFullCredit":false},{"lineNumber":18,"author":{"gitId":"zjaoyuki"},"content":"            if (input.startsWith(\"todo\"))","lastModifiedDate":"2025-08-21T17:14:36","isFullCredit":false},{"lineNumber":19,"author":{"gitId":"zjaoyuki"},"content":"                return TODO;","lastModifiedDate":"2025-08-21T17:14:36","isFullCredit":false},{"lineNumber":20,"author":{"gitId":"zjaoyuki"},"content":"            if (input.startsWith(\"deadline\"))","lastModifiedDate":"2025-08-21T17:14:36","isFullCredit":false},{"lineNumber":21,"author":{"gitId":"zjaoyuki"},"content":"                return DEADLINE;","lastModifiedDate":"2025-08-21T17:14:36","isFullCredit":false},{"lineNumber":22,"author":{"gitId":"zjaoyuki"},"content":"            if (input.startsWith(\"event\"))","lastModifiedDate":"2025-08-21T17:14:36","isFullCredit":false},{"lineNumber":23,"author":{"gitId":"zjaoyuki"},"content":"                return EVENT;","lastModifiedDate":"2025-08-21T17:14:36","isFullCredit":false},{"lineNumber":24,"author":{"gitId":"zjaoyuki"},"content":"            if (input.startsWith(\"delete\"))","lastModifiedDate":"2025-08-21T17:14:36","isFullCredit":false},{"lineNumber":25,"author":{"gitId":"zjaoyuki"},"content":"                return DELETE;","lastModifiedDate":"2025-08-21T17:14:36","isFullCredit":false},{"lineNumber":26,"author":{"gitId":"zjaoyuki"},"content":"            return UNKNOWN;","lastModifiedDate":"2025-08-21T17:14:36","isFullCredit":false},{"lineNumber":27,"author":{"gitId":"zjaoyuki"},"content":"        }","lastModifiedDate":"2025-08-21T17:14:36","isFullCredit":false},{"lineNumber":28,"author":{"gitId":"zjaoyuki"},"content":"    }","lastModifiedDate":"2025-08-21T17:14:36","isFullCredit":false},{"lineNumber":29,"author":{"gitId":"zjaoyuki"},"content":"","lastModifiedDate":"2025-08-21T17:14:36","isFullCredit":false},{"lineNumber":30,"author":{"gitId":"zjaoyuki"},"content":"    private static void handleMarkCommand(String input, ArrayList\u003cTask\u003e tasks, int counter, boolean markTask)","lastModifiedDate":"2025-08-21T17:14:36","isFullCredit":false},{"lineNumber":31,"author":{"gitId":"zjaoyuki"},"content":"            throws RafayelException {","lastModifiedDate":"2025-08-21T17:14:36","isFullCredit":false},{"lineNumber":32,"author":{"gitId":"zjaoyuki"},"content":"        int minLen \u003d markTask ? 5 : 7;","lastModifiedDate":"2025-08-21T17:14:36","isFullCredit":false},{"lineNumber":33,"author":{"gitId":"zjaoyuki"},"content":"        if (input.length() \u003c\u003d minLen) {","lastModifiedDate":"2025-08-21T17:14:36","isFullCredit":false},{"lineNumber":34,"author":{"gitId":"zjaoyuki"},"content":"            throw new RafayelException(\"Please state what task to be marked/unmarked.\");","lastModifiedDate":"2025-08-21T17:14:36","isFullCredit":false},{"lineNumber":35,"author":{"gitId":"zjaoyuki"},"content":"        }","lastModifiedDate":"2025-08-21T16:25:23","isFullCredit":false},{"lineNumber":36,"author":{"gitId":"zjaoyuki"},"content":"        String[] temp \u003d input.split(\" \");","lastModifiedDate":"2025-08-19T22:31:05","isFullCredit":false},{"lineNumber":37,"author":{"gitId":"zjaoyuki"},"content":"        int taskNumber \u003d Integer.parseInt(temp[1]);","lastModifiedDate":"2025-08-19T22:31:05","isFullCredit":false},{"lineNumber":38,"author":{"gitId":"zjaoyuki"},"content":"","lastModifiedDate":"2025-08-20T11:46:17","isFullCredit":false},{"lineNumber":39,"author":{"gitId":"zjaoyuki"},"content":"        if (taskNumber \u003c\u003d 0 || taskNumber \u003e counter) {","lastModifiedDate":"2025-08-21T16:25:23","isFullCredit":false},{"lineNumber":40,"author":{"gitId":"zjaoyuki"},"content":"            throw new RafayelException(\"Invalid task number.\");","lastModifiedDate":"2025-08-21T16:00:51","isFullCredit":false},{"lineNumber":41,"author":{"gitId":"zjaoyuki"},"content":"        }","lastModifiedDate":"2025-08-19T22:31:05","isFullCredit":false},{"lineNumber":42,"author":{"gitId":"zjaoyuki"},"content":"        taskNumber--;","lastModifiedDate":"2025-08-19T22:31:05","isFullCredit":false},{"lineNumber":43,"author":{"gitId":"zjaoyuki"},"content":"        if (markTask) {","lastModifiedDate":"2025-08-21T17:14:36","isFullCredit":false},{"lineNumber":44,"author":{"gitId":"zjaoyuki"},"content":"            tasks.get(taskNumber).markAsDone();","lastModifiedDate":"2025-08-21T16:25:23","isFullCredit":false},{"lineNumber":45,"author":{"gitId":"zjaoyuki"},"content":"            System.out","lastModifiedDate":"2025-08-21T16:25:23","isFullCredit":false},{"lineNumber":46,"author":{"gitId":"zjaoyuki"},"content":"                    .println(\"Nice! I\u0027ve marked this task as done:\\n  \" + tasks.get(taskNumber).toString());","lastModifiedDate":"2025-08-21T16:25:23","isFullCredit":false},{"lineNumber":47,"author":{"gitId":"zjaoyuki"},"content":"        } else {","lastModifiedDate":"2025-08-21T17:14:36","isFullCredit":false},{"lineNumber":48,"author":{"gitId":"zjaoyuki"},"content":"            tasks.get(taskNumber).markAsUndone();","lastModifiedDate":"2025-08-21T16:25:23","isFullCredit":false},{"lineNumber":49,"author":{"gitId":"zjaoyuki"},"content":"            System.out","lastModifiedDate":"2025-08-19T22:31:05","isFullCredit":false},{"lineNumber":50,"author":{"gitId":"zjaoyuki"},"content":"                    .println(\"OK, I\u0027ve marked this task as not done yet:\\n  \"","lastModifiedDate":"2025-08-21T16:00:51","isFullCredit":false},{"lineNumber":51,"author":{"gitId":"zjaoyuki"},"content":"                            + tasks.get(taskNumber).toString());","lastModifiedDate":"2025-08-21T16:25:23","isFullCredit":false},{"lineNumber":52,"author":{"gitId":"zjaoyuki"},"content":"","lastModifiedDate":"2025-08-21T16:25:23","isFullCredit":false},{"lineNumber":53,"author":{"gitId":"zjaoyuki"},"content":"        }","lastModifiedDate":"2025-08-21T17:14:36","isFullCredit":false},{"lineNumber":54,"author":{"gitId":"zjaoyuki"},"content":"","lastModifiedDate":"2025-08-21T17:14:36","isFullCredit":false},{"lineNumber":55,"author":{"gitId":"zjaoyuki"},"content":"    }","lastModifiedDate":"2025-08-21T17:14:36","isFullCredit":false},{"lineNumber":56,"author":{"gitId":"zjaoyuki"},"content":"","lastModifiedDate":"2025-08-21T17:14:36","isFullCredit":false},{"lineNumber":57,"author":{"gitId":"zjaoyuki"},"content":"    private static void printNewTaskString(Task newTask, int counter) {","lastModifiedDate":"2025-08-21T17:14:36","isFullCredit":false},{"lineNumber":58,"author":{"gitId":"zjaoyuki"},"content":"        // FOR CREATING TASKS","lastModifiedDate":"2025-08-21T17:14:36","isFullCredit":false},{"lineNumber":59,"author":{"gitId":"zjaoyuki"},"content":"        String TASK_START \u003d \"Got it. I\u0027ve added this task:\";","lastModifiedDate":"2025-08-21T17:14:36","isFullCredit":false},{"lineNumber":60,"author":{"gitId":"zjaoyuki"},"content":"","lastModifiedDate":"2025-08-21T17:14:36","isFullCredit":false},{"lineNumber":61,"author":{"gitId":"zjaoyuki"},"content":"        System.out.println(TASK_START);","lastModifiedDate":"2025-08-21T17:14:36","isFullCredit":false},{"lineNumber":62,"author":{"gitId":"zjaoyuki"},"content":"        System.out.println(\"  \" + newTask.toString());","lastModifiedDate":"2025-08-21T17:14:36","isFullCredit":false},{"lineNumber":63,"author":{"gitId":"zjaoyuki"},"content":"        System.out.println(\"Now you have \" + ++counter + \" tasks in the list.\");","lastModifiedDate":"2025-08-21T17:14:36","isFullCredit":false},{"lineNumber":64,"author":{"gitId":"zjaoyuki"},"content":"    }","lastModifiedDate":"2025-08-21T17:14:36","isFullCredit":false},{"lineNumber":65,"author":{"gitId":"zjaoyuki"},"content":"","lastModifiedDate":"2025-08-21T17:14:36","isFullCredit":false},{"lineNumber":66,"author":{"gitId":"zjaoyuki"},"content":"    private static void handleTodoCommand(String input, ArrayList\u003cTask\u003e tasks, int counter) throws RafayelException {","lastModifiedDate":"2025-08-21T17:14:36","isFullCredit":false},{"lineNumber":67,"author":{"gitId":"zjaoyuki"},"content":"        if (input.length() \u003c\u003d 5) {","lastModifiedDate":"2025-08-21T16:00:51","isFullCredit":false},{"lineNumber":68,"author":{"gitId":"zjaoyuki"},"content":"            throw new RafayelException(\"Please add in the description of the Todo task.\");","lastModifiedDate":"2025-08-21T16:00:51","isFullCredit":false},{"lineNumber":69,"author":{"gitId":"zjaoyuki"},"content":"        }","lastModifiedDate":"2025-08-19T17:52:34","isFullCredit":false},{"lineNumber":70,"author":{"gitId":"zjaoyuki"},"content":"","lastModifiedDate":"2025-08-20T11:46:17","isFullCredit":false},{"lineNumber":71,"author":{"gitId":"zjaoyuki"},"content":"        Todo newTask \u003d new Todo(input.substring(5).trim());","lastModifiedDate":"2025-08-21T16:00:51","isFullCredit":false},{"lineNumber":72,"author":{"gitId":"zjaoyuki"},"content":"        tasks.add(newTask);","lastModifiedDate":"2025-08-21T16:25:23","isFullCredit":false},{"lineNumber":73,"author":{"gitId":"zjaoyuki"},"content":"","lastModifiedDate":"2025-08-21T16:00:51","isFullCredit":false},{"lineNumber":74,"author":{"gitId":"zjaoyuki"},"content":"        printNewTaskString(newTask, counter);","lastModifiedDate":"2025-08-21T17:14:36","isFullCredit":false},{"lineNumber":75,"author":{"gitId":"zjaoyuki"},"content":"    }","lastModifiedDate":"2025-08-21T17:14:36","isFullCredit":false},{"lineNumber":76,"author":{"gitId":"zjaoyuki"},"content":"","lastModifiedDate":"2025-08-21T17:14:36","isFullCredit":false},{"lineNumber":77,"author":{"gitId":"zjaoyuki"},"content":"    private static void handleDeadlineCommand(String input, ArrayList\u003cTask\u003e tasks, int counter)","lastModifiedDate":"2025-08-21T17:14:36","isFullCredit":false},{"lineNumber":78,"author":{"gitId":"zjaoyuki"},"content":"            throws RafayelException {","lastModifiedDate":"2025-08-21T17:14:36","isFullCredit":false},{"lineNumber":79,"author":{"gitId":"zjaoyuki"},"content":"        if (input.length() \u003c\u003d 10) {","lastModifiedDate":"2025-08-21T16:00:51","isFullCredit":false},{"lineNumber":80,"author":{"gitId":"zjaoyuki"},"content":"            throw new RafayelException(\"Please add in the description of the Deadline task.\");","lastModifiedDate":"2025-08-21T16:00:51","isFullCredit":false},{"lineNumber":81,"author":{"gitId":"zjaoyuki"},"content":"        }","lastModifiedDate":"2025-08-21T16:00:51","isFullCredit":false},{"lineNumber":82,"author":{"gitId":"zjaoyuki"},"content":"        if (!input.contains(\"/by\")) {","lastModifiedDate":"2025-08-21T16:00:51","isFullCredit":false},{"lineNumber":83,"author":{"gitId":"zjaoyuki"},"content":"            throw new RafayelException(\"Deadline format is wrong. Example: deadline [desc] /by [time]\");","lastModifiedDate":"2025-08-21T16:00:51","isFullCredit":false},{"lineNumber":84,"author":{"gitId":"zjaoyuki"},"content":"        }","lastModifiedDate":"2025-08-21T16:00:51","isFullCredit":false},{"lineNumber":85,"author":{"gitId":"zjaoyuki"},"content":"","lastModifiedDate":"2025-08-20T11:46:17","isFullCredit":false},{"lineNumber":86,"author":{"gitId":"zjaoyuki"},"content":"        String[] taskDate \u003d input.substring(9).split(\"/by \");","lastModifiedDate":"2025-08-20T11:46:17","isFullCredit":false},{"lineNumber":87,"author":{"gitId":"zjaoyuki"},"content":"        Deadline newTask \u003d new Deadline(taskDate[0], taskDate[1]);","lastModifiedDate":"2025-08-20T11:46:17","isFullCredit":false},{"lineNumber":88,"author":{"gitId":"zjaoyuki"},"content":"        tasks.add(newTask);","lastModifiedDate":"2025-08-21T16:25:23","isFullCredit":false},{"lineNumber":89,"author":{"gitId":"zjaoyuki"},"content":"","lastModifiedDate":"2025-08-21T16:00:51","isFullCredit":false},{"lineNumber":90,"author":{"gitId":"zjaoyuki"},"content":"        printNewTaskString(newTask, counter);","lastModifiedDate":"2025-08-21T17:14:36","isFullCredit":false},{"lineNumber":91,"author":{"gitId":"zjaoyuki"},"content":"    }","lastModifiedDate":"2025-08-21T17:14:36","isFullCredit":false},{"lineNumber":92,"author":{"gitId":"zjaoyuki"},"content":"","lastModifiedDate":"2025-08-21T17:14:36","isFullCredit":false},{"lineNumber":93,"author":{"gitId":"zjaoyuki"},"content":"    private static void handleEventCommand(String input, ArrayList\u003cTask\u003e tasks, int counter)","lastModifiedDate":"2025-08-21T17:14:36","isFullCredit":false},{"lineNumber":94,"author":{"gitId":"zjaoyuki"},"content":"            throws RafayelException {","lastModifiedDate":"2025-08-21T17:14:36","isFullCredit":false},{"lineNumber":95,"author":{"gitId":"zjaoyuki"},"content":"        if (input.length() \u003c\u003d 6) {","lastModifiedDate":"2025-08-21T16:00:51","isFullCredit":false},{"lineNumber":96,"author":{"gitId":"zjaoyuki"},"content":"            throw new RafayelException(\"Please add in the description of the Event task.\");","lastModifiedDate":"2025-08-21T16:00:51","isFullCredit":false},{"lineNumber":97,"author":{"gitId":"zjaoyuki"},"content":"        }","lastModifiedDate":"2025-08-21T16:00:51","isFullCredit":false},{"lineNumber":98,"author":{"gitId":"zjaoyuki"},"content":"        if (!input.contains(\"/from\")) {","lastModifiedDate":"2025-08-21T16:00:51","isFullCredit":false},{"lineNumber":99,"author":{"gitId":"zjaoyuki"},"content":"            throw new RafayelException(","lastModifiedDate":"2025-08-21T16:00:51","isFullCredit":false},{"lineNumber":100,"author":{"gitId":"zjaoyuki"},"content":"                    \"Event format is wrong. Example: event [desc] /from [time] /to [time]\");","lastModifiedDate":"2025-08-21T16:00:51","isFullCredit":false},{"lineNumber":101,"author":{"gitId":"zjaoyuki"},"content":"        }","lastModifiedDate":"2025-08-21T16:00:51","isFullCredit":false},{"lineNumber":102,"author":{"gitId":"zjaoyuki"},"content":"        if (!input.contains(\"/to\")) {","lastModifiedDate":"2025-08-21T16:00:51","isFullCredit":false},{"lineNumber":103,"author":{"gitId":"zjaoyuki"},"content":"            throw new RafayelException(","lastModifiedDate":"2025-08-21T16:00:51","isFullCredit":false},{"lineNumber":104,"author":{"gitId":"zjaoyuki"},"content":"                    \"Event format is wrong. Example: event [desc] /from [time] /to [time]\");","lastModifiedDate":"2025-08-21T16:00:51","isFullCredit":false},{"lineNumber":105,"author":{"gitId":"zjaoyuki"},"content":"        }","lastModifiedDate":"2025-08-21T16:00:51","isFullCredit":false},{"lineNumber":106,"author":{"gitId":"zjaoyuki"},"content":"","lastModifiedDate":"2025-08-19T17:52:34","isFullCredit":false},{"lineNumber":107,"author":{"gitId":"zjaoyuki"},"content":"        String[] taskDate \u003d input.substring(6).split(\"/\");","lastModifiedDate":"2025-08-20T11:46:17","isFullCredit":false},{"lineNumber":108,"author":{"gitId":"zjaoyuki"},"content":"        Event newTask \u003d new Event(taskDate[0], taskDate[1].substring(5), taskDate[2].substring(3));","lastModifiedDate":"2025-08-20T11:46:17","isFullCredit":false},{"lineNumber":109,"author":{"gitId":"zjaoyuki"},"content":"","lastModifiedDate":"2025-08-21T17:14:36","isFullCredit":false},{"lineNumber":110,"author":{"gitId":"zjaoyuki"},"content":"        tasks.add(newTask);","lastModifiedDate":"2025-08-21T16:25:23","isFullCredit":false},{"lineNumber":111,"author":{"gitId":"zjaoyuki"},"content":"","lastModifiedDate":"2025-08-20T11:46:17","isFullCredit":false},{"lineNumber":112,"author":{"gitId":"zjaoyuki"},"content":"        printNewTaskString(newTask, counter);","lastModifiedDate":"2025-08-21T17:14:36","isFullCredit":false},{"lineNumber":113,"author":{"gitId":"zjaoyuki"},"content":"    }","lastModifiedDate":"2025-08-21T17:14:36","isFullCredit":false},{"lineNumber":114,"author":{"gitId":"zjaoyuki"},"content":"","lastModifiedDate":"2025-08-21T17:14:36","isFullCredit":false},{"lineNumber":115,"author":{"gitId":"zjaoyuki"},"content":"    public static void main(String[] args) {","lastModifiedDate":"2025-08-21T17:14:36","isFullCredit":false},{"lineNumber":116,"author":{"gitId":"zjaoyuki"},"content":"        String LINE \u003d \"____________________________________________________________\";","lastModifiedDate":"2025-08-21T17:14:36","isFullCredit":false},{"lineNumber":117,"author":{"gitId":"zjaoyuki"},"content":"        String START_MSG \u003d LINE + \"\\n\"","lastModifiedDate":"2025-08-21T17:14:36","isFullCredit":false},{"lineNumber":118,"author":{"gitId":"zjaoyuki"},"content":"                + \" Hello! I\u0027m Rafayel\\n\"","lastModifiedDate":"2025-08-21T17:14:36","isFullCredit":false},{"lineNumber":119,"author":{"gitId":"zjaoyuki"},"content":"                + \" What can I do for you?\\n\"","lastModifiedDate":"2025-08-21T17:14:36","isFullCredit":false},{"lineNumber":120,"author":{"gitId":"zjaoyuki"},"content":"                + LINE;","lastModifiedDate":"2025-08-21T17:14:36","isFullCredit":false},{"lineNumber":121,"author":{"gitId":"zjaoyuki"},"content":"        String END_MSG \u003d \" Bye. Hope to see you again soon!\\n\"","lastModifiedDate":"2025-08-21T17:14:36","isFullCredit":false},{"lineNumber":122,"author":{"gitId":"zjaoyuki"},"content":"                + LINE;","lastModifiedDate":"2025-08-21T17:14:36","isFullCredit":false},{"lineNumber":123,"author":{"gitId":"zjaoyuki"},"content":"","lastModifiedDate":"2025-08-21T17:14:36","isFullCredit":false},{"lineNumber":124,"author":{"gitId":"zjaoyuki"},"content":"        ArrayList\u003cTask\u003e tasks \u003d new ArrayList\u003cTask\u003e();","lastModifiedDate":"2025-08-21T17:14:36","isFullCredit":false},{"lineNumber":125,"author":{"gitId":"zjaoyuki"},"content":"        int counter \u003d 0;","lastModifiedDate":"2025-08-21T17:14:36","isFullCredit":false},{"lineNumber":126,"author":{"gitId":"zjaoyuki"},"content":"","lastModifiedDate":"2025-08-21T17:14:36","isFullCredit":false},{"lineNumber":127,"author":{"gitId":"zjaoyuki"},"content":"        Scanner sc \u003d new Scanner(System.in);","lastModifiedDate":"2025-08-21T17:14:36","isFullCredit":false},{"lineNumber":128,"author":{"gitId":"zjaoyuki"},"content":"","lastModifiedDate":"2025-08-21T17:14:36","isFullCredit":false},{"lineNumber":129,"author":{"gitId":"zjaoyuki"},"content":"        System.out.println(START_MSG);","lastModifiedDate":"2025-08-21T17:14:36","isFullCredit":false},{"lineNumber":130,"author":{"gitId":"zjaoyuki"},"content":"","lastModifiedDate":"2025-08-21T17:14:36","isFullCredit":false},{"lineNumber":131,"author":{"gitId":"zjaoyuki"},"content":"        while (true) {","lastModifiedDate":"2025-08-21T17:14:36","isFullCredit":false},{"lineNumber":132,"author":{"gitId":"zjaoyuki"},"content":"            if (!sc.hasNextLine()) {","lastModifiedDate":"2025-08-21T17:14:36","isFullCredit":false},{"lineNumber":133,"author":{"gitId":"zjaoyuki"},"content":"                System.out.println(LINE + \"\\n\" + END_MSG);","lastModifiedDate":"2025-08-21T17:14:36","isFullCredit":false},{"lineNumber":134,"author":{"gitId":"zjaoyuki"},"content":"                break;","lastModifiedDate":"2025-08-21T17:14:36","isFullCredit":false},{"lineNumber":135,"author":{"gitId":"zjaoyuki"},"content":"            }","lastModifiedDate":"2025-08-21T17:14:36","isFullCredit":false},{"lineNumber":136,"author":{"gitId":"zjaoyuki"},"content":"","lastModifiedDate":"2025-08-21T17:14:36","isFullCredit":false},{"lineNumber":137,"author":{"gitId":"zjaoyuki"},"content":"            String input \u003d sc.nextLine();","lastModifiedDate":"2025-08-21T17:14:36","isFullCredit":false},{"lineNumber":138,"author":{"gitId":"zjaoyuki"},"content":"","lastModifiedDate":"2025-08-21T17:14:36","isFullCredit":false},{"lineNumber":139,"author":{"gitId":"zjaoyuki"},"content":"            if (input \u003d\u003d null) {","lastModifiedDate":"2025-08-21T17:14:36","isFullCredit":false},{"lineNumber":140,"author":{"gitId":"zjaoyuki"},"content":"                System.out.println(LINE + \"\\n\" + END_MSG);","lastModifiedDate":"2025-08-21T17:14:36","isFullCredit":false},{"lineNumber":141,"author":{"gitId":"zjaoyuki"},"content":"                break;","lastModifiedDate":"2025-08-21T17:14:36","isFullCredit":false},{"lineNumber":142,"author":{"gitId":"zjaoyuki"},"content":"            }","lastModifiedDate":"2025-08-21T17:14:36","isFullCredit":false},{"lineNumber":143,"author":{"gitId":"zjaoyuki"},"content":"","lastModifiedDate":"2025-08-21T17:14:36","isFullCredit":false},{"lineNumber":144,"author":{"gitId":"zjaoyuki"},"content":"            System.out.println(LINE);","lastModifiedDate":"2025-08-21T17:14:36","isFullCredit":false},{"lineNumber":145,"author":{"gitId":"zjaoyuki"},"content":"","lastModifiedDate":"2025-08-21T17:14:36","isFullCredit":false},{"lineNumber":146,"author":{"gitId":"zjaoyuki"},"content":"            try {","lastModifiedDate":"2025-08-21T17:14:36","isFullCredit":false},{"lineNumber":147,"author":{"gitId":"zjaoyuki"},"content":"                Command command \u003d Command.parseCommand(input);","lastModifiedDate":"2025-08-21T17:14:36","isFullCredit":false},{"lineNumber":148,"author":{"gitId":"zjaoyuki"},"content":"                // System.out.println(command);","lastModifiedDate":"2025-08-21T17:14:36","isFullCredit":false},{"lineNumber":149,"author":{"gitId":"zjaoyuki"},"content":"","lastModifiedDate":"2025-08-21T17:14:36","isFullCredit":false},{"lineNumber":150,"author":{"gitId":"zjaoyuki"},"content":"                switch (command) {","lastModifiedDate":"2025-08-21T17:14:36","isFullCredit":false},{"lineNumber":151,"author":{"gitId":"zjaoyuki"},"content":"                    case BYE:","lastModifiedDate":"2025-08-21T17:14:36","isFullCredit":false},{"lineNumber":152,"author":{"gitId":"zjaoyuki"},"content":"                        System.out.println(END_MSG);","lastModifiedDate":"2025-08-21T17:14:36","isFullCredit":false},{"lineNumber":153,"author":{"gitId":"zjaoyuki"},"content":"                        return;","lastModifiedDate":"2025-08-21T17:14:36","isFullCredit":false},{"lineNumber":154,"author":{"gitId":"zjaoyuki"},"content":"","lastModifiedDate":"2025-08-21T17:14:36","isFullCredit":false},{"lineNumber":155,"author":{"gitId":"zjaoyuki"},"content":"                    case LIST:","lastModifiedDate":"2025-08-21T17:14:36","isFullCredit":false},{"lineNumber":156,"author":{"gitId":"zjaoyuki"},"content":"                        for (int i \u003d 0; i \u003c counter; i++) {","lastModifiedDate":"2025-08-21T17:14:36","isFullCredit":false},{"lineNumber":157,"author":{"gitId":"zjaoyuki"},"content":"                            System.out.println(i + 1 + \".\" + tasks.get(i).toString());","lastModifiedDate":"2025-08-21T17:14:36","isFullCredit":false},{"lineNumber":158,"author":{"gitId":"zjaoyuki"},"content":"                            // System.out.println(String.format(\"%d. %s\", i + 1, data[i]));","lastModifiedDate":"2025-08-21T17:14:36","isFullCredit":false},{"lineNumber":159,"author":{"gitId":"zjaoyuki"},"content":"                        }","lastModifiedDate":"2025-08-21T17:14:36","isFullCredit":false},{"lineNumber":160,"author":{"gitId":"zjaoyuki"},"content":"                        break;","lastModifiedDate":"2025-08-21T17:14:36","isFullCredit":false},{"lineNumber":161,"author":{"gitId":"zjaoyuki"},"content":"","lastModifiedDate":"2025-08-21T17:14:36","isFullCredit":false},{"lineNumber":162,"author":{"gitId":"zjaoyuki"},"content":"                    case MARK:","lastModifiedDate":"2025-08-21T17:14:36","isFullCredit":false},{"lineNumber":163,"author":{"gitId":"zjaoyuki"},"content":"                        // Mark task","lastModifiedDate":"2025-08-21T17:14:36","isFullCredit":false},{"lineNumber":164,"author":{"gitId":"zjaoyuki"},"content":"                        handleMarkCommand(input, tasks, counter, true);","lastModifiedDate":"2025-08-21T17:14:36","isFullCredit":false},{"lineNumber":165,"author":{"gitId":"zjaoyuki"},"content":"                        break;","lastModifiedDate":"2025-08-21T17:14:36","isFullCredit":false},{"lineNumber":166,"author":{"gitId":"zjaoyuki"},"content":"","lastModifiedDate":"2025-08-21T17:14:36","isFullCredit":false},{"lineNumber":167,"author":{"gitId":"zjaoyuki"},"content":"                    case UNMARK:","lastModifiedDate":"2025-08-21T17:14:36","isFullCredit":false},{"lineNumber":168,"author":{"gitId":"zjaoyuki"},"content":"                        // Unmark task","lastModifiedDate":"2025-08-21T17:14:36","isFullCredit":false},{"lineNumber":169,"author":{"gitId":"zjaoyuki"},"content":"                        handleMarkCommand(input, tasks, counter, false);","lastModifiedDate":"2025-08-21T17:14:36","isFullCredit":false},{"lineNumber":170,"author":{"gitId":"zjaoyuki"},"content":"                        break;","lastModifiedDate":"2025-08-21T17:14:36","isFullCredit":false},{"lineNumber":171,"author":{"gitId":"zjaoyuki"},"content":"","lastModifiedDate":"2025-08-21T17:14:36","isFullCredit":false},{"lineNumber":172,"author":{"gitId":"zjaoyuki"},"content":"                    case TODO:","lastModifiedDate":"2025-08-21T17:14:36","isFullCredit":false},{"lineNumber":173,"author":{"gitId":"zjaoyuki"},"content":"                        // Create Todo Task","lastModifiedDate":"2025-08-21T17:14:36","isFullCredit":false},{"lineNumber":174,"author":{"gitId":"zjaoyuki"},"content":"                        handleTodoCommand(input, tasks, counter);","lastModifiedDate":"2025-08-21T17:14:36","isFullCredit":false},{"lineNumber":175,"author":{"gitId":"zjaoyuki"},"content":"                        counter++;","lastModifiedDate":"2025-08-21T17:14:36","isFullCredit":false},{"lineNumber":176,"author":{"gitId":"zjaoyuki"},"content":"                        break;","lastModifiedDate":"2025-08-21T17:14:36","isFullCredit":false},{"lineNumber":177,"author":{"gitId":"zjaoyuki"},"content":"","lastModifiedDate":"2025-08-21T17:14:36","isFullCredit":false},{"lineNumber":178,"author":{"gitId":"zjaoyuki"},"content":"                    case DEADLINE:","lastModifiedDate":"2025-08-21T17:14:36","isFullCredit":false},{"lineNumber":179,"author":{"gitId":"zjaoyuki"},"content":"                        // Create Deadline Task","lastModifiedDate":"2025-08-21T17:14:36","isFullCredit":false},{"lineNumber":180,"author":{"gitId":"zjaoyuki"},"content":"                        handleDeadlineCommand(input, tasks, counter);","lastModifiedDate":"2025-08-21T17:14:36","isFullCredit":false},{"lineNumber":181,"author":{"gitId":"zjaoyuki"},"content":"                        counter++;","lastModifiedDate":"2025-08-21T17:14:36","isFullCredit":false},{"lineNumber":182,"author":{"gitId":"zjaoyuki"},"content":"                        break;","lastModifiedDate":"2025-08-21T17:14:36","isFullCredit":false},{"lineNumber":183,"author":{"gitId":"zjaoyuki"},"content":"","lastModifiedDate":"2025-08-21T17:14:36","isFullCredit":false},{"lineNumber":184,"author":{"gitId":"zjaoyuki"},"content":"                    case EVENT:","lastModifiedDate":"2025-08-21T17:14:36","isFullCredit":false},{"lineNumber":185,"author":{"gitId":"zjaoyuki"},"content":"                        // Create Event Task","lastModifiedDate":"2025-08-21T17:14:36","isFullCredit":false},{"lineNumber":186,"author":{"gitId":"zjaoyuki"},"content":"                        handleEventCommand(input, tasks, counter);","lastModifiedDate":"2025-08-21T17:14:36","isFullCredit":false},{"lineNumber":187,"author":{"gitId":"zjaoyuki"},"content":"                        counter++;","lastModifiedDate":"2025-08-21T17:14:36","isFullCredit":false},{"lineNumber":188,"author":{"gitId":"zjaoyuki"},"content":"                        break;","lastModifiedDate":"2025-08-21T17:14:36","isFullCredit":false},{"lineNumber":189,"author":{"gitId":"zjaoyuki"},"content":"","lastModifiedDate":"2025-08-21T17:14:36","isFullCredit":false},{"lineNumber":190,"author":{"gitId":"zjaoyuki"},"content":"                    case DELETE:","lastModifiedDate":"2025-08-21T17:14:36","isFullCredit":false},{"lineNumber":191,"author":{"gitId":"zjaoyuki"},"content":"                        // Delete tasks","lastModifiedDate":"2025-08-21T17:14:36","isFullCredit":false},{"lineNumber":192,"author":{"gitId":"zjaoyuki"},"content":"                        if (input.length() \u003c\u003d 7) {","lastModifiedDate":"2025-08-21T16:25:23","isFullCredit":false},{"lineNumber":193,"author":{"gitId":"zjaoyuki"},"content":"                            throw new RafayelException(\"Please indicate which task to delete (i.e. delete 1)\");","lastModifiedDate":"2025-08-21T16:25:23","isFullCredit":false},{"lineNumber":194,"author":{"gitId":"zjaoyuki"},"content":"                        }","lastModifiedDate":"2025-08-21T16:25:23","isFullCredit":false},{"lineNumber":195,"author":{"gitId":"zjaoyuki"},"content":"                        String[] temp \u003d input.split(\" \");","lastModifiedDate":"2025-08-21T16:25:23","isFullCredit":false},{"lineNumber":196,"author":{"gitId":"zjaoyuki"},"content":"                        int taskNumber \u003d Integer.parseInt(temp[1]);","lastModifiedDate":"2025-08-21T16:25:23","isFullCredit":false},{"lineNumber":197,"author":{"gitId":"zjaoyuki"},"content":"","lastModifiedDate":"2025-08-21T16:25:23","isFullCredit":false},{"lineNumber":198,"author":{"gitId":"zjaoyuki"},"content":"                        if (taskNumber \u003c\u003d 0 || taskNumber \u003e counter) {","lastModifiedDate":"2025-08-21T16:25:23","isFullCredit":false},{"lineNumber":199,"author":{"gitId":"zjaoyuki"},"content":"                            throw new RafayelException(\"Invalid task number.\");","lastModifiedDate":"2025-08-21T16:25:23","isFullCredit":false},{"lineNumber":200,"author":{"gitId":"zjaoyuki"},"content":"                        }","lastModifiedDate":"2025-08-21T16:25:23","isFullCredit":false},{"lineNumber":201,"author":{"gitId":"zjaoyuki"},"content":"                        taskNumber--;","lastModifiedDate":"2025-08-21T16:25:23","isFullCredit":false},{"lineNumber":202,"author":{"gitId":"zjaoyuki"},"content":"","lastModifiedDate":"2025-08-21T16:25:23","isFullCredit":false},{"lineNumber":203,"author":{"gitId":"zjaoyuki"},"content":"                        Task deletedTask \u003d tasks.remove(taskNumber);","lastModifiedDate":"2025-08-21T16:25:23","isFullCredit":false},{"lineNumber":204,"author":{"gitId":"zjaoyuki"},"content":"                        counter--;","lastModifiedDate":"2025-08-21T16:25:23","isFullCredit":false},{"lineNumber":205,"author":{"gitId":"zjaoyuki"},"content":"","lastModifiedDate":"2025-08-21T16:25:23","isFullCredit":false},{"lineNumber":206,"author":{"gitId":"zjaoyuki"},"content":"                        System.out","lastModifiedDate":"2025-08-21T16:25:23","isFullCredit":false},{"lineNumber":207,"author":{"gitId":"zjaoyuki"},"content":"                                .println(\"Noted. I\u0027ve removed this task:\\n  \" + deletedTask.toString()","lastModifiedDate":"2025-08-21T17:14:36","isFullCredit":false},{"lineNumber":208,"author":{"gitId":"zjaoyuki"},"content":"                                        + \"\\nNow you have \"","lastModifiedDate":"2025-08-21T17:14:36","isFullCredit":false},{"lineNumber":209,"author":{"gitId":"zjaoyuki"},"content":"                                        + counter + \" tasks in the list.\");","lastModifiedDate":"2025-08-21T16:25:23","isFullCredit":false},{"lineNumber":210,"author":{"gitId":"zjaoyuki"},"content":"                        break;","lastModifiedDate":"2025-08-21T17:14:36","isFullCredit":false},{"lineNumber":211,"author":{"gitId":"zjaoyuki"},"content":"","lastModifiedDate":"2025-08-21T16:25:23","isFullCredit":false},{"lineNumber":212,"author":{"gitId":"zjaoyuki"},"content":"                    case UNKNOWN:","lastModifiedDate":"2025-08-21T17:14:36","isFullCredit":false},{"lineNumber":213,"author":{"gitId":"zjaoyuki"},"content":"                        //","lastModifiedDate":"2025-08-21T17:14:36","isFullCredit":false},{"lineNumber":214,"author":{"gitId":"zjaoyuki"},"content":"                        throw new RafayelException(\"Please enter a valid prompt! (i.e. todo/deadline/event)\");","lastModifiedDate":"2025-08-21T16:00:51","isFullCredit":false},{"lineNumber":215,"author":{"gitId":"zjaoyuki"},"content":"","lastModifiedDate":"2025-08-21T17:14:36","isFullCredit":false},{"lineNumber":216,"author":{"gitId":"zjaoyuki"},"content":"                }","lastModifiedDate":"2025-08-20T11:46:17","isFullCredit":false},{"lineNumber":217,"author":{"gitId":"zjaoyuki"},"content":"            } catch (RafayelException e) {","lastModifiedDate":"2025-08-21T16:00:51","isFullCredit":false},{"lineNumber":218,"author":{"gitId":"zjaoyuki"},"content":"                System.out.println(e.getMessage());","lastModifiedDate":"2025-08-21T16:00:51","isFullCredit":false},{"lineNumber":219,"author":{"gitId":"zjaoyuki"},"content":"            }","lastModifiedDate":"2025-08-19T17:35:42","isFullCredit":false},{"lineNumber":220,"author":{"gitId":"zjaoyuki"},"content":"","lastModifiedDate":"2025-08-19T17:35:42","isFullCredit":false},{"lineNumber":221,"author":{"gitId":"zjaoyuki"},"content":"            System.out.println(LINE + \"\\n\");","lastModifiedDate":"2025-08-21T16:00:51","isFullCredit":false},{"lineNumber":222,"author":{"gitId":"zjaoyuki"},"content":"        }","lastModifiedDate":"2025-08-19T17:35:42","isFullCredit":false},{"lineNumber":223,"author":{"gitId":"zjaoyuki"},"content":"","lastModifiedDate":"2025-08-19T17:35:42","isFullCredit":false},{"lineNumber":224,"author":{"gitId":"zjaoyuki"},"content":"        sc.close();","lastModifiedDate":"2025-08-19T17:35:42","isFullCredit":false},{"lineNumber":225,"author":{"gitId":"zjaoyuki"},"content":"    }","lastModifiedDate":"2025-08-19T17:25:22","isFullCredit":false},{"lineNumber":226,"author":{"gitId":"zjaoyuki"},"content":"}","lastModifiedDate":"2025-08-19T17:25:22","isFullCredit":false}],"authorContributionMap":{"zjaoyuki":226}},{"path":"src/main/java/RafayelException.java","fileType":"java","lines":[{"lineNumber":1,"author":{"gitId":"zjaoyuki"},"content":"public class RafayelException extends Exception {","lastModifiedDate":"2025-08-21T16:00:51","isFullCredit":false},{"lineNumber":2,"author":{"gitId":"zjaoyuki"},"content":"","lastModifiedDate":"2025-08-21T16:00:51","isFullCredit":false},{"lineNumber":3,"author":{"gitId":"zjaoyuki"},"content":"    public RafayelException(String message) {","lastModifiedDate":"2025-08-21T16:00:51","isFullCredit":false},{"lineNumber":4,"author":{"gitId":"zjaoyuki"},"content":"        super(message);","lastModifiedDate":"2025-08-21T16:00:51","isFullCredit":false},{"lineNumber":5,"author":{"gitId":"zjaoyuki"},"content":"    }","lastModifiedDate":"2025-08-21T16:00:51","isFullCredit":false},{"lineNumber":6,"author":{"gitId":"zjaoyuki"},"content":"","lastModifiedDate":"2025-08-21T16:00:51","isFullCredit":false},{"lineNumber":7,"author":{"gitId":"zjaoyuki"},"content":"}","lastModifiedDate":"2025-08-21T16:00:51","isFullCredit":false}],"authorContributionMap":{"zjaoyuki":7}},{"path":"src/main/java/Task.java","fileType":"java","lines":[{"lineNumber":1,"author":{"gitId":"zjaoyuki"},"content":"public abstract class Task {","lastModifiedDate":"2025-08-21T17:14:36","isFullCredit":false},{"lineNumber":2,"author":{"gitId":"zjaoyuki"},"content":"    protected String description;","lastModifiedDate":"2025-08-19T22:31:05","isFullCredit":false},{"lineNumber":3,"author":{"gitId":"zjaoyuki"},"content":"    protected boolean isDone;","lastModifiedDate":"2025-08-19T22:31:05","isFullCredit":false},{"lineNumber":4,"author":{"gitId":"zjaoyuki"},"content":"","lastModifiedDate":"2025-08-19T22:31:05","isFullCredit":false},{"lineNumber":5,"author":{"gitId":"zjaoyuki"},"content":"    public Task(String description) {","lastModifiedDate":"2025-08-19T22:31:05","isFullCredit":false},{"lineNumber":6,"author":{"gitId":"zjaoyuki"},"content":"        this.description \u003d description;","lastModifiedDate":"2025-08-19T22:31:05","isFullCredit":false},{"lineNumber":7,"author":{"gitId":"zjaoyuki"},"content":"        this.isDone \u003d false;","lastModifiedDate":"2025-08-19T22:31:05","isFullCredit":false},{"lineNumber":8,"author":{"gitId":"zjaoyuki"},"content":"    }","lastModifiedDate":"2025-08-19T22:31:05","isFullCredit":false},{"lineNumber":9,"author":{"gitId":"zjaoyuki"},"content":"","lastModifiedDate":"2025-08-19T22:31:05","isFullCredit":false},{"lineNumber":10,"author":{"gitId":"zjaoyuki"},"content":"    public String getStatusIcon() {","lastModifiedDate":"2025-08-19T22:31:05","isFullCredit":false},{"lineNumber":11,"author":{"gitId":"zjaoyuki"},"content":"        return (this.isDone ? \"X\" : \" \"); // mark done task with X","lastModifiedDate":"2025-08-19T22:31:05","isFullCredit":false},{"lineNumber":12,"author":{"gitId":"zjaoyuki"},"content":"    }","lastModifiedDate":"2025-08-19T22:31:05","isFullCredit":false},{"lineNumber":13,"author":{"gitId":"zjaoyuki"},"content":"","lastModifiedDate":"2025-08-19T22:31:05","isFullCredit":false},{"lineNumber":14,"author":{"gitId":"zjaoyuki"},"content":"    public String getDescription() {","lastModifiedDate":"2025-08-19T22:31:05","isFullCredit":false},{"lineNumber":15,"author":{"gitId":"zjaoyuki"},"content":"        return this.description;","lastModifiedDate":"2025-08-19T22:31:05","isFullCredit":false},{"lineNumber":16,"author":{"gitId":"zjaoyuki"},"content":"    }","lastModifiedDate":"2025-08-19T22:31:05","isFullCredit":false},{"lineNumber":17,"author":{"gitId":"zjaoyuki"},"content":"","lastModifiedDate":"2025-08-19T22:31:05","isFullCredit":false},{"lineNumber":18,"author":{"gitId":"zjaoyuki"},"content":"    public void markAsDone() {","lastModifiedDate":"2025-08-19T22:31:05","isFullCredit":false},{"lineNumber":19,"author":{"gitId":"zjaoyuki"},"content":"        this.isDone \u003d true;","lastModifiedDate":"2025-08-19T22:31:05","isFullCredit":false},{"lineNumber":20,"author":{"gitId":"zjaoyuki"},"content":"    }","lastModifiedDate":"2025-08-19T22:31:05","isFullCredit":false},{"lineNumber":21,"author":{"gitId":"zjaoyuki"},"content":"","lastModifiedDate":"2025-08-19T22:31:05","isFullCredit":false},{"lineNumber":22,"author":{"gitId":"zjaoyuki"},"content":"    public void markAsUndone() {","lastModifiedDate":"2025-08-19T22:31:05","isFullCredit":false},{"lineNumber":23,"author":{"gitId":"zjaoyuki"},"content":"        this.isDone \u003d false;","lastModifiedDate":"2025-08-19T22:31:05","isFullCredit":false},{"lineNumber":24,"author":{"gitId":"zjaoyuki"},"content":"    }","lastModifiedDate":"2025-08-19T22:31:05","isFullCredit":false},{"lineNumber":25,"author":{"gitId":"zjaoyuki"},"content":"","lastModifiedDate":"2025-08-19T22:31:05","isFullCredit":false},{"lineNumber":26,"author":{"gitId":"zjaoyuki"},"content":"    public String toString() {","lastModifiedDate":"2025-08-20T11:46:17","isFullCredit":false},{"lineNumber":27,"author":{"gitId":"zjaoyuki"},"content":"        return \"[\" + this.getStatusIcon() + \"] \" + this.getDescription();","lastModifiedDate":"2025-08-19T22:31:05","isFullCredit":false},{"lineNumber":28,"author":{"gitId":"zjaoyuki"},"content":"    }","lastModifiedDate":"2025-08-19T22:31:05","isFullCredit":false},{"lineNumber":29,"author":{"gitId":"zjaoyuki"},"content":"}","lastModifiedDate":"2025-08-19T22:31:05","isFullCredit":false}],"authorContributionMap":{"zjaoyuki":29}},{"path":"src/main/java/Todo.java","fileType":"java","lines":[{"lineNumber":1,"author":{"gitId":"zjaoyuki"},"content":"public class Todo extends Task {","lastModifiedDate":"2025-08-20T11:46:17","isFullCredit":false},{"lineNumber":2,"author":{"gitId":"zjaoyuki"},"content":"","lastModifiedDate":"2025-08-20T11:46:17","isFullCredit":false},{"lineNumber":3,"author":{"gitId":"zjaoyuki"},"content":"    public Todo(String description) {","lastModifiedDate":"2025-08-20T11:46:17","isFullCredit":false},{"lineNumber":4,"author":{"gitId":"zjaoyuki"},"content":"        super(description);","lastModifiedDate":"2025-08-20T11:46:17","isFullCredit":false},{"lineNumber":5,"author":{"gitId":"zjaoyuki"},"content":"    }","lastModifiedDate":"2025-08-20T11:46:17","isFullCredit":false},{"lineNumber":6,"author":{"gitId":"zjaoyuki"},"content":"","lastModifiedDate":"2025-08-20T11:46:17","isFullCredit":false},{"lineNumber":7,"author":{"gitId":"zjaoyuki"},"content":"    @Override","lastModifiedDate":"2025-08-20T11:46:17","isFullCredit":false},{"lineNumber":8,"author":{"gitId":"zjaoyuki"},"content":"    public String toString() {","lastModifiedDate":"2025-08-20T11:46:17","isFullCredit":false},{"lineNumber":9,"author":{"gitId":"zjaoyuki"},"content":"        return \"[T]\" + super.toString();","lastModifiedDate":"2025-08-20T11:46:17","isFullCredit":false},{"lineNumber":10,"author":{"gitId":"zjaoyuki"},"content":"    }","lastModifiedDate":"2025-08-20T11:46:17","isFullCredit":false},{"lineNumber":11,"author":{"gitId":"zjaoyuki"},"content":"}","lastModifiedDate":"2025-08-20T11:46:17","isFullCredit":false}],"authorContributionMap":{"zjaoyuki":11}},{"path":"text-ui-test/input.txt","fileType":"txt","lines":[{"lineNumber":1,"author":{"gitId":"zjaoyuki"},"content":"todo borrow book","lastModifiedDate":"2025-08-21T14:00:18","isFullCredit":false},{"lineNumber":2,"author":{"gitId":"zjaoyuki"},"content":"list","lastModifiedDate":"2025-08-21T14:00:18","isFullCredit":false},{"lineNumber":3,"author":{"gitId":"zjaoyuki"},"content":"deadline return book /by Sunday","lastModifiedDate":"2025-08-21T14:00:18","isFullCredit":false},{"lineNumber":4,"author":{"gitId":"zjaoyuki"},"content":"event project meeting /from Mon 2pm /to 4pm","lastModifiedDate":"2025-08-21T14:00:18","isFullCredit":false},{"lineNumber":5,"author":{"gitId":"zjaoyuki"},"content":"deadline do homework /by no idea :-p","lastModifiedDate":"2025-08-21T14:00:18","isFullCredit":false},{"lineNumber":6,"author":{"gitId":"zjaoyuki"},"content":"list","lastModifiedDate":"2025-08-21T14:00:18","isFullCredit":false},{"lineNumber":7,"author":{"gitId":"zjaoyuki"},"content":"mark 2","lastModifiedDate":"2025-08-21T14:00:18","isFullCredit":false},{"lineNumber":8,"author":{"gitId":"zjaoyuki"},"content":"mark 4","lastModifiedDate":"2025-08-21T16:25:23","isFullCredit":false},{"lineNumber":9,"author":{"gitId":"zjaoyuki"},"content":"list","lastModifiedDate":"2025-08-21T14:00:18","isFullCredit":false},{"lineNumber":10,"author":{"gitId":"zjaoyuki"},"content":"unmark 2","lastModifiedDate":"2025-08-21T14:00:18","isFullCredit":false},{"lineNumber":11,"author":{"gitId":"zjaoyuki"},"content":"list","lastModifiedDate":"2025-08-21T14:00:18","isFullCredit":false},{"lineNumber":12,"author":{"gitId":"zjaoyuki"},"content":"deadline","lastModifiedDate":"2025-08-21T16:00:51","isFullCredit":false},{"lineNumber":13,"author":{"gitId":"zjaoyuki"},"content":"delete 4","lastModifiedDate":"2025-08-21T16:25:23","isFullCredit":false},{"lineNumber":14,"author":{"gitId":"zjaoyuki"},"content":"list","lastModifiedDate":"2025-08-21T16:25:23","isFullCredit":false},{"lineNumber":15,"author":{"gitId":"zjaoyuki"},"content":"bye","lastModifiedDate":"2025-08-21T16:25:23","isFullCredit":false}],"authorContributionMap":{"zjaoyuki":15}},{"path":"text-ui-test/runtest.bat","fileType":"bat","lines":[{"lineNumber":1,"author":{"gitId":"-"},"content":"@ECHO OFF","lastModifiedDate":"2020-05-25T00:03:55","isFullCredit":false},{"lineNumber":2,"author":{"gitId":"-"},"content":"","lastModifiedDate":"2020-05-25T00:03:55","isFullCredit":false},{"lineNumber":3,"author":{"gitId":"-"},"content":"REM create bin directory if it doesn\u0027t exist","lastModifiedDate":"2020-05-25T00:03:55","isFullCredit":false},{"lineNumber":4,"author":{"gitId":"-"},"content":"if not exist ..\\bin mkdir ..\\bin","lastModifiedDate":"2020-05-25T00:03:55","isFullCredit":false},{"lineNumber":5,"author":{"gitId":"-"},"content":"","lastModifiedDate":"2020-05-25T00:03:55","isFullCredit":false},{"lineNumber":6,"author":{"gitId":"-"},"content":"REM delete output from previous run","lastModifiedDate":"2020-05-25T00:03:55","isFullCredit":false},{"lineNumber":7,"author":{"gitId":"-"},"content":"if exist ACTUAL.TXT del ACTUAL.TXT","lastModifiedDate":"2020-08-25T17:23:26","isFullCredit":false},{"lineNumber":8,"author":{"gitId":"-"},"content":"","lastModifiedDate":"2020-05-25T00:03:55","isFullCredit":false},{"lineNumber":9,"author":{"gitId":"-"},"content":"REM compile the code into the bin folder","lastModifiedDate":"2020-05-25T00:03:55","isFullCredit":false},{"lineNumber":10,"author":{"gitId":"-"},"content":"javac  -cp ..\\src\\main\\java -Xlint:none -d ..\\bin ..\\src\\main\\java\\*.java","lastModifiedDate":"2020-08-25T17:23:26","isFullCredit":false},{"lineNumber":11,"author":{"gitId":"-"},"content":"IF ERRORLEVEL 1 (","lastModifiedDate":"2020-05-25T00:03:55","isFullCredit":false},{"lineNumber":12,"author":{"gitId":"-"},"content":"    echo ********** BUILD FAILURE **********","lastModifiedDate":"2020-05-25T00:03:55","isFullCredit":false},{"lineNumber":13,"author":{"gitId":"-"},"content":"    exit /b 1","lastModifiedDate":"2020-05-25T00:03:55","isFullCredit":false},{"lineNumber":14,"author":{"gitId":"-"},"content":")","lastModifiedDate":"2020-05-25T00:03:55","isFullCredit":false},{"lineNumber":15,"author":{"gitId":"-"},"content":"REM no error here, errorlevel \u003d\u003d 0","lastModifiedDate":"2020-05-25T00:03:55","isFullCredit":false},{"lineNumber":16,"author":{"gitId":"-"},"content":"","lastModifiedDate":"2020-05-25T00:03:55","isFullCredit":false},{"lineNumber":17,"author":{"gitId":"-"},"content":"REM run the program, feed commands from input.txt file and redirect the output to the ACTUAL.TXT","lastModifiedDate":"2020-05-25T00:03:55","isFullCredit":false},{"lineNumber":18,"author":{"gitId":"zjaoyuki"},"content":"java -classpath ..\\bin Rafayel \u003c input.txt \u003e ACTUAL.TXT","lastModifiedDate":"2025-08-21T14:00:18","isFullCredit":false},{"lineNumber":19,"author":{"gitId":"-"},"content":"","lastModifiedDate":"2020-05-25T00:03:55","isFullCredit":false},{"lineNumber":20,"author":{"gitId":"-"},"content":"REM compare the output to the expected output","lastModifiedDate":"2020-05-25T00:03:55","isFullCredit":false},{"lineNumber":21,"author":{"gitId":"-"},"content":"FC ACTUAL.TXT EXPECTED.TXT","lastModifiedDate":"2020-05-25T00:03:55","isFullCredit":false}],"authorContributionMap":{"zjaoyuki":1,"-":20}},{"path":"text-ui-test/runtest.sh","fileType":"sh","lines":[{"lineNumber":1,"author":{"gitId":"-"},"content":"#!/usr/bin/env bash","lastModifiedDate":"2020-05-25T00:03:55","isFullCredit":false},{"lineNumber":2,"author":{"gitId":"-"},"content":"","lastModifiedDate":"2020-05-25T00:03:55","isFullCredit":false},{"lineNumber":3,"author":{"gitId":"-"},"content":"# create bin directory if it doesn\u0027t exist","lastModifiedDate":"2020-05-25T00:03:55","isFullCredit":false},{"lineNumber":4,"author":{"gitId":"-"},"content":"if [ ! -d \"../bin\" ]","lastModifiedDate":"2020-05-25T00:03:55","isFullCredit":false},{"lineNumber":5,"author":{"gitId":"-"},"content":"then","lastModifiedDate":"2020-05-25T00:03:55","isFullCredit":false},{"lineNumber":6,"author":{"gitId":"-"},"content":"    mkdir ../bin","lastModifiedDate":"2020-05-25T00:03:55","isFullCredit":false},{"lineNumber":7,"author":{"gitId":"-"},"content":"fi","lastModifiedDate":"2020-05-25T00:03:55","isFullCredit":false},{"lineNumber":8,"author":{"gitId":"-"},"content":"","lastModifiedDate":"2020-05-25T00:03:55","isFullCredit":false},{"lineNumber":9,"author":{"gitId":"-"},"content":"# delete output from previous run","lastModifiedDate":"2020-05-25T00:03:55","isFullCredit":false},{"lineNumber":10,"author":{"gitId":"-"},"content":"if [ -e \"./ACTUAL.TXT\" ]","lastModifiedDate":"2020-05-25T00:03:55","isFullCredit":false},{"lineNumber":11,"author":{"gitId":"-"},"content":"then","lastModifiedDate":"2020-05-25T00:03:55","isFullCredit":false},{"lineNumber":12,"author":{"gitId":"-"},"content":"    rm ACTUAL.TXT","lastModifiedDate":"2020-05-25T00:03:55","isFullCredit":false},{"lineNumber":13,"author":{"gitId":"-"},"content":"fi","lastModifiedDate":"2020-05-25T00:03:55","isFullCredit":false},{"lineNumber":14,"author":{"gitId":"-"},"content":"","lastModifiedDate":"2020-05-25T00:03:55","isFullCredit":false},{"lineNumber":15,"author":{"gitId":"-"},"content":"# compile the code into the bin folder, terminates if error occurred","lastModifiedDate":"2020-05-25T00:03:55","isFullCredit":false},{"lineNumber":16,"author":{"gitId":"-"},"content":"if ! javac -cp ../src/main/java -Xlint:none -d ../bin ../src/main/java/*.java","lastModifiedDate":"2020-08-25T17:23:26","isFullCredit":false},{"lineNumber":17,"author":{"gitId":"-"},"content":"then","lastModifiedDate":"2020-05-25T00:03:55","isFullCredit":false},{"lineNumber":18,"author":{"gitId":"-"},"content":"    echo \"********** BUILD FAILURE **********\"","lastModifiedDate":"2020-05-25T00:03:55","isFullCredit":false},{"lineNumber":19,"author":{"gitId":"-"},"content":"    exit 1","lastModifiedDate":"2020-05-25T00:03:55","isFullCredit":false},{"lineNumber":20,"author":{"gitId":"-"},"content":"fi","lastModifiedDate":"2020-05-25T00:03:55","isFullCredit":false},{"lineNumber":21,"author":{"gitId":"-"},"content":"","lastModifiedDate":"2020-05-25T00:03:55","isFullCredit":false},{"lineNumber":22,"author":{"gitId":"-"},"content":"# run the program, feed commands from input.txt file and redirect the output to the ACTUAL.TXT","lastModifiedDate":"2020-05-25T00:03:55","isFullCredit":false},{"lineNumber":23,"author":{"gitId":"zjaoyuki"},"content":"java -classpath ../bin Rafayel \u003c input.txt \u003e ACTUAL.TXT","lastModifiedDate":"2025-08-21T14:00:18","isFullCredit":false},{"lineNumber":24,"author":{"gitId":"-"},"content":"","lastModifiedDate":"2020-05-25T00:03:55","isFullCredit":false},{"lineNumber":25,"author":{"gitId":"-"},"content":"# convert to UNIX format","lastModifiedDate":"2020-05-25T00:03:55","isFullCredit":false},{"lineNumber":26,"author":{"gitId":"-"},"content":"cp EXPECTED.TXT EXPECTED-UNIX.TXT","lastModifiedDate":"2020-05-25T00:03:55","isFullCredit":false},{"lineNumber":27,"author":{"gitId":"-"},"content":"dos2unix ACTUAL.TXT EXPECTED-UNIX.TXT","lastModifiedDate":"2020-05-25T00:03:55","isFullCredit":false},{"lineNumber":28,"author":{"gitId":"-"},"content":"","lastModifiedDate":"2020-05-25T00:03:55","isFullCredit":false},{"lineNumber":29,"author":{"gitId":"-"},"content":"# compare the output to the expected output","lastModifiedDate":"2020-05-25T00:03:55","isFullCredit":false},{"lineNumber":30,"author":{"gitId":"-"},"content":"diff ACTUAL.TXT EXPECTED-UNIX.TXT","lastModifiedDate":"2020-05-25T00:03:55","isFullCredit":false},{"lineNumber":31,"author":{"gitId":"-"},"content":"if [ $? -eq 0 ]","lastModifiedDate":"2020-05-25T00:03:55","isFullCredit":false},{"lineNumber":32,"author":{"gitId":"-"},"content":"then","lastModifiedDate":"2020-05-25T00:03:55","isFullCredit":false},{"lineNumber":33,"author":{"gitId":"-"},"content":"    echo \"Test result: PASSED\"","lastModifiedDate":"2020-05-25T00:03:55","isFullCredit":false},{"lineNumber":34,"author":{"gitId":"-"},"content":"    exit 0","lastModifiedDate":"2020-05-25T00:03:55","isFullCredit":false},{"lineNumber":35,"author":{"gitId":"-"},"content":"else","lastModifiedDate":"2020-05-25T00:03:55","isFullCredit":false},{"lineNumber":36,"author":{"gitId":"-"},"content":"    echo \"Test result: FAILED\"","lastModifiedDate":"2020-05-25T00:03:55","isFullCredit":false},{"lineNumber":37,"author":{"gitId":"-"},"content":"    exit 1","lastModifiedDate":"2020-05-25T00:03:55","isFullCredit":false},{"lineNumber":38,"author":{"gitId":"-"},"content":"fi","lastModifiedDate":"2020-05-25T00:03:55","isFullCredit":false}],"authorContributionMap":{"zjaoyuki":1,"-":37}}]
