[{"path":"src/main/java/Iris.java","fileType":"java","lines":[{"lineNumber":1,"author":{"gitId":"XKMai"},"content":"import java.util.Scanner;","lastModifiedDate":"2025-08-21T17:10:22","isFullCredit":false},{"lineNumber":2,"author":{"gitId":"XKMai"},"content":"","lastModifiedDate":"2025-08-21T17:10:22","isFullCredit":false},{"lineNumber":3,"author":{"gitId":"XKMai"},"content":"public class Iris {","lastModifiedDate":"2025-08-21T14:26:56","isFullCredit":false},{"lineNumber":4,"author":{"gitId":"XKMai"},"content":"    private static Scanner scanner \u003d new Scanner(System.in);","lastModifiedDate":"2025-08-21T17:10:22","isFullCredit":false},{"lineNumber":5,"author":{"gitId":"XKMai"},"content":"","lastModifiedDate":"2025-08-21T17:10:22","isFullCredit":false},{"lineNumber":6,"author":{"gitId":"-"},"content":"    public static void main(String[] args) {","lastModifiedDate":"2019-07-29T17:14:46","isFullCredit":false},{"lineNumber":7,"author":{"gitId":"XKMai"},"content":"        //Initializing","lastModifiedDate":"2025-08-21T17:10:22","isFullCredit":false},{"lineNumber":8,"author":{"gitId":"XKMai"},"content":"        String logo \u003d \".___       .__        \\n\"","lastModifiedDate":"2025-08-21T14:26:56","isFullCredit":false},{"lineNumber":9,"author":{"gitId":"XKMai"},"content":"                + \"|   |______|__| ______\\n\"","lastModifiedDate":"2025-08-21T14:26:56","isFullCredit":false},{"lineNumber":10,"author":{"gitId":"XKMai"},"content":"                + \"|   \\\\_  __ \\\\  |/  ___/\\n\"","lastModifiedDate":"2025-08-21T17:10:22","isFullCredit":false},{"lineNumber":11,"author":{"gitId":"XKMai"},"content":"                + \"|   ||  | \\\\/  |\\\\___ \\\\ \\n\"","lastModifiedDate":"2025-08-21T17:10:22","isFullCredit":false},{"lineNumber":12,"author":{"gitId":"XKMai"},"content":"                + \"|___||__|  |__/____  \u003e\\n\"","lastModifiedDate":"2025-08-21T14:26:56","isFullCredit":false},{"lineNumber":13,"author":{"gitId":"XKMai"},"content":"                + \"                   \\\\/ \\n\";","lastModifiedDate":"2025-08-21T17:10:22","isFullCredit":false},{"lineNumber":14,"author":{"gitId":"XKMai"},"content":"        ","lastModifiedDate":"2025-08-21T17:10:22","isFullCredit":false},{"lineNumber":15,"author":{"gitId":"XKMai"},"content":"","lastModifiedDate":"2025-08-21T17:10:22","isFullCredit":false},{"lineNumber":16,"author":{"gitId":"XKMai"},"content":"        //Welcome Message","lastModifiedDate":"2025-08-21T15:13:18","isFullCredit":false},{"lineNumber":17,"author":{"gitId":"XKMai"},"content":"        System.out.println(\"Hello! I\u0027m\\n\" + logo);","lastModifiedDate":"2025-08-21T15:13:18","isFullCredit":false},{"lineNumber":18,"author":{"gitId":"XKMai"},"content":"        System.out.println(\"What can I do for you?\");","lastModifiedDate":"2025-08-21T15:13:18","isFullCredit":false},{"lineNumber":19,"author":{"gitId":"XKMai"},"content":"","lastModifiedDate":"2025-08-21T15:13:18","isFullCredit":false},{"lineNumber":20,"author":{"gitId":"XKMai"},"content":"        String response \u003d scanner.nextLine();","lastModifiedDate":"2025-08-21T17:10:22","isFullCredit":false},{"lineNumber":21,"author":{"gitId":"XKMai"},"content":"        input(response);","lastModifiedDate":"2025-08-21T17:10:22","isFullCredit":false},{"lineNumber":22,"author":{"gitId":"XKMai"},"content":"    }","lastModifiedDate":"2025-08-21T17:10:22","isFullCredit":false},{"lineNumber":23,"author":{"gitId":"XKMai"},"content":"","lastModifiedDate":"2025-08-21T16:33:20","isFullCredit":false},{"lineNumber":24,"author":{"gitId":"XKMai"},"content":"    private static void input(String message) {","lastModifiedDate":"2025-08-21T16:33:20","isFullCredit":false},{"lineNumber":25,"author":{"gitId":"XKMai"},"content":"        if (message \u003d\u003d null || message.isEmpty()) {","lastModifiedDate":"2025-08-21T16:33:20","isFullCredit":false},{"lineNumber":26,"author":{"gitId":"XKMai"},"content":"            System.out.println(\"Input cannot be empty.\");","lastModifiedDate":"2025-08-21T16:33:20","isFullCredit":false},{"lineNumber":27,"author":{"gitId":"XKMai"},"content":"            return;","lastModifiedDate":"2025-08-21T16:33:20","isFullCredit":false},{"lineNumber":28,"author":{"gitId":"XKMai"},"content":"        }","lastModifiedDate":"2025-08-21T16:33:20","isFullCredit":false},{"lineNumber":29,"author":{"gitId":"XKMai"},"content":"        else if (message.equals(\"bye\")) {","lastModifiedDate":"2025-08-21T17:10:22","isFullCredit":false},{"lineNumber":30,"author":{"gitId":"XKMai"},"content":"            //Exit Message","lastModifiedDate":"2025-08-21T15:13:18","isFullCredit":false},{"lineNumber":31,"author":{"gitId":"XKMai"},"content":"            System.out.println(\"Bye. Hope to see you again soon!\");","lastModifiedDate":"2025-08-21T15:13:18","isFullCredit":false},{"lineNumber":32,"author":{"gitId":"XKMai"},"content":"            return;","lastModifiedDate":"2025-08-21T16:33:20","isFullCredit":false},{"lineNumber":33,"author":{"gitId":"XKMai"},"content":"        }","lastModifiedDate":"2025-08-21T16:33:20","isFullCredit":false},{"lineNumber":34,"author":{"gitId":"XKMai"},"content":"        else{","lastModifiedDate":"2025-08-21T16:33:20","isFullCredit":false},{"lineNumber":35,"author":{"gitId":"XKMai"},"content":"            echo(message);","lastModifiedDate":"2025-08-21T16:33:20","isFullCredit":false},{"lineNumber":36,"author":{"gitId":"XKMai"},"content":"            String response \u003d scanner.nextLine();","lastModifiedDate":"2025-08-21T16:33:20","isFullCredit":false},{"lineNumber":37,"author":{"gitId":"XKMai"},"content":"            input(response);","lastModifiedDate":"2025-08-21T17:10:22","isFullCredit":false},{"lineNumber":38,"author":{"gitId":"XKMai"},"content":"            return;","lastModifiedDate":"2025-08-21T17:10:22","isFullCredit":false},{"lineNumber":39,"author":{"gitId":"XKMai"},"content":"        }","lastModifiedDate":"2025-08-21T16:33:20","isFullCredit":false},{"lineNumber":40,"author":{"gitId":"XKMai"},"content":"    }","lastModifiedDate":"2025-08-21T16:33:20","isFullCredit":false},{"lineNumber":41,"author":{"gitId":"XKMai"},"content":"","lastModifiedDate":"2025-08-21T16:32:51","isFullCredit":false},{"lineNumber":42,"author":{"gitId":"XKMai"},"content":"    private static void echo(String message) {","lastModifiedDate":"2025-08-21T16:32:51","isFullCredit":false},{"lineNumber":43,"author":{"gitId":"XKMai"},"content":"        System.out.println(message);","lastModifiedDate":"2025-08-21T16:32:51","isFullCredit":false},{"lineNumber":44,"author":{"gitId":"-"},"content":"    }","lastModifiedDate":"2019-07-29T17:14:46","isFullCredit":false},{"lineNumber":45,"author":{"gitId":"-"},"content":"}","lastModifiedDate":"2019-07-29T17:14:46","isFullCredit":false}],"authorContributionMap":{"-":3,"XKMai":42}},{"path":"text-ui-test/runtest.sh","fileType":"sh","lines":[{"lineNumber":1,"author":{"gitId":"-"},"content":"#!/usr/bin/env bash","lastModifiedDate":"2020-05-25T00:03:55","isFullCredit":false},{"lineNumber":2,"author":{"gitId":"-"},"content":"","lastModifiedDate":"2020-05-25T00:03:55","isFullCredit":false},{"lineNumber":3,"author":{"gitId":"-"},"content":"# create bin directory if it doesn\u0027t exist","lastModifiedDate":"2020-05-25T00:03:55","isFullCredit":false},{"lineNumber":4,"author":{"gitId":"-"},"content":"if [ ! -d \"../bin\" ]","lastModifiedDate":"2020-05-25T00:03:55","isFullCredit":false},{"lineNumber":5,"author":{"gitId":"-"},"content":"then","lastModifiedDate":"2020-05-25T00:03:55","isFullCredit":false},{"lineNumber":6,"author":{"gitId":"-"},"content":"    mkdir ../bin","lastModifiedDate":"2020-05-25T00:03:55","isFullCredit":false},{"lineNumber":7,"author":{"gitId":"-"},"content":"fi","lastModifiedDate":"2020-05-25T00:03:55","isFullCredit":false},{"lineNumber":8,"author":{"gitId":"-"},"content":"","lastModifiedDate":"2020-05-25T00:03:55","isFullCredit":false},{"lineNumber":9,"author":{"gitId":"-"},"content":"# delete output from previous run","lastModifiedDate":"2020-05-25T00:03:55","isFullCredit":false},{"lineNumber":10,"author":{"gitId":"-"},"content":"if [ -e \"./ACTUAL.TXT\" ]","lastModifiedDate":"2020-05-25T00:03:55","isFullCredit":false},{"lineNumber":11,"author":{"gitId":"-"},"content":"then","lastModifiedDate":"2020-05-25T00:03:55","isFullCredit":false},{"lineNumber":12,"author":{"gitId":"-"},"content":"    rm ACTUAL.TXT","lastModifiedDate":"2020-05-25T00:03:55","isFullCredit":false},{"lineNumber":13,"author":{"gitId":"-"},"content":"fi","lastModifiedDate":"2020-05-25T00:03:55","isFullCredit":false},{"lineNumber":14,"author":{"gitId":"-"},"content":"","lastModifiedDate":"2020-05-25T00:03:55","isFullCredit":false},{"lineNumber":15,"author":{"gitId":"-"},"content":"# compile the code into the bin folder, terminates if error occurred","lastModifiedDate":"2020-05-25T00:03:55","isFullCredit":false},{"lineNumber":16,"author":{"gitId":"-"},"content":"if ! javac -cp ../src/main/java -Xlint:none -d ../bin ../src/main/java/*.java","lastModifiedDate":"2020-08-25T17:23:26","isFullCredit":false},{"lineNumber":17,"author":{"gitId":"-"},"content":"then","lastModifiedDate":"2020-05-25T00:03:55","isFullCredit":false},{"lineNumber":18,"author":{"gitId":"-"},"content":"    echo \"********** BUILD FAILURE **********\"","lastModifiedDate":"2020-05-25T00:03:55","isFullCredit":false},{"lineNumber":19,"author":{"gitId":"-"},"content":"    exit 1","lastModifiedDate":"2020-05-25T00:03:55","isFullCredit":false},{"lineNumber":20,"author":{"gitId":"-"},"content":"fi","lastModifiedDate":"2020-05-25T00:03:55","isFullCredit":false},{"lineNumber":21,"author":{"gitId":"-"},"content":"","lastModifiedDate":"2020-05-25T00:03:55","isFullCredit":false},{"lineNumber":22,"author":{"gitId":"-"},"content":"# run the program, feed commands from input.txt file and redirect the output to the ACTUAL.TXT","lastModifiedDate":"2020-05-25T00:03:55","isFullCredit":false},{"lineNumber":23,"author":{"gitId":"XKMai"},"content":"java -classpath ../bin Iris \u003c input.txt \u003e ACTUAL.TXT","lastModifiedDate":"2025-08-21T14:26:56","isFullCredit":false},{"lineNumber":24,"author":{"gitId":"-"},"content":"","lastModifiedDate":"2020-05-25T00:03:55","isFullCredit":false},{"lineNumber":25,"author":{"gitId":"-"},"content":"# convert to UNIX format","lastModifiedDate":"2020-05-25T00:03:55","isFullCredit":false},{"lineNumber":26,"author":{"gitId":"-"},"content":"cp EXPECTED.TXT EXPECTED-UNIX.TXT","lastModifiedDate":"2020-05-25T00:03:55","isFullCredit":false},{"lineNumber":27,"author":{"gitId":"-"},"content":"dos2unix ACTUAL.TXT EXPECTED-UNIX.TXT","lastModifiedDate":"2020-05-25T00:03:55","isFullCredit":false},{"lineNumber":28,"author":{"gitId":"-"},"content":"","lastModifiedDate":"2020-05-25T00:03:55","isFullCredit":false},{"lineNumber":29,"author":{"gitId":"-"},"content":"# compare the output to the expected output","lastModifiedDate":"2020-05-25T00:03:55","isFullCredit":false},{"lineNumber":30,"author":{"gitId":"-"},"content":"diff ACTUAL.TXT EXPECTED-UNIX.TXT","lastModifiedDate":"2020-05-25T00:03:55","isFullCredit":false},{"lineNumber":31,"author":{"gitId":"-"},"content":"if [ $? -eq 0 ]","lastModifiedDate":"2020-05-25T00:03:55","isFullCredit":false},{"lineNumber":32,"author":{"gitId":"-"},"content":"then","lastModifiedDate":"2020-05-25T00:03:55","isFullCredit":false},{"lineNumber":33,"author":{"gitId":"-"},"content":"    echo \"Test result: PASSED\"","lastModifiedDate":"2020-05-25T00:03:55","isFullCredit":false},{"lineNumber":34,"author":{"gitId":"-"},"content":"    exit 0","lastModifiedDate":"2020-05-25T00:03:55","isFullCredit":false},{"lineNumber":35,"author":{"gitId":"-"},"content":"else","lastModifiedDate":"2020-05-25T00:03:55","isFullCredit":false},{"lineNumber":36,"author":{"gitId":"-"},"content":"    echo \"Test result: FAILED\"","lastModifiedDate":"2020-05-25T00:03:55","isFullCredit":false},{"lineNumber":37,"author":{"gitId":"-"},"content":"    exit 1","lastModifiedDate":"2020-05-25T00:03:55","isFullCredit":false},{"lineNumber":38,"author":{"gitId":"-"},"content":"fi","lastModifiedDate":"2020-05-25T00:03:55","isFullCredit":false}],"authorContributionMap":{"-":37,"XKMai":1}}]
