{"authorDailyContributionsMap":{"gooZXSean":[{"date":"2025-08-21T00:00:00","commitResults":[{"hash":"05e85353bc930166cd3ee81dbdf7dae19c0a8a6b","isMergeCommit":false,"messageTitle":"Renamed, Added Logo, Greet, Exit","messageBody":"","tags":["Level-0"],"fileTypesAndContributionMap":{"java":{"insertions":41,"deletions":10},"md":{"insertions":1,"deletions":1}}},{"hash":"09d3b22e5311f1dfde3965970e3b8bc13e74e48c","isMergeCommit":false,"messageTitle":"Added userLoop to read user input and echo it,  and exit if bye is input","messageBody":"","tags":["Level-1"],"fileTypesAndContributionMap":{"java":{"insertions":14,"deletions":4}}},{"hash":"bebb5b7820a6f8423148b3b04ad7ba7d4ed57965","isMergeCommit":false,"messageTitle":"Add the ability to store whatever text entered by the user and display them back to the user when requested.","messageBody":"","tags":["Level-2","A-Collections","A-Classes"],"fileTypesAndContributionMap":{"java":{"insertions":59,"deletions":8}}},{"hash":"dc2fa00f8b326033a175ed80349504eeaecdb5ad","isMergeCommit":false,"messageTitle":"Added the ability to mark tasks as done. Added the ability to change the status back to not done.","messageBody":"","tags":["Level-3"],"fileTypesAndContributionMap":{"java":{"insertions":59,"deletions":8}}}]},{"date":"2025-08-22T00:00:00","commitResults":[{"hash":"253f6655b7d7e55f2ceaef6d4c1fa610fbde5494","isMergeCommit":false,"messageTitle":"Added ToDos, Events, Deadlines","messageBody":"","tags":["Level-4","A-Inheritance"],"fileTypesAndContributionMap":{"java":{"insertions":91,"deletions":8}}},{"hash":"8f1a4ded7e623b7919f70cb61c81c6f51cbde9cb","isMergeCommit":false,"messageTitle":"Automated Text UI Testing","messageBody":"","tags":["A-TextUiTesting"],"fileTypesAndContributionMap":{"txt":{"insertions":5,"deletions":0},"java":{"insertions":14,"deletions":8},"bat":{"insertions":1,"deletions":1}}},{"hash":"929d16f939f49750dd870c48d97ce2eb0f614aca","isMergeCommit":false,"messageTitle":"Added error handling for todo and unrecognised commands, and refactored repeated code when adding tasks","messageBody":"","tags":["Level-5","A-Exceptions"],"fileTypesAndContributionMap":{"java":{"insertions":52,"deletions":46}}},{"hash":"6e927002dd00f7cdb94455583d4daf0bb6ef5fc3","isMergeCommit":false,"messageTitle":"Add support for deleting tasks from the list.","messageBody":"","tags":["Level-6"],"fileTypesAndContributionMap":{"java":{"insertions":17,"deletions":0}}},{"hash":"036416fc8c4fb1ac482ae01d20b39a6dbf7ad241","isMergeCommit":false,"messageTitle":"Minor cleanup","messageBody":"","fileTypesAndContributionMap":{"java":{"insertions":3,"deletions":3}}}]},{"date":"2025-08-28T00:00:00","commitResults":[{"hash":"6ffa707de22d0e138d8ceb955c017d8b5bf4bba0","isMergeCommit":false,"messageTitle":"Format switch case code style","messageBody":"","fileTypesAndContributionMap":{"java":{"insertions":47,"deletions":47}}},{"hash":"fb73a1e26ca3f2cd1c9962b1818f42f09fea8c7e","isMergeCommit":false,"messageTitle":"Add function to save the tasks hard disk","messageBody":"","fileTypesAndContributionMap":{"java":{"insertions":86,"deletions":21}}},{"hash":"7b8073a3ad4d4a18f2c5edf543086fd97233eebc","isMergeCommit":false,"messageTitle":"Remove wildcard import","messageBody":"","fileTypesAndContributionMap":{"java":{"insertions":6,"deletions":1}}},{"hash":"a79fdb401ecd7412304f5eb9d9e16f2ca3ed917e","isMergeCommit":true,"messageTitle":"Merge branch \u0027branch-Level-7\u0027","messageBody":"","tags":["Level-7"],"fileTypesAndContributionMap":{}},{"hash":"88e79168d759220dab3aff9ed33d8f6bd24e90d9","isMergeCommit":false,"messageTitle":"Add parser class","messageBody":"","tags":["A-MoreOOP"],"fileTypesAndContributionMap":{"java":{"insertions":107,"deletions":55}}},{"hash":"cd350336215f70a29d9dda75905175acf3d2d4d5","isMergeCommit":false,"messageTitle":"Store dates as localdatetime","messageBody":"","tags":["Level-8"],"fileTypesAndContributionMap":{"java":{"insertions":62,"deletions":13}}},{"hash":"9bdf0dadc698d3a37a7a8bfd19e63b5bdcc54ff6","isMergeCommit":true,"messageTitle":"Merge branch \u0027branch-Level-8\u0027","messageBody":"","fileTypesAndContributionMap":{}},{"hash":"10ea8d9060df5fcbe4ac8f94ac93a082664e98dc","isMergeCommit":false,"messageTitle":"Organize into packages","messageBody":"","tags":["A-Packages"],"fileTypesAndContributionMap":{"java":{"insertions":29,"deletions":5}}},{"hash":"18371c1a3817544f9ae818e0a0f27e7d96e1ae21","isMergeCommit":true,"messageTitle":"Merge branch \u0027add-gradle-support\u0027","messageBody":"","fileTypesAndContributionMap":{}},{"hash":"3f1e576ceb9edbdcdbf5cf9f02572b7d0a9e2492","isMergeCommit":false,"messageTitle":"gradle: Update application","messageBody":"","tags":["A-Gradle"],"fileTypesAndContributionMap":{"gradle":{"insertions":1,"deletions":1},"java":{"insertions":1,"deletions":1}}},{"hash":"205d7d961e8fba925b7bbd5adab76a81b85a3e41","isMergeCommit":false,"messageTitle":"Move some classes to storage package","messageBody":"","fileTypesAndContributionMap":{"java":{"insertions":23,"deletions":2}}}]},{"date":"2025-08-29T00:00:00","commitResults":[{"hash":"1b1b50309a6d90d427978e68d3373a05b4033407","isMergeCommit":false,"messageTitle":"Add unit testing for parser and task","messageBody":"","tags":["A-JUnit"],"fileTypesAndContributionMap":{"java":{"insertions":155,"deletions":6}}},{"hash":"b4c1eb2b3e3581636977f56b54e894d28ec36ee6","isMergeCommit":false,"messageTitle":"Update build.gradle","messageBody":"","tags":["A-Jar"],"fileTypesAndContributionMap":{"gradle":{"insertions":2,"deletions":1}}}]}]},"authorFileTypeContributionMap":{"gooZXSean":{"java":612,"md":1,"fxml":0,"sh":0,"bat":1,"gradle":3,"txt":5}},"authorContributionVariance":{"gooZXSean":15061.603},"authorDisplayNameMap":{"gooZXSean":"CS2103T-F08a-2 GOO ..SEAN"}}
