{"authorDailyContributionsMap":{"jayyyyy25":[{"date":"2025-08-19T00:00:00","commitResults":[{"hash":"8fb8c09219c4795a05d21f3d66c7c7dbe968fed9","isMergeCommit":false,"messageTitle":"Rename and Greet","messageBody":"","tags":["Level-0"],"fileTypesAndContributionMap":{"java":{"insertions":19,"deletions":10}}},{"hash":"5ab7f9f072523c9055ec1eb3c924943515b1bc9d","isMergeCommit":false,"messageTitle":"Add support for echo","messageBody":"","tags":["Level-1"],"fileTypesAndContributionMap":{"java":{"insertions":51,"deletions":15}}},{"hash":"9b40252bfb71a997b017af8b60d7c76435041540","isMergeCommit":false,"messageTitle":"Add support for items adding and list","messageBody":"","tags":["Level-2"],"fileTypesAndContributionMap":{"java":{"insertions":22,"deletions":14}}},{"hash":"e8a3489940a642e039f04fe5a9eb7d2dc6e55158","isMergeCommit":false,"messageTitle":"Add support for mark \u0026 unmark done","messageBody":"","tags":["Level-3"],"fileTypesAndContributionMap":{"java":{"insertions":60,"deletions":9}}},{"hash":"14ca27190d184a68cf6d3e89cb433db3d7e13ed4","isMergeCommit":false,"messageTitle":"Add support to three types of tasks","messageBody":"","tags":["Level-4"],"fileTypesAndContributionMap":{"java":{"insertions":84,"deletions":5}}},{"hash":"7ea207c147ac7e29aac631cef03ed7671231c241","isMergeCommit":false,"messageTitle":"Automated Text UI Testing","messageBody":"","tags":["A-TextUiTesting"],"fileTypesAndContributionMap":{"txt":{"insertions":61,"deletions":0},"java":{"insertions":3,"deletions":3},"bat":{"insertions":1,"deletions":1}}},{"hash":"56206c2f2a0e053158a108674b5861b124bcb6d9","isMergeCommit":false,"messageTitle":"Handle errors","messageBody":"","tags":["Level-5"],"fileTypesAndContributionMap":{"txt":{"insertions":5,"deletions":0},"java":{"insertions":71,"deletions":11}}},{"hash":"7ecce264d14ac9539d9faa94583e69999a059116","isMergeCommit":false,"messageTitle":"Add support to delete tasks by index","messageBody":"","tags":["Level-6"],"fileTypesAndContributionMap":{"txt":{"insertions":2,"deletions":0},"java":{"insertions":18,"deletions":3}}},{"hash":"13910a2a57faaea5bc7c5c752cb693a6d79a5ccd","isMergeCommit":false,"messageTitle":"Use enums for commands","messageBody":"","tags":["A-Enums"],"fileTypesAndContributionMap":{"java":{"insertions":76,"deletions":70}}}]},{"date":"2025-08-28T00:00:00","commitResults":[{"hash":"4e579578992f39ebf3ed5810cef7a2deab4086f1","isMergeCommit":false,"messageTitle":"Update correct identation for switch-case blocks","messageBody":"","fileTypesAndContributionMap":{"java":{"insertions":67,"deletions":67}}},{"hash":"e609557ed9815f662f60c58b86b3294fe607a1b8","isMergeCommit":false,"messageTitle":"Add support to save tasks in hard disk","messageBody":"","fileTypesAndContributionMap":{"txt":{"insertions":2,"deletions":0},"java":{"insertions":175,"deletions":1}}},{"hash":"52e18796c371d32f41b337fbe2af4ecc97b19c9d","isMergeCommit":true,"messageTitle":"B Merge branch \u0027branch-Level-7\u0027 Add support to save tasks to hard disk","messageBody":"","tags":["Level-7"],"fileTypesAndContributionMap":{}},{"hash":"8ca4ef44a305a956cb13942bce3411a7a732367e","isMergeCommit":false,"messageTitle":"Add support to date time object instead of saving date as string","messageBody":"","fileTypesAndContributionMap":{"txt":{"insertions":6,"deletions":2},"java":{"insertions":169,"deletions":23}}},{"hash":"60e6f71212d8ac7759c882c55c1247e878c62a86","isMergeCommit":true,"messageTitle":"Add support to Date/Time values","messageBody":"","tags":["Level-8"],"fileTypesAndContributionMap":{}}]},{"date":"2025-09-01T00:00:00","commitResults":[{"hash":"2826b74068ba1e918359fa59b0768aece4f6f7ed","isMergeCommit":false,"messageTitle":"Add support to apply OOP on codes","messageBody":"","fileTypesAndContributionMap":{"java":{"insertions":497,"deletions":323}}},{"hash":"ccb9b96764f4f9cb7a7a0e01aa0fc63083ecc8a1","isMergeCommit":true,"messageTitle":"Add support to OOP","messageBody":"","tags":["A-MoreOOP"],"fileTypesAndContributionMap":{}},{"hash":"ada0f0fd1ee6ec6814f14eeb9f98e9cb0edf1fa3","isMergeCommit":false,"messageTitle":"Organizes classes into packages","messageBody":"","fileTypesAndContributionMap":{"txt":{"insertions":6,"deletions":6},"java":{"insertions":119,"deletions":35}}},{"hash":"3c157ba0d2ebb7bd6a9c2c4c45d5ae618d00b112","isMergeCommit":true,"messageTitle":"Merges packages branch into master","messageBody":"","tags":["A-Packages"],"fileTypesAndContributionMap":{}},{"hash":"973f4e6256fa7f0a1a7227634bf933c14abb01b8","isMergeCommit":true,"messageTitle":"Merges gradle support to master","messageBody":"","tags":["A-Gradle"],"fileTypesAndContributionMap":{}}]},{"date":"2025-09-02T00:00:00","commitResults":[{"hash":"2da6e49d562cb3f1ade2d4d224167223bf39a29f","isMergeCommit":false,"messageTitle":"Add support to JUnit tests","messageBody":"","fileTypesAndContributionMap":{"txt":{"insertions":25,"deletions":0},"java":{"insertions":759,"deletions":38}}},{"hash":"9de80ccebb297a9c048dc7e8ac6ad0044e2e201e","isMergeCommit":true,"messageTitle":"Adds JUnit tests","messageBody":"","tags":["A-JUnit"],"fileTypesAndContributionMap":{}},{"hash":"73d3dc2b40e9e38249983451825dd8e25d18e797","isMergeCommit":false,"messageTitle":"Fixes some bugs on printing error message","messageBody":"","fileTypesAndContributionMap":{"gradle":{"insertions":2,"deletions":2},"txt":{"insertions":7,"deletions":0},"java":{"insertions":15,"deletions":11}}},{"hash":"bf954f88902fcf88c31befd16b6935518031416a","isMergeCommit":true,"messageTitle":"Fixes bugs and build jar","messageBody":"","tags":["A-Jar"],"fileTypesAndContributionMap":{}},{"hash":"55e185b41108e5c995f34220ea2cdac6c922ba59","isMergeCommit":false,"messageTitle":"Add JavaDoc comments","messageBody":"","fileTypesAndContributionMap":{"java":{"insertions":328,"deletions":4}}},{"hash":"71f721829e2f85eeb68931674ff98011c260fcb8","isMergeCommit":false,"messageTitle":"Tweaks the code to comply with coding standard","messageBody":"","fileTypesAndContributionMap":{"java":{"insertions":87,"deletions":58}}},{"hash":"c935f9a97fade1949cf83d1b9f2fc4d647ed6f83","isMergeCommit":false,"messageTitle":"Add support to find tasks by keyword","messageBody":"","fileTypesAndContributionMap":{"java":{"insertions":98,"deletions":29}}},{"hash":"a6baf58c1da0b39c8dec2dde1064a222051432d1","isMergeCommit":false,"messageTitle":"Fixes text on storage","messageBody":"","fileTypesAndContributionMap":{"txt":{"insertions":1,"deletions":31}}},{"hash":"f70d2ff6584e8ad1f959e70c053e1dd7c7288c53","isMergeCommit":true,"messageTitle":"Add JavaDoc comments","messageBody":"","tags":["A-JavaDoc"],"fileTypesAndContributionMap":{}},{"hash":"f55cb6e61df7df5ec1f84edbe3ce6c2f96534a79","isMergeCommit":true,"messageTitle":"Tweak codes to comply with coding standard","messageBody":"","tags":["A-CodingStandard"],"fileTypesAndContributionMap":{}},{"hash":"6ebf2d467cc23c6ce81f08b4065d895243f8cf85","isMergeCommit":true,"messageTitle":"Add support to find task by keywords","messageBody":"","tags":["Level-9"],"fileTypesAndContributionMap":{}},{"hash":"e6b9c752f524818e4551ff813454318abbadca08","isMergeCommit":false,"messageTitle":"Add support to checkstyle","messageBody":"","fileTypesAndContributionMap":{"gradle":{"insertions":5,"deletions":0},"java":{"insertions":2,"deletions":3}}},{"hash":"648f7fd04a7c0316fe40bd447ae4faf93ffc2ca7","isMergeCommit":true,"messageTitle":"Add checkstyle plugins","messageBody":"","tags":["A-CheckStyle"],"fileTypesAndContributionMap":{}}]}]},"authorFileTypeContributionMap":{"jayyyyy25":{"java":1999,"md":0,"fxml":0,"sh":0,"bat":1,"gradle":7,"txt":76}},"authorContributionVariance":{"jayyyyy25":129737.71},"authorDisplayNameMap":{"jayyyyy25":"CS2103T-F15b-1 TAN .. JAY"}}
