[{"path":"data/tasks.txt","fileType":"txt","lines":[{"lineNumber":1,"author":{"gitId":"lanjia0"},"content":"T | 0 | homework","lastModifiedDate":"2025-09-03T12:30:00","isFullCredit":false},{"lineNumber":2,"author":{"gitId":"lanjia0"},"content":"T | 0 | sleep","lastModifiedDate":"2025-09-03T12:30:00","isFullCredit":false},{"lineNumber":3,"author":{"gitId":"lanjia0"},"content":"T | 0 | go for class","lastModifiedDate":"2025-09-03T12:30:00","isFullCredit":false}],"authorContributionMap":{"lanjia0":3}},{"path":"src/main/java/AngSoonTong.java","fileType":"java","lines":[{"lineNumber":1,"author":{"gitId":"lanjia0"},"content":"import java.io.IOException;","lastModifiedDate":"2025-09-03T02:37:11","isFullCredit":false},{"lineNumber":2,"author":{"gitId":"lanjia0"},"content":"import java.util.ArrayList;","lastModifiedDate":"2025-09-03T02:37:11","isFullCredit":false},{"lineNumber":3,"author":{"gitId":"lanjia0"},"content":"import java.util.List;","lastModifiedDate":"2025-09-03T02:37:11","isFullCredit":false},{"lineNumber":4,"author":{"gitId":"lanjia0"},"content":"import java.util.Objects;","lastModifiedDate":"2025-08-22T20:05:45","isFullCredit":false},{"lineNumber":5,"author":{"gitId":"lanjia0"},"content":"import java.util.Scanner;","lastModifiedDate":"2025-08-22T20:05:45","isFullCredit":false},{"lineNumber":6,"author":{"gitId":"lanjia0"},"content":"","lastModifiedDate":"2025-08-22T20:05:45","isFullCredit":false},{"lineNumber":7,"author":{"gitId":"lanjia0"},"content":"public class AngSoonTong {","lastModifiedDate":"2025-08-22T15:15:10","isFullCredit":false},{"lineNumber":8,"author":{"gitId":"lanjia0"},"content":"    private static void saveTasks(Storage storage, Task[] list, int index) {","lastModifiedDate":"2025-09-03T02:37:11","isFullCredit":false},{"lineNumber":9,"author":{"gitId":"lanjia0"},"content":"        try {","lastModifiedDate":"2025-09-03T02:37:11","isFullCredit":false},{"lineNumber":10,"author":{"gitId":"lanjia0"},"content":"            List\u003cString\u003e lines \u003d new ArrayList\u003c\u003e();","lastModifiedDate":"2025-09-03T02:37:11","isFullCredit":false},{"lineNumber":11,"author":{"gitId":"lanjia0"},"content":"            for (int i \u003d 0; i \u003c index; i++) {","lastModifiedDate":"2025-09-03T02:37:11","isFullCredit":false},{"lineNumber":12,"author":{"gitId":"lanjia0"},"content":"                lines.add(list[i].toFileFormat());","lastModifiedDate":"2025-09-03T02:37:11","isFullCredit":false},{"lineNumber":13,"author":{"gitId":"lanjia0"},"content":"            }","lastModifiedDate":"2025-09-03T02:37:11","isFullCredit":false},{"lineNumber":14,"author":{"gitId":"lanjia0"},"content":"            storage.save(lines);","lastModifiedDate":"2025-09-03T02:37:11","isFullCredit":false},{"lineNumber":15,"author":{"gitId":"lanjia0"},"content":"        } catch (IOException e) {","lastModifiedDate":"2025-09-03T02:37:11","isFullCredit":false},{"lineNumber":16,"author":{"gitId":"lanjia0"},"content":"            System.out.println(\"Error saving file: \" + e.getMessage());","lastModifiedDate":"2025-09-03T02:37:11","isFullCredit":false},{"lineNumber":17,"author":{"gitId":"lanjia0"},"content":"        }","lastModifiedDate":"2025-09-03T02:37:11","isFullCredit":false},{"lineNumber":18,"author":{"gitId":"lanjia0"},"content":"    }","lastModifiedDate":"2025-09-03T02:37:11","isFullCredit":false},{"lineNumber":19,"author":{"gitId":"lanjia0"},"content":"","lastModifiedDate":"2025-09-03T02:37:11","isFullCredit":false},{"lineNumber":20,"author":{"gitId":"lanjia0"},"content":"    public static void main(String[] args) {","lastModifiedDate":"2025-08-22T15:15:10","isFullCredit":false},{"lineNumber":21,"author":{"gitId":"lanjia0"},"content":"        System.out.println(\"Eh! I\u0027m Soon Tong\\nWhat you want?!\"); // greeting message","lastModifiedDate":"2025-09-03T02:37:11","isFullCredit":false},{"lineNumber":22,"author":{"gitId":"lanjia0"},"content":"","lastModifiedDate":"2025-08-22T20:05:45","isFullCredit":false},{"lineNumber":23,"author":{"gitId":"lanjia0"},"content":"        Storage storage \u003d new Storage(\"./data/tasks.txt\");","lastModifiedDate":"2025-09-03T02:37:11","isFullCredit":false},{"lineNumber":24,"author":{"gitId":"lanjia0"},"content":"        Task[] list \u003d new Task[100];","lastModifiedDate":"2025-08-22T20:31:01","isFullCredit":false},{"lineNumber":25,"author":{"gitId":"lanjia0"},"content":"        boolean running \u003d true;","lastModifiedDate":"2025-08-22T20:05:45","isFullCredit":false},{"lineNumber":26,"author":{"gitId":"lanjia0"},"content":"        int index \u003d 0;","lastModifiedDate":"2025-08-22T20:05:45","isFullCredit":false},{"lineNumber":27,"author":{"gitId":"lanjia0"},"content":"        Scanner sc \u003d new Scanner(System.in);","lastModifiedDate":"2025-08-22T20:05:45","isFullCredit":false},{"lineNumber":28,"author":{"gitId":"lanjia0"},"content":"","lastModifiedDate":"2025-08-22T20:05:45","isFullCredit":false},{"lineNumber":29,"author":{"gitId":"lanjia0"},"content":"        try {","lastModifiedDate":"2025-09-03T02:37:11","isFullCredit":false},{"lineNumber":30,"author":{"gitId":"lanjia0"},"content":"            for (String line : storage.load()) {","lastModifiedDate":"2025-09-03T02:37:11","isFullCredit":false},{"lineNumber":31,"author":{"gitId":"lanjia0"},"content":"                Task t \u003d TaskDecoder.decode(line);","lastModifiedDate":"2025-09-03T02:37:11","isFullCredit":false},{"lineNumber":32,"author":{"gitId":"lanjia0"},"content":"                list[index] \u003d t;","lastModifiedDate":"2025-09-03T02:37:11","isFullCredit":false},{"lineNumber":33,"author":{"gitId":"lanjia0"},"content":"                index++;","lastModifiedDate":"2025-09-03T02:37:11","isFullCredit":false},{"lineNumber":34,"author":{"gitId":"lanjia0"},"content":"            }","lastModifiedDate":"2025-09-03T02:37:11","isFullCredit":false},{"lineNumber":35,"author":{"gitId":"lanjia0"},"content":"        } catch (IOException e) {","lastModifiedDate":"2025-09-03T02:37:11","isFullCredit":false},{"lineNumber":36,"author":{"gitId":"lanjia0"},"content":"            System.out.println(\"Wah cannot read file leh: \" + e.getMessage());","lastModifiedDate":"2025-09-03T02:37:11","isFullCredit":false},{"lineNumber":37,"author":{"gitId":"lanjia0"},"content":"        }","lastModifiedDate":"2025-09-03T02:37:11","isFullCredit":false},{"lineNumber":38,"author":{"gitId":"lanjia0"},"content":"","lastModifiedDate":"2025-09-03T02:37:11","isFullCredit":false},{"lineNumber":39,"author":{"gitId":"lanjia0"},"content":"        while (running) {","lastModifiedDate":"2025-08-22T20:05:45","isFullCredit":false},{"lineNumber":40,"author":{"gitId":"lanjia0"},"content":"","lastModifiedDate":"2025-08-22T20:05:45","isFullCredit":false},{"lineNumber":41,"author":{"gitId":"lanjia0"},"content":"            String curr \u003d sc.nextLine();","lastModifiedDate":"2025-08-22T20:05:45","isFullCredit":false},{"lineNumber":42,"author":{"gitId":"lanjia0"},"content":"            String[] words \u003d curr.split(\" \"); // split by spaces","lastModifiedDate":"2025-08-22T20:57:23","isFullCredit":false},{"lineNumber":43,"author":{"gitId":"lanjia0"},"content":"            String firstWord \u003d words[0]; // take the first word","lastModifiedDate":"2025-08-22T20:57:23","isFullCredit":false},{"lineNumber":44,"author":{"gitId":"lanjia0"},"content":"            String[] slash \u003d curr.split(\"/\");","lastModifiedDate":"2025-08-23T18:00:53","isFullCredit":false},{"lineNumber":45,"author":{"gitId":"lanjia0"},"content":"","lastModifiedDate":"2025-08-22T20:05:45","isFullCredit":false},{"lineNumber":46,"author":{"gitId":"lanjia0"},"content":"            if (Objects.equals(curr, \"bye\")) { // exiting the program","lastModifiedDate":"2025-08-24T16:47:44","isFullCredit":false},{"lineNumber":47,"author":{"gitId":"lanjia0"},"content":"                running \u003d false;","lastModifiedDate":"2025-08-22T20:05:45","isFullCredit":false},{"lineNumber":48,"author":{"gitId":"lanjia0"},"content":"","lastModifiedDate":"2025-08-24T16:47:44","isFullCredit":false},{"lineNumber":49,"author":{"gitId":"lanjia0"},"content":"            } else if (Objects.equals(words[0], \"todo\") ||","lastModifiedDate":"2025-08-23T18:00:53","isFullCredit":false},{"lineNumber":50,"author":{"gitId":"lanjia0"},"content":"                       Objects.equals(words[0], \"event\") ||","lastModifiedDate":"2025-08-23T18:00:53","isFullCredit":false},{"lineNumber":51,"author":{"gitId":"lanjia0"},"content":"                        Objects.equals(words[0], \"deadline\")) { // handles the cases whereby a new kind of Task is created","lastModifiedDate":"2025-08-24T16:47:44","isFullCredit":false},{"lineNumber":52,"author":{"gitId":"lanjia0"},"content":"                String str \u003d words[0];","lastModifiedDate":"2025-08-23T18:00:53","isFullCredit":false},{"lineNumber":53,"author":{"gitId":"lanjia0"},"content":"","lastModifiedDate":"2025-08-24T02:22:32","isFullCredit":false},{"lineNumber":54,"author":{"gitId":"lanjia0"},"content":"                // checking for no task description after task keyword","lastModifiedDate":"2025-08-24T02:22:32","isFullCredit":false},{"lineNumber":55,"author":{"gitId":"lanjia0"},"content":"                try {","lastModifiedDate":"2025-08-24T02:22:32","isFullCredit":false},{"lineNumber":56,"author":{"gitId":"lanjia0"},"content":"                    String test \u003d words[1];","lastModifiedDate":"2025-08-24T02:22:32","isFullCredit":false},{"lineNumber":57,"author":{"gitId":"lanjia0"},"content":"                } catch (ArrayIndexOutOfBoundsException e) {","lastModifiedDate":"2025-08-24T02:22:32","isFullCredit":false},{"lineNumber":58,"author":{"gitId":"lanjia0"},"content":"                    System.out.println(\"Oi! The description cannot be empty la!\\n\");","lastModifiedDate":"2025-08-24T02:22:32","isFullCredit":false},{"lineNumber":59,"author":{"gitId":"lanjia0"},"content":"                    continue;","lastModifiedDate":"2025-08-24T02:22:32","isFullCredit":false},{"lineNumber":60,"author":{"gitId":"lanjia0"},"content":"                }","lastModifiedDate":"2025-08-24T02:22:32","isFullCredit":false},{"lineNumber":61,"author":{"gitId":"lanjia0"},"content":"","lastModifiedDate":"2025-08-24T02:22:32","isFullCredit":false},{"lineNumber":62,"author":{"gitId":"lanjia0"},"content":"                if (Objects.equals(str, \"todo\")) {","lastModifiedDate":"2025-08-23T18:00:53","isFullCredit":false},{"lineNumber":63,"author":{"gitId":"lanjia0"},"content":"                    Task newTask \u003d new ToDo(slash[0].substring(5));","lastModifiedDate":"2025-08-23T18:00:53","isFullCredit":false},{"lineNumber":64,"author":{"gitId":"lanjia0"},"content":"                    list[index] \u003d newTask;","lastModifiedDate":"2025-08-23T18:00:53","isFullCredit":false},{"lineNumber":65,"author":{"gitId":"lanjia0"},"content":"                    index++;","lastModifiedDate":"2025-08-23T18:00:53","isFullCredit":false},{"lineNumber":66,"author":{"gitId":"lanjia0"},"content":"","lastModifiedDate":"2025-08-23T18:00:53","isFullCredit":false},{"lineNumber":67,"author":{"gitId":"lanjia0"},"content":"                    System.out.printf(\"Steady! I add this already:\\n  \" + newTask + \"\\n\");","lastModifiedDate":"2025-08-23T18:00:53","isFullCredit":false},{"lineNumber":68,"author":{"gitId":"lanjia0"},"content":"                    System.out.printf(\"Now your list got %d tasks.\\n\", index);","lastModifiedDate":"2025-08-24T17:34:40","isFullCredit":false},{"lineNumber":69,"author":{"gitId":"lanjia0"},"content":"","lastModifiedDate":"2025-09-03T02:37:11","isFullCredit":false},{"lineNumber":70,"author":{"gitId":"lanjia0"},"content":"","lastModifiedDate":"2025-09-03T02:37:11","isFullCredit":false},{"lineNumber":71,"author":{"gitId":"lanjia0"},"content":"                    saveTasks(storage, list, index);","lastModifiedDate":"2025-09-03T02:37:11","isFullCredit":false},{"lineNumber":72,"author":{"gitId":"lanjia0"},"content":"","lastModifiedDate":"2025-09-03T02:37:11","isFullCredit":false},{"lineNumber":73,"author":{"gitId":"lanjia0"},"content":"                } else if (Objects.equals(str, \"event\")) {","lastModifiedDate":"2025-08-23T18:00:53","isFullCredit":false},{"lineNumber":74,"author":{"gitId":"lanjia0"},"content":"                    Task newTask \u003d new Event(slash[0].substring(6),slash[1], slash[2]);","lastModifiedDate":"2025-08-23T18:00:53","isFullCredit":false},{"lineNumber":75,"author":{"gitId":"lanjia0"},"content":"                    list[index] \u003d newTask;","lastModifiedDate":"2025-08-23T18:00:53","isFullCredit":false},{"lineNumber":76,"author":{"gitId":"lanjia0"},"content":"                    index++;","lastModifiedDate":"2025-08-23T18:00:53","isFullCredit":false},{"lineNumber":77,"author":{"gitId":"lanjia0"},"content":"","lastModifiedDate":"2025-08-23T18:00:53","isFullCredit":false},{"lineNumber":78,"author":{"gitId":"lanjia0"},"content":"                    System.out.printf(\"Steady! I add this already:\\n  \" + newTask + \"\\n\");","lastModifiedDate":"2025-08-23T18:00:53","isFullCredit":false},{"lineNumber":79,"author":{"gitId":"lanjia0"},"content":"                    System.out.printf(\"Now your list got %d tasks.\\n\", index);","lastModifiedDate":"2025-08-24T17:34:40","isFullCredit":false},{"lineNumber":80,"author":{"gitId":"lanjia0"},"content":"","lastModifiedDate":"2025-09-03T02:37:11","isFullCredit":false},{"lineNumber":81,"author":{"gitId":"lanjia0"},"content":"                    saveTasks(storage, list, index);","lastModifiedDate":"2025-09-03T02:37:11","isFullCredit":false},{"lineNumber":82,"author":{"gitId":"lanjia0"},"content":"","lastModifiedDate":"2025-09-03T02:37:11","isFullCredit":false},{"lineNumber":83,"author":{"gitId":"lanjia0"},"content":"                } else {","lastModifiedDate":"2025-08-23T18:00:53","isFullCredit":false},{"lineNumber":84,"author":{"gitId":"lanjia0"},"content":"                    Task newTask \u003d new Deadline(slash[0].substring(9), slash[1]);","lastModifiedDate":"2025-08-23T18:00:53","isFullCredit":false},{"lineNumber":85,"author":{"gitId":"lanjia0"},"content":"                    list[index] \u003d newTask;","lastModifiedDate":"2025-08-23T18:00:53","isFullCredit":false},{"lineNumber":86,"author":{"gitId":"lanjia0"},"content":"                    index++;","lastModifiedDate":"2025-08-23T18:00:53","isFullCredit":false},{"lineNumber":87,"author":{"gitId":"lanjia0"},"content":"","lastModifiedDate":"2025-08-23T18:00:53","isFullCredit":false},{"lineNumber":88,"author":{"gitId":"lanjia0"},"content":"                    System.out.printf(\"Steady! I add this already:\\n  \" + newTask + \"\\n\");","lastModifiedDate":"2025-08-23T18:00:53","isFullCredit":false},{"lineNumber":89,"author":{"gitId":"lanjia0"},"content":"                    System.out.printf(\"Now your list got %d task.\\n\", index);","lastModifiedDate":"2025-08-24T17:34:40","isFullCredit":false},{"lineNumber":90,"author":{"gitId":"lanjia0"},"content":"","lastModifiedDate":"2025-09-03T02:37:11","isFullCredit":false},{"lineNumber":91,"author":{"gitId":"lanjia0"},"content":"                    saveTasks(storage, list, index);","lastModifiedDate":"2025-09-03T02:37:11","isFullCredit":false},{"lineNumber":92,"author":{"gitId":"lanjia0"},"content":"","lastModifiedDate":"2025-09-03T02:37:11","isFullCredit":false},{"lineNumber":93,"author":{"gitId":"lanjia0"},"content":"                }","lastModifiedDate":"2025-08-23T18:00:53","isFullCredit":false},{"lineNumber":94,"author":{"gitId":"lanjia0"},"content":"            } else if (Objects.equals(firstWord, \"mark\")) { // marking a task as done","lastModifiedDate":"2025-08-24T16:47:44","isFullCredit":false},{"lineNumber":95,"author":{"gitId":"lanjia0"},"content":"                int x \u003d Integer.valueOf(words[1]);","lastModifiedDate":"2025-08-22T20:57:23","isFullCredit":false},{"lineNumber":96,"author":{"gitId":"lanjia0"},"content":"                Task currTask \u003d list[x - 1];","lastModifiedDate":"2025-08-22T20:57:23","isFullCredit":false},{"lineNumber":97,"author":{"gitId":"lanjia0"},"content":"                currTask.markDone();","lastModifiedDate":"2025-08-22T20:57:23","isFullCredit":false},{"lineNumber":98,"author":{"gitId":"lanjia0"},"content":"","lastModifiedDate":"2025-08-22T20:57:23","isFullCredit":false},{"lineNumber":99,"author":{"gitId":"lanjia0"},"content":"                System.out.println(\"Ok la! Do already\\n\" + currTask);","lastModifiedDate":"2025-08-22T20:57:23","isFullCredit":false},{"lineNumber":100,"author":{"gitId":"lanjia0"},"content":"","lastModifiedDate":"2025-09-03T02:37:11","isFullCredit":false},{"lineNumber":101,"author":{"gitId":"lanjia0"},"content":"                saveTasks(storage, list, index);","lastModifiedDate":"2025-09-03T02:37:11","isFullCredit":false},{"lineNumber":102,"author":{"gitId":"lanjia0"},"content":"","lastModifiedDate":"2025-09-03T02:37:11","isFullCredit":false},{"lineNumber":103,"author":{"gitId":"lanjia0"},"content":"            } else if (Objects.equals(firstWord, \"unmark\")) { // unmarking a task","lastModifiedDate":"2025-08-24T16:47:44","isFullCredit":false},{"lineNumber":104,"author":{"gitId":"lanjia0"},"content":"                int x \u003d Integer.valueOf(words[1]);","lastModifiedDate":"2025-08-22T20:57:23","isFullCredit":false},{"lineNumber":105,"author":{"gitId":"lanjia0"},"content":"                Task currTask \u003d list[x - 1];","lastModifiedDate":"2025-08-22T20:57:23","isFullCredit":false},{"lineNumber":106,"author":{"gitId":"lanjia0"},"content":"                currTask.markUndone();","lastModifiedDate":"2025-08-22T20:57:23","isFullCredit":false},{"lineNumber":107,"author":{"gitId":"lanjia0"},"content":"","lastModifiedDate":"2025-08-22T20:57:23","isFullCredit":false},{"lineNumber":108,"author":{"gitId":"lanjia0"},"content":"                System.out.println(\"Huh why haven\u0027t do?!\\n\" + currTask);","lastModifiedDate":"2025-08-22T20:57:23","isFullCredit":false},{"lineNumber":109,"author":{"gitId":"lanjia0"},"content":"","lastModifiedDate":"2025-09-03T02:37:11","isFullCredit":false},{"lineNumber":110,"author":{"gitId":"lanjia0"},"content":"                saveTasks(storage, list, index);","lastModifiedDate":"2025-09-03T02:37:11","isFullCredit":false},{"lineNumber":111,"author":{"gitId":"lanjia0"},"content":"","lastModifiedDate":"2025-09-03T02:37:11","isFullCredit":false},{"lineNumber":112,"author":{"gitId":"lanjia0"},"content":"            } else if (Objects.equals(curr, \"list\")) { // returning the full list","lastModifiedDate":"2025-08-24T16:47:44","isFullCredit":false},{"lineNumber":113,"author":{"gitId":"lanjia0"},"content":"                int num \u003d 0;","lastModifiedDate":"2025-08-22T20:05:45","isFullCredit":false},{"lineNumber":114,"author":{"gitId":"lanjia0"},"content":"                System.out.println(\"Oi! This one your list.\");","lastModifiedDate":"2025-08-22T20:31:01","isFullCredit":false},{"lineNumber":115,"author":{"gitId":"lanjia0"},"content":"","lastModifiedDate":"2025-08-22T20:05:45","isFullCredit":false},{"lineNumber":116,"author":{"gitId":"lanjia0"},"content":"                while (num \u003c index) {","lastModifiedDate":"2025-08-22T20:05:45","isFullCredit":false},{"lineNumber":117,"author":{"gitId":"lanjia0"},"content":"                    System.out.printf(\"%d.\" + list[num] + \"\\n\", num + 1);","lastModifiedDate":"2025-08-24T17:34:40","isFullCredit":false},{"lineNumber":118,"author":{"gitId":"lanjia0"},"content":"                    num++;","lastModifiedDate":"2025-08-22T20:05:45","isFullCredit":false},{"lineNumber":119,"author":{"gitId":"lanjia0"},"content":"","lastModifiedDate":"2025-08-24T17:34:40","isFullCredit":false},{"lineNumber":120,"author":{"gitId":"lanjia0"},"content":"                }","lastModifiedDate":"2025-08-22T20:05:45","isFullCredit":false},{"lineNumber":121,"author":{"gitId":"lanjia0"},"content":"            } else if (Objects.equals(firstWord, \"delete\")) { // deleting a task","lastModifiedDate":"2025-08-24T17:14:50","isFullCredit":false},{"lineNumber":122,"author":{"gitId":"lanjia0"},"content":"                int x \u003d Integer.valueOf(words[1]);","lastModifiedDate":"2025-08-24T17:14:50","isFullCredit":false},{"lineNumber":123,"author":{"gitId":"lanjia0"},"content":"                Task currTask \u003d list[x - 1];","lastModifiedDate":"2025-08-24T17:14:50","isFullCredit":false},{"lineNumber":124,"author":{"gitId":"lanjia0"},"content":"                int iter \u003d x;","lastModifiedDate":"2025-08-24T17:34:40","isFullCredit":false},{"lineNumber":125,"author":{"gitId":"lanjia0"},"content":"","lastModifiedDate":"2025-08-24T17:34:40","isFullCredit":false},{"lineNumber":126,"author":{"gitId":"lanjia0"},"content":"                // iter through rest of array and shift 1 index forward","lastModifiedDate":"2025-08-24T17:34:40","isFullCredit":false},{"lineNumber":127,"author":{"gitId":"lanjia0"},"content":"                while (iter \u003c index) {","lastModifiedDate":"2025-08-24T17:34:40","isFullCredit":false},{"lineNumber":128,"author":{"gitId":"lanjia0"},"content":"                    list[iter - 1] \u003d list[iter];","lastModifiedDate":"2025-08-24T17:34:40","isFullCredit":false},{"lineNumber":129,"author":{"gitId":"lanjia0"},"content":"                    iter++;","lastModifiedDate":"2025-08-24T17:34:40","isFullCredit":false},{"lineNumber":130,"author":{"gitId":"lanjia0"},"content":"                }","lastModifiedDate":"2025-08-24T17:34:40","isFullCredit":false},{"lineNumber":131,"author":{"gitId":"lanjia0"},"content":"                // decrement index","lastModifiedDate":"2025-08-24T17:34:40","isFullCredit":false},{"lineNumber":132,"author":{"gitId":"lanjia0"},"content":"                index--;","lastModifiedDate":"2025-08-24T17:34:40","isFullCredit":false},{"lineNumber":133,"author":{"gitId":"lanjia0"},"content":"","lastModifiedDate":"2025-08-22T20:05:45","isFullCredit":false},{"lineNumber":134,"author":{"gitId":"lanjia0"},"content":"                saveTasks(storage, list, index);","lastModifiedDate":"2025-09-03T02:37:11","isFullCredit":false},{"lineNumber":135,"author":{"gitId":"lanjia0"},"content":"","lastModifiedDate":"2025-09-03T02:37:11","isFullCredit":false},{"lineNumber":136,"author":{"gitId":"lanjia0"},"content":"                System.out.println(\"Ok la! I delete already ah:\\n\" + currTask);","lastModifiedDate":"2025-08-24T17:14:50","isFullCredit":false},{"lineNumber":137,"author":{"gitId":"lanjia0"},"content":"                System.out.printf(\"Now you got %d task only.\\n\", index);","lastModifiedDate":"2025-08-24T17:34:40","isFullCredit":false},{"lineNumber":138,"author":{"gitId":"lanjia0"},"content":"            } else { // if no keywords are detected","lastModifiedDate":"2025-08-23T18:26:03","isFullCredit":false},{"lineNumber":139,"author":{"gitId":"lanjia0"},"content":"                System.out.println(\"Eh! Say properly leh, I don\u0027t know what that means la!\\n\");","lastModifiedDate":"2025-08-24T02:22:32","isFullCredit":false},{"lineNumber":140,"author":{"gitId":"lanjia0"},"content":"            }","lastModifiedDate":"2025-08-22T20:05:45","isFullCredit":false},{"lineNumber":141,"author":{"gitId":"lanjia0"},"content":"","lastModifiedDate":"2025-08-22T20:05:45","isFullCredit":false},{"lineNumber":142,"author":{"gitId":"lanjia0"},"content":"        }","lastModifiedDate":"2025-08-22T20:05:45","isFullCredit":false},{"lineNumber":143,"author":{"gitId":"lanjia0"},"content":"","lastModifiedDate":"2025-08-22T20:05:45","isFullCredit":false},{"lineNumber":144,"author":{"gitId":"lanjia0"},"content":"        System.out.println(\"Bye. Why you still here?!\"); // ending message","lastModifiedDate":"2025-08-24T16:47:44","isFullCredit":false},{"lineNumber":145,"author":{"gitId":"lanjia0"},"content":"    }","lastModifiedDate":"2025-08-22T15:15:10","isFullCredit":false},{"lineNumber":146,"author":{"gitId":"lanjia0"},"content":"}","lastModifiedDate":"2025-08-22T15:15:10","isFullCredit":false}],"authorContributionMap":{"lanjia0":146}},{"path":"src/main/java/Deadline.java","fileType":"java","lines":[{"lineNumber":1,"author":{"gitId":"lanjia0"},"content":"public class Deadline extends Task {","lastModifiedDate":"2025-08-22T22:38:32","isFullCredit":false},{"lineNumber":2,"author":{"gitId":"lanjia0"},"content":"    private String dueDate;","lastModifiedDate":"2025-08-22T22:38:32","isFullCredit":false},{"lineNumber":3,"author":{"gitId":"lanjia0"},"content":"","lastModifiedDate":"2025-08-22T22:38:32","isFullCredit":false},{"lineNumber":4,"author":{"gitId":"lanjia0"},"content":"    public Deadline(String name, String dueDate) {","lastModifiedDate":"2025-08-22T22:38:32","isFullCredit":false},{"lineNumber":5,"author":{"gitId":"lanjia0"},"content":"        super(name);","lastModifiedDate":"2025-08-22T22:38:32","isFullCredit":false},{"lineNumber":6,"author":{"gitId":"lanjia0"},"content":"        this.dueDate \u003d dueDate.substring(3);","lastModifiedDate":"2025-08-23T18:17:06","isFullCredit":false},{"lineNumber":7,"author":{"gitId":"lanjia0"},"content":"    }","lastModifiedDate":"2025-08-22T22:38:32","isFullCredit":false},{"lineNumber":8,"author":{"gitId":"lanjia0"},"content":"","lastModifiedDate":"2025-08-22T22:38:32","isFullCredit":false},{"lineNumber":9,"author":{"gitId":"lanjia0"},"content":"    @Override // custom toString representation for deadline","lastModifiedDate":"2025-08-24T16:47:44","isFullCredit":false},{"lineNumber":10,"author":{"gitId":"lanjia0"},"content":"    public String toString() {","lastModifiedDate":"2025-08-22T22:38:32","isFullCredit":false},{"lineNumber":11,"author":{"gitId":"lanjia0"},"content":"        return String.format(\"[D]\" + super.toString() + \"(by: %s)\", dueDate);","lastModifiedDate":"2025-08-22T22:38:32","isFullCredit":false},{"lineNumber":12,"author":{"gitId":"lanjia0"},"content":"    }","lastModifiedDate":"2025-08-22T22:38:32","isFullCredit":false},{"lineNumber":13,"author":{"gitId":"lanjia0"},"content":"","lastModifiedDate":"2025-09-03T01:56:09","isFullCredit":false},{"lineNumber":14,"author":{"gitId":"lanjia0"},"content":"    @Override","lastModifiedDate":"2025-09-03T01:56:09","isFullCredit":false},{"lineNumber":15,"author":{"gitId":"lanjia0"},"content":"    public String toFileFormat() {","lastModifiedDate":"2025-09-03T01:56:09","isFullCredit":false},{"lineNumber":16,"author":{"gitId":"lanjia0"},"content":"        return \"D | \" +","lastModifiedDate":"2025-09-03T01:56:09","isFullCredit":false},{"lineNumber":17,"author":{"gitId":"lanjia0"},"content":"                (super.isDone() ? \"1\" : \"0\") +","lastModifiedDate":"2025-09-03T01:56:09","isFullCredit":false},{"lineNumber":18,"author":{"gitId":"lanjia0"},"content":"                \" | \" + super.getName() +","lastModifiedDate":"2025-09-03T01:56:09","isFullCredit":false},{"lineNumber":19,"author":{"gitId":"lanjia0"},"content":"                \" | \" + this.dueDate;","lastModifiedDate":"2025-09-03T01:56:09","isFullCredit":false},{"lineNumber":20,"author":{"gitId":"lanjia0"},"content":"    }","lastModifiedDate":"2025-09-03T01:56:09","isFullCredit":false},{"lineNumber":21,"author":{"gitId":"lanjia0"},"content":"}","lastModifiedDate":"2025-08-22T21:19:59","isFullCredit":false}],"authorContributionMap":{"lanjia0":21}},{"path":"src/main/java/Event.java","fileType":"java","lines":[{"lineNumber":1,"author":{"gitId":"lanjia0"},"content":"public class Event extends Task{","lastModifiedDate":"2025-08-22T22:38:32","isFullCredit":false},{"lineNumber":2,"author":{"gitId":"lanjia0"},"content":"    private String start;","lastModifiedDate":"2025-08-22T22:38:32","isFullCredit":false},{"lineNumber":3,"author":{"gitId":"lanjia0"},"content":"    private String end;","lastModifiedDate":"2025-08-22T22:38:32","isFullCredit":false},{"lineNumber":4,"author":{"gitId":"lanjia0"},"content":"","lastModifiedDate":"2025-08-22T22:38:32","isFullCredit":false},{"lineNumber":5,"author":{"gitId":"lanjia0"},"content":"    public Event(String name, String start, String end) {","lastModifiedDate":"2025-08-22T22:38:32","isFullCredit":false},{"lineNumber":6,"author":{"gitId":"lanjia0"},"content":"        super(name);","lastModifiedDate":"2025-08-22T22:38:32","isFullCredit":false},{"lineNumber":7,"author":{"gitId":"lanjia0"},"content":"        this.start \u003d start.substring(5);","lastModifiedDate":"2025-08-23T18:17:06","isFullCredit":false},{"lineNumber":8,"author":{"gitId":"lanjia0"},"content":"        this.end \u003d end.substring(3);","lastModifiedDate":"2025-08-23T18:17:06","isFullCredit":false},{"lineNumber":9,"author":{"gitId":"lanjia0"},"content":"    }","lastModifiedDate":"2025-08-22T22:38:32","isFullCredit":false},{"lineNumber":10,"author":{"gitId":"lanjia0"},"content":"","lastModifiedDate":"2025-08-22T22:38:32","isFullCredit":false},{"lineNumber":11,"author":{"gitId":"lanjia0"},"content":"    @Override // custom toString representation for event","lastModifiedDate":"2025-08-24T16:47:44","isFullCredit":false},{"lineNumber":12,"author":{"gitId":"lanjia0"},"content":"    public String toString() {","lastModifiedDate":"2025-08-22T22:38:32","isFullCredit":false},{"lineNumber":13,"author":{"gitId":"lanjia0"},"content":"        return String.format(\"[E]\" + super.toString() + \"(from: %s to: %s)\", start, end);","lastModifiedDate":"2025-08-22T22:38:32","isFullCredit":false},{"lineNumber":14,"author":{"gitId":"lanjia0"},"content":"    }","lastModifiedDate":"2025-08-22T22:38:32","isFullCredit":false},{"lineNumber":15,"author":{"gitId":"lanjia0"},"content":"","lastModifiedDate":"2025-09-03T01:56:09","isFullCredit":false},{"lineNumber":16,"author":{"gitId":"lanjia0"},"content":"    @Override","lastModifiedDate":"2025-09-03T01:56:09","isFullCredit":false},{"lineNumber":17,"author":{"gitId":"lanjia0"},"content":"    public String toFileFormat() {","lastModifiedDate":"2025-09-03T01:56:09","isFullCredit":false},{"lineNumber":18,"author":{"gitId":"lanjia0"},"content":"        return \"D | \" +","lastModifiedDate":"2025-09-03T01:56:09","isFullCredit":false},{"lineNumber":19,"author":{"gitId":"lanjia0"},"content":"                (super.isDone() ? \"1\" : \"0\") +","lastModifiedDate":"2025-09-03T01:56:09","isFullCredit":false},{"lineNumber":20,"author":{"gitId":"lanjia0"},"content":"                \" | \" + super.getName() +","lastModifiedDate":"2025-09-03T01:56:09","isFullCredit":false},{"lineNumber":21,"author":{"gitId":"lanjia0"},"content":"                \" | \" + this.start + \" | \" + this.end;","lastModifiedDate":"2025-09-03T02:18:48","isFullCredit":false},{"lineNumber":22,"author":{"gitId":"lanjia0"},"content":"    }","lastModifiedDate":"2025-09-03T01:56:09","isFullCredit":false},{"lineNumber":23,"author":{"gitId":"lanjia0"},"content":"}","lastModifiedDate":"2025-08-22T21:19:59","isFullCredit":false}],"authorContributionMap":{"lanjia0":23}},{"path":"src/main/java/Storage.java","fileType":"java","lines":[{"lineNumber":1,"author":{"gitId":"lanjia0"},"content":"import java.io.*;","lastModifiedDate":"2025-09-02T19:35:54","isFullCredit":false},{"lineNumber":2,"author":{"gitId":"lanjia0"},"content":"import java.nio.file.Files;","lastModifiedDate":"2025-09-02T19:35:54","isFullCredit":false},{"lineNumber":3,"author":{"gitId":"lanjia0"},"content":"import java.nio.file.Paths;","lastModifiedDate":"2025-09-02T19:35:54","isFullCredit":false},{"lineNumber":4,"author":{"gitId":"lanjia0"},"content":"import java.util.ArrayList;","lastModifiedDate":"2025-09-02T19:35:54","isFullCredit":false},{"lineNumber":5,"author":{"gitId":"lanjia0"},"content":"import java.util.List;","lastModifiedDate":"2025-09-02T19:35:54","isFullCredit":false},{"lineNumber":6,"author":{"gitId":"lanjia0"},"content":"","lastModifiedDate":"2025-09-02T19:35:54","isFullCredit":false},{"lineNumber":7,"author":{"gitId":"lanjia0"},"content":"public class Storage {","lastModifiedDate":"2025-09-02T19:35:54","isFullCredit":false},{"lineNumber":8,"author":{"gitId":"lanjia0"},"content":"    private String filePath;","lastModifiedDate":"2025-09-02T19:35:54","isFullCredit":false},{"lineNumber":9,"author":{"gitId":"lanjia0"},"content":"","lastModifiedDate":"2025-09-02T19:35:54","isFullCredit":false},{"lineNumber":10,"author":{"gitId":"lanjia0"},"content":"    public Storage(String filePath) {","lastModifiedDate":"2025-09-02T19:35:54","isFullCredit":false},{"lineNumber":11,"author":{"gitId":"lanjia0"},"content":"        this.filePath \u003d filePath;","lastModifiedDate":"2025-09-02T19:35:54","isFullCredit":false},{"lineNumber":12,"author":{"gitId":"lanjia0"},"content":"    }","lastModifiedDate":"2025-09-02T19:35:54","isFullCredit":false},{"lineNumber":13,"author":{"gitId":"lanjia0"},"content":"","lastModifiedDate":"2025-09-02T19:35:54","isFullCredit":false},{"lineNumber":14,"author":{"gitId":"lanjia0"},"content":"    public List\u003cString\u003e load() throws IOException {","lastModifiedDate":"2025-09-02T19:35:54","isFullCredit":false},{"lineNumber":15,"author":{"gitId":"lanjia0"},"content":"        File file \u003d new File(filePath);","lastModifiedDate":"2025-09-02T19:35:54","isFullCredit":false},{"lineNumber":16,"author":{"gitId":"lanjia0"},"content":"        if (!file.exists()) {","lastModifiedDate":"2025-09-02T19:35:54","isFullCredit":false},{"lineNumber":17,"author":{"gitId":"lanjia0"},"content":"            // If folder doesn\u0027t exist, create it","lastModifiedDate":"2025-09-02T19:35:54","isFullCredit":false},{"lineNumber":18,"author":{"gitId":"lanjia0"},"content":"            file.getParentFile().mkdirs();","lastModifiedDate":"2025-09-02T19:35:54","isFullCredit":false},{"lineNumber":19,"author":{"gitId":"lanjia0"},"content":"            file.createNewFile();","lastModifiedDate":"2025-09-02T19:35:54","isFullCredit":false},{"lineNumber":20,"author":{"gitId":"lanjia0"},"content":"            return new ArrayList\u003c\u003e(); // empty task list on first run","lastModifiedDate":"2025-09-02T19:35:54","isFullCredit":false},{"lineNumber":21,"author":{"gitId":"lanjia0"},"content":"        }","lastModifiedDate":"2025-09-02T19:35:54","isFullCredit":false},{"lineNumber":22,"author":{"gitId":"lanjia0"},"content":"        return Files.readAllLines(Paths.get(filePath));","lastModifiedDate":"2025-09-02T19:35:54","isFullCredit":false},{"lineNumber":23,"author":{"gitId":"lanjia0"},"content":"    }","lastModifiedDate":"2025-09-02T19:35:54","isFullCredit":false},{"lineNumber":24,"author":{"gitId":"lanjia0"},"content":"","lastModifiedDate":"2025-09-02T19:35:54","isFullCredit":false},{"lineNumber":25,"author":{"gitId":"lanjia0"},"content":"    public void save(List\u003cString\u003e lines) throws IOException {","lastModifiedDate":"2025-09-02T19:35:54","isFullCredit":false},{"lineNumber":26,"author":{"gitId":"lanjia0"},"content":"        FileWriter fw \u003d new FileWriter(filePath);","lastModifiedDate":"2025-09-02T19:35:54","isFullCredit":false},{"lineNumber":27,"author":{"gitId":"lanjia0"},"content":"        for (String line : lines) {","lastModifiedDate":"2025-09-02T19:35:54","isFullCredit":false},{"lineNumber":28,"author":{"gitId":"lanjia0"},"content":"            fw.write(line + System.lineSeparator());","lastModifiedDate":"2025-09-02T19:35:54","isFullCredit":false},{"lineNumber":29,"author":{"gitId":"lanjia0"},"content":"        }","lastModifiedDate":"2025-09-02T19:35:54","isFullCredit":false},{"lineNumber":30,"author":{"gitId":"lanjia0"},"content":"        fw.close();","lastModifiedDate":"2025-09-02T19:35:54","isFullCredit":false},{"lineNumber":31,"author":{"gitId":"lanjia0"},"content":"    }","lastModifiedDate":"2025-09-02T19:35:54","isFullCredit":false},{"lineNumber":32,"author":{"gitId":"lanjia0"},"content":"}","lastModifiedDate":"2025-09-02T19:35:54","isFullCredit":false}],"authorContributionMap":{"lanjia0":32}},{"path":"src/main/java/Task.java","fileType":"java","lines":[{"lineNumber":1,"author":{"gitId":"lanjia0"},"content":"public abstract class Task {","lastModifiedDate":"2025-09-03T01:56:09","isFullCredit":false},{"lineNumber":2,"author":{"gitId":"lanjia0"},"content":"    private boolean isDone;","lastModifiedDate":"2025-08-22T20:31:01","isFullCredit":false},{"lineNumber":3,"author":{"gitId":"lanjia0"},"content":"    private final String NAME;","lastModifiedDate":"2025-08-22T20:31:01","isFullCredit":false},{"lineNumber":4,"author":{"gitId":"lanjia0"},"content":"","lastModifiedDate":"2025-08-22T20:31:01","isFullCredit":false},{"lineNumber":5,"author":{"gitId":"lanjia0"},"content":"    public Task(String name) {","lastModifiedDate":"2025-08-22T20:31:01","isFullCredit":false},{"lineNumber":6,"author":{"gitId":"lanjia0"},"content":"        this.NAME \u003d name;","lastModifiedDate":"2025-08-22T20:31:01","isFullCredit":false},{"lineNumber":7,"author":{"gitId":"lanjia0"},"content":"        this.isDone \u003d false;","lastModifiedDate":"2025-08-22T20:31:01","isFullCredit":false},{"lineNumber":8,"author":{"gitId":"lanjia0"},"content":"    }","lastModifiedDate":"2025-08-22T20:31:01","isFullCredit":false},{"lineNumber":9,"author":{"gitId":"lanjia0"},"content":"","lastModifiedDate":"2025-08-22T20:31:01","isFullCredit":false},{"lineNumber":10,"author":{"gitId":"lanjia0"},"content":"    // mark task as done","lastModifiedDate":"2025-08-23T18:26:03","isFullCredit":false},{"lineNumber":11,"author":{"gitId":"lanjia0"},"content":"    public void markDone() {","lastModifiedDate":"2025-08-22T20:31:01","isFullCredit":false},{"lineNumber":12,"author":{"gitId":"lanjia0"},"content":"        this.isDone \u003d true;","lastModifiedDate":"2025-08-22T20:31:01","isFullCredit":false},{"lineNumber":13,"author":{"gitId":"lanjia0"},"content":"    }","lastModifiedDate":"2025-08-22T20:31:01","isFullCredit":false},{"lineNumber":14,"author":{"gitId":"lanjia0"},"content":"","lastModifiedDate":"2025-08-22T20:31:01","isFullCredit":false},{"lineNumber":15,"author":{"gitId":"lanjia0"},"content":"    // unmarks task, task is not done","lastModifiedDate":"2025-08-23T18:26:03","isFullCredit":false},{"lineNumber":16,"author":{"gitId":"lanjia0"},"content":"    public void markUndone() {","lastModifiedDate":"2025-08-22T20:31:01","isFullCredit":false},{"lineNumber":17,"author":{"gitId":"lanjia0"},"content":"        this.isDone \u003d false;","lastModifiedDate":"2025-08-22T20:31:01","isFullCredit":false},{"lineNumber":18,"author":{"gitId":"lanjia0"},"content":"    }","lastModifiedDate":"2025-08-22T20:31:01","isFullCredit":false},{"lineNumber":19,"author":{"gitId":"lanjia0"},"content":"","lastModifiedDate":"2025-08-22T20:31:01","isFullCredit":false},{"lineNumber":20,"author":{"gitId":"lanjia0"},"content":"    // getter for boolean isDone","lastModifiedDate":"2025-09-03T01:56:09","isFullCredit":false},{"lineNumber":21,"author":{"gitId":"lanjia0"},"content":"    public boolean isDone() {","lastModifiedDate":"2025-09-03T01:56:09","isFullCredit":false},{"lineNumber":22,"author":{"gitId":"lanjia0"},"content":"        return this.isDone;","lastModifiedDate":"2025-09-03T01:56:09","isFullCredit":false},{"lineNumber":23,"author":{"gitId":"lanjia0"},"content":"    }","lastModifiedDate":"2025-09-03T01:56:09","isFullCredit":false},{"lineNumber":24,"author":{"gitId":"lanjia0"},"content":"","lastModifiedDate":"2025-09-03T01:56:09","isFullCredit":false},{"lineNumber":25,"author":{"gitId":"lanjia0"},"content":"    // getter for name","lastModifiedDate":"2025-09-03T01:56:09","isFullCredit":false},{"lineNumber":26,"author":{"gitId":"lanjia0"},"content":"    public String getName() {","lastModifiedDate":"2025-09-03T01:56:09","isFullCredit":false},{"lineNumber":27,"author":{"gitId":"lanjia0"},"content":"        return this.NAME;","lastModifiedDate":"2025-09-03T01:56:09","isFullCredit":false},{"lineNumber":28,"author":{"gitId":"lanjia0"},"content":"    }","lastModifiedDate":"2025-09-03T01:56:09","isFullCredit":false},{"lineNumber":29,"author":{"gitId":"lanjia0"},"content":"","lastModifiedDate":"2025-09-03T01:56:09","isFullCredit":false},{"lineNumber":30,"author":{"gitId":"lanjia0"},"content":"    // custom toString representation for task","lastModifiedDate":"2025-08-23T18:26:03","isFullCredit":false},{"lineNumber":31,"author":{"gitId":"lanjia0"},"content":"    @Override","lastModifiedDate":"2025-08-22T20:31:01","isFullCredit":false},{"lineNumber":32,"author":{"gitId":"lanjia0"},"content":"    public String toString() {","lastModifiedDate":"2025-08-22T20:31:01","isFullCredit":false},{"lineNumber":33,"author":{"gitId":"lanjia0"},"content":"        return String.format(\"[\" + (isDone ? \"X\" : \"\") + \"] %s\", NAME);","lastModifiedDate":"2025-08-22T20:31:01","isFullCredit":false},{"lineNumber":34,"author":{"gitId":"lanjia0"},"content":"    }","lastModifiedDate":"2025-08-22T20:31:01","isFullCredit":false},{"lineNumber":35,"author":{"gitId":"lanjia0"},"content":"","lastModifiedDate":"2025-09-03T01:56:09","isFullCredit":false},{"lineNumber":36,"author":{"gitId":"lanjia0"},"content":"    // abstract method for task subclasses to write into file","lastModifiedDate":"2025-09-03T01:56:09","isFullCredit":false},{"lineNumber":37,"author":{"gitId":"lanjia0"},"content":"    public abstract String toFileFormat();","lastModifiedDate":"2025-09-03T01:56:09","isFullCredit":false},{"lineNumber":38,"author":{"gitId":"lanjia0"},"content":"}","lastModifiedDate":"2025-08-22T20:31:01","isFullCredit":false}],"authorContributionMap":{"lanjia0":38}},{"path":"src/main/java/TaskDecoder.java","fileType":"java","lines":[{"lineNumber":1,"author":{"gitId":"lanjia0"},"content":"public class TaskDecoder {","lastModifiedDate":"2025-09-03T02:18:48","isFullCredit":false},{"lineNumber":2,"author":{"gitId":"lanjia0"},"content":"    public static Task decode(String line) {","lastModifiedDate":"2025-09-03T02:18:48","isFullCredit":false},{"lineNumber":3,"author":{"gitId":"lanjia0"},"content":"        String[] parts \u003d line.split(\" \\\\| \");","lastModifiedDate":"2025-09-03T02:18:48","isFullCredit":false},{"lineNumber":4,"author":{"gitId":"lanjia0"},"content":"        String type \u003d parts[0];","lastModifiedDate":"2025-09-03T02:18:48","isFullCredit":false},{"lineNumber":5,"author":{"gitId":"lanjia0"},"content":"        boolean isDone \u003d parts[1].equals(\"1\");","lastModifiedDate":"2025-09-03T02:18:48","isFullCredit":false},{"lineNumber":6,"author":{"gitId":"lanjia0"},"content":"        String description \u003d parts[2];","lastModifiedDate":"2025-09-03T02:18:48","isFullCredit":false},{"lineNumber":7,"author":{"gitId":"lanjia0"},"content":"","lastModifiedDate":"2025-09-03T02:18:48","isFullCredit":false},{"lineNumber":8,"author":{"gitId":"lanjia0"},"content":"        Task task;","lastModifiedDate":"2025-09-03T02:18:48","isFullCredit":false},{"lineNumber":9,"author":{"gitId":"lanjia0"},"content":"        switch (type) {","lastModifiedDate":"2025-09-03T02:18:48","isFullCredit":false},{"lineNumber":10,"author":{"gitId":"lanjia0"},"content":"            case \"T\":","lastModifiedDate":"2025-09-03T02:18:48","isFullCredit":false},{"lineNumber":11,"author":{"gitId":"lanjia0"},"content":"                task \u003d new ToDo(description);","lastModifiedDate":"2025-09-03T02:18:48","isFullCredit":false},{"lineNumber":12,"author":{"gitId":"lanjia0"},"content":"                break;","lastModifiedDate":"2025-09-03T02:18:48","isFullCredit":false},{"lineNumber":13,"author":{"gitId":"lanjia0"},"content":"            case \"D\":","lastModifiedDate":"2025-09-03T02:18:48","isFullCredit":false},{"lineNumber":14,"author":{"gitId":"lanjia0"},"content":"                task \u003d new Deadline(description, parts[3]);","lastModifiedDate":"2025-09-03T02:18:48","isFullCredit":false},{"lineNumber":15,"author":{"gitId":"lanjia0"},"content":"                break;","lastModifiedDate":"2025-09-03T02:18:48","isFullCredit":false},{"lineNumber":16,"author":{"gitId":"lanjia0"},"content":"            case \"E\":","lastModifiedDate":"2025-09-03T02:18:48","isFullCredit":false},{"lineNumber":17,"author":{"gitId":"lanjia0"},"content":"                task \u003d new Event(description, parts[3], parts[4]);","lastModifiedDate":"2025-09-03T02:18:48","isFullCredit":false},{"lineNumber":18,"author":{"gitId":"lanjia0"},"content":"                break;","lastModifiedDate":"2025-09-03T02:18:48","isFullCredit":false},{"lineNumber":19,"author":{"gitId":"lanjia0"},"content":"            default:","lastModifiedDate":"2025-09-03T02:18:48","isFullCredit":false},{"lineNumber":20,"author":{"gitId":"lanjia0"},"content":"                throw new IllegalArgumentException(\"Unknown task type: \" + type);","lastModifiedDate":"2025-09-03T02:18:48","isFullCredit":false},{"lineNumber":21,"author":{"gitId":"lanjia0"},"content":"        }","lastModifiedDate":"2025-09-03T02:18:48","isFullCredit":false},{"lineNumber":22,"author":{"gitId":"lanjia0"},"content":"        if (isDone) {","lastModifiedDate":"2025-09-03T02:18:48","isFullCredit":false},{"lineNumber":23,"author":{"gitId":"lanjia0"},"content":"            task.markDone();","lastModifiedDate":"2025-09-03T02:18:48","isFullCredit":false},{"lineNumber":24,"author":{"gitId":"lanjia0"},"content":"        }","lastModifiedDate":"2025-09-03T02:18:48","isFullCredit":false},{"lineNumber":25,"author":{"gitId":"lanjia0"},"content":"        return task;","lastModifiedDate":"2025-09-03T02:18:48","isFullCredit":false},{"lineNumber":26,"author":{"gitId":"lanjia0"},"content":"    }","lastModifiedDate":"2025-09-03T02:18:48","isFullCredit":false},{"lineNumber":27,"author":{"gitId":"lanjia0"},"content":"}","lastModifiedDate":"2025-09-03T02:18:48","isFullCredit":false}],"authorContributionMap":{"lanjia0":27}},{"path":"src/main/java/ToDo.java","fileType":"java","lines":[{"lineNumber":1,"author":{"gitId":"lanjia0"},"content":"public class ToDo extends Task {","lastModifiedDate":"2025-08-22T22:38:32","isFullCredit":false},{"lineNumber":2,"author":{"gitId":"lanjia0"},"content":"","lastModifiedDate":"2025-08-22T22:38:32","isFullCredit":false},{"lineNumber":3,"author":{"gitId":"lanjia0"},"content":"    public ToDo(String name) {","lastModifiedDate":"2025-08-22T22:38:32","isFullCredit":false},{"lineNumber":4,"author":{"gitId":"lanjia0"},"content":"        super(name);","lastModifiedDate":"2025-08-22T22:38:32","isFullCredit":false},{"lineNumber":5,"author":{"gitId":"lanjia0"},"content":"    }","lastModifiedDate":"2025-08-22T22:38:32","isFullCredit":false},{"lineNumber":6,"author":{"gitId":"lanjia0"},"content":"","lastModifiedDate":"2025-08-22T22:38:32","isFullCredit":false},{"lineNumber":7,"author":{"gitId":"lanjia0"},"content":"    // custom toString representation","lastModifiedDate":"2025-08-24T16:47:44","isFullCredit":false},{"lineNumber":8,"author":{"gitId":"lanjia0"},"content":"    @Override","lastModifiedDate":"2025-08-22T22:38:32","isFullCredit":false},{"lineNumber":9,"author":{"gitId":"lanjia0"},"content":"    public String toString() {","lastModifiedDate":"2025-08-22T22:38:32","isFullCredit":false},{"lineNumber":10,"author":{"gitId":"lanjia0"},"content":"        return String.format(\"[T]\" + super.toString());","lastModifiedDate":"2025-08-22T22:38:32","isFullCredit":false},{"lineNumber":11,"author":{"gitId":"lanjia0"},"content":"    }","lastModifiedDate":"2025-08-22T22:38:32","isFullCredit":false},{"lineNumber":12,"author":{"gitId":"lanjia0"},"content":"","lastModifiedDate":"2025-09-03T01:56:09","isFullCredit":false},{"lineNumber":13,"author":{"gitId":"lanjia0"},"content":"    // write to file format","lastModifiedDate":"2025-09-03T01:56:09","isFullCredit":false},{"lineNumber":14,"author":{"gitId":"lanjia0"},"content":"","lastModifiedDate":"2025-09-03T01:56:09","isFullCredit":false},{"lineNumber":15,"author":{"gitId":"lanjia0"},"content":"    @Override","lastModifiedDate":"2025-09-03T01:56:09","isFullCredit":false},{"lineNumber":16,"author":{"gitId":"lanjia0"},"content":"    public String toFileFormat() {","lastModifiedDate":"2025-09-03T01:56:09","isFullCredit":false},{"lineNumber":17,"author":{"gitId":"lanjia0"},"content":"        return \"T | \" +","lastModifiedDate":"2025-09-03T01:56:09","isFullCredit":false},{"lineNumber":18,"author":{"gitId":"lanjia0"},"content":"                (super.isDone() ? \"1\" : \"0\") +","lastModifiedDate":"2025-09-03T01:56:09","isFullCredit":false},{"lineNumber":19,"author":{"gitId":"lanjia0"},"content":"                \" | \" + super.getName();","lastModifiedDate":"2025-09-03T01:56:09","isFullCredit":false},{"lineNumber":20,"author":{"gitId":"lanjia0"},"content":"    }","lastModifiedDate":"2025-09-03T01:56:09","isFullCredit":false},{"lineNumber":21,"author":{"gitId":"lanjia0"},"content":"}","lastModifiedDate":"2025-08-22T21:19:59","isFullCredit":false}],"authorContributionMap":{"lanjia0":21}},{"path":"text-ui-test/input.txt","fileType":"txt","lines":[{"lineNumber":1,"author":{"gitId":"lanjia0"},"content":"blah","lastModifiedDate":"2025-08-24T18:03:45","isFullCredit":false},{"lineNumber":2,"author":{"gitId":"lanjia0"},"content":"bye","lastModifiedDate":"2025-08-24T02:22:32","isFullCredit":false}],"authorContributionMap":{"lanjia0":2}},{"path":"text-ui-test/runtest.bat","fileType":"bat","lines":[{"lineNumber":1,"author":{"gitId":"-"},"content":"@ECHO OFF","lastModifiedDate":"2020-05-25T00:03:55","isFullCredit":false},{"lineNumber":2,"author":{"gitId":"-"},"content":"","lastModifiedDate":"2020-05-25T00:03:55","isFullCredit":false},{"lineNumber":3,"author":{"gitId":"-"},"content":"REM create bin directory if it doesn\u0027t exist","lastModifiedDate":"2020-05-25T00:03:55","isFullCredit":false},{"lineNumber":4,"author":{"gitId":"-"},"content":"if not exist ..\\bin mkdir ..\\bin","lastModifiedDate":"2020-05-25T00:03:55","isFullCredit":false},{"lineNumber":5,"author":{"gitId":"-"},"content":"","lastModifiedDate":"2020-05-25T00:03:55","isFullCredit":false},{"lineNumber":6,"author":{"gitId":"-"},"content":"REM delete output from previous run","lastModifiedDate":"2020-05-25T00:03:55","isFullCredit":false},{"lineNumber":7,"author":{"gitId":"-"},"content":"if exist ACTUAL.TXT del ACTUAL.TXT","lastModifiedDate":"2020-08-25T17:23:26","isFullCredit":false},{"lineNumber":8,"author":{"gitId":"-"},"content":"","lastModifiedDate":"2020-05-25T00:03:55","isFullCredit":false},{"lineNumber":9,"author":{"gitId":"-"},"content":"REM compile the code into the bin folder","lastModifiedDate":"2020-05-25T00:03:55","isFullCredit":false},{"lineNumber":10,"author":{"gitId":"-"},"content":"javac  -cp ..\\src\\main\\java -Xlint:none -d ..\\bin ..\\src\\main\\java\\*.java","lastModifiedDate":"2020-08-25T17:23:26","isFullCredit":false},{"lineNumber":11,"author":{"gitId":"-"},"content":"IF ERRORLEVEL 1 (","lastModifiedDate":"2020-05-25T00:03:55","isFullCredit":false},{"lineNumber":12,"author":{"gitId":"-"},"content":"    echo ********** BUILD FAILURE **********","lastModifiedDate":"2020-05-25T00:03:55","isFullCredit":false},{"lineNumber":13,"author":{"gitId":"-"},"content":"    exit /b 1","lastModifiedDate":"2020-05-25T00:03:55","isFullCredit":false},{"lineNumber":14,"author":{"gitId":"-"},"content":")","lastModifiedDate":"2020-05-25T00:03:55","isFullCredit":false},{"lineNumber":15,"author":{"gitId":"-"},"content":"REM no error here, errorlevel \u003d\u003d 0","lastModifiedDate":"2020-05-25T00:03:55","isFullCredit":false},{"lineNumber":16,"author":{"gitId":"-"},"content":"","lastModifiedDate":"2020-05-25T00:03:55","isFullCredit":false},{"lineNumber":17,"author":{"gitId":"-"},"content":"REM run the program, feed commands from input.txt file and redirect the output to the ACTUAL.TXT","lastModifiedDate":"2020-05-25T00:03:55","isFullCredit":false},{"lineNumber":18,"author":{"gitId":"lanjia0"},"content":"java -classpath ..\\bin AngSoonTong \u003c input.txt \u003e ACTUAL.TXT","lastModifiedDate":"2025-08-24T18:03:45","isFullCredit":false},{"lineNumber":19,"author":{"gitId":"-"},"content":"","lastModifiedDate":"2020-05-25T00:03:55","isFullCredit":false},{"lineNumber":20,"author":{"gitId":"-"},"content":"REM compare the output to the expected output","lastModifiedDate":"2020-05-25T00:03:55","isFullCredit":false},{"lineNumber":21,"author":{"gitId":"-"},"content":"FC ACTUAL.TXT EXPECTED.TXT","lastModifiedDate":"2020-05-25T00:03:55","isFullCredit":false}],"authorContributionMap":{"lanjia0":1,"-":20}}]
