[{"path":"build.gradle","fileType":"gradle","lines":[{"lineNumber":1,"author":{"gitId":"-"},"content":"plugins {","lastModifiedDate":"2020-05-25T00:58:18","isFullCredit":false},{"lineNumber":2,"author":{"gitId":"-"},"content":"    id \u0027java\u0027","lastModifiedDate":"2020-05-25T00:58:18","isFullCredit":false},{"lineNumber":3,"author":{"gitId":"-"},"content":"    id \u0027application\u0027","lastModifiedDate":"2020-05-25T00:58:18","isFullCredit":false},{"lineNumber":4,"author":{"gitId":"-"},"content":"    id \u0027com.github.johnrengelman.shadow\u0027 version \u00277.1.2\u0027","lastModifiedDate":"2023-08-05T15:24:02","isFullCredit":false},{"lineNumber":5,"author":{"gitId":"-"},"content":"}","lastModifiedDate":"2020-05-25T00:58:18","isFullCredit":false},{"lineNumber":6,"author":{"gitId":"-"},"content":"","lastModifiedDate":"2020-05-25T00:58:18","isFullCredit":false},{"lineNumber":7,"author":{"gitId":"-"},"content":"repositories {","lastModifiedDate":"2020-05-25T00:58:18","isFullCredit":false},{"lineNumber":8,"author":{"gitId":"-"},"content":"    mavenCentral()","lastModifiedDate":"2020-05-25T00:58:18","isFullCredit":false},{"lineNumber":9,"author":{"gitId":"-"},"content":"}","lastModifiedDate":"2020-05-25T00:58:18","isFullCredit":false},{"lineNumber":10,"author":{"gitId":"-"},"content":"","lastModifiedDate":"2020-05-25T00:58:18","isFullCredit":false},{"lineNumber":11,"author":{"gitId":"-"},"content":"dependencies {","lastModifiedDate":"2020-05-25T00:58:18","isFullCredit":false},{"lineNumber":12,"author":{"gitId":"-"},"content":"    testImplementation group: \u0027org.junit.jupiter\u0027, name: \u0027junit-jupiter-api\u0027, version: \u00275.10.0\u0027","lastModifiedDate":"2023-08-05T15:24:02","isFullCredit":false},{"lineNumber":13,"author":{"gitId":"-"},"content":"    testRuntimeOnly group: \u0027org.junit.jupiter\u0027, name: \u0027junit-jupiter-engine\u0027, version: \u00275.10.0\u0027","lastModifiedDate":"2023-08-05T15:24:02","isFullCredit":false},{"lineNumber":14,"author":{"gitId":"-"},"content":"}","lastModifiedDate":"2020-05-25T00:58:18","isFullCredit":false},{"lineNumber":15,"author":{"gitId":"-"},"content":"","lastModifiedDate":"2020-05-25T00:58:18","isFullCredit":false},{"lineNumber":16,"author":{"gitId":"-"},"content":"test {","lastModifiedDate":"2020-05-25T00:58:18","isFullCredit":false},{"lineNumber":17,"author":{"gitId":"-"},"content":"    useJUnitPlatform()","lastModifiedDate":"2020-05-25T00:58:18","isFullCredit":false},{"lineNumber":18,"author":{"gitId":"-"},"content":"","lastModifiedDate":"2020-05-25T00:58:18","isFullCredit":false},{"lineNumber":19,"author":{"gitId":"-"},"content":"    testLogging {","lastModifiedDate":"2020-05-25T00:58:18","isFullCredit":false},{"lineNumber":20,"author":{"gitId":"-"},"content":"        events \"passed\", \"skipped\", \"failed\"","lastModifiedDate":"2020-05-25T00:58:18","isFullCredit":false},{"lineNumber":21,"author":{"gitId":"-"},"content":"","lastModifiedDate":"2020-05-25T00:58:18","isFullCredit":false},{"lineNumber":22,"author":{"gitId":"-"},"content":"        showExceptions true","lastModifiedDate":"2020-05-25T00:58:18","isFullCredit":false},{"lineNumber":23,"author":{"gitId":"-"},"content":"        exceptionFormat \"full\"","lastModifiedDate":"2020-05-25T00:58:18","isFullCredit":false},{"lineNumber":24,"author":{"gitId":"-"},"content":"        showCauses true","lastModifiedDate":"2020-05-25T00:58:18","isFullCredit":false},{"lineNumber":25,"author":{"gitId":"-"},"content":"        showStackTraces true","lastModifiedDate":"2020-05-25T00:58:18","isFullCredit":false},{"lineNumber":26,"author":{"gitId":"-"},"content":"        showStandardStreams \u003d false","lastModifiedDate":"2020-05-25T00:58:18","isFullCredit":false},{"lineNumber":27,"author":{"gitId":"-"},"content":"    }","lastModifiedDate":"2020-05-25T00:58:18","isFullCredit":false},{"lineNumber":28,"author":{"gitId":"-"},"content":"}","lastModifiedDate":"2020-05-25T00:58:18","isFullCredit":false},{"lineNumber":29,"author":{"gitId":"-"},"content":"","lastModifiedDate":"2020-05-25T00:58:18","isFullCredit":false},{"lineNumber":30,"author":{"gitId":"-"},"content":"application {","lastModifiedDate":"2020-05-25T00:58:18","isFullCredit":false},{"lineNumber":31,"author":{"gitId":"lanjia0"},"content":"    mainClass.set(\"seedu.duke.Main\")","lastModifiedDate":"2025-09-06T23:49:29","isFullCredit":false},{"lineNumber":32,"author":{"gitId":"-"},"content":"}","lastModifiedDate":"2020-05-25T00:58:18","isFullCredit":false},{"lineNumber":33,"author":{"gitId":"-"},"content":"","lastModifiedDate":"2020-05-25T00:58:18","isFullCredit":false},{"lineNumber":34,"author":{"gitId":"-"},"content":"shadowJar {","lastModifiedDate":"2020-05-25T00:58:18","isFullCredit":false},{"lineNumber":35,"author":{"gitId":"-"},"content":"    archiveBaseName \u003d \"duke\"","lastModifiedDate":"2020-05-25T00:58:18","isFullCredit":false},{"lineNumber":36,"author":{"gitId":"-"},"content":"    archiveClassifier \u003d null","lastModifiedDate":"2020-05-25T00:58:18","isFullCredit":false},{"lineNumber":37,"author":{"gitId":"-"},"content":"}","lastModifiedDate":"2020-05-25T00:58:18","isFullCredit":false},{"lineNumber":38,"author":{"gitId":"-"},"content":"","lastModifiedDate":"2020-05-25T00:58:18","isFullCredit":false},{"lineNumber":39,"author":{"gitId":"-"},"content":"run{","lastModifiedDate":"2020-05-25T00:58:18","isFullCredit":false},{"lineNumber":40,"author":{"gitId":"-"},"content":"    standardInput \u003d System.in","lastModifiedDate":"2020-05-25T00:58:18","isFullCredit":false},{"lineNumber":41,"author":{"gitId":"-"},"content":"}","lastModifiedDate":"2020-05-25T00:58:18","isFullCredit":false}],"authorContributionMap":{"lanjia0":1,"-":40}},{"path":"data/tasks.txt","fileType":"txt","lines":[{"lineNumber":1,"author":{"gitId":"lanjia0"},"content":"T | 0 | homework","lastModifiedDate":"2025-09-03T12:30:00","isFullCredit":false},{"lineNumber":2,"author":{"gitId":"lanjia0"},"content":"T | 0 | go for class","lastModifiedDate":"2025-09-03T12:30:00","isFullCredit":false},{"lineNumber":3,"author":{"gitId":"lanjia0"},"content":"D | 0 | stuff  | 2025-06-06","lastModifiedDate":"2025-09-05T16:27:32","isFullCredit":false},{"lineNumber":4,"author":{"gitId":"lanjia0"},"content":"T | 0 | aura farm","lastModifiedDate":"2025-09-06T21:16:33","isFullCredit":false}],"authorContributionMap":{"lanjia0":4}},{"path":"data/test-data.txt","fileType":"txt","lines":[{"lineNumber":1,"author":{"gitId":"lanjia0"},"content":"T | 0 | read book","lastModifiedDate":"2025-09-06T23:38:09","isFullCredit":false}],"authorContributionMap":{"lanjia0":1}},{"path":"src/main/java/angsoontong/AngSoonTong.java","fileType":"java","lines":[{"lineNumber":1,"author":{"gitId":"lanjia0"},"content":"package angsoontong;","lastModifiedDate":"2025-09-06T21:39:03","isFullCredit":false},{"lineNumber":2,"author":{"gitId":"lanjia0"},"content":"","lastModifiedDate":"2025-09-06T21:39:03","isFullCredit":false},{"lineNumber":3,"author":{"gitId":"lanjia0"},"content":"import angsoontong.ui.Ui;","lastModifiedDate":"2025-09-06T21:39:03","isFullCredit":false},{"lineNumber":4,"author":{"gitId":"lanjia0"},"content":"import angsoontong.storage.Storage;","lastModifiedDate":"2025-09-06T21:39:03","isFullCredit":false},{"lineNumber":5,"author":{"gitId":"lanjia0"},"content":"import angsoontong.parser.Parser;","lastModifiedDate":"2025-09-06T21:39:03","isFullCredit":false},{"lineNumber":6,"author":{"gitId":"lanjia0"},"content":"import angsoontong.task.TaskList;","lastModifiedDate":"2025-09-06T21:39:03","isFullCredit":false},{"lineNumber":7,"author":{"gitId":"lanjia0"},"content":"import java.io.IOException;","lastModifiedDate":"2025-09-03T02:37:11","isFullCredit":false},{"lineNumber":8,"author":{"gitId":"lanjia0"},"content":"import java.util.Scanner;","lastModifiedDate":"2025-09-06T21:12:05","isFullCredit":false},{"lineNumber":9,"author":{"gitId":"lanjia0"},"content":"","lastModifiedDate":"2025-08-22T20:05:45","isFullCredit":false},{"lineNumber":10,"author":{"gitId":"lanjia0"},"content":"","lastModifiedDate":"2025-09-03T02:37:11","isFullCredit":false},{"lineNumber":11,"author":{"gitId":"lanjia0"},"content":"public class AngSoonTong {","lastModifiedDate":"2025-09-06T20:44:55","isFullCredit":false},{"lineNumber":12,"author":{"gitId":"lanjia0"},"content":"    private Storage storage;","lastModifiedDate":"2025-09-06T21:12:05","isFullCredit":false},{"lineNumber":13,"author":{"gitId":"lanjia0"},"content":"    private TaskList tasks;","lastModifiedDate":"2025-09-06T21:12:05","isFullCredit":false},{"lineNumber":14,"author":{"gitId":"lanjia0"},"content":"    private Ui ui;","lastModifiedDate":"2025-09-06T21:12:05","isFullCredit":false},{"lineNumber":15,"author":{"gitId":"lanjia0"},"content":"","lastModifiedDate":"2025-08-22T20:05:45","isFullCredit":false},{"lineNumber":16,"author":{"gitId":"lanjia0"},"content":"    public AngSoonTong(String filePath) {","lastModifiedDate":"2025-09-06T21:12:05","isFullCredit":false},{"lineNumber":17,"author":{"gitId":"lanjia0"},"content":"        ui \u003d new Ui();","lastModifiedDate":"2025-09-06T21:12:05","isFullCredit":false},{"lineNumber":18,"author":{"gitId":"lanjia0"},"content":"        storage \u003d new Storage(filePath);","lastModifiedDate":"2025-09-06T21:12:05","isFullCredit":false},{"lineNumber":19,"author":{"gitId":"lanjia0"},"content":"        try {","lastModifiedDate":"2025-09-03T02:37:11","isFullCredit":false},{"lineNumber":20,"author":{"gitId":"lanjia0"},"content":"            tasks \u003d new TaskList(storage.load());","lastModifiedDate":"2025-09-06T21:12:05","isFullCredit":false},{"lineNumber":21,"author":{"gitId":"lanjia0"},"content":"        } catch (Exception e) {","lastModifiedDate":"2025-09-06T21:12:05","isFullCredit":false},{"lineNumber":22,"author":{"gitId":"lanjia0"},"content":"            ui.show(\"Eh got problem la!\");","lastModifiedDate":"2025-09-06T21:12:05","isFullCredit":false},{"lineNumber":23,"author":{"gitId":"lanjia0"},"content":"        }","lastModifiedDate":"2025-09-03T02:37:11","isFullCredit":false},{"lineNumber":24,"author":{"gitId":"lanjia0"},"content":"    }","lastModifiedDate":"2025-09-03T02:37:11","isFullCredit":false},{"lineNumber":25,"author":{"gitId":"lanjia0"},"content":"","lastModifiedDate":"2025-09-03T02:37:11","isFullCredit":false},{"lineNumber":26,"author":{"gitId":"lanjia0"},"content":"    public void run() throws IOException {","lastModifiedDate":"2025-09-06T21:12:05","isFullCredit":false},{"lineNumber":27,"author":{"gitId":"lanjia0"},"content":"        ui.showGreeting();","lastModifiedDate":"2025-09-06T21:12:05","isFullCredit":false},{"lineNumber":28,"author":{"gitId":"lanjia0"},"content":"        boolean running \u003d true;","lastModifiedDate":"2025-09-06T21:12:05","isFullCredit":false},{"lineNumber":29,"author":{"gitId":"lanjia0"},"content":"        Scanner sc \u003d new Scanner(System.in);","lastModifiedDate":"2025-09-06T21:12:05","isFullCredit":false},{"lineNumber":30,"author":{"gitId":"lanjia0"},"content":"","lastModifiedDate":"2025-08-22T20:05:45","isFullCredit":false},{"lineNumber":31,"author":{"gitId":"lanjia0"},"content":"        while (running) {","lastModifiedDate":"2025-09-06T21:12:05","isFullCredit":false},{"lineNumber":32,"author":{"gitId":"lanjia0"},"content":"            String input \u003d sc.nextLine();","lastModifiedDate":"2025-09-06T21:12:05","isFullCredit":false},{"lineNumber":33,"author":{"gitId":"lanjia0"},"content":"            if (input.equals(\"bye\")) {","lastModifiedDate":"2025-09-06T21:12:05","isFullCredit":false},{"lineNumber":34,"author":{"gitId":"lanjia0"},"content":"                ui.showGoodbye();","lastModifiedDate":"2025-09-06T21:12:05","isFullCredit":false},{"lineNumber":35,"author":{"gitId":"lanjia0"},"content":"                running \u003d false;","lastModifiedDate":"2025-08-22T20:05:45","isFullCredit":false},{"lineNumber":36,"author":{"gitId":"lanjia0"},"content":"            } else {","lastModifiedDate":"2025-08-23T18:00:53","isFullCredit":false},{"lineNumber":37,"author":{"gitId":"lanjia0"},"content":"                String response \u003d Parser.parse(input, tasks, ui, storage);","lastModifiedDate":"2025-09-06T21:12:05","isFullCredit":false},{"lineNumber":38,"author":{"gitId":"lanjia0"},"content":"                ui.show(response);","lastModifiedDate":"2025-09-06T21:12:05","isFullCredit":false},{"lineNumber":39,"author":{"gitId":"lanjia0"},"content":"            }","lastModifiedDate":"2025-08-23T18:00:53","isFullCredit":false},{"lineNumber":40,"author":{"gitId":"lanjia0"},"content":"        }","lastModifiedDate":"2025-08-22T20:05:45","isFullCredit":false},{"lineNumber":41,"author":{"gitId":"lanjia0"},"content":"    }","lastModifiedDate":"2025-08-22T20:05:45","isFullCredit":false},{"lineNumber":42,"author":{"gitId":"lanjia0"},"content":"","lastModifiedDate":"2025-08-22T20:05:45","isFullCredit":false},{"lineNumber":43,"author":{"gitId":"lanjia0"},"content":"    public static void main(String[] args) throws IOException {","lastModifiedDate":"2025-09-06T21:12:05","isFullCredit":false},{"lineNumber":44,"author":{"gitId":"lanjia0"},"content":"        new AngSoonTong(\"data/tasks.txt\").run();","lastModifiedDate":"2025-09-06T21:16:33","isFullCredit":false},{"lineNumber":45,"author":{"gitId":"lanjia0"},"content":"    }","lastModifiedDate":"2025-08-22T15:15:10","isFullCredit":false},{"lineNumber":46,"author":{"gitId":"lanjia0"},"content":"}","lastModifiedDate":"2025-08-22T15:15:10","isFullCredit":false}],"authorContributionMap":{"lanjia0":46}},{"path":"src/main/java/angsoontong/TaskDecoder.java","fileType":"java","lines":[{"lineNumber":1,"author":{"gitId":"lanjia0"},"content":"package angsoontong;","lastModifiedDate":"2025-09-06T21:39:03","isFullCredit":false},{"lineNumber":2,"author":{"gitId":"lanjia0"},"content":"","lastModifiedDate":"2025-09-06T21:39:03","isFullCredit":false},{"lineNumber":3,"author":{"gitId":"lanjia0"},"content":"import angsoontong.task.Task;","lastModifiedDate":"2025-09-06T21:39:03","isFullCredit":false},{"lineNumber":4,"author":{"gitId":"lanjia0"},"content":"import angsoontong.task.Deadline;","lastModifiedDate":"2025-09-06T21:39:03","isFullCredit":false},{"lineNumber":5,"author":{"gitId":"lanjia0"},"content":"import angsoontong.task.Event;","lastModifiedDate":"2025-09-06T21:39:03","isFullCredit":false},{"lineNumber":6,"author":{"gitId":"lanjia0"},"content":"import angsoontong.task.ToDo;","lastModifiedDate":"2025-09-06T21:39:03","isFullCredit":false},{"lineNumber":7,"author":{"gitId":"lanjia0"},"content":"","lastModifiedDate":"2025-09-06T21:39:03","isFullCredit":false},{"lineNumber":8,"author":{"gitId":"lanjia0"},"content":"","lastModifiedDate":"2025-09-06T21:39:03","isFullCredit":false},{"lineNumber":9,"author":{"gitId":"lanjia0"},"content":"public class TaskDecoder {","lastModifiedDate":"2025-09-03T02:18:48","isFullCredit":false},{"lineNumber":10,"author":{"gitId":"lanjia0"},"content":"    public static Task decode(String line) {","lastModifiedDate":"2025-09-03T02:18:48","isFullCredit":false},{"lineNumber":11,"author":{"gitId":"lanjia0"},"content":"        String[] parts \u003d line.split(\" \\\\| \");","lastModifiedDate":"2025-09-03T02:18:48","isFullCredit":false},{"lineNumber":12,"author":{"gitId":"lanjia0"},"content":"        String type \u003d parts[0];","lastModifiedDate":"2025-09-03T02:18:48","isFullCredit":false},{"lineNumber":13,"author":{"gitId":"lanjia0"},"content":"        boolean isDone \u003d parts[1].equals(\"1\");","lastModifiedDate":"2025-09-03T02:18:48","isFullCredit":false},{"lineNumber":14,"author":{"gitId":"lanjia0"},"content":"        String description \u003d parts[2];","lastModifiedDate":"2025-09-03T02:18:48","isFullCredit":false},{"lineNumber":15,"author":{"gitId":"lanjia0"},"content":"","lastModifiedDate":"2025-09-03T02:18:48","isFullCredit":false},{"lineNumber":16,"author":{"gitId":"lanjia0"},"content":"        Task task;","lastModifiedDate":"2025-09-03T02:18:48","isFullCredit":false},{"lineNumber":17,"author":{"gitId":"lanjia0"},"content":"        switch (type) {","lastModifiedDate":"2025-09-03T02:18:48","isFullCredit":false},{"lineNumber":18,"author":{"gitId":"lanjia0"},"content":"            case \"T\":","lastModifiedDate":"2025-09-03T02:18:48","isFullCredit":false},{"lineNumber":19,"author":{"gitId":"lanjia0"},"content":"                task \u003d new ToDo(description);","lastModifiedDate":"2025-09-03T02:18:48","isFullCredit":false},{"lineNumber":20,"author":{"gitId":"lanjia0"},"content":"                break;","lastModifiedDate":"2025-09-03T02:18:48","isFullCredit":false},{"lineNumber":21,"author":{"gitId":"lanjia0"},"content":"            case \"D\":","lastModifiedDate":"2025-09-03T02:18:48","isFullCredit":false},{"lineNumber":22,"author":{"gitId":"lanjia0"},"content":"                task \u003d new Deadline(description, parts[3]);","lastModifiedDate":"2025-09-03T02:18:48","isFullCredit":false},{"lineNumber":23,"author":{"gitId":"lanjia0"},"content":"                break;","lastModifiedDate":"2025-09-03T02:18:48","isFullCredit":false},{"lineNumber":24,"author":{"gitId":"lanjia0"},"content":"            case \"E\":","lastModifiedDate":"2025-09-03T02:18:48","isFullCredit":false},{"lineNumber":25,"author":{"gitId":"lanjia0"},"content":"                task \u003d new Event(description, parts[3], parts[4]);","lastModifiedDate":"2025-09-03T02:18:48","isFullCredit":false},{"lineNumber":26,"author":{"gitId":"lanjia0"},"content":"                break;","lastModifiedDate":"2025-09-03T02:18:48","isFullCredit":false},{"lineNumber":27,"author":{"gitId":"lanjia0"},"content":"            default:","lastModifiedDate":"2025-09-03T02:18:48","isFullCredit":false},{"lineNumber":28,"author":{"gitId":"lanjia0"},"content":"                throw new IllegalArgumentException(\"Unknown task type: \" + type);","lastModifiedDate":"2025-09-03T02:18:48","isFullCredit":false},{"lineNumber":29,"author":{"gitId":"lanjia0"},"content":"        }","lastModifiedDate":"2025-09-03T02:18:48","isFullCredit":false},{"lineNumber":30,"author":{"gitId":"lanjia0"},"content":"        if (isDone) {","lastModifiedDate":"2025-09-03T02:18:48","isFullCredit":false},{"lineNumber":31,"author":{"gitId":"lanjia0"},"content":"            task.markDone();","lastModifiedDate":"2025-09-03T02:18:48","isFullCredit":false},{"lineNumber":32,"author":{"gitId":"lanjia0"},"content":"        }","lastModifiedDate":"2025-09-03T02:18:48","isFullCredit":false},{"lineNumber":33,"author":{"gitId":"lanjia0"},"content":"        return task;","lastModifiedDate":"2025-09-03T02:18:48","isFullCredit":false},{"lineNumber":34,"author":{"gitId":"lanjia0"},"content":"    }","lastModifiedDate":"2025-09-03T02:18:48","isFullCredit":false},{"lineNumber":35,"author":{"gitId":"lanjia0"},"content":"}","lastModifiedDate":"2025-09-03T02:18:48","isFullCredit":false}],"authorContributionMap":{"lanjia0":35}},{"path":"src/main/java/angsoontong/parser/Parser.java","fileType":"java","lines":[{"lineNumber":1,"author":{"gitId":"lanjia0"},"content":"package angsoontong.parser;","lastModifiedDate":"2025-09-06T21:39:03","isFullCredit":false},{"lineNumber":2,"author":{"gitId":"lanjia0"},"content":"","lastModifiedDate":"2025-09-06T21:39:03","isFullCredit":false},{"lineNumber":3,"author":{"gitId":"lanjia0"},"content":"import angsoontong.task.*;","lastModifiedDate":"2025-09-06T22:19:06","isFullCredit":false},{"lineNumber":4,"author":{"gitId":"lanjia0"},"content":"import angsoontong.ui.Ui;","lastModifiedDate":"2025-09-06T21:39:03","isFullCredit":false},{"lineNumber":5,"author":{"gitId":"lanjia0"},"content":"import angsoontong.storage.Storage;","lastModifiedDate":"2025-09-06T21:39:03","isFullCredit":false},{"lineNumber":6,"author":{"gitId":"lanjia0"},"content":"","lastModifiedDate":"2025-09-06T21:39:03","isFullCredit":false},{"lineNumber":7,"author":{"gitId":"lanjia0"},"content":"public class Parser {","lastModifiedDate":"2025-09-05T14:27:49","isFullCredit":false},{"lineNumber":8,"author":{"gitId":"lanjia0"},"content":"    public static String parse(String input, TaskList tasks, Ui ui, Storage storage) {","lastModifiedDate":"2025-09-06T21:00:42","isFullCredit":false},{"lineNumber":9,"author":{"gitId":"lanjia0"},"content":"        String[] words \u003d input.split(\" \");","lastModifiedDate":"2025-09-06T21:00:42","isFullCredit":false},{"lineNumber":10,"author":{"gitId":"lanjia0"},"content":"        String command \u003d words[0];","lastModifiedDate":"2025-09-06T21:00:42","isFullCredit":false},{"lineNumber":11,"author":{"gitId":"lanjia0"},"content":"","lastModifiedDate":"2025-09-06T21:00:42","isFullCredit":false},{"lineNumber":12,"author":{"gitId":"lanjia0"},"content":"        switch (command) {","lastModifiedDate":"2025-09-06T21:00:42","isFullCredit":false},{"lineNumber":13,"author":{"gitId":"lanjia0"},"content":"            case \"bye\":","lastModifiedDate":"2025-09-06T21:00:42","isFullCredit":false},{"lineNumber":14,"author":{"gitId":"lanjia0"},"content":"                return \"Bye. Why you still here?!\";","lastModifiedDate":"2025-09-06T21:00:42","isFullCredit":false},{"lineNumber":15,"author":{"gitId":"lanjia0"},"content":"","lastModifiedDate":"2025-09-06T21:00:42","isFullCredit":false},{"lineNumber":16,"author":{"gitId":"lanjia0"},"content":"            case \"list\":","lastModifiedDate":"2025-09-06T21:00:42","isFullCredit":false},{"lineNumber":17,"author":{"gitId":"lanjia0"},"content":"                return ui.showList(tasks);","lastModifiedDate":"2025-09-06T21:00:42","isFullCredit":false},{"lineNumber":18,"author":{"gitId":"lanjia0"},"content":"","lastModifiedDate":"2025-09-06T21:00:42","isFullCredit":false},{"lineNumber":19,"author":{"gitId":"lanjia0"},"content":"            case \"mark\":","lastModifiedDate":"2025-09-06T21:00:42","isFullCredit":false},{"lineNumber":20,"author":{"gitId":"lanjia0"},"content":"                int markIndex \u003d Integer.parseInt(words[1]) - 1;","lastModifiedDate":"2025-09-06T21:00:42","isFullCredit":false},{"lineNumber":21,"author":{"gitId":"lanjia0"},"content":"                Task marked \u003d tasks.get(markIndex);","lastModifiedDate":"2025-09-06T21:00:42","isFullCredit":false},{"lineNumber":22,"author":{"gitId":"lanjia0"},"content":"                marked.markDone();","lastModifiedDate":"2025-09-06T21:00:42","isFullCredit":false},{"lineNumber":23,"author":{"gitId":"lanjia0"},"content":"                tasks.save(storage);","lastModifiedDate":"2025-09-06T21:00:42","isFullCredit":false},{"lineNumber":24,"author":{"gitId":"lanjia0"},"content":"                return ui.showMarked(marked);","lastModifiedDate":"2025-09-06T21:00:42","isFullCredit":false},{"lineNumber":25,"author":{"gitId":"lanjia0"},"content":"","lastModifiedDate":"2025-09-06T21:00:42","isFullCredit":false},{"lineNumber":26,"author":{"gitId":"lanjia0"},"content":"            case \"unmark\":","lastModifiedDate":"2025-09-06T21:00:42","isFullCredit":false},{"lineNumber":27,"author":{"gitId":"lanjia0"},"content":"                int unmarkIndex \u003d Integer.parseInt(words[1]) - 1;","lastModifiedDate":"2025-09-06T21:00:42","isFullCredit":false},{"lineNumber":28,"author":{"gitId":"lanjia0"},"content":"                Task unmarked \u003d tasks.get(unmarkIndex);","lastModifiedDate":"2025-09-06T21:00:42","isFullCredit":false},{"lineNumber":29,"author":{"gitId":"lanjia0"},"content":"                unmarked.markUndone();","lastModifiedDate":"2025-09-06T21:00:42","isFullCredit":false},{"lineNumber":30,"author":{"gitId":"lanjia0"},"content":"                tasks.save(storage);","lastModifiedDate":"2025-09-06T21:00:42","isFullCredit":false},{"lineNumber":31,"author":{"gitId":"lanjia0"},"content":"                return ui.showUnmarked(unmarked);","lastModifiedDate":"2025-09-06T21:00:42","isFullCredit":false},{"lineNumber":32,"author":{"gitId":"lanjia0"},"content":"","lastModifiedDate":"2025-09-06T21:00:42","isFullCredit":false},{"lineNumber":33,"author":{"gitId":"lanjia0"},"content":"            case \"delete\":","lastModifiedDate":"2025-09-06T21:00:42","isFullCredit":false},{"lineNumber":34,"author":{"gitId":"lanjia0"},"content":"                int deleteIndex \u003d Integer.parseInt(words[1]) - 1;","lastModifiedDate":"2025-09-06T21:00:42","isFullCredit":false},{"lineNumber":35,"author":{"gitId":"lanjia0"},"content":"                Task deleted \u003d tasks.delete(deleteIndex);","lastModifiedDate":"2025-09-06T23:38:09","isFullCredit":false},{"lineNumber":36,"author":{"gitId":"lanjia0"},"content":"","lastModifiedDate":"2025-09-05T14:27:49","isFullCredit":false},{"lineNumber":37,"author":{"gitId":"lanjia0"},"content":"                tasks.save(storage);","lastModifiedDate":"2025-09-06T21:00:42","isFullCredit":false},{"lineNumber":38,"author":{"gitId":"lanjia0"},"content":"                return ui.showDeleted(deleted, tasks.size());","lastModifiedDate":"2025-09-06T21:00:42","isFullCredit":false},{"lineNumber":39,"author":{"gitId":"lanjia0"},"content":"","lastModifiedDate":"2025-09-06T21:00:42","isFullCredit":false},{"lineNumber":40,"author":{"gitId":"lanjia0"},"content":"            case \"todo\":","lastModifiedDate":"2025-09-06T21:00:42","isFullCredit":false},{"lineNumber":41,"author":{"gitId":"lanjia0"},"content":"                Task todo \u003d new ToDo(input.substring(5));","lastModifiedDate":"2025-09-06T21:00:42","isFullCredit":false},{"lineNumber":42,"author":{"gitId":"lanjia0"},"content":"                tasks.add(todo);","lastModifiedDate":"2025-09-06T21:00:42","isFullCredit":false},{"lineNumber":43,"author":{"gitId":"lanjia0"},"content":"                tasks.save(storage);","lastModifiedDate":"2025-09-06T21:00:42","isFullCredit":false},{"lineNumber":44,"author":{"gitId":"lanjia0"},"content":"                return ui.showAdded(todo, tasks.size());","lastModifiedDate":"2025-09-06T21:00:42","isFullCredit":false},{"lineNumber":45,"author":{"gitId":"lanjia0"},"content":"","lastModifiedDate":"2025-09-06T21:00:42","isFullCredit":false},{"lineNumber":46,"author":{"gitId":"lanjia0"},"content":"            case \"deadline\":","lastModifiedDate":"2025-09-06T21:00:42","isFullCredit":false},{"lineNumber":47,"author":{"gitId":"lanjia0"},"content":"                String[] deadlineParts \u003d input.split(\"/by \");","lastModifiedDate":"2025-09-06T21:00:42","isFullCredit":false},{"lineNumber":48,"author":{"gitId":"lanjia0"},"content":"                Task deadline \u003d new Deadline(deadlineParts[0].substring(9), deadlineParts[1]);","lastModifiedDate":"2025-09-06T21:00:42","isFullCredit":false},{"lineNumber":49,"author":{"gitId":"lanjia0"},"content":"                tasks.add(deadline);","lastModifiedDate":"2025-09-06T21:00:42","isFullCredit":false},{"lineNumber":50,"author":{"gitId":"lanjia0"},"content":"                tasks.save(storage);","lastModifiedDate":"2025-09-06T21:00:42","isFullCredit":false},{"lineNumber":51,"author":{"gitId":"lanjia0"},"content":"                return ui.showAdded(deadline, tasks.size());","lastModifiedDate":"2025-09-06T21:00:42","isFullCredit":false},{"lineNumber":52,"author":{"gitId":"lanjia0"},"content":"","lastModifiedDate":"2025-09-06T21:00:42","isFullCredit":false},{"lineNumber":53,"author":{"gitId":"lanjia0"},"content":"            case \"event\":","lastModifiedDate":"2025-09-06T21:00:42","isFullCredit":false},{"lineNumber":54,"author":{"gitId":"lanjia0"},"content":"                String[] eventParts \u003d input.split(\"/from |/to \");","lastModifiedDate":"2025-09-06T21:00:42","isFullCredit":false},{"lineNumber":55,"author":{"gitId":"lanjia0"},"content":"                Task event \u003d new Event(eventParts[0].substring(6), eventParts[1], eventParts[2]);","lastModifiedDate":"2025-09-06T21:00:42","isFullCredit":false},{"lineNumber":56,"author":{"gitId":"lanjia0"},"content":"                tasks.add(event);","lastModifiedDate":"2025-09-06T21:00:42","isFullCredit":false},{"lineNumber":57,"author":{"gitId":"lanjia0"},"content":"                tasks.save(storage);","lastModifiedDate":"2025-09-06T21:00:42","isFullCredit":false},{"lineNumber":58,"author":{"gitId":"lanjia0"},"content":"                return ui.showAdded(event, tasks.size());","lastModifiedDate":"2025-09-06T21:00:42","isFullCredit":false},{"lineNumber":59,"author":{"gitId":"lanjia0"},"content":"","lastModifiedDate":"2025-09-06T21:00:42","isFullCredit":false},{"lineNumber":60,"author":{"gitId":"lanjia0"},"content":"            default:","lastModifiedDate":"2025-09-06T21:00:42","isFullCredit":false},{"lineNumber":61,"author":{"gitId":"lanjia0"},"content":"                return \"Eh! Say properly leh, I don\u0027t know what that means la!\\n\";","lastModifiedDate":"2025-09-06T21:00:42","isFullCredit":false},{"lineNumber":62,"author":{"gitId":"lanjia0"},"content":"        }","lastModifiedDate":"2025-09-06T21:00:42","isFullCredit":false},{"lineNumber":63,"author":{"gitId":"lanjia0"},"content":"    }","lastModifiedDate":"2025-09-05T14:27:49","isFullCredit":false},{"lineNumber":64,"author":{"gitId":"lanjia0"},"content":"}","lastModifiedDate":"2025-09-05T14:27:49","isFullCredit":false}],"authorContributionMap":{"lanjia0":64}},{"path":"src/main/java/angsoontong/storage/Storage.java","fileType":"java","lines":[{"lineNumber":1,"author":{"gitId":"lanjia0"},"content":"package angsoontong.storage;","lastModifiedDate":"2025-09-06T21:39:03","isFullCredit":false},{"lineNumber":2,"author":{"gitId":"lanjia0"},"content":"","lastModifiedDate":"2025-09-06T21:39:03","isFullCredit":false},{"lineNumber":3,"author":{"gitId":"lanjia0"},"content":"import angsoontong.task.TaskList;","lastModifiedDate":"2025-09-06T21:39:03","isFullCredit":false},{"lineNumber":4,"author":{"gitId":"lanjia0"},"content":"import angsoontong.task.*;","lastModifiedDate":"2025-09-06T22:19:06","isFullCredit":false},{"lineNumber":5,"author":{"gitId":"lanjia0"},"content":"import angsoontong.TaskDecoder;","lastModifiedDate":"2025-09-06T22:19:06","isFullCredit":false},{"lineNumber":6,"author":{"gitId":"lanjia0"},"content":"import java.io.File;","lastModifiedDate":"2025-09-06T21:12:05","isFullCredit":false},{"lineNumber":7,"author":{"gitId":"lanjia0"},"content":"import java.io.FileWriter;","lastModifiedDate":"2025-09-06T21:12:05","isFullCredit":false},{"lineNumber":8,"author":{"gitId":"lanjia0"},"content":"import java.io.IOException;","lastModifiedDate":"2025-09-06T21:12:05","isFullCredit":false},{"lineNumber":9,"author":{"gitId":"lanjia0"},"content":"import java.nio.file.Files;","lastModifiedDate":"2025-09-02T19:35:54","isFullCredit":false},{"lineNumber":10,"author":{"gitId":"lanjia0"},"content":"import java.nio.file.Paths;","lastModifiedDate":"2025-09-02T19:35:54","isFullCredit":false},{"lineNumber":11,"author":{"gitId":"lanjia0"},"content":"import java.util.ArrayList;","lastModifiedDate":"2025-09-02T19:35:54","isFullCredit":false},{"lineNumber":12,"author":{"gitId":"lanjia0"},"content":"import java.util.List;","lastModifiedDate":"2025-09-02T19:35:54","isFullCredit":false},{"lineNumber":13,"author":{"gitId":"lanjia0"},"content":"","lastModifiedDate":"2025-09-02T19:35:54","isFullCredit":false},{"lineNumber":14,"author":{"gitId":"lanjia0"},"content":"public class Storage {","lastModifiedDate":"2025-09-02T19:35:54","isFullCredit":false},{"lineNumber":15,"author":{"gitId":"lanjia0"},"content":"    private final String filePath;","lastModifiedDate":"2025-09-06T21:12:05","isFullCredit":false},{"lineNumber":16,"author":{"gitId":"lanjia0"},"content":"","lastModifiedDate":"2025-09-02T19:35:54","isFullCredit":false},{"lineNumber":17,"author":{"gitId":"lanjia0"},"content":"    public Storage(String filePath) {","lastModifiedDate":"2025-09-02T19:35:54","isFullCredit":false},{"lineNumber":18,"author":{"gitId":"lanjia0"},"content":"        this.filePath \u003d filePath;","lastModifiedDate":"2025-09-02T19:35:54","isFullCredit":false},{"lineNumber":19,"author":{"gitId":"lanjia0"},"content":"    }","lastModifiedDate":"2025-09-02T19:35:54","isFullCredit":false},{"lineNumber":20,"author":{"gitId":"lanjia0"},"content":"","lastModifiedDate":"2025-09-02T19:35:54","isFullCredit":false},{"lineNumber":21,"author":{"gitId":"lanjia0"},"content":"    /**","lastModifiedDate":"2025-09-06T21:12:05","isFullCredit":false},{"lineNumber":22,"author":{"gitId":"lanjia0"},"content":"     * Load tasks from the save file.","lastModifiedDate":"2025-09-06T21:12:05","isFullCredit":false},{"lineNumber":23,"author":{"gitId":"lanjia0"},"content":"     * Returns an ArrayList of tasks (decoded).","lastModifiedDate":"2025-09-06T21:12:05","isFullCredit":false},{"lineNumber":24,"author":{"gitId":"lanjia0"},"content":"     */","lastModifiedDate":"2025-09-06T21:12:05","isFullCredit":false},{"lineNumber":25,"author":{"gitId":"lanjia0"},"content":"    public ArrayList\u003cTask\u003e load() throws IOException {","lastModifiedDate":"2025-09-06T21:12:05","isFullCredit":false},{"lineNumber":26,"author":{"gitId":"lanjia0"},"content":"        ArrayList\u003cTask\u003e tasks \u003d new ArrayList\u003c\u003e();","lastModifiedDate":"2025-09-06T21:12:05","isFullCredit":false},{"lineNumber":27,"author":{"gitId":"lanjia0"},"content":"","lastModifiedDate":"2025-09-06T21:12:05","isFullCredit":false},{"lineNumber":28,"author":{"gitId":"lanjia0"},"content":"        File file \u003d new File(filePath);","lastModifiedDate":"2025-09-02T19:35:54","isFullCredit":false},{"lineNumber":29,"author":{"gitId":"lanjia0"},"content":"        if (!file.exists()) {","lastModifiedDate":"2025-09-02T19:35:54","isFullCredit":false},{"lineNumber":30,"author":{"gitId":"lanjia0"},"content":"            // create directories if they do not exist","lastModifiedDate":"2025-09-06T21:12:05","isFullCredit":false},{"lineNumber":31,"author":{"gitId":"lanjia0"},"content":"            file.getParentFile().mkdirs();","lastModifiedDate":"2025-09-02T19:35:54","isFullCredit":false},{"lineNumber":32,"author":{"gitId":"lanjia0"},"content":"            file.createNewFile();","lastModifiedDate":"2025-09-02T19:35:54","isFullCredit":false},{"lineNumber":33,"author":{"gitId":"lanjia0"},"content":"            return tasks; // return empty list if no file yet","lastModifiedDate":"2025-09-06T21:12:05","isFullCredit":false},{"lineNumber":34,"author":{"gitId":"lanjia0"},"content":"        }","lastModifiedDate":"2025-09-06T21:12:05","isFullCredit":false},{"lineNumber":35,"author":{"gitId":"lanjia0"},"content":"","lastModifiedDate":"2025-09-06T21:12:05","isFullCredit":false},{"lineNumber":36,"author":{"gitId":"lanjia0"},"content":"        List\u003cString\u003e lines \u003d Files.readAllLines(Paths.get(filePath));","lastModifiedDate":"2025-09-06T21:12:05","isFullCredit":false},{"lineNumber":37,"author":{"gitId":"lanjia0"},"content":"        for (String line : lines) {","lastModifiedDate":"2025-09-06T21:12:05","isFullCredit":false},{"lineNumber":38,"author":{"gitId":"lanjia0"},"content":"            Task t \u003d TaskDecoder.decode(line);","lastModifiedDate":"2025-09-06T21:12:05","isFullCredit":false},{"lineNumber":39,"author":{"gitId":"lanjia0"},"content":"            if (t !\u003d null) {","lastModifiedDate":"2025-09-06T21:12:05","isFullCredit":false},{"lineNumber":40,"author":{"gitId":"lanjia0"},"content":"                tasks.add(t);","lastModifiedDate":"2025-09-06T21:12:05","isFullCredit":false},{"lineNumber":41,"author":{"gitId":"lanjia0"},"content":"            }","lastModifiedDate":"2025-09-06T21:12:05","isFullCredit":false},{"lineNumber":42,"author":{"gitId":"lanjia0"},"content":"        }","lastModifiedDate":"2025-09-02T19:35:54","isFullCredit":false},{"lineNumber":43,"author":{"gitId":"lanjia0"},"content":"        return tasks;","lastModifiedDate":"2025-09-06T21:12:05","isFullCredit":false},{"lineNumber":44,"author":{"gitId":"lanjia0"},"content":"    }","lastModifiedDate":"2025-09-02T19:35:54","isFullCredit":false},{"lineNumber":45,"author":{"gitId":"lanjia0"},"content":"","lastModifiedDate":"2025-09-02T19:35:54","isFullCredit":false},{"lineNumber":46,"author":{"gitId":"lanjia0"},"content":"    /**","lastModifiedDate":"2025-09-06T21:12:05","isFullCredit":false},{"lineNumber":47,"author":{"gitId":"lanjia0"},"content":"     * Save all tasks to the save file.","lastModifiedDate":"2025-09-06T21:12:05","isFullCredit":false},{"lineNumber":48,"author":{"gitId":"lanjia0"},"content":"     */","lastModifiedDate":"2025-09-06T21:12:05","isFullCredit":false},{"lineNumber":49,"author":{"gitId":"lanjia0"},"content":"    public void save(TaskList tasks) throws IOException {","lastModifiedDate":"2025-09-06T21:12:05","isFullCredit":false},{"lineNumber":50,"author":{"gitId":"lanjia0"},"content":"        FileWriter fw \u003d new FileWriter(filePath);","lastModifiedDate":"2025-09-02T19:35:54","isFullCredit":false},{"lineNumber":51,"author":{"gitId":"lanjia0"},"content":"        for (Task task : tasks.getAll()) { // TaskList should expose getAll()","lastModifiedDate":"2025-09-06T21:12:05","isFullCredit":false},{"lineNumber":52,"author":{"gitId":"lanjia0"},"content":"            fw.write(task.toFileFormat() + System.lineSeparator());","lastModifiedDate":"2025-09-06T21:12:05","isFullCredit":false},{"lineNumber":53,"author":{"gitId":"lanjia0"},"content":"        }","lastModifiedDate":"2025-09-02T19:35:54","isFullCredit":false},{"lineNumber":54,"author":{"gitId":"lanjia0"},"content":"        fw.close();","lastModifiedDate":"2025-09-02T19:35:54","isFullCredit":false},{"lineNumber":55,"author":{"gitId":"lanjia0"},"content":"    }","lastModifiedDate":"2025-09-02T19:35:54","isFullCredit":false},{"lineNumber":56,"author":{"gitId":"lanjia0"},"content":"}","lastModifiedDate":"2025-09-02T19:35:54","isFullCredit":false}],"authorContributionMap":{"lanjia0":56}},{"path":"src/main/java/angsoontong/task/Deadline.java","fileType":"java","lines":[{"lineNumber":1,"author":{"gitId":"lanjia0"},"content":"package angsoontong.task;","lastModifiedDate":"2025-09-06T21:39:03","isFullCredit":false},{"lineNumber":2,"author":{"gitId":"lanjia0"},"content":"","lastModifiedDate":"2025-09-06T21:39:03","isFullCredit":false},{"lineNumber":3,"author":{"gitId":"lanjia0"},"content":"import java.time.LocalDate;","lastModifiedDate":"2025-09-04T02:51:23","isFullCredit":false},{"lineNumber":4,"author":{"gitId":"lanjia0"},"content":"import java.time.format.DateTimeFormatter;","lastModifiedDate":"2025-09-04T02:51:23","isFullCredit":false},{"lineNumber":5,"author":{"gitId":"lanjia0"},"content":"","lastModifiedDate":"2025-09-04T02:51:23","isFullCredit":false},{"lineNumber":6,"author":{"gitId":"lanjia0"},"content":"public class Deadline extends Task {","lastModifiedDate":"2025-08-22T22:38:32","isFullCredit":false},{"lineNumber":7,"author":{"gitId":"lanjia0"},"content":"    protected LocalDate dueDate;","lastModifiedDate":"2025-09-04T02:51:23","isFullCredit":false},{"lineNumber":8,"author":{"gitId":"lanjia0"},"content":"","lastModifiedDate":"2025-08-22T22:38:32","isFullCredit":false},{"lineNumber":9,"author":{"gitId":"lanjia0"},"content":"    public Deadline(String name, String dueDate) {","lastModifiedDate":"2025-08-22T22:38:32","isFullCredit":false},{"lineNumber":10,"author":{"gitId":"lanjia0"},"content":"        super(name);","lastModifiedDate":"2025-08-22T22:38:32","isFullCredit":false},{"lineNumber":11,"author":{"gitId":"lanjia0"},"content":"        this.dueDate \u003d LocalDate.parse(dueDate);","lastModifiedDate":"2025-09-04T02:51:23","isFullCredit":false},{"lineNumber":12,"author":{"gitId":"lanjia0"},"content":"    }","lastModifiedDate":"2025-08-22T22:38:32","isFullCredit":false},{"lineNumber":13,"author":{"gitId":"lanjia0"},"content":"","lastModifiedDate":"2025-08-22T22:38:32","isFullCredit":false},{"lineNumber":14,"author":{"gitId":"lanjia0"},"content":"    @Override // custom toString representation for deadline","lastModifiedDate":"2025-08-24T16:47:44","isFullCredit":false},{"lineNumber":15,"author":{"gitId":"lanjia0"},"content":"    public String toString() {","lastModifiedDate":"2025-08-22T22:38:32","isFullCredit":false},{"lineNumber":16,"author":{"gitId":"lanjia0"},"content":"        return String.format(\"[D]\" + super.toString() +","lastModifiedDate":"2025-09-04T02:51:23","isFullCredit":false},{"lineNumber":17,"author":{"gitId":"lanjia0"},"content":"                \"(by: \" + dueDate.format(DateTimeFormatter.ofPattern(\"dd MMM yyyy\")) + \")\");","lastModifiedDate":"2025-09-04T17:50:54","isFullCredit":false},{"lineNumber":18,"author":{"gitId":"lanjia0"},"content":"    }","lastModifiedDate":"2025-08-22T22:38:32","isFullCredit":false},{"lineNumber":19,"author":{"gitId":"lanjia0"},"content":"","lastModifiedDate":"2025-09-03T01:56:09","isFullCredit":false},{"lineNumber":20,"author":{"gitId":"lanjia0"},"content":"    @Override","lastModifiedDate":"2025-09-03T01:56:09","isFullCredit":false},{"lineNumber":21,"author":{"gitId":"lanjia0"},"content":"    public String toFileFormat() {","lastModifiedDate":"2025-09-03T01:56:09","isFullCredit":false},{"lineNumber":22,"author":{"gitId":"lanjia0"},"content":"        return \"D | \" +","lastModifiedDate":"2025-09-03T01:56:09","isFullCredit":false},{"lineNumber":23,"author":{"gitId":"lanjia0"},"content":"                (super.isDone() ? \"1\" : \"0\") +","lastModifiedDate":"2025-09-03T01:56:09","isFullCredit":false},{"lineNumber":24,"author":{"gitId":"lanjia0"},"content":"                \" | \" + super.getName() +","lastModifiedDate":"2025-09-03T01:56:09","isFullCredit":false},{"lineNumber":25,"author":{"gitId":"lanjia0"},"content":"                \" | \" + this.dueDate;","lastModifiedDate":"2025-09-03T01:56:09","isFullCredit":false},{"lineNumber":26,"author":{"gitId":"lanjia0"},"content":"    }","lastModifiedDate":"2025-09-03T01:56:09","isFullCredit":false},{"lineNumber":27,"author":{"gitId":"lanjia0"},"content":"}","lastModifiedDate":"2025-08-22T21:19:59","isFullCredit":false}],"authorContributionMap":{"lanjia0":27}},{"path":"src/main/java/angsoontong/task/Event.java","fileType":"java","lines":[{"lineNumber":1,"author":{"gitId":"lanjia0"},"content":"package angsoontong.task;","lastModifiedDate":"2025-09-06T21:39:03","isFullCredit":false},{"lineNumber":2,"author":{"gitId":"lanjia0"},"content":"","lastModifiedDate":"2025-09-06T21:39:03","isFullCredit":false},{"lineNumber":3,"author":{"gitId":"lanjia0"},"content":"import java.time.LocalDate;","lastModifiedDate":"2025-09-04T02:51:23","isFullCredit":false},{"lineNumber":4,"author":{"gitId":"lanjia0"},"content":"import java.time.format.DateTimeFormatter;","lastModifiedDate":"2025-09-04T02:51:23","isFullCredit":false},{"lineNumber":5,"author":{"gitId":"lanjia0"},"content":"","lastModifiedDate":"2025-09-04T02:51:23","isFullCredit":false},{"lineNumber":6,"author":{"gitId":"lanjia0"},"content":"public class Event extends Task{","lastModifiedDate":"2025-08-22T22:38:32","isFullCredit":false},{"lineNumber":7,"author":{"gitId":"lanjia0"},"content":"    private LocalDate start;","lastModifiedDate":"2025-09-04T02:51:23","isFullCredit":false},{"lineNumber":8,"author":{"gitId":"lanjia0"},"content":"    private LocalDate end;","lastModifiedDate":"2025-09-04T02:51:23","isFullCredit":false},{"lineNumber":9,"author":{"gitId":"lanjia0"},"content":"","lastModifiedDate":"2025-08-22T22:38:32","isFullCredit":false},{"lineNumber":10,"author":{"gitId":"lanjia0"},"content":"    public Event(String name, String start, String end) {","lastModifiedDate":"2025-08-22T22:38:32","isFullCredit":false},{"lineNumber":11,"author":{"gitId":"lanjia0"},"content":"        super(name);","lastModifiedDate":"2025-08-22T22:38:32","isFullCredit":false},{"lineNumber":12,"author":{"gitId":"lanjia0"},"content":"        this.start \u003d LocalDate.parse(start);","lastModifiedDate":"2025-09-04T02:51:23","isFullCredit":false},{"lineNumber":13,"author":{"gitId":"lanjia0"},"content":"        this.end \u003d LocalDate.parse(end);","lastModifiedDate":"2025-09-04T02:51:23","isFullCredit":false},{"lineNumber":14,"author":{"gitId":"lanjia0"},"content":"    }","lastModifiedDate":"2025-08-22T22:38:32","isFullCredit":false},{"lineNumber":15,"author":{"gitId":"lanjia0"},"content":"","lastModifiedDate":"2025-08-22T22:38:32","isFullCredit":false},{"lineNumber":16,"author":{"gitId":"lanjia0"},"content":"    @Override // custom toString representation for event","lastModifiedDate":"2025-08-24T16:47:44","isFullCredit":false},{"lineNumber":17,"author":{"gitId":"lanjia0"},"content":"    public String toString() {","lastModifiedDate":"2025-08-22T22:38:32","isFullCredit":false},{"lineNumber":18,"author":{"gitId":"lanjia0"},"content":"        return String.format(\"[E]\" + super.toString() +","lastModifiedDate":"2025-09-04T02:51:23","isFullCredit":false},{"lineNumber":19,"author":{"gitId":"lanjia0"},"content":"                \"(from: \" + start.format(DateTimeFormatter.ofPattern(\"dd MMM yyyy\"))","lastModifiedDate":"2025-09-04T17:50:54","isFullCredit":false},{"lineNumber":20,"author":{"gitId":"lanjia0"},"content":"                + \" to: \" + end.format(DateTimeFormatter.ofPattern(\"dd MMM yyyy\")) + \")\");","lastModifiedDate":"2025-09-04T17:50:54","isFullCredit":false},{"lineNumber":21,"author":{"gitId":"lanjia0"},"content":"    }","lastModifiedDate":"2025-08-22T22:38:32","isFullCredit":false},{"lineNumber":22,"author":{"gitId":"lanjia0"},"content":"","lastModifiedDate":"2025-09-03T01:56:09","isFullCredit":false},{"lineNumber":23,"author":{"gitId":"lanjia0"},"content":"    @Override","lastModifiedDate":"2025-09-03T01:56:09","isFullCredit":false},{"lineNumber":24,"author":{"gitId":"lanjia0"},"content":"    public String toFileFormat() {","lastModifiedDate":"2025-09-03T01:56:09","isFullCredit":false},{"lineNumber":25,"author":{"gitId":"lanjia0"},"content":"        return \"D | \" +","lastModifiedDate":"2025-09-03T01:56:09","isFullCredit":false},{"lineNumber":26,"author":{"gitId":"lanjia0"},"content":"                (super.isDone() ? \"1\" : \"0\") +","lastModifiedDate":"2025-09-03T01:56:09","isFullCredit":false},{"lineNumber":27,"author":{"gitId":"lanjia0"},"content":"                \" | \" + super.getName() +","lastModifiedDate":"2025-09-03T01:56:09","isFullCredit":false},{"lineNumber":28,"author":{"gitId":"lanjia0"},"content":"                \" | \" + this.start + \" | \" + this.end;","lastModifiedDate":"2025-09-03T02:18:48","isFullCredit":false},{"lineNumber":29,"author":{"gitId":"lanjia0"},"content":"    }","lastModifiedDate":"2025-09-03T01:56:09","isFullCredit":false},{"lineNumber":30,"author":{"gitId":"lanjia0"},"content":"}","lastModifiedDate":"2025-08-22T21:19:59","isFullCredit":false}],"authorContributionMap":{"lanjia0":30}},{"path":"src/main/java/angsoontong/task/Task.java","fileType":"java","lines":[{"lineNumber":1,"author":{"gitId":"lanjia0"},"content":"package angsoontong.task;","lastModifiedDate":"2025-09-06T21:39:03","isFullCredit":false},{"lineNumber":2,"author":{"gitId":"lanjia0"},"content":"","lastModifiedDate":"2025-09-06T21:39:03","isFullCredit":false},{"lineNumber":3,"author":{"gitId":"lanjia0"},"content":"public abstract class Task {","lastModifiedDate":"2025-09-03T01:56:09","isFullCredit":false},{"lineNumber":4,"author":{"gitId":"lanjia0"},"content":"    private boolean isDone;","lastModifiedDate":"2025-08-22T20:31:01","isFullCredit":false},{"lineNumber":5,"author":{"gitId":"lanjia0"},"content":"    private final String NAME;","lastModifiedDate":"2025-08-22T20:31:01","isFullCredit":false},{"lineNumber":6,"author":{"gitId":"lanjia0"},"content":"","lastModifiedDate":"2025-08-22T20:31:01","isFullCredit":false},{"lineNumber":7,"author":{"gitId":"lanjia0"},"content":"    public Task(String name) {","lastModifiedDate":"2025-08-22T20:31:01","isFullCredit":false},{"lineNumber":8,"author":{"gitId":"lanjia0"},"content":"        this.NAME \u003d name;","lastModifiedDate":"2025-08-22T20:31:01","isFullCredit":false},{"lineNumber":9,"author":{"gitId":"lanjia0"},"content":"        this.isDone \u003d false;","lastModifiedDate":"2025-08-22T20:31:01","isFullCredit":false},{"lineNumber":10,"author":{"gitId":"lanjia0"},"content":"    }","lastModifiedDate":"2025-08-22T20:31:01","isFullCredit":false},{"lineNumber":11,"author":{"gitId":"lanjia0"},"content":"","lastModifiedDate":"2025-08-22T20:31:01","isFullCredit":false},{"lineNumber":12,"author":{"gitId":"lanjia0"},"content":"    // mark task as done","lastModifiedDate":"2025-08-23T18:26:03","isFullCredit":false},{"lineNumber":13,"author":{"gitId":"lanjia0"},"content":"    public void markDone() {","lastModifiedDate":"2025-08-22T20:31:01","isFullCredit":false},{"lineNumber":14,"author":{"gitId":"lanjia0"},"content":"        this.isDone \u003d true;","lastModifiedDate":"2025-08-22T20:31:01","isFullCredit":false},{"lineNumber":15,"author":{"gitId":"lanjia0"},"content":"    }","lastModifiedDate":"2025-08-22T20:31:01","isFullCredit":false},{"lineNumber":16,"author":{"gitId":"lanjia0"},"content":"","lastModifiedDate":"2025-08-22T20:31:01","isFullCredit":false},{"lineNumber":17,"author":{"gitId":"lanjia0"},"content":"    // unmarks task, task is not done","lastModifiedDate":"2025-08-23T18:26:03","isFullCredit":false},{"lineNumber":18,"author":{"gitId":"lanjia0"},"content":"    public void markUndone() {","lastModifiedDate":"2025-08-22T20:31:01","isFullCredit":false},{"lineNumber":19,"author":{"gitId":"lanjia0"},"content":"        this.isDone \u003d false;","lastModifiedDate":"2025-08-22T20:31:01","isFullCredit":false},{"lineNumber":20,"author":{"gitId":"lanjia0"},"content":"    }","lastModifiedDate":"2025-08-22T20:31:01","isFullCredit":false},{"lineNumber":21,"author":{"gitId":"lanjia0"},"content":"","lastModifiedDate":"2025-08-22T20:31:01","isFullCredit":false},{"lineNumber":22,"author":{"gitId":"lanjia0"},"content":"    // getter for boolean isDone","lastModifiedDate":"2025-09-03T01:56:09","isFullCredit":false},{"lineNumber":23,"author":{"gitId":"lanjia0"},"content":"    public boolean isDone() {","lastModifiedDate":"2025-09-03T01:56:09","isFullCredit":false},{"lineNumber":24,"author":{"gitId":"lanjia0"},"content":"        return this.isDone;","lastModifiedDate":"2025-09-03T01:56:09","isFullCredit":false},{"lineNumber":25,"author":{"gitId":"lanjia0"},"content":"    }","lastModifiedDate":"2025-09-03T01:56:09","isFullCredit":false},{"lineNumber":26,"author":{"gitId":"lanjia0"},"content":"","lastModifiedDate":"2025-09-03T01:56:09","isFullCredit":false},{"lineNumber":27,"author":{"gitId":"lanjia0"},"content":"    // getter for name","lastModifiedDate":"2025-09-03T01:56:09","isFullCredit":false},{"lineNumber":28,"author":{"gitId":"lanjia0"},"content":"    public String getName() {","lastModifiedDate":"2025-09-03T01:56:09","isFullCredit":false},{"lineNumber":29,"author":{"gitId":"lanjia0"},"content":"        return this.NAME;","lastModifiedDate":"2025-09-03T01:56:09","isFullCredit":false},{"lineNumber":30,"author":{"gitId":"lanjia0"},"content":"    }","lastModifiedDate":"2025-09-03T01:56:09","isFullCredit":false},{"lineNumber":31,"author":{"gitId":"lanjia0"},"content":"","lastModifiedDate":"2025-09-03T01:56:09","isFullCredit":false},{"lineNumber":32,"author":{"gitId":"lanjia0"},"content":"    // custom toString representation for task","lastModifiedDate":"2025-08-23T18:26:03","isFullCredit":false},{"lineNumber":33,"author":{"gitId":"lanjia0"},"content":"    @Override","lastModifiedDate":"2025-08-22T20:31:01","isFullCredit":false},{"lineNumber":34,"author":{"gitId":"lanjia0"},"content":"    public String toString() {","lastModifiedDate":"2025-08-22T20:31:01","isFullCredit":false},{"lineNumber":35,"author":{"gitId":"lanjia0"},"content":"        return String.format(\"[\" + (isDone ? \"X\" : \"\") + \"] %s\", NAME);","lastModifiedDate":"2025-08-22T20:31:01","isFullCredit":false},{"lineNumber":36,"author":{"gitId":"lanjia0"},"content":"    }","lastModifiedDate":"2025-08-22T20:31:01","isFullCredit":false},{"lineNumber":37,"author":{"gitId":"lanjia0"},"content":"","lastModifiedDate":"2025-09-03T01:56:09","isFullCredit":false},{"lineNumber":38,"author":{"gitId":"lanjia0"},"content":"    // abstract method for task subclasses to write into file","lastModifiedDate":"2025-09-03T01:56:09","isFullCredit":false},{"lineNumber":39,"author":{"gitId":"lanjia0"},"content":"    public abstract String toFileFormat();","lastModifiedDate":"2025-09-03T01:56:09","isFullCredit":false},{"lineNumber":40,"author":{"gitId":"lanjia0"},"content":"}","lastModifiedDate":"2025-08-22T20:31:01","isFullCredit":false}],"authorContributionMap":{"lanjia0":40}},{"path":"src/main/java/angsoontong/task/TaskList.java","fileType":"java","lines":[{"lineNumber":1,"author":{"gitId":"lanjia0"},"content":"package angsoontong.task;","lastModifiedDate":"2025-09-06T21:39:03","isFullCredit":false},{"lineNumber":2,"author":{"gitId":"lanjia0"},"content":"","lastModifiedDate":"2025-09-06T21:39:03","isFullCredit":false},{"lineNumber":3,"author":{"gitId":"lanjia0"},"content":"import java.io.IOException;","lastModifiedDate":"2025-09-06T20:44:55","isFullCredit":false},{"lineNumber":4,"author":{"gitId":"lanjia0"},"content":"import java.util.ArrayList;","lastModifiedDate":"2025-09-06T20:44:55","isFullCredit":false},{"lineNumber":5,"author":{"gitId":"lanjia0"},"content":"import java.util.List;","lastModifiedDate":"2025-09-06T20:44:55","isFullCredit":false},{"lineNumber":6,"author":{"gitId":"lanjia0"},"content":"import angsoontong.storage.Storage;","lastModifiedDate":"2025-09-06T21:39:03","isFullCredit":false},{"lineNumber":7,"author":{"gitId":"lanjia0"},"content":"","lastModifiedDate":"2025-09-06T21:39:03","isFullCredit":false},{"lineNumber":8,"author":{"gitId":"lanjia0"},"content":"","lastModifiedDate":"2025-09-06T21:39:03","isFullCredit":false},{"lineNumber":9,"author":{"gitId":"lanjia0"},"content":"","lastModifiedDate":"2025-09-06T20:44:55","isFullCredit":false},{"lineNumber":10,"author":{"gitId":"lanjia0"},"content":"public class TaskList {","lastModifiedDate":"2025-09-05T16:27:32","isFullCredit":false},{"lineNumber":11,"author":{"gitId":"lanjia0"},"content":"    private ArrayList\u003cTask\u003e tasks;","lastModifiedDate":"2025-09-06T20:44:55","isFullCredit":false},{"lineNumber":12,"author":{"gitId":"lanjia0"},"content":"","lastModifiedDate":"2025-09-05T16:27:32","isFullCredit":false},{"lineNumber":13,"author":{"gitId":"lanjia0"},"content":"    // default constructor","lastModifiedDate":"2025-09-05T16:27:32","isFullCredit":false},{"lineNumber":14,"author":{"gitId":"lanjia0"},"content":"    public TaskList() {","lastModifiedDate":"2025-09-05T16:27:32","isFullCredit":false},{"lineNumber":15,"author":{"gitId":"lanjia0"},"content":"        tasks \u003d new ArrayList\u003c\u003e();","lastModifiedDate":"2025-09-06T20:44:55","isFullCredit":false},{"lineNumber":16,"author":{"gitId":"lanjia0"},"content":"    }","lastModifiedDate":"2025-09-05T16:27:32","isFullCredit":false},{"lineNumber":17,"author":{"gitId":"lanjia0"},"content":"","lastModifiedDate":"2025-09-05T16:27:32","isFullCredit":false},{"lineNumber":18,"author":{"gitId":"lanjia0"},"content":"    // constructor","lastModifiedDate":"2025-09-06T21:12:05","isFullCredit":false},{"lineNumber":19,"author":{"gitId":"lanjia0"},"content":"    public TaskList(ArrayList\u003cTask\u003e list) {","lastModifiedDate":"2025-09-06T21:12:05","isFullCredit":false},{"lineNumber":20,"author":{"gitId":"lanjia0"},"content":"        this.tasks \u003d list;","lastModifiedDate":"2025-09-06T21:12:05","isFullCredit":false},{"lineNumber":21,"author":{"gitId":"lanjia0"},"content":"    }","lastModifiedDate":"2025-09-06T21:12:05","isFullCredit":false},{"lineNumber":22,"author":{"gitId":"lanjia0"},"content":"","lastModifiedDate":"2025-09-06T21:12:05","isFullCredit":false},{"lineNumber":23,"author":{"gitId":"lanjia0"},"content":"    // method to write tasks to storage file","lastModifiedDate":"2025-09-06T20:44:55","isFullCredit":false},{"lineNumber":24,"author":{"gitId":"lanjia0"},"content":"    public void save(Storage storage) {","lastModifiedDate":"2025-09-06T20:44:55","isFullCredit":false},{"lineNumber":25,"author":{"gitId":"lanjia0"},"content":"        try {","lastModifiedDate":"2025-09-06T20:44:55","isFullCredit":false},{"lineNumber":26,"author":{"gitId":"lanjia0"},"content":"            storage.save(this);","lastModifiedDate":"2025-09-06T21:12:05","isFullCredit":false},{"lineNumber":27,"author":{"gitId":"lanjia0"},"content":"        } catch (IOException e) {","lastModifiedDate":"2025-09-06T20:44:55","isFullCredit":false},{"lineNumber":28,"author":{"gitId":"lanjia0"},"content":"            System.out.println(\"Error saving file: \" + e.getMessage());","lastModifiedDate":"2025-09-06T20:44:55","isFullCredit":false},{"lineNumber":29,"author":{"gitId":"lanjia0"},"content":"        }","lastModifiedDate":"2025-09-06T20:44:55","isFullCredit":false},{"lineNumber":30,"author":{"gitId":"lanjia0"},"content":"    }","lastModifiedDate":"2025-09-05T16:27:32","isFullCredit":false},{"lineNumber":31,"author":{"gitId":"lanjia0"},"content":"","lastModifiedDate":"2025-09-05T16:27:32","isFullCredit":false},{"lineNumber":32,"author":{"gitId":"lanjia0"},"content":"    // method to add Task to task list","lastModifiedDate":"2025-09-05T16:27:32","isFullCredit":false},{"lineNumber":33,"author":{"gitId":"lanjia0"},"content":"    public void add(Task t) {","lastModifiedDate":"2025-09-05T16:27:32","isFullCredit":false},{"lineNumber":34,"author":{"gitId":"lanjia0"},"content":"        tasks.add(t);","lastModifiedDate":"2025-09-06T20:44:55","isFullCredit":false},{"lineNumber":35,"author":{"gitId":"lanjia0"},"content":"    }","lastModifiedDate":"2025-09-05T16:27:32","isFullCredit":false},{"lineNumber":36,"author":{"gitId":"lanjia0"},"content":"","lastModifiedDate":"2025-09-05T16:27:32","isFullCredit":false},{"lineNumber":37,"author":{"gitId":"lanjia0"},"content":"    // getter to retrieve tasks in task list","lastModifiedDate":"2025-09-05T16:27:32","isFullCredit":false},{"lineNumber":38,"author":{"gitId":"lanjia0"},"content":"    public Task get(int index) {","lastModifiedDate":"2025-09-05T16:27:32","isFullCredit":false},{"lineNumber":39,"author":{"gitId":"lanjia0"},"content":"        return tasks.get(index);","lastModifiedDate":"2025-09-06T20:44:55","isFullCredit":false},{"lineNumber":40,"author":{"gitId":"lanjia0"},"content":"    }","lastModifiedDate":"2025-09-05T16:27:32","isFullCredit":false},{"lineNumber":41,"author":{"gitId":"lanjia0"},"content":"","lastModifiedDate":"2025-09-05T16:27:32","isFullCredit":false},{"lineNumber":42,"author":{"gitId":"lanjia0"},"content":"    // delete task from task list","lastModifiedDate":"2025-09-05T16:27:32","isFullCredit":false},{"lineNumber":43,"author":{"gitId":"lanjia0"},"content":"    public Task delete(int index) {","lastModifiedDate":"2025-09-06T23:38:09","isFullCredit":false},{"lineNumber":44,"author":{"gitId":"lanjia0"},"content":"        Task deletedTask \u003d this.get(index);","lastModifiedDate":"2025-09-06T23:38:09","isFullCredit":false},{"lineNumber":45,"author":{"gitId":"lanjia0"},"content":"        tasks.remove(index);","lastModifiedDate":"2025-09-06T20:44:55","isFullCredit":false},{"lineNumber":46,"author":{"gitId":"lanjia0"},"content":"        return deletedTask;","lastModifiedDate":"2025-09-06T23:38:09","isFullCredit":false},{"lineNumber":47,"author":{"gitId":"lanjia0"},"content":"    }","lastModifiedDate":"2025-09-05T16:27:32","isFullCredit":false},{"lineNumber":48,"author":{"gitId":"lanjia0"},"content":"","lastModifiedDate":"2025-09-05T16:27:32","isFullCredit":false},{"lineNumber":49,"author":{"gitId":"lanjia0"},"content":"    // returns size of taskList","lastModifiedDate":"2025-09-06T20:44:55","isFullCredit":false},{"lineNumber":50,"author":{"gitId":"lanjia0"},"content":"    public int size() {","lastModifiedDate":"2025-09-05T16:27:32","isFullCredit":false},{"lineNumber":51,"author":{"gitId":"lanjia0"},"content":"        return tasks.size();","lastModifiedDate":"2025-09-06T20:44:55","isFullCredit":false},{"lineNumber":52,"author":{"gitId":"lanjia0"},"content":"    }","lastModifiedDate":"2025-09-05T16:27:32","isFullCredit":false},{"lineNumber":53,"author":{"gitId":"lanjia0"},"content":"","lastModifiedDate":"2025-09-06T21:12:05","isFullCredit":false},{"lineNumber":54,"author":{"gitId":"lanjia0"},"content":"    public List\u003cTask\u003e getAll() {","lastModifiedDate":"2025-09-06T21:12:05","isFullCredit":false},{"lineNumber":55,"author":{"gitId":"lanjia0"},"content":"        return tasks; // your internal ArrayList\u003cTask\u003e","lastModifiedDate":"2025-09-06T21:12:05","isFullCredit":false},{"lineNumber":56,"author":{"gitId":"lanjia0"},"content":"    }","lastModifiedDate":"2025-09-06T21:12:05","isFullCredit":false},{"lineNumber":57,"author":{"gitId":"lanjia0"},"content":"}","lastModifiedDate":"2025-09-05T16:27:32","isFullCredit":false},{"lineNumber":58,"author":{"gitId":"lanjia0"},"content":"","lastModifiedDate":"2025-09-05T16:27:32","isFullCredit":false}],"authorContributionMap":{"lanjia0":58}},{"path":"src/main/java/angsoontong/task/ToDo.java","fileType":"java","lines":[{"lineNumber":1,"author":{"gitId":"lanjia0"},"content":"package angsoontong.task;","lastModifiedDate":"2025-09-06T21:39:03","isFullCredit":false},{"lineNumber":2,"author":{"gitId":"lanjia0"},"content":"","lastModifiedDate":"2025-09-06T21:39:03","isFullCredit":false},{"lineNumber":3,"author":{"gitId":"lanjia0"},"content":"public class ToDo extends angsoontong.task.Task {","lastModifiedDate":"2025-09-06T21:39:03","isFullCredit":false},{"lineNumber":4,"author":{"gitId":"lanjia0"},"content":"","lastModifiedDate":"2025-08-22T22:38:32","isFullCredit":false},{"lineNumber":5,"author":{"gitId":"lanjia0"},"content":"    public ToDo(String name) {","lastModifiedDate":"2025-08-22T22:38:32","isFullCredit":false},{"lineNumber":6,"author":{"gitId":"lanjia0"},"content":"        super(name);","lastModifiedDate":"2025-08-22T22:38:32","isFullCredit":false},{"lineNumber":7,"author":{"gitId":"lanjia0"},"content":"    }","lastModifiedDate":"2025-08-22T22:38:32","isFullCredit":false},{"lineNumber":8,"author":{"gitId":"lanjia0"},"content":"","lastModifiedDate":"2025-08-22T22:38:32","isFullCredit":false},{"lineNumber":9,"author":{"gitId":"lanjia0"},"content":"    // custom toString representation","lastModifiedDate":"2025-08-24T16:47:44","isFullCredit":false},{"lineNumber":10,"author":{"gitId":"lanjia0"},"content":"    @Override","lastModifiedDate":"2025-08-22T22:38:32","isFullCredit":false},{"lineNumber":11,"author":{"gitId":"lanjia0"},"content":"    public String toString() {","lastModifiedDate":"2025-08-22T22:38:32","isFullCredit":false},{"lineNumber":12,"author":{"gitId":"lanjia0"},"content":"        return String.format(\"[T]\" + super.toString());","lastModifiedDate":"2025-08-22T22:38:32","isFullCredit":false},{"lineNumber":13,"author":{"gitId":"lanjia0"},"content":"    }","lastModifiedDate":"2025-08-22T22:38:32","isFullCredit":false},{"lineNumber":14,"author":{"gitId":"lanjia0"},"content":"","lastModifiedDate":"2025-09-03T01:56:09","isFullCredit":false},{"lineNumber":15,"author":{"gitId":"lanjia0"},"content":"    // write to file format","lastModifiedDate":"2025-09-03T01:56:09","isFullCredit":false},{"lineNumber":16,"author":{"gitId":"lanjia0"},"content":"","lastModifiedDate":"2025-09-03T01:56:09","isFullCredit":false},{"lineNumber":17,"author":{"gitId":"lanjia0"},"content":"    @Override","lastModifiedDate":"2025-09-03T01:56:09","isFullCredit":false},{"lineNumber":18,"author":{"gitId":"lanjia0"},"content":"    public String toFileFormat() {","lastModifiedDate":"2025-09-03T01:56:09","isFullCredit":false},{"lineNumber":19,"author":{"gitId":"lanjia0"},"content":"        return \"T | \" +","lastModifiedDate":"2025-09-03T01:56:09","isFullCredit":false},{"lineNumber":20,"author":{"gitId":"lanjia0"},"content":"                (super.isDone() ? \"1\" : \"0\") +","lastModifiedDate":"2025-09-03T01:56:09","isFullCredit":false},{"lineNumber":21,"author":{"gitId":"lanjia0"},"content":"                \" | \" + super.getName();","lastModifiedDate":"2025-09-03T01:56:09","isFullCredit":false},{"lineNumber":22,"author":{"gitId":"lanjia0"},"content":"    }","lastModifiedDate":"2025-09-03T01:56:09","isFullCredit":false},{"lineNumber":23,"author":{"gitId":"lanjia0"},"content":"}","lastModifiedDate":"2025-08-22T21:19:59","isFullCredit":false}],"authorContributionMap":{"lanjia0":23}},{"path":"src/main/java/angsoontong/ui/Ui.java","fileType":"java","lines":[{"lineNumber":1,"author":{"gitId":"lanjia0"},"content":"package angsoontong.ui;","lastModifiedDate":"2025-09-06T21:39:03","isFullCredit":false},{"lineNumber":2,"author":{"gitId":"lanjia0"},"content":"","lastModifiedDate":"2025-09-06T21:39:03","isFullCredit":false},{"lineNumber":3,"author":{"gitId":"lanjia0"},"content":"import angsoontong.ui.Ui;","lastModifiedDate":"2025-09-06T21:39:03","isFullCredit":false},{"lineNumber":4,"author":{"gitId":"lanjia0"},"content":"import angsoontong.storage.Storage;","lastModifiedDate":"2025-09-06T21:39:03","isFullCredit":false},{"lineNumber":5,"author":{"gitId":"lanjia0"},"content":"import angsoontong.parser.Parser;","lastModifiedDate":"2025-09-06T21:39:03","isFullCredit":false},{"lineNumber":6,"author":{"gitId":"lanjia0"},"content":"import angsoontong.task.TaskList;","lastModifiedDate":"2025-09-06T21:39:03","isFullCredit":false},{"lineNumber":7,"author":{"gitId":"lanjia0"},"content":"import angsoontong.task.Task;","lastModifiedDate":"2025-09-06T21:39:03","isFullCredit":false},{"lineNumber":8,"author":{"gitId":"lanjia0"},"content":"import angsoontong.task.Deadline;","lastModifiedDate":"2025-09-06T21:39:03","isFullCredit":false},{"lineNumber":9,"author":{"gitId":"lanjia0"},"content":"import angsoontong.task.Event;","lastModifiedDate":"2025-09-06T21:39:03","isFullCredit":false},{"lineNumber":10,"author":{"gitId":"lanjia0"},"content":"","lastModifiedDate":"2025-09-06T21:39:03","isFullCredit":false},{"lineNumber":11,"author":{"gitId":"lanjia0"},"content":"import java.util.Scanner;","lastModifiedDate":"2025-09-05T14:48:19","isFullCredit":false},{"lineNumber":12,"author":{"gitId":"lanjia0"},"content":"","lastModifiedDate":"2025-09-05T14:48:19","isFullCredit":false},{"lineNumber":13,"author":{"gitId":"lanjia0"},"content":"public class Ui {","lastModifiedDate":"2025-09-05T14:48:19","isFullCredit":false},{"lineNumber":14,"author":{"gitId":"lanjia0"},"content":"    private Scanner sc;","lastModifiedDate":"2025-09-05T14:48:19","isFullCredit":false},{"lineNumber":15,"author":{"gitId":"lanjia0"},"content":"","lastModifiedDate":"2025-09-05T14:48:19","isFullCredit":false},{"lineNumber":16,"author":{"gitId":"lanjia0"},"content":"    // constructor","lastModifiedDate":"2025-09-05T14:48:19","isFullCredit":false},{"lineNumber":17,"author":{"gitId":"lanjia0"},"content":"    public Ui() {","lastModifiedDate":"2025-09-05T14:48:19","isFullCredit":false},{"lineNumber":18,"author":{"gitId":"lanjia0"},"content":"        this.sc \u003d new Scanner(System.in);","lastModifiedDate":"2025-09-05T14:48:19","isFullCredit":false},{"lineNumber":19,"author":{"gitId":"lanjia0"},"content":"    }","lastModifiedDate":"2025-09-05T14:48:19","isFullCredit":false},{"lineNumber":20,"author":{"gitId":"lanjia0"},"content":"","lastModifiedDate":"2025-09-05T14:48:19","isFullCredit":false},{"lineNumber":21,"author":{"gitId":"lanjia0"},"content":"    // to receive next input from user","lastModifiedDate":"2025-09-05T14:48:19","isFullCredit":false},{"lineNumber":22,"author":{"gitId":"lanjia0"},"content":"    public String readCommand() {","lastModifiedDate":"2025-09-05T14:48:19","isFullCredit":false},{"lineNumber":23,"author":{"gitId":"lanjia0"},"content":"        return sc.nextLine();","lastModifiedDate":"2025-09-05T14:48:19","isFullCredit":false},{"lineNumber":24,"author":{"gitId":"lanjia0"},"content":"    }","lastModifiedDate":"2025-09-05T14:48:19","isFullCredit":false},{"lineNumber":25,"author":{"gitId":"lanjia0"},"content":"","lastModifiedDate":"2025-09-05T14:48:19","isFullCredit":false},{"lineNumber":26,"author":{"gitId":"lanjia0"},"content":"    // method to print custom message","lastModifiedDate":"2025-09-05T14:48:19","isFullCredit":false},{"lineNumber":27,"author":{"gitId":"lanjia0"},"content":"    public void show(String message) {","lastModifiedDate":"2025-09-05T16:27:32","isFullCredit":false},{"lineNumber":28,"author":{"gitId":"lanjia0"},"content":"        System.out.println(message);","lastModifiedDate":"2025-09-05T14:48:19","isFullCredit":false},{"lineNumber":29,"author":{"gitId":"lanjia0"},"content":"    }","lastModifiedDate":"2025-09-05T14:48:19","isFullCredit":false},{"lineNumber":30,"author":{"gitId":"lanjia0"},"content":"","lastModifiedDate":"2025-09-05T14:48:19","isFullCredit":false},{"lineNumber":31,"author":{"gitId":"lanjia0"},"content":"    // prints greeting","lastModifiedDate":"2025-09-05T14:48:19","isFullCredit":false},{"lineNumber":32,"author":{"gitId":"lanjia0"},"content":"    public void showGreeting() {","lastModifiedDate":"2025-09-05T14:48:19","isFullCredit":false},{"lineNumber":33,"author":{"gitId":"lanjia0"},"content":"        show(\"Eh! I\u0027m Soon Tong\\nWhat you want?!\");","lastModifiedDate":"2025-09-05T16:27:32","isFullCredit":false},{"lineNumber":34,"author":{"gitId":"lanjia0"},"content":"    }","lastModifiedDate":"2025-09-05T14:48:19","isFullCredit":false},{"lineNumber":35,"author":{"gitId":"lanjia0"},"content":"","lastModifiedDate":"2025-09-05T14:48:19","isFullCredit":false},{"lineNumber":36,"author":{"gitId":"lanjia0"},"content":"    // prints goodbye message","lastModifiedDate":"2025-09-05T14:48:19","isFullCredit":false},{"lineNumber":37,"author":{"gitId":"lanjia0"},"content":"    public void showGoodbye() {","lastModifiedDate":"2025-09-05T14:48:19","isFullCredit":false},{"lineNumber":38,"author":{"gitId":"lanjia0"},"content":"        show(\"Bye. Why you still here?!\");","lastModifiedDate":"2025-09-05T16:27:32","isFullCredit":false},{"lineNumber":39,"author":{"gitId":"lanjia0"},"content":"    }","lastModifiedDate":"2025-09-05T14:48:19","isFullCredit":false},{"lineNumber":40,"author":{"gitId":"lanjia0"},"content":"","lastModifiedDate":"2025-09-05T14:48:19","isFullCredit":false},{"lineNumber":41,"author":{"gitId":"lanjia0"},"content":"    // methods for different actions","lastModifiedDate":"2025-09-06T21:00:42","isFullCredit":false},{"lineNumber":42,"author":{"gitId":"lanjia0"},"content":"    public String showAdded(Task task, int size) {","lastModifiedDate":"2025-09-06T21:00:42","isFullCredit":false},{"lineNumber":43,"author":{"gitId":"lanjia0"},"content":"        return String.format(\"Steady! I add this already:\\n  %s\\nNow your list got %d tasks.\\n\",","lastModifiedDate":"2025-09-06T21:00:42","isFullCredit":false},{"lineNumber":44,"author":{"gitId":"lanjia0"},"content":"                task, size);","lastModifiedDate":"2025-09-06T21:00:42","isFullCredit":false},{"lineNumber":45,"author":{"gitId":"lanjia0"},"content":"    }","lastModifiedDate":"2025-09-06T21:00:42","isFullCredit":false},{"lineNumber":46,"author":{"gitId":"lanjia0"},"content":"","lastModifiedDate":"2025-09-06T21:00:42","isFullCredit":false},{"lineNumber":47,"author":{"gitId":"lanjia0"},"content":"    public String showDeleted(Task task, int size) {","lastModifiedDate":"2025-09-06T21:00:42","isFullCredit":false},{"lineNumber":48,"author":{"gitId":"lanjia0"},"content":"        return String.format(\"Ok la! I delete already ah:\\n  %s\\nNow you got %d task%s only.\\n\",","lastModifiedDate":"2025-09-06T21:00:42","isFullCredit":false},{"lineNumber":49,"author":{"gitId":"lanjia0"},"content":"                task,","lastModifiedDate":"2025-09-06T21:00:42","isFullCredit":false},{"lineNumber":50,"author":{"gitId":"lanjia0"},"content":"                size,","lastModifiedDate":"2025-09-06T21:00:42","isFullCredit":false},{"lineNumber":51,"author":{"gitId":"lanjia0"},"content":"                size \u003d\u003d 1 ? \"\" : \"s\");","lastModifiedDate":"2025-09-06T21:00:42","isFullCredit":false},{"lineNumber":52,"author":{"gitId":"lanjia0"},"content":"    }","lastModifiedDate":"2025-09-06T21:00:42","isFullCredit":false},{"lineNumber":53,"author":{"gitId":"lanjia0"},"content":"","lastModifiedDate":"2025-09-06T21:00:42","isFullCredit":false},{"lineNumber":54,"author":{"gitId":"lanjia0"},"content":"    public String showList(TaskList tasks) {","lastModifiedDate":"2025-09-06T21:00:42","isFullCredit":false},{"lineNumber":55,"author":{"gitId":"lanjia0"},"content":"        if (tasks.size() \u003d\u003d 0) {","lastModifiedDate":"2025-09-06T21:00:42","isFullCredit":false},{"lineNumber":56,"author":{"gitId":"lanjia0"},"content":"            return \"Eh your list empty sia!\";","lastModifiedDate":"2025-09-06T21:00:42","isFullCredit":false},{"lineNumber":57,"author":{"gitId":"lanjia0"},"content":"        }","lastModifiedDate":"2025-09-06T21:00:42","isFullCredit":false},{"lineNumber":58,"author":{"gitId":"lanjia0"},"content":"        StringBuilder sb \u003d new StringBuilder(\"Oi! This one your list:\\n\");","lastModifiedDate":"2025-09-06T21:00:42","isFullCredit":false},{"lineNumber":59,"author":{"gitId":"lanjia0"},"content":"        for (int i \u003d 0; i \u003c tasks.size(); i++) {","lastModifiedDate":"2025-09-06T21:00:42","isFullCredit":false},{"lineNumber":60,"author":{"gitId":"lanjia0"},"content":"            sb.append(String.format(\"%d.%s\\n\", i + 1, tasks.get(i)));","lastModifiedDate":"2025-09-06T21:00:42","isFullCredit":false},{"lineNumber":61,"author":{"gitId":"lanjia0"},"content":"        }","lastModifiedDate":"2025-09-06T21:00:42","isFullCredit":false},{"lineNumber":62,"author":{"gitId":"lanjia0"},"content":"        return sb.toString();","lastModifiedDate":"2025-09-06T21:00:42","isFullCredit":false},{"lineNumber":63,"author":{"gitId":"lanjia0"},"content":"    }","lastModifiedDate":"2025-09-06T21:00:42","isFullCredit":false},{"lineNumber":64,"author":{"gitId":"lanjia0"},"content":"","lastModifiedDate":"2025-09-06T21:00:42","isFullCredit":false},{"lineNumber":65,"author":{"gitId":"lanjia0"},"content":"    public String showMarked(Task task) {","lastModifiedDate":"2025-09-06T21:00:42","isFullCredit":false},{"lineNumber":66,"author":{"gitId":"lanjia0"},"content":"        return \"Ok la! Do already\\n\" + task + \"\\n\";","lastModifiedDate":"2025-09-06T21:16:33","isFullCredit":false},{"lineNumber":67,"author":{"gitId":"lanjia0"},"content":"    }","lastModifiedDate":"2025-09-06T21:00:42","isFullCredit":false},{"lineNumber":68,"author":{"gitId":"lanjia0"},"content":"","lastModifiedDate":"2025-09-06T21:00:42","isFullCredit":false},{"lineNumber":69,"author":{"gitId":"lanjia0"},"content":"    public String showUnmarked(Task task) {","lastModifiedDate":"2025-09-06T21:00:42","isFullCredit":false},{"lineNumber":70,"author":{"gitId":"lanjia0"},"content":"        return \"Huh why haven\u0027t do?!\\n\" + task + \"\\n\";","lastModifiedDate":"2025-09-06T21:16:33","isFullCredit":false},{"lineNumber":71,"author":{"gitId":"lanjia0"},"content":"    }","lastModifiedDate":"2025-09-05T14:48:19","isFullCredit":false},{"lineNumber":72,"author":{"gitId":"lanjia0"},"content":"}","lastModifiedDate":"2025-09-05T14:48:19","isFullCredit":false},{"lineNumber":73,"author":{"gitId":"lanjia0"},"content":"","lastModifiedDate":"2025-09-05T14:48:19","isFullCredit":false}],"authorContributionMap":{"lanjia0":73}},{"path":"src/test/java/angsoontong/parser/ParserTest.java","fileType":"java","lines":[{"lineNumber":1,"author":{"gitId":"lanjia0"},"content":"package angsoontong.parser;","lastModifiedDate":"2025-09-06T23:29:55","isFullCredit":false},{"lineNumber":2,"author":{"gitId":"lanjia0"},"content":"","lastModifiedDate":"2025-09-06T23:29:55","isFullCredit":false},{"lineNumber":3,"author":{"gitId":"lanjia0"},"content":"import angsoontong.task.*;","lastModifiedDate":"2025-09-06T23:29:55","isFullCredit":false},{"lineNumber":4,"author":{"gitId":"lanjia0"},"content":"import angsoontong.ui.Ui;","lastModifiedDate":"2025-09-06T23:29:55","isFullCredit":false},{"lineNumber":5,"author":{"gitId":"lanjia0"},"content":"import angsoontong.storage.Storage;","lastModifiedDate":"2025-09-06T23:29:55","isFullCredit":false},{"lineNumber":6,"author":{"gitId":"lanjia0"},"content":"import org.junit.jupiter.api.Test;","lastModifiedDate":"2025-09-06T23:29:55","isFullCredit":false},{"lineNumber":7,"author":{"gitId":"lanjia0"},"content":"","lastModifiedDate":"2025-09-06T23:29:55","isFullCredit":false},{"lineNumber":8,"author":{"gitId":"lanjia0"},"content":"import java.nio.file.Paths;","lastModifiedDate":"2025-09-06T23:29:55","isFullCredit":false},{"lineNumber":9,"author":{"gitId":"lanjia0"},"content":"","lastModifiedDate":"2025-09-06T23:29:55","isFullCredit":false},{"lineNumber":10,"author":{"gitId":"lanjia0"},"content":"import static org.junit.jupiter.api.Assertions.*;","lastModifiedDate":"2025-09-06T23:29:55","isFullCredit":false},{"lineNumber":11,"author":{"gitId":"lanjia0"},"content":"","lastModifiedDate":"2025-09-06T23:29:55","isFullCredit":false},{"lineNumber":12,"author":{"gitId":"lanjia0"},"content":"public class ParserTest {","lastModifiedDate":"2025-09-06T23:29:55","isFullCredit":false},{"lineNumber":13,"author":{"gitId":"lanjia0"},"content":"","lastModifiedDate":"2025-09-06T23:29:55","isFullCredit":false},{"lineNumber":14,"author":{"gitId":"lanjia0"},"content":"    @Test","lastModifiedDate":"2025-09-06T23:29:55","isFullCredit":false},{"lineNumber":15,"author":{"gitId":"lanjia0"},"content":"    public void parse_addTodo_success() {","lastModifiedDate":"2025-09-06T23:29:55","isFullCredit":false},{"lineNumber":16,"author":{"gitId":"lanjia0"},"content":"        Storage storage \u003d new Storage(\"data/test-data.txt\");","lastModifiedDate":"2025-09-06T23:29:55","isFullCredit":false},{"lineNumber":17,"author":{"gitId":"lanjia0"},"content":"        TaskList tasks \u003d new TaskList();","lastModifiedDate":"2025-09-06T23:29:55","isFullCredit":false},{"lineNumber":18,"author":{"gitId":"lanjia0"},"content":"        Ui ui \u003d new Ui();","lastModifiedDate":"2025-09-06T23:29:55","isFullCredit":false},{"lineNumber":19,"author":{"gitId":"lanjia0"},"content":"","lastModifiedDate":"2025-09-06T23:29:55","isFullCredit":false},{"lineNumber":20,"author":{"gitId":"lanjia0"},"content":"        String response \u003d Parser.parse(\"todo read book\", tasks, ui, storage);","lastModifiedDate":"2025-09-06T23:29:55","isFullCredit":false},{"lineNumber":21,"author":{"gitId":"lanjia0"},"content":"","lastModifiedDate":"2025-09-06T23:29:55","isFullCredit":false},{"lineNumber":22,"author":{"gitId":"lanjia0"},"content":"        assertEquals(1, tasks.size());","lastModifiedDate":"2025-09-06T23:29:55","isFullCredit":false},{"lineNumber":23,"author":{"gitId":"lanjia0"},"content":"        assertTrue(tasks.get(0) instanceof ToDo);","lastModifiedDate":"2025-09-06T23:29:55","isFullCredit":false},{"lineNumber":24,"author":{"gitId":"lanjia0"},"content":"        assertTrue(response.contains(\"Steady! I add this already\"));","lastModifiedDate":"2025-09-06T23:29:55","isFullCredit":false},{"lineNumber":25,"author":{"gitId":"lanjia0"},"content":"    }","lastModifiedDate":"2025-09-06T23:29:55","isFullCredit":false},{"lineNumber":26,"author":{"gitId":"lanjia0"},"content":"","lastModifiedDate":"2025-09-06T23:29:55","isFullCredit":false},{"lineNumber":27,"author":{"gitId":"lanjia0"},"content":"    @Test","lastModifiedDate":"2025-09-06T23:29:55","isFullCredit":false},{"lineNumber":28,"author":{"gitId":"lanjia0"},"content":"    public void parse_markTodo_success() {","lastModifiedDate":"2025-09-06T23:29:55","isFullCredit":false},{"lineNumber":29,"author":{"gitId":"lanjia0"},"content":"        Storage storage \u003d new Storage(\"data/test-data.txt\");","lastModifiedDate":"2025-09-06T23:29:55","isFullCredit":false},{"lineNumber":30,"author":{"gitId":"lanjia0"},"content":"        TaskList tasks \u003d new TaskList();","lastModifiedDate":"2025-09-06T23:29:55","isFullCredit":false},{"lineNumber":31,"author":{"gitId":"lanjia0"},"content":"        Ui ui \u003d new Ui();","lastModifiedDate":"2025-09-06T23:29:55","isFullCredit":false},{"lineNumber":32,"author":{"gitId":"lanjia0"},"content":"","lastModifiedDate":"2025-09-06T23:29:55","isFullCredit":false},{"lineNumber":33,"author":{"gitId":"lanjia0"},"content":"        tasks.add(new ToDo(\"write tests\"));","lastModifiedDate":"2025-09-06T23:29:55","isFullCredit":false},{"lineNumber":34,"author":{"gitId":"lanjia0"},"content":"        Parser.parse(\"mark 1\", tasks, ui, storage);","lastModifiedDate":"2025-09-06T23:29:55","isFullCredit":false},{"lineNumber":35,"author":{"gitId":"lanjia0"},"content":"","lastModifiedDate":"2025-09-06T23:29:55","isFullCredit":false},{"lineNumber":36,"author":{"gitId":"lanjia0"},"content":"        assertTrue(tasks.get(0).isDone());","lastModifiedDate":"2025-09-06T23:29:55","isFullCredit":false},{"lineNumber":37,"author":{"gitId":"lanjia0"},"content":"    }","lastModifiedDate":"2025-09-06T23:29:55","isFullCredit":false},{"lineNumber":38,"author":{"gitId":"lanjia0"},"content":"}","lastModifiedDate":"2025-09-06T23:29:55","isFullCredit":false}],"authorContributionMap":{"lanjia0":38}},{"path":"src/test/java/angsoontong/task/TaskListTest.java","fileType":"java","lines":[{"lineNumber":1,"author":{"gitId":"lanjia0"},"content":"package angsoontong.task;","lastModifiedDate":"2025-09-06T23:29:55","isFullCredit":false},{"lineNumber":2,"author":{"gitId":"lanjia0"},"content":"","lastModifiedDate":"2025-09-06T23:29:55","isFullCredit":false},{"lineNumber":3,"author":{"gitId":"lanjia0"},"content":"import org.junit.jupiter.api.Test;","lastModifiedDate":"2025-09-06T23:29:55","isFullCredit":false},{"lineNumber":4,"author":{"gitId":"lanjia0"},"content":"import static org.junit.jupiter.api.Assertions.*;","lastModifiedDate":"2025-09-06T23:29:55","isFullCredit":false},{"lineNumber":5,"author":{"gitId":"lanjia0"},"content":"","lastModifiedDate":"2025-09-06T23:29:55","isFullCredit":false},{"lineNumber":6,"author":{"gitId":"lanjia0"},"content":"public class TaskListTest {","lastModifiedDate":"2025-09-06T23:29:55","isFullCredit":false},{"lineNumber":7,"author":{"gitId":"lanjia0"},"content":"","lastModifiedDate":"2025-09-06T23:38:09","isFullCredit":false},{"lineNumber":8,"author":{"gitId":"lanjia0"},"content":"    @Test","lastModifiedDate":"2025-09-06T23:38:09","isFullCredit":false},{"lineNumber":9,"author":{"gitId":"lanjia0"},"content":"    public void addTask_sizeIncreases() {","lastModifiedDate":"2025-09-06T23:38:09","isFullCredit":false},{"lineNumber":10,"author":{"gitId":"lanjia0"},"content":"        TaskList tasks \u003d new TaskList();","lastModifiedDate":"2025-09-06T23:38:09","isFullCredit":false},{"lineNumber":11,"author":{"gitId":"lanjia0"},"content":"        ToDo todo \u003d new ToDo(\"read book\");","lastModifiedDate":"2025-09-06T23:38:09","isFullCredit":false},{"lineNumber":12,"author":{"gitId":"lanjia0"},"content":"","lastModifiedDate":"2025-09-06T23:38:09","isFullCredit":false},{"lineNumber":13,"author":{"gitId":"lanjia0"},"content":"        tasks.add(todo);","lastModifiedDate":"2025-09-06T23:38:09","isFullCredit":false},{"lineNumber":14,"author":{"gitId":"lanjia0"},"content":"","lastModifiedDate":"2025-09-06T23:38:09","isFullCredit":false},{"lineNumber":15,"author":{"gitId":"lanjia0"},"content":"        assertEquals(1, tasks.size());","lastModifiedDate":"2025-09-06T23:38:09","isFullCredit":false},{"lineNumber":16,"author":{"gitId":"lanjia0"},"content":"    }","lastModifiedDate":"2025-09-06T23:38:09","isFullCredit":false},{"lineNumber":17,"author":{"gitId":"lanjia0"},"content":"","lastModifiedDate":"2025-09-06T23:38:09","isFullCredit":false},{"lineNumber":18,"author":{"gitId":"lanjia0"},"content":"    @Test","lastModifiedDate":"2025-09-06T23:29:55","isFullCredit":false},{"lineNumber":19,"author":{"gitId":"lanjia0"},"content":"    public void deleteTask_validIndex_taskRemoved() {","lastModifiedDate":"2025-09-06T23:38:09","isFullCredit":false},{"lineNumber":20,"author":{"gitId":"lanjia0"},"content":"        TaskList tasks \u003d new TaskList();","lastModifiedDate":"2025-09-06T23:38:09","isFullCredit":false},{"lineNumber":21,"author":{"gitId":"lanjia0"},"content":"        ToDo t1 \u003d new ToDo(\"task one\");","lastModifiedDate":"2025-09-06T23:38:09","isFullCredit":false},{"lineNumber":22,"author":{"gitId":"lanjia0"},"content":"        ToDo t2 \u003d new ToDo(\"task two\");","lastModifiedDate":"2025-09-06T23:38:09","isFullCredit":false},{"lineNumber":23,"author":{"gitId":"lanjia0"},"content":"        tasks.add(t1);","lastModifiedDate":"2025-09-06T23:38:09","isFullCredit":false},{"lineNumber":24,"author":{"gitId":"lanjia0"},"content":"        tasks.add(t2);","lastModifiedDate":"2025-09-06T23:38:09","isFullCredit":false},{"lineNumber":25,"author":{"gitId":"lanjia0"},"content":"","lastModifiedDate":"2025-09-06T23:38:09","isFullCredit":false},{"lineNumber":26,"author":{"gitId":"lanjia0"},"content":"        Task removed \u003d tasks.delete(0); // remove first task","lastModifiedDate":"2025-09-06T23:38:09","isFullCredit":false},{"lineNumber":27,"author":{"gitId":"lanjia0"},"content":"","lastModifiedDate":"2025-09-06T23:38:09","isFullCredit":false},{"lineNumber":28,"author":{"gitId":"lanjia0"},"content":"        assertEquals(t1, removed); // check correct task removed","lastModifiedDate":"2025-09-06T23:38:09","isFullCredit":false},{"lineNumber":29,"author":{"gitId":"lanjia0"},"content":"        assertEquals(1, tasks.size());","lastModifiedDate":"2025-09-06T23:38:09","isFullCredit":false},{"lineNumber":30,"author":{"gitId":"lanjia0"},"content":"        assertEquals(t2, tasks.get(0)); // remaining task is correct","lastModifiedDate":"2025-09-06T23:38:09","isFullCredit":false},{"lineNumber":31,"author":{"gitId":"lanjia0"},"content":"    }","lastModifiedDate":"2025-09-06T23:38:09","isFullCredit":false},{"lineNumber":32,"author":{"gitId":"lanjia0"},"content":"","lastModifiedDate":"2025-09-06T23:38:09","isFullCredit":false},{"lineNumber":33,"author":{"gitId":"lanjia0"},"content":"    @Test","lastModifiedDate":"2025-09-06T23:38:09","isFullCredit":false},{"lineNumber":34,"author":{"gitId":"lanjia0"},"content":"    public void deleteTask_invalidIndex_throwsException() {","lastModifiedDate":"2025-09-06T23:38:09","isFullCredit":false},{"lineNumber":35,"author":{"gitId":"lanjia0"},"content":"        TaskList tasks \u003d new TaskList();","lastModifiedDate":"2025-09-06T23:38:09","isFullCredit":false},{"lineNumber":36,"author":{"gitId":"lanjia0"},"content":"        assertThrows(IndexOutOfBoundsException.class, () -\u003e {","lastModifiedDate":"2025-09-06T23:38:09","isFullCredit":false},{"lineNumber":37,"author":{"gitId":"lanjia0"},"content":"            tasks.delete(5); // no tasks yet, should throw","lastModifiedDate":"2025-09-06T23:38:09","isFullCredit":false},{"lineNumber":38,"author":{"gitId":"lanjia0"},"content":"        });","lastModifiedDate":"2025-09-06T23:38:09","isFullCredit":false},{"lineNumber":39,"author":{"gitId":"lanjia0"},"content":"    }","lastModifiedDate":"2025-09-06T23:29:55","isFullCredit":false},{"lineNumber":40,"author":{"gitId":"lanjia0"},"content":"}","lastModifiedDate":"2025-09-06T23:29:55","isFullCredit":false},{"lineNumber":41,"author":{"gitId":"lanjia0"},"content":"","lastModifiedDate":"2025-09-06T23:38:09","isFullCredit":false}],"authorContributionMap":{"lanjia0":41}},{"path":"text-ui-test/input.txt","fileType":"txt","lines":[{"lineNumber":1,"author":{"gitId":"lanjia0"},"content":"blah","lastModifiedDate":"2025-08-24T18:03:45","isFullCredit":false},{"lineNumber":2,"author":{"gitId":"lanjia0"},"content":"bye","lastModifiedDate":"2025-08-24T02:22:32","isFullCredit":false}],"authorContributionMap":{"lanjia0":2}},{"path":"text-ui-test/runtest.bat","fileType":"bat","lines":[{"lineNumber":1,"author":{"gitId":"-"},"content":"@ECHO OFF","lastModifiedDate":"2020-05-25T00:03:55","isFullCredit":false},{"lineNumber":2,"author":{"gitId":"-"},"content":"","lastModifiedDate":"2020-05-25T00:03:55","isFullCredit":false},{"lineNumber":3,"author":{"gitId":"-"},"content":"REM create bin directory if it doesn\u0027t exist","lastModifiedDate":"2020-05-25T00:03:55","isFullCredit":false},{"lineNumber":4,"author":{"gitId":"-"},"content":"if not exist ..\\bin mkdir ..\\bin","lastModifiedDate":"2020-05-25T00:03:55","isFullCredit":false},{"lineNumber":5,"author":{"gitId":"-"},"content":"","lastModifiedDate":"2020-05-25T00:03:55","isFullCredit":false},{"lineNumber":6,"author":{"gitId":"-"},"content":"REM delete output from previous run","lastModifiedDate":"2020-05-25T00:03:55","isFullCredit":false},{"lineNumber":7,"author":{"gitId":"-"},"content":"if exist ACTUAL.TXT del ACTUAL.TXT","lastModifiedDate":"2020-08-25T17:23:26","isFullCredit":false},{"lineNumber":8,"author":{"gitId":"-"},"content":"","lastModifiedDate":"2020-05-25T00:03:55","isFullCredit":false},{"lineNumber":9,"author":{"gitId":"-"},"content":"REM compile the code into the bin folder","lastModifiedDate":"2020-05-25T00:03:55","isFullCredit":false},{"lineNumber":10,"author":{"gitId":"-"},"content":"javac  -cp ..\\src\\main\\java -Xlint:none -d ..\\bin ..\\src\\main\\java\\*.java","lastModifiedDate":"2020-08-25T17:23:26","isFullCredit":false},{"lineNumber":11,"author":{"gitId":"-"},"content":"IF ERRORLEVEL 1 (","lastModifiedDate":"2020-05-25T00:03:55","isFullCredit":false},{"lineNumber":12,"author":{"gitId":"-"},"content":"    echo ********** BUILD FAILURE **********","lastModifiedDate":"2020-05-25T00:03:55","isFullCredit":false},{"lineNumber":13,"author":{"gitId":"-"},"content":"    exit /b 1","lastModifiedDate":"2020-05-25T00:03:55","isFullCredit":false},{"lineNumber":14,"author":{"gitId":"-"},"content":")","lastModifiedDate":"2020-05-25T00:03:55","isFullCredit":false},{"lineNumber":15,"author":{"gitId":"-"},"content":"REM no error here, errorlevel \u003d\u003d 0","lastModifiedDate":"2020-05-25T00:03:55","isFullCredit":false},{"lineNumber":16,"author":{"gitId":"-"},"content":"","lastModifiedDate":"2020-05-25T00:03:55","isFullCredit":false},{"lineNumber":17,"author":{"gitId":"-"},"content":"REM run the program, feed commands from input.txt file and redirect the output to the ACTUAL.TXT","lastModifiedDate":"2020-05-25T00:03:55","isFullCredit":false},{"lineNumber":18,"author":{"gitId":"lanjia0"},"content":"java -classpath ..\\bin AngSoonTong \u003c input.txt \u003e ACTUAL.TXT","lastModifiedDate":"2025-08-24T18:03:45","isFullCredit":false},{"lineNumber":19,"author":{"gitId":"-"},"content":"","lastModifiedDate":"2020-05-25T00:03:55","isFullCredit":false},{"lineNumber":20,"author":{"gitId":"-"},"content":"REM compare the output to the expected output","lastModifiedDate":"2020-05-25T00:03:55","isFullCredit":false},{"lineNumber":21,"author":{"gitId":"-"},"content":"FC ACTUAL.TXT EXPECTED.TXT","lastModifiedDate":"2020-05-25T00:03:55","isFullCredit":false}],"authorContributionMap":{"lanjia0":1,"-":20}}]
