{"authorDailyContributionsMap":{"lanjia0":[{"date":"2025-08-22T00:00:00","commitResults":[{"hash":"d4f5e4d25cb699a5abb8f28cd1aa1db01e7fdd6e","isMergeCommit":false,"messageTitle":"Greeting","messageBody":"","tags":["Level-0"],"fileTypesAndContributionMap":{"java":{"insertions":6,"deletions":10}}},{"hash":"e05535fff222e7c2c265a8037af21a6e369cc536","isMergeCommit":false,"messageTitle":"add and list implemented","messageBody":"","tags":["Level-2"],"fileTypesAndContributionMap":{"java":{"insertions":33,"deletions":0}}},{"hash":"ad6c1e9831b1bc56f93ca9c6187c1ece951291af","isMergeCommit":false,"messageTitle":"implemented Task class","messageBody":"","fileTypesAndContributionMap":{"java":{"insertions":28,"deletions":4}}},{"hash":"351fc6c5b875e8af8571c96c60b6eedecc35752e","isMergeCommit":false,"messageTitle":"implemented marking and unmarking","messageBody":"","tags":["Level-3"],"fileTypesAndContributionMap":{"java":{"insertions":15,"deletions":1}}},{"hash":"f88df9cb077ed476ef72c9775070921b92e82afb","isMergeCommit":false,"messageTitle":"Created subclasses for Task","messageBody":"","fileTypesAndContributionMap":{"java":{"insertions":6,"deletions":0}}},{"hash":"68ddd487c1ef579ac09cbc17dce4ea4d90f40bd2","isMergeCommit":false,"messageTitle":"implemented Deadline, ToDo, Event subclasses","messageBody":"","fileTypesAndContributionMap":{"java":{"insertions":36,"deletions":3}}}]},{"date":"2025-08-23T00:00:00","commitResults":[{"hash":"72389d5db51dd563201e43e423698bb4fc170795","isMergeCommit":false,"messageTitle":"chatbot now logs todo, event, deadline","messageBody":"","tags":["Level-4"],"fileTypesAndContributionMap":{"java":{"insertions":27,"deletions":0}}},{"hash":"7a978ce6939718a23f93a11194eb26393be6a1ab","isMergeCommit":false,"messageTitle":"debugged event and deadline","messageBody":"","fileTypesAndContributionMap":{"java":{"insertions":3,"deletions":3}}},{"hash":"dae57857f1eaf837cf63ab3c411ebb42ab3491c7","isMergeCommit":false,"messageTitle":"added some comments","messageBody":"","fileTypesAndContributionMap":{"java":{"insertions":4,"deletions":5}}}]},{"date":"2025-08-24T00:00:00","commitResults":[{"hash":"833de7fa02024e5b8d049c7347ab7fe3a164a4ce","isMergeCommit":false,"messageTitle":"introduced basic error handling","messageBody":"","tags":["Level-5"],"fileTypesAndContributionMap":{"txt":{"insertions":1,"deletions":0},"java":{"insertions":10,"deletions":1}}},{"hash":"450cce70bc42352f99f0462c8a239b837be02529","isMergeCommit":false,"messageTitle":"more comments","messageBody":"","fileTypesAndContributionMap":{"java":{"insertions":11,"deletions":9}}},{"hash":"b5dc4812fc074bc820904f04b6e7f03b24f1a280","isMergeCommit":false,"messageTitle":"implemented buggy delete keyword","messageBody":"","fileTypesAndContributionMap":{"java":{"insertions":15,"deletions":4}}},{"hash":"67a9ff399b78786ce627ebf841a724b7754e0111","isMergeCommit":false,"messageTitle":"reimplemented delete keyword, fixed bugs","messageBody":"","tags":["Level-6"],"fileTypesAndContributionMap":{"java":{"insertions":15,"deletions":12}}},{"hash":"b0c4273f0fb9de1657c998d794a47f30b4dc58ee","isMergeCommit":false,"messageTitle":"implemented text ui testing","messageBody":"","tags":["A-TextUiTesting"],"fileTypesAndContributionMap":{"txt":{"insertions":1,"deletions":0},"bat":{"insertions":1,"deletions":1}}}]}]},"authorFileTypeContributionMap":{"lanjia0":{"java":167,"md":0,"fxml":0,"sh":0,"bat":1,"gradle":0,"txt":2}},"authorContributionVariance":{"lanjia0":1432.8306},"authorDisplayNameMap":{"lanjia0":"CS2103T-F15a-2 NICH.. KIT"}}
