{"authorDailyContributionsMap":{"lanjia0":[{"date":"2025-08-22T00:00:00","commitResults":[{"hash":"d4f5e4d25cb699a5abb8f28cd1aa1db01e7fdd6e","isMergeCommit":false,"messageTitle":"Greeting","messageBody":"","tags":["Level-0"],"fileTypesAndContributionMap":{"java":{"insertions":6,"deletions":10}}},{"hash":"e05535fff222e7c2c265a8037af21a6e369cc536","isMergeCommit":false,"messageTitle":"add and list implemented","messageBody":"","tags":["Level-2"],"fileTypesAndContributionMap":{"java":{"insertions":33,"deletions":0}}},{"hash":"ad6c1e9831b1bc56f93ca9c6187c1ece951291af","isMergeCommit":false,"messageTitle":"implemented Task class","messageBody":"","fileTypesAndContributionMap":{"java":{"insertions":28,"deletions":4}}},{"hash":"351fc6c5b875e8af8571c96c60b6eedecc35752e","isMergeCommit":false,"messageTitle":"implemented marking and unmarking","messageBody":"","tags":["Level-3"],"fileTypesAndContributionMap":{"java":{"insertions":15,"deletions":1}}},{"hash":"f88df9cb077ed476ef72c9775070921b92e82afb","isMergeCommit":false,"messageTitle":"Created subclasses for Task","messageBody":"","fileTypesAndContributionMap":{"java":{"insertions":6,"deletions":0}}},{"hash":"68ddd487c1ef579ac09cbc17dce4ea4d90f40bd2","isMergeCommit":false,"messageTitle":"implemented Deadline, ToDo, Event subclasses","messageBody":"","fileTypesAndContributionMap":{"java":{"insertions":36,"deletions":3}}}]},{"date":"2025-08-23T00:00:00","commitResults":[{"hash":"72389d5db51dd563201e43e423698bb4fc170795","isMergeCommit":false,"messageTitle":"chatbot now logs todo, event, deadline","messageBody":"","tags":["Level-4"],"fileTypesAndContributionMap":{"java":{"insertions":27,"deletions":0}}},{"hash":"7a978ce6939718a23f93a11194eb26393be6a1ab","isMergeCommit":false,"messageTitle":"debugged event and deadline","messageBody":"","fileTypesAndContributionMap":{"java":{"insertions":3,"deletions":3}}},{"hash":"dae57857f1eaf837cf63ab3c411ebb42ab3491c7","isMergeCommit":false,"messageTitle":"added some comments","messageBody":"","fileTypesAndContributionMap":{"java":{"insertions":4,"deletions":5}}}]},{"date":"2025-08-24T00:00:00","commitResults":[{"hash":"833de7fa02024e5b8d049c7347ab7fe3a164a4ce","isMergeCommit":false,"messageTitle":"introduced basic error handling","messageBody":"","tags":["Level-5"],"fileTypesAndContributionMap":{"txt":{"insertions":1,"deletions":0},"java":{"insertions":10,"deletions":1}}},{"hash":"450cce70bc42352f99f0462c8a239b837be02529","isMergeCommit":false,"messageTitle":"more comments","messageBody":"","fileTypesAndContributionMap":{"java":{"insertions":11,"deletions":9}}},{"hash":"b5dc4812fc074bc820904f04b6e7f03b24f1a280","isMergeCommit":false,"messageTitle":"implemented buggy delete keyword","messageBody":"","fileTypesAndContributionMap":{"java":{"insertions":15,"deletions":4}}},{"hash":"67a9ff399b78786ce627ebf841a724b7754e0111","isMergeCommit":false,"messageTitle":"reimplemented delete keyword, fixed bugs","messageBody":"","tags":["Level-6"],"fileTypesAndContributionMap":{"java":{"insertions":15,"deletions":12}}},{"hash":"b0c4273f0fb9de1657c998d794a47f30b4dc58ee","isMergeCommit":false,"messageTitle":"implemented text ui testing","messageBody":"","tags":["A-TextUiTesting"],"fileTypesAndContributionMap":{"txt":{"insertions":1,"deletions":0},"bat":{"insertions":1,"deletions":1}}}]},{"date":"2025-08-31T00:00:00","commitResults":[{"hash":"ebf8fa3970f7135cf2f8dc167e4e35657353002a","isMergeCommit":false,"messageTitle":"add more comments","messageBody":"","fileTypesAndContributionMap":{"java":{"insertions":1,"deletions":0}}}]},{"date":"2025-09-02T00:00:00","commitResults":[{"hash":"5c53a2c3f64b29fbb30cc859063e9d0191225fc3","isMergeCommit":false,"messageTitle":"create Storage class","messageBody":"","fileTypesAndContributionMap":{"java":{"insertions":32,"deletions":0}}}]},{"date":"2025-09-03T00:00:00","commitResults":[{"hash":"8244b8777caec6e664ed978ee7a9132e8b65a22d","isMergeCommit":false,"messageTitle":"create toFileFormat method","messageBody":"","fileTypesAndContributionMap":{"java":{"insertions":39,"deletions":1}}},{"hash":"34e7bf04cb5fa4e2128b023c56ab644ca5b7d121","isMergeCommit":false,"messageTitle":"add TaskDecoder class to read tasks from hard disk","messageBody":"","fileTypesAndContributionMap":{"java":{"insertions":28,"deletions":1}}},{"hash":"685fb4e511edf65a24265556b40b5b0d26ce6e52","isMergeCommit":false,"messageTitle":"implement AngSoonTong to work with new storage feature","messageBody":"","tags":["Level-7"],"fileTypesAndContributionMap":{"java":{"insertions":46,"deletions":1}}},{"hash":"e2efa20c92c2c08378a53eff7e29a3353f4dcb9d","isMergeCommit":true,"messageTitle":"merge branch-level-7","messageBody":"","fileTypesAndContributionMap":{}}]},{"date":"2025-09-04T00:00:00","commitResults":[{"hash":"5aa8e9e8fdccf3976b6b4f31292cb78fe1241f39","isMergeCommit":false,"messageTitle":"Implement LocalDate in Event and Deadline subclass","messageBody":"","fileTypesAndContributionMap":{"java":{"insertions":17,"deletions":8}}},{"hash":"ad7b803b9a8287ddb2fa28a2fe68e1da2762debe","isMergeCommit":false,"messageTitle":"Debug Event class","messageBody":"","fileTypesAndContributionMap":{"java":{"insertions":1,"deletions":1}}},{"hash":"93c24b113139355fb541cb280089ed6cd545f9ce","isMergeCommit":false,"messageTitle":"Implement proper date and time","messageBody":"","tags":["Level-8"],"fileTypesAndContributionMap":{"txt":{"insertions":1,"deletions":0},"java":{"insertions":10,"deletions":5}}}]},{"date":"2025-09-05T00:00:00","commitResults":[{"hash":"9766c88cf770cefa1bacc3255291a39bcf914c0f","isMergeCommit":false,"messageTitle":"implement Parser class","messageBody":"","fileTypesAndContributionMap":{"java":{"insertions":10,"deletions":0}}},{"hash":"667ff89db2e0a6545e2eec8a2e387736de22612d","isMergeCommit":false,"messageTitle":"implement Ui class","messageBody":"","fileTypesAndContributionMap":{"java":{"insertions":36,"deletions":0}}},{"hash":"684508013a8835ffdf5dbe1c360567fd148c3f8c","isMergeCommit":false,"messageTitle":"integrated Ui into AngSoonTong","messageBody":"","fileTypesAndContributionMap":{"txt":{"insertions":1,"deletions":1},"java":{"insertions":70,"deletions":24}}}]},{"date":"2025-09-06T00:00:00","commitResults":[{"hash":"9472cef75102af8a14b3bc4e9e46ffbc0d852600","isMergeCommit":false,"messageTitle":"integrate TaskList into AngSoonTong","messageBody":"","fileTypesAndContributionMap":{"java":{"insertions":49,"deletions":74}}},{"hash":"b1672fc2ca098f52057a8c3b3a25114c1b85fe02","isMergeCommit":false,"messageTitle":"backup before changing main method","messageBody":"","fileTypesAndContributionMap":{"txt":{"insertions":0,"deletions":1},"java":{"insertions":86,"deletions":10}}},{"hash":"91ce085ec9c7735d72d09a1ad3759d5c574067a4","isMergeCommit":false,"messageTitle":"integrate and optimise all new classes to AngSoonTong","messageBody":"","tags":["A-MoreOOP"],"fileTypesAndContributionMap":{"java":{"insertions":63,"deletions":125}}},{"hash":"8a154ce2970bf4068cce00f9908c945e6ab4ddb2","isMergeCommit":false,"messageTitle":"minor changes to ui message formatting","messageBody":"","fileTypesAndContributionMap":{"txt":{"insertions":1,"deletions":0},"java":{"insertions":3,"deletions":3}}},{"hash":"c0444d323e8586e6da39ffb33a7651132412a002","isMergeCommit":false,"messageTitle":"package class files part 1","messageBody":"","fileTypesAndContributionMap":{"java":{"insertions":68,"deletions":1}}},{"hash":"815ef576793c9a2795b885928fee274e82c25f8c","isMergeCommit":false,"messageTitle":"debugged packages and imports","messageBody":"","tags":["A-Packages"],"fileTypesAndContributionMap":{"java":{"insertions":3,"deletions":22}}},{"hash":"25349b7606d9465075b372b02a207d5755a926a8","isMergeCommit":true,"messageTitle":"Merge branch \u0027branch-gradle\u0027 conduct setup for gradle","messageBody":"","tags":["A-Gradle"],"fileTypesAndContributionMap":{}},{"hash":"6e6f705ddaabde7aa063d16c31d253ae164f6bd2","isMergeCommit":false,"messageTitle":"implement test structure and ParserTest class for JUnit testing","messageBody":"","fileTypesAndContributionMap":{"java":{"insertions":49,"deletions":0}}},{"hash":"4cc601afbd4efc0d9483db51b67812f67c0ee74b","isMergeCommit":false,"messageTitle":"implement tests in TaskListTest class for JUnit testing","messageBody":"","tags":["A-JUnit"],"fileTypesAndContributionMap":{"txt":{"insertions":1,"deletions":0},"java":{"insertions":36,"deletions":5}}},{"hash":"61ef0ad06ab1f7229faa9c6ed5e9553f5e66352c","isMergeCommit":false,"messageTitle":"package JAR file","messageBody":"","tags":["A-Jar"],"fileTypesAndContributionMap":{"gradle":{"insertions":1,"deletions":1}}}]},{"date":"2025-09-07T00:00:00","commitResults":[{"hash":"e4166ee5b25158bf64948e1657b7571b29a723cf","isMergeCommit":false,"messageTitle":"add JavaDoc comments","messageBody":"","tags":["A-JavaDoc"],"fileTypesAndContributionMap":{"java":{"insertions":45,"deletions":21}}},{"hash":"048cc087be598eb7446a5204fd7dac08a683fbb9","isMergeCommit":false,"messageTitle":"tweak code to comply with coding standard","messageBody":"","tags":["A-CodingStandard"],"fileTypesAndContributionMap":{"java":{"insertions":0,"deletions":2}}},{"hash":"97fb9c80105c819f78dcf1f96e11a31b3c85e3dd","isMergeCommit":false,"messageTitle":"implement find feature for chatbot","messageBody":"","tags":["Level-9"],"fileTypesAndContributionMap":{"java":{"insertions":45,"deletions":6}}},{"hash":"f7a4a3753fc51899b1399faffa4304406abec9a6","isMergeCommit":true,"messageTitle":"Merge branch \u0027branch-A-JavaDoc\u0027 and \u0027branch-Level-9\u0027","messageBody":"# Conflicts:\n#\tsrc/main/java/angsoontong/ui/Ui.java\n","fileTypesAndContributionMap":{}},{"hash":"3b7c41dae0c59e06b3c273ae99e475305b4de472","isMergeCommit":true,"messageTitle":"Merge branch \u0027branch-A-CodingStandard\u0027 tweak code to comply with coding standard","messageBody":"","fileTypesAndContributionMap":{}},{"hash":"091cd258d4b55bf6d50ce5a55d341488f76d1f18","isMergeCommit":false,"messageTitle":"setup JavaFX for gui implementation","messageBody":"","fileTypesAndContributionMap":{"gradle":{"insertions":23,"deletions":2},"java":{"insertions":41,"deletions":0}}},{"hash":"bfaca7f6729a0a760fd21aedfec43158c13cd9d2","isMergeCommit":false,"messageTitle":"create basic gui layout","messageBody":"","fileTypesAndContributionMap":{"java":{"insertions":91,"deletions":5}}},{"hash":"e8c912d436f8f21a05c930e9f622f4825b4c34f6","isMergeCommit":false,"messageTitle":"implement basic user input features","messageBody":"","fileTypesAndContributionMap":{"java":{"insertions":20,"deletions":3}}}]},{"date":"2025-09-08T00:00:00","commitResults":[{"hash":"ec2d8608c4bc3888dc7b4a1612900f25876e116c","isMergeCommit":false,"messageTitle":"integrate AngSoonTong chatbot to GUI v1.0","messageBody":"","tags":["Level-10"],"fileTypesAndContributionMap":{"txt":{"insertions":1,"deletions":1},"fxml":{"insertions":66,"deletions":0},"java":{"insertions":138,"deletions":109}}}]},{"date":"2025-09-16T00:00:00","commitResults":[{"hash":"b589ef8b3a81d929c6704a18965be6e0bc37f890","isMergeCommit":false,"messageTitle":"optimise build.gradle to make new JAR file","messageBody":"","fileTypesAndContributionMap":{"gradle":{"insertions":1,"deletions":1}}},{"hash":"a99a5f8dbc2c17bef0a7f4a4b76fc22a4e706691","isMergeCommit":false,"messageTitle":"add assertions","messageBody":"use assertions to make sure important assumptions hold at various points in code\n\n* assertions in Storage class ensure a filepath is provided on initialization\n* assertions in TaskList ensure all accessed elements within bounds\n* assertions in TaskDecoder ensure saved tasks are valid before writing\n","tags":["A-FullCommitMessage","A-Assertions"],"fileTypesAndContributionMap":{"gradle":{"insertions":1,"deletions":0},"java":{"insertions":8,"deletions":0}}},{"hash":"e6f23727bd5b8a2e94004eeaaeda05ae2716ced9","isMergeCommit":false,"messageTitle":"improve code quality","messageBody":"removing unecessary syntax and abstracting functions to substitute duplicate code occurances makes code neater and more readable\n\nLet\u0027s:\n* delete unused import statements\n* abstract function that mutate task list and saves right after\n","tags":["A-CodeQuality"],"fileTypesAndContributionMap":{"java":{"insertions":16,"deletions":15}}},{"hash":"8c938dce202ec3a3ab81a5f4b9873c56ba8e6264","isMergeCommit":true,"messageTitle":"Merge pull request #2 from lanjia0/branch-A-Assertions","messageBody":"add assertions","fileTypesAndContributionMap":{}},{"hash":"d13a139ffce0318ba3d5bc27b81cba22f9f3e61d","isMergeCommit":true,"messageTitle":"Merge pull request #3 from lanjia0/branch-A-CodeQuality","messageBody":"improve code quality","fileTypesAndContributionMap":{}}]},{"date":"2025-09-17T00:00:00","commitResults":[{"hash":"a6decb75a736224bf11d9526444460d18ea5cab5","isMergeCommit":false,"messageTitle":"add tagging feature","messageBody":"tag existing tasks in task list with additional descriptive words (e.g. #fun) to provide more information about task\n","fileTypesAndContributionMap":{"txt":{"insertions":1,"deletions":4},"java":{"insertions":103,"deletions":26}}},{"hash":"7eb61b07de26dd16eaccf585ef3c6a631e1e4f0a","isMergeCommit":false,"messageTitle":"debug CLI to GUI migration issues","messageBody":"fix issues in TaskDecoder class and comment out redundant CLI methods in AngSoonTong class\n\nGUI load from storage file fixed\n","tags":["BCD-Extension"],"fileTypesAndContributionMap":{"txt":{"insertions":1,"deletions":1},"java":{"insertions":36,"deletions":24}}},{"hash":"4f5587ecd88695df29a3c347871422211ef4c71e","isMergeCommit":false,"messageTitle":"add new image files under resources","messageBody":"to create a more unique AngSoonTong personality, add more authentic images for use as profile photo\n","fileTypesAndContributionMap":{"java":{"insertions":1,"deletions":1}}},{"hash":"cbf2a47d6716420503d6b885bc78d0564bae7ddd","isMergeCommit":false,"messageTitle":"add more unique and personalised replies","messageBody":"","tags":["A-Personality"],"fileTypesAndContributionMap":{"java":{"insertions":45,"deletions":8}}}]},{"date":"2025-09-18T00:00:00","commitResults":[{"hash":"a21c2a9e47ca2fc0600c5693a45254accb82e1eb","isMergeCommit":false,"messageTitle":"implement untag feature suggested by AI","messageBody":"allow users to remove individual tags that they have added, or remove all tags - for a specified task\n","tags":["A-AiAssisted"],"fileTypesAndContributionMap":{"txt":{"insertions":1,"deletions":1},"java":{"insertions":26,"deletions":12}}}]}]},"authorFileTypeContributionMap":{"lanjia0":{"java":924,"md":0,"fxml":66,"sh":0,"bat":1,"gradle":24,"txt":4}},"authorContributionVariance":{"lanjia0":13691.102},"authorDisplayNameMap":{"lanjia0":"CS2103T-F15a-2 NICH.. KIT"}}
