{"authorDailyContributionsMap":{"Beastarz":[{"date":"2025-08-20T00:00:00","commitResults":[{"hash":"432179ec6b6de254bcd9a15f52646a16c33384c8","isMergeCommit":false,"messageTitle":"Add greetings","messageBody":"","fileTypesAndContributionMap":{"java":{"insertions":0,"deletions":10}}},{"hash":"e57151fba117a65572fbc5bf6f295e949e08a310","isMergeCommit":false,"messageTitle":"Rename file from Duke.java to Clare.java","messageBody":"","tags":["Level-0"],"fileTypesAndContributionMap":{"java":{"insertions":12,"deletions":0}}},{"hash":"dba6f777732b6e446a625812531c24e9c2f22ffa","isMergeCommit":false,"messageTitle":"feat: Add echo function to repeat on what user input","messageBody":"","tags":["Level-1"],"fileTypesAndContributionMap":{"java":{"insertions":31,"deletions":4}}},{"hash":"dab64285dae4c5732157b2095c0943e1bcc39f1f","isMergeCommit":false,"messageTitle":"feat: Add add function and list function","messageBody":"","tags":["Level-2"],"fileTypesAndContributionMap":{"java":{"insertions":23,"deletions":5}}},{"hash":"64c88b3c80d603e6288c391b0c49c87cc8317b82","isMergeCommit":false,"messageTitle":"feat: Add task class and mark/unmark function","messageBody":"","tags":["Level-3"],"fileTypesAndContributionMap":{"java":{"insertions":67,"deletions":4}}}]},{"date":"2025-08-21T00:00:00","commitResults":[{"hash":"50aa8857a7f392e736b1c88bacead2dd6354d2b6","isMergeCommit":false,"messageTitle":"feat: Add todo, deadline, and event class, supports for three types of adding task now","messageBody":"","fileTypesAndContributionMap":{"java":{"insertions":151,"deletions":30}}},{"hash":"e47648804e9a607d30e7d83dfdc449dd5c899e14","isMergeCommit":false,"messageTitle":"fix: wrong format exception handling","messageBody":"","tags":["Level-4"],"fileTypesAndContributionMap":{"java":{"insertions":33,"deletions":32}}},{"hash":"48d042f6ca781dd6ddd761e229a684049334de1e","isMergeCommit":false,"messageTitle":"test: add runtest.bat","messageBody":"","tags":["A-TextUiTesting"],"fileTypesAndContributionMap":{"txt":{"insertions":24,"deletions":0},"bat":{"insertions":1,"deletions":1}}},{"hash":"366a878ae3eb3b105f0f994b7fb88d8903bb674a","isMergeCommit":false,"messageTitle":"test: add more test case","messageBody":"","tags":["Level-5"],"fileTypesAndContributionMap":{"txt":{"insertions":4,"deletions":0}}},{"hash":"99cee8eee3e187ab34e78e4f2e4e287d0f71bda7","isMergeCommit":false,"messageTitle":"feat: add delete command","messageBody":"","tags":["Level-6"],"fileTypesAndContributionMap":{"txt":{"insertions":3,"deletions":0},"java":{"insertions":23,"deletions":0}}},{"hash":"3cbba41513d2b39750dbd61daaafc5f6984710e1","isMergeCommit":false,"messageTitle":"improve: use enum to control command types","messageBody":"","tags":["A-Enums"],"fileTypesAndContributionMap":{"txt":{"insertions":3,"deletions":0},"java":{"insertions":56,"deletions":36}}}]},{"date":"2025-08-28T00:00:00","commitResults":[{"hash":"a38b8dfc7b280432a0fbfe20b70b4ff2603d283e","isMergeCommit":false,"messageTitle":"feat: save feature","messageBody":"data are now saved at data/data.txt, improved every command to support save feature\n","fileTypesAndContributionMap":{"txt":{"insertions":2,"deletions":0},"java":{"insertions":289,"deletions":85}}},{"hash":"6024ec9914fb85e228401f694a4372cccbe0a948","isMergeCommit":false,"messageTitle":"fix: data.txt update error","messageBody":"","fileTypesAndContributionMap":{"txt":{"insertions":0,"deletions":0}}},{"hash":"8b8af24df451cc31922c6ef4a701d85e78ce0f66","isMergeCommit":true,"messageTitle":"Merge branch \u0027branch-Level-7\u0027","messageBody":"","tags":["Level-7"],"fileTypesAndContributionMap":{}},{"hash":"d56ad18d350aba21dea6386c9ba71a9b047bb665","isMergeCommit":false,"messageTitle":"feat: actual time string for deadline and start time","messageBody":"the deadline and start time of deadline and event can only take format as YYYY-MM-DD HH:MM:SS, time is optional\n","fileTypesAndContributionMap":{"txt":{"insertions":5,"deletions":0},"java":{"insertions":76,"deletions":11}}},{"hash":"f99590aaa436f7223710bf3d7b3805b3354c8b4d","isMergeCommit":false,"messageTitle":"feat: find deadline and event function using date","messageBody":"deadline and event can be searched using time string with the command find\n","fileTypesAndContributionMap":{"txt":{"insertions":2,"deletions":5},"java":{"insertions":51,"deletions":21}}},{"hash":"e907e1162319fed9c7cd20cae7192fb5ba4221b4","isMergeCommit":false,"messageTitle":"improve: remove unused lines","messageBody":"removed lines in Task.java which is unused\n","tags":["Level-8"],"fileTypesAndContributionMap":{"java":{"insertions":0,"deletions":1}}},{"hash":"d67cb48325ef00088987cb6685b03a764c00b1c4","isMergeCommit":false,"messageTitle":"improve: organise code in Clare.java","messageBody":"move commands to a different package, add comments for public methods\n","fileTypesAndContributionMap":{"txt":{"insertions":2,"deletions":0},"java":{"insertions":388,"deletions":294}}},{"hash":"6e781da12022b01b7e271b2618fa9730c352408f","isMergeCommit":false,"messageTitle":"improve: organise code in Clare.java","messageBody":"create UI, TaskList, Storage class to improve oop\n","fileTypesAndContributionMap":{"txt":{"insertions":1,"deletions":4},"java":{"insertions":410,"deletions":305}}},{"hash":"82df0264d5aba6357da13cf7fe00111b4614791e","isMergeCommit":false,"messageTitle":"fix: false function used","messageBody":"fix markUndone in taskList class to use the correct function\n","fileTypesAndContributionMap":{"java":{"insertions":1,"deletions":3}}},{"hash":"5d979f0b3b75898732900f520a7b662cc6011464","isMergeCommit":false,"messageTitle":"improve: improve packaging of clare","messageBody":"create package clare to contain all running files\n","fileTypesAndContributionMap":{"java":{"insertions":7,"deletions":7}}},{"hash":"187442e8e524be229ef199efe6ecb080eaab246c","isMergeCommit":false,"messageTitle":"improve: improve packaging of clare","messageBody":"create package clare to contain all running files\n","fileTypesAndContributionMap":{"java":{"insertions":49,"deletions":49}}},{"hash":"d082fc64bf18c80c87bba3ed19a1f3257a3bb5e3","isMergeCommit":true,"messageTitle":"Merge branch \u0027A-Packages\u0027","messageBody":"","tags":["A-Packages"],"fileTypesAndContributionMap":{}},{"hash":"6465c8d5ddaecf79c26e27fbce888265050d048f","isMergeCommit":true,"messageTitle":"Merge branch \u0027add-gradle-support\u0027 of github.com:Beastarz/ip into add-gradle-support","messageBody":"","fileTypesAndContributionMap":{}},{"hash":"0d83b9d90ebf84b5e2785ffbc511a49eb998d3b3","isMergeCommit":false,"messageTitle":"merge: from add-gradle-support","messageBody":"","tags":["A-gradle"],"fileTypesAndContributionMap":{"txt":{"insertions":0,"deletions":0},"java":{"insertions":0,"deletions":1}}}]},{"date":"2025-08-29T00:00:00","commitResults":[{"hash":"b1b2b8c074cb0e2d213638f321abe28013148da1","isMergeCommit":false,"messageTitle":"test: add JUnit test","messageBody":"add test for Task package and UI test\n","fileTypesAndContributionMap":{"java":{"insertions":30,"deletions":34}}},{"hash":"3f80f3f79367f6041b680222d144db6b7f2bb97a","isMergeCommit":false,"messageTitle":"test: add JUnit test","messageBody":"add test for Task package and UI test\n","tags":["A-JUnit"],"fileTypesAndContributionMap":{"java":{"insertions":287,"deletions":0}}},{"hash":"c4af1e340b714308f776a2e7f817a92448630fa3","isMergeCommit":false,"messageTitle":"add jar file","messageBody":"","tags":["A-Jar"],"fileTypesAndContributionMap":{"gradle":{"insertions":2,"deletions":2},"java":{"insertions":2,"deletions":2}}},{"hash":"4a3006be08fce0cb5918e180269852b8e00bbad0","isMergeCommit":false,"messageTitle":"modify: change ClareCommand class name to Parser","messageBody":"","fileTypesAndContributionMap":{"java":{"insertions":5,"deletions":5}}},{"hash":"9caf97af9f6e1f190acc67441c3d0f752f8df791","isMergeCommit":false,"messageTitle":"docs: update JavaDoc comment","messageBody":"updates and add comments to all non-private methods\n","tags":["A-JavaDoc"],"fileTypesAndContributionMap":{"java":{"insertions":61,"deletions":17}}},{"hash":"1ec1254899bbf450130faff0cbd57ad9eb3f1a7c","isMergeCommit":false,"messageTitle":"refactor: make code to complied with coding standards","messageBody":"","fileTypesAndContributionMap":{"java":{"insertions":44,"deletions":44}}},{"hash":"1d111a03f9eaabe1afb90d3ccc84efa7af785985","isMergeCommit":true,"messageTitle":"Merge branch \u0027branch-A-CodingStandard\u0027","messageBody":"","tags":["A-MoreOOP","A-CodingStandard"],"fileTypesAndContributionMap":{}},{"hash":"e04ad6fe11cd980cf0add9308d032317ef0aef51","isMergeCommit":false,"messageTitle":"feat: find feature","messageBody":"changes the original find to search. Current find feature can be used to find tasks using title\n","fileTypesAndContributionMap":{"txt":{"insertions":1,"deletions":0},"java":{"insertions":84,"deletions":63}}},{"hash":"f5cf42e35831843a618fec1ed3ef52ccfd478166","isMergeCommit":false,"messageTitle":"feat: find feature","messageBody":"changes the original find to search. Current find feature can be used to find tasks using title\n","fileTypesAndContributionMap":{"java":{"insertions":20,"deletions":0}}},{"hash":"62c5bb2e9ee65f114f7816b02248e5ccc49c47d5","isMergeCommit":true,"messageTitle":"merge: merge branch Level-9","messageBody":"","tags":["Level-9"],"fileTypesAndContributionMap":{}}]},{"date":"2025-09-03T00:00:00","commitResults":[{"hash":"54b0eb5cf9ce37e9bd56f717c48966c30feba423","isMergeCommit":false,"messageTitle":"fix: bye command parsing error","messageBody":"fix bye command error when the command has extra information behind.\nfix comment typo\nadd more comments\n","fileTypesAndContributionMap":{"java":{"insertions":65,"deletions":40}}},{"hash":"a26917357e143d4180ec4da680994e0210ba1dcf","isMergeCommit":false,"messageTitle":"refactor: check style","messageBody":"reviewed and fix all the codes violating standard coding styles. Added JavaDoc comment for all public methods and classes\n","tags":["A-CheckStyle"],"fileTypesAndContributionMap":{"java":{"insertions":124,"deletions":86}}}]},{"date":"2025-09-04T00:00:00","commitResults":[{"hash":"961cf60139b7f4a7dc299bd3d49bcd2b16d1f8b2","isMergeCommit":false,"messageTitle":"add GUI","messageBody":"add GUI for clare\n","tags":["Level-10"],"fileTypesAndContributionMap":{"gradle":{"insertions":16,"deletions":1},"txt":{"insertions":6,"deletions":2},"fxml":{"insertions":66,"deletions":0},"java":{"insertions":199,"deletions":14}}},{"hash":"eb45d31ed49652d06dda22cc2c84ba9c3886fc41","isMergeCommit":false,"messageTitle":"improve parser to handle varargs","messageBody":"Improve find command to handle varargs, improve command to handle input with trailing spaces\n","fileTypesAndContributionMap":{"txt":{"insertions":2,"deletions":0},"java":{"insertions":10,"deletions":22}}},{"hash":"2455658d73a13a8399df0e920656ac15f43ea4ac","isMergeCommit":false,"messageTitle":"improve parser to handle varargs","messageBody":"Improve find command to handle varargs\n","tags":["A-Varargs"],"fileTypesAndContributionMap":{"java":{"insertions":10,"deletions":9}}}]},{"date":"2025-09-09T00:00:00","commitResults":[{"hash":"0eb37848042f452924ace9a26d51c97ae61338aa","isMergeCommit":false,"messageTitle":"fix JUnit test to accommodate with the latest code","messageBody":"","fileTypesAndContributionMap":{"txt":{"insertions":1,"deletions":0},"fxml":{"insertions":1,"deletions":1},"java":{"insertions":12,"deletions":15}}},{"hash":"2b70ed18251a8ed30ad624dfd55ce035dc3e9ca9","isMergeCommit":false,"messageTitle":"add assert in Parser.java","messageBody":"Parser class has objects that might be not initialize and fields that will never reach.\n\nLet\u0027s add asserts to ensure the variable is correctly initialize and the field is never reach.\n\nUsing assertions can avoid error caused by programmers and to make sure the invariant is correct at that point of code.\n","fileTypesAndContributionMap":{"java":{"insertions":13,"deletions":3}}},{"hash":"d66d4bacf8917da32e1619e4bfbb8acb62d8c4fe","isMergeCommit":false,"messageTitle":"Refactor: refactor javaDocs and error messages","messageBody":"all the method description of the javadoc does not have an empty line to separate it from other parameters, decreases readability. There are also confusing error message that needs to be changed.\n\nLet\u0027s put an empty line to separate it and edit some error messages.\n\nThis way can greatly increase readability and user experience for the error message output.\n","fileTypesAndContributionMap":{"txt":{"insertions":1,"deletions":2},"java":{"insertions":18,"deletions":16}}}]},{"date":"2025-09-10T00:00:00","commitResults":[{"hash":"7815dcf9034ef226a7613b4416ef6ef44f0b2324","isMergeCommit":false,"messageTitle":"Refactor: improve code quality","messageBody":"Some code in parser has false code logic block which decreases readability.\n\nLet\u0027s refactor it to group certain code in same logic together and separate it using empty space.\n\nDoing this will greatly increase readability.\n","fileTypesAndContributionMap":{"java":{"insertions":12,"deletions":6}}},{"hash":"4150201dfd6c6d1f77392fc65c38d502dc8e4df9","isMergeCommit":false,"messageTitle":"fix error message","messageBody":"","fileTypesAndContributionMap":{"java":{"insertions":1,"deletions":1}}},{"hash":"a29ec786214973e83ff795d8fb93cdd5d540242f","isMergeCommit":false,"messageTitle":"add more assertions","messageBody":"","fileTypesAndContributionMap":{"java":{"insertions":2,"deletions":0}}},{"hash":"b3eff0d6f567ad2a87efc4c2b3f6df587088f804","isMergeCommit":true,"messageTitle":"merge with branch-A-Assertions","messageBody":"","tags":["A-Assertions"],"fileTypesAndContributionMap":{}},{"hash":"33e7896ca58efd5a0a1d163f49b88c8998ad32ad","isMergeCommit":true,"messageTitle":"merge with master","messageBody":"","tags":["A-CodeQuality"],"fileTypesAndContributionMap":{}},{"hash":"7d0d2aa1d6151c121111d98bedbe22d61343541f","isMergeCommit":false,"messageTitle":"improve parser to handle edge case with streams","messageBody":"The parser object does not handle extra spaces in between command parameters, causing low flexibility.\n\nLet\u0027s handle those extra spaces and prevent them from affecting the command by using streams to trim all parameters.\n\nStreams are useful method to map elements and filter elements in one single line without raising exceptions.\n","fileTypesAndContributionMap":{"txt":{"insertions":4,"deletions":3},"java":{"insertions":22,"deletions":11}}},{"hash":"56a47c843e8c74c159637430c02a515db99ed4ff","isMergeCommit":true,"messageTitle":"merge with master","messageBody":"","tags":["A-Streams"],"fileTypesAndContributionMap":{}},{"hash":"6253ceb8981e76a5eb37261e28fc1e6d55f1008d","isMergeCommit":false,"messageTitle":"feat: sort extension","messageBody":"Previous version does not support for sort function\n\nLet\u0027s implement sort function to sort title, deadline, and start date in ascending or descending order.\n\nImplementing sorting ability can greatly increase user experience to organize their task list\n","fileTypesAndContributionMap":{"txt":{"insertions":8,"deletions":7},"java":{"insertions":98,"deletions":2}}}]},{"date":"2025-09-11T00:00:00","commitResults":[{"hash":"354101217a20df823c2b1206056ae93959e5d67b","isMergeCommit":true,"messageTitle":"Merge pull request #1 from Beastarz/branch-BCD-Extension","messageBody":"feat: sort extension","tags":["BCD-Extension","A-FullCommitMessage"],"fileTypesAndContributionMap":{}},{"hash":"f9862a0f9e519977ebf3b33ef5052a6ade448ac4","isMergeCommit":false,"messageTitle":"add gradle.yaml","messageBody":"","fileTypesAndContributionMap":{"java":{"insertions":6,"deletions":6}}}]},{"date":"2025-09-17T00:00:00","commitResults":[{"hash":"da46b926b3b594887f46ea5f06b3fa3888f23b3f","isMergeCommit":false,"messageTitle":"fix javadoc typo","messageBody":"","fileTypesAndContributionMap":{"java":{"insertions":4,"deletions":3}}},{"hash":"2803e92a013fcc785fcce638435da886f6e26dcc","isMergeCommit":false,"messageTitle":"improve GUI","messageBody":"Previous version of GUI is mostly from the project website. The layout\nof the UI is not extendable.\n\nLet\u0027s change the GUI using different pictures and colors. Also, sets the\n anchor of certain components to fix the layout.\n\n This will improve user experience.\n","tags":["A-BetterGui","A-AiAssisted"],"fileTypesAndContributionMap":{"txt":{"insertions":2,"deletions":2},"fxml":{"insertions":59,"deletions":39},"java":{"insertions":10,"deletions":6}}},{"hash":"2cb471c5771d1a782c3c924c943f8d73021b4e28","isMergeCommit":false,"messageTitle":"improve error handling","messageBody":"","tags":["A-MoreErrorHandling"],"fileTypesAndContributionMap":{"txt":{"insertions":10,"deletions":9},"java":{"insertions":3,"deletions":3}}},{"hash":"465abf6b5954fa358cb4d49f3957144428a810a0","isMergeCommit":false,"messageTitle":"add more tests","messageBody":"","tags":["A-MoreTesting"],"fileTypesAndContributionMap":{"java":{"insertions":207,"deletions":4}}},{"hash":"caeffb5577d46d59f00d6a78130b50a63db4d747","isMergeCommit":false,"messageTitle":"add personality","messageBody":"","tags":["A-Personality"],"fileTypesAndContributionMap":{"txt":{"insertions":10,"deletions":10},"java":{"insertions":8,"deletions":6}}},{"hash":"1b1e7354000fc996debc4b7f0333e8a5ae14eab2","isMergeCommit":false,"messageTitle":"improve GUI","messageBody":"","fileTypesAndContributionMap":{"fxml":{"insertions":24,"deletions":1},"java":{"insertions":3,"deletions":0}}},{"hash":"34f2b008cd45181a6e164a085aeeca320fb9397c","isMergeCommit":false,"messageTitle":"improve GUI","messageBody":"","fileTypesAndContributionMap":{"fxml":{"insertions":0,"deletions":23}}}]},{"date":"2025-09-18T00:00:00","commitResults":[{"hash":"b5274a7c59cc84f1386b25c62ea078b13059563c","isMergeCommit":false,"messageTitle":"add user guide","messageBody":"","tags":["A-UserGuide"],"fileTypesAndContributionMap":{"txt":{"insertions":6,"deletions":12},"fxml":{"insertions":1,"deletions":1},"java":{"insertions":54,"deletions":11},"md":{"insertions":145,"deletions":13}}}]}]},"authorFileTypeContributionMap":{"Beastarz":{"java":1759,"md":145,"fxml":86,"sh":0,"bat":1,"gradle":17,"txt":40}},"authorContributionVariance":{"Beastarz":116538.88},"authorDisplayNameMap":{"Beastarz":"CS2103T-T13-4 GOH ..N YU"}}
