{"authorDailyContributionsMap":{"dongjunnn":[{"date":"2025-08-19T00:00:00","commitResults":[{"hash":"65bd2eb9b8596ed47e601ce9ac619f0783f68be0","isMergeCommit":false,"messageTitle":"Level-0","messageBody":"","tags":["Level-0"],"fileTypesAndContributionMap":{"java":{"insertions":14,"deletions":10}}},{"hash":"d733e64d8e94a3b02d78f7b3baac569da05fbf19","isMergeCommit":false,"messageTitle":"Level-1","messageBody":"","tags":["Level-1"],"fileTypesAndContributionMap":{"java":{"insertions":18,"deletions":1}}},{"hash":"075c2bff7b4ec4cf83fe4785d144e8097c30ee1d","isMergeCommit":false,"messageTitle":"Level-2","messageBody":"","tags":["Level-2"],"fileTypesAndContributionMap":{"java":{"insertions":10,"deletions":2}}},{"hash":"372f3925f7f226be47c659b4d6b8a21fb1a1aa77","isMergeCommit":false,"messageTitle":"Level-3","messageBody":"","tags":["Level-3"],"fileTypesAndContributionMap":{"java":{"insertions":41,"deletions":7}}},{"hash":"ea19278ce330b084dcf290f709606230839e5402","isMergeCommit":false,"messageTitle":"Level-4","messageBody":"","tags":["Level-4"],"fileTypesAndContributionMap":{"java":{"insertions":138,"deletions":21}}}]},{"date":"2025-08-21T00:00:00","commitResults":[{"hash":"942454e0b29d836a3f61e7e0d5ef69777ad7321e","isMergeCommit":false,"messageTitle":"A-TextUiTesting","messageBody":"","tags":["A-TextUiTesting"],"fileTypesAndContributionMap":{"txt":{"insertions":8,"deletions":0},"java":{"insertions":14,"deletions":7},"bat":{"insertions":1,"deletions":1}}},{"hash":"63613f4b27d05ff119a4d336f7c5c9215d110b91","isMergeCommit":false,"messageTitle":"Level-5","messageBody":"","fileTypesAndContributionMap":{"java":{"insertions":19,"deletions":5}}},{"hash":"3ccdcc9d4f96feebaa92c106eb8f66185d6e9480","isMergeCommit":false,"messageTitle":"Level-6","messageBody":"","tags":["A-Enums"],"fileTypesAndContributionMap":{"txt":{"insertions":10,"deletions":3}}},{"hash":"44bd79d1c16cfb5bf007d91ae6b50fe04d358bd6","isMergeCommit":false,"messageTitle":"Level-5, Level-6","messageBody":"","tags":["Level-6","Level-5"],"fileTypesAndContributionMap":{"java":{"insertions":34,"deletions":10}}}]},{"date":"2025-08-27T00:00:00","commitResults":[{"hash":"ef5494ef521db26791ed4c67173e430e76223e39","isMergeCommit":false,"messageTitle":"Implement auto-save of tasks whenever list changes","messageBody":"","fileTypesAndContributionMap":{"java":{"insertions":36,"deletions":1},"sh":{"insertions":1,"deletions":1}}},{"hash":"0a5e5ae095431553118d979bedd85b7782f7d177","isMergeCommit":true,"messageTitle":"Merge branch \u0027branch-Level-7\u0027","messageBody":"","tags":["Level-7"],"fileTypesAndContributionMap":{}},{"hash":"a05d104d43dc9b8e28c4c20f9737e90391ad995b","isMergeCommit":false,"messageTitle":"Add datetime functionality","messageBody":"","fileTypesAndContributionMap":{"txt":{"insertions":3,"deletions":3},"java":{"insertions":18,"deletions":8}}},{"hash":"d206f9e5e88bf6f5f5ae47fe6c1dbad6c81d13f5","isMergeCommit":true,"messageTitle":"Merge branch \u0027branch-Level-8\u0027","messageBody":"","tags":["Level-8"],"fileTypesAndContributionMap":{}}]}]},"authorFileTypeContributionMap":{"dongjunnn":{"java":280,"md":0,"fxml":0,"sh":1,"bat":1,"gradle":0,"txt":15}},"authorContributionVariance":{"dongjunnn":3816.3875},"authorDisplayNameMap":{"dongjunnn":"CS2103T-W11-3 CHAN.. JUN"}}
