[{"path":"README.md","fileType":"md","lines":[{"lineNumber":1,"author":{"gitId":"xiaotong0329"},"content":"# Meeseeks project template","lastModifiedDate":"2025-08-20T22:47:42","isFullCredit":false},{"lineNumber":2,"author":{"gitId":"-"},"content":"","lastModifiedDate":"2020-05-25T00:03:55","isFullCredit":false},{"lineNumber":3,"author":{"gitId":"-"},"content":"This is a project template for a greenfield Java project. It\u0027s named after the Java mascot _Duke_. Given below are instructions on how to use it.","lastModifiedDate":"2020-05-25T00:03:55","isFullCredit":false},{"lineNumber":4,"author":{"gitId":"-"},"content":"","lastModifiedDate":"2020-05-25T00:03:55","isFullCredit":false},{"lineNumber":5,"author":{"gitId":"-"},"content":"## Setting up in Intellij","lastModifiedDate":"2020-05-25T00:03:55","isFullCredit":false},{"lineNumber":6,"author":{"gitId":"-"},"content":"","lastModifiedDate":"2020-05-25T00:03:55","isFullCredit":false},{"lineNumber":7,"author":{"gitId":"-"},"content":"Prerequisites: JDK 17, update Intellij to the most recent version.","lastModifiedDate":"2024-07-11T16:50:14","isFullCredit":false},{"lineNumber":8,"author":{"gitId":"-"},"content":"","lastModifiedDate":"2020-05-25T00:03:55","isFullCredit":false},{"lineNumber":9,"author":{"gitId":"-"},"content":"1. Open Intellij (if you are not in the welcome screen, click `File` \u003e `Close Project` to close the existing project first)","lastModifiedDate":"2021-01-17T12:25:53","isFullCredit":false},{"lineNumber":10,"author":{"gitId":"-"},"content":"1. Open the project into Intellij as follows:","lastModifiedDate":"2021-01-17T12:25:53","isFullCredit":false},{"lineNumber":11,"author":{"gitId":"-"},"content":"   1. Click `Open`.","lastModifiedDate":"2021-01-17T12:25:53","isFullCredit":false},{"lineNumber":12,"author":{"gitId":"-"},"content":"   1. Select the project directory, and click `OK`.","lastModifiedDate":"2021-01-17T12:25:53","isFullCredit":false},{"lineNumber":13,"author":{"gitId":"-"},"content":"   1. If there are any further prompts, accept the defaults.","lastModifiedDate":"2020-05-25T00:03:55","isFullCredit":false},{"lineNumber":14,"author":{"gitId":"-"},"content":"1. Configure the project to use **JDK 17** (not other versions) as explained in [here](https://www.jetbrains.com/help/idea/sdk.html#set-up-jdk).\u003cbr\u003e","lastModifiedDate":"2024-07-11T16:50:14","isFullCredit":false},{"lineNumber":15,"author":{"gitId":"-"},"content":"   In the same dialog, set the **Project language level** field to the `SDK default` option.","lastModifiedDate":"2021-07-29T20:29:39","isFullCredit":false},{"lineNumber":16,"author":{"gitId":"xiaotong0329"},"content":"1. After that, locate the `src/main/java/Meeseeks.java` file, right-click it, and choose `Run Meeseeks.main()` (if the code editor is showing compile errors, try restarting the IDE). If the setup is correct, you should see something like the below as the output:","lastModifiedDate":"2025-08-20T22:47:42","isFullCredit":false},{"lineNumber":17,"author":{"gitId":"-"},"content":"   ```","lastModifiedDate":"2020-05-25T00:03:55","isFullCredit":false},{"lineNumber":18,"author":{"gitId":"-"},"content":"   Hello from","lastModifiedDate":"2020-05-25T00:03:55","isFullCredit":false},{"lineNumber":19,"author":{"gitId":"-"},"content":"    ____        _        ","lastModifiedDate":"2020-05-25T00:03:55","isFullCredit":false},{"lineNumber":20,"author":{"gitId":"-"},"content":"   |  _ \\ _   _| | _____ ","lastModifiedDate":"2020-05-25T00:03:55","isFullCredit":false},{"lineNumber":21,"author":{"gitId":"-"},"content":"   | | | | | | | |/ / _ \\","lastModifiedDate":"2020-05-25T00:03:55","isFullCredit":false},{"lineNumber":22,"author":{"gitId":"-"},"content":"   | |_| | |_| |   \u003c  __/","lastModifiedDate":"2020-05-25T00:03:55","isFullCredit":false},{"lineNumber":23,"author":{"gitId":"-"},"content":"   |____/ \\__,_|_|\\_\\___|","lastModifiedDate":"2020-05-25T00:03:55","isFullCredit":false},{"lineNumber":24,"author":{"gitId":"-"},"content":"   ```","lastModifiedDate":"2020-05-25T00:03:55","isFullCredit":false},{"lineNumber":25,"author":{"gitId":"-"},"content":"","lastModifiedDate":"2025-01-04T21:44:28","isFullCredit":false},{"lineNumber":26,"author":{"gitId":"-"},"content":"**Warning:** Keep the `src\\main\\java` folder as the root folder for Java files (i.e., don\u0027t rename those folders or move Java files to another folder outside of this folder path), as this is the default location some tools (e.g., Gradle) expect to find Java files.","lastModifiedDate":"2025-01-04T21:44:28","isFullCredit":false}],"authorContributionMap":{"xiaotong0329":2,"-":24}},{"path":"docs/README.md","fileType":"md","lines":[{"lineNumber":1,"author":{"gitId":"xiaotong0329"},"content":"# Meeseeks User Guide","lastModifiedDate":"2025-08-20T22:47:42","isFullCredit":false},{"lineNumber":2,"author":{"gitId":"-"},"content":"","lastModifiedDate":"2019-07-29T17:14:46","isFullCredit":false},{"lineNumber":3,"author":{"gitId":"-"},"content":"// Update the title above to match the actual product name","lastModifiedDate":"2024-01-07T18:33:52","isFullCredit":false},{"lineNumber":4,"author":{"gitId":"-"},"content":"","lastModifiedDate":"2019-07-29T17:14:46","isFullCredit":false},{"lineNumber":5,"author":{"gitId":"-"},"content":"// Product screenshot goes here","lastModifiedDate":"2024-01-07T18:33:52","isFullCredit":false},{"lineNumber":6,"author":{"gitId":"-"},"content":"","lastModifiedDate":"2021-07-17T16:49:07","isFullCredit":false},{"lineNumber":7,"author":{"gitId":"-"},"content":"// Product intro goes here","lastModifiedDate":"2024-01-07T18:33:52","isFullCredit":false},{"lineNumber":8,"author":{"gitId":"-"},"content":"","lastModifiedDate":"2021-07-17T16:49:07","isFullCredit":false},{"lineNumber":9,"author":{"gitId":"-"},"content":"## Adding deadlines","lastModifiedDate":"2024-01-07T18:33:52","isFullCredit":false},{"lineNumber":10,"author":{"gitId":"-"},"content":"","lastModifiedDate":"2021-07-17T16:49:07","isFullCredit":false},{"lineNumber":11,"author":{"gitId":"-"},"content":"// Describe the action and its outcome.","lastModifiedDate":"2024-01-07T18:33:52","isFullCredit":false},{"lineNumber":12,"author":{"gitId":"-"},"content":"","lastModifiedDate":"2019-07-29T17:14:46","isFullCredit":false},{"lineNumber":13,"author":{"gitId":"-"},"content":"// Give examples of usage","lastModifiedDate":"2024-01-07T18:33:52","isFullCredit":false},{"lineNumber":14,"author":{"gitId":"-"},"content":"","lastModifiedDate":"2019-07-29T17:14:46","isFullCredit":false},{"lineNumber":15,"author":{"gitId":"-"},"content":"Example: `keyword (optional arguments)`","lastModifiedDate":"2024-01-07T18:33:52","isFullCredit":false},{"lineNumber":16,"author":{"gitId":"-"},"content":"","lastModifiedDate":"2019-07-29T17:14:46","isFullCredit":false},{"lineNumber":17,"author":{"gitId":"-"},"content":"// A description of the expected outcome goes here","lastModifiedDate":"2024-01-07T18:33:52","isFullCredit":false},{"lineNumber":18,"author":{"gitId":"-"},"content":"","lastModifiedDate":"2019-07-29T17:14:46","isFullCredit":false},{"lineNumber":19,"author":{"gitId":"-"},"content":"```","lastModifiedDate":"2024-01-07T18:33:52","isFullCredit":false},{"lineNumber":20,"author":{"gitId":"-"},"content":"expected output","lastModifiedDate":"2024-01-07T18:33:52","isFullCredit":false},{"lineNumber":21,"author":{"gitId":"-"},"content":"```","lastModifiedDate":"2024-01-07T18:33:52","isFullCredit":false},{"lineNumber":22,"author":{"gitId":"-"},"content":"","lastModifiedDate":"2019-07-29T17:14:46","isFullCredit":false},{"lineNumber":23,"author":{"gitId":"-"},"content":"## Feature ABC","lastModifiedDate":"2024-01-07T18:33:52","isFullCredit":false},{"lineNumber":24,"author":{"gitId":"-"},"content":"","lastModifiedDate":"2019-07-29T17:14:46","isFullCredit":false},{"lineNumber":25,"author":{"gitId":"-"},"content":"// Feature details","lastModifiedDate":"2024-01-07T18:33:52","isFullCredit":false},{"lineNumber":26,"author":{"gitId":"-"},"content":"","lastModifiedDate":"2019-07-29T17:14:46","isFullCredit":false},{"lineNumber":27,"author":{"gitId":"-"},"content":"","lastModifiedDate":"2021-07-17T16:49:07","isFullCredit":false},{"lineNumber":28,"author":{"gitId":"-"},"content":"## Feature XYZ","lastModifiedDate":"2024-01-07T18:33:52","isFullCredit":false},{"lineNumber":29,"author":{"gitId":"-"},"content":"","lastModifiedDate":"2024-01-07T18:33:52","isFullCredit":false},{"lineNumber":30,"author":{"gitId":"-"},"content":"// Feature details","lastModifiedDate":"2024-01-07T18:33:52","isFullCredit":false}],"authorContributionMap":{"xiaotong0329":1,"-":29}},{"path":"src/main/java/Deadline.java","fileType":"java","lines":[{"lineNumber":1,"author":{"gitId":"xiaotong0329"},"content":"public class Deadline extends Task {","lastModifiedDate":"2025-08-21T12:22:22","isFullCredit":false},{"lineNumber":2,"author":{"gitId":"xiaotong0329"},"content":"    protected String by;","lastModifiedDate":"2025-08-21T12:22:22","isFullCredit":false},{"lineNumber":3,"author":{"gitId":"xiaotong0329"},"content":"","lastModifiedDate":"2025-08-21T12:22:22","isFullCredit":false},{"lineNumber":4,"author":{"gitId":"xiaotong0329"},"content":"    public Deadline(String description, String by) {","lastModifiedDate":"2025-08-21T12:22:22","isFullCredit":false},{"lineNumber":5,"author":{"gitId":"xiaotong0329"},"content":"        super(description);","lastModifiedDate":"2025-08-21T12:22:22","isFullCredit":false},{"lineNumber":6,"author":{"gitId":"xiaotong0329"},"content":"        this.by \u003d by;","lastModifiedDate":"2025-08-21T12:22:22","isFullCredit":false},{"lineNumber":7,"author":{"gitId":"xiaotong0329"},"content":"    }","lastModifiedDate":"2025-08-21T12:22:22","isFullCredit":false},{"lineNumber":8,"author":{"gitId":"xiaotong0329"},"content":"","lastModifiedDate":"2025-08-21T12:22:22","isFullCredit":false},{"lineNumber":9,"author":{"gitId":"xiaotong0329"},"content":"    @Override","lastModifiedDate":"2025-08-21T12:22:22","isFullCredit":false},{"lineNumber":10,"author":{"gitId":"xiaotong0329"},"content":"    public String toString() {","lastModifiedDate":"2025-08-21T12:22:22","isFullCredit":false},{"lineNumber":11,"author":{"gitId":"xiaotong0329"},"content":"        return \"[D]\" + super.toString() + \" (by: \" + by + \")\";","lastModifiedDate":"2025-08-21T12:22:22","isFullCredit":false},{"lineNumber":12,"author":{"gitId":"xiaotong0329"},"content":"    }","lastModifiedDate":"2025-08-21T12:22:22","isFullCredit":false},{"lineNumber":13,"author":{"gitId":"xiaotong0329"},"content":"","lastModifiedDate":"2025-08-27T21:31:59","isFullCredit":false},{"lineNumber":14,"author":{"gitId":"xiaotong0329"},"content":"    @Override","lastModifiedDate":"2025-08-27T21:31:59","isFullCredit":false},{"lineNumber":15,"author":{"gitId":"xiaotong0329"},"content":"    public String toFileFormat() {","lastModifiedDate":"2025-08-27T21:31:59","isFullCredit":false},{"lineNumber":16,"author":{"gitId":"xiaotong0329"},"content":"        return \"D | \" + (isDone ? \"1\" : \"0\") + \" | \" + name + \" | \" + by;","lastModifiedDate":"2025-08-27T21:31:59","isFullCredit":false},{"lineNumber":17,"author":{"gitId":"xiaotong0329"},"content":"    }","lastModifiedDate":"2025-08-27T21:31:59","isFullCredit":false},{"lineNumber":18,"author":{"gitId":"xiaotong0329"},"content":"}","lastModifiedDate":"2025-08-21T12:22:22","isFullCredit":false}],"authorContributionMap":{"xiaotong0329":18}},{"path":"src/main/java/Event.java","fileType":"java","lines":[{"lineNumber":1,"author":{"gitId":"xiaotong0329"},"content":"public class Event extends Task {","lastModifiedDate":"2025-08-21T12:22:22","isFullCredit":false},{"lineNumber":2,"author":{"gitId":"xiaotong0329"},"content":"    protected String from;","lastModifiedDate":"2025-08-21T12:22:22","isFullCredit":false},{"lineNumber":3,"author":{"gitId":"xiaotong0329"},"content":"    protected String to;","lastModifiedDate":"2025-08-21T12:22:22","isFullCredit":false},{"lineNumber":4,"author":{"gitId":"xiaotong0329"},"content":"","lastModifiedDate":"2025-08-21T12:22:22","isFullCredit":false},{"lineNumber":5,"author":{"gitId":"xiaotong0329"},"content":"    public Event(String description, String from, String to) {","lastModifiedDate":"2025-08-21T12:22:22","isFullCredit":false},{"lineNumber":6,"author":{"gitId":"xiaotong0329"},"content":"        super(description);","lastModifiedDate":"2025-08-21T12:22:22","isFullCredit":false},{"lineNumber":7,"author":{"gitId":"xiaotong0329"},"content":"        this.from \u003d from;","lastModifiedDate":"2025-08-21T12:22:22","isFullCredit":false},{"lineNumber":8,"author":{"gitId":"xiaotong0329"},"content":"        this.to \u003d to;","lastModifiedDate":"2025-08-21T12:22:22","isFullCredit":false},{"lineNumber":9,"author":{"gitId":"xiaotong0329"},"content":"    }","lastModifiedDate":"2025-08-21T12:22:22","isFullCredit":false},{"lineNumber":10,"author":{"gitId":"xiaotong0329"},"content":"","lastModifiedDate":"2025-08-21T12:22:22","isFullCredit":false},{"lineNumber":11,"author":{"gitId":"xiaotong0329"},"content":"    @Override","lastModifiedDate":"2025-08-21T12:22:22","isFullCredit":false},{"lineNumber":12,"author":{"gitId":"xiaotong0329"},"content":"    public String toString() {","lastModifiedDate":"2025-08-21T12:22:22","isFullCredit":false},{"lineNumber":13,"author":{"gitId":"xiaotong0329"},"content":"        return \"[E]\" + super.toString() + \" (from: \" + from + \" to: \" + to + \")\";","lastModifiedDate":"2025-08-21T12:22:22","isFullCredit":false},{"lineNumber":14,"author":{"gitId":"xiaotong0329"},"content":"    }","lastModifiedDate":"2025-08-21T12:22:22","isFullCredit":false},{"lineNumber":15,"author":{"gitId":"xiaotong0329"},"content":"","lastModifiedDate":"2025-08-27T21:31:59","isFullCredit":false},{"lineNumber":16,"author":{"gitId":"xiaotong0329"},"content":"    @Override","lastModifiedDate":"2025-08-27T21:31:59","isFullCredit":false},{"lineNumber":17,"author":{"gitId":"xiaotong0329"},"content":"    public String toFileFormat() {","lastModifiedDate":"2025-08-27T21:31:59","isFullCredit":false},{"lineNumber":18,"author":{"gitId":"xiaotong0329"},"content":"        return \"E | \" + (isDone ? \"1\" : \"0\") + \" | \" + name + \" | \" + from + \" | \" + to;","lastModifiedDate":"2025-08-27T21:31:59","isFullCredit":false},{"lineNumber":19,"author":{"gitId":"xiaotong0329"},"content":"    }","lastModifiedDate":"2025-08-27T21:31:59","isFullCredit":false},{"lineNumber":20,"author":{"gitId":"xiaotong0329"},"content":"}","lastModifiedDate":"2025-08-21T12:22:22","isFullCredit":false}],"authorContributionMap":{"xiaotong0329":20}},{"path":"src/main/java/Meeseeks.java","fileType":"java","lines":[{"lineNumber":1,"author":{"gitId":"xiaotong0329"},"content":"import java.io.File;","lastModifiedDate":"2025-08-27T21:31:59","isFullCredit":false},{"lineNumber":2,"author":{"gitId":"xiaotong0329"},"content":"import java.io.FileWriter;","lastModifiedDate":"2025-08-27T21:31:59","isFullCredit":false},{"lineNumber":3,"author":{"gitId":"xiaotong0329"},"content":"import java.io.IOException;","lastModifiedDate":"2025-08-27T21:31:59","isFullCredit":false},{"lineNumber":4,"author":{"gitId":"xiaotong0329"},"content":"import java.nio.file.Files;","lastModifiedDate":"2025-08-27T21:31:59","isFullCredit":false},{"lineNumber":5,"author":{"gitId":"xiaotong0329"},"content":"import java.nio.file.Path;","lastModifiedDate":"2025-08-27T21:31:59","isFullCredit":false},{"lineNumber":6,"author":{"gitId":"xiaotong0329"},"content":"import java.nio.file.Paths;","lastModifiedDate":"2025-08-27T21:31:59","isFullCredit":false},{"lineNumber":7,"author":{"gitId":"xiaotong0329"},"content":"import java.util.ArrayList;","lastModifiedDate":"2025-08-20T23:43:06","isFullCredit":false},{"lineNumber":8,"author":{"gitId":"xiaotong0329"},"content":"import java.util.Scanner;","lastModifiedDate":"2025-08-21T12:51:18","isFullCredit":false},{"lineNumber":9,"author":{"gitId":"xiaotong0329"},"content":"","lastModifiedDate":"2025-08-20T23:43:06","isFullCredit":false},{"lineNumber":10,"author":{"gitId":"xiaotong0329"},"content":"public class Meeseeks {","lastModifiedDate":"2025-08-20T22:47:42","isFullCredit":false},{"lineNumber":11,"author":{"gitId":"xiaotong0329"},"content":"    private static final String DIRECTORY_PATH \u003d \"./data/\";","lastModifiedDate":"2025-08-27T21:31:59","isFullCredit":false},{"lineNumber":12,"author":{"gitId":"xiaotong0329"},"content":"    private static final String FILE_PATH \u003d \"./data/meeseeks.txt\";","lastModifiedDate":"2025-08-27T21:31:59","isFullCredit":false},{"lineNumber":13,"author":{"gitId":"xiaotong0329"},"content":"    public static ArrayList\u003cTask\u003e list \u003d new ArrayList\u003c\u003e();","lastModifiedDate":"2025-08-21T12:22:22","isFullCredit":false},{"lineNumber":14,"author":{"gitId":"xiaotong0329"},"content":"","lastModifiedDate":"2025-08-20T23:43:06","isFullCredit":false},{"lineNumber":15,"author":{"gitId":"xiaotong0329"},"content":"    public static void main(String[] args) {","lastModifiedDate":"2025-08-20T22:47:42","isFullCredit":false},{"lineNumber":16,"author":{"gitId":"xiaotong0329"},"content":"","lastModifiedDate":"2025-08-20T22:47:42","isFullCredit":false},{"lineNumber":17,"author":{"gitId":"xiaotong0329"},"content":"        loadData();","lastModifiedDate":"2025-08-27T21:31:59","isFullCredit":false},{"lineNumber":18,"author":{"gitId":"xiaotong0329"},"content":"","lastModifiedDate":"2025-08-27T21:31:59","isFullCredit":false},{"lineNumber":19,"author":{"gitId":"xiaotong0329"},"content":"        Scanner sc \u003d new Scanner(System.in);","lastModifiedDate":"2025-08-21T12:51:18","isFullCredit":false},{"lineNumber":20,"author":{"gitId":"xiaotong0329"},"content":"        System.out.println(\"Hello! I\u0027m Meeseeks\\nLook at me!\\n\");","lastModifiedDate":"2025-08-21T12:51:18","isFullCredit":false},{"lineNumber":21,"author":{"gitId":"xiaotong0329"},"content":"","lastModifiedDate":"2025-08-21T12:51:18","isFullCredit":false},{"lineNumber":22,"author":{"gitId":"xiaotong0329"},"content":"","lastModifiedDate":"2025-08-21T12:51:18","isFullCredit":false},{"lineNumber":23,"author":{"gitId":"xiaotong0329"},"content":"        while (sc.hasNextLine()) {","lastModifiedDate":"2025-08-21T12:51:18","isFullCredit":false},{"lineNumber":24,"author":{"gitId":"xiaotong0329"},"content":"            String command \u003d sc.nextLine();","lastModifiedDate":"2025-08-21T12:51:18","isFullCredit":false},{"lineNumber":25,"author":{"gitId":"xiaotong0329"},"content":"","lastModifiedDate":"2025-08-21T12:51:18","isFullCredit":false},{"lineNumber":26,"author":{"gitId":"xiaotong0329"},"content":"            if (command.startsWith(\"todo\")) {","lastModifiedDate":"2025-08-21T12:51:18","isFullCredit":false},{"lineNumber":27,"author":{"gitId":"xiaotong0329"},"content":"                AddTodo(command.substring(5));","lastModifiedDate":"2025-08-21T12:51:18","isFullCredit":false},{"lineNumber":28,"author":{"gitId":"xiaotong0329"},"content":"            } else if (command.startsWith(\"deadline\")) {","lastModifiedDate":"2025-08-21T12:51:18","isFullCredit":false},{"lineNumber":29,"author":{"gitId":"xiaotong0329"},"content":"                String[] parts \u003d command.split(\" /by \", 2);","lastModifiedDate":"2025-08-21T12:51:18","isFullCredit":false},{"lineNumber":30,"author":{"gitId":"xiaotong0329"},"content":"                AddDeadline(parts[0].substring(9), parts[1]);","lastModifiedDate":"2025-08-21T12:51:18","isFullCredit":false},{"lineNumber":31,"author":{"gitId":"xiaotong0329"},"content":"            } else if (command.startsWith(\"event\")) {","lastModifiedDate":"2025-08-21T12:51:18","isFullCredit":false},{"lineNumber":32,"author":{"gitId":"xiaotong0329"},"content":"                String[] parts \u003d command.split(\" /from | /to \");","lastModifiedDate":"2025-08-21T12:51:18","isFullCredit":false},{"lineNumber":33,"author":{"gitId":"xiaotong0329"},"content":"                AddEvent(parts[0].substring(6), parts[1], parts[2]);","lastModifiedDate":"2025-08-21T12:51:18","isFullCredit":false},{"lineNumber":34,"author":{"gitId":"xiaotong0329"},"content":"            } else if (command.equals(\"list\")) {","lastModifiedDate":"2025-08-21T12:51:18","isFullCredit":false},{"lineNumber":35,"author":{"gitId":"xiaotong0329"},"content":"                Listing();","lastModifiedDate":"2025-08-21T12:51:18","isFullCredit":false},{"lineNumber":36,"author":{"gitId":"xiaotong0329"},"content":"            } else if (command.startsWith(\"mark\")) {","lastModifiedDate":"2025-08-21T12:51:18","isFullCredit":false},{"lineNumber":37,"author":{"gitId":"xiaotong0329"},"content":"                Marking(command);","lastModifiedDate":"2025-08-21T12:51:18","isFullCredit":false},{"lineNumber":38,"author":{"gitId":"xiaotong0329"},"content":"            } else if (command.startsWith(\"unmark\")) {","lastModifiedDate":"2025-08-21T12:51:18","isFullCredit":false},{"lineNumber":39,"author":{"gitId":"xiaotong0329"},"content":"                Marking(command);","lastModifiedDate":"2025-08-21T12:51:18","isFullCredit":false},{"lineNumber":40,"author":{"gitId":"xiaotong0329"},"content":"            } else if (command.startsWith(\"delete\")) {","lastModifiedDate":"2025-08-21T13:48:46","isFullCredit":false},{"lineNumber":41,"author":{"gitId":"xiaotong0329"},"content":"                Delete(command);","lastModifiedDate":"2025-08-21T13:48:46","isFullCredit":false},{"lineNumber":42,"author":{"gitId":"xiaotong0329"},"content":"            } else if (command.equals(\"bye\")) {","lastModifiedDate":"2025-08-21T12:51:18","isFullCredit":false},{"lineNumber":43,"author":{"gitId":"xiaotong0329"},"content":"                System.out.println(\"Bye. Hope to see you again soon!\");","lastModifiedDate":"2025-08-21T12:51:18","isFullCredit":false},{"lineNumber":44,"author":{"gitId":"xiaotong0329"},"content":"                break;","lastModifiedDate":"2025-08-21T12:51:18","isFullCredit":false},{"lineNumber":45,"author":{"gitId":"xiaotong0329"},"content":"            } else {","lastModifiedDate":"2025-08-21T12:57:42","isFullCredit":false},{"lineNumber":46,"author":{"gitId":"xiaotong0329"},"content":"                System.out.println(\"I\u0027m not sure about that, how about we talk about something else.\");","lastModifiedDate":"2025-08-21T12:57:42","isFullCredit":false},{"lineNumber":47,"author":{"gitId":"xiaotong0329"},"content":"            }","lastModifiedDate":"2025-08-21T12:51:18","isFullCredit":false},{"lineNumber":48,"author":{"gitId":"xiaotong0329"},"content":"        }","lastModifiedDate":"2025-08-21T12:51:18","isFullCredit":false},{"lineNumber":49,"author":{"gitId":"xiaotong0329"},"content":"","lastModifiedDate":"2025-08-21T12:22:22","isFullCredit":false},{"lineNumber":50,"author":{"gitId":"xiaotong0329"},"content":"","lastModifiedDate":"2025-08-21T12:22:22","isFullCredit":false},{"lineNumber":51,"author":{"gitId":"xiaotong0329"},"content":"    }","lastModifiedDate":"2025-08-21T12:22:22","isFullCredit":false},{"lineNumber":52,"author":{"gitId":"xiaotong0329"},"content":"","lastModifiedDate":"2025-08-21T12:22:22","isFullCredit":false},{"lineNumber":53,"author":{"gitId":"xiaotong0329"},"content":"    public static void AddTodo(String description) {","lastModifiedDate":"2025-08-21T12:22:22","isFullCredit":false},{"lineNumber":54,"author":{"gitId":"xiaotong0329"},"content":"        if(description \u003d\u003d null || description.equals(\"\")) {","lastModifiedDate":"2025-08-21T12:57:42","isFullCredit":false},{"lineNumber":55,"author":{"gitId":"xiaotong0329"},"content":"            System.out.println(\"Oh Geez u need to put a description!\");","lastModifiedDate":"2025-08-21T12:57:42","isFullCredit":false},{"lineNumber":56,"author":{"gitId":"xiaotong0329"},"content":"        }","lastModifiedDate":"2025-08-21T12:57:42","isFullCredit":false},{"lineNumber":57,"author":{"gitId":"xiaotong0329"},"content":"        else {","lastModifiedDate":"2025-08-21T12:57:42","isFullCredit":false},{"lineNumber":58,"author":{"gitId":"xiaotong0329"},"content":"            Task t \u003d new ToDo(description);","lastModifiedDate":"2025-08-21T12:22:22","isFullCredit":false},{"lineNumber":59,"author":{"gitId":"xiaotong0329"},"content":"            list.add(t);","lastModifiedDate":"2025-08-21T12:22:22","isFullCredit":false},{"lineNumber":60,"author":{"gitId":"xiaotong0329"},"content":"            printAddedTask(t);","lastModifiedDate":"2025-08-21T12:22:22","isFullCredit":false},{"lineNumber":61,"author":{"gitId":"xiaotong0329"},"content":"        }","lastModifiedDate":"2025-08-21T12:22:22","isFullCredit":false},{"lineNumber":62,"author":{"gitId":"xiaotong0329"},"content":"    }","lastModifiedDate":"2025-08-21T12:57:42","isFullCredit":false},{"lineNumber":63,"author":{"gitId":"xiaotong0329"},"content":"","lastModifiedDate":"2025-08-21T12:22:22","isFullCredit":false},{"lineNumber":64,"author":{"gitId":"xiaotong0329"},"content":"    public static void AddDeadline(String description, String by) {","lastModifiedDate":"2025-08-21T12:22:22","isFullCredit":false},{"lineNumber":65,"author":{"gitId":"xiaotong0329"},"content":"        if(description \u003d\u003d null || description.equals(\"\")) {","lastModifiedDate":"2025-08-21T12:57:42","isFullCredit":false},{"lineNumber":66,"author":{"gitId":"xiaotong0329"},"content":"            System.out.println(\"Oh Geez u need to put a description!\");","lastModifiedDate":"2025-08-21T12:57:42","isFullCredit":false},{"lineNumber":67,"author":{"gitId":"xiaotong0329"},"content":"        }","lastModifiedDate":"2025-08-21T12:57:42","isFullCredit":false},{"lineNumber":68,"author":{"gitId":"xiaotong0329"},"content":"        else {","lastModifiedDate":"2025-08-21T12:57:42","isFullCredit":false},{"lineNumber":69,"author":{"gitId":"xiaotong0329"},"content":"            Task t \u003d new Deadline(description, by);","lastModifiedDate":"2025-08-21T12:22:22","isFullCredit":false},{"lineNumber":70,"author":{"gitId":"xiaotong0329"},"content":"            list.add(t);","lastModifiedDate":"2025-08-21T12:22:22","isFullCredit":false},{"lineNumber":71,"author":{"gitId":"xiaotong0329"},"content":"            printAddedTask(t);","lastModifiedDate":"2025-08-21T12:22:22","isFullCredit":false},{"lineNumber":72,"author":{"gitId":"xiaotong0329"},"content":"        }","lastModifiedDate":"2025-08-21T12:22:22","isFullCredit":false},{"lineNumber":73,"author":{"gitId":"xiaotong0329"},"content":"    }","lastModifiedDate":"2025-08-21T12:57:42","isFullCredit":false},{"lineNumber":74,"author":{"gitId":"xiaotong0329"},"content":"","lastModifiedDate":"2025-08-20T23:22:44","isFullCredit":false},{"lineNumber":75,"author":{"gitId":"xiaotong0329"},"content":"    public static void AddEvent(String description, String from, String to) {","lastModifiedDate":"2025-08-21T12:22:22","isFullCredit":false},{"lineNumber":76,"author":{"gitId":"xiaotong0329"},"content":"        if(description \u003d\u003d null || description.equals(\"\")) {","lastModifiedDate":"2025-08-21T12:57:42","isFullCredit":false},{"lineNumber":77,"author":{"gitId":"xiaotong0329"},"content":"            System.out.println(\"Oh Geez u need to put a description!\");","lastModifiedDate":"2025-08-21T12:57:42","isFullCredit":false},{"lineNumber":78,"author":{"gitId":"xiaotong0329"},"content":"        }","lastModifiedDate":"2025-08-21T12:57:42","isFullCredit":false},{"lineNumber":79,"author":{"gitId":"xiaotong0329"},"content":"        else {","lastModifiedDate":"2025-08-21T12:57:42","isFullCredit":false},{"lineNumber":80,"author":{"gitId":"xiaotong0329"},"content":"            Task t \u003d new Event(description, from, to);","lastModifiedDate":"2025-08-21T12:22:22","isFullCredit":false},{"lineNumber":81,"author":{"gitId":"xiaotong0329"},"content":"            list.add(t);","lastModifiedDate":"2025-08-21T12:22:22","isFullCredit":false},{"lineNumber":82,"author":{"gitId":"xiaotong0329"},"content":"            printAddedTask(t);","lastModifiedDate":"2025-08-21T12:22:22","isFullCredit":false},{"lineNumber":83,"author":{"gitId":"xiaotong0329"},"content":"        }","lastModifiedDate":"2025-08-20T23:22:44","isFullCredit":false},{"lineNumber":84,"author":{"gitId":"xiaotong0329"},"content":"    }","lastModifiedDate":"2025-08-21T12:57:42","isFullCredit":false},{"lineNumber":85,"author":{"gitId":"xiaotong0329"},"content":"","lastModifiedDate":"2025-08-20T23:22:44","isFullCredit":false},{"lineNumber":86,"author":{"gitId":"xiaotong0329"},"content":"    public static void Echo(String input) {","lastModifiedDate":"2025-08-20T23:22:44","isFullCredit":false},{"lineNumber":87,"author":{"gitId":"xiaotong0329"},"content":"        if (input.equals(\"bye\")) {","lastModifiedDate":"2025-08-20T23:22:44","isFullCredit":false},{"lineNumber":88,"author":{"gitId":"xiaotong0329"},"content":"","lastModifiedDate":"2025-08-20T23:22:44","isFullCredit":false},{"lineNumber":89,"author":{"gitId":"xiaotong0329"},"content":"            System.out.println(\"bye\\n\" + \"Bye. Hope to see you again soon!\");","lastModifiedDate":"2025-08-20T23:22:44","isFullCredit":false},{"lineNumber":90,"author":{"gitId":"xiaotong0329"},"content":"        } else {","lastModifiedDate":"2025-08-20T23:22:44","isFullCredit":false},{"lineNumber":91,"author":{"gitId":"xiaotong0329"},"content":"            System.out.println(input + \"\\n\" + \"  \" + input);","lastModifiedDate":"2025-08-20T23:22:44","isFullCredit":false},{"lineNumber":92,"author":{"gitId":"xiaotong0329"},"content":"        }","lastModifiedDate":"2025-08-20T23:22:44","isFullCredit":false},{"lineNumber":93,"author":{"gitId":"xiaotong0329"},"content":"    }","lastModifiedDate":"2025-08-20T22:47:42","isFullCredit":false},{"lineNumber":94,"author":{"gitId":"xiaotong0329"},"content":"","lastModifiedDate":"2025-08-20T23:43:06","isFullCredit":false},{"lineNumber":95,"author":{"gitId":"xiaotong0329"},"content":"    private static void printAddedTask(Task t) {","lastModifiedDate":"2025-08-21T12:22:22","isFullCredit":false},{"lineNumber":96,"author":{"gitId":"xiaotong0329"},"content":"        System.out.println(\"Got it. I\u0027ve added this task:\");","lastModifiedDate":"2025-08-21T12:22:22","isFullCredit":false},{"lineNumber":97,"author":{"gitId":"xiaotong0329"},"content":"        System.out.println(\"  \" + t);","lastModifiedDate":"2025-08-21T12:22:22","isFullCredit":false},{"lineNumber":98,"author":{"gitId":"xiaotong0329"},"content":"        System.out.println(\"Now you have \" + list.size() + \" tasks in the list.\");","lastModifiedDate":"2025-08-21T12:22:22","isFullCredit":false},{"lineNumber":99,"author":{"gitId":"xiaotong0329"},"content":"    }","lastModifiedDate":"2025-08-20T23:43:06","isFullCredit":false},{"lineNumber":100,"author":{"gitId":"xiaotong0329"},"content":"","lastModifiedDate":"2025-08-20T23:43:06","isFullCredit":false},{"lineNumber":101,"author":{"gitId":"xiaotong0329"},"content":"    public static void Listing() {","lastModifiedDate":"2025-08-21T12:51:18","isFullCredit":false},{"lineNumber":102,"author":{"gitId":"xiaotong0329"},"content":"            System.out.println(\"Here are the tasks in your list:\");","lastModifiedDate":"2025-08-21T12:22:22","isFullCredit":false},{"lineNumber":103,"author":{"gitId":"xiaotong0329"},"content":"            for (int i \u003d 0; i \u003c list.size(); i++) {","lastModifiedDate":"2025-08-21T12:22:22","isFullCredit":false},{"lineNumber":104,"author":{"gitId":"xiaotong0329"},"content":"                System.out.println((i + 1) + \".\" + list.get(i));","lastModifiedDate":"2025-08-21T12:22:22","isFullCredit":false},{"lineNumber":105,"author":{"gitId":"xiaotong0329"},"content":"            }","lastModifiedDate":"2025-08-20T23:43:06","isFullCredit":false},{"lineNumber":106,"author":{"gitId":"xiaotong0329"},"content":"","lastModifiedDate":"2025-08-20T23:43:06","isFullCredit":false},{"lineNumber":107,"author":{"gitId":"xiaotong0329"},"content":"    }","lastModifiedDate":"2025-08-20T23:43:06","isFullCredit":false},{"lineNumber":108,"author":{"gitId":"xiaotong0329"},"content":"","lastModifiedDate":"2025-08-21T12:02:05","isFullCredit":false},{"lineNumber":109,"author":{"gitId":"xiaotong0329"},"content":"    public static void Marking(String input) {","lastModifiedDate":"2025-08-21T12:02:05","isFullCredit":false},{"lineNumber":110,"author":{"gitId":"xiaotong0329"},"content":"        int index \u003d input.indexOf(\" \");","lastModifiedDate":"2025-08-21T12:02:05","isFullCredit":false},{"lineNumber":111,"author":{"gitId":"xiaotong0329"},"content":"        String s \u003d input.substring(0, index);","lastModifiedDate":"2025-08-21T12:02:05","isFullCredit":false},{"lineNumber":112,"author":{"gitId":"xiaotong0329"},"content":"        int num \u003d Integer.parseInt(input.substring(index + 1));","lastModifiedDate":"2025-08-21T12:02:05","isFullCredit":false},{"lineNumber":113,"author":{"gitId":"xiaotong0329"},"content":"        Task t \u003d list.get(num - 1);","lastModifiedDate":"2025-08-21T12:22:22","isFullCredit":false},{"lineNumber":114,"author":{"gitId":"xiaotong0329"},"content":"        if(s.equals(\"mark\")) {","lastModifiedDate":"2025-08-21T12:22:22","isFullCredit":false},{"lineNumber":115,"author":{"gitId":"xiaotong0329"},"content":"            t.markAsDone();","lastModifiedDate":"2025-08-21T12:22:22","isFullCredit":false},{"lineNumber":116,"author":{"gitId":"xiaotong0329"},"content":"            System.out.println(\"Nice! I\u0027ve marked this task as done:\");","lastModifiedDate":"2025-08-21T12:22:22","isFullCredit":false},{"lineNumber":117,"author":{"gitId":"xiaotong0329"},"content":"            System.out.println(\"  \" + t);","lastModifiedDate":"2025-08-21T12:22:22","isFullCredit":false},{"lineNumber":118,"author":{"gitId":"xiaotong0329"},"content":"","lastModifiedDate":"2025-08-21T12:02:05","isFullCredit":false},{"lineNumber":119,"author":{"gitId":"xiaotong0329"},"content":"        }","lastModifiedDate":"2025-08-21T12:02:05","isFullCredit":false},{"lineNumber":120,"author":{"gitId":"xiaotong0329"},"content":"        else if(s.equals(\"unmark\")) {","lastModifiedDate":"2025-08-21T12:02:05","isFullCredit":false},{"lineNumber":121,"author":{"gitId":"xiaotong0329"},"content":"            t.markAsNotDone();","lastModifiedDate":"2025-08-21T12:22:22","isFullCredit":false},{"lineNumber":122,"author":{"gitId":"xiaotong0329"},"content":"            System.out.println(\"OK, I\u0027ve marked this task as not done yet:\");","lastModifiedDate":"2025-08-21T12:22:22","isFullCredit":false},{"lineNumber":123,"author":{"gitId":"xiaotong0329"},"content":"            System.out.println(\"  \" + t);","lastModifiedDate":"2025-08-21T12:22:22","isFullCredit":false},{"lineNumber":124,"author":{"gitId":"xiaotong0329"},"content":"        }","lastModifiedDate":"2025-08-21T12:02:05","isFullCredit":false},{"lineNumber":125,"author":{"gitId":"xiaotong0329"},"content":"    }","lastModifiedDate":"2025-08-21T12:02:05","isFullCredit":false},{"lineNumber":126,"author":{"gitId":"xiaotong0329"},"content":"","lastModifiedDate":"2025-08-21T13:48:46","isFullCredit":false},{"lineNumber":127,"author":{"gitId":"xiaotong0329"},"content":"    public static void Delete(String input) {","lastModifiedDate":"2025-08-21T13:48:46","isFullCredit":false},{"lineNumber":128,"author":{"gitId":"xiaotong0329"},"content":"        int index \u003d Integer.parseInt(input.substring(7));","lastModifiedDate":"2025-08-21T13:48:46","isFullCredit":false},{"lineNumber":129,"author":{"gitId":"xiaotong0329"},"content":"        Task removed \u003d list.remove(index - 1);","lastModifiedDate":"2025-08-21T13:48:46","isFullCredit":false},{"lineNumber":130,"author":{"gitId":"xiaotong0329"},"content":"        System.out.println(\"Noted. I\u0027ve removed this task:\");","lastModifiedDate":"2025-08-21T13:48:46","isFullCredit":false},{"lineNumber":131,"author":{"gitId":"xiaotong0329"},"content":"        System.out.println(\"  \" + removed);","lastModifiedDate":"2025-08-21T13:48:46","isFullCredit":false},{"lineNumber":132,"author":{"gitId":"xiaotong0329"},"content":"        System.out.println(\"Now you have \" + list.size() + \" tasks in the list.\");","lastModifiedDate":"2025-08-21T13:48:46","isFullCredit":false},{"lineNumber":133,"author":{"gitId":"xiaotong0329"},"content":"    }","lastModifiedDate":"2025-08-21T13:48:46","isFullCredit":false},{"lineNumber":134,"author":{"gitId":"xiaotong0329"},"content":"","lastModifiedDate":"2025-08-27T21:31:59","isFullCredit":false},{"lineNumber":135,"author":{"gitId":"xiaotong0329"},"content":"","lastModifiedDate":"2025-08-27T21:31:59","isFullCredit":false},{"lineNumber":136,"author":{"gitId":"xiaotong0329"},"content":"    private static void saveData() {","lastModifiedDate":"2025-08-27T21:31:59","isFullCredit":false},{"lineNumber":137,"author":{"gitId":"xiaotong0329"},"content":"        try {","lastModifiedDate":"2025-08-27T21:31:59","isFullCredit":false},{"lineNumber":138,"author":{"gitId":"xiaotong0329"},"content":"            ","lastModifiedDate":"2025-08-27T21:31:59","isFullCredit":false},{"lineNumber":139,"author":{"gitId":"xiaotong0329"},"content":"            File directory \u003d new File(DIRECTORY_PATH);","lastModifiedDate":"2025-08-27T21:31:59","isFullCredit":false},{"lineNumber":140,"author":{"gitId":"xiaotong0329"},"content":"            if (!directory.exists()) {","lastModifiedDate":"2025-08-27T21:31:59","isFullCredit":false},{"lineNumber":141,"author":{"gitId":"xiaotong0329"},"content":"                directory.mkdirs();","lastModifiedDate":"2025-08-27T21:31:59","isFullCredit":false},{"lineNumber":142,"author":{"gitId":"xiaotong0329"},"content":"            }","lastModifiedDate":"2025-08-27T21:31:59","isFullCredit":false},{"lineNumber":143,"author":{"gitId":"xiaotong0329"},"content":"","lastModifiedDate":"2025-08-27T21:31:59","isFullCredit":false},{"lineNumber":144,"author":{"gitId":"xiaotong0329"},"content":"            FileWriter writer \u003d new FileWriter(FILE_PATH);","lastModifiedDate":"2025-08-27T21:31:59","isFullCredit":false},{"lineNumber":145,"author":{"gitId":"xiaotong0329"},"content":"            for (Task task : list) {","lastModifiedDate":"2025-08-27T21:31:59","isFullCredit":false},{"lineNumber":146,"author":{"gitId":"xiaotong0329"},"content":"                writer.write(task.toFileFormat() + \"\\n\");","lastModifiedDate":"2025-08-27T21:31:59","isFullCredit":false},{"lineNumber":147,"author":{"gitId":"xiaotong0329"},"content":"            }","lastModifiedDate":"2025-08-27T21:31:59","isFullCredit":false},{"lineNumber":148,"author":{"gitId":"xiaotong0329"},"content":"            writer.close();","lastModifiedDate":"2025-08-27T21:31:59","isFullCredit":false},{"lineNumber":149,"author":{"gitId":"xiaotong0329"},"content":"        } catch (IOException e) {","lastModifiedDate":"2025-08-27T21:31:59","isFullCredit":false},{"lineNumber":150,"author":{"gitId":"xiaotong0329"},"content":"            System.out.println(\"Oh Geez! I couldn\u0027t save your tasks: \" + e.getMessage());","lastModifiedDate":"2025-08-27T21:31:59","isFullCredit":false},{"lineNumber":151,"author":{"gitId":"xiaotong0329"},"content":"        }","lastModifiedDate":"2025-08-27T21:31:59","isFullCredit":false},{"lineNumber":152,"author":{"gitId":"xiaotong0329"},"content":"    }","lastModifiedDate":"2025-08-27T21:31:59","isFullCredit":false},{"lineNumber":153,"author":{"gitId":"xiaotong0329"},"content":"","lastModifiedDate":"2025-08-27T21:31:59","isFullCredit":false},{"lineNumber":154,"author":{"gitId":"xiaotong0329"},"content":"    private static void loadData() {","lastModifiedDate":"2025-08-27T21:31:59","isFullCredit":false},{"lineNumber":155,"author":{"gitId":"xiaotong0329"},"content":"        try {","lastModifiedDate":"2025-08-27T21:31:59","isFullCredit":false},{"lineNumber":156,"author":{"gitId":"xiaotong0329"},"content":"            Path path \u003d Paths.get(FILE_PATH);","lastModifiedDate":"2025-08-27T21:31:59","isFullCredit":false},{"lineNumber":157,"author":{"gitId":"xiaotong0329"},"content":"            if (!Files.exists(path)) {","lastModifiedDate":"2025-08-27T21:31:59","isFullCredit":false},{"lineNumber":158,"author":{"gitId":"xiaotong0329"},"content":"                System.out.println(\"No existing data found. Starting with an empty task list.\");","lastModifiedDate":"2025-08-27T21:31:59","isFullCredit":false},{"lineNumber":159,"author":{"gitId":"xiaotong0329"},"content":"                return;","lastModifiedDate":"2025-08-27T21:31:59","isFullCredit":false},{"lineNumber":160,"author":{"gitId":"xiaotong0329"},"content":"            }","lastModifiedDate":"2025-08-27T21:31:59","isFullCredit":false},{"lineNumber":161,"author":{"gitId":"xiaotong0329"},"content":"","lastModifiedDate":"2025-08-27T21:31:59","isFullCredit":false},{"lineNumber":162,"author":{"gitId":"xiaotong0329"},"content":"            ArrayList\u003cString\u003e lines \u003d new ArrayList\u003c\u003e(Files.readAllLines(path));","lastModifiedDate":"2025-08-27T21:31:59","isFullCredit":false},{"lineNumber":163,"author":{"gitId":"xiaotong0329"},"content":"            for (String line : lines) {","lastModifiedDate":"2025-08-27T21:31:59","isFullCredit":false},{"lineNumber":164,"author":{"gitId":"xiaotong0329"},"content":"                try {","lastModifiedDate":"2025-08-27T21:31:59","isFullCredit":false},{"lineNumber":165,"author":{"gitId":"xiaotong0329"},"content":"                    Task task \u003d parseTaskFromFile(line);","lastModifiedDate":"2025-08-27T21:31:59","isFullCredit":false},{"lineNumber":166,"author":{"gitId":"xiaotong0329"},"content":"                    if (task !\u003d null) {","lastModifiedDate":"2025-08-27T21:31:59","isFullCredit":false},{"lineNumber":167,"author":{"gitId":"xiaotong0329"},"content":"                        list.add(task);","lastModifiedDate":"2025-08-27T21:31:59","isFullCredit":false},{"lineNumber":168,"author":{"gitId":"xiaotong0329"},"content":"                    }","lastModifiedDate":"2025-08-27T21:31:59","isFullCredit":false},{"lineNumber":169,"author":{"gitId":"xiaotong0329"},"content":"                } catch (Exception e) {","lastModifiedDate":"2025-08-27T21:31:59","isFullCredit":false},{"lineNumber":170,"author":{"gitId":"xiaotong0329"},"content":"                    System.out.println(\"Skipping corrupted line: \" + line);","lastModifiedDate":"2025-08-27T21:31:59","isFullCredit":false},{"lineNumber":171,"author":{"gitId":"xiaotong0329"},"content":"                }","lastModifiedDate":"2025-08-27T21:31:59","isFullCredit":false},{"lineNumber":172,"author":{"gitId":"xiaotong0329"},"content":"            }","lastModifiedDate":"2025-08-27T21:31:59","isFullCredit":false},{"lineNumber":173,"author":{"gitId":"xiaotong0329"},"content":"","lastModifiedDate":"2025-08-27T21:31:59","isFullCredit":false},{"lineNumber":174,"author":{"gitId":"xiaotong0329"},"content":"            System.out.println(\"Loaded \" + list.size() + \" tasks from file.\");","lastModifiedDate":"2025-08-27T21:31:59","isFullCredit":false},{"lineNumber":175,"author":{"gitId":"xiaotong0329"},"content":"        } catch (IOException e) {","lastModifiedDate":"2025-08-27T21:31:59","isFullCredit":false},{"lineNumber":176,"author":{"gitId":"xiaotong0329"},"content":"            System.out.println(\"Oh Geez! I couldn\u0027t load your tasks: \" + e.getMessage());","lastModifiedDate":"2025-08-27T21:31:59","isFullCredit":false},{"lineNumber":177,"author":{"gitId":"xiaotong0329"},"content":"        }","lastModifiedDate":"2025-08-27T21:31:59","isFullCredit":false},{"lineNumber":178,"author":{"gitId":"xiaotong0329"},"content":"    }","lastModifiedDate":"2025-08-27T21:31:59","isFullCredit":false},{"lineNumber":179,"author":{"gitId":"xiaotong0329"},"content":"","lastModifiedDate":"2025-08-27T21:31:59","isFullCredit":false},{"lineNumber":180,"author":{"gitId":"xiaotong0329"},"content":"    private static Task parseTaskFromFile(String line) {","lastModifiedDate":"2025-08-27T21:31:59","isFullCredit":false},{"lineNumber":181,"author":{"gitId":"xiaotong0329"},"content":"        try {","lastModifiedDate":"2025-08-27T21:31:59","isFullCredit":false},{"lineNumber":182,"author":{"gitId":"xiaotong0329"},"content":"            String[] parts \u003d line.split(\" \\\\| \");","lastModifiedDate":"2025-08-27T21:31:59","isFullCredit":false},{"lineNumber":183,"author":{"gitId":"xiaotong0329"},"content":"            if (parts.length \u003c 3) {","lastModifiedDate":"2025-08-27T21:31:59","isFullCredit":false},{"lineNumber":184,"author":{"gitId":"xiaotong0329"},"content":"                throw new IllegalArgumentException(\"Invalid format\");","lastModifiedDate":"2025-08-27T21:31:59","isFullCredit":false},{"lineNumber":185,"author":{"gitId":"xiaotong0329"},"content":"            }","lastModifiedDate":"2025-08-27T21:31:59","isFullCredit":false},{"lineNumber":186,"author":{"gitId":"xiaotong0329"},"content":"","lastModifiedDate":"2025-08-27T21:31:59","isFullCredit":false},{"lineNumber":187,"author":{"gitId":"xiaotong0329"},"content":"            String type \u003d parts[0].trim();","lastModifiedDate":"2025-08-27T21:31:59","isFullCredit":false},{"lineNumber":188,"author":{"gitId":"xiaotong0329"},"content":"            boolean isDone \u003d parts[1].trim().equals(\"1\");","lastModifiedDate":"2025-08-27T21:31:59","isFullCredit":false},{"lineNumber":189,"author":{"gitId":"xiaotong0329"},"content":"            String description \u003d parts[2].trim();","lastModifiedDate":"2025-08-27T21:31:59","isFullCredit":false},{"lineNumber":190,"author":{"gitId":"xiaotong0329"},"content":"","lastModifiedDate":"2025-08-27T21:31:59","isFullCredit":false},{"lineNumber":191,"author":{"gitId":"xiaotong0329"},"content":"            Task task;","lastModifiedDate":"2025-08-27T21:31:59","isFullCredit":false},{"lineNumber":192,"author":{"gitId":"xiaotong0329"},"content":"","lastModifiedDate":"2025-08-27T21:31:59","isFullCredit":false},{"lineNumber":193,"author":{"gitId":"xiaotong0329"},"content":"            switch (type) {","lastModifiedDate":"2025-08-27T21:31:59","isFullCredit":false},{"lineNumber":194,"author":{"gitId":"xiaotong0329"},"content":"                case \"T\":","lastModifiedDate":"2025-08-27T21:31:59","isFullCredit":false},{"lineNumber":195,"author":{"gitId":"xiaotong0329"},"content":"                    task \u003d new Task(description);","lastModifiedDate":"2025-08-27T21:31:59","isFullCredit":false},{"lineNumber":196,"author":{"gitId":"xiaotong0329"},"content":"                    break;","lastModifiedDate":"2025-08-27T21:31:59","isFullCredit":false},{"lineNumber":197,"author":{"gitId":"xiaotong0329"},"content":"                case \"D\":","lastModifiedDate":"2025-08-27T21:31:59","isFullCredit":false},{"lineNumber":198,"author":{"gitId":"xiaotong0329"},"content":"                    if (parts.length \u003c 4) throw new IllegalArgumentException(\"Deadline missing time\");","lastModifiedDate":"2025-08-27T21:31:59","isFullCredit":false},{"lineNumber":199,"author":{"gitId":"xiaotong0329"},"content":"                    task \u003d new Deadline(description, parts[3].trim());","lastModifiedDate":"2025-08-27T21:31:59","isFullCredit":false},{"lineNumber":200,"author":{"gitId":"xiaotong0329"},"content":"                    break;","lastModifiedDate":"2025-08-27T21:31:59","isFullCredit":false},{"lineNumber":201,"author":{"gitId":"xiaotong0329"},"content":"                case \"E\":","lastModifiedDate":"2025-08-27T21:31:59","isFullCredit":false},{"lineNumber":202,"author":{"gitId":"xiaotong0329"},"content":"                    if (parts.length \u003c 5) throw new IllegalArgumentException(\"Event missing times\");","lastModifiedDate":"2025-08-27T21:31:59","isFullCredit":false},{"lineNumber":203,"author":{"gitId":"xiaotong0329"},"content":"                    task \u003d new Event(description, parts[3].trim(), parts[4].trim());","lastModifiedDate":"2025-08-27T21:31:59","isFullCredit":false},{"lineNumber":204,"author":{"gitId":"xiaotong0329"},"content":"                    break;","lastModifiedDate":"2025-08-27T21:31:59","isFullCredit":false},{"lineNumber":205,"author":{"gitId":"xiaotong0329"},"content":"                default:","lastModifiedDate":"2025-08-27T21:31:59","isFullCredit":false},{"lineNumber":206,"author":{"gitId":"xiaotong0329"},"content":"                    throw new IllegalArgumentException(\"Unknown task type\");","lastModifiedDate":"2025-08-27T21:31:59","isFullCredit":false},{"lineNumber":207,"author":{"gitId":"xiaotong0329"},"content":"            }","lastModifiedDate":"2025-08-27T21:31:59","isFullCredit":false},{"lineNumber":208,"author":{"gitId":"xiaotong0329"},"content":"","lastModifiedDate":"2025-08-27T21:31:59","isFullCredit":false},{"lineNumber":209,"author":{"gitId":"xiaotong0329"},"content":"            if (isDone) {","lastModifiedDate":"2025-08-27T21:31:59","isFullCredit":false},{"lineNumber":210,"author":{"gitId":"xiaotong0329"},"content":"                task.markAsDone();","lastModifiedDate":"2025-08-27T21:31:59","isFullCredit":false},{"lineNumber":211,"author":{"gitId":"xiaotong0329"},"content":"            }","lastModifiedDate":"2025-08-27T21:31:59","isFullCredit":false},{"lineNumber":212,"author":{"gitId":"xiaotong0329"},"content":"","lastModifiedDate":"2025-08-27T21:31:59","isFullCredit":false},{"lineNumber":213,"author":{"gitId":"xiaotong0329"},"content":"            return task;","lastModifiedDate":"2025-08-27T21:31:59","isFullCredit":false},{"lineNumber":214,"author":{"gitId":"xiaotong0329"},"content":"        } catch (Exception e) {","lastModifiedDate":"2025-08-27T21:31:59","isFullCredit":false},{"lineNumber":215,"author":{"gitId":"xiaotong0329"},"content":"            System.out.println(\"Error parsing line: \" + line + \" - \" + e.getMessage());","lastModifiedDate":"2025-08-27T21:31:59","isFullCredit":false},{"lineNumber":216,"author":{"gitId":"xiaotong0329"},"content":"            return null;","lastModifiedDate":"2025-08-27T21:31:59","isFullCredit":false},{"lineNumber":217,"author":{"gitId":"xiaotong0329"},"content":"        }","lastModifiedDate":"2025-08-27T21:31:59","isFullCredit":false},{"lineNumber":218,"author":{"gitId":"xiaotong0329"},"content":"    }","lastModifiedDate":"2025-08-27T21:31:59","isFullCredit":false},{"lineNumber":219,"author":{"gitId":"xiaotong0329"},"content":"    ","lastModifiedDate":"2025-08-27T21:31:59","isFullCredit":false},{"lineNumber":220,"author":{"gitId":"xiaotong0329"},"content":"}","lastModifiedDate":"2025-08-20T22:47:42","isFullCredit":false}],"authorContributionMap":{"xiaotong0329":220}},{"path":"src/main/java/Task.java","fileType":"java","lines":[{"lineNumber":1,"author":{"gitId":"xiaotong0329"},"content":"public class Task {","lastModifiedDate":"2025-08-21T12:22:22","isFullCredit":false},{"lineNumber":2,"author":{"gitId":"xiaotong0329"},"content":"    protected String name;","lastModifiedDate":"2025-08-21T12:22:22","isFullCredit":false},{"lineNumber":3,"author":{"gitId":"xiaotong0329"},"content":"    protected Boolean isDone;","lastModifiedDate":"2025-08-21T12:22:22","isFullCredit":false},{"lineNumber":4,"author":{"gitId":"xiaotong0329"},"content":"","lastModifiedDate":"2025-08-21T12:22:22","isFullCredit":false},{"lineNumber":5,"author":{"gitId":"xiaotong0329"},"content":"    public Task(String name) {","lastModifiedDate":"2025-08-21T12:22:22","isFullCredit":false},{"lineNumber":6,"author":{"gitId":"xiaotong0329"},"content":"        this.name \u003d name;","lastModifiedDate":"2025-08-21T12:22:22","isFullCredit":false},{"lineNumber":7,"author":{"gitId":"xiaotong0329"},"content":"        this.isDone \u003d false;","lastModifiedDate":"2025-08-21T12:22:22","isFullCredit":false},{"lineNumber":8,"author":{"gitId":"xiaotong0329"},"content":"    }","lastModifiedDate":"2025-08-21T12:22:22","isFullCredit":false},{"lineNumber":9,"author":{"gitId":"xiaotong0329"},"content":"","lastModifiedDate":"2025-08-21T12:22:22","isFullCredit":false},{"lineNumber":10,"author":{"gitId":"xiaotong0329"},"content":"    public String getStatus() {","lastModifiedDate":"2025-08-21T12:22:22","isFullCredit":false},{"lineNumber":11,"author":{"gitId":"xiaotong0329"},"content":"        return isDone? \"[X]\": \"[ ]\";","lastModifiedDate":"2025-08-21T12:22:22","isFullCredit":false},{"lineNumber":12,"author":{"gitId":"xiaotong0329"},"content":"    }","lastModifiedDate":"2025-08-21T12:22:22","isFullCredit":false},{"lineNumber":13,"author":{"gitId":"xiaotong0329"},"content":"","lastModifiedDate":"2025-08-21T12:22:22","isFullCredit":false},{"lineNumber":14,"author":{"gitId":"xiaotong0329"},"content":"    public void markAsDone() {","lastModifiedDate":"2025-08-21T12:22:22","isFullCredit":false},{"lineNumber":15,"author":{"gitId":"xiaotong0329"},"content":"        isDone \u003d true;","lastModifiedDate":"2025-08-21T12:22:22","isFullCredit":false},{"lineNumber":16,"author":{"gitId":"xiaotong0329"},"content":"    }","lastModifiedDate":"2025-08-21T12:22:22","isFullCredit":false},{"lineNumber":17,"author":{"gitId":"xiaotong0329"},"content":"","lastModifiedDate":"2025-08-21T12:22:22","isFullCredit":false},{"lineNumber":18,"author":{"gitId":"xiaotong0329"},"content":"    public void markAsNotDone() {","lastModifiedDate":"2025-08-21T12:22:22","isFullCredit":false},{"lineNumber":19,"author":{"gitId":"xiaotong0329"},"content":"        isDone \u003d false;","lastModifiedDate":"2025-08-21T12:22:22","isFullCredit":false},{"lineNumber":20,"author":{"gitId":"xiaotong0329"},"content":"    }","lastModifiedDate":"2025-08-21T12:22:22","isFullCredit":false},{"lineNumber":21,"author":{"gitId":"xiaotong0329"},"content":"","lastModifiedDate":"2025-08-21T12:22:22","isFullCredit":false},{"lineNumber":22,"author":{"gitId":"xiaotong0329"},"content":"    @Override","lastModifiedDate":"2025-08-21T12:22:22","isFullCredit":false},{"lineNumber":23,"author":{"gitId":"xiaotong0329"},"content":"    public String toString() {","lastModifiedDate":"2025-08-21T12:22:22","isFullCredit":false},{"lineNumber":24,"author":{"gitId":"xiaotong0329"},"content":"        return getStatus() + \" \" + name;","lastModifiedDate":"2025-08-21T12:22:22","isFullCredit":false},{"lineNumber":25,"author":{"gitId":"xiaotong0329"},"content":"    }","lastModifiedDate":"2025-08-21T12:22:22","isFullCredit":false},{"lineNumber":26,"author":{"gitId":"xiaotong0329"},"content":"","lastModifiedDate":"2025-08-21T12:22:22","isFullCredit":false},{"lineNumber":27,"author":{"gitId":"xiaotong0329"},"content":"    public String toFileFormat() {","lastModifiedDate":"2025-08-27T21:31:59","isFullCredit":false},{"lineNumber":28,"author":{"gitId":"xiaotong0329"},"content":"        return \"T | \" + (isDone ? \"1\" : \"0\") + \" | \" + name;","lastModifiedDate":"2025-08-27T21:31:59","isFullCredit":false},{"lineNumber":29,"author":{"gitId":"xiaotong0329"},"content":"    }","lastModifiedDate":"2025-08-27T21:31:59","isFullCredit":false},{"lineNumber":30,"author":{"gitId":"xiaotong0329"},"content":"","lastModifiedDate":"2025-08-27T21:31:59","isFullCredit":false},{"lineNumber":31,"author":{"gitId":"xiaotong0329"},"content":"}","lastModifiedDate":"2025-08-21T12:22:22","isFullCredit":false},{"lineNumber":32,"author":{"gitId":"xiaotong0329"},"content":"","lastModifiedDate":"2025-08-21T12:22:22","isFullCredit":false},{"lineNumber":33,"author":{"gitId":"xiaotong0329"},"content":"","lastModifiedDate":"2025-08-21T12:22:22","isFullCredit":false}],"authorContributionMap":{"xiaotong0329":33}},{"path":"src/main/java/ToDo.java","fileType":"java","lines":[{"lineNumber":1,"author":{"gitId":"xiaotong0329"},"content":"public class ToDo extends Task{","lastModifiedDate":"2025-08-21T12:22:22","isFullCredit":false},{"lineNumber":2,"author":{"gitId":"xiaotong0329"},"content":"    public ToDo(String description) {","lastModifiedDate":"2025-08-21T12:22:22","isFullCredit":false},{"lineNumber":3,"author":{"gitId":"xiaotong0329"},"content":"        super(description);","lastModifiedDate":"2025-08-21T12:22:22","isFullCredit":false},{"lineNumber":4,"author":{"gitId":"xiaotong0329"},"content":"    }","lastModifiedDate":"2025-08-21T12:22:22","isFullCredit":false},{"lineNumber":5,"author":{"gitId":"xiaotong0329"},"content":"","lastModifiedDate":"2025-08-21T12:22:22","isFullCredit":false},{"lineNumber":6,"author":{"gitId":"xiaotong0329"},"content":"    @Override","lastModifiedDate":"2025-08-21T12:22:22","isFullCredit":false},{"lineNumber":7,"author":{"gitId":"xiaotong0329"},"content":"    public String toString() {","lastModifiedDate":"2025-08-21T12:22:22","isFullCredit":false},{"lineNumber":8,"author":{"gitId":"xiaotong0329"},"content":"        return \"[T]\" + super.toString();","lastModifiedDate":"2025-08-21T12:22:22","isFullCredit":false},{"lineNumber":9,"author":{"gitId":"xiaotong0329"},"content":"    }","lastModifiedDate":"2025-08-21T12:22:22","isFullCredit":false},{"lineNumber":10,"author":{"gitId":"xiaotong0329"},"content":"","lastModifiedDate":"2025-08-27T21:31:59","isFullCredit":false},{"lineNumber":11,"author":{"gitId":"xiaotong0329"},"content":"    @Override","lastModifiedDate":"2025-08-27T21:31:59","isFullCredit":false},{"lineNumber":12,"author":{"gitId":"xiaotong0329"},"content":"    public String toFileFormat() {","lastModifiedDate":"2025-08-27T21:31:59","isFullCredit":false},{"lineNumber":13,"author":{"gitId":"xiaotong0329"},"content":"        return \"T | \" + (isDone ? \"1\" : \"0\") + \" | \" + name;","lastModifiedDate":"2025-08-27T21:31:59","isFullCredit":false},{"lineNumber":14,"author":{"gitId":"xiaotong0329"},"content":"    }","lastModifiedDate":"2025-08-27T21:31:59","isFullCredit":false},{"lineNumber":15,"author":{"gitId":"xiaotong0329"},"content":"","lastModifiedDate":"2025-08-27T21:31:59","isFullCredit":false},{"lineNumber":16,"author":{"gitId":"xiaotong0329"},"content":"","lastModifiedDate":"2025-08-27T21:31:59","isFullCredit":false},{"lineNumber":17,"author":{"gitId":"xiaotong0329"},"content":"}","lastModifiedDate":"2025-08-21T12:22:22","isFullCredit":false}],"authorContributionMap":{"xiaotong0329":17}},{"path":"text-ui-test/input.txt","fileType":"txt","lines":[{"lineNumber":1,"author":{"gitId":"xiaotong0329"},"content":"todo borrow book","lastModifiedDate":"2025-08-21T12:51:18","isFullCredit":false},{"lineNumber":2,"author":{"gitId":"xiaotong0329"},"content":"deadline return book /by Sunday","lastModifiedDate":"2025-08-21T12:51:18","isFullCredit":false},{"lineNumber":3,"author":{"gitId":"xiaotong0329"},"content":"event project meeting /from Mon 2pm /to 4pm","lastModifiedDate":"2025-08-21T12:51:18","isFullCredit":false},{"lineNumber":4,"author":{"gitId":"xiaotong0329"},"content":"list","lastModifiedDate":"2025-08-21T12:51:18","isFullCredit":false},{"lineNumber":5,"author":{"gitId":"xiaotong0329"},"content":"mark 2","lastModifiedDate":"2025-08-21T12:51:18","isFullCredit":false},{"lineNumber":6,"author":{"gitId":"xiaotong0329"},"content":"list","lastModifiedDate":"2025-08-21T12:51:18","isFullCredit":false},{"lineNumber":7,"author":{"gitId":"xiaotong0329"},"content":"unmark 2","lastModifiedDate":"2025-08-21T12:51:18","isFullCredit":false},{"lineNumber":8,"author":{"gitId":"xiaotong0329"},"content":"list","lastModifiedDate":"2025-08-21T12:51:18","isFullCredit":false},{"lineNumber":9,"author":{"gitId":"xiaotong0329"},"content":"hi","lastModifiedDate":"2025-08-21T12:57:42","isFullCredit":false},{"lineNumber":10,"author":{"gitId":"xiaotong0329"},"content":"list","lastModifiedDate":"2025-08-21T13:48:46","isFullCredit":false},{"lineNumber":11,"author":{"gitId":"xiaotong0329"},"content":"delete 3","lastModifiedDate":"2025-08-21T13:48:46","isFullCredit":false},{"lineNumber":12,"author":{"gitId":"xiaotong0329"},"content":"list","lastModifiedDate":"2025-08-21T13:48:46","isFullCredit":false},{"lineNumber":13,"author":{"gitId":"xiaotong0329"},"content":"bye","lastModifiedDate":"2025-08-21T12:51:18","isFullCredit":false}],"authorContributionMap":{"xiaotong0329":13}},{"path":"text-ui-test/runtest.bat","fileType":"bat","lines":[{"lineNumber":1,"author":{"gitId":"-"},"content":"@ECHO OFF","lastModifiedDate":"2020-05-25T00:03:55","isFullCredit":false},{"lineNumber":2,"author":{"gitId":"-"},"content":"","lastModifiedDate":"2020-05-25T00:03:55","isFullCredit":false},{"lineNumber":3,"author":{"gitId":"-"},"content":"REM create bin directory if it doesn\u0027t exist","lastModifiedDate":"2020-05-25T00:03:55","isFullCredit":false},{"lineNumber":4,"author":{"gitId":"-"},"content":"if not exist ..\\bin mkdir ..\\bin","lastModifiedDate":"2020-05-25T00:03:55","isFullCredit":false},{"lineNumber":5,"author":{"gitId":"-"},"content":"","lastModifiedDate":"2020-05-25T00:03:55","isFullCredit":false},{"lineNumber":6,"author":{"gitId":"-"},"content":"REM delete output from previous run","lastModifiedDate":"2020-05-25T00:03:55","isFullCredit":false},{"lineNumber":7,"author":{"gitId":"-"},"content":"if exist ACTUAL.TXT del ACTUAL.TXT","lastModifiedDate":"2020-08-25T17:23:26","isFullCredit":false},{"lineNumber":8,"author":{"gitId":"-"},"content":"","lastModifiedDate":"2020-05-25T00:03:55","isFullCredit":false},{"lineNumber":9,"author":{"gitId":"-"},"content":"REM compile the code into the bin folder","lastModifiedDate":"2020-05-25T00:03:55","isFullCredit":false},{"lineNumber":10,"author":{"gitId":"-"},"content":"javac  -cp ..\\src\\main\\java -Xlint:none -d ..\\bin ..\\src\\main\\java\\*.java","lastModifiedDate":"2020-08-25T17:23:26","isFullCredit":false},{"lineNumber":11,"author":{"gitId":"-"},"content":"IF ERRORLEVEL 1 (","lastModifiedDate":"2020-05-25T00:03:55","isFullCredit":false},{"lineNumber":12,"author":{"gitId":"-"},"content":"    echo ********** BUILD FAILURE **********","lastModifiedDate":"2020-05-25T00:03:55","isFullCredit":false},{"lineNumber":13,"author":{"gitId":"-"},"content":"    exit /b 1","lastModifiedDate":"2020-05-25T00:03:55","isFullCredit":false},{"lineNumber":14,"author":{"gitId":"-"},"content":")","lastModifiedDate":"2020-05-25T00:03:55","isFullCredit":false},{"lineNumber":15,"author":{"gitId":"-"},"content":"REM no error here, errorlevel \u003d\u003d 0","lastModifiedDate":"2020-05-25T00:03:55","isFullCredit":false},{"lineNumber":16,"author":{"gitId":"-"},"content":"","lastModifiedDate":"2020-05-25T00:03:55","isFullCredit":false},{"lineNumber":17,"author":{"gitId":"-"},"content":"REM run the program, feed commands from input.txt file and redirect the output to the ACTUAL.TXT","lastModifiedDate":"2020-05-25T00:03:55","isFullCredit":false},{"lineNumber":18,"author":{"gitId":"xiaotong0329"},"content":"java -classpath ..\\bin Meeseeks \u003c input.txt \u003e ACTUAL.TXT","lastModifiedDate":"2025-08-20T22:47:42","isFullCredit":false},{"lineNumber":19,"author":{"gitId":"-"},"content":"","lastModifiedDate":"2020-05-25T00:03:55","isFullCredit":false},{"lineNumber":20,"author":{"gitId":"-"},"content":"REM compare the output to the expected output","lastModifiedDate":"2020-05-25T00:03:55","isFullCredit":false},{"lineNumber":21,"author":{"gitId":"-"},"content":"FC ACTUAL.TXT EXPECTED.TXT","lastModifiedDate":"2020-05-25T00:03:55","isFullCredit":false}],"authorContributionMap":{"xiaotong0329":1,"-":20}},{"path":"text-ui-test/runtest.sh","fileType":"sh","lines":[{"lineNumber":1,"author":{"gitId":"-"},"content":"#!/usr/bin/env bash","lastModifiedDate":"2020-05-25T00:03:55","isFullCredit":false},{"lineNumber":2,"author":{"gitId":"-"},"content":"","lastModifiedDate":"2020-05-25T00:03:55","isFullCredit":false},{"lineNumber":3,"author":{"gitId":"-"},"content":"# create bin directory if it doesn\u0027t exist","lastModifiedDate":"2020-05-25T00:03:55","isFullCredit":false},{"lineNumber":4,"author":{"gitId":"-"},"content":"if [ ! -d \"../bin\" ]","lastModifiedDate":"2020-05-25T00:03:55","isFullCredit":false},{"lineNumber":5,"author":{"gitId":"-"},"content":"then","lastModifiedDate":"2020-05-25T00:03:55","isFullCredit":false},{"lineNumber":6,"author":{"gitId":"-"},"content":"    mkdir ../bin","lastModifiedDate":"2020-05-25T00:03:55","isFullCredit":false},{"lineNumber":7,"author":{"gitId":"-"},"content":"fi","lastModifiedDate":"2020-05-25T00:03:55","isFullCredit":false},{"lineNumber":8,"author":{"gitId":"-"},"content":"","lastModifiedDate":"2020-05-25T00:03:55","isFullCredit":false},{"lineNumber":9,"author":{"gitId":"-"},"content":"# delete output from previous run","lastModifiedDate":"2020-05-25T00:03:55","isFullCredit":false},{"lineNumber":10,"author":{"gitId":"-"},"content":"if [ -e \"./ACTUAL.TXT\" ]","lastModifiedDate":"2020-05-25T00:03:55","isFullCredit":false},{"lineNumber":11,"author":{"gitId":"-"},"content":"then","lastModifiedDate":"2020-05-25T00:03:55","isFullCredit":false},{"lineNumber":12,"author":{"gitId":"-"},"content":"    rm ACTUAL.TXT","lastModifiedDate":"2020-05-25T00:03:55","isFullCredit":false},{"lineNumber":13,"author":{"gitId":"-"},"content":"fi","lastModifiedDate":"2020-05-25T00:03:55","isFullCredit":false},{"lineNumber":14,"author":{"gitId":"-"},"content":"","lastModifiedDate":"2020-05-25T00:03:55","isFullCredit":false},{"lineNumber":15,"author":{"gitId":"-"},"content":"# compile the code into the bin folder, terminates if error occurred","lastModifiedDate":"2020-05-25T00:03:55","isFullCredit":false},{"lineNumber":16,"author":{"gitId":"-"},"content":"if ! javac -cp ../src/main/java -Xlint:none -d ../bin ../src/main/java/*.java","lastModifiedDate":"2020-08-25T17:23:26","isFullCredit":false},{"lineNumber":17,"author":{"gitId":"-"},"content":"then","lastModifiedDate":"2020-05-25T00:03:55","isFullCredit":false},{"lineNumber":18,"author":{"gitId":"-"},"content":"    echo \"********** BUILD FAILURE **********\"","lastModifiedDate":"2020-05-25T00:03:55","isFullCredit":false},{"lineNumber":19,"author":{"gitId":"-"},"content":"    exit 1","lastModifiedDate":"2020-05-25T00:03:55","isFullCredit":false},{"lineNumber":20,"author":{"gitId":"-"},"content":"fi","lastModifiedDate":"2020-05-25T00:03:55","isFullCredit":false},{"lineNumber":21,"author":{"gitId":"-"},"content":"","lastModifiedDate":"2020-05-25T00:03:55","isFullCredit":false},{"lineNumber":22,"author":{"gitId":"-"},"content":"# run the program, feed commands from input.txt file and redirect the output to the ACTUAL.TXT","lastModifiedDate":"2020-05-25T00:03:55","isFullCredit":false},{"lineNumber":23,"author":{"gitId":"xiaotong0329"},"content":"java -classpath ../bin Meeseeks \u003c input.txt \u003e ACTUAL.TXT","lastModifiedDate":"2025-08-21T12:51:18","isFullCredit":false},{"lineNumber":24,"author":{"gitId":"-"},"content":"","lastModifiedDate":"2020-05-25T00:03:55","isFullCredit":false},{"lineNumber":25,"author":{"gitId":"-"},"content":"# convert to UNIX format","lastModifiedDate":"2020-05-25T00:03:55","isFullCredit":false},{"lineNumber":26,"author":{"gitId":"-"},"content":"cp EXPECTED.TXT EXPECTED-UNIX.TXT","lastModifiedDate":"2020-05-25T00:03:55","isFullCredit":false},{"lineNumber":27,"author":{"gitId":"-"},"content":"dos2unix ACTUAL.TXT EXPECTED-UNIX.TXT","lastModifiedDate":"2020-05-25T00:03:55","isFullCredit":false},{"lineNumber":28,"author":{"gitId":"-"},"content":"","lastModifiedDate":"2020-05-25T00:03:55","isFullCredit":false},{"lineNumber":29,"author":{"gitId":"-"},"content":"# compare the output to the expected output","lastModifiedDate":"2020-05-25T00:03:55","isFullCredit":false},{"lineNumber":30,"author":{"gitId":"-"},"content":"diff ACTUAL.TXT EXPECTED-UNIX.TXT","lastModifiedDate":"2020-05-25T00:03:55","isFullCredit":false},{"lineNumber":31,"author":{"gitId":"-"},"content":"if [ $? -eq 0 ]","lastModifiedDate":"2020-05-25T00:03:55","isFullCredit":false},{"lineNumber":32,"author":{"gitId":"-"},"content":"then","lastModifiedDate":"2020-05-25T00:03:55","isFullCredit":false},{"lineNumber":33,"author":{"gitId":"-"},"content":"    echo \"Test result: PASSED\"","lastModifiedDate":"2020-05-25T00:03:55","isFullCredit":false},{"lineNumber":34,"author":{"gitId":"-"},"content":"    exit 0","lastModifiedDate":"2020-05-25T00:03:55","isFullCredit":false},{"lineNumber":35,"author":{"gitId":"-"},"content":"else","lastModifiedDate":"2020-05-25T00:03:55","isFullCredit":false},{"lineNumber":36,"author":{"gitId":"-"},"content":"    echo \"Test result: FAILED\"","lastModifiedDate":"2020-05-25T00:03:55","isFullCredit":false},{"lineNumber":37,"author":{"gitId":"-"},"content":"    exit 1","lastModifiedDate":"2020-05-25T00:03:55","isFullCredit":false},{"lineNumber":38,"author":{"gitId":"-"},"content":"fi","lastModifiedDate":"2020-05-25T00:03:55","isFullCredit":false}],"authorContributionMap":{"xiaotong0329":1,"-":37}}]
