{"authorDailyContributionsMap":{"yihao03":[{"date":"2025-08-17T00:00:00","commitResults":[{"hash":"bef1ac7324d8c35e6d49475f1581c3c963ac12cf","isMergeCommit":false,"messageTitle":"rename duke to dumpy and initial implementation","messageBody":"","fileTypesAndContributionMap":{"java":{"insertions":42,"deletions":10}}},{"hash":"34521a3113437455563a33b5122163ee9277941c","isMergeCommit":false,"messageTitle":"undo implementation to fulfil level 0","messageBody":"","tags":["Level-0"],"fileTypesAndContributionMap":{"java":{"insertions":18,"deletions":13}}},{"hash":"374bf792df820293ee1a31a65f9b00eba4429f97","isMergeCommit":false,"messageTitle":"implement echoing","messageBody":"","tags":["Level-1"],"fileTypesAndContributionMap":{"java":{"insertions":13,"deletions":18}}},{"hash":"791f7d892f3ee97b4cfb61a9f73f63b308f42cd5","isMergeCommit":false,"messageTitle":"chore: update READNE","messageBody":"","fileTypesAndContributionMap":{"md":{"insertions":13,"deletions":21}}}]},{"date":"2025-08-20T00:00:00","commitResults":[{"hash":"3e59ec400d56d198dbd4118694812c0c3e1c8ab6","isMergeCommit":false,"messageTitle":"feat: add todo and task classes","messageBody":"","fileTypesAndContributionMap":{"java":{"insertions":60,"deletions":0}}},{"hash":"5e0a4ae3867b504cfdc81e166e04bd8009e2b7a0","isMergeCommit":false,"messageTitle":"feat: add add and list feature","messageBody":"","tags":["Level-2"],"fileTypesAndContributionMap":{"java":{"insertions":9,"deletions":1}}},{"hash":"e1566d9ac2eac120c8808d042875a124b9dde279","isMergeCommit":false,"messageTitle":"add to do status support","messageBody":"","fileTypesAndContributionMap":{"java":{"insertions":20,"deletions":2}}},{"hash":"26612da5405eff9c6075afa1f474cefc37430017","isMergeCommit":false,"messageTitle":"feat: add exception for marking out of list","messageBody":"","fileTypesAndContributionMap":{"java":{"insertions":15,"deletions":0}}},{"hash":"6cb02e6ef4b0309fa10ea6681010db2a11dc3d9a","isMergeCommit":false,"messageTitle":"feat: add toggle todo support to the application","messageBody":"","tags":["Level-3"],"fileTypesAndContributionMap":{"java":{"insertions":24,"deletions":11}}},{"hash":"c8c8372dabfd0ec01cf7f4d7a73f45440be718fe","isMergeCommit":false,"messageTitle":"add different task types","messageBody":"","fileTypesAndContributionMap":{"java":{"insertions":128,"deletions":0}}},{"hash":"9eac29d60f807e8c29297d59b4463693817b7417","isMergeCommit":false,"messageTitle":"chore: refactor Task to add more task types","messageBody":"","fileTypesAndContributionMap":{"java":{"insertions":0,"deletions":26}}},{"hash":"fcfab33b2a8441fd974ef326948e60a1787225a0","isMergeCommit":false,"messageTitle":"feat: add datetime utility class to manage datetime","messageBody":"","fileTypesAndContributionMap":{"java":{"insertions":29,"deletions":0}}},{"hash":"d5e4c88d6bc0131fdaa92b254c72cf68f6194e0c","isMergeCommit":false,"messageTitle":"feat: add support for different task types","messageBody":"","fileTypesAndContributionMap":{"java":{"insertions":31,"deletions":29}}},{"hash":"403976011f5ecc0557dbe1a97db0ac5030baf8ce","isMergeCommit":false,"messageTitle":"feat: add datetime validation","messageBody":"","tags":["Level-5"],"fileTypesAndContributionMap":{"java":{"insertions":13,"deletions":8}}},{"hash":"44be11f41838f8b9402ec368879c8b8facecb003","isMergeCommit":false,"messageTitle":"fix: update deadlinetask prompt","messageBody":"","fileTypesAndContributionMap":{"java":{"insertions":1,"deletions":1}}},{"hash":"92b173ada65f83b25468a3dfec896df19255398b","isMergeCommit":false,"messageTitle":"fix: restore ability to mark task","messageBody":"","tags":["Level-4"],"fileTypesAndContributionMap":{"java":{"insertions":33,"deletions":22}}},{"hash":"57b3be0ea291c99b7050694fbed7f382d1cef3fe","isMergeCommit":false,"messageTitle":"feat: add utility class IO to manage all input","messageBody":"","fileTypesAndContributionMap":{"java":{"insertions":19,"deletions":0}}},{"hash":"7a20ae308d4df63d65fd25a9f42b14e66d7bb44e","isMergeCommit":false,"messageTitle":"chore: refactor all input to use utilities.IO","messageBody":"","fileTypesAndContributionMap":{"java":{"insertions":33,"deletions":35}}},{"hash":"e8bd38fdc00c1214f2c921c707d2e20333d23c97","isMergeCommit":false,"messageTitle":"chore: remove unused import","messageBody":"","fileTypesAndContributionMap":{"java":{"insertions":0,"deletions":2}}},{"hash":"8bc14bdb6c8bc2b35f47b2c0137cdac7959fcc0e","isMergeCommit":false,"messageTitle":"fix: remove redundant \u003e sign","messageBody":"","fileTypesAndContributionMap":{"java":{"insertions":2,"deletions":2}}},{"hash":"d53a6126bcdf0b5d8ef45c497f5f111fd6f28342","isMergeCommit":false,"messageTitle":"fix: remove redundant \u003e sign","messageBody":"","fileTypesAndContributionMap":{"java":{"insertions":0,"deletions":1}}},{"hash":"8da565382c492582c3893ea560936c5e3ce83fc1","isMergeCommit":false,"messageTitle":"fix: remove redundant line break","messageBody":"","fileTypesAndContributionMap":{"java":{"insertions":1,"deletions":4}}},{"hash":"1e30ff42557dcb420be55a10aab24b0ce98d0cd6","isMergeCommit":false,"messageTitle":"fix: remove redundant linebreak","messageBody":"","fileTypesAndContributionMap":{"java":{"insertions":1,"deletions":1}}},{"hash":"1f97f28e7decfaa1e38efad253d7f961e240c968","isMergeCommit":false,"messageTitle":"feat: add printing of input when running tests","messageBody":"","fileTypesAndContributionMap":{"java":{"insertions":6,"deletions":1}}},{"hash":"0c2f4270653ac8aa8cec6599640e8fd9f8fde791","isMergeCommit":false,"messageTitle":"chore: add SUT","messageBody":"","tags":["A-TextUiTesting"],"fileTypesAndContributionMap":{"txt":{"insertions":22,"deletions":0},"sh":{"insertions":17,"deletions":18}}},{"hash":"162c2993347d28f01ec1d2e8cf2f0a899fd7c2cd","isMergeCommit":false,"messageTitle":"feat: overload readLine to support prompt","messageBody":"","fileTypesAndContributionMap":{"java":{"insertions":5,"deletions":0}}},{"hash":"ca11346583e540a8e6462def2705c581175f2b71","isMergeCommit":false,"messageTitle":"feat: add delete task support","messageBody":"","tags":["Level-6"],"fileTypesAndContributionMap":{"java":{"insertions":30,"deletions":0}}},{"hash":"a0e51e9d55fce90b759aa8bb005386a2b0f74118","isMergeCommit":false,"messageTitle":"feat: increased separator length","messageBody":"","fileTypesAndContributionMap":{"java":{"insertions":1,"deletions":1}}}]},{"date":"2025-08-26T00:00:00","commitResults":[{"hash":"1ef4cea5488efb5c293270856b6c9ebf28b97a74","isMergeCommit":false,"messageTitle":"chore: update to match formatting conventions","messageBody":"","fileTypesAndContributionMap":{"java":{"insertions":274,"deletions":278}}},{"hash":"b8f644d063431e93e6edf4ef799915b56505bdbc","isMergeCommit":false,"messageTitle":"feat: add file save support","messageBody":"","fileTypesAndContributionMap":{"java":{"insertions":163,"deletions":36}}}]},{"date":"2025-08-27T00:00:00","commitResults":[{"hash":"3232e067ffca7bb5d78c9cdd567f5bf83a881f6c","isMergeCommit":false,"messageTitle":"feat: move encoding logic to task","messageBody":"","fileTypesAndContributionMap":{"java":{"insertions":40,"deletions":20}}},{"hash":"0eb2ea92cc0976c4fb139b25de2f0d6b36caf150","isMergeCommit":false,"messageTitle":"feat: save file when exit","messageBody":"","fileTypesAndContributionMap":{"java":{"insertions":21,"deletions":4}}},{"hash":"692707f9e4823b0e06ecd7e1d101c22bdab19cd5","isMergeCommit":false,"messageTitle":"chore: refactor Chat to its own class","messageBody":"","tags":["Level-7"],"fileTypesAndContributionMap":{"java":{"insertions":64,"deletions":55}}},{"hash":"b5ed24712f858caf0491755d36ed2105a137c7b7","isMergeCommit":false,"messageTitle":"feat: make output format more human readable","messageBody":"","fileTypesAndContributionMap":{"java":{"insertions":8,"deletions":5}}},{"hash":"6ac38e9fb7c06e35f521f64a3f888580e1c8024f","isMergeCommit":false,"messageTitle":"feat: print tasks due soon upon loading up the bot","messageBody":"","fileTypesAndContributionMap":{"java":{"insertions":63,"deletions":11}}},{"hash":"6f23f6641a0b34b363150eecf7828b9efae2a89b","isMergeCommit":false,"messageTitle":"fix: update is due soon logic","messageBody":"","fileTypesAndContributionMap":{"java":{"insertions":11,"deletions":7}}},{"hash":"0bb18397afc0bd3e98ae86331a969b37b39ce648","isMergeCommit":false,"messageTitle":"chore: refactor list due soon to a function","messageBody":"","fileTypesAndContributionMap":{"java":{"insertions":20,"deletions":0}}},{"hash":"8b4143029f95925a87670622e54c6e2ba1e8f09b","isMergeCommit":false,"messageTitle":"fix: bug fixes","messageBody":"","tags":["Level-8"],"fileTypesAndContributionMap":{"java":{"insertions":10,"deletions":13}}},{"hash":"82952bdc9f63948e6bc17703dabc330d6c2dc805","isMergeCommit":true,"messageTitle":"Merge branch \u0027add-gradle-support\u0027 into A-Gradle","messageBody":"","fileTypesAndContributionMap":{}},{"hash":"175efb36baaf9ca570dc4edbd50b419b96b2e091","isMergeCommit":false,"messageTitle":"fix: update window test script","messageBody":"","fileTypesAndContributionMap":{"bat":{"insertions":1,"deletions":1}}},{"hash":"9a2f3b9812556cc4948bc48087116df66b03bfc3","isMergeCommit":false,"messageTitle":"fix: update class name","messageBody":"","fileTypesAndContributionMap":{"gradle":{"insertions":2,"deletions":2}}},{"hash":"7f0e50689cba52146d1afee1634c87b94d77d897","isMergeCommit":true,"messageTitle":"Merge branch \u0027A-Gradle\u0027","messageBody":"","tags":["A-Gradle"],"fileTypesAndContributionMap":{}},{"hash":"e57af58d0ceddd1d5d43e75bc7afccc977709e83","isMergeCommit":false,"messageTitle":"chore: refactor listing to standalone method","messageBody":"","fileTypesAndContributionMap":{"java":{"insertions":38,"deletions":15}}},{"hash":"83383ba28dfc60991679913231f819332cfc8963","isMergeCommit":false,"messageTitle":"feat: refactor for cleaner switch case","messageBody":"","tags":["Level-9"],"fileTypesAndContributionMap":{"java":{"insertions":104,"deletions":49}}},{"hash":"38d348d886a147d869bbf869ead8d10dbbcfd556","isMergeCommit":false,"messageTitle":"chore: added comments","messageBody":"","tags":["A-Packages","A-MoreOOP","A-JavaDoc","A-Jar"],"fileTypesAndContributionMap":{"java":{"insertions":429,"deletions":38}}},{"hash":"18a079352c6fef393e80428550586112f0e47df2","isMergeCommit":false,"messageTitle":"chore: add junit test","messageBody":"","tags":["A-JUnit"],"fileTypesAndContributionMap":{"java":{"insertions":335,"deletions":0}}},{"hash":"226c7bd0b28caf277f466651ee5f5c4b4e8508ca","isMergeCommit":false,"messageTitle":"chore: format test files","messageBody":"","fileTypesAndContributionMap":{"java":{"insertions":44,"deletions":27}}},{"hash":"5fd1c05f7e6fa6c72f318f2ea1dd47f476d2f34f","isMergeCommit":false,"messageTitle":"chore: format main files","messageBody":"","fileTypesAndContributionMap":{"java":{"insertions":50,"deletions":47}}},{"hash":"20142b1435e76032640422e9749274e149ccfe1e","isMergeCommit":false,"messageTitle":"feat: add checkstyle to gradle","messageBody":"","tags":["A-CodingStandard"],"fileTypesAndContributionMap":{"gradle":{"insertions":6,"deletions":0}}}]},{"date":"2025-09-03T00:00:00","commitResults":[{"hash":"39dbb7a2aba3cd428b65629d9017dad2ec395016","isMergeCommit":false,"messageTitle":"chore: fix according to PR comments","messageBody":"","fileTypesAndContributionMap":{"java":{"insertions":40,"deletions":20}}}]}]},"authorFileTypeContributionMap":{"yihao03":{"java":1445,"md":13,"fxml":0,"sh":8,"bat":1,"gradle":8,"txt":22}},"authorContributionVariance":{"yihao03":112316.87},"authorDisplayNameMap":{"yihao03":"CS2103T-W09-3 HON .. HAO"}}
