{"authorDailyContributionsMap":{"binghangc":[{"date":"2025-08-21T00:00:00","commitResults":[{"hash":"43aa9622f830d91fb2a69806a69065d6e08ac4f8","isMergeCommit":false,"messageTitle":"Rename main class and implement skeletal version","messageBody":"The chatbot was previously using the placeholder name Duke.\n\nRenamed the main class to Bingy to differentiate from other chatbots.\nAdd a greeting and exit message to establish a basic skeletal structure.\n","tags":["Level-0"],"fileTypesAndContributionMap":{"java":{"insertions":22,"deletions":10},"bat":{"insertions":1,"deletions":1},"md":{"insertions":3,"deletions":3}}},{"hash":"f9a9facf0b99a46573626b9804155561cf7dfa56","isMergeCommit":false,"messageTitle":"Add Bingy chatbot with greeting, echo, and exit","messageBody":"Implement a version of Bingy where bot echos whatever user inputted and\nexits gracefully when user inputs \"bye\".\n","tags":["Level-1"],"fileTypesAndContributionMap":{"java":{"insertions":11,"deletions":4}}},{"hash":"415ea70120016f57d9da1c6049906e798b3d8e22","isMergeCommit":false,"messageTitle":"Refactor chatbot into BingyBot class","messageBody":"Implementation previously contained the entire code within the main\nclass.\n\nSeparation of concerns help improve readability and makes it easier to\nmaintain code and add features in future\n","fileTypesAndContributionMap":{"java":{"insertions":52,"deletions":19}}},{"hash":"6c538f3c4488a0d6063bb476293ab44674833ee9","isMergeCommit":false,"messageTitle":"Add ability to add task and list tasks","messageBody":"Previously chatbot only echos user input. To meet Level 2 requirements,\nchatbot is now able to add task and list all tasks when user inputs\n\"list\"\n","tags":["Level-2"],"fileTypesAndContributionMap":{"java":{"insertions":33,"deletions":1}}},{"hash":"49351457db890e3ca64ea1d3ac2b341051c273b1","isMergeCommit":false,"messageTitle":"Ability to mark tasks as done or not","messageBody":"Previously, taskList is just a string array. To fully support boolean\nisDone for individual tasks, Task class is added and is encapsulated\nwithin taskList.\n","tags":["Level-3"],"fileTypesAndContributionMap":{"java":{"insertions":101,"deletions":13}}}]},{"date":"2025-08-22T00:00:00","commitResults":[{"hash":"33dc37ab746edf538e84d7875289e6550649a9a4","isMergeCommit":false,"messageTitle":"Add support for three types of tasks.","messageBody":"Previously only one task type is supported. Now ToDo, Deadline, and\nEvent tasks are implemented. Abstract parent class task is implemented to\nachieve inheritance of parent class of ToDo, Deadline, and Event tasks.\n","tags":["Level-4"],"fileTypesAndContributionMap":{"java":{"insertions":121,"deletions":25}}},{"hash":"b2afc0f76503bd67ed5f3aabb6f4037f7912bf86","isMergeCommit":false,"messageTitle":"Test using the I/O redirection technique","messageBody":"Automated testing for initiating different event types\n","tags":["A-TextUiTesting"],"fileTypesAndContributionMap":{"txt":{"insertions":4,"deletions":0},"sh":{"insertions":1,"deletions":1}}},{"hash":"03c84aa162ba55d3e71f425a6e09ebf9dbbf97dc","isMergeCommit":false,"messageTitle":"Error handling","messageBody":"Add error handling for invalid command input and empty deadline/event\ntimings. Previously unreadable long string of error message is thrown to\nusers, now error message is readable and provides action for users to\ntake to rectify input error.\n","tags":["Level-5"],"fileTypesAndContributionMap":{"java":{"insertions":69,"deletions":11}}},{"hash":"084b2feeb8fab21562dc910c57c78e821975e3c4","isMergeCommit":false,"messageTitle":"Support for deleting tasks","messageBody":"Previously tasks cannot be deleted. Implement task deletion along with\nerror handling.\n","tags":["Level-6"],"fileTypesAndContributionMap":{"java":{"insertions":14,"deletions":2}}}]}]},"authorFileTypeContributionMap":{"binghangc":{"java":348,"md":3,"fxml":0,"sh":1,"bat":1,"gradle":0,"txt":4}},"authorContributionVariance":{"binghangc":7894.2935},"authorDisplayNameMap":{"binghangc":"CS2103T-W08-2 CHOW..HANG"}}
