{"authorDailyContributionsMap":{"binghangc":[{"date":"2025-08-21T00:00:00","commitResults":[{"hash":"43aa9622f830d91fb2a69806a69065d6e08ac4f8","isMergeCommit":false,"messageTitle":"Rename main class and implement skeletal version","messageBody":"The chatbot was previously using the placeholder name Duke.\n\nRenamed the main class to Bingy to differentiate from other chatbots.\nAdd a greeting and exit message to establish a basic skeletal structure.\n","tags":["Level-0"],"fileTypesAndContributionMap":{"java":{"insertions":22,"deletions":10},"bat":{"insertions":1,"deletions":1},"md":{"insertions":3,"deletions":3}}},{"hash":"f9a9facf0b99a46573626b9804155561cf7dfa56","isMergeCommit":false,"messageTitle":"Add Bingy chatbot with greeting, echo, and exit","messageBody":"Implement a version of Bingy where bot echos whatever user inputted and\nexits gracefully when user inputs \"bye\".\n","tags":["Level-1"],"fileTypesAndContributionMap":{"java":{"insertions":11,"deletions":4}}},{"hash":"415ea70120016f57d9da1c6049906e798b3d8e22","isMergeCommit":false,"messageTitle":"Refactor chatbot into BingyBot class","messageBody":"Implementation previously contained the entire code within the main\nclass.\n\nSeparation of concerns help improve readability and makes it easier to\nmaintain code and add features in future\n","fileTypesAndContributionMap":{"java":{"insertions":52,"deletions":19}}},{"hash":"6c538f3c4488a0d6063bb476293ab44674833ee9","isMergeCommit":false,"messageTitle":"Add ability to add task and list tasks","messageBody":"Previously chatbot only echos user input. To meet Level 2 requirements,\nchatbot is now able to add task and list all tasks when user inputs\n\"list\"\n","tags":["Level-2"],"fileTypesAndContributionMap":{"java":{"insertions":33,"deletions":1}}},{"hash":"49351457db890e3ca64ea1d3ac2b341051c273b1","isMergeCommit":false,"messageTitle":"Ability to mark tasks as done or not","messageBody":"Previously, taskList is just a string array. To fully support boolean\nisDone for individual tasks, Task class is added and is encapsulated\nwithin taskList.\n","tags":["Level-3"],"fileTypesAndContributionMap":{"java":{"insertions":101,"deletions":13}}}]},{"date":"2025-08-22T00:00:00","commitResults":[{"hash":"33dc37ab746edf538e84d7875289e6550649a9a4","isMergeCommit":false,"messageTitle":"Add support for three types of tasks.","messageBody":"Previously only one task type is supported. Now ToDo, Deadline, and\nEvent tasks are implemented. Abstract parent class task is implemented to\nachieve inheritance of parent class of ToDo, Deadline, and Event tasks.\n","tags":["Level-4"],"fileTypesAndContributionMap":{"java":{"insertions":121,"deletions":25}}},{"hash":"b2afc0f76503bd67ed5f3aabb6f4037f7912bf86","isMergeCommit":false,"messageTitle":"Test using the I/O redirection technique","messageBody":"Automated testing for initiating different event types\n","tags":["A-TextUiTesting"],"fileTypesAndContributionMap":{"txt":{"insertions":4,"deletions":0},"sh":{"insertions":1,"deletions":1}}},{"hash":"03c84aa162ba55d3e71f425a6e09ebf9dbbf97dc","isMergeCommit":false,"messageTitle":"Error handling","messageBody":"Add error handling for invalid command input and empty deadline/event\ntimings. Previously unreadable long string of error message is thrown to\nusers, now error message is readable and provides action for users to\ntake to rectify input error.\n","tags":["Level-5"],"fileTypesAndContributionMap":{"java":{"insertions":69,"deletions":11}}},{"hash":"084b2feeb8fab21562dc910c57c78e821975e3c4","isMergeCommit":false,"messageTitle":"Support for deleting tasks","messageBody":"Previously tasks cannot be deleted. Implement task deletion along with\nerror handling.\n","tags":["Level-6"],"fileTypesAndContributionMap":{"java":{"insertions":14,"deletions":2}}}]},{"date":"2025-08-29T00:00:00","commitResults":[{"hash":"d2dc82897bf495cf4931a8f5548886d57775f8aa","isMergeCommit":false,"messageTitle":"Save lists and load them back","messageBody":"Previously lists data not saved when user closes program. Now user list\ndata is parsed through a txt file and inputed to an ArrayList.\n","fileTypesAndContributionMap":{"txt":{"insertions":3,"deletions":0},"java":{"insertions":513,"deletions":110}}},{"hash":"9f637ee9fc7bb842f386cc3217bcac035c79fff5","isMergeCommit":true,"messageTitle":"Merge Level-7 into master","messageBody":"","tags":["Level-7"],"fileTypesAndContributionMap":{}}]},{"date":"2025-08-31T00:00:00","commitResults":[{"hash":"eb3d0220f1e9eda305632b1dfb923a73c907af34","isMergeCommit":false,"messageTitle":"Refactor parser into a separate component","messageBody":"","fileTypesAndContributionMap":{"txt":{"insertions":1,"deletions":0},"java":{"insertions":7,"deletions":113}}},{"hash":"195428dd944627aabb2aafa64aa589fc5a46df95","isMergeCommit":false,"messageTitle":"Encapsulate LocalDate API into Deadline tasks","messageBody":"Previously deadline tasks stored deadlines as String. Deadline tasks now\nstore LocalDate as deadlines and Parser handles string and converts them\ninto LocalDate. Consequently, Storage now stores deadlines into ISO format\nfor loading deadline tasks, using an auxillary method toStorageString()\n  in Deadline task class.\n","tags":["Level-8"],"fileTypesAndContributionMap":{"txt":{"insertions":2,"deletions":0},"java":{"insertions":50,"deletions":23}}},{"hash":"d1b6288c8e9b027d3a7f5fc27af8dcc7e5418974","isMergeCommit":false,"messageTitle":"Abstract out Ui components into Ui.java","messageBody":"","tags":["A-Packages","A-MoreOOP"],"fileTypesAndContributionMap":{"txt":{"insertions":2,"deletions":2},"java":{"insertions":61,"deletions":55}}},{"hash":"6e564caa26b6b0e772bb1d6abfa868b97287a004","isMergeCommit":false,"messageTitle":"Organize the classes into suitable java packages","messageBody":"","fileTypesAndContributionMap":{"java":{"insertions":92,"deletions":33}}},{"hash":"4a7af2da8ab302693634203ede4bf75273bc3483","isMergeCommit":true,"messageTitle":"Merge remote-tracking branch \u0027origin/add-gradle-support\u0027","messageBody":"","fileTypesAndContributionMap":{}},{"hash":"fe46140f45255474fbcc8396e0b44c7b5e877cb8","isMergeCommit":false,"messageTitle":"Automate project builds using Gradle","messageBody":"","tags":["A-Gradle"],"fileTypesAndContributionMap":{"gradle":{"insertions":2,"deletions":2},"txt":{"insertions":1,"deletions":0}}},{"hash":"63c588dc1c279f0b45b3e13f779c3ff605666abd","isMergeCommit":false,"messageTitle":"Add JUnit tests","messageBody":"","tags":["A-JUnit"],"fileTypesAndContributionMap":{"txt":{"insertions":1,"deletions":1},"java":{"insertions":211,"deletions":66}}},{"hash":"5c8c377cec7d7694bb4c5d7f21ceb8f37f2be94f","isMergeCommit":false,"messageTitle":"JAR app release","messageBody":"Package app as an executable jar file for easy distribution.\n","tags":["A-Jar"],"fileTypesAndContributionMap":{"gradle":{"insertions":2,"deletions":2}}},{"hash":"9d4cf6608a925e414cc5e5f9dd2c6d1b61e925bf","isMergeCommit":false,"messageTitle":"Add JavaDoc comments","messageBody":"","tags":["A-JavaDoc"],"fileTypesAndContributionMap":{"java":{"insertions":321,"deletions":10}}}]},{"date":"2025-09-01T00:00:00","commitResults":[{"hash":"e49ac6b74bdb2941bc0d216cb1d134fc35dceb61","isMergeCommit":false,"messageTitle":"Follow CS2103T Coding Standard","messageBody":"","tags":["A-CodingStandard"],"fileTypesAndContributionMap":{"java":{"insertions":226,"deletions":192}}},{"hash":"2ff2f2470e8cd41dca386d45753574c859fd98de","isMergeCommit":true,"messageTitle":"Merge branch \u0027branch-A-CodingStandard\u0027","messageBody":"","fileTypesAndContributionMap":{}},{"hash":"cefcc0f3d6d004a1067943df6418b7e271e1a3b8","isMergeCommit":false,"messageTitle":"Fix JavaDoc to follow coding standard","messageBody":"","fileTypesAndContributionMap":{"java":{"insertions":46,"deletions":46}}},{"hash":"b5f03e32be5e49169f720f305817df0257c0fe8c","isMergeCommit":false,"messageTitle":"Add Find command","messageBody":"","tags":["Level-9"],"fileTypesAndContributionMap":{"txt":{"insertions":1,"deletions":0},"java":{"insertions":232,"deletions":179}}},{"hash":"bf0099236f61db916bcce4721cc322d40f6475aa","isMergeCommit":true,"messageTitle":"Merge branch \u0027branch-Level-9\u0027","messageBody":"","fileTypesAndContributionMap":{}}]},{"date":"2025-09-02T00:00:00","commitResults":[{"hash":"6e5797222be72bfbf7ac0fe56672bd8f718cc9cb","isMergeCommit":false,"messageTitle":"Use checkstyle","messageBody":"","tags":["A-Checkstyle"],"fileTypesAndContributionMap":{"gradle":{"insertions":5,"deletions":0},"java":{"insertions":178,"deletions":70}}}]}]},"authorFileTypeContributionMap":{"binghangc":{"java":1358,"md":3,"fxml":0,"sh":1,"bat":1,"gradle":7,"txt":12}},"authorContributionVariance":{"binghangc":81768.03},"authorDisplayNameMap":{"binghangc":"CS2103T-W08-2 CHOW..HANG"}}
