{"authorDailyContributionsMap":{"ZH22":[{"date":"2025-08-17T00:00:00","commitResults":[{"hash":"b170269e6687ca74d2d9f34dfc7fcb0df2aac863","isMergeCommit":false,"messageTitle":"Initial commit of other untracked files","messageBody":"","fileTypesAndContributionMap":{"bat":{"insertions":21,"deletions":21},"sh":{"insertions":37,"deletions":37},"md":{"insertions":62,"deletions":62}}},{"hash":"e00efc520361bb9040e951d7592b173fbcceb356","isMergeCommit":false,"messageTitle":"Renamed Duke to Nacho, Added Greeting and Exit","messageBody":"","tags":["Level-0"],"fileTypesAndContributionMap":{"java":{"insertions":12,"deletions":10}}},{"hash":"9f661281b7033da8d2142c924f8c304b8c562244","isMergeCommit":false,"messageTitle":"Added Echo Feature","messageBody":"","tags":["Level-1"],"fileTypesAndContributionMap":{"java":{"insertions":20,"deletions":1}}},{"hash":"ef21880d28571cd300e0d073a99f52037c909e1b","isMergeCommit":false,"messageTitle":"Added Add + List Feature","messageBody":"","tags":["Level-2"],"fileTypesAndContributionMap":{"java":{"insertions":31,"deletions":1}}}]},{"date":"2025-08-18T00:00:00","commitResults":[{"hash":"767cf49efbed0ef8d43ef67497c38f2629c110be","isMergeCommit":false,"messageTitle":"Added Task Class and mark/unmark feature","messageBody":"","tags":["Level-3"],"fileTypesAndContributionMap":{"java":{"insertions":86,"deletions":17}}},{"hash":"f9ade6af44f7c92df3f1fd6827da2f5290b2122f","isMergeCommit":false,"messageTitle":"Added Todo, Event, Deadline classes + Refactored Nacho with TaskList class and Switch Cases","messageBody":"","tags":["Level-4"],"fileTypesAndContributionMap":{"java":{"insertions":153,"deletions":59}}},{"hash":"8adfd7fdd5b5db77fb7c1055181b41b9ed93f497","isMergeCommit":false,"messageTitle":"Added tests for features till Level 4","messageBody":"","tags":["A-TextUiTesting"],"fileTypesAndContributionMap":{"txt":{"insertions":13,"deletions":0},"sh":{"insertions":37,"deletions":37}}}]},{"date":"2025-08-20T00:00:00","commitResults":[{"hash":"80c3be338e8dc7504cdaeb9bc68996fdb7dd3dc4","isMergeCommit":false,"messageTitle":"Stashing temporarily to move to correct fork","messageBody":"","fileTypesAndContributionMap":{"java":{"insertions":20,"deletions":0}}},{"hash":"880cf74a2a9fd741025328b741a29f5055c39484","isMergeCommit":true,"messageTitle":"Merge branch \u0027master\u0027 of https://github.com/ZH22/ip_24_25","messageBody":"","fileTypesAndContributionMap":{}}]},{"date":"2025-08-21T00:00:00","commitResults":[{"hash":"3b444521a1d7cef3ff1efdba4ab05988916c25ab","isMergeCommit":false,"messageTitle":"more updates to transfer","messageBody":"","fileTypesAndContributionMap":{"java":{"insertions":0,"deletions":8}}},{"hash":"8e1392a0cb5c69ced0766311a1108f2abc8aae3f","isMergeCommit":false,"messageTitle":"Refactored Command Handling to (Command, Context, Dispatcher)","messageBody":"","fileTypesAndContributionMap":{"java":{"insertions":174,"deletions":115}}},{"hash":"52221589d401e81c0872a40bb09b3af0ecdfa1fe","isMergeCommit":true,"messageTitle":"used wrong version lol","messageBody":"","fileTypesAndContributionMap":{}}]},{"date":"2025-08-22T00:00:00","commitResults":[{"hash":"13d46141de3257d534519725fe2c1f280d8ae4d4","isMergeCommit":false,"messageTitle":"Added Exception handling in Dispatcher, with messages thrown from respective command classes","messageBody":"","tags":["Level-5"],"fileTypesAndContributionMap":{"java":{"insertions":59,"deletions":11}}},{"hash":"86628d283105ff404a0386d8d5661cf58c8ce709","isMergeCommit":false,"messageTitle":"Added Delete feature. Refactored tasklist to use ArrayList","messageBody":"","tags":["Level-6"],"fileTypesAndContributionMap":{"txt":{"insertions":13,"deletions":3},"java":{"insertions":42,"deletions":13}}}]}]},"authorFileTypeContributionMap":{"ZH22":{"java":380,"md":0,"fxml":0,"sh":2,"bat":0,"gradle":0,"txt":23}},"authorContributionVariance":{"ZH22":18485.156},"authorDisplayNameMap":{"ZH22":"CS2103T-F11-4 OOI .. HAO"}}
