[{"path":"src/main/java/Deadline.java","fileType":"java","lines":[{"lineNumber":1,"author":{"gitId":"coberculidae"},"content":"public class Deadline extends Task{","lastModifiedDate":"2025-08-15T00:47:23","isFullCredit":false},{"lineNumber":2,"author":{"gitId":"coberculidae"},"content":"    String deadline;","lastModifiedDate":"2025-08-15T00:47:23","isFullCredit":false},{"lineNumber":3,"author":{"gitId":"coberculidae"},"content":"","lastModifiedDate":"2025-08-15T00:47:23","isFullCredit":false},{"lineNumber":4,"author":{"gitId":"coberculidae"},"content":"    public Deadline(String text, String deadline) {","lastModifiedDate":"2025-08-15T00:47:23","isFullCredit":false},{"lineNumber":5,"author":{"gitId":"coberculidae"},"content":"        super(text);","lastModifiedDate":"2025-08-15T00:47:23","isFullCredit":false},{"lineNumber":6,"author":{"gitId":"coberculidae"},"content":"        this.deadline \u003d deadline;","lastModifiedDate":"2025-08-15T00:47:23","isFullCredit":false},{"lineNumber":7,"author":{"gitId":"coberculidae"},"content":"    }","lastModifiedDate":"2025-08-15T00:47:23","isFullCredit":false},{"lineNumber":8,"author":{"gitId":"coberculidae"},"content":"","lastModifiedDate":"2025-08-15T00:47:23","isFullCredit":false},{"lineNumber":9,"author":{"gitId":"coberculidae"},"content":"    @Override","lastModifiedDate":"2025-08-15T00:47:23","isFullCredit":false},{"lineNumber":10,"author":{"gitId":"coberculidae"},"content":"    public String toString() {","lastModifiedDate":"2025-08-15T00:47:23","isFullCredit":false},{"lineNumber":11,"author":{"gitId":"coberculidae"},"content":"        String mark \u003d isDone ? \"X\" : \" \";","lastModifiedDate":"2025-08-15T00:47:23","isFullCredit":false},{"lineNumber":12,"author":{"gitId":"coberculidae"},"content":"        return \"[D][\" + mark + \"] \" + description + \" (by: \" + this.deadline + \")\";","lastModifiedDate":"2025-08-15T00:47:23","isFullCredit":false},{"lineNumber":13,"author":{"gitId":"coberculidae"},"content":"    }","lastModifiedDate":"2025-08-15T00:47:23","isFullCredit":false},{"lineNumber":14,"author":{"gitId":"coberculidae"},"content":"}","lastModifiedDate":"2025-08-15T00:47:23","isFullCredit":false}],"authorContributionMap":{"coberculidae":14}},{"path":"src/main/java/Event.java","fileType":"java","lines":[{"lineNumber":1,"author":{"gitId":"coberculidae"},"content":"public class Event extends Task{","lastModifiedDate":"2025-08-15T00:47:23","isFullCredit":false},{"lineNumber":2,"author":{"gitId":"coberculidae"},"content":"    String from;","lastModifiedDate":"2025-08-15T00:47:23","isFullCredit":false},{"lineNumber":3,"author":{"gitId":"coberculidae"},"content":"    String to;","lastModifiedDate":"2025-08-15T00:47:23","isFullCredit":false},{"lineNumber":4,"author":{"gitId":"coberculidae"},"content":"","lastModifiedDate":"2025-08-15T00:47:23","isFullCredit":false},{"lineNumber":5,"author":{"gitId":"coberculidae"},"content":"    public Event(String text, String from, String to) {","lastModifiedDate":"2025-08-15T00:47:23","isFullCredit":false},{"lineNumber":6,"author":{"gitId":"coberculidae"},"content":"        super(text);","lastModifiedDate":"2025-08-15T00:47:23","isFullCredit":false},{"lineNumber":7,"author":{"gitId":"coberculidae"},"content":"        this.from \u003d from;","lastModifiedDate":"2025-08-15T00:47:23","isFullCredit":false},{"lineNumber":8,"author":{"gitId":"coberculidae"},"content":"        this.to \u003d to;","lastModifiedDate":"2025-08-15T00:47:23","isFullCredit":false},{"lineNumber":9,"author":{"gitId":"coberculidae"},"content":"    }","lastModifiedDate":"2025-08-15T00:47:23","isFullCredit":false},{"lineNumber":10,"author":{"gitId":"coberculidae"},"content":"","lastModifiedDate":"2025-08-15T00:47:23","isFullCredit":false},{"lineNumber":11,"author":{"gitId":"coberculidae"},"content":"    @Override","lastModifiedDate":"2025-08-15T00:47:23","isFullCredit":false},{"lineNumber":12,"author":{"gitId":"coberculidae"},"content":"    public String toString() {","lastModifiedDate":"2025-08-15T00:47:23","isFullCredit":false},{"lineNumber":13,"author":{"gitId":"coberculidae"},"content":"        String mark \u003d isDone ? \"X\" : \" \";","lastModifiedDate":"2025-08-15T00:47:23","isFullCredit":false},{"lineNumber":14,"author":{"gitId":"coberculidae"},"content":"        return \"[E][\" + mark + \"] \" + description + \" from: \" + from + \" to: \" + to;","lastModifiedDate":"2025-08-15T00:47:23","isFullCredit":false},{"lineNumber":15,"author":{"gitId":"coberculidae"},"content":"    }","lastModifiedDate":"2025-08-15T00:47:23","isFullCredit":false},{"lineNumber":16,"author":{"gitId":"coberculidae"},"content":"}","lastModifiedDate":"2025-08-15T00:47:23","isFullCredit":false}],"authorContributionMap":{"coberculidae":16}},{"path":"src/main/java/Meo.java","fileType":"java","lines":[{"lineNumber":1,"author":{"gitId":"coberculidae"},"content":"import java.util.Scanner;","lastModifiedDate":"2025-08-13T16:49:49","isFullCredit":false},{"lineNumber":2,"author":{"gitId":"coberculidae"},"content":"","lastModifiedDate":"2025-08-13T16:49:49","isFullCredit":false},{"lineNumber":3,"author":{"gitId":"coberculidae"},"content":"public class Meo {","lastModifiedDate":"2025-08-13T16:34:19","isFullCredit":false},{"lineNumber":4,"author":{"gitId":"coberculidae"},"content":"    public static void main(String[] args) {","lastModifiedDate":"2025-08-13T16:34:19","isFullCredit":false},{"lineNumber":5,"author":{"gitId":"coberculidae"},"content":"        String divider \u003d \"ฅ^•ﻌ•^ฅ ฅ^•ﻌ•^ฅ ฅ^•ﻌ•^ฅ ฅ^•ﻌ•^ฅ\";","lastModifiedDate":"2025-08-15T03:08:14","isFullCredit":false},{"lineNumber":6,"author":{"gitId":"coberculidae"},"content":"        Scanner myObj \u003d new Scanner(System.in);","lastModifiedDate":"2025-08-13T16:49:49","isFullCredit":false},{"lineNumber":7,"author":{"gitId":"coberculidae"},"content":"        String echo \u003d \"\";","lastModifiedDate":"2025-08-13T16:49:49","isFullCredit":false},{"lineNumber":8,"author":{"gitId":"coberculidae"},"content":"        TextList textList \u003d new TextList();","lastModifiedDate":"2025-08-13T17:04:36","isFullCredit":false},{"lineNumber":9,"author":{"gitId":"coberculidae"},"content":"        int index \u003d 0;","lastModifiedDate":"2025-08-13T17:04:36","isFullCredit":false},{"lineNumber":10,"author":{"gitId":"coberculidae"},"content":"        String cat \u003d \"      ⢀⣿⡀⠀⠀⠀⠀⠀⠀⠀⠀\\n\" +","lastModifiedDate":"2025-08-15T03:08:14","isFullCredit":false},{"lineNumber":11,"author":{"gitId":"coberculidae"},"content":"                \"⠀⠀⠀⠀⠀⢀⣾⣿⡇⠀⠀⠀⠀⠀⢀⣼⡇\\n\" +","lastModifiedDate":"2025-08-13T16:34:19","isFullCredit":false},{"lineNumber":12,"author":{"gitId":"coberculidae"},"content":"                \"⠀⠀⠀⠀⠀⣸⣿⣿⡇⠀⠀⠀⠀⣴⣿⣿⠃\\n\" +","lastModifiedDate":"2025-08-13T16:34:19","isFullCredit":false},{"lineNumber":13,"author":{"gitId":"coberculidae"},"content":"                \"⠀⠀⠀⠀⢠⣿⣿⣿⣇⠀⠀⢀⣾⣿⣿⣿⠀\\n\" +","lastModifiedDate":"2025-08-13T16:34:19","isFullCredit":false},{"lineNumber":14,"author":{"gitId":"coberculidae"},"content":"                \"⠀⠀⠀⣴⣿⣿⣿⣿⣿⣿⣷⣿⣿⣿⣿⡟⠀\\n\" +","lastModifiedDate":"2025-08-13T16:34:19","isFullCredit":false},{"lineNumber":15,"author":{"gitId":"coberculidae"},"content":"                \"⠀⠀⢰⡿⠉⠀⡜⣿⣿⣿⡿⠿⢿⣿⣿⠃⠀\\n\" +","lastModifiedDate":"2025-08-13T16:34:19","isFullCredit":false},{"lineNumber":16,"author":{"gitId":"coberculidae"},"content":"                \"⠒⠒⠸⣿⣄⡘⣃⣿⣿⡟⢰⠃⠀⢹⣿⡇⠀\\n\" +","lastModifiedDate":"2025-08-13T16:34:19","isFullCredit":false},{"lineNumber":17,"author":{"gitId":"coberculidae"},"content":"                \"⠚⠉⠀⠈⠻⣿⣿⣿⣿⣿⣮⣤⣤⣿⡟⠁⠀\\n\" +","lastModifiedDate":"2025-08-13T16:34:19","isFullCredit":false},{"lineNumber":18,"author":{"gitId":"coberculidae"},"content":"                \"⠀⠀⠀⠀⠀⠀⠈⠙⠛⠛⠛⠛⠛⠁⠀⠒⠤\\n\" +","lastModifiedDate":"2025-08-13T16:34:19","isFullCredit":false},{"lineNumber":19,"author":{"gitId":"coberculidae"},"content":"                \"⠀⠀⠀⠀⠀⠀⠀⠀⠀⠀⠀⠀⠀⠀⠑⠀⠀\";","lastModifiedDate":"2025-08-13T16:34:19","isFullCredit":false},{"lineNumber":20,"author":{"gitId":"coberculidae"},"content":"        System.out.println(\"Hewwo from Meo\\n\" + cat);","lastModifiedDate":"2025-08-13T16:49:49","isFullCredit":false},{"lineNumber":21,"author":{"gitId":"coberculidae"},"content":"        System.out.println(\"Meow, what would you like to do?\");","lastModifiedDate":"2025-08-13T16:49:49","isFullCredit":false},{"lineNumber":22,"author":{"gitId":"coberculidae"},"content":"        System.out.println(divider);","lastModifiedDate":"2025-08-15T03:08:14","isFullCredit":false},{"lineNumber":23,"author":{"gitId":"coberculidae"},"content":"","lastModifiedDate":"2025-08-13T17:04:36","isFullCredit":false},{"lineNumber":24,"author":{"gitId":"coberculidae"},"content":"        while (!echo.equals(\"bye\")) { // check whether the last message was \"bye\"","lastModifiedDate":"2025-08-13T17:04:36","isFullCredit":false},{"lineNumber":25,"author":{"gitId":"coberculidae"},"content":"            try {","lastModifiedDate":"2025-08-15T03:08:14","isFullCredit":false},{"lineNumber":26,"author":{"gitId":"coberculidae"},"content":"                echo \u003d myObj.nextLine();","lastModifiedDate":"2025-08-13T16:49:49","isFullCredit":false},{"lineNumber":27,"author":{"gitId":"coberculidae"},"content":"                if (echo.equals(\"bye\")) {","lastModifiedDate":"2025-08-13T17:55:39","isFullCredit":false},{"lineNumber":28,"author":{"gitId":"coberculidae"},"content":"                    System.out.println(\"Bye, it\u0027s my nap time. /ᐠ - ˕-マ｡˚ z Z \");","lastModifiedDate":"2025-08-13T17:55:39","isFullCredit":false},{"lineNumber":29,"author":{"gitId":"coberculidae"},"content":"                } else {","lastModifiedDate":"2025-08-13T17:55:39","isFullCredit":false},{"lineNumber":30,"author":{"gitId":"coberculidae"},"content":"                    if (echo.equals(\"list\")) {","lastModifiedDate":"2025-08-13T17:04:36","isFullCredit":false},{"lineNumber":31,"author":{"gitId":"coberculidae"},"content":"                        textList.printList();","lastModifiedDate":"2025-08-13T17:04:36","isFullCredit":false},{"lineNumber":32,"author":{"gitId":"coberculidae"},"content":"                        System.out.println(divider);","lastModifiedDate":"2025-08-15T03:08:14","isFullCredit":false},{"lineNumber":33,"author":{"gitId":"coberculidae"},"content":"                    } else {","lastModifiedDate":"2025-08-15T03:08:14","isFullCredit":false},{"lineNumber":34,"author":{"gitId":"coberculidae"},"content":"                        if (echo.startsWith(\"mark\")) {","lastModifiedDate":"2025-08-13T17:55:39","isFullCredit":false},{"lineNumber":35,"author":{"gitId":"coberculidae"},"content":"                            int i \u003d Integer.parseInt(echo.substring(4).trim());","lastModifiedDate":"2025-08-13T17:55:39","isFullCredit":false},{"lineNumber":36,"author":{"gitId":"coberculidae"},"content":"                            textList.markTask(i - 1);","lastModifiedDate":"2025-08-13T17:55:39","isFullCredit":false},{"lineNumber":37,"author":{"gitId":"coberculidae"},"content":"                            System.out.println(\"Good job~ Your task is done!\");","lastModifiedDate":"2025-08-13T17:55:39","isFullCredit":false},{"lineNumber":38,"author":{"gitId":"coberculidae"},"content":"                            textList.printTask(i - 1);","lastModifiedDate":"2025-08-13T17:55:39","isFullCredit":false},{"lineNumber":39,"author":{"gitId":"coberculidae"},"content":"                            System.out.println(divider);","lastModifiedDate":"2025-08-15T03:08:14","isFullCredit":false},{"lineNumber":40,"author":{"gitId":"coberculidae"},"content":"                        } else {","lastModifiedDate":"2025-08-13T17:55:39","isFullCredit":false},{"lineNumber":41,"author":{"gitId":"coberculidae"},"content":"                            if (echo.startsWith(\"unmark\")) {","lastModifiedDate":"2025-08-13T17:55:39","isFullCredit":false},{"lineNumber":42,"author":{"gitId":"coberculidae"},"content":"                                int i \u003d Integer.parseInt(echo.substring(6).trim());","lastModifiedDate":"2025-08-13T17:55:39","isFullCredit":false},{"lineNumber":43,"author":{"gitId":"coberculidae"},"content":"                                textList.unmarkTask(i - 1);","lastModifiedDate":"2025-08-13T17:55:39","isFullCredit":false},{"lineNumber":44,"author":{"gitId":"coberculidae"},"content":"                                System.out.println(\"This task is marked as not done yet...\");","lastModifiedDate":"2025-08-13T17:55:39","isFullCredit":false},{"lineNumber":45,"author":{"gitId":"coberculidae"},"content":"                                textList.printTask(i - 1);","lastModifiedDate":"2025-08-13T17:55:39","isFullCredit":false},{"lineNumber":46,"author":{"gitId":"coberculidae"},"content":"                                System.out.println(divider);","lastModifiedDate":"2025-08-15T03:08:14","isFullCredit":false},{"lineNumber":47,"author":{"gitId":"coberculidae"},"content":"                            } else {","lastModifiedDate":"2025-08-13T17:55:39","isFullCredit":false},{"lineNumber":48,"author":{"gitId":"coberculidae"},"content":"                                if (echo.startsWith(\"todo\")) {","lastModifiedDate":"2025-08-15T00:47:23","isFullCredit":false},{"lineNumber":49,"author":{"gitId":"coberculidae"},"content":"                                    String taskDesc \u003d echo.substring(4).trim();","lastModifiedDate":"2025-08-15T03:08:14","isFullCredit":false},{"lineNumber":50,"author":{"gitId":"coberculidae"},"content":"                                    if (taskDesc.isEmpty())","lastModifiedDate":"2025-08-15T03:08:14","isFullCredit":false},{"lineNumber":51,"author":{"gitId":"coberculidae"},"content":"                                        throw new MeoException(MeoException.taskMissing);","lastModifiedDate":"2025-08-15T03:08:14","isFullCredit":false},{"lineNumber":52,"author":{"gitId":"coberculidae"},"content":"                                    Task newTask \u003d new ToDo(taskDesc);","lastModifiedDate":"2025-08-15T03:08:14","isFullCredit":false},{"lineNumber":53,"author":{"gitId":"coberculidae"},"content":"                                    textList.add(index, newTask);","lastModifiedDate":"2025-08-13T17:55:39","isFullCredit":false},{"lineNumber":54,"author":{"gitId":"coberculidae"},"content":"                                    index++;","lastModifiedDate":"2025-08-13T17:04:36","isFullCredit":false},{"lineNumber":55,"author":{"gitId":"coberculidae"},"content":"                                    System.out.println(newTask.toString());","lastModifiedDate":"2025-08-15T00:47:23","isFullCredit":false},{"lineNumber":56,"author":{"gitId":"coberculidae"},"content":"                                    System.out.println(divider);","lastModifiedDate":"2025-08-15T03:08:14","isFullCredit":false},{"lineNumber":57,"author":{"gitId":"coberculidae"},"content":"                                } else {","lastModifiedDate":"2025-08-15T00:47:23","isFullCredit":false},{"lineNumber":58,"author":{"gitId":"coberculidae"},"content":"                                    if (echo.startsWith(\"deadline\")) {","lastModifiedDate":"2025-08-15T00:47:23","isFullCredit":false},{"lineNumber":59,"author":{"gitId":"coberculidae"},"content":"                                        int commandIndex \u003d echo.indexOf(\"/by\");","lastModifiedDate":"2025-08-15T00:47:23","isFullCredit":false},{"lineNumber":60,"author":{"gitId":"coberculidae"},"content":"                                        if (commandIndex \u003e\u003d 0) {","lastModifiedDate":"2025-08-15T00:47:23","isFullCredit":false},{"lineNumber":61,"author":{"gitId":"coberculidae"},"content":"                                            String taskDesc \u003d echo.substring(8, commandIndex - 1).trim();","lastModifiedDate":"2025-08-15T00:47:23","isFullCredit":false},{"lineNumber":62,"author":{"gitId":"coberculidae"},"content":"                                            String taskDeadline \u003d echo.substring(commandIndex + 3).trim();","lastModifiedDate":"2025-08-15T00:47:23","isFullCredit":false},{"lineNumber":63,"author":{"gitId":"coberculidae"},"content":"                                            if (taskDesc.isEmpty())","lastModifiedDate":"2025-08-15T03:08:14","isFullCredit":false},{"lineNumber":64,"author":{"gitId":"coberculidae"},"content":"                                                throw new MeoException(MeoException.taskMissing);","lastModifiedDate":"2025-08-15T03:08:14","isFullCredit":false},{"lineNumber":65,"author":{"gitId":"coberculidae"},"content":"                                            Task newTask \u003d new Deadline(taskDesc, taskDeadline);","lastModifiedDate":"2025-08-15T00:47:23","isFullCredit":false},{"lineNumber":66,"author":{"gitId":"coberculidae"},"content":"                                            textList.add(index, newTask);","lastModifiedDate":"2025-08-15T00:47:23","isFullCredit":false},{"lineNumber":67,"author":{"gitId":"coberculidae"},"content":"                                            index++;","lastModifiedDate":"2025-08-15T00:47:23","isFullCredit":false},{"lineNumber":68,"author":{"gitId":"coberculidae"},"content":"                                            System.out.println(newTask.toString());","lastModifiedDate":"2025-08-15T00:47:23","isFullCredit":false},{"lineNumber":69,"author":{"gitId":"coberculidae"},"content":"                                            System.out.println(divider);","lastModifiedDate":"2025-08-15T03:08:14","isFullCredit":false},{"lineNumber":70,"author":{"gitId":"coberculidae"},"content":"                                        } else ","lastModifiedDate":"2025-08-15T03:08:14","isFullCredit":false},{"lineNumber":71,"author":{"gitId":"coberculidae"},"content":"                                            throw new MeoException(MeoException.deadlineTime);","lastModifiedDate":"2025-08-15T03:08:14","isFullCredit":false},{"lineNumber":72,"author":{"gitId":"coberculidae"},"content":"                                    } else {","lastModifiedDate":"2025-08-15T00:47:23","isFullCredit":false},{"lineNumber":73,"author":{"gitId":"coberculidae"},"content":"                                        if (echo.startsWith(\"event\")) {","lastModifiedDate":"2025-08-15T00:47:23","isFullCredit":false},{"lineNumber":74,"author":{"gitId":"coberculidae"},"content":"                                            int fromIndex \u003d echo.indexOf(\"/from\");","lastModifiedDate":"2025-08-15T00:47:23","isFullCredit":false},{"lineNumber":75,"author":{"gitId":"coberculidae"},"content":"                                            int toIndex \u003d echo.indexOf(\"/to\");","lastModifiedDate":"2025-08-15T00:47:23","isFullCredit":false},{"lineNumber":76,"author":{"gitId":"coberculidae"},"content":"                                            if (fromIndex \u003e\u003d 0 \u0026\u0026 toIndex \u003e\u003d 0) {","lastModifiedDate":"2025-08-15T00:47:23","isFullCredit":false},{"lineNumber":77,"author":{"gitId":"coberculidae"},"content":"                                                String taskDesc \u003d echo.substring(5, fromIndex - 1).trim();","lastModifiedDate":"2025-08-15T00:47:23","isFullCredit":false},{"lineNumber":78,"author":{"gitId":"coberculidae"},"content":"                                                if (taskDesc.isEmpty())","lastModifiedDate":"2025-08-15T03:08:14","isFullCredit":false},{"lineNumber":79,"author":{"gitId":"coberculidae"},"content":"                                                    throw new MeoException(MeoException.taskMissing);","lastModifiedDate":"2025-08-15T03:08:14","isFullCredit":false},{"lineNumber":80,"author":{"gitId":"coberculidae"},"content":"                                                String taskFrom \u003d echo.substring(fromIndex + 5, toIndex - 1).trim();","lastModifiedDate":"2025-08-15T00:47:23","isFullCredit":false},{"lineNumber":81,"author":{"gitId":"coberculidae"},"content":"                                                String taskTo \u003d echo.substring(toIndex + 3).trim();","lastModifiedDate":"2025-08-15T00:47:23","isFullCredit":false},{"lineNumber":82,"author":{"gitId":"coberculidae"},"content":"                                                Task newTask \u003d new Event(taskDesc, taskFrom, taskTo);","lastModifiedDate":"2025-08-15T00:47:23","isFullCredit":false},{"lineNumber":83,"author":{"gitId":"coberculidae"},"content":"                                                textList.add(index, newTask);","lastModifiedDate":"2025-08-15T00:47:23","isFullCredit":false},{"lineNumber":84,"author":{"gitId":"coberculidae"},"content":"                                                index++;","lastModifiedDate":"2025-08-15T00:47:23","isFullCredit":false},{"lineNumber":85,"author":{"gitId":"coberculidae"},"content":"                                                System.out.println(newTask.toString());","lastModifiedDate":"2025-08-15T00:47:23","isFullCredit":false},{"lineNumber":86,"author":{"gitId":"coberculidae"},"content":"                                                System.out.println(divider);","lastModifiedDate":"2025-08-15T03:08:14","isFullCredit":false},{"lineNumber":87,"author":{"gitId":"coberculidae"},"content":"                                            } else ","lastModifiedDate":"2025-08-15T03:08:14","isFullCredit":false},{"lineNumber":88,"author":{"gitId":"coberculidae"},"content":"                                                throw new MeoException(MeoException.eventTime);","lastModifiedDate":"2025-08-15T03:08:14","isFullCredit":false},{"lineNumber":89,"author":{"gitId":"coberculidae"},"content":"                                        } else {","lastModifiedDate":"2025-08-15T13:53:10","isFullCredit":false},{"lineNumber":90,"author":{"gitId":"coberculidae"},"content":"                                            if (echo.startsWith(\"delete\")) {","lastModifiedDate":"2025-08-15T14:06:17","isFullCredit":false},{"lineNumber":91,"author":{"gitId":"coberculidae"},"content":"                                                int i \u003d Integer.parseInt(echo.substring(6).trim());","lastModifiedDate":"2025-08-15T14:06:17","isFullCredit":false},{"lineNumber":92,"author":{"gitId":"coberculidae"},"content":"                                                textList.deleteTask(i - 1);","lastModifiedDate":"2025-08-15T14:06:17","isFullCredit":false},{"lineNumber":93,"author":{"gitId":"coberculidae"},"content":"                                                System.out.println(\"I have eaten your task.\\n\" + divider);","lastModifiedDate":"2025-08-15T14:06:17","isFullCredit":false},{"lineNumber":94,"author":{"gitId":"coberculidae"},"content":"                                            } else ","lastModifiedDate":"2025-08-15T14:06:17","isFullCredit":false},{"lineNumber":95,"author":{"gitId":"coberculidae"},"content":"                                                throw new MeoException(MeoException.commandUnknown);","lastModifiedDate":"2025-08-15T13:53:10","isFullCredit":false},{"lineNumber":96,"author":{"gitId":"coberculidae"},"content":"                                        }","lastModifiedDate":"2025-08-15T00:47:23","isFullCredit":false},{"lineNumber":97,"author":{"gitId":"coberculidae"},"content":"                                    }","lastModifiedDate":"2025-08-15T00:47:23","isFullCredit":false},{"lineNumber":98,"author":{"gitId":"coberculidae"},"content":"                                }","lastModifiedDate":"2025-08-15T00:47:23","isFullCredit":false},{"lineNumber":99,"author":{"gitId":"coberculidae"},"content":"","lastModifiedDate":"2025-08-15T00:47:23","isFullCredit":false},{"lineNumber":100,"author":{"gitId":"coberculidae"},"content":"                            }","lastModifiedDate":"2025-08-13T17:04:36","isFullCredit":false},{"lineNumber":101,"author":{"gitId":"coberculidae"},"content":"                        }","lastModifiedDate":"2025-08-13T17:04:36","isFullCredit":false},{"lineNumber":102,"author":{"gitId":"coberculidae"},"content":"                    }","lastModifiedDate":"2025-08-13T17:55:39","isFullCredit":false},{"lineNumber":103,"author":{"gitId":"coberculidae"},"content":"                }","lastModifiedDate":"2025-08-13T17:55:39","isFullCredit":false},{"lineNumber":104,"author":{"gitId":"coberculidae"},"content":"            } catch (MeoException e) {","lastModifiedDate":"2025-08-15T03:08:14","isFullCredit":false},{"lineNumber":105,"author":{"gitId":"coberculidae"},"content":"                System.out.println(e.getMessage());","lastModifiedDate":"2025-08-15T03:08:14","isFullCredit":false},{"lineNumber":106,"author":{"gitId":"coberculidae"},"content":"                System.out.println(divider);","lastModifiedDate":"2025-08-15T03:08:14","isFullCredit":false},{"lineNumber":107,"author":{"gitId":"coberculidae"},"content":"            }","lastModifiedDate":"2025-08-15T03:08:14","isFullCredit":false},{"lineNumber":108,"author":{"gitId":"coberculidae"},"content":"        }","lastModifiedDate":"2025-08-13T16:49:49","isFullCredit":false},{"lineNumber":109,"author":{"gitId":"coberculidae"},"content":"    }","lastModifiedDate":"2025-08-13T16:34:19","isFullCredit":false},{"lineNumber":110,"author":{"gitId":"coberculidae"},"content":"}","lastModifiedDate":"2025-08-13T16:34:19","isFullCredit":false}],"authorContributionMap":{"coberculidae":110}},{"path":"src/main/java/MeoException.java","fileType":"java","lines":[{"lineNumber":1,"author":{"gitId":"coberculidae"},"content":"public class MeoException extends Exception{","lastModifiedDate":"2025-08-15T03:08:14","isFullCredit":false},{"lineNumber":2,"author":{"gitId":"coberculidae"},"content":"    static String taskMissing \u003d \"Meow, please insert your task.\";","lastModifiedDate":"2025-08-15T03:08:14","isFullCredit":false},{"lineNumber":3,"author":{"gitId":"coberculidae"},"content":"    static String deadlineTime \u003d \"Meow, please include your deadline with /by.\";","lastModifiedDate":"2025-08-15T03:08:14","isFullCredit":false},{"lineNumber":4,"author":{"gitId":"coberculidae"},"content":"    static String eventTime \u003d \"Meow, please include your from and to timing with /from and /to.\";","lastModifiedDate":"2025-08-15T03:08:14","isFullCredit":false},{"lineNumber":5,"author":{"gitId":"coberculidae"},"content":"    static String taskNotExist \u003d \"Meow, this task doesn\u0027t exist :\u003c.\";","lastModifiedDate":"2025-08-15T13:25:53","isFullCredit":false},{"lineNumber":6,"author":{"gitId":"coberculidae"},"content":"    static String commandUnknown \u003d \"Meow, I don\u0027t understand that... \";","lastModifiedDate":"2025-08-15T13:53:10","isFullCredit":false},{"lineNumber":7,"author":{"gitId":"coberculidae"},"content":"","lastModifiedDate":"2025-08-15T03:08:14","isFullCredit":false},{"lineNumber":8,"author":{"gitId":"coberculidae"},"content":"    public MeoException(String errorMessage) {","lastModifiedDate":"2025-08-15T03:08:14","isFullCredit":false},{"lineNumber":9,"author":{"gitId":"coberculidae"},"content":"        super(errorMessage);","lastModifiedDate":"2025-08-15T03:08:14","isFullCredit":false},{"lineNumber":10,"author":{"gitId":"coberculidae"},"content":"    }","lastModifiedDate":"2025-08-15T03:08:14","isFullCredit":false},{"lineNumber":11,"author":{"gitId":"coberculidae"},"content":"","lastModifiedDate":"2025-08-15T03:08:14","isFullCredit":false},{"lineNumber":12,"author":{"gitId":"coberculidae"},"content":"}","lastModifiedDate":"2025-08-15T03:08:14","isFullCredit":false}],"authorContributionMap":{"coberculidae":12}},{"path":"src/main/java/Task.java","fileType":"java","lines":[{"lineNumber":1,"author":{"gitId":"coberculidae"},"content":"public class Task {","lastModifiedDate":"2025-08-13T17:55:39","isFullCredit":false},{"lineNumber":2,"author":{"gitId":"coberculidae"},"content":"    String description;","lastModifiedDate":"2025-08-13T17:55:39","isFullCredit":false},{"lineNumber":3,"author":{"gitId":"coberculidae"},"content":"    boolean isDone;","lastModifiedDate":"2025-08-13T17:55:39","isFullCredit":false},{"lineNumber":4,"author":{"gitId":"coberculidae"},"content":"","lastModifiedDate":"2025-08-13T17:55:39","isFullCredit":false},{"lineNumber":5,"author":{"gitId":"coberculidae"},"content":"    public Task(String text) {","lastModifiedDate":"2025-08-15T00:47:23","isFullCredit":false},{"lineNumber":6,"author":{"gitId":"coberculidae"},"content":"        description \u003d text;","lastModifiedDate":"2025-08-13T17:55:39","isFullCredit":false},{"lineNumber":7,"author":{"gitId":"coberculidae"},"content":"        isDone \u003d false;","lastModifiedDate":"2025-08-13T17:55:39","isFullCredit":false},{"lineNumber":8,"author":{"gitId":"coberculidae"},"content":"    }","lastModifiedDate":"2025-08-13T17:55:39","isFullCredit":false},{"lineNumber":9,"author":{"gitId":"coberculidae"},"content":"","lastModifiedDate":"2025-08-13T17:55:39","isFullCredit":false},{"lineNumber":10,"author":{"gitId":"coberculidae"},"content":"    public void isMarked() {","lastModifiedDate":"2025-08-13T17:55:39","isFullCredit":false},{"lineNumber":11,"author":{"gitId":"coberculidae"},"content":"        isDone \u003d true;","lastModifiedDate":"2025-08-13T17:55:39","isFullCredit":false},{"lineNumber":12,"author":{"gitId":"coberculidae"},"content":"    }","lastModifiedDate":"2025-08-13T17:55:39","isFullCredit":false},{"lineNumber":13,"author":{"gitId":"coberculidae"},"content":"","lastModifiedDate":"2025-08-13T17:55:39","isFullCredit":false},{"lineNumber":14,"author":{"gitId":"coberculidae"},"content":"    public void isUnmarked() {","lastModifiedDate":"2025-08-13T17:55:39","isFullCredit":false},{"lineNumber":15,"author":{"gitId":"coberculidae"},"content":"        isDone \u003d false;","lastModifiedDate":"2025-08-13T17:55:39","isFullCredit":false},{"lineNumber":16,"author":{"gitId":"coberculidae"},"content":"    }","lastModifiedDate":"2025-08-13T17:55:39","isFullCredit":false},{"lineNumber":17,"author":{"gitId":"coberculidae"},"content":"","lastModifiedDate":"2025-08-13T17:55:39","isFullCredit":false},{"lineNumber":18,"author":{"gitId":"coberculidae"},"content":"    public boolean isTaskDone() {","lastModifiedDate":"2025-08-13T17:55:39","isFullCredit":false},{"lineNumber":19,"author":{"gitId":"coberculidae"},"content":"        return isDone;","lastModifiedDate":"2025-08-13T17:55:39","isFullCredit":false},{"lineNumber":20,"author":{"gitId":"coberculidae"},"content":"    }","lastModifiedDate":"2025-08-13T17:55:39","isFullCredit":false},{"lineNumber":21,"author":{"gitId":"coberculidae"},"content":"","lastModifiedDate":"2025-08-13T17:55:39","isFullCredit":false},{"lineNumber":22,"author":{"gitId":"coberculidae"},"content":"    @Override","lastModifiedDate":"2025-08-13T17:55:39","isFullCredit":false},{"lineNumber":23,"author":{"gitId":"coberculidae"},"content":"    public String toString() {","lastModifiedDate":"2025-08-13T17:55:39","isFullCredit":false},{"lineNumber":24,"author":{"gitId":"coberculidae"},"content":"        String mark \u003d isDone ? \"X\" : \" \";","lastModifiedDate":"2025-08-13T17:55:39","isFullCredit":false},{"lineNumber":25,"author":{"gitId":"coberculidae"},"content":"        return \"[\" + mark + \"] \" + description;","lastModifiedDate":"2025-08-13T17:55:39","isFullCredit":false},{"lineNumber":26,"author":{"gitId":"coberculidae"},"content":"    }","lastModifiedDate":"2025-08-13T17:55:39","isFullCredit":false},{"lineNumber":27,"author":{"gitId":"coberculidae"},"content":"}","lastModifiedDate":"2025-08-13T17:55:39","isFullCredit":false}],"authorContributionMap":{"coberculidae":27}},{"path":"src/main/java/TextList.java","fileType":"java","lines":[{"lineNumber":1,"author":{"gitId":"coberculidae"},"content":"import java.util.ArrayList;","lastModifiedDate":"2025-08-15T13:25:53","isFullCredit":false},{"lineNumber":2,"author":{"gitId":"coberculidae"},"content":"","lastModifiedDate":"2025-08-13T17:04:36","isFullCredit":false},{"lineNumber":3,"author":{"gitId":"coberculidae"},"content":"public class TextList {","lastModifiedDate":"2025-08-13T17:04:36","isFullCredit":false},{"lineNumber":4,"author":{"gitId":"coberculidae"},"content":"    ArrayList\u003cTask\u003e taskList \u003d new ArrayList\u003cTask\u003e(); ","lastModifiedDate":"2025-08-15T13:25:53","isFullCredit":false},{"lineNumber":5,"author":{"gitId":"coberculidae"},"content":"","lastModifiedDate":"2025-08-13T17:04:36","isFullCredit":false},{"lineNumber":6,"author":{"gitId":"coberculidae"},"content":"    public void add(int index, Task task) {","lastModifiedDate":"2025-08-13T17:55:39","isFullCredit":false},{"lineNumber":7,"author":{"gitId":"coberculidae"},"content":"        taskList.add(task);","lastModifiedDate":"2025-08-15T13:25:53","isFullCredit":false},{"lineNumber":8,"author":{"gitId":"coberculidae"},"content":"    }","lastModifiedDate":"2025-08-13T17:04:36","isFullCredit":false},{"lineNumber":9,"author":{"gitId":"coberculidae"},"content":"","lastModifiedDate":"2025-08-13T17:04:36","isFullCredit":false},{"lineNumber":10,"author":{"gitId":"coberculidae"},"content":"    public void printList() {","lastModifiedDate":"2025-08-13T17:04:36","isFullCredit":false},{"lineNumber":11,"author":{"gitId":"coberculidae"},"content":"        int index \u003d 0;","lastModifiedDate":"2025-08-13T17:04:36","isFullCredit":false},{"lineNumber":12,"author":{"gitId":"coberculidae"},"content":"        while (index \u003c taskList.size()) {","lastModifiedDate":"2025-08-15T14:06:17","isFullCredit":false},{"lineNumber":13,"author":{"gitId":"coberculidae"},"content":"            System.out.println(index + 1 + \". \" + taskList.get(index).toString());","lastModifiedDate":"2025-08-15T13:25:53","isFullCredit":false},{"lineNumber":14,"author":{"gitId":"coberculidae"},"content":"            index++;","lastModifiedDate":"2025-08-13T17:04:36","isFullCredit":false},{"lineNumber":15,"author":{"gitId":"coberculidae"},"content":"        }","lastModifiedDate":"2025-08-13T17:04:36","isFullCredit":false},{"lineNumber":16,"author":{"gitId":"coberculidae"},"content":"    }","lastModifiedDate":"2025-08-13T17:04:36","isFullCredit":false},{"lineNumber":17,"author":{"gitId":"coberculidae"},"content":"","lastModifiedDate":"2025-08-13T17:55:39","isFullCredit":false},{"lineNumber":18,"author":{"gitId":"coberculidae"},"content":"    public void markTask(int index) throws MeoException{","lastModifiedDate":"2025-08-15T13:25:53","isFullCredit":false},{"lineNumber":19,"author":{"gitId":"coberculidae"},"content":"        Task task \u003d taskList.size() \u003d\u003d 0 ? null : taskList.get(index);","lastModifiedDate":"2025-08-15T13:25:53","isFullCredit":false},{"lineNumber":20,"author":{"gitId":"coberculidae"},"content":"        if (task !\u003d null) {","lastModifiedDate":"2025-08-15T13:25:53","isFullCredit":false},{"lineNumber":21,"author":{"gitId":"coberculidae"},"content":"            task.isMarked();","lastModifiedDate":"2025-08-15T13:25:53","isFullCredit":false},{"lineNumber":22,"author":{"gitId":"coberculidae"},"content":"        } else {","lastModifiedDate":"2025-08-15T13:25:53","isFullCredit":false},{"lineNumber":23,"author":{"gitId":"coberculidae"},"content":"            throw new MeoException(MeoException.taskNotExist);","lastModifiedDate":"2025-08-15T13:25:53","isFullCredit":false},{"lineNumber":24,"author":{"gitId":"coberculidae"},"content":"        }","lastModifiedDate":"2025-08-15T13:25:53","isFullCredit":false},{"lineNumber":25,"author":{"gitId":"coberculidae"},"content":"    }","lastModifiedDate":"2025-08-13T17:55:39","isFullCredit":false},{"lineNumber":26,"author":{"gitId":"coberculidae"},"content":"","lastModifiedDate":"2025-08-13T17:55:39","isFullCredit":false},{"lineNumber":27,"author":{"gitId":"coberculidae"},"content":"    public void unmarkTask(int index) throws MeoException {","lastModifiedDate":"2025-08-15T13:25:53","isFullCredit":false},{"lineNumber":28,"author":{"gitId":"coberculidae"},"content":"        Task task \u003d taskList.size() \u003d\u003d 0 ? null : taskList.get(index);","lastModifiedDate":"2025-08-15T13:25:53","isFullCredit":false},{"lineNumber":29,"author":{"gitId":"coberculidae"},"content":"        if (task !\u003d null) {","lastModifiedDate":"2025-08-15T13:25:53","isFullCredit":false},{"lineNumber":30,"author":{"gitId":"coberculidae"},"content":"            task.isUnmarked();","lastModifiedDate":"2025-08-15T13:25:53","isFullCredit":false},{"lineNumber":31,"author":{"gitId":"coberculidae"},"content":"        } else {","lastModifiedDate":"2025-08-15T13:25:53","isFullCredit":false},{"lineNumber":32,"author":{"gitId":"coberculidae"},"content":"            throw new MeoException(MeoException.taskNotExist);","lastModifiedDate":"2025-08-15T13:25:53","isFullCredit":false},{"lineNumber":33,"author":{"gitId":"coberculidae"},"content":"        }","lastModifiedDate":"2025-08-15T13:25:53","isFullCredit":false},{"lineNumber":34,"author":{"gitId":"coberculidae"},"content":"    }","lastModifiedDate":"2025-08-13T17:55:39","isFullCredit":false},{"lineNumber":35,"author":{"gitId":"coberculidae"},"content":"","lastModifiedDate":"2025-08-13T17:55:39","isFullCredit":false},{"lineNumber":36,"author":{"gitId":"coberculidae"},"content":"    public void deleteTask(int index) throws MeoException{","lastModifiedDate":"2025-08-15T14:06:17","isFullCredit":false},{"lineNumber":37,"author":{"gitId":"coberculidae"},"content":"        Task task \u003d taskList.size() \u003d\u003d 0 ? null : taskList.get(index);","lastModifiedDate":"2025-08-15T14:06:17","isFullCredit":false},{"lineNumber":38,"author":{"gitId":"coberculidae"},"content":"        if (task !\u003d null) {","lastModifiedDate":"2025-08-15T14:06:17","isFullCredit":false},{"lineNumber":39,"author":{"gitId":"coberculidae"},"content":"            taskList.remove(index);","lastModifiedDate":"2025-08-15T14:06:17","isFullCredit":false},{"lineNumber":40,"author":{"gitId":"coberculidae"},"content":"        } else {","lastModifiedDate":"2025-08-15T14:06:17","isFullCredit":false},{"lineNumber":41,"author":{"gitId":"coberculidae"},"content":"            throw new MeoException(MeoException.taskNotExist);","lastModifiedDate":"2025-08-15T14:06:17","isFullCredit":false},{"lineNumber":42,"author":{"gitId":"coberculidae"},"content":"        }","lastModifiedDate":"2025-08-15T14:06:17","isFullCredit":false},{"lineNumber":43,"author":{"gitId":"coberculidae"},"content":"    }","lastModifiedDate":"2025-08-15T14:06:17","isFullCredit":false},{"lineNumber":44,"author":{"gitId":"coberculidae"},"content":"","lastModifiedDate":"2025-08-15T14:06:17","isFullCredit":false},{"lineNumber":45,"author":{"gitId":"coberculidae"},"content":"    public void printTask(int index) {","lastModifiedDate":"2025-08-13T17:55:39","isFullCredit":false},{"lineNumber":46,"author":{"gitId":"coberculidae"},"content":"        System.out.println(taskList.get(index));","lastModifiedDate":"2025-08-15T13:25:53","isFullCredit":false},{"lineNumber":47,"author":{"gitId":"coberculidae"},"content":"    }","lastModifiedDate":"2025-08-13T17:55:39","isFullCredit":false},{"lineNumber":48,"author":{"gitId":"coberculidae"},"content":"}","lastModifiedDate":"2025-08-13T17:04:36","isFullCredit":false}],"authorContributionMap":{"coberculidae":48}},{"path":"src/main/java/ToDo.java","fileType":"java","lines":[{"lineNumber":1,"author":{"gitId":"coberculidae"},"content":"public class ToDo extends Task {","lastModifiedDate":"2025-08-15T00:47:23","isFullCredit":false},{"lineNumber":2,"author":{"gitId":"coberculidae"},"content":"    public ToDo(String text) {","lastModifiedDate":"2025-08-15T00:47:23","isFullCredit":false},{"lineNumber":3,"author":{"gitId":"coberculidae"},"content":"        super(text);","lastModifiedDate":"2025-08-15T00:47:23","isFullCredit":false},{"lineNumber":4,"author":{"gitId":"coberculidae"},"content":"    }","lastModifiedDate":"2025-08-15T00:47:23","isFullCredit":false},{"lineNumber":5,"author":{"gitId":"coberculidae"},"content":"","lastModifiedDate":"2025-08-15T00:47:23","isFullCredit":false},{"lineNumber":6,"author":{"gitId":"coberculidae"},"content":"    @Override","lastModifiedDate":"2025-08-15T00:47:23","isFullCredit":false},{"lineNumber":7,"author":{"gitId":"coberculidae"},"content":"    public String toString() {","lastModifiedDate":"2025-08-15T00:47:23","isFullCredit":false},{"lineNumber":8,"author":{"gitId":"coberculidae"},"content":"        String mark \u003d isDone ? \"X\" : \" \";","lastModifiedDate":"2025-08-15T00:47:23","isFullCredit":false},{"lineNumber":9,"author":{"gitId":"coberculidae"},"content":"        return \"[T][\" + mark + \"] \" + description;","lastModifiedDate":"2025-08-15T00:47:23","isFullCredit":false},{"lineNumber":10,"author":{"gitId":"coberculidae"},"content":"    }","lastModifiedDate":"2025-08-15T00:47:23","isFullCredit":false},{"lineNumber":11,"author":{"gitId":"coberculidae"},"content":"}","lastModifiedDate":"2025-08-15T00:47:23","isFullCredit":false}],"authorContributionMap":{"coberculidae":11}},{"path":"text-ui-test/input.txt","fileType":"txt","lines":[{"lineNumber":1,"author":{"gitId":"coberculidae"},"content":"todo eat cardboard","lastModifiedDate":"2025-08-15T02:34:12","isFullCredit":false},{"lineNumber":2,"author":{"gitId":"coberculidae"},"content":"deadline eat wall /by Sunday","lastModifiedDate":"2025-08-15T02:34:12","isFullCredit":false},{"lineNumber":3,"author":{"gitId":"coberculidae"},"content":"event run around /from tues /to weds","lastModifiedDate":"2025-08-15T02:34:12","isFullCredit":false},{"lineNumber":4,"author":{"gitId":"coberculidae"},"content":"mark 1","lastModifiedDate":"2025-08-15T02:34:12","isFullCredit":false},{"lineNumber":5,"author":{"gitId":"coberculidae"},"content":"mark 2","lastModifiedDate":"2025-08-15T02:34:12","isFullCredit":false},{"lineNumber":6,"author":{"gitId":"coberculidae"},"content":"unmark 1","lastModifiedDate":"2025-08-15T02:34:12","isFullCredit":false},{"lineNumber":7,"author":{"gitId":"coberculidae"},"content":"list","lastModifiedDate":"2025-08-15T02:34:12","isFullCredit":false}],"authorContributionMap":{"coberculidae":7}},{"path":"text-ui-test/runtest.sh","fileType":"sh","lines":[{"lineNumber":1,"author":{"gitId":"-"},"content":"#!/usr/bin/env bash","lastModifiedDate":"2020-05-25T00:03:55","isFullCredit":false},{"lineNumber":2,"author":{"gitId":"-"},"content":"","lastModifiedDate":"2020-05-25T00:03:55","isFullCredit":false},{"lineNumber":3,"author":{"gitId":"-"},"content":"# create bin directory if it doesn\u0027t exist","lastModifiedDate":"2020-05-25T00:03:55","isFullCredit":false},{"lineNumber":4,"author":{"gitId":"-"},"content":"if [ ! -d \"../bin\" ]","lastModifiedDate":"2020-05-25T00:03:55","isFullCredit":false},{"lineNumber":5,"author":{"gitId":"-"},"content":"then","lastModifiedDate":"2020-05-25T00:03:55","isFullCredit":false},{"lineNumber":6,"author":{"gitId":"-"},"content":"    mkdir ../bin","lastModifiedDate":"2020-05-25T00:03:55","isFullCredit":false},{"lineNumber":7,"author":{"gitId":"-"},"content":"fi","lastModifiedDate":"2020-05-25T00:03:55","isFullCredit":false},{"lineNumber":8,"author":{"gitId":"-"},"content":"","lastModifiedDate":"2020-05-25T00:03:55","isFullCredit":false},{"lineNumber":9,"author":{"gitId":"-"},"content":"# delete output from previous run","lastModifiedDate":"2020-05-25T00:03:55","isFullCredit":false},{"lineNumber":10,"author":{"gitId":"-"},"content":"if [ -e \"./ACTUAL.TXT\" ]","lastModifiedDate":"2020-05-25T00:03:55","isFullCredit":false},{"lineNumber":11,"author":{"gitId":"-"},"content":"then","lastModifiedDate":"2020-05-25T00:03:55","isFullCredit":false},{"lineNumber":12,"author":{"gitId":"-"},"content":"    rm ACTUAL.TXT","lastModifiedDate":"2020-05-25T00:03:55","isFullCredit":false},{"lineNumber":13,"author":{"gitId":"-"},"content":"fi","lastModifiedDate":"2020-05-25T00:03:55","isFullCredit":false},{"lineNumber":14,"author":{"gitId":"-"},"content":"","lastModifiedDate":"2020-05-25T00:03:55","isFullCredit":false},{"lineNumber":15,"author":{"gitId":"-"},"content":"# compile the code into the bin folder, terminates if error occurred","lastModifiedDate":"2020-05-25T00:03:55","isFullCredit":false},{"lineNumber":16,"author":{"gitId":"-"},"content":"if ! javac -cp ../src/main/java -Xlint:none -d ../bin ../src/main/java/*.java","lastModifiedDate":"2020-08-25T17:23:26","isFullCredit":false},{"lineNumber":17,"author":{"gitId":"-"},"content":"then","lastModifiedDate":"2020-05-25T00:03:55","isFullCredit":false},{"lineNumber":18,"author":{"gitId":"-"},"content":"    echo \"********** BUILD FAILURE **********\"","lastModifiedDate":"2020-05-25T00:03:55","isFullCredit":false},{"lineNumber":19,"author":{"gitId":"-"},"content":"    exit 1","lastModifiedDate":"2020-05-25T00:03:55","isFullCredit":false},{"lineNumber":20,"author":{"gitId":"-"},"content":"fi","lastModifiedDate":"2020-05-25T00:03:55","isFullCredit":false},{"lineNumber":21,"author":{"gitId":"-"},"content":"","lastModifiedDate":"2020-05-25T00:03:55","isFullCredit":false},{"lineNumber":22,"author":{"gitId":"-"},"content":"# run the program, feed commands from input.txt file and redirect the output to the ACTUAL.TXT","lastModifiedDate":"2020-05-25T00:03:55","isFullCredit":false},{"lineNumber":23,"author":{"gitId":"coberculidae"},"content":"java -classpath ../bin Meo \u003c input.txt \u003e ACTUAL.TXT","lastModifiedDate":"2025-08-15T02:34:12","isFullCredit":false},{"lineNumber":24,"author":{"gitId":"-"},"content":"","lastModifiedDate":"2020-05-25T00:03:55","isFullCredit":false},{"lineNumber":25,"author":{"gitId":"-"},"content":"# convert to UNIX format","lastModifiedDate":"2020-05-25T00:03:55","isFullCredit":false},{"lineNumber":26,"author":{"gitId":"-"},"content":"cp EXPECTED.TXT EXPECTED-UNIX.TXT","lastModifiedDate":"2020-05-25T00:03:55","isFullCredit":false},{"lineNumber":27,"author":{"gitId":"-"},"content":"dos2unix ACTUAL.TXT EXPECTED-UNIX.TXT","lastModifiedDate":"2020-05-25T00:03:55","isFullCredit":false},{"lineNumber":28,"author":{"gitId":"-"},"content":"","lastModifiedDate":"2020-05-25T00:03:55","isFullCredit":false},{"lineNumber":29,"author":{"gitId":"-"},"content":"# compare the output to the expected output","lastModifiedDate":"2020-05-25T00:03:55","isFullCredit":false},{"lineNumber":30,"author":{"gitId":"-"},"content":"diff ACTUAL.TXT EXPECTED-UNIX.TXT","lastModifiedDate":"2020-05-25T00:03:55","isFullCredit":false},{"lineNumber":31,"author":{"gitId":"-"},"content":"if [ $? -eq 0 ]","lastModifiedDate":"2020-05-25T00:03:55","isFullCredit":false},{"lineNumber":32,"author":{"gitId":"-"},"content":"then","lastModifiedDate":"2020-05-25T00:03:55","isFullCredit":false},{"lineNumber":33,"author":{"gitId":"-"},"content":"    echo \"Test result: PASSED\"","lastModifiedDate":"2020-05-25T00:03:55","isFullCredit":false},{"lineNumber":34,"author":{"gitId":"-"},"content":"    exit 0","lastModifiedDate":"2020-05-25T00:03:55","isFullCredit":false},{"lineNumber":35,"author":{"gitId":"-"},"content":"else","lastModifiedDate":"2020-05-25T00:03:55","isFullCredit":false},{"lineNumber":36,"author":{"gitId":"-"},"content":"    echo \"Test result: FAILED\"","lastModifiedDate":"2020-05-25T00:03:55","isFullCredit":false},{"lineNumber":37,"author":{"gitId":"-"},"content":"    exit 1","lastModifiedDate":"2020-05-25T00:03:55","isFullCredit":false},{"lineNumber":38,"author":{"gitId":"-"},"content":"fi","lastModifiedDate":"2020-05-25T00:03:55","isFullCredit":false}],"authorContributionMap":{"coberculidae":1,"-":37}}]
