{"authorDailyContributionsMap":{"coberculidae":[{"date":"2025-08-13T00:00:00","commitResults":[{"hash":"9d5a00d62fee4e163b06aaf45ffa8c3e8013a8e4","isMergeCommit":false,"messageTitle":"Add new logo and exit message","messageBody":"","tags":["Level-0"],"fileTypesAndContributionMap":{"java":{"insertions":18,"deletions":0}}},{"hash":"037b317fce59b779989568243d7e0ba749023ef1","isMergeCommit":false,"messageTitle":"Add echo feature to Meo","messageBody":"","tags":["Level-1"],"fileTypesAndContributionMap":{"java":{"insertions":16,"deletions":3}}},{"hash":"280d7cb339a3da596b5befbdbee018e0c69905ea","isMergeCommit":false,"messageTitle":"Add list storing user\u0027s text","messageBody":"","tags":["Level-2"],"fileTypesAndContributionMap":{"java":{"insertions":32,"deletions":13}}},{"hash":"d364c9c978b74a3b92a493cf06deb0ab4a78f47a","isMergeCommit":false,"messageTitle":"Add mark and unmark task feature","messageBody":"","tags":["Level-3"],"fileTypesAndContributionMap":{"java":{"insertions":67,"deletions":12}}}]},{"date":"2025-08-15T00:00:00","commitResults":[{"hash":"ab755255e82e212e9d77a021eb98a571f2a7f4c1","isMergeCommit":false,"messageTitle":"Add types of task","messageBody":"","tags":["Level-4"],"fileTypesAndContributionMap":{"java":{"insertions":78,"deletions":6}}},{"hash":"cba904e4f73361221837f7e7faed72990e6e246e","isMergeCommit":false,"messageTitle":"Add input test","messageBody":"","tags":["A-TextUiTesting"],"fileTypesAndContributionMap":{"txt":{"insertions":7,"deletions":0},"sh":{"insertions":1,"deletions":1}}},{"hash":"f114b78587a081068f279af64b41107620a5f22f","isMergeCommit":false,"messageTitle":"Handle error missing task description and time","messageBody":"","fileTypesAndContributionMap":{"java":{"insertions":75,"deletions":52}}},{"hash":"3945b95100225f15cf84a11eb5aa7a52e188d694","isMergeCommit":false,"messageTitle":"Handle error task not found in list","messageBody":"","fileTypesAndContributionMap":{"java":{"insertions":22,"deletions":11}}},{"hash":"8fa1ab7c036199446e178cc549ebd3bb7235bf90","isMergeCommit":false,"messageTitle":"Handle unknown command","messageBody":"","tags":["Level-5"],"fileTypesAndContributionMap":{"java":{"insertions":3,"deletions":0}}},{"hash":"af6e7ceaaea01464d87e274cdabe6f31d5c73453","isMergeCommit":false,"messageTitle":"Add delete task feature","messageBody":"","tags":["Level-6"],"fileTypesAndContributionMap":{"java":{"insertions":16,"deletions":2}}}]},{"date":"2025-08-24T00:00:00","commitResults":[{"hash":"e8ccb441b5ded12fc19e5095c20bfbdb4b2f7f53","isMergeCommit":false,"messageTitle":"Add read and write local file","messageBody":"","fileTypesAndContributionMap":{"java":{"insertions":150,"deletions":15}}}]},{"date":"2025-08-25T00:00:00","commitResults":[{"hash":"bac302d16f31687d1e70fbc3eb9ff354fc3bba93","isMergeCommit":false,"messageTitle":"Add feature handle file does not exist","messageBody":"","tags":["Level-7"],"fileTypesAndContributionMap":{"java":{"insertions":13,"deletions":8}}}]},{"date":"2025-08-26T00:00:00","commitResults":[{"hash":"40d4ce789bd8c6ab7c401ca1387a9bbb6ea3831f","isMergeCommit":false,"messageTitle":"Add TimeParser class","messageBody":"","tags":["Level-8"],"fileTypesAndContributionMap":{"java":{"insertions":43,"deletions":10}}}]},{"date":"2025-08-30T00:00:00","commitResults":[{"hash":"1eaf0599a5a50abb2d72d51425d7421f77d84c78","isMergeCommit":false,"messageTitle":"Adds Command class","messageBody":"","fileTypesAndContributionMap":{"java":{"insertions":399,"deletions":118}}}]},{"date":"2025-08-31T00:00:00","commitResults":[{"hash":"91cb8df2952b3071a34ee6f72847759d6ae4b3b3","isMergeCommit":false,"messageTitle":"Add children classes of Command","messageBody":"","tags":["A-MoreOOP"],"fileTypesAndContributionMap":{"java":{"insertions":129,"deletions":31}}},{"hash":"57abbaee93f20d78a8fc428dddc79d9e92224c30","isMergeCommit":false,"messageTitle":"Change package names","messageBody":"","fileTypesAndContributionMap":{"java":{"insertions":28,"deletions":128}}},{"hash":"46bd808845c2f8e66f8e2d0f7bc171dc30ad63f7","isMergeCommit":false,"messageTitle":"Add packages","messageBody":"","tags":["A-Packages"],"fileTypesAndContributionMap":{"java":{"insertions":38,"deletions":24}}},{"hash":"e7351bb4b4c222b88a9cbd5ae2072bcc29345466","isMergeCommit":true,"messageTitle":"Merge gradle support to master","messageBody":"","fileTypesAndContributionMap":{}},{"hash":"2b4e5c2d1a86a4edc8bbea0553d5747407f1e175","isMergeCommit":false,"messageTitle":"Add junit tests for Todo and CommandParser","messageBody":"","fileTypesAndContributionMap":{"java":{"insertions":104,"deletions":8}}},{"hash":"9b311cff808b6ea9f3315b58cbb602a97991a2d7","isMergeCommit":false,"messageTitle":"Modify TodoCommandTest","messageBody":"","tags":["A-JUnit"],"fileTypesAndContributionMap":{"java":{"insertions":2,"deletions":1}}},{"hash":"f38bccbd1f3cf3ed30c4c1403d403db6d809faaa","isMergeCommit":false,"messageTitle":"Modify build.gradle settings","messageBody":"","tags":["A-Jar"],"fileTypesAndContributionMap":{"gradle":{"insertions":2,"deletions":2},"java":{"insertions":6,"deletions":6}}},{"hash":"b9c6078915fe5b43d75f3ea662f7e205f361385d","isMergeCommit":false,"messageTitle":"Add Javadoc comments","messageBody":"","tags":["A-Javadoc"],"fileTypesAndContributionMap":{"java":{"insertions":110,"deletions":21}}},{"hash":"b0cef1c0e1dc0276116d538f1e5f158ba156d1f0","isMergeCommit":false,"messageTitle":"Add TaskFinder class","messageBody":"","fileTypesAndContributionMap":{"java":{"insertions":111,"deletions":3}}}]},{"date":"2025-09-07T00:00:00","commitResults":[{"hash":"c80eaf9abf7c5369f658261475a7e34d45aa4bac","isMergeCommit":false,"messageTitle":"Add task find feature","messageBody":"","fileTypesAndContributionMap":{"gradle":{"insertions":0,"deletions":0},"java":{"insertions":0,"deletions":0},"md":{"insertions":0,"deletions":0}}},{"hash":"90f6be734d0bce623f293c4e371da5ecd7b93e34","isMergeCommit":true,"messageTitle":"Merge branch \u0027branch-Level-9\u0027 merge Level 9 feature","messageBody":"","tags":["Level-9"],"fileTypesAndContributionMap":{}},{"hash":"8ccfc2bdc139430cbe6b171b606a60a8b38248b9","isMergeCommit":false,"messageTitle":"Add CheckSyle","messageBody":"","tags":["A-CheckStyle"],"fileTypesAndContributionMap":{"java":{"insertions":109,"deletions":88}}}]},{"date":"2025-09-08T00:00:00","commitResults":[{"hash":"3253fdeebbf685124ef4919456cfeeaa2c085fa4","isMergeCommit":false,"messageTitle":"Add GUI using JavaFX","messageBody":"","fileTypesAndContributionMap":{"gradle":{"insertions":21,"deletions":1},"fxml":{"insertions":66,"deletions":0},"java":{"insertions":247,"deletions":42}}}]},{"date":"2025-09-13T00:00:00","commitResults":[{"hash":"7a2b691dfeec288e0040b854bf787049f0b5c887","isMergeCommit":false,"messageTitle":"Adjust GUI","messageBody":"","tags":["Level-10"],"fileTypesAndContributionMap":{"fxml":{"insertions":20,"deletions":5},"java":{"insertions":12,"deletions":8}}},{"hash":"30f696a713eea98225dbd1ec5f0beb87ef36b425","isMergeCommit":false,"messageTitle":"Adjust GUI","messageBody":"The existing GUI is copied straight from the JavaFX tutorial.\n\nThe existing GUI is too basic and not nice to look at.\n\nLet\u0027s change the background color, the shape of the avatar and the font used.\n\nIt needs to be changed into more aesthestically pleasing GUI and to also add personality to the chatbot.\n","tags":["A-FullCommitMessage"],"fileTypesAndContributionMap":{"fxml":{"insertions":20,"deletions":5},"java":{"insertions":12,"deletions":8}}}]},{"date":"2025-09-14T00:00:00","commitResults":[{"hash":"eb44dc4286f40c9666292555c58e698ae6564b45","isMergeCommit":false,"messageTitle":"Add Assertions","messageBody":"","tags":["A-Assertions"],"fileTypesAndContributionMap":{"java":{"insertions":2,"deletions":3}}},{"hash":"a5697df385c28c419a700f4ad1d1f315f5e24231","isMergeCommit":false,"messageTitle":"Improve code quality of CommandParser","messageBody":"","tags":["A-CodeQuality"],"fileTypesAndContributionMap":{"java":{"insertions":54,"deletions":46}}},{"hash":"c23d423ecf02dcec8dec60c88956b4ccb6bb7234","isMergeCommit":true,"messageTitle":"Merge pull request #2 from coberculidae/branch-A-Assertions","messageBody":"Add Assertions","fileTypesAndContributionMap":{}},{"hash":"19fa5b29009ae597cd7b7b8f65e397d8b4c920f7","isMergeCommit":true,"messageTitle":"Merge branch \u0027master\u0027 into branch-A-CodeQuality","messageBody":"","tags":["merge-master-to-A-CodeQuality"],"fileTypesAndContributionMap":{}},{"hash":"83324a81a885e09f21508296e024828a8d29ab2b","isMergeCommit":true,"messageTitle":"Merge pull request #3 from coberculidae/branch-A-CodeQuality","messageBody":"Improve code quality","fileTypesAndContributionMap":{}}]},{"date":"2025-09-18T00:00:00","commitResults":[{"hash":"455c77ce3a95573e62af40cd718b9ce174e129eb","isMergeCommit":false,"messageTitle":"Add sort by name of task","messageBody":"","tags":["BCD-Extension"],"fileTypesAndContributionMap":{"java":{"insertions":67,"deletions":7}}},{"hash":"aa541df1b1f4a5fd9ba750d65ef8206e2393ed8a","isMergeCommit":false,"messageTitle":"Add tests using ChatGPT","messageBody":"","tags":["A-AiAssisted"],"fileTypesAndContributionMap":{"java":{"insertions":39,"deletions":0}}}]}]},"authorFileTypeContributionMap":{"coberculidae":{"java":1334,"md":0,"fxml":81,"sh":1,"bat":0,"gradle":22,"txt":7}},"authorContributionVariance":{"coberculidae":23567.26},"authorDisplayNameMap":{"coberculidae":"CS2103T-T17-1 TRUO.. MAI"}}
