{"authorDailyContributionsMap":{"keitht8y":[{"date":"2025-08-19T00:00:00","commitResults":[{"hash":"bfe0fd62e7316da953c5105d907f701bcfd33ec9","isMergeCommit":false,"messageTitle":"Add Monarch.java","messageBody":"","tags":["Level-0"],"fileTypesAndContributionMap":{"java":{"insertions":20,"deletions":0}}},{"hash":"6da9eacd7b57642d604df20bf883db642fbf9a2e","isMergeCommit":false,"messageTitle":"Add Echo function to Monarch.java","messageBody":"","tags":["Level-1"],"fileTypesAndContributionMap":{"java":{"insertions":44,"deletions":15}}},{"hash":"cc51cfd0f640bd8a67e5b14d5032c6f14909ae30","isMergeCommit":false,"messageTitle":"Add store and list function to Monarch.java","messageBody":"","tags":["Level-2"],"fileTypesAndContributionMap":{"java":{"insertions":21,"deletions":2}}},{"hash":"93db7b8e16d26dfb3ad5c5115e50ca5b089d3d48","isMergeCommit":false,"messageTitle":"Add \u0027Mark as Done\u0027 to Monarch","messageBody":"","tags":["Level-3"],"fileTypesAndContributionMap":{"java":{"insertions":56,"deletions":5}}}]},{"date":"2025-08-20T00:00:00","commitResults":[{"hash":"0ecd008f6ee4cca18bddae16219350a56a2dca5a","isMergeCommit":false,"messageTitle":"Add ToDos, Events, Deadlines to Monarch","messageBody":"","tags":["Level-4"],"fileTypesAndContributionMap":{"java":{"insertions":151,"deletions":49}}},{"hash":"2b7232f0d17ffbea62cf5c552856c2d2ad10f9d9","isMergeCommit":false,"messageTitle":"Add automated text UI testing","messageBody":"","tags":["A-TextUiTesting"],"fileTypesAndContributionMap":{"txt":{"insertions":6,"deletions":0},"java":{"insertions":1,"deletions":1},"bat":{"insertions":1,"deletions":1}}},{"hash":"931282d83f44a4c7ef315dd7853b957962fa15ce","isMergeCommit":false,"messageTitle":"Add error handling for Monarch","messageBody":"","tags":["Level-5"],"fileTypesAndContributionMap":{"java":{"insertions":62,"deletions":30}}},{"hash":"533077391df5cf6ddbd4c64e8ae162b757f8ff00","isMergeCommit":false,"messageTitle":"Add Delete to Monarch","messageBody":"","tags":["Level-6"],"fileTypesAndContributionMap":{"java":{"insertions":26,"deletions":19}}}]}]},"authorFileTypeContributionMap":{"keitht8y":{"java":270,"md":0,"fxml":0,"sh":0,"bat":1,"gradle":0,"txt":6}},"authorContributionVariance":{"keitht8y":9766.946},"authorDisplayNameMap":{"keitht8y":"TAY ..EITH"}}
