[{"path":"Chatterbox.java","fileType":"java","lines":[{"lineNumber":1,"author":{"gitId":"tkaixinn"},"content":"import java.util.Scanner;","lastModifiedDate":"2025-08-19T10:15:15","isFullCredit":false},{"lineNumber":2,"author":{"gitId":"tkaixinn"},"content":"import java.util.ArrayList;","lastModifiedDate":"2025-08-20T16:30:54","isFullCredit":false},{"lineNumber":3,"author":{"gitId":"tkaixinn"},"content":"import java.util.Arrays;","lastModifiedDate":"2025-08-20T16:30:54","isFullCredit":false},{"lineNumber":4,"author":{"gitId":"tkaixinn"},"content":"","lastModifiedDate":"2025-08-19T10:15:15","isFullCredit":false},{"lineNumber":5,"author":{"gitId":"tkaixinn"},"content":"public class Chatterbox {","lastModifiedDate":"2025-08-19T09:50:02","isFullCredit":false},{"lineNumber":6,"author":{"gitId":"tkaixinn"},"content":"    public static void main(String[] args) {","lastModifiedDate":"2025-08-19T09:50:02","isFullCredit":false},{"lineNumber":7,"author":{"gitId":"tkaixinn"},"content":"\tSystem.out.println(\"Hello! I\u0027m Chatterbox\");","lastModifiedDate":"2025-08-19T09:50:02","isFullCredit":false},{"lineNumber":8,"author":{"gitId":"tkaixinn"},"content":"\tSystem.out.println(\"What can I do for you?\");","lastModifiedDate":"2025-08-19T09:50:02","isFullCredit":false},{"lineNumber":9,"author":{"gitId":"tkaixinn"},"content":"","lastModifiedDate":"2025-08-19T09:50:02","isFullCredit":false},{"lineNumber":10,"author":{"gitId":"tkaixinn"},"content":"\tScanner scanner \u003d new Scanner(System.in);","lastModifiedDate":"2025-08-19T10:15:15","isFullCredit":false},{"lineNumber":11,"author":{"gitId":"tkaixinn"},"content":"","lastModifiedDate":"2025-08-19T09:50:02","isFullCredit":false},{"lineNumber":12,"author":{"gitId":"tkaixinn"},"content":"\tTask[] list \u003d new Task[100];","lastModifiedDate":"2025-08-19T11:59:21","isFullCredit":false},{"lineNumber":13,"author":{"gitId":"tkaixinn"},"content":"        int listCount \u003d 0;","lastModifiedDate":"2025-08-19T10:40:56","isFullCredit":false},{"lineNumber":14,"author":{"gitId":"tkaixinn"},"content":"","lastModifiedDate":"2025-08-19T10:40:56","isFullCredit":false},{"lineNumber":15,"author":{"gitId":"tkaixinn"},"content":"","lastModifiedDate":"2025-08-20T10:10:26","isFullCredit":false},{"lineNumber":16,"author":{"gitId":"tkaixinn"},"content":"\twhile (scanner.hasNextLine()) {","lastModifiedDate":"2025-08-20T09:19:38","isFullCredit":false},{"lineNumber":17,"author":{"gitId":"tkaixinn"},"content":"\t\tString message \u003d scanner.nextLine();","lastModifiedDate":"2025-08-20T09:19:38","isFullCredit":false},{"lineNumber":18,"author":{"gitId":"tkaixinn"},"content":"\t","lastModifiedDate":"2025-08-20T09:19:38","isFullCredit":false},{"lineNumber":19,"author":{"gitId":"tkaixinn"},"content":"\ttry {","lastModifiedDate":"2025-08-20T10:10:26","isFullCredit":false},{"lineNumber":20,"author":{"gitId":"tkaixinn"},"content":"\t     if (message.equals(\"todo\")) {","lastModifiedDate":"2025-08-20T10:10:26","isFullCredit":false},{"lineNumber":21,"author":{"gitId":"tkaixinn"},"content":"\t         throw new TodoException(\"SORRY!!! No empty description for a todo\");","lastModifiedDate":"2025-08-20T10:10:26","isFullCredit":false},{"lineNumber":22,"author":{"gitId":"tkaixinn"},"content":"\t      }","lastModifiedDate":"2025-08-20T10:10:26","isFullCredit":false},{"lineNumber":23,"author":{"gitId":"tkaixinn"},"content":"","lastModifiedDate":"2025-08-20T10:10:26","isFullCredit":false},{"lineNumber":24,"author":{"gitId":"tkaixinn"},"content":"\t     if (message.equals(\"deadline\")) {","lastModifiedDate":"2025-08-20T10:10:26","isFullCredit":false},{"lineNumber":25,"author":{"gitId":"tkaixinn"},"content":"\t\t throw new DeadlineException(\"SORRY!!! No empty description for a deadline\");","lastModifiedDate":"2025-08-20T10:10:26","isFullCredit":false},{"lineNumber":26,"author":{"gitId":"tkaixinn"},"content":"\t     }","lastModifiedDate":"2025-08-20T10:10:26","isFullCredit":false},{"lineNumber":27,"author":{"gitId":"tkaixinn"},"content":"","lastModifiedDate":"2025-08-20T10:10:26","isFullCredit":false},{"lineNumber":28,"author":{"gitId":"tkaixinn"},"content":"\t     if (message.equals(\"event\")) {","lastModifiedDate":"2025-08-20T10:10:26","isFullCredit":false},{"lineNumber":29,"author":{"gitId":"tkaixinn"},"content":"\t\t throw new EventException(\"SORRY!!! No empty description for an event\");","lastModifiedDate":"2025-08-20T10:10:26","isFullCredit":false},{"lineNumber":30,"author":{"gitId":"tkaixinn"},"content":"\t     }","lastModifiedDate":"2025-08-20T10:10:26","isFullCredit":false},{"lineNumber":31,"author":{"gitId":"tkaixinn"},"content":"\t","lastModifiedDate":"2025-08-20T10:10:26","isFullCredit":false},{"lineNumber":32,"author":{"gitId":"tkaixinn"},"content":"\t } catch (TodoException | DeadlineException |EventException e) {","lastModifiedDate":"2025-08-20T10:10:26","isFullCredit":false},{"lineNumber":33,"author":{"gitId":"tkaixinn"},"content":"\t          System.out.println(e.getMessage());","lastModifiedDate":"2025-08-20T10:10:26","isFullCredit":false},{"lineNumber":34,"author":{"gitId":"tkaixinn"},"content":"\t\t  continue;","lastModifiedDate":"2025-08-20T10:10:26","isFullCredit":false},{"lineNumber":35,"author":{"gitId":"tkaixinn"},"content":" \t }","lastModifiedDate":"2025-08-20T10:10:26","isFullCredit":false},{"lineNumber":36,"author":{"gitId":"tkaixinn"},"content":"\t     ","lastModifiedDate":"2025-08-20T10:10:26","isFullCredit":false},{"lineNumber":37,"author":{"gitId":"tkaixinn"},"content":"","lastModifiedDate":"2025-08-20T10:10:26","isFullCredit":false},{"lineNumber":38,"author":{"gitId":"tkaixinn"},"content":"\t     if (message.equals(\"bye\")) {","lastModifiedDate":"2025-08-20T09:19:38","isFullCredit":false},{"lineNumber":39,"author":{"gitId":"tkaixinn"},"content":"\t         System.out.println(\"Bye. Hope to see you again soon!\");","lastModifiedDate":"2025-08-20T09:19:38","isFullCredit":false},{"lineNumber":40,"author":{"gitId":"tkaixinn"},"content":"\t\t System.out.flush();","lastModifiedDate":"2025-08-20T09:19:38","isFullCredit":false},{"lineNumber":41,"author":{"gitId":"tkaixinn"},"content":"\t\t break;","lastModifiedDate":"2025-08-20T09:19:38","isFullCredit":false},{"lineNumber":42,"author":{"gitId":"tkaixinn"},"content":"\t\t}","lastModifiedDate":"2025-08-20T09:19:38","isFullCredit":false},{"lineNumber":43,"author":{"gitId":"tkaixinn"},"content":"","lastModifiedDate":"2025-08-19T11:59:21","isFullCredit":false},{"lineNumber":44,"author":{"gitId":"tkaixinn"},"content":"             if (message.contains(\"delete\")) {","lastModifiedDate":"2025-08-20T16:30:54","isFullCredit":false},{"lineNumber":45,"author":{"gitId":"tkaixinn"},"content":"                ArrayList\u003cTask\u003e newList \u003d new ArrayList\u003c\u003e(Arrays.asList(list));","lastModifiedDate":"2025-08-20T16:30:54","isFullCredit":false},{"lineNumber":46,"author":{"gitId":"tkaixinn"},"content":"                String[] indexArr \u003d message.split(\"\\\\s\", 2);","lastModifiedDate":"2025-08-20T16:30:54","isFullCredit":false},{"lineNumber":47,"author":{"gitId":"tkaixinn"},"content":"                int index \u003d Integer.parseInt(indexArr[1]);","lastModifiedDate":"2025-08-20T16:30:54","isFullCredit":false},{"lineNumber":48,"author":{"gitId":"tkaixinn"},"content":"                newList.remove(index - 1);","lastModifiedDate":"2025-08-20T16:30:54","isFullCredit":false},{"lineNumber":49,"author":{"gitId":"tkaixinn"},"content":"                list \u003d newList.toArray(new Task[0]);","lastModifiedDate":"2025-08-20T16:30:54","isFullCredit":false},{"lineNumber":50,"author":{"gitId":"tkaixinn"},"content":"\t\tlistCount--;","lastModifiedDate":"2025-08-20T16:30:54","isFullCredit":false},{"lineNumber":51,"author":{"gitId":"tkaixinn"},"content":"\t\tcontinue;","lastModifiedDate":"2025-08-20T16:30:54","isFullCredit":false},{"lineNumber":52,"author":{"gitId":"tkaixinn"},"content":"\t        }","lastModifiedDate":"2025-08-20T16:30:54","isFullCredit":false},{"lineNumber":53,"author":{"gitId":"tkaixinn"},"content":"","lastModifiedDate":"2025-08-20T16:30:54","isFullCredit":false},{"lineNumber":54,"author":{"gitId":"tkaixinn"},"content":"","lastModifiedDate":"2025-08-20T16:30:54","isFullCredit":false},{"lineNumber":55,"author":{"gitId":"tkaixinn"},"content":"\t    if (message.equals(\"list\")) {","lastModifiedDate":"2025-08-19T10:40:56","isFullCredit":false},{"lineNumber":56,"author":{"gitId":"tkaixinn"},"content":"\t\tSystem.out.println(\"Here are the tasks in your list:\");","lastModifiedDate":"2025-08-19T11:59:21","isFullCredit":false},{"lineNumber":57,"author":{"gitId":"tkaixinn"},"content":"\t\tfor (int i \u003d 0; i \u003c listCount; i++) {","lastModifiedDate":"2025-08-19T10:40:56","isFullCredit":false},{"lineNumber":58,"author":{"gitId":"tkaixinn"},"content":"\t\t    System.out.println((i + 1) + \".\" + list[i]);","lastModifiedDate":"2025-08-19T10:40:56","isFullCredit":false},{"lineNumber":59,"author":{"gitId":"tkaixinn"},"content":"\t\t}","lastModifiedDate":"2025-08-19T10:40:56","isFullCredit":false},{"lineNumber":60,"author":{"gitId":"tkaixinn"},"content":"\t\t","lastModifiedDate":"2025-08-19T11:59:21","isFullCredit":false},{"lineNumber":61,"author":{"gitId":"tkaixinn"},"content":"\t    } else if (message.contains(\"mark\")) {","lastModifiedDate":"2025-08-19T11:59:21","isFullCredit":false},{"lineNumber":62,"author":{"gitId":"tkaixinn"},"content":"\t\tString[] parts \u003d message.split(\"\\\\s+\");","lastModifiedDate":"2025-08-19T11:59:21","isFullCredit":false},{"lineNumber":63,"author":{"gitId":"tkaixinn"},"content":"\t\t    int trueTaskIndex \u003d Integer.parseInt(parts[1]) - 1;","lastModifiedDate":"2025-08-19T11:59:21","isFullCredit":false},{"lineNumber":64,"author":{"gitId":"tkaixinn"},"content":"                    Task trueTask \u003d list[trueTaskIndex];","lastModifiedDate":"2025-08-19T11:59:21","isFullCredit":false},{"lineNumber":65,"author":{"gitId":"tkaixinn"},"content":"    ","lastModifiedDate":"2025-08-19T11:59:21","isFullCredit":false},{"lineNumber":66,"author":{"gitId":"tkaixinn"},"content":"                if (parts[0].equals(\"mark\")) {","lastModifiedDate":"2025-08-19T11:59:21","isFullCredit":false},{"lineNumber":67,"author":{"gitId":"tkaixinn"},"content":"\t\t    trueTask.isDone \u003d true;","lastModifiedDate":"2025-08-19T11:59:21","isFullCredit":false},{"lineNumber":68,"author":{"gitId":"tkaixinn"},"content":"\t\t    System.out.println(\"Nice! I\u0027ve marked this task as done:\");","lastModifiedDate":"2025-08-19T11:59:21","isFullCredit":false},{"lineNumber":69,"author":{"gitId":"tkaixinn"},"content":"\t\t    System.out.println(trueTask);","lastModifiedDate":"2025-08-19T11:59:21","isFullCredit":false},{"lineNumber":70,"author":{"gitId":"tkaixinn"},"content":"\t\t} else if (parts[0].equals(\"unmark\")) {","lastModifiedDate":"2025-08-19T11:59:21","isFullCredit":false},{"lineNumber":71,"author":{"gitId":"tkaixinn"},"content":"\t\t    trueTask.isDone \u003d false;","lastModifiedDate":"2025-08-19T11:59:21","isFullCredit":false},{"lineNumber":72,"author":{"gitId":"tkaixinn"},"content":"\t\t    System.out.println(\"OK, I\u0027ve marked this task as not done yet:\");","lastModifiedDate":"2025-08-20T09:19:38","isFullCredit":false},{"lineNumber":73,"author":{"gitId":"tkaixinn"},"content":"\t\t    System.out.println(trueTask);","lastModifiedDate":"2025-08-19T11:59:21","isFullCredit":false},{"lineNumber":74,"author":{"gitId":"tkaixinn"},"content":"\t\t}","lastModifiedDate":"2025-08-19T11:59:21","isFullCredit":false},{"lineNumber":75,"author":{"gitId":"tkaixinn"},"content":"\t    } else {","lastModifiedDate":"2025-08-19T10:40:56","isFullCredit":false},{"lineNumber":76,"author":{"gitId":"tkaixinn"},"content":"\t\t\tTask currentTask \u003d null;","lastModifiedDate":"2025-08-19T16:01:48","isFullCredit":false},{"lineNumber":77,"author":{"gitId":"tkaixinn"},"content":"","lastModifiedDate":"2025-08-19T16:01:48","isFullCredit":false},{"lineNumber":78,"author":{"gitId":"tkaixinn"},"content":"\t\t\tif (message.contains(\"todo\")) {","lastModifiedDate":"2025-08-19T16:01:48","isFullCredit":false},{"lineNumber":79,"author":{"gitId":"tkaixinn"},"content":"\t\t\t\tString[] parts \u003d message.split(\"\\\\s\", 2);","lastModifiedDate":"2025-08-19T16:01:48","isFullCredit":false},{"lineNumber":80,"author":{"gitId":"tkaixinn"},"content":"\t\t\t\tcurrentTask \u003d new Todo(parts[1]);","lastModifiedDate":"2025-08-19T16:01:48","isFullCredit":false},{"lineNumber":81,"author":{"gitId":"tkaixinn"},"content":"","lastModifiedDate":"2025-08-19T16:01:48","isFullCredit":false},{"lineNumber":82,"author":{"gitId":"tkaixinn"},"content":"\t\t\t} else if (message.contains(\"deadline\")) {","lastModifiedDate":"2025-08-19T16:01:48","isFullCredit":false},{"lineNumber":83,"author":{"gitId":"tkaixinn"},"content":"\t\t\t\tString[] parts \u003d message.split(\"\\\\s\", 2);","lastModifiedDate":"2025-08-19T16:01:48","isFullCredit":false},{"lineNumber":84,"author":{"gitId":"tkaixinn"},"content":"\t\t\t\tcurrentTask \u003d new Deadline(parts[1]);","lastModifiedDate":"2025-08-19T16:01:48","isFullCredit":false},{"lineNumber":85,"author":{"gitId":"tkaixinn"},"content":"","lastModifiedDate":"2025-08-20T10:10:26","isFullCredit":false},{"lineNumber":86,"author":{"gitId":"tkaixinn"},"content":"\t\t\t} else if (message.contains(\"event\")) {","lastModifiedDate":"2025-08-19T16:01:48","isFullCredit":false},{"lineNumber":87,"author":{"gitId":"tkaixinn"},"content":"\t\t\t\tString[] parts \u003d message.split(\"/\", 3);","lastModifiedDate":"2025-08-19T16:01:48","isFullCredit":false},{"lineNumber":88,"author":{"gitId":"tkaixinn"},"content":"\t\t\t\tString[] taskName \u003d parts[0].split(\"\\\\s\", 2);","lastModifiedDate":"2025-08-19T16:01:48","isFullCredit":false},{"lineNumber":89,"author":{"gitId":"tkaixinn"},"content":"\t\t\t\tcurrentTask \u003d new Event(taskName[1], parts[1], parts[2]);","lastModifiedDate":"2025-08-19T16:01:48","isFullCredit":false},{"lineNumber":90,"author":{"gitId":"tkaixinn"},"content":"\t\t\t} else {","lastModifiedDate":"2025-08-20T10:10:26","isFullCredit":false},{"lineNumber":91,"author":{"gitId":"tkaixinn"},"content":"\t\t\t\ttry {","lastModifiedDate":"2025-08-20T10:10:26","isFullCredit":false},{"lineNumber":92,"author":{"gitId":"tkaixinn"},"content":"\t\t\t            throw new NilException(\"SORRY!!! I don\u0027t know what that means\");","lastModifiedDate":"2025-08-20T10:10:26","isFullCredit":false},{"lineNumber":93,"author":{"gitId":"tkaixinn"},"content":"\t\t\t\t} catch (NilException e) {","lastModifiedDate":"2025-08-20T10:10:26","isFullCredit":false},{"lineNumber":94,"author":{"gitId":"tkaixinn"},"content":"\t\t\t\t    System.out.println(e.getMessage());","lastModifiedDate":"2025-08-20T10:10:26","isFullCredit":false},{"lineNumber":95,"author":{"gitId":"tkaixinn"},"content":"\t\t\t\t    continue;","lastModifiedDate":"2025-08-20T10:10:26","isFullCredit":false},{"lineNumber":96,"author":{"gitId":"tkaixinn"},"content":"\t\t\t\t}    ","lastModifiedDate":"2025-08-20T10:10:26","isFullCredit":false},{"lineNumber":97,"author":{"gitId":"tkaixinn"},"content":"\t\t\t} ","lastModifiedDate":"2025-08-19T16:01:48","isFullCredit":false},{"lineNumber":98,"author":{"gitId":"tkaixinn"},"content":"","lastModifiedDate":"2025-08-19T16:01:48","isFullCredit":false},{"lineNumber":99,"author":{"gitId":"tkaixinn"},"content":"\t\t\tif (currentTask !\u003d null) {","lastModifiedDate":"2025-08-19T16:01:48","isFullCredit":false},{"lineNumber":100,"author":{"gitId":"tkaixinn"},"content":"\t\t\t\tSystem.out.println(\"Got it. I\u0027ve added this task:\");","lastModifiedDate":"2025-08-19T16:01:48","isFullCredit":false},{"lineNumber":101,"author":{"gitId":"tkaixinn"},"content":"\t\t\t\tSystem.out.println(currentTask);","lastModifiedDate":"2025-08-19T16:01:48","isFullCredit":false},{"lineNumber":102,"author":{"gitId":"tkaixinn"},"content":"\t\t\t\tlist[listCount] \u003d currentTask;","lastModifiedDate":"2025-08-19T11:59:21","isFullCredit":false},{"lineNumber":103,"author":{"gitId":"tkaixinn"},"content":"\t\t\t\tlistCount++;","lastModifiedDate":"2025-08-19T10:40:56","isFullCredit":false},{"lineNumber":104,"author":{"gitId":"tkaixinn"},"content":"\t\t\t\tSystem.out.println(\"Now you have \" + listCount + \" tasks in the list.\");","lastModifiedDate":"2025-08-19T16:01:48","isFullCredit":false},{"lineNumber":105,"author":{"gitId":"tkaixinn"},"content":"\t\t\t}","lastModifiedDate":"2025-08-19T16:01:48","isFullCredit":false},{"lineNumber":106,"author":{"gitId":"tkaixinn"},"content":"\t\t}","lastModifiedDate":"2025-08-19T10:40:56","isFullCredit":false},{"lineNumber":107,"author":{"gitId":"tkaixinn"},"content":"\t}","lastModifiedDate":"2025-08-19T10:15:15","isFullCredit":false},{"lineNumber":108,"author":{"gitId":"tkaixinn"},"content":"\tscanner.close();\t","lastModifiedDate":"2025-08-19T10:15:15","isFullCredit":false},{"lineNumber":109,"author":{"gitId":"tkaixinn"},"content":"    }","lastModifiedDate":"2025-08-19T09:50:02","isFullCredit":false},{"lineNumber":110,"author":{"gitId":"tkaixinn"},"content":"}","lastModifiedDate":"2025-08-19T09:50:02","isFullCredit":false},{"lineNumber":111,"author":{"gitId":"tkaixinn"},"content":"","lastModifiedDate":"2025-08-19T09:50:02","isFullCredit":false}],"authorContributionMap":{"tkaixinn":111}},{"path":"Deadline.java","fileType":"java","lines":[{"lineNumber":1,"author":{"gitId":"tkaixinn"},"content":"public class Deadline extends Task { ","lastModifiedDate":"2025-08-19T16:01:48","isFullCredit":false},{"lineNumber":2,"author":{"gitId":"tkaixinn"},"content":"    public String date;","lastModifiedDate":"2025-08-19T16:01:48","isFullCredit":false},{"lineNumber":3,"author":{"gitId":"tkaixinn"},"content":"","lastModifiedDate":"2025-08-19T16:01:48","isFullCredit":false},{"lineNumber":4,"author":{"gitId":"tkaixinn"},"content":"    public Deadline(String description) {","lastModifiedDate":"2025-08-19T16:01:48","isFullCredit":false},{"lineNumber":5,"author":{"gitId":"tkaixinn"},"content":"\tsuper(description.split(\"/\", 2)[0]);","lastModifiedDate":"2025-08-19T16:01:48","isFullCredit":false},{"lineNumber":6,"author":{"gitId":"tkaixinn"},"content":"\tString byDate \u003d description.split(\"/\", 2)[1];","lastModifiedDate":"2025-08-19T16:01:48","isFullCredit":false},{"lineNumber":7,"author":{"gitId":"tkaixinn"},"content":"\tString[] splitAgain \u003d byDate.split(\"\\\\s\", 2);","lastModifiedDate":"2025-08-19T16:01:48","isFullCredit":false},{"lineNumber":8,"author":{"gitId":"tkaixinn"},"content":"        this.date \u003d splitAgain[1];","lastModifiedDate":"2025-08-19T16:01:48","isFullCredit":false},{"lineNumber":9,"author":{"gitId":"tkaixinn"},"content":"    } ","lastModifiedDate":"2025-08-19T16:01:48","isFullCredit":false},{"lineNumber":10,"author":{"gitId":"tkaixinn"},"content":"","lastModifiedDate":"2025-08-19T16:01:48","isFullCredit":false},{"lineNumber":11,"author":{"gitId":"tkaixinn"},"content":"    @Override ","lastModifiedDate":"2025-08-19T16:01:48","isFullCredit":false},{"lineNumber":12,"author":{"gitId":"tkaixinn"},"content":"    public String toString() { ","lastModifiedDate":"2025-08-19T16:01:48","isFullCredit":false},{"lineNumber":13,"author":{"gitId":"tkaixinn"},"content":"\treturn \"[D]\" + super.toString() + \"(by: \" + date + \")\";","lastModifiedDate":"2025-08-19T16:01:48","isFullCredit":false},{"lineNumber":14,"author":{"gitId":"tkaixinn"},"content":"","lastModifiedDate":"2025-08-19T16:01:48","isFullCredit":false},{"lineNumber":15,"author":{"gitId":"tkaixinn"},"content":"    }","lastModifiedDate":"2025-08-19T16:01:48","isFullCredit":false},{"lineNumber":16,"author":{"gitId":"tkaixinn"},"content":"}","lastModifiedDate":"2025-08-19T16:01:48","isFullCredit":false},{"lineNumber":17,"author":{"gitId":"tkaixinn"},"content":"  ","lastModifiedDate":"2025-08-19T16:01:48","isFullCredit":false}],"authorContributionMap":{"tkaixinn":17}},{"path":"DeadlineException.java","fileType":"java","lines":[{"lineNumber":1,"author":{"gitId":"tkaixinn"},"content":"public class DeadlineException extends Exception { ","lastModifiedDate":"2025-08-20T10:10:26","isFullCredit":false},{"lineNumber":2,"author":{"gitId":"tkaixinn"},"content":"    public DeadlineException(String message) { ","lastModifiedDate":"2025-08-20T10:10:26","isFullCredit":false},{"lineNumber":3,"author":{"gitId":"tkaixinn"},"content":"\tsuper(message);","lastModifiedDate":"2025-08-20T10:10:26","isFullCredit":false},{"lineNumber":4,"author":{"gitId":"tkaixinn"},"content":"    }","lastModifiedDate":"2025-08-20T10:10:26","isFullCredit":false},{"lineNumber":5,"author":{"gitId":"tkaixinn"},"content":"}","lastModifiedDate":"2025-08-20T10:10:26","isFullCredit":false},{"lineNumber":6,"author":{"gitId":"tkaixinn"},"content":"","lastModifiedDate":"2025-08-20T10:10:26","isFullCredit":false}],"authorContributionMap":{"tkaixinn":6}},{"path":"Event.java","fileType":"java","lines":[{"lineNumber":1,"author":{"gitId":"tkaixinn"},"content":"public class Event extends Task { ","lastModifiedDate":"2025-08-19T16:01:48","isFullCredit":false},{"lineNumber":2,"author":{"gitId":"tkaixinn"},"content":"    String fromPart;","lastModifiedDate":"2025-08-19T16:01:48","isFullCredit":false},{"lineNumber":3,"author":{"gitId":"tkaixinn"},"content":"    String toPart;","lastModifiedDate":"2025-08-19T16:01:48","isFullCredit":false},{"lineNumber":4,"author":{"gitId":"tkaixinn"},"content":"","lastModifiedDate":"2025-08-19T16:01:48","isFullCredit":false},{"lineNumber":5,"author":{"gitId":"tkaixinn"},"content":"    public Event(String description, String fromPart, String toPart) { ","lastModifiedDate":"2025-08-19T16:01:48","isFullCredit":false},{"lineNumber":6,"author":{"gitId":"tkaixinn"},"content":"\tsuper(description);","lastModifiedDate":"2025-08-19T16:01:48","isFullCredit":false},{"lineNumber":7,"author":{"gitId":"tkaixinn"},"content":"\t","lastModifiedDate":"2025-08-19T16:01:48","isFullCredit":false},{"lineNumber":8,"author":{"gitId":"tkaixinn"},"content":"\tthis.fromPart \u003d fromPart.split(\"\\\\s\", 2)[1];","lastModifiedDate":"2025-08-19T16:01:48","isFullCredit":false},{"lineNumber":9,"author":{"gitId":"tkaixinn"},"content":"\tthis.toPart \u003d toPart.split(\"\\\\s\", 2)[1];","lastModifiedDate":"2025-08-19T16:01:48","isFullCredit":false},{"lineNumber":10,"author":{"gitId":"tkaixinn"},"content":"    }","lastModifiedDate":"2025-08-19T16:01:48","isFullCredit":false},{"lineNumber":11,"author":{"gitId":"tkaixinn"},"content":"","lastModifiedDate":"2025-08-19T16:01:48","isFullCredit":false},{"lineNumber":12,"author":{"gitId":"tkaixinn"},"content":"    @Override","lastModifiedDate":"2025-08-19T16:01:48","isFullCredit":false},{"lineNumber":13,"author":{"gitId":"tkaixinn"},"content":"    public String toString() {","lastModifiedDate":"2025-08-19T16:01:48","isFullCredit":false},{"lineNumber":14,"author":{"gitId":"tkaixinn"},"content":"\treturn \"[E]\" + super.toString() + \"(from: \"+ fromPart + \"to: \" + toPart + \")\";","lastModifiedDate":"2025-08-19T16:01:48","isFullCredit":false},{"lineNumber":15,"author":{"gitId":"tkaixinn"},"content":"    }\t","lastModifiedDate":"2025-08-19T16:01:48","isFullCredit":false},{"lineNumber":16,"author":{"gitId":"tkaixinn"},"content":"}","lastModifiedDate":"2025-08-19T16:01:48","isFullCredit":false},{"lineNumber":17,"author":{"gitId":"tkaixinn"},"content":"","lastModifiedDate":"2025-08-19T16:01:48","isFullCredit":false}],"authorContributionMap":{"tkaixinn":17}},{"path":"EventException.java","fileType":"java","lines":[{"lineNumber":1,"author":{"gitId":"tkaixinn"},"content":"public class EventException extends Exception {","lastModifiedDate":"2025-08-20T10:10:26","isFullCredit":false},{"lineNumber":2,"author":{"gitId":"tkaixinn"},"content":"    public EventException(String message) {","lastModifiedDate":"2025-08-20T10:10:26","isFullCredit":false},{"lineNumber":3,"author":{"gitId":"tkaixinn"},"content":"\tsuper(message);","lastModifiedDate":"2025-08-20T10:10:26","isFullCredit":false},{"lineNumber":4,"author":{"gitId":"tkaixinn"},"content":"    }","lastModifiedDate":"2025-08-20T10:10:26","isFullCredit":false},{"lineNumber":5,"author":{"gitId":"tkaixinn"},"content":"}","lastModifiedDate":"2025-08-20T10:10:26","isFullCredit":false}],"authorContributionMap":{"tkaixinn":5}},{"path":"NilException.java","fileType":"java","lines":[{"lineNumber":1,"author":{"gitId":"tkaixinn"},"content":"public class NilException extends Exception {","lastModifiedDate":"2025-08-20T10:10:26","isFullCredit":false},{"lineNumber":2,"author":{"gitId":"tkaixinn"},"content":"    public NilException(String message) {","lastModifiedDate":"2025-08-20T10:10:26","isFullCredit":false},{"lineNumber":3,"author":{"gitId":"tkaixinn"},"content":"\tsuper(message);","lastModifiedDate":"2025-08-20T10:10:26","isFullCredit":false},{"lineNumber":4,"author":{"gitId":"tkaixinn"},"content":"    }","lastModifiedDate":"2025-08-20T10:10:26","isFullCredit":false},{"lineNumber":5,"author":{"gitId":"tkaixinn"},"content":"}","lastModifiedDate":"2025-08-20T10:10:26","isFullCredit":false}],"authorContributionMap":{"tkaixinn":5}},{"path":"Task.java","fileType":"java","lines":[{"lineNumber":1,"author":{"gitId":"tkaixinn"},"content":"public class Task {","lastModifiedDate":"2025-08-19T11:59:21","isFullCredit":false},{"lineNumber":2,"author":{"gitId":"tkaixinn"},"content":"    protected String description;","lastModifiedDate":"2025-08-19T11:59:21","isFullCredit":false},{"lineNumber":3,"author":{"gitId":"tkaixinn"},"content":"    protected boolean isDone;","lastModifiedDate":"2025-08-19T11:59:21","isFullCredit":false},{"lineNumber":4,"author":{"gitId":"tkaixinn"},"content":"","lastModifiedDate":"2025-08-19T11:59:21","isFullCredit":false},{"lineNumber":5,"author":{"gitId":"tkaixinn"},"content":"    public Task(String description) {","lastModifiedDate":"2025-08-19T11:59:21","isFullCredit":false},{"lineNumber":6,"author":{"gitId":"tkaixinn"},"content":"\tthis.description \u003d description;","lastModifiedDate":"2025-08-19T11:59:21","isFullCredit":false},{"lineNumber":7,"author":{"gitId":"tkaixinn"},"content":"\tthis.isDone \u003d false;","lastModifiedDate":"2025-08-19T11:59:21","isFullCredit":false},{"lineNumber":8,"author":{"gitId":"tkaixinn"},"content":"    }","lastModifiedDate":"2025-08-19T11:59:21","isFullCredit":false},{"lineNumber":9,"author":{"gitId":"tkaixinn"},"content":"","lastModifiedDate":"2025-08-19T11:59:21","isFullCredit":false},{"lineNumber":10,"author":{"gitId":"tkaixinn"},"content":"    public String getStatusIcon() {","lastModifiedDate":"2025-08-19T11:59:21","isFullCredit":false},{"lineNumber":11,"author":{"gitId":"tkaixinn"},"content":"        return (isDone ? \"X\" : \" \");","lastModifiedDate":"2025-08-19T11:59:21","isFullCredit":false},{"lineNumber":12,"author":{"gitId":"tkaixinn"},"content":"    }","lastModifiedDate":"2025-08-19T11:59:21","isFullCredit":false},{"lineNumber":13,"author":{"gitId":"tkaixinn"},"content":" ","lastModifiedDate":"2025-08-19T11:59:21","isFullCredit":false},{"lineNumber":14,"author":{"gitId":"tkaixinn"},"content":"    public void markAsDone() {","lastModifiedDate":"2025-08-19T11:59:21","isFullCredit":false},{"lineNumber":15,"author":{"gitId":"tkaixinn"},"content":"\tisDone \u003d true;","lastModifiedDate":"2025-08-19T11:59:21","isFullCredit":false},{"lineNumber":16,"author":{"gitId":"tkaixinn"},"content":"    }","lastModifiedDate":"2025-08-19T11:59:21","isFullCredit":false},{"lineNumber":17,"author":{"gitId":"tkaixinn"},"content":"","lastModifiedDate":"2025-08-19T11:59:21","isFullCredit":false},{"lineNumber":18,"author":{"gitId":"tkaixinn"},"content":"    public String toString() {","lastModifiedDate":"2025-08-19T11:59:21","isFullCredit":false},{"lineNumber":19,"author":{"gitId":"tkaixinn"},"content":"\treturn \"[\" + this.getStatusIcon() + \"] \" + description;","lastModifiedDate":"2025-08-19T11:59:21","isFullCredit":false},{"lineNumber":20,"author":{"gitId":"tkaixinn"},"content":"    }     ","lastModifiedDate":"2025-08-19T11:59:21","isFullCredit":false},{"lineNumber":21,"author":{"gitId":"tkaixinn"},"content":"}   ","lastModifiedDate":"2025-08-19T11:59:21","isFullCredit":false},{"lineNumber":22,"author":{"gitId":"tkaixinn"},"content":" ","lastModifiedDate":"2025-08-19T11:59:21","isFullCredit":false}],"authorContributionMap":{"tkaixinn":22}},{"path":"Todo.java","fileType":"java","lines":[{"lineNumber":1,"author":{"gitId":"tkaixinn"},"content":"public class Todo extends Task {","lastModifiedDate":"2025-08-19T16:01:48","isFullCredit":false},{"lineNumber":2,"author":{"gitId":"tkaixinn"},"content":"","lastModifiedDate":"2025-08-19T16:01:48","isFullCredit":false},{"lineNumber":3,"author":{"gitId":"tkaixinn"},"content":"    public Todo(String description) {","lastModifiedDate":"2025-08-19T16:01:48","isFullCredit":false},{"lineNumber":4,"author":{"gitId":"tkaixinn"},"content":"\tsuper(description);","lastModifiedDate":"2025-08-19T16:01:48","isFullCredit":false},{"lineNumber":5,"author":{"gitId":"tkaixinn"},"content":"    } ","lastModifiedDate":"2025-08-19T16:01:48","isFullCredit":false},{"lineNumber":6,"author":{"gitId":"tkaixinn"},"content":"","lastModifiedDate":"2025-08-19T16:01:48","isFullCredit":false},{"lineNumber":7,"author":{"gitId":"tkaixinn"},"content":"    @Override","lastModifiedDate":"2025-08-19T16:01:48","isFullCredit":false},{"lineNumber":8,"author":{"gitId":"tkaixinn"},"content":"    public String toString() {","lastModifiedDate":"2025-08-19T16:01:48","isFullCredit":false},{"lineNumber":9,"author":{"gitId":"tkaixinn"},"content":"\treturn \"[T]\" + super.toString();","lastModifiedDate":"2025-08-19T16:01:48","isFullCredit":false},{"lineNumber":10,"author":{"gitId":"tkaixinn"},"content":"    }","lastModifiedDate":"2025-08-19T16:01:48","isFullCredit":false},{"lineNumber":11,"author":{"gitId":"tkaixinn"},"content":"}","lastModifiedDate":"2025-08-19T16:01:48","isFullCredit":false}],"authorContributionMap":{"tkaixinn":11}},{"path":"TodoException.java","fileType":"java","lines":[{"lineNumber":1,"author":{"gitId":"tkaixinn"},"content":"public class TodoException extends Exception { ","lastModifiedDate":"2025-08-20T10:10:26","isFullCredit":false},{"lineNumber":2,"author":{"gitId":"tkaixinn"},"content":"    public TodoException(String message) {","lastModifiedDate":"2025-08-20T10:10:26","isFullCredit":false},{"lineNumber":3,"author":{"gitId":"tkaixinn"},"content":"\tsuper(message);","lastModifiedDate":"2025-08-20T10:10:26","isFullCredit":false},{"lineNumber":4,"author":{"gitId":"tkaixinn"},"content":"    }","lastModifiedDate":"2025-08-20T10:10:26","isFullCredit":false},{"lineNumber":5,"author":{"gitId":"tkaixinn"},"content":"}","lastModifiedDate":"2025-08-20T10:10:26","isFullCredit":false}],"authorContributionMap":{"tkaixinn":5}},{"path":"text-ui-test/input.txt","fileType":"txt","lines":[{"lineNumber":1,"author":{"gitId":"tkaixinn"},"content":"todo borrow book","lastModifiedDate":"2025-08-20T09:19:38","isFullCredit":false},{"lineNumber":2,"author":{"gitId":"tkaixinn"},"content":"deadline return book /by Sunday","lastModifiedDate":"2025-08-20T09:19:38","isFullCredit":false},{"lineNumber":3,"author":{"gitId":"tkaixinn"},"content":"event project meeting /from Mon 2pm /to 4pm","lastModifiedDate":"2025-08-20T09:19:38","isFullCredit":false},{"lineNumber":4,"author":{"gitId":"tkaixinn"},"content":"mark 1","lastModifiedDate":"2025-08-20T09:19:38","isFullCredit":false},{"lineNumber":5,"author":{"gitId":"tkaixinn"},"content":"mark 2","lastModifiedDate":"2025-08-20T09:19:38","isFullCredit":false},{"lineNumber":6,"author":{"gitId":"tkaixinn"},"content":"unmark 1","lastModifiedDate":"2025-08-20T09:19:38","isFullCredit":false},{"lineNumber":7,"author":{"gitId":"tkaixinn"},"content":"list","lastModifiedDate":"2025-08-20T09:19:38","isFullCredit":false},{"lineNumber":8,"author":{"gitId":"tkaixinn"},"content":"bye","lastModifiedDate":"2025-08-20T09:19:38","isFullCredit":false}],"authorContributionMap":{"tkaixinn":8}},{"path":"text-ui-test/runtest.sh","fileType":"sh","lines":[{"lineNumber":1,"author":{"gitId":"-"},"content":"#!/usr/bin/env bash","lastModifiedDate":"2020-05-25T00:03:55","isFullCredit":false},{"lineNumber":2,"author":{"gitId":"-"},"content":"","lastModifiedDate":"2020-05-25T00:03:55","isFullCredit":false},{"lineNumber":3,"author":{"gitId":"-"},"content":"# create bin directory if it doesn\u0027t exist","lastModifiedDate":"2020-05-25T00:03:55","isFullCredit":false},{"lineNumber":4,"author":{"gitId":"-"},"content":"if [ ! -d \"../bin\" ]","lastModifiedDate":"2020-05-25T00:03:55","isFullCredit":false},{"lineNumber":5,"author":{"gitId":"-"},"content":"then","lastModifiedDate":"2020-05-25T00:03:55","isFullCredit":false},{"lineNumber":6,"author":{"gitId":"-"},"content":"    mkdir ../bin","lastModifiedDate":"2020-05-25T00:03:55","isFullCredit":false},{"lineNumber":7,"author":{"gitId":"-"},"content":"fi","lastModifiedDate":"2020-05-25T00:03:55","isFullCredit":false},{"lineNumber":8,"author":{"gitId":"-"},"content":"","lastModifiedDate":"2020-05-25T00:03:55","isFullCredit":false},{"lineNumber":9,"author":{"gitId":"-"},"content":"# delete output from previous run","lastModifiedDate":"2020-05-25T00:03:55","isFullCredit":false},{"lineNumber":10,"author":{"gitId":"-"},"content":"if [ -e \"./ACTUAL.TXT\" ]","lastModifiedDate":"2020-05-25T00:03:55","isFullCredit":false},{"lineNumber":11,"author":{"gitId":"-"},"content":"then","lastModifiedDate":"2020-05-25T00:03:55","isFullCredit":false},{"lineNumber":12,"author":{"gitId":"-"},"content":"    rm ACTUAL.TXT","lastModifiedDate":"2020-05-25T00:03:55","isFullCredit":false},{"lineNumber":13,"author":{"gitId":"-"},"content":"fi","lastModifiedDate":"2020-05-25T00:03:55","isFullCredit":false},{"lineNumber":14,"author":{"gitId":"-"},"content":"","lastModifiedDate":"2020-05-25T00:03:55","isFullCredit":false},{"lineNumber":15,"author":{"gitId":"-"},"content":"# compile the code into the bin folder, terminates if error occurred","lastModifiedDate":"2020-05-25T00:03:55","isFullCredit":false},{"lineNumber":16,"author":{"gitId":"-"},"content":"if ! javac -cp ../src/main/java -Xlint:none -d ../bin ../src/main/java/*.java","lastModifiedDate":"2020-08-25T17:23:26","isFullCredit":false},{"lineNumber":17,"author":{"gitId":"-"},"content":"then","lastModifiedDate":"2020-05-25T00:03:55","isFullCredit":false},{"lineNumber":18,"author":{"gitId":"-"},"content":"    echo \"********** BUILD FAILURE **********\"","lastModifiedDate":"2020-05-25T00:03:55","isFullCredit":false},{"lineNumber":19,"author":{"gitId":"-"},"content":"    exit 1","lastModifiedDate":"2020-05-25T00:03:55","isFullCredit":false},{"lineNumber":20,"author":{"gitId":"-"},"content":"fi","lastModifiedDate":"2020-05-25T00:03:55","isFullCredit":false},{"lineNumber":21,"author":{"gitId":"-"},"content":"","lastModifiedDate":"2020-05-25T00:03:55","isFullCredit":false},{"lineNumber":22,"author":{"gitId":"-"},"content":"# run the program, feed commands from input.txt file and redirect the output to the ACTUAL.TXT","lastModifiedDate":"2020-05-25T00:03:55","isFullCredit":false},{"lineNumber":23,"author":{"gitId":"tkaixinn"},"content":"java -classpath ../bin Chatterbox \u003c input.txt \u003e ACTUAL.TXT","lastModifiedDate":"2025-08-20T09:19:38","isFullCredit":false},{"lineNumber":24,"author":{"gitId":"-"},"content":"","lastModifiedDate":"2020-05-25T00:03:55","isFullCredit":false},{"lineNumber":25,"author":{"gitId":"-"},"content":"# convert to UNIX format","lastModifiedDate":"2020-05-25T00:03:55","isFullCredit":false},{"lineNumber":26,"author":{"gitId":"-"},"content":"cp EXPECTED.TXT EXPECTED-UNIX.TXT","lastModifiedDate":"2020-05-25T00:03:55","isFullCredit":false},{"lineNumber":27,"author":{"gitId":"-"},"content":"dos2unix ACTUAL.TXT EXPECTED-UNIX.TXT","lastModifiedDate":"2020-05-25T00:03:55","isFullCredit":false},{"lineNumber":28,"author":{"gitId":"-"},"content":"","lastModifiedDate":"2020-05-25T00:03:55","isFullCredit":false},{"lineNumber":29,"author":{"gitId":"-"},"content":"# compare the output to the expected output","lastModifiedDate":"2020-05-25T00:03:55","isFullCredit":false},{"lineNumber":30,"author":{"gitId":"-"},"content":"diff ACTUAL.TXT EXPECTED-UNIX.TXT","lastModifiedDate":"2020-05-25T00:03:55","isFullCredit":false},{"lineNumber":31,"author":{"gitId":"-"},"content":"if [ $? -eq 0 ]","lastModifiedDate":"2020-05-25T00:03:55","isFullCredit":false},{"lineNumber":32,"author":{"gitId":"-"},"content":"then","lastModifiedDate":"2020-05-25T00:03:55","isFullCredit":false},{"lineNumber":33,"author":{"gitId":"-"},"content":"    echo \"Test result: PASSED\"","lastModifiedDate":"2020-05-25T00:03:55","isFullCredit":false},{"lineNumber":34,"author":{"gitId":"-"},"content":"    exit 0","lastModifiedDate":"2020-05-25T00:03:55","isFullCredit":false},{"lineNumber":35,"author":{"gitId":"-"},"content":"else","lastModifiedDate":"2020-05-25T00:03:55","isFullCredit":false},{"lineNumber":36,"author":{"gitId":"-"},"content":"    echo \"Test result: FAILED\"","lastModifiedDate":"2020-05-25T00:03:55","isFullCredit":false},{"lineNumber":37,"author":{"gitId":"-"},"content":"    exit 1","lastModifiedDate":"2020-05-25T00:03:55","isFullCredit":false},{"lineNumber":38,"author":{"gitId":"-"},"content":"fi","lastModifiedDate":"2020-05-25T00:03:55","isFullCredit":false}],"authorContributionMap":{"tkaixinn":1,"-":37}}]
