{"authorDailyContributionsMap":{"tkaixinn":[{"date":"2025-08-19T00:00:00","commitResults":[{"hash":"b6d9b92e00d4951719de3d230c0db45c1e03e8fa","isMergeCommit":false,"messageTitle":"Finished Level 0","messageBody":"","tags":["Level-0"],"fileTypesAndContributionMap":{"java":{"insertions":10,"deletions":0}}},{"hash":"0bc0b029a118ab280ea9d5738270143effa142ea","isMergeCommit":false,"messageTitle":"Finished Level-1","messageBody":"","tags":["Level-1"],"fileTypesAndContributionMap":{"java":{"insertions":11,"deletions":1}}},{"hash":"8393f72a5c00b1bf0644a4d8af898d3383cda4d2","isMergeCommit":false,"messageTitle":"Finished Level-2","messageBody":"","tags":["Level-2"],"fileTypesAndContributionMap":{"java":{"insertions":13,"deletions":3}}},{"hash":"3bf24a2064e61a80d316c6de7b114fce3503f487","isMergeCommit":false,"messageTitle":"Finished Level-3","messageBody":"","tags":["Level-3"],"fileTypesAndContributionMap":{"java":{"insertions":42,"deletions":2}}},{"hash":"97d5ba260aacf6b41b2cc77f8e754d3a14edf0d0","isMergeCommit":false,"messageTitle":"Finished Level -4","messageBody":"","tags":["Level-4"],"fileTypesAndContributionMap":{"java":{"insertions":69,"deletions":6}}}]},{"date":"2025-08-20T00:00:00","commitResults":[{"hash":"6f9d3f7a2491aa2fab74f929df213d7e2db88704","isMergeCommit":false,"messageTitle":"Finished A-TextUiTesting","messageBody":"","tags":["A-TextUiTesting"],"fileTypesAndContributionMap":{"txt":{"insertions":8,"deletions":0},"java":{"insertions":32,"deletions":28},"sh":{"insertions":2,"deletions":2}}},{"hash":"c77fa0f294d30e57cf9931360b3d55c83084c304","isMergeCommit":false,"messageTitle":"Finished Level-5","messageBody":"","tags":["Level-5"],"fileTypesAndContributionMap":{"java":{"insertions":54,"deletions":5}}},{"hash":"54604c4376a7b8a5229bf57b9d2b2b910a3af2c6","isMergeCommit":false,"messageTitle":"Finished Level-6","messageBody":"","tags":["Level-6"],"fileTypesAndContributionMap":{"java":{"insertions":14,"deletions":1}}}]},{"date":"2025-08-22T00:00:00","commitResults":[{"hash":"ee3faccc62a523803df47da9a8e7158f55240709","isMergeCommit":false,"messageTitle":"Finished A-Enums","messageBody":"","tags":["A-Enums"],"fileTypesAndContributionMap":{"java":{"insertions":18,"deletions":3}}},{"hash":"cfe10d88dd43e200628e62d3c5cf3fe05bfb66f4","isMergeCommit":false,"messageTitle":"Finished Level-7 in branch","messageBody":"","fileTypesAndContributionMap":{"txt":{"insertions":2,"deletions":0}}},{"hash":"d30d57f398ca4b4cbf1d3221f1ebebb617b4548e","isMergeCommit":true,"messageTitle":"Merge branch-Level-7 to master","messageBody":"","tags":["Level-7"],"fileTypesAndContributionMap":{}},{"hash":"994f29bf266573e929939aa76089624e4f0c15b7","isMergeCommit":false,"messageTitle":"Finished Level-8","messageBody":"","fileTypesAndContributionMap":{"txt":{"insertions":2,"deletions":2},"java":{"insertions":143,"deletions":18}}},{"hash":"e04d792c82aafef5b2fa188cb08a99dabe126851","isMergeCommit":true,"messageTitle":"Merge branch-Level-8 into master","messageBody":"","tags":["Level-8"],"fileTypesAndContributionMap":{}}]},{"date":"2025-08-23T00:00:00","commitResults":[{"hash":"908cfa993f508b3a2d87a7a02945185296365cc6","isMergeCommit":false,"messageTitle":"Finished A-MoreOOP","messageBody":"","fileTypesAndContributionMap":{"txt":{"insertions":0,"deletions":2},"java":{"insertions":186,"deletions":106}}},{"hash":"d1faf494f3e0b522490650a6d005ac13c2448d57","isMergeCommit":true,"messageTitle":"Merging A-MoreOOP back to master","messageBody":"","tags":["tag-A-MoreOOP"],"fileTypesAndContributionMap":{}}]},{"date":"2025-08-24T00:00:00","commitResults":[{"hash":"73ffcd437ec5e8851766f3690b7b5ebf9d769dc8","isMergeCommit":false,"messageTitle":"Finished A-Packages","messageBody":"","fileTypesAndContributionMap":{"java":{"insertions":35,"deletions":18}}},{"hash":"f90e7af1410f6cdf78401b6b04eb625da83e2aee","isMergeCommit":true,"messageTitle":"Merge branch-A-Packages back to master","messageBody":"","tags":["A-Packages"],"fileTypesAndContributionMap":{}},{"hash":"befa597fce8ab44121530cdd69856ff4e6775f42","isMergeCommit":true,"messageTitle":"Merge branch-A-Packages back to master","messageBody":"","fileTypesAndContributionMap":{}},{"hash":"242177278f0e75771eac2638d0eee82bf2e33bc4","isMergeCommit":true,"messageTitle":"Merge add-gradle-support back to master","messageBody":"","fileTypesAndContributionMap":{}},{"hash":"089e9fe5727cc82d0d394d3069f6174a0b1b1110","isMergeCommit":true,"messageTitle":"Merge remote-tracking branch \u0027origin\u0027","messageBody":"","tags":["A-Gradle"],"fileTypesAndContributionMap":{}},{"hash":"11f00e7a07f0d8c46b6738c8d12d39808bf9a8ef","isMergeCommit":false,"messageTitle":"Finished A-JUnit","messageBody":"","fileTypesAndContributionMap":{"java":{"insertions":71,"deletions":0}}},{"hash":"ede8537c6885a54e2699f37b4011ce5b4295e2de","isMergeCommit":true,"messageTitle":"Merging branch-A-JUnit to master","messageBody":"","tags":["A-JUnit"],"fileTypesAndContributionMap":{}},{"hash":"16adbf69f612a48967f203f5fe17f563732346f4","isMergeCommit":false,"messageTitle":"Finished A-Jar","messageBody":"","fileTypesAndContributionMap":{"gradle":{"insertions":2,"deletions":2}}},{"hash":"e4fc06731e72c934cc84480cd4385997cf396cda","isMergeCommit":true,"messageTitle":"Merging branch-A-Jar back to master","messageBody":"","tags":["A-Jar"],"fileTypesAndContributionMap":{}},{"hash":"1b665632462356156129032d0cc2c106a4b05062","isMergeCommit":false,"messageTitle":"Finished Level-9","messageBody":"","fileTypesAndContributionMap":{"txt":{"insertions":5,"deletions":4},"java":{"insertions":21,"deletions":2}}},{"hash":"dcc9d53a41739ff4ad66f9b06a94c4f5fff1630c","isMergeCommit":true,"messageTitle":"Merge branch-Level-9 back to master","messageBody":"","tags":["Level-9"],"fileTypesAndContributionMap":{}},{"hash":"a75a189e2ecc1ab3d8f35a968852c9b419c3b45d","isMergeCommit":false,"messageTitle":"Finished A-JavaDoc","messageBody":"","fileTypesAndContributionMap":{"java":{"insertions":172,"deletions":2}}},{"hash":"d1500440bed5222a56b57f9368258ce4d4299538","isMergeCommit":true,"messageTitle":"Merge branch-A-JavaDoc back to master","messageBody":"","tags":["A-JavaDoc"],"fileTypesAndContributionMap":{}}]},{"date":"2025-08-25T00:00:00","commitResults":[{"hash":"66a54e2d9e9312b443c5dbda7e29136b27e4ad4f","isMergeCommit":false,"messageTitle":"Finished A-CodingStandard","messageBody":"","fileTypesAndContributionMap":{"java":{"insertions":112,"deletions":117}}},{"hash":"3003478ee1ab6685e6529416d8d6a1ec36aa2df9","isMergeCommit":true,"messageTitle":"Merge A-CodingStandard back to master","messageBody":"","tags":["A-CodingStandard"],"fileTypesAndContributionMap":{}}]}]},"authorFileTypeContributionMap":{"tkaixinn":{"java":701,"md":0,"fxml":0,"sh":1,"bat":0,"gradle":2,"txt":13}},"authorContributionVariance":{"tkaixinn":12821.765},"authorDisplayNameMap":{"tkaixinn":"CS2103T-F14b-4 TEO .. XIN"}}
