{"authorDailyContributionsMap":{"QuocBaoVu":[{"date":"2025-08-21T00:00:00","commitResults":[{"hash":"59b1521483b0e60d725d2b2e5bfd27884dfa8508","isMergeCommit":false,"messageTitle":"Completed Level-0","messageBody":"","tags":["Level-0"],"fileTypesAndContributionMap":{"java":{"insertions":9,"deletions":10}}},{"hash":"f360b1449a8f0876758784163bd5f059f2189642","isMergeCommit":false,"messageTitle":"Added Echo","messageBody":"","tags":["Level-1"],"fileTypesAndContributionMap":{"java":{"insertions":19,"deletions":1}}},{"hash":"59d8fef5bb48aafdaad3ebfe68ba36ae9ee1eaef","isMergeCommit":false,"messageTitle":"Added List funtionality","messageBody":"","tags":["Level-2"],"fileTypesAndContributionMap":{"java":{"insertions":13,"deletions":2}}},{"hash":"7305952621cbde95701bb1d485583409d3eaa5c6","isMergeCommit":false,"messageTitle":"Added Mark as Done funtionality","messageBody":"","tags":["Level-3"],"fileTypesAndContributionMap":{"java":{"insertions":47,"deletions":5}}}]},{"date":"2025-08-22T00:00:00","commitResults":[{"hash":"abbe570cb8bdab97f9aeb3417c4579cc272a8a16","isMergeCommit":false,"messageTitle":"Added Todo, Deadline, Event Task functionality","messageBody":"","tags":["Level-4"],"fileTypesAndContributionMap":{"java":{"insertions":96,"deletions":7}}},{"hash":"f4cabe98ef2369e89de2d250d256494ba239f569","isMergeCommit":false,"messageTitle":"Added Test case","messageBody":"","tags":["A-TextUiTesting"],"fileTypesAndContributionMap":{"txt":{"insertions":8,"deletions":0},"sh":{"insertions":1,"deletions":1}}},{"hash":"5fd08ffe9a757340e97bc27c162bf1d4c358dd4d","isMergeCommit":false,"messageTitle":"Added Error handling","messageBody":"","tags":["Level-5"],"fileTypesAndContributionMap":{"java":{"insertions":2,"deletions":0}}}]},{"date":"2025-08-26T00:00:00","commitResults":[{"hash":"c286f5838220d966340ca0fb2e752409f21e4163","isMergeCommit":false,"messageTitle":"Start Week3 Task","messageBody":"","fileTypesAndContributionMap":{"java":{"insertions":90,"deletions":60}}}]},{"date":"2025-08-28T00:00:00","commitResults":[{"hash":"0bb6ba864757f345e2dbbdb94bf36ba428694ee8","isMergeCommit":false,"messageTitle":"Add hardware memory","messageBody":"","fileTypesAndContributionMap":{"txt":{"insertions":4,"deletions":0},"java":{"insertions":98,"deletions":2}}},{"hash":"1ad90fae80a2f7a186adb4060e77e4b5839eb165","isMergeCommit":true,"messageTitle":"Merge branch \u0027branch-Level-7\u0027","messageBody":"","tags":["Level-7"],"fileTypesAndContributionMap":{}},{"hash":"4276091ce0befa3237da411c91f1ab6cc0991cc6","isMergeCommit":false,"messageTitle":"Add date-time readability","messageBody":"","fileTypesAndContributionMap":{"txt":{"insertions":3,"deletions":4},"java":{"insertions":80,"deletions":41}}},{"hash":"47385a1af3ebd7884377e97aa76621a1793b0910","isMergeCommit":true,"messageTitle":"Merge branch \u0027branch-Level-8\u0027","messageBody":"","tags":["Level-8"],"fileTypesAndContributionMap":{}}]},{"date":"2025-08-29T00:00:00","commitResults":[{"hash":"03a5461cb38898d2c4701bc1a660d648637f01ce","isMergeCommit":false,"messageTitle":"Refractor code for OOP","messageBody":"","fileTypesAndContributionMap":{"txt":{"insertions":2,"deletions":3},"java":{"insertions":410,"deletions":182}}},{"hash":"6226b23e96ce0f8cce7ffb7e687e781e4ae82118","isMergeCommit":false,"messageTitle":"Change Error message to be more user-friendly","messageBody":"","fileTypesAndContributionMap":{"java":{"insertions":12,"deletions":13}}},{"hash":"f9aa0ab26d64ff89296f145e968eba313d07c098","isMergeCommit":true,"messageTitle":"Merge branch \u0027branch-More-OOP\u0027","messageBody":"","tags":["A-MoreOOP"],"fileTypesAndContributionMap":{}},{"hash":"148747cfc8d44030faf3c9cb9b8f232f1342410c","isMergeCommit":false,"messageTitle":"Refractor to package","messageBody":"","tags":["A-Packages"],"fileTypesAndContributionMap":{"txt":{"insertions":3,"deletions":0},"java":{"insertions":76,"deletions":9}}},{"hash":"a3be165892509cd9f52e96f96bcebac0a1f627be","isMergeCommit":true,"messageTitle":"Merge branch \u0027add-gradle-support\u0027","messageBody":"","fileTypesAndContributionMap":{}},{"hash":"e502cb743c56ba37630124dbb7ecfbf7c78326e1","isMergeCommit":false,"messageTitle":"Add gradle files, Change application in build.gradle","messageBody":"","tags":["A-Gradle"],"fileTypesAndContributionMap":{"gradle":{"insertions":2,"deletions":2}}}]}]},"authorFileTypeContributionMap":{"QuocBaoVu":{"java":630,"md":0,"fxml":0,"sh":1,"bat":0,"gradle":2,"txt":13}},"authorContributionVariance":{"QuocBaoVu":24170.025},"authorDisplayNameMap":{"QuocBaoVu":"CS2103T-W12-1 VU H.. BAO"}}
