{"authorDailyContributionsMap":{"timxthytia":[{"date":"2025-08-21T00:00:00","commitResults":[{"hash":"766eb90bc23d25dd2f9fcdb147af564926538011","isMergeCommit":false,"messageTitle":"Level 0","messageBody":"","tags":["Level-0"],"fileTypesAndContributionMap":{"java":{"insertions":4,"deletions":2}}}]}]},"authorFileTypeContributionMap":{"timxthytia":{"java":4,"md":0,"fxml":0,"sh":0,"bat":0,"gradle":0,"txt":0}},"authorContributionVariance":{"timxthytia":2.3877552},"authorDisplayNameMap":{"timxthytia":"TIMO.. ZHI"}}
