[{"path":"README.md","fileType":"md","lines":[{"lineNumber":1,"author":{"gitId":"Miloepeng"},"content":"# Ego project template","lastModifiedDate":"2025-08-24T17:32:28","isFullCredit":false},{"lineNumber":2,"author":{"gitId":"-"},"content":"","lastModifiedDate":"2020-05-25T00:03:55","isFullCredit":false},{"lineNumber":3,"author":{"gitId":"-"},"content":"This is a project template for a greenfield Java project. It\u0027s named after the Java mascot _Duke_. Given below are instructions on how to use it.","lastModifiedDate":"2020-05-25T00:03:55","isFullCredit":false},{"lineNumber":4,"author":{"gitId":"-"},"content":"","lastModifiedDate":"2020-05-25T00:03:55","isFullCredit":false},{"lineNumber":5,"author":{"gitId":"-"},"content":"## Setting up in Intellij","lastModifiedDate":"2020-05-25T00:03:55","isFullCredit":false},{"lineNumber":6,"author":{"gitId":"-"},"content":"","lastModifiedDate":"2020-05-25T00:03:55","isFullCredit":false},{"lineNumber":7,"author":{"gitId":"-"},"content":"Prerequisites: JDK 17, update Intellij to the most recent version.","lastModifiedDate":"2024-07-11T16:50:14","isFullCredit":false},{"lineNumber":8,"author":{"gitId":"-"},"content":"","lastModifiedDate":"2020-05-25T00:03:55","isFullCredit":false},{"lineNumber":9,"author":{"gitId":"-"},"content":"1. Open Intellij (if you are not in the welcome screen, click `File` \u003e `Close Project` to close the existing project first)","lastModifiedDate":"2021-01-17T12:25:53","isFullCredit":false},{"lineNumber":10,"author":{"gitId":"-"},"content":"1. Open the project into Intellij as follows:","lastModifiedDate":"2021-01-17T12:25:53","isFullCredit":false},{"lineNumber":11,"author":{"gitId":"-"},"content":"   1. Click `Open`.","lastModifiedDate":"2021-01-17T12:25:53","isFullCredit":false},{"lineNumber":12,"author":{"gitId":"-"},"content":"   1. Select the project directory, and click `OK`.","lastModifiedDate":"2021-01-17T12:25:53","isFullCredit":false},{"lineNumber":13,"author":{"gitId":"-"},"content":"   1. If there are any further prompts, accept the defaults.","lastModifiedDate":"2020-05-25T00:03:55","isFullCredit":false},{"lineNumber":14,"author":{"gitId":"-"},"content":"1. Configure the project to use **JDK 17** (not other versions) as explained in [here](https://www.jetbrains.com/help/idea/sdk.html#set-up-jdk).\u003cbr\u003e","lastModifiedDate":"2024-07-11T16:50:14","isFullCredit":false},{"lineNumber":15,"author":{"gitId":"-"},"content":"   In the same dialog, set the **Project language level** field to the `SDK default` option.","lastModifiedDate":"2021-07-29T20:29:39","isFullCredit":false},{"lineNumber":16,"author":{"gitId":"Miloepeng"},"content":"1. After that, locate the `src/main/java/Ego.java` file, right-click it, and choose `Run Ego.main()` (if the code editor is showing compile errors, try restarting the IDE). If the setup is correct, you should see something like the below as the output:","lastModifiedDate":"2025-08-24T17:32:28","isFullCredit":false},{"lineNumber":17,"author":{"gitId":"-"},"content":"   ```","lastModifiedDate":"2020-05-25T00:03:55","isFullCredit":false},{"lineNumber":18,"author":{"gitId":"-"},"content":"   Hello from","lastModifiedDate":"2020-05-25T00:03:55","isFullCredit":false},{"lineNumber":19,"author":{"gitId":"-"},"content":"    ____        _        ","lastModifiedDate":"2020-05-25T00:03:55","isFullCredit":false},{"lineNumber":20,"author":{"gitId":"-"},"content":"   |  _ \\ _   _| | _____ ","lastModifiedDate":"2020-05-25T00:03:55","isFullCredit":false},{"lineNumber":21,"author":{"gitId":"-"},"content":"   | | | | | | | |/ / _ \\","lastModifiedDate":"2020-05-25T00:03:55","isFullCredit":false},{"lineNumber":22,"author":{"gitId":"-"},"content":"   | |_| | |_| |   \u003c  __/","lastModifiedDate":"2020-05-25T00:03:55","isFullCredit":false},{"lineNumber":23,"author":{"gitId":"-"},"content":"   |____/ \\__,_|_|\\_\\___|","lastModifiedDate":"2020-05-25T00:03:55","isFullCredit":false},{"lineNumber":24,"author":{"gitId":"-"},"content":"   ```","lastModifiedDate":"2020-05-25T00:03:55","isFullCredit":false},{"lineNumber":25,"author":{"gitId":"-"},"content":"","lastModifiedDate":"2025-01-04T21:44:28","isFullCredit":false},{"lineNumber":26,"author":{"gitId":"-"},"content":"**Warning:** Keep the `src\\main\\java` folder as the root folder for Java files (i.e., don\u0027t rename those folders or move Java files to another folder outside of this folder path), as this is the default location some tools (e.g., Gradle) expect to find Java files.","lastModifiedDate":"2025-01-04T21:44:28","isFullCredit":false}],"authorContributionMap":{"Miloepeng":2,"-":24}},{"path":"docs/README.md","fileType":"md","lines":[{"lineNumber":1,"author":{"gitId":"Miloepeng"},"content":"# Ego User Guide","lastModifiedDate":"2025-08-24T17:32:28","isFullCredit":false},{"lineNumber":2,"author":{"gitId":"-"},"content":"","lastModifiedDate":"2019-07-29T17:14:46","isFullCredit":false},{"lineNumber":3,"author":{"gitId":"-"},"content":"// Update the title above to match the actual product name","lastModifiedDate":"2024-01-07T18:33:52","isFullCredit":false},{"lineNumber":4,"author":{"gitId":"-"},"content":"","lastModifiedDate":"2019-07-29T17:14:46","isFullCredit":false},{"lineNumber":5,"author":{"gitId":"-"},"content":"// Product screenshot goes here","lastModifiedDate":"2024-01-07T18:33:52","isFullCredit":false},{"lineNumber":6,"author":{"gitId":"-"},"content":"","lastModifiedDate":"2021-07-17T16:49:07","isFullCredit":false},{"lineNumber":7,"author":{"gitId":"-"},"content":"// Product intro goes here","lastModifiedDate":"2024-01-07T18:33:52","isFullCredit":false},{"lineNumber":8,"author":{"gitId":"-"},"content":"","lastModifiedDate":"2021-07-17T16:49:07","isFullCredit":false},{"lineNumber":9,"author":{"gitId":"-"},"content":"## Adding deadlines","lastModifiedDate":"2024-01-07T18:33:52","isFullCredit":false},{"lineNumber":10,"author":{"gitId":"-"},"content":"","lastModifiedDate":"2021-07-17T16:49:07","isFullCredit":false},{"lineNumber":11,"author":{"gitId":"-"},"content":"// Describe the action and its outcome.","lastModifiedDate":"2024-01-07T18:33:52","isFullCredit":false},{"lineNumber":12,"author":{"gitId":"-"},"content":"","lastModifiedDate":"2019-07-29T17:14:46","isFullCredit":false},{"lineNumber":13,"author":{"gitId":"-"},"content":"// Give examples of usage","lastModifiedDate":"2024-01-07T18:33:52","isFullCredit":false},{"lineNumber":14,"author":{"gitId":"-"},"content":"","lastModifiedDate":"2019-07-29T17:14:46","isFullCredit":false},{"lineNumber":15,"author":{"gitId":"-"},"content":"Example: `keyword (optional arguments)`","lastModifiedDate":"2024-01-07T18:33:52","isFullCredit":false},{"lineNumber":16,"author":{"gitId":"-"},"content":"","lastModifiedDate":"2019-07-29T17:14:46","isFullCredit":false},{"lineNumber":17,"author":{"gitId":"-"},"content":"// A description of the expected outcome goes here","lastModifiedDate":"2024-01-07T18:33:52","isFullCredit":false},{"lineNumber":18,"author":{"gitId":"-"},"content":"","lastModifiedDate":"2019-07-29T17:14:46","isFullCredit":false},{"lineNumber":19,"author":{"gitId":"-"},"content":"```","lastModifiedDate":"2024-01-07T18:33:52","isFullCredit":false},{"lineNumber":20,"author":{"gitId":"-"},"content":"expected output","lastModifiedDate":"2024-01-07T18:33:52","isFullCredit":false},{"lineNumber":21,"author":{"gitId":"-"},"content":"```","lastModifiedDate":"2024-01-07T18:33:52","isFullCredit":false},{"lineNumber":22,"author":{"gitId":"-"},"content":"","lastModifiedDate":"2019-07-29T17:14:46","isFullCredit":false},{"lineNumber":23,"author":{"gitId":"-"},"content":"## Feature ABC","lastModifiedDate":"2024-01-07T18:33:52","isFullCredit":false},{"lineNumber":24,"author":{"gitId":"-"},"content":"","lastModifiedDate":"2019-07-29T17:14:46","isFullCredit":false},{"lineNumber":25,"author":{"gitId":"-"},"content":"// Feature details","lastModifiedDate":"2024-01-07T18:33:52","isFullCredit":false},{"lineNumber":26,"author":{"gitId":"-"},"content":"","lastModifiedDate":"2019-07-29T17:14:46","isFullCredit":false},{"lineNumber":27,"author":{"gitId":"-"},"content":"","lastModifiedDate":"2021-07-17T16:49:07","isFullCredit":false},{"lineNumber":28,"author":{"gitId":"-"},"content":"## Feature XYZ","lastModifiedDate":"2024-01-07T18:33:52","isFullCredit":false},{"lineNumber":29,"author":{"gitId":"-"},"content":"","lastModifiedDate":"2024-01-07T18:33:52","isFullCredit":false},{"lineNumber":30,"author":{"gitId":"-"},"content":"// Feature details","lastModifiedDate":"2024-01-07T18:33:52","isFullCredit":false}],"authorContributionMap":{"Miloepeng":1,"-":29}},{"path":"src/main/java/CommandType.java","fileType":"java","lines":[{"lineNumber":1,"author":{"gitId":"Miloepeng"},"content":"public enum CommandType {","lastModifiedDate":"2025-08-24T17:32:28","isFullCredit":false},{"lineNumber":2,"author":{"gitId":"Miloepeng"},"content":"    LIST, MARK, UNMARK, TODO, DEADLINE, EVENT, DELETE, BYE, INVALID;","lastModifiedDate":"2025-08-24T17:32:28","isFullCredit":false},{"lineNumber":3,"author":{"gitId":"Miloepeng"},"content":"","lastModifiedDate":"2025-08-21T17:41:11","isFullCredit":false},{"lineNumber":4,"author":{"gitId":"Miloepeng"},"content":"    public static CommandType fromString(String input) {","lastModifiedDate":"2025-08-24T17:32:28","isFullCredit":false},{"lineNumber":5,"author":{"gitId":"Miloepeng"},"content":"        if (input \u003d\u003d null || input.isEmpty()) {","lastModifiedDate":"2025-08-24T17:32:28","isFullCredit":false},{"lineNumber":6,"author":{"gitId":"Miloepeng"},"content":"            return INVALID;","lastModifiedDate":"2025-08-24T17:32:28","isFullCredit":false},{"lineNumber":7,"author":{"gitId":"Miloepeng"},"content":"        }","lastModifiedDate":"2025-08-24T17:32:28","isFullCredit":false},{"lineNumber":8,"author":{"gitId":"Miloepeng"},"content":"","lastModifiedDate":"2025-08-24T17:32:28","isFullCredit":false},{"lineNumber":9,"author":{"gitId":"Miloepeng"},"content":"        if (input.equals(\"list\")) return LIST;","lastModifiedDate":"2025-08-24T17:32:28","isFullCredit":false},{"lineNumber":10,"author":{"gitId":"Miloepeng"},"content":"        if (input.startsWith(\"mark\")) return MARK;","lastModifiedDate":"2025-08-24T17:32:28","isFullCredit":false},{"lineNumber":11,"author":{"gitId":"Miloepeng"},"content":"        if (input.startsWith(\"unmark\")) return UNMARK;","lastModifiedDate":"2025-08-24T17:32:28","isFullCredit":false},{"lineNumber":12,"author":{"gitId":"Miloepeng"},"content":"        if (input.startsWith(\"todo\")) return TODO;","lastModifiedDate":"2025-08-24T17:32:28","isFullCredit":false},{"lineNumber":13,"author":{"gitId":"Miloepeng"},"content":"        if (input.startsWith(\"deadline\")) return DEADLINE;","lastModifiedDate":"2025-08-24T17:32:28","isFullCredit":false},{"lineNumber":14,"author":{"gitId":"Miloepeng"},"content":"        if (input.startsWith(\"event\")) return EVENT;","lastModifiedDate":"2025-08-24T17:32:28","isFullCredit":false},{"lineNumber":15,"author":{"gitId":"Miloepeng"},"content":"        if (input.startsWith(\"delete\")) return DELETE;","lastModifiedDate":"2025-08-24T17:32:28","isFullCredit":false},{"lineNumber":16,"author":{"gitId":"Miloepeng"},"content":"        if (input.equals(\"bye\")) return BYE;","lastModifiedDate":"2025-08-24T17:32:28","isFullCredit":false},{"lineNumber":17,"author":{"gitId":"Miloepeng"},"content":"","lastModifiedDate":"2025-08-24T17:32:28","isFullCredit":false},{"lineNumber":18,"author":{"gitId":"Miloepeng"},"content":"        return INVALID;","lastModifiedDate":"2025-08-24T17:32:28","isFullCredit":false},{"lineNumber":19,"author":{"gitId":"Miloepeng"},"content":"    }","lastModifiedDate":"2025-08-24T17:32:28","isFullCredit":false},{"lineNumber":20,"author":{"gitId":"Miloepeng"},"content":"}","lastModifiedDate":"2025-08-21T17:41:11","isFullCredit":false}],"authorContributionMap":{"Miloepeng":20}},{"path":"src/main/java/Deadline.java","fileType":"java","lines":[{"lineNumber":1,"author":{"gitId":"Miloepeng"},"content":"import java.time.LocalDate;","lastModifiedDate":"2025-08-25T01:21:30","isFullCredit":false},{"lineNumber":2,"author":{"gitId":"Miloepeng"},"content":"import java.time.format.DateTimeFormatter;","lastModifiedDate":"2025-08-25T01:21:30","isFullCredit":false},{"lineNumber":3,"author":{"gitId":"Miloepeng"},"content":"import java.time.format.DateTimeParseException;","lastModifiedDate":"2025-08-25T10:01:33","isFullCredit":false},{"lineNumber":4,"author":{"gitId":"Miloepeng"},"content":"","lastModifiedDate":"2025-08-25T01:21:30","isFullCredit":false},{"lineNumber":5,"author":{"gitId":"Miloepeng"},"content":"/**","lastModifiedDate":"2025-08-24T23:17:53","isFullCredit":false},{"lineNumber":6,"author":{"gitId":"Miloepeng"},"content":" * Represents a Deadline task with a task description and a due date in which","lastModifiedDate":"2025-08-24T23:17:53","isFullCredit":false},{"lineNumber":7,"author":{"gitId":"Miloepeng"},"content":" * the task should be completed by. Users can mark the task as done or undone.","lastModifiedDate":"2025-08-24T23:17:53","isFullCredit":false},{"lineNumber":8,"author":{"gitId":"Miloepeng"},"content":" */","lastModifiedDate":"2025-08-24T23:17:53","isFullCredit":false},{"lineNumber":9,"author":{"gitId":"Miloepeng"},"content":"public class Deadline extends Task {","lastModifiedDate":"2025-08-24T17:32:28","isFullCredit":false},{"lineNumber":10,"author":{"gitId":"Miloepeng"},"content":"    private LocalDate endDate;","lastModifiedDate":"2025-08-25T01:21:30","isFullCredit":false},{"lineNumber":11,"author":{"gitId":"Miloepeng"},"content":"","lastModifiedDate":"2025-08-19T21:50:11","isFullCredit":false},{"lineNumber":12,"author":{"gitId":"Miloepeng"},"content":"    public Deadline(String name, String endDate) throws EgoException {","lastModifiedDate":"2025-08-25T10:01:33","isFullCredit":false},{"lineNumber":13,"author":{"gitId":"Miloepeng"},"content":"        super(name);","lastModifiedDate":"2025-08-19T22:48:41","isFullCredit":false},{"lineNumber":14,"author":{"gitId":"Miloepeng"},"content":"        try {","lastModifiedDate":"2025-08-25T10:01:33","isFullCredit":false},{"lineNumber":15,"author":{"gitId":"Miloepeng"},"content":"            this.endDate \u003d LocalDate.parse(endDate);","lastModifiedDate":"2025-08-25T01:21:30","isFullCredit":false},{"lineNumber":16,"author":{"gitId":"Miloepeng"},"content":"        } catch (DateTimeParseException e) {","lastModifiedDate":"2025-08-25T10:01:33","isFullCredit":false},{"lineNumber":17,"author":{"gitId":"Miloepeng"},"content":"            throw new EgoException(\"Hey there! Please enter the date in yyyy-MM-dd format!, eg. 2025-08-25\");","lastModifiedDate":"2025-08-25T10:01:33","isFullCredit":false},{"lineNumber":18,"author":{"gitId":"Miloepeng"},"content":"        }","lastModifiedDate":"2025-08-25T10:01:33","isFullCredit":false},{"lineNumber":19,"author":{"gitId":"Miloepeng"},"content":"    }","lastModifiedDate":"2025-08-25T10:01:33","isFullCredit":false},{"lineNumber":20,"author":{"gitId":"Miloepeng"},"content":"","lastModifiedDate":"2025-08-25T10:01:33","isFullCredit":false},{"lineNumber":21,"author":{"gitId":"Miloepeng"},"content":"    public Deadline(String description, LocalDate endDate) {","lastModifiedDate":"2025-08-25T10:01:33","isFullCredit":false},{"lineNumber":22,"author":{"gitId":"Miloepeng"},"content":"        super(description);","lastModifiedDate":"2025-08-25T10:01:33","isFullCredit":false},{"lineNumber":23,"author":{"gitId":"Miloepeng"},"content":"        this.endDate \u003d endDate;","lastModifiedDate":"2025-08-25T10:01:33","isFullCredit":false},{"lineNumber":24,"author":{"gitId":"Miloepeng"},"content":"    }","lastModifiedDate":"2025-08-19T22:48:41","isFullCredit":false},{"lineNumber":25,"author":{"gitId":"Miloepeng"},"content":"","lastModifiedDate":"2025-08-19T22:48:41","isFullCredit":false},{"lineNumber":26,"author":{"gitId":"Miloepeng"},"content":"    @Override","lastModifiedDate":"2025-08-24T23:05:49","isFullCredit":false},{"lineNumber":27,"author":{"gitId":"Miloepeng"},"content":"    public String toFileFormat() {","lastModifiedDate":"2025-08-24T23:05:49","isFullCredit":false},{"lineNumber":28,"author":{"gitId":"Miloepeng"},"content":"        return \"D | \" + (isDone ? \"1\" : \"0\") + \" | \" + description +","lastModifiedDate":"2025-08-24T23:05:49","isFullCredit":false},{"lineNumber":29,"author":{"gitId":"Miloepeng"},"content":"                \" | \" + endDate;","lastModifiedDate":"2025-08-24T23:05:49","isFullCredit":false},{"lineNumber":30,"author":{"gitId":"Miloepeng"},"content":"    }","lastModifiedDate":"2025-08-24T23:05:49","isFullCredit":false},{"lineNumber":31,"author":{"gitId":"Miloepeng"},"content":"","lastModifiedDate":"2025-08-24T23:05:49","isFullCredit":false},{"lineNumber":32,"author":{"gitId":"Miloepeng"},"content":"    @Override","lastModifiedDate":"2025-08-19T22:48:41","isFullCredit":false},{"lineNumber":33,"author":{"gitId":"Miloepeng"},"content":"    public String toString() {","lastModifiedDate":"2025-08-19T22:48:41","isFullCredit":false},{"lineNumber":34,"author":{"gitId":"Miloepeng"},"content":"        return \"[D]\" + super.toString() + \"(by: \" +","lastModifiedDate":"2025-08-25T01:21:30","isFullCredit":false},{"lineNumber":35,"author":{"gitId":"Miloepeng"},"content":"                this.endDate.format(DateTimeFormatter.ofPattern(\"MMM d yyyy\")) + \")\";","lastModifiedDate":"2025-08-25T01:21:30","isFullCredit":false},{"lineNumber":36,"author":{"gitId":"Miloepeng"},"content":"    }","lastModifiedDate":"2025-08-19T22:48:41","isFullCredit":false},{"lineNumber":37,"author":{"gitId":"Miloepeng"},"content":"}","lastModifiedDate":"2025-08-19T21:50:11","isFullCredit":false}],"authorContributionMap":{"Miloepeng":37}},{"path":"src/main/java/Ego.java","fileType":"java","lines":[{"lineNumber":1,"author":{"gitId":"Miloepeng"},"content":"import java.io.IOException;","lastModifiedDate":"2025-08-24T23:05:49","isFullCredit":false},{"lineNumber":2,"author":{"gitId":"Miloepeng"},"content":"import java.util.ArrayList;","lastModifiedDate":"2025-08-19T16:07:53","isFullCredit":false},{"lineNumber":3,"author":{"gitId":"Miloepeng"},"content":"import java.io.File;","lastModifiedDate":"2025-08-24T23:05:49","isFullCredit":false},{"lineNumber":4,"author":{"gitId":"Miloepeng"},"content":"import java.io.FileWriter;","lastModifiedDate":"2025-08-24T23:05:49","isFullCredit":false},{"lineNumber":5,"author":{"gitId":"Miloepeng"},"content":"import java.time.LocalDate;","lastModifiedDate":"2025-08-25T10:01:33","isFullCredit":false},{"lineNumber":6,"author":{"gitId":"Miloepeng"},"content":"import java.util.Scanner;","lastModifiedDate":"2025-08-24T17:32:28","isFullCredit":false},{"lineNumber":7,"author":{"gitId":"Miloepeng"},"content":"","lastModifiedDate":"2025-08-19T12:20:39","isFullCredit":false},{"lineNumber":8,"author":{"gitId":"Miloepeng"},"content":"public class Ego {","lastModifiedDate":"2025-08-19T12:20:39","isFullCredit":false},{"lineNumber":9,"author":{"gitId":"Miloepeng"},"content":"    private static ArrayList\u003cTask\u003e taskList \u003d new ArrayList\u003c\u003e();","lastModifiedDate":"2025-08-24T23:05:49","isFullCredit":false},{"lineNumber":10,"author":{"gitId":"Miloepeng"},"content":"    private static final String FILE_PATH \u003d \"./data/ego.txt\";","lastModifiedDate":"2025-08-24T23:05:49","isFullCredit":false},{"lineNumber":11,"author":{"gitId":"Miloepeng"},"content":"","lastModifiedDate":"2025-08-19T12:20:39","isFullCredit":false},{"lineNumber":12,"author":{"gitId":"Miloepeng"},"content":"    /**","lastModifiedDate":"2025-08-19T16:07:53","isFullCredit":false},{"lineNumber":13,"author":{"gitId":"Miloepeng"},"content":"     * Prints separator line.","lastModifiedDate":"2025-08-24T17:32:28","isFullCredit":false},{"lineNumber":14,"author":{"gitId":"Miloepeng"},"content":"     */","lastModifiedDate":"2025-08-19T16:07:53","isFullCredit":false},{"lineNumber":15,"author":{"gitId":"Miloepeng"},"content":"    public static void printLine() {","lastModifiedDate":"2025-08-24T17:32:28","isFullCredit":false},{"lineNumber":16,"author":{"gitId":"Miloepeng"},"content":"        System.out.println(\"________________________________________________________\");","lastModifiedDate":"2025-08-20T02:57:33","isFullCredit":false},{"lineNumber":17,"author":{"gitId":"Miloepeng"},"content":"    }","lastModifiedDate":"2025-08-19T12:20:39","isFullCredit":false},{"lineNumber":18,"author":{"gitId":"Miloepeng"},"content":"","lastModifiedDate":"2025-08-19T12:20:39","isFullCredit":false},{"lineNumber":19,"author":{"gitId":"Miloepeng"},"content":"    /**","lastModifiedDate":"2025-08-19T16:07:53","isFullCredit":false},{"lineNumber":20,"author":{"gitId":"Miloepeng"},"content":"     * Prints greeting message to welcome user.","lastModifiedDate":"2025-08-24T17:32:28","isFullCredit":false},{"lineNumber":21,"author":{"gitId":"Miloepeng"},"content":"     */","lastModifiedDate":"2025-08-19T16:07:53","isFullCredit":false},{"lineNumber":22,"author":{"gitId":"Miloepeng"},"content":"    public static void greet() {","lastModifiedDate":"2025-08-19T12:20:39","isFullCredit":false},{"lineNumber":23,"author":{"gitId":"Miloepeng"},"content":"        printLine();","lastModifiedDate":"2025-08-24T17:32:28","isFullCredit":false},{"lineNumber":24,"author":{"gitId":"Miloepeng"},"content":"        String greeting \u003d \"Hello there diamonds in the rough, I\u0027m Ego *smiles*\\n\" +","lastModifiedDate":"2025-08-19T12:20:39","isFullCredit":false},{"lineNumber":25,"author":{"gitId":"Miloepeng"},"content":"                \"How may I be of assistance to your improvement today?\";","lastModifiedDate":"2025-08-20T02:57:33","isFullCredit":false},{"lineNumber":26,"author":{"gitId":"Miloepeng"},"content":"        System.out.println(greeting);","lastModifiedDate":"2025-08-19T12:20:39","isFullCredit":false},{"lineNumber":27,"author":{"gitId":"Miloepeng"},"content":"        printLine();","lastModifiedDate":"2025-08-24T17:32:28","isFullCredit":false},{"lineNumber":28,"author":{"gitId":"Miloepeng"},"content":"    }","lastModifiedDate":"2025-08-19T12:20:39","isFullCredit":false},{"lineNumber":29,"author":{"gitId":"Miloepeng"},"content":"","lastModifiedDate":"2025-08-19T12:20:39","isFullCredit":false},{"lineNumber":30,"author":{"gitId":"Miloepeng"},"content":"    /**","lastModifiedDate":"2025-08-19T16:07:53","isFullCredit":false},{"lineNumber":31,"author":{"gitId":"Miloepeng"},"content":"     * Prints goodbye message when user is done.","lastModifiedDate":"2025-08-24T17:32:28","isFullCredit":false},{"lineNumber":32,"author":{"gitId":"Miloepeng"},"content":"     */","lastModifiedDate":"2025-08-19T16:07:53","isFullCredit":false},{"lineNumber":33,"author":{"gitId":"Miloepeng"},"content":"    public static void sayBye() {","lastModifiedDate":"2025-08-24T17:32:28","isFullCredit":false},{"lineNumber":34,"author":{"gitId":"Miloepeng"},"content":"        printLine();","lastModifiedDate":"2025-08-24T17:32:28","isFullCredit":false},{"lineNumber":35,"author":{"gitId":"Miloepeng"},"content":"        String bye \u003d \"Farewell... see you soon\";","lastModifiedDate":"2025-08-19T12:20:39","isFullCredit":false},{"lineNumber":36,"author":{"gitId":"Miloepeng"},"content":"        System.out.println(bye);","lastModifiedDate":"2025-08-19T12:20:39","isFullCredit":false},{"lineNumber":37,"author":{"gitId":"Miloepeng"},"content":"        printLine();","lastModifiedDate":"2025-08-24T17:32:28","isFullCredit":false},{"lineNumber":38,"author":{"gitId":"Miloepeng"},"content":"        saveTasks();","lastModifiedDate":"2025-08-24T23:05:49","isFullCredit":false},{"lineNumber":39,"author":{"gitId":"Miloepeng"},"content":"    }","lastModifiedDate":"2025-08-19T12:20:39","isFullCredit":false},{"lineNumber":40,"author":{"gitId":"Miloepeng"},"content":"","lastModifiedDate":"2025-08-19T12:20:39","isFullCredit":false},{"lineNumber":41,"author":{"gitId":"Miloepeng"},"content":"    /**","lastModifiedDate":"2025-08-19T16:07:53","isFullCredit":false},{"lineNumber":42,"author":{"gitId":"Miloepeng"},"content":"     * Listens to user\u0027s input continuously to add or display Task list. User can also opt to mark Tasks","lastModifiedDate":"2025-08-19T17:45:37","isFullCredit":false},{"lineNumber":43,"author":{"gitId":"Miloepeng"},"content":"     * as done or undone.","lastModifiedDate":"2025-08-24T17:32:28","isFullCredit":false},{"lineNumber":44,"author":{"gitId":"Miloepeng"},"content":"     */","lastModifiedDate":"2025-08-19T16:07:53","isFullCredit":false},{"lineNumber":45,"author":{"gitId":"Miloepeng"},"content":"    public static void echo() {","lastModifiedDate":"2025-08-19T12:20:39","isFullCredit":false},{"lineNumber":46,"author":{"gitId":"Miloepeng"},"content":"        loadTasks();","lastModifiedDate":"2025-08-24T23:05:49","isFullCredit":false},{"lineNumber":47,"author":{"gitId":"Miloepeng"},"content":"        Scanner scanner \u003d new Scanner(System.in);","lastModifiedDate":"2025-08-19T12:20:39","isFullCredit":false},{"lineNumber":48,"author":{"gitId":"Miloepeng"},"content":"        String input \u003d scanner.nextLine();","lastModifiedDate":"2025-08-19T12:20:39","isFullCredit":false},{"lineNumber":49,"author":{"gitId":"Miloepeng"},"content":"        while (!input.equals(\"bye\")) {","lastModifiedDate":"2025-08-19T12:20:39","isFullCredit":false},{"lineNumber":50,"author":{"gitId":"Miloepeng"},"content":"            try {","lastModifiedDate":"2025-08-20T02:57:33","isFullCredit":false},{"lineNumber":51,"author":{"gitId":"Miloepeng"},"content":"                CommandType command \u003d CommandType.fromString(input);","lastModifiedDate":"2025-08-24T17:32:28","isFullCredit":false},{"lineNumber":52,"author":{"gitId":"Miloepeng"},"content":"","lastModifiedDate":"2025-08-24T17:32:28","isFullCredit":false},{"lineNumber":53,"author":{"gitId":"Miloepeng"},"content":"                switch (command) {","lastModifiedDate":"2025-08-24T17:32:28","isFullCredit":false},{"lineNumber":54,"author":{"gitId":"Miloepeng"},"content":"                case LIST:","lastModifiedDate":"2025-08-24T17:32:28","isFullCredit":false},{"lineNumber":55,"author":{"gitId":"Miloepeng"},"content":"                    listTasks();","lastModifiedDate":"2025-08-19T17:45:37","isFullCredit":false},{"lineNumber":56,"author":{"gitId":"Miloepeng"},"content":"                    break;","lastModifiedDate":"2025-08-24T17:32:28","isFullCredit":false},{"lineNumber":57,"author":{"gitId":"Miloepeng"},"content":"","lastModifiedDate":"2025-08-24T17:32:28","isFullCredit":false},{"lineNumber":58,"author":{"gitId":"Miloepeng"},"content":"                case MARK:","lastModifiedDate":"2025-08-24T17:32:28","isFullCredit":false},{"lineNumber":59,"author":{"gitId":"Miloepeng"},"content":"                    int markNum \u003d Integer.parseInt(input.substring(5));","lastModifiedDate":"2025-08-24T17:32:28","isFullCredit":false},{"lineNumber":60,"author":{"gitId":"Miloepeng"},"content":"                    markTask(markNum);","lastModifiedDate":"2025-08-24T17:32:28","isFullCredit":false},{"lineNumber":61,"author":{"gitId":"Miloepeng"},"content":"                    break;","lastModifiedDate":"2025-08-24T17:32:28","isFullCredit":false},{"lineNumber":62,"author":{"gitId":"Miloepeng"},"content":"","lastModifiedDate":"2025-08-24T17:32:28","isFullCredit":false},{"lineNumber":63,"author":{"gitId":"Miloepeng"},"content":"                case UNMARK:","lastModifiedDate":"2025-08-24T17:32:28","isFullCredit":false},{"lineNumber":64,"author":{"gitId":"Miloepeng"},"content":"                    int unmarkNum \u003d Integer.parseInt(input.substring(7));","lastModifiedDate":"2025-08-24T17:32:28","isFullCredit":false},{"lineNumber":65,"author":{"gitId":"Miloepeng"},"content":"                    unmarkTask(unmarkNum);","lastModifiedDate":"2025-08-24T17:32:28","isFullCredit":false},{"lineNumber":66,"author":{"gitId":"Miloepeng"},"content":"                    break;","lastModifiedDate":"2025-08-24T17:32:28","isFullCredit":false},{"lineNumber":67,"author":{"gitId":"Miloepeng"},"content":"","lastModifiedDate":"2025-08-24T17:32:28","isFullCredit":false},{"lineNumber":68,"author":{"gitId":"Miloepeng"},"content":"                case TODO:","lastModifiedDate":"2025-08-24T17:32:28","isFullCredit":false},{"lineNumber":69,"author":{"gitId":"Miloepeng"},"content":"                case DEADLINE:","lastModifiedDate":"2025-08-24T17:32:28","isFullCredit":false},{"lineNumber":70,"author":{"gitId":"Miloepeng"},"content":"                case EVENT:","lastModifiedDate":"2025-08-24T17:32:28","isFullCredit":false},{"lineNumber":71,"author":{"gitId":"Miloepeng"},"content":"                    addTask(input);","lastModifiedDate":"2025-08-20T02:57:33","isFullCredit":false},{"lineNumber":72,"author":{"gitId":"Miloepeng"},"content":"                    break;","lastModifiedDate":"2025-08-24T17:32:28","isFullCredit":false},{"lineNumber":73,"author":{"gitId":"Miloepeng"},"content":"","lastModifiedDate":"2025-08-24T17:32:28","isFullCredit":false},{"lineNumber":74,"author":{"gitId":"Miloepeng"},"content":"                case DELETE:","lastModifiedDate":"2025-08-24T17:32:28","isFullCredit":false},{"lineNumber":75,"author":{"gitId":"Miloepeng"},"content":"                    int delNum \u003d Integer.parseInt(input.substring(7));","lastModifiedDate":"2025-08-24T17:32:28","isFullCredit":false},{"lineNumber":76,"author":{"gitId":"Miloepeng"},"content":"                    deleteTask(delNum);","lastModifiedDate":"2025-08-24T17:32:28","isFullCredit":false},{"lineNumber":77,"author":{"gitId":"Miloepeng"},"content":"                    break;","lastModifiedDate":"2025-08-24T17:32:28","isFullCredit":false},{"lineNumber":78,"author":{"gitId":"Miloepeng"},"content":"","lastModifiedDate":"2025-08-24T17:32:28","isFullCredit":false},{"lineNumber":79,"author":{"gitId":"Miloepeng"},"content":"                case INVALID:","lastModifiedDate":"2025-08-24T17:32:28","isFullCredit":false},{"lineNumber":80,"author":{"gitId":"Miloepeng"},"content":"                    throw new EgoException(\"Sorry! \" + input + \" is a invalid command. Try something else?\");","lastModifiedDate":"2025-08-20T02:57:33","isFullCredit":false},{"lineNumber":81,"author":{"gitId":"Miloepeng"},"content":"","lastModifiedDate":"2025-08-24T17:32:28","isFullCredit":false},{"lineNumber":82,"author":{"gitId":"Miloepeng"},"content":"                }","lastModifiedDate":"2025-08-20T02:57:33","isFullCredit":false},{"lineNumber":83,"author":{"gitId":"Miloepeng"},"content":"","lastModifiedDate":"2025-08-24T17:32:28","isFullCredit":false},{"lineNumber":84,"author":{"gitId":"Miloepeng"},"content":"                input \u003d scanner.nextLine();","lastModifiedDate":"2025-08-20T02:57:33","isFullCredit":false},{"lineNumber":85,"author":{"gitId":"Miloepeng"},"content":"","lastModifiedDate":"2025-08-24T17:32:28","isFullCredit":false},{"lineNumber":86,"author":{"gitId":"Miloepeng"},"content":"            } catch (EgoException e) {","lastModifiedDate":"2025-08-20T02:57:33","isFullCredit":false},{"lineNumber":87,"author":{"gitId":"Miloepeng"},"content":"                System.out.println(e.getMessage());","lastModifiedDate":"2025-08-20T02:57:33","isFullCredit":false},{"lineNumber":88,"author":{"gitId":"Miloepeng"},"content":"                input \u003d scanner.nextLine();","lastModifiedDate":"2025-08-19T16:07:53","isFullCredit":false},{"lineNumber":89,"author":{"gitId":"Miloepeng"},"content":"            }","lastModifiedDate":"2025-08-19T16:07:53","isFullCredit":false},{"lineNumber":90,"author":{"gitId":"Miloepeng"},"content":"        }","lastModifiedDate":"2025-08-19T12:20:39","isFullCredit":false},{"lineNumber":91,"author":{"gitId":"Miloepeng"},"content":"        sayBye();","lastModifiedDate":"2025-08-24T17:32:28","isFullCredit":false},{"lineNumber":92,"author":{"gitId":"-"},"content":"    }","lastModifiedDate":"2019-07-29T17:14:46","isFullCredit":false},{"lineNumber":93,"author":{"gitId":"Miloepeng"},"content":"","lastModifiedDate":"2025-08-19T16:07:53","isFullCredit":false},{"lineNumber":94,"author":{"gitId":"Miloepeng"},"content":"    /**","lastModifiedDate":"2025-08-19T16:07:53","isFullCredit":false},{"lineNumber":95,"author":{"gitId":"Miloepeng"},"content":"     * Adds a given task to the list and prints a confirmation message.","lastModifiedDate":"2025-08-24T17:32:28","isFullCredit":false},{"lineNumber":96,"author":{"gitId":"Miloepeng"},"content":"     * @param input The task to be added to the list","lastModifiedDate":"2025-08-20T02:57:33","isFullCredit":false},{"lineNumber":97,"author":{"gitId":"Miloepeng"},"content":"     */","lastModifiedDate":"2025-08-19T16:07:53","isFullCredit":false},{"lineNumber":98,"author":{"gitId":"Miloepeng"},"content":"    public static void addTask(String input) throws EgoException {","lastModifiedDate":"2025-08-20T02:57:33","isFullCredit":false},{"lineNumber":99,"author":{"gitId":"Miloepeng"},"content":"        Task newTask \u003d null;","lastModifiedDate":"2025-08-20T02:57:33","isFullCredit":false},{"lineNumber":100,"author":{"gitId":"Miloepeng"},"content":"        TaskType type \u003d TaskType.fromString(input);","lastModifiedDate":"2025-08-24T17:32:28","isFullCredit":false},{"lineNumber":101,"author":{"gitId":"Miloepeng"},"content":"","lastModifiedDate":"2025-08-24T17:32:28","isFullCredit":false},{"lineNumber":102,"author":{"gitId":"Miloepeng"},"content":"        switch (type) {","lastModifiedDate":"2025-08-24T17:32:28","isFullCredit":false},{"lineNumber":103,"author":{"gitId":"Miloepeng"},"content":"        case TODO:","lastModifiedDate":"2025-08-24T17:32:28","isFullCredit":false},{"lineNumber":104,"author":{"gitId":"Miloepeng"},"content":"            String todo \u003d input.substring(4).trim();","lastModifiedDate":"2025-08-24T17:32:28","isFullCredit":false},{"lineNumber":105,"author":{"gitId":"Miloepeng"},"content":"            if (todo.isEmpty()) {","lastModifiedDate":"2025-08-24T17:32:28","isFullCredit":false},{"lineNumber":106,"author":{"gitId":"Miloepeng"},"content":"                throw new EgoException(\"Hey... better take a closer look! \" +","lastModifiedDate":"2025-08-20T02:57:33","isFullCredit":false},{"lineNumber":107,"author":{"gitId":"Miloepeng"},"content":"                        \"Your task description can\u0027t be empty egoist.\");","lastModifiedDate":"2025-08-20T02:57:33","isFullCredit":false},{"lineNumber":108,"author":{"gitId":"Miloepeng"},"content":"            }","lastModifiedDate":"2025-08-20T02:57:33","isFullCredit":false},{"lineNumber":109,"author":{"gitId":"Miloepeng"},"content":"            newTask \u003d new ToDo(todo);","lastModifiedDate":"2025-08-24T17:32:28","isFullCredit":false},{"lineNumber":110,"author":{"gitId":"Miloepeng"},"content":"            break;","lastModifiedDate":"2025-08-24T17:32:28","isFullCredit":false},{"lineNumber":111,"author":{"gitId":"Miloepeng"},"content":"","lastModifiedDate":"2025-08-24T17:32:28","isFullCredit":false},{"lineNumber":112,"author":{"gitId":"Miloepeng"},"content":"        case DEADLINE:","lastModifiedDate":"2025-08-24T17:32:28","isFullCredit":false},{"lineNumber":113,"author":{"gitId":"Miloepeng"},"content":"            String deadline \u003d input.substring(8).trim();","lastModifiedDate":"2025-08-24T17:32:28","isFullCredit":false},{"lineNumber":114,"author":{"gitId":"Miloepeng"},"content":"            if (deadline.isEmpty()) {","lastModifiedDate":"2025-08-24T17:32:28","isFullCredit":false},{"lineNumber":115,"author":{"gitId":"Miloepeng"},"content":"                throw new EgoException(\"Hey... better take a closer look! \" +","lastModifiedDate":"2025-08-20T02:57:33","isFullCredit":false},{"lineNumber":116,"author":{"gitId":"Miloepeng"},"content":"                        \"Your task description can\u0027t be empty egoist!\");","lastModifiedDate":"2025-08-20T02:57:33","isFullCredit":false},{"lineNumber":117,"author":{"gitId":"Miloepeng"},"content":"            }","lastModifiedDate":"2025-08-20T02:57:33","isFullCredit":false},{"lineNumber":118,"author":{"gitId":"Miloepeng"},"content":"            if (!deadline.contains(\"/by\")) {","lastModifiedDate":"2025-08-24T17:32:28","isFullCredit":false},{"lineNumber":119,"author":{"gitId":"Miloepeng"},"content":"                throw new EgoException(\"Hey... Your command should be in the format: deadline \u003cdescription\u003e\" +","lastModifiedDate":"2025-08-20T02:57:33","isFullCredit":false},{"lineNumber":120,"author":{"gitId":"Miloepeng"},"content":"                        \" /by \u003cend date\u003e!\");","lastModifiedDate":"2025-08-20T02:57:33","isFullCredit":false},{"lineNumber":121,"author":{"gitId":"Miloepeng"},"content":"            }","lastModifiedDate":"2025-08-20T02:57:33","isFullCredit":false},{"lineNumber":122,"author":{"gitId":"Miloepeng"},"content":"            String[] splitted \u003d deadline.split(\"/by \");","lastModifiedDate":"2025-08-24T17:32:28","isFullCredit":false},{"lineNumber":123,"author":{"gitId":"Miloepeng"},"content":"            if (splitted.length \u003c 1 || splitted[0].isEmpty()) {","lastModifiedDate":"2025-08-20T02:57:33","isFullCredit":false},{"lineNumber":124,"author":{"gitId":"Miloepeng"},"content":"                throw new EgoException(\"Hey... better take a closer look! \" +","lastModifiedDate":"2025-08-20T02:57:33","isFullCredit":false},{"lineNumber":125,"author":{"gitId":"Miloepeng"},"content":"                        \"Your task description can\u0027t be empty egoist!\");","lastModifiedDate":"2025-08-20T02:57:33","isFullCredit":false},{"lineNumber":126,"author":{"gitId":"Miloepeng"},"content":"            }","lastModifiedDate":"2025-08-20T02:57:33","isFullCredit":false},{"lineNumber":127,"author":{"gitId":"Miloepeng"},"content":"            if (splitted.length \u003c 2 || splitted[1].trim().isEmpty()) {","lastModifiedDate":"2025-08-20T02:57:33","isFullCredit":false},{"lineNumber":128,"author":{"gitId":"Miloepeng"},"content":"                throw new EgoException(\"Hey... remind me what\u0027s the deadline again? \" +","lastModifiedDate":"2025-08-20T02:57:33","isFullCredit":false},{"lineNumber":129,"author":{"gitId":"Miloepeng"},"content":"                        \"Your command should be in the format deadline \u003cdescription\u003e\" +","lastModifiedDate":"2025-08-20T02:57:33","isFullCredit":false},{"lineNumber":130,"author":{"gitId":"Miloepeng"},"content":"                        \" /by \u003cend date\u003e!\");","lastModifiedDate":"2025-08-20T02:57:33","isFullCredit":false},{"lineNumber":131,"author":{"gitId":"Miloepeng"},"content":"            }","lastModifiedDate":"2025-08-20T02:57:33","isFullCredit":false},{"lineNumber":132,"author":{"gitId":"Miloepeng"},"content":"            String dueDate \u003d splitted[1].trim();","lastModifiedDate":"2025-08-25T01:46:06","isFullCredit":false},{"lineNumber":133,"author":{"gitId":"Miloepeng"},"content":"            newTask \u003d new Deadline(splitted[0], dueDate);","lastModifiedDate":"2025-08-24T17:32:28","isFullCredit":false},{"lineNumber":134,"author":{"gitId":"Miloepeng"},"content":"            break;","lastModifiedDate":"2025-08-24T17:32:28","isFullCredit":false},{"lineNumber":135,"author":{"gitId":"Miloepeng"},"content":"","lastModifiedDate":"2025-08-24T17:32:28","isFullCredit":false},{"lineNumber":136,"author":{"gitId":"Miloepeng"},"content":"        case EVENT:","lastModifiedDate":"2025-08-24T17:32:28","isFullCredit":false},{"lineNumber":137,"author":{"gitId":"Miloepeng"},"content":"            String event \u003d input.substring(5).trim();","lastModifiedDate":"2025-08-24T17:32:28","isFullCredit":false},{"lineNumber":138,"author":{"gitId":"Miloepeng"},"content":"            if (event.isEmpty()) {","lastModifiedDate":"2025-08-24T17:32:28","isFullCredit":false},{"lineNumber":139,"author":{"gitId":"Miloepeng"},"content":"                throw new EgoException(\"Hey... better take a closer look! \" +","lastModifiedDate":"2025-08-20T02:57:33","isFullCredit":false},{"lineNumber":140,"author":{"gitId":"Miloepeng"},"content":"                        \"Your task description can\u0027t be empty egoist!\");","lastModifiedDate":"2025-08-20T02:57:33","isFullCredit":false},{"lineNumber":141,"author":{"gitId":"Miloepeng"},"content":"            }","lastModifiedDate":"2025-08-20T02:57:33","isFullCredit":false},{"lineNumber":142,"author":{"gitId":"Miloepeng"},"content":"            if (!event.contains(\"/from\")) {","lastModifiedDate":"2025-08-24T17:32:28","isFullCredit":false},{"lineNumber":143,"author":{"gitId":"Miloepeng"},"content":"                throw new EgoException(\"Hey... where is your /from! \" +","lastModifiedDate":"2025-08-20T02:57:33","isFullCredit":false},{"lineNumber":144,"author":{"gitId":"Miloepeng"},"content":"                        \"Your command should be in the format: deadline \u003cdescription\u003e\" +","lastModifiedDate":"2025-08-20T02:57:33","isFullCredit":false},{"lineNumber":145,"author":{"gitId":"Miloepeng"},"content":"                        \" /from \u003cstart date\u003e /to \u003cend date\u003e!\");","lastModifiedDate":"2025-08-20T02:57:33","isFullCredit":false},{"lineNumber":146,"author":{"gitId":"Miloepeng"},"content":"            }","lastModifiedDate":"2025-08-20T02:57:33","isFullCredit":false},{"lineNumber":147,"author":{"gitId":"Miloepeng"},"content":"            if (!event.contains(\"/to\")) {","lastModifiedDate":"2025-08-24T17:32:28","isFullCredit":false},{"lineNumber":148,"author":{"gitId":"Miloepeng"},"content":"                throw new EgoException(\"Hey... where is your /to! \" +","lastModifiedDate":"2025-08-20T02:57:33","isFullCredit":false},{"lineNumber":149,"author":{"gitId":"Miloepeng"},"content":"                        \"Your command should be in the format: deadline \u003cdescription\u003e\" +","lastModifiedDate":"2025-08-20T02:57:33","isFullCredit":false},{"lineNumber":150,"author":{"gitId":"Miloepeng"},"content":"                        \" /from \u003cstart date\u003e /to \u003cend date\u003e!\");","lastModifiedDate":"2025-08-20T02:57:33","isFullCredit":false},{"lineNumber":151,"author":{"gitId":"Miloepeng"},"content":"            }","lastModifiedDate":"2025-08-20T02:57:33","isFullCredit":false},{"lineNumber":152,"author":{"gitId":"Miloepeng"},"content":"            String[] splitEvent \u003d event.split(\"/from \");","lastModifiedDate":"2025-08-24T17:32:28","isFullCredit":false},{"lineNumber":153,"author":{"gitId":"Miloepeng"},"content":"            event \u003d splitEvent[0];","lastModifiedDate":"2025-08-24T17:32:28","isFullCredit":false},{"lineNumber":154,"author":{"gitId":"Miloepeng"},"content":"            if (splitEvent[0].isEmpty()) {","lastModifiedDate":"2025-08-24T17:32:28","isFullCredit":false},{"lineNumber":155,"author":{"gitId":"Miloepeng"},"content":"                throw new EgoException(\"Hey... better take a closer look! \" +","lastModifiedDate":"2025-08-20T02:57:33","isFullCredit":false},{"lineNumber":156,"author":{"gitId":"Miloepeng"},"content":"                        \"Your task description can\u0027t be empty egoist!\");","lastModifiedDate":"2025-08-20T02:57:33","isFullCredit":false},{"lineNumber":157,"author":{"gitId":"Miloepeng"},"content":"            }","lastModifiedDate":"2025-08-20T02:57:33","isFullCredit":false},{"lineNumber":158,"author":{"gitId":"Miloepeng"},"content":"            splitEvent \u003d splitEvent[1].split(\"/to \");","lastModifiedDate":"2025-08-24T17:32:28","isFullCredit":false},{"lineNumber":159,"author":{"gitId":"Miloepeng"},"content":"            if (splitEvent[0].isEmpty()) {","lastModifiedDate":"2025-08-24T17:32:28","isFullCredit":false},{"lineNumber":160,"author":{"gitId":"Miloepeng"},"content":"                throw new EgoException(\"Hey... start date must be provided!\" +","lastModifiedDate":"2025-08-20T02:57:33","isFullCredit":false},{"lineNumber":161,"author":{"gitId":"Miloepeng"},"content":"                        \" Your command should be in the format: deadline \u003cdescription\u003e \" +","lastModifiedDate":"2025-08-20T02:57:33","isFullCredit":false},{"lineNumber":162,"author":{"gitId":"Miloepeng"},"content":"                        \"/from \u003cstart date\u003e /to \u003cend date\u003e.\");","lastModifiedDate":"2025-08-20T02:57:33","isFullCredit":false},{"lineNumber":163,"author":{"gitId":"Miloepeng"},"content":"            }","lastModifiedDate":"2025-08-20T02:57:33","isFullCredit":false},{"lineNumber":164,"author":{"gitId":"Miloepeng"},"content":"            if (splitEvent.length \u003c 2 || splitEvent[1].isEmpty()) {","lastModifiedDate":"2025-08-24T17:32:28","isFullCredit":false},{"lineNumber":165,"author":{"gitId":"Miloepeng"},"content":"                throw new EgoException(\"Hey... end date must be provided!\" +","lastModifiedDate":"2025-08-20T02:57:33","isFullCredit":false},{"lineNumber":166,"author":{"gitId":"Miloepeng"},"content":"                        \" Your command should be in the format: deadline \u003cdescription\u003e \" +","lastModifiedDate":"2025-08-20T02:57:33","isFullCredit":false},{"lineNumber":167,"author":{"gitId":"Miloepeng"},"content":"                        \"/from \u003cstart date\u003e /to \u003cend date\u003e.\");","lastModifiedDate":"2025-08-20T02:57:33","isFullCredit":false},{"lineNumber":168,"author":{"gitId":"Miloepeng"},"content":"            }","lastModifiedDate":"2025-08-20T02:57:33","isFullCredit":false},{"lineNumber":169,"author":{"gitId":"Miloepeng"},"content":"            String startDate \u003d splitEvent[0].trim();","lastModifiedDate":"2025-08-25T01:46:06","isFullCredit":false},{"lineNumber":170,"author":{"gitId":"Miloepeng"},"content":"            String endDate \u003d splitEvent[1].trim();","lastModifiedDate":"2025-08-25T01:46:06","isFullCredit":false},{"lineNumber":171,"author":{"gitId":"Miloepeng"},"content":"            newTask \u003d new Event(event, startDate, endDate);","lastModifiedDate":"2025-08-24T17:32:28","isFullCredit":false},{"lineNumber":172,"author":{"gitId":"Miloepeng"},"content":"            break;","lastModifiedDate":"2025-08-24T17:32:28","isFullCredit":false},{"lineNumber":173,"author":{"gitId":"Miloepeng"},"content":"","lastModifiedDate":"2025-08-24T17:32:28","isFullCredit":false},{"lineNumber":174,"author":{"gitId":"Miloepeng"},"content":"        }","lastModifiedDate":"2025-08-20T02:57:33","isFullCredit":false},{"lineNumber":175,"author":{"gitId":"Miloepeng"},"content":"","lastModifiedDate":"2025-08-24T17:32:28","isFullCredit":false},{"lineNumber":176,"author":{"gitId":"Miloepeng"},"content":"        taskList.add(newTask);","lastModifiedDate":"2025-08-24T23:05:49","isFullCredit":false},{"lineNumber":177,"author":{"gitId":"Miloepeng"},"content":"        printLine();","lastModifiedDate":"2025-08-24T17:32:28","isFullCredit":false},{"lineNumber":178,"author":{"gitId":"Miloepeng"},"content":"        System.out.println(\"Added: \" + newTask );","lastModifiedDate":"2025-08-20T02:57:33","isFullCredit":false},{"lineNumber":179,"author":{"gitId":"Miloepeng"},"content":"        System.out.println(\"Now you have \" + taskList.size() + \" tasks to complete!\");","lastModifiedDate":"2025-08-24T23:05:49","isFullCredit":false},{"lineNumber":180,"author":{"gitId":"Miloepeng"},"content":"        printLine();","lastModifiedDate":"2025-08-24T17:32:28","isFullCredit":false},{"lineNumber":181,"author":{"gitId":"Miloepeng"},"content":"    }","lastModifiedDate":"2025-08-19T16:07:53","isFullCredit":false},{"lineNumber":182,"author":{"gitId":"Miloepeng"},"content":"","lastModifiedDate":"2025-08-19T16:07:53","isFullCredit":false},{"lineNumber":183,"author":{"gitId":"Miloepeng"},"content":"    /**","lastModifiedDate":"2025-08-19T16:07:53","isFullCredit":false},{"lineNumber":184,"author":{"gitId":"Miloepeng"},"content":"     * Prints all current tasks in the list along with their index numbers and completion status.","lastModifiedDate":"2025-08-24T17:32:28","isFullCredit":false},{"lineNumber":185,"author":{"gitId":"Miloepeng"},"content":"     */","lastModifiedDate":"2025-08-19T16:07:53","isFullCredit":false},{"lineNumber":186,"author":{"gitId":"Miloepeng"},"content":"    public static void listTasks() {","lastModifiedDate":"2025-08-19T17:45:37","isFullCredit":false},{"lineNumber":187,"author":{"gitId":"Miloepeng"},"content":"        printLine();","lastModifiedDate":"2025-08-24T17:32:28","isFullCredit":false},{"lineNumber":188,"author":{"gitId":"Miloepeng"},"content":"        String msg \u003d \"OK egoist, ready to rock your to-do list?\";","lastModifiedDate":"2025-08-19T17:45:37","isFullCredit":false},{"lineNumber":189,"author":{"gitId":"Miloepeng"},"content":"        System.out.println(msg);","lastModifiedDate":"2025-08-19T17:45:37","isFullCredit":false},{"lineNumber":190,"author":{"gitId":"Miloepeng"},"content":"        for (int i \u003d 0; i \u003c taskList.size(); i++) {","lastModifiedDate":"2025-08-24T23:05:49","isFullCredit":false},{"lineNumber":191,"author":{"gitId":"Miloepeng"},"content":"            int count \u003d i + 1;","lastModifiedDate":"2025-08-19T16:07:53","isFullCredit":false},{"lineNumber":192,"author":{"gitId":"Miloepeng"},"content":"            System.out.println(count + \".\" + taskList.get(i));","lastModifiedDate":"2025-08-24T23:05:49","isFullCredit":false},{"lineNumber":193,"author":{"gitId":"Miloepeng"},"content":"        }","lastModifiedDate":"2025-08-19T16:07:53","isFullCredit":false},{"lineNumber":194,"author":{"gitId":"Miloepeng"},"content":"        printLine();","lastModifiedDate":"2025-08-24T17:32:28","isFullCredit":false},{"lineNumber":195,"author":{"gitId":"Miloepeng"},"content":"    }","lastModifiedDate":"2025-08-19T16:07:53","isFullCredit":false},{"lineNumber":196,"author":{"gitId":"Miloepeng"},"content":"","lastModifiedDate":"2025-08-19T16:07:53","isFullCredit":false},{"lineNumber":197,"author":{"gitId":"Miloepeng"},"content":"    /**","lastModifiedDate":"2025-08-19T17:45:37","isFullCredit":false},{"lineNumber":198,"author":{"gitId":"Miloepeng"},"content":"     * Marks a task as completed based on the task number.","lastModifiedDate":"2025-08-24T17:32:28","isFullCredit":false},{"lineNumber":199,"author":{"gitId":"Miloepeng"},"content":"     * @param taskNum the number to identify the task based on the list","lastModifiedDate":"2025-08-20T02:57:33","isFullCredit":false},{"lineNumber":200,"author":{"gitId":"Miloepeng"},"content":"     */","lastModifiedDate":"2025-08-19T17:45:37","isFullCredit":false},{"lineNumber":201,"author":{"gitId":"Miloepeng"},"content":"    public static void markTask(int taskNum) throws EgoException {","lastModifiedDate":"2025-08-20T02:57:33","isFullCredit":false},{"lineNumber":202,"author":{"gitId":"Miloepeng"},"content":"        if (taskNum \u003c\u003d 0 || taskNum \u003e taskList.size()) {","lastModifiedDate":"2025-08-24T23:05:49","isFullCredit":false},{"lineNumber":203,"author":{"gitId":"Miloepeng"},"content":"            throw new EgoException(\"Wow! Please input a number from 1 to \" + taskList.size());","lastModifiedDate":"2025-08-24T23:05:49","isFullCredit":false},{"lineNumber":204,"author":{"gitId":"Miloepeng"},"content":"        }","lastModifiedDate":"2025-08-20T02:57:33","isFullCredit":false},{"lineNumber":205,"author":{"gitId":"Miloepeng"},"content":"        String msg \u003d \"Well done egoist, I\u0027ve marked this task as completed:\\n  \";","lastModifiedDate":"2025-08-20T02:57:33","isFullCredit":false},{"lineNumber":206,"author":{"gitId":"Miloepeng"},"content":"        taskList.get(taskNum - 1).doTask();","lastModifiedDate":"2025-08-24T23:05:49","isFullCredit":false},{"lineNumber":207,"author":{"gitId":"Miloepeng"},"content":"        printLine();","lastModifiedDate":"2025-08-24T17:32:28","isFullCredit":false},{"lineNumber":208,"author":{"gitId":"Miloepeng"},"content":"        System.out.println(msg + taskList.get(taskNum - 1));","lastModifiedDate":"2025-08-24T23:05:49","isFullCredit":false},{"lineNumber":209,"author":{"gitId":"Miloepeng"},"content":"        printLine();","lastModifiedDate":"2025-08-24T17:32:28","isFullCredit":false},{"lineNumber":210,"author":{"gitId":"Miloepeng"},"content":"    }","lastModifiedDate":"2025-08-19T17:45:37","isFullCredit":false},{"lineNumber":211,"author":{"gitId":"Miloepeng"},"content":"","lastModifiedDate":"2025-08-19T17:45:37","isFullCredit":false},{"lineNumber":212,"author":{"gitId":"Miloepeng"},"content":"    /**","lastModifiedDate":"2025-08-19T17:45:37","isFullCredit":false},{"lineNumber":213,"author":{"gitId":"Miloepeng"},"content":"     * Unmarks a task as not completed based on task number.","lastModifiedDate":"2025-08-24T17:32:28","isFullCredit":false},{"lineNumber":214,"author":{"gitId":"Miloepeng"},"content":"     * @param taskNum the number to identify the task based on the list","lastModifiedDate":"2025-08-20T02:57:33","isFullCredit":false},{"lineNumber":215,"author":{"gitId":"Miloepeng"},"content":"     */","lastModifiedDate":"2025-08-19T17:45:37","isFullCredit":false},{"lineNumber":216,"author":{"gitId":"Miloepeng"},"content":"    public static void unmarkTask(int taskNum) throws EgoException {","lastModifiedDate":"2025-08-20T02:57:33","isFullCredit":false},{"lineNumber":217,"author":{"gitId":"Miloepeng"},"content":"        if (taskNum \u003c\u003d 0 || taskNum \u003e taskList.size()) {","lastModifiedDate":"2025-08-24T23:05:49","isFullCredit":false},{"lineNumber":218,"author":{"gitId":"Miloepeng"},"content":"            throw new EgoException(\"Wow! Please input a number from 1 to \" + taskList.size());","lastModifiedDate":"2025-08-24T23:05:49","isFullCredit":false},{"lineNumber":219,"author":{"gitId":"Miloepeng"},"content":"        }","lastModifiedDate":"2025-08-20T02:57:33","isFullCredit":false},{"lineNumber":220,"author":{"gitId":"Miloepeng"},"content":"        String msg \u003d \"Alright... I\u0027ll mark this task as not done yet...\\n  \";","lastModifiedDate":"2025-08-20T02:57:33","isFullCredit":false},{"lineNumber":221,"author":{"gitId":"Miloepeng"},"content":"        taskList.get(taskNum - 1).undoTask();","lastModifiedDate":"2025-08-24T23:05:49","isFullCredit":false},{"lineNumber":222,"author":{"gitId":"Miloepeng"},"content":"        printLine();","lastModifiedDate":"2025-08-24T17:32:28","isFullCredit":false},{"lineNumber":223,"author":{"gitId":"Miloepeng"},"content":"        System.out.println(msg + taskList.get(taskNum - 1));","lastModifiedDate":"2025-08-24T23:05:49","isFullCredit":false},{"lineNumber":224,"author":{"gitId":"Miloepeng"},"content":"        printLine();","lastModifiedDate":"2025-08-24T17:32:28","isFullCredit":false},{"lineNumber":225,"author":{"gitId":"Miloepeng"},"content":"    }","lastModifiedDate":"2025-08-20T02:57:33","isFullCredit":false},{"lineNumber":226,"author":{"gitId":"Miloepeng"},"content":"","lastModifiedDate":"2025-08-20T02:57:33","isFullCredit":false},{"lineNumber":227,"author":{"gitId":"Miloepeng"},"content":"    public static void deleteTask(int taskNum) throws EgoException {","lastModifiedDate":"2025-08-20T02:57:33","isFullCredit":false},{"lineNumber":228,"author":{"gitId":"Miloepeng"},"content":"        if (taskNum \u003c\u003d 0 || taskNum \u003e taskList.size()) {","lastModifiedDate":"2025-08-24T23:05:49","isFullCredit":false},{"lineNumber":229,"author":{"gitId":"Miloepeng"},"content":"            throw new EgoException(\"Wow! Please input a number from 1 to \" + taskList.size());","lastModifiedDate":"2025-08-24T23:05:49","isFullCredit":false},{"lineNumber":230,"author":{"gitId":"Miloepeng"},"content":"        }","lastModifiedDate":"2025-08-20T02:57:33","isFullCredit":false},{"lineNumber":231,"author":{"gitId":"Miloepeng"},"content":"        String msg \u003d \"Roger, I\u0027ll delete this task from your list!\\n  \";","lastModifiedDate":"2025-08-20T02:57:33","isFullCredit":false},{"lineNumber":232,"author":{"gitId":"Miloepeng"},"content":"        Task deletedTask \u003d taskList.remove(taskNum - 1);","lastModifiedDate":"2025-08-24T23:05:49","isFullCredit":false},{"lineNumber":233,"author":{"gitId":"Miloepeng"},"content":"        printLine();","lastModifiedDate":"2025-08-24T17:32:28","isFullCredit":false},{"lineNumber":234,"author":{"gitId":"Miloepeng"},"content":"        System.out.println(msg + deletedTask);","lastModifiedDate":"2025-08-20T02:57:33","isFullCredit":false},{"lineNumber":235,"author":{"gitId":"Miloepeng"},"content":"        System.out.println(\"Now you have \" + taskList.size() + \" tasks to complete!\");","lastModifiedDate":"2025-08-24T23:05:49","isFullCredit":false},{"lineNumber":236,"author":{"gitId":"Miloepeng"},"content":"        printLine();","lastModifiedDate":"2025-08-24T17:32:28","isFullCredit":false},{"lineNumber":237,"author":{"gitId":"Miloepeng"},"content":"    }","lastModifiedDate":"2025-08-19T17:45:37","isFullCredit":false},{"lineNumber":238,"author":{"gitId":"Miloepeng"},"content":"","lastModifiedDate":"2025-08-19T17:45:37","isFullCredit":false},{"lineNumber":239,"author":{"gitId":"Miloepeng"},"content":"    private static void saveTasks() {","lastModifiedDate":"2025-08-24T23:05:49","isFullCredit":false},{"lineNumber":240,"author":{"gitId":"Miloepeng"},"content":"        try {","lastModifiedDate":"2025-08-24T23:05:49","isFullCredit":false},{"lineNumber":241,"author":{"gitId":"Miloepeng"},"content":"            File file \u003d new File(FILE_PATH);","lastModifiedDate":"2025-08-24T23:05:49","isFullCredit":false},{"lineNumber":242,"author":{"gitId":"Miloepeng"},"content":"            file.getParentFile().mkdirs();","lastModifiedDate":"2025-08-24T23:05:49","isFullCredit":false},{"lineNumber":243,"author":{"gitId":"Miloepeng"},"content":"            FileWriter fileWriter \u003d new FileWriter(file);","lastModifiedDate":"2025-08-24T23:05:49","isFullCredit":false},{"lineNumber":244,"author":{"gitId":"Miloepeng"},"content":"            for (Task task : taskList) {","lastModifiedDate":"2025-08-24T23:05:49","isFullCredit":false},{"lineNumber":245,"author":{"gitId":"Miloepeng"},"content":"                fileWriter.write(task.toFileFormat() + System.lineSeparator());","lastModifiedDate":"2025-08-24T23:05:49","isFullCredit":false},{"lineNumber":246,"author":{"gitId":"Miloepeng"},"content":"            }","lastModifiedDate":"2025-08-24T23:05:49","isFullCredit":false},{"lineNumber":247,"author":{"gitId":"Miloepeng"},"content":"            fileWriter.close();","lastModifiedDate":"2025-08-24T23:05:49","isFullCredit":false},{"lineNumber":248,"author":{"gitId":"Miloepeng"},"content":"        } catch (IOException e) {","lastModifiedDate":"2025-08-24T23:05:49","isFullCredit":false},{"lineNumber":249,"author":{"gitId":"Miloepeng"},"content":"            System.out.println(\"Error saving tasks: \" + e.getMessage());","lastModifiedDate":"2025-08-24T23:05:49","isFullCredit":false},{"lineNumber":250,"author":{"gitId":"Miloepeng"},"content":"        }","lastModifiedDate":"2025-08-24T23:05:49","isFullCredit":false},{"lineNumber":251,"author":{"gitId":"Miloepeng"},"content":"    }","lastModifiedDate":"2025-08-24T23:05:49","isFullCredit":false},{"lineNumber":252,"author":{"gitId":"Miloepeng"},"content":"","lastModifiedDate":"2025-08-24T23:05:49","isFullCredit":false},{"lineNumber":253,"author":{"gitId":"Miloepeng"},"content":"    private static void loadTasks() {","lastModifiedDate":"2025-08-24T23:05:49","isFullCredit":false},{"lineNumber":254,"author":{"gitId":"Miloepeng"},"content":"        try {","lastModifiedDate":"2025-08-24T23:05:49","isFullCredit":false},{"lineNumber":255,"author":{"gitId":"Miloepeng"},"content":"            File file \u003d new File(FILE_PATH);","lastModifiedDate":"2025-08-24T23:05:49","isFullCredit":false},{"lineNumber":256,"author":{"gitId":"Miloepeng"},"content":"            if (!file.exists()) {","lastModifiedDate":"2025-08-24T23:05:49","isFullCredit":false},{"lineNumber":257,"author":{"gitId":"Miloepeng"},"content":"                return;","lastModifiedDate":"2025-08-24T23:05:49","isFullCredit":false},{"lineNumber":258,"author":{"gitId":"Miloepeng"},"content":"            }","lastModifiedDate":"2025-08-24T23:05:49","isFullCredit":false},{"lineNumber":259,"author":{"gitId":"Miloepeng"},"content":"            Scanner scanner \u003d new Scanner(file);","lastModifiedDate":"2025-08-24T23:05:49","isFullCredit":false},{"lineNumber":260,"author":{"gitId":"Miloepeng"},"content":"            while (scanner.hasNextLine()) {","lastModifiedDate":"2025-08-24T23:05:49","isFullCredit":false},{"lineNumber":261,"author":{"gitId":"Miloepeng"},"content":"                String line \u003d scanner.nextLine();","lastModifiedDate":"2025-08-24T23:05:49","isFullCredit":false},{"lineNumber":262,"author":{"gitId":"Miloepeng"},"content":"                try {","lastModifiedDate":"2025-08-24T23:13:34","isFullCredit":false},{"lineNumber":263,"author":{"gitId":"Miloepeng"},"content":"                    Task task \u003d parseTask(line);","lastModifiedDate":"2025-08-24T23:05:49","isFullCredit":false},{"lineNumber":264,"author":{"gitId":"Miloepeng"},"content":"                    taskList.add(task);","lastModifiedDate":"2025-08-24T23:05:49","isFullCredit":false},{"lineNumber":265,"author":{"gitId":"Miloepeng"},"content":"                } catch (Exception e) {","lastModifiedDate":"2025-08-24T23:13:34","isFullCredit":false},{"lineNumber":266,"author":{"gitId":"Miloepeng"},"content":"                    throw new IllegalStateException(\"Corrupted task file: \" + line, e);","lastModifiedDate":"2025-08-24T23:13:34","isFullCredit":false},{"lineNumber":267,"author":{"gitId":"Miloepeng"},"content":"                }","lastModifiedDate":"2025-08-24T23:13:34","isFullCredit":false},{"lineNumber":268,"author":{"gitId":"Miloepeng"},"content":"            }","lastModifiedDate":"2025-08-24T23:05:49","isFullCredit":false},{"lineNumber":269,"author":{"gitId":"Miloepeng"},"content":"            scanner.close();","lastModifiedDate":"2025-08-24T23:05:49","isFullCredit":false},{"lineNumber":270,"author":{"gitId":"Miloepeng"},"content":"        } catch (IOException e) {","lastModifiedDate":"2025-08-24T23:05:49","isFullCredit":false},{"lineNumber":271,"author":{"gitId":"Miloepeng"},"content":"            System.out.println(\"Error loading tasks:\" + e.getMessage());","lastModifiedDate":"2025-08-24T23:05:49","isFullCredit":false},{"lineNumber":272,"author":{"gitId":"Miloepeng"},"content":"        }","lastModifiedDate":"2025-08-24T23:05:49","isFullCredit":false},{"lineNumber":273,"author":{"gitId":"Miloepeng"},"content":"    }","lastModifiedDate":"2025-08-24T23:05:49","isFullCredit":false},{"lineNumber":274,"author":{"gitId":"Miloepeng"},"content":"","lastModifiedDate":"2025-08-24T23:05:49","isFullCredit":false},{"lineNumber":275,"author":{"gitId":"Miloepeng"},"content":"    private static Task parseTask(String line) {","lastModifiedDate":"2025-08-24T23:05:49","isFullCredit":false},{"lineNumber":276,"author":{"gitId":"Miloepeng"},"content":"        String[] parts \u003d line.split(\" \\\\| \");","lastModifiedDate":"2025-08-24T23:05:49","isFullCredit":false},{"lineNumber":277,"author":{"gitId":"Miloepeng"},"content":"        String type \u003d parts[0];","lastModifiedDate":"2025-08-24T23:05:49","isFullCredit":false},{"lineNumber":278,"author":{"gitId":"Miloepeng"},"content":"        boolean isDone \u003d parts[1].equals(\"1\");","lastModifiedDate":"2025-08-24T23:05:49","isFullCredit":false},{"lineNumber":279,"author":{"gitId":"Miloepeng"},"content":"        String description \u003d parts[2];","lastModifiedDate":"2025-08-24T23:05:49","isFullCredit":false},{"lineNumber":280,"author":{"gitId":"Miloepeng"},"content":"","lastModifiedDate":"2025-08-24T23:05:49","isFullCredit":false},{"lineNumber":281,"author":{"gitId":"Miloepeng"},"content":"        Task task;","lastModifiedDate":"2025-08-24T23:05:49","isFullCredit":false},{"lineNumber":282,"author":{"gitId":"Miloepeng"},"content":"        switch (type) {","lastModifiedDate":"2025-08-24T23:05:49","isFullCredit":false},{"lineNumber":283,"author":{"gitId":"Miloepeng"},"content":"        case \"T\":","lastModifiedDate":"2025-08-24T23:05:49","isFullCredit":false},{"lineNumber":284,"author":{"gitId":"Miloepeng"},"content":"            task \u003d new ToDo(description);","lastModifiedDate":"2025-08-24T23:05:49","isFullCredit":false},{"lineNumber":285,"author":{"gitId":"Miloepeng"},"content":"            break;","lastModifiedDate":"2025-08-24T23:05:49","isFullCredit":false},{"lineNumber":286,"author":{"gitId":"Miloepeng"},"content":"        case \"D\":","lastModifiedDate":"2025-08-24T23:05:49","isFullCredit":false},{"lineNumber":287,"author":{"gitId":"Miloepeng"},"content":"            task \u003d new Deadline(description, LocalDate.parse(parts[3]));","lastModifiedDate":"2025-08-25T10:01:33","isFullCredit":false},{"lineNumber":288,"author":{"gitId":"Miloepeng"},"content":"            break;","lastModifiedDate":"2025-08-24T23:05:49","isFullCredit":false},{"lineNumber":289,"author":{"gitId":"Miloepeng"},"content":"        case \"E\":","lastModifiedDate":"2025-08-24T23:05:49","isFullCredit":false},{"lineNumber":290,"author":{"gitId":"Miloepeng"},"content":"            task \u003d new Event(description, LocalDate.parse(parts[3]), LocalDate.parse(parts[4]));","lastModifiedDate":"2025-08-25T10:01:33","isFullCredit":false},{"lineNumber":291,"author":{"gitId":"Miloepeng"},"content":"            break;","lastModifiedDate":"2025-08-24T23:05:49","isFullCredit":false},{"lineNumber":292,"author":{"gitId":"Miloepeng"},"content":"        default:","lastModifiedDate":"2025-08-24T23:05:49","isFullCredit":false},{"lineNumber":293,"author":{"gitId":"Miloepeng"},"content":"            throw new IllegalArgumentException(\"Unknown task type in file: \" + type);","lastModifiedDate":"2025-08-24T23:05:49","isFullCredit":false},{"lineNumber":294,"author":{"gitId":"Miloepeng"},"content":"        }","lastModifiedDate":"2025-08-24T23:05:49","isFullCredit":false},{"lineNumber":295,"author":{"gitId":"Miloepeng"},"content":"        if (isDone) {","lastModifiedDate":"2025-08-24T23:05:49","isFullCredit":false},{"lineNumber":296,"author":{"gitId":"Miloepeng"},"content":"            task.doTask();","lastModifiedDate":"2025-08-24T23:05:49","isFullCredit":false},{"lineNumber":297,"author":{"gitId":"Miloepeng"},"content":"        }","lastModifiedDate":"2025-08-24T23:05:49","isFullCredit":false},{"lineNumber":298,"author":{"gitId":"Miloepeng"},"content":"        return task;","lastModifiedDate":"2025-08-24T23:05:49","isFullCredit":false},{"lineNumber":299,"author":{"gitId":"Miloepeng"},"content":"    }","lastModifiedDate":"2025-08-24T23:05:49","isFullCredit":false},{"lineNumber":300,"author":{"gitId":"Miloepeng"},"content":"","lastModifiedDate":"2025-08-24T23:05:49","isFullCredit":false},{"lineNumber":301,"author":{"gitId":"Miloepeng"},"content":"    public static void main(String[] args) {","lastModifiedDate":"2025-08-19T16:07:53","isFullCredit":false},{"lineNumber":302,"author":{"gitId":"Miloepeng"},"content":"        greet();","lastModifiedDate":"2025-08-19T16:07:53","isFullCredit":false},{"lineNumber":303,"author":{"gitId":"Miloepeng"},"content":"        echo();","lastModifiedDate":"2025-08-19T16:07:53","isFullCredit":false},{"lineNumber":304,"author":{"gitId":"Miloepeng"},"content":"    }","lastModifiedDate":"2025-08-19T16:07:53","isFullCredit":false},{"lineNumber":305,"author":{"gitId":"-"},"content":"}","lastModifiedDate":"2019-07-29T17:14:46","isFullCredit":false}],"authorContributionMap":{"Miloepeng":303,"-":2}},{"path":"src/main/java/EgoException.java","fileType":"java","lines":[{"lineNumber":1,"author":{"gitId":"Miloepeng"},"content":"public class EgoException extends Exception {","lastModifiedDate":"2025-08-20T02:57:33","isFullCredit":false},{"lineNumber":2,"author":{"gitId":"Miloepeng"},"content":"    public EgoException (String message) {","lastModifiedDate":"2025-08-20T02:57:33","isFullCredit":false},{"lineNumber":3,"author":{"gitId":"Miloepeng"},"content":"        super(message);","lastModifiedDate":"2025-08-20T02:57:33","isFullCredit":false},{"lineNumber":4,"author":{"gitId":"Miloepeng"},"content":"    }","lastModifiedDate":"2025-08-20T02:57:33","isFullCredit":false},{"lineNumber":5,"author":{"gitId":"Miloepeng"},"content":"","lastModifiedDate":"2025-08-20T02:44:43","isFullCredit":false},{"lineNumber":6,"author":{"gitId":"Miloepeng"},"content":"}","lastModifiedDate":"2025-08-20T02:44:43","isFullCredit":false}],"authorContributionMap":{"Miloepeng":6}},{"path":"src/main/java/Event.java","fileType":"java","lines":[{"lineNumber":1,"author":{"gitId":"Miloepeng"},"content":"import java.time.LocalDate;","lastModifiedDate":"2025-08-25T01:46:06","isFullCredit":false},{"lineNumber":2,"author":{"gitId":"Miloepeng"},"content":"import java.time.format.DateTimeFormatter;","lastModifiedDate":"2025-08-25T01:46:06","isFullCredit":false},{"lineNumber":3,"author":{"gitId":"Miloepeng"},"content":"import java.time.format.DateTimeParseException;","lastModifiedDate":"2025-08-25T10:01:33","isFullCredit":false},{"lineNumber":4,"author":{"gitId":"Miloepeng"},"content":"","lastModifiedDate":"2025-08-25T01:46:06","isFullCredit":false},{"lineNumber":5,"author":{"gitId":"Miloepeng"},"content":"/**","lastModifiedDate":"2025-08-24T23:17:53","isFullCredit":false},{"lineNumber":6,"author":{"gitId":"Miloepeng"},"content":" * Represents an Event task with a task description alongside the time period the user","lastModifiedDate":"2025-08-24T23:17:53","isFullCredit":false},{"lineNumber":7,"author":{"gitId":"Miloepeng"},"content":" * should complete the task in. Users can also mark the task as done or undone.","lastModifiedDate":"2025-08-24T23:17:53","isFullCredit":false},{"lineNumber":8,"author":{"gitId":"Miloepeng"},"content":" */","lastModifiedDate":"2025-08-24T23:17:53","isFullCredit":false},{"lineNumber":9,"author":{"gitId":"Miloepeng"},"content":"public class Event extends Task {","lastModifiedDate":"2025-08-24T17:32:28","isFullCredit":false},{"lineNumber":10,"author":{"gitId":"Miloepeng"},"content":"    private LocalDate startDate;","lastModifiedDate":"2025-08-25T01:46:06","isFullCredit":false},{"lineNumber":11,"author":{"gitId":"Miloepeng"},"content":"    private LocalDate endDate;","lastModifiedDate":"2025-08-25T01:46:06","isFullCredit":false},{"lineNumber":12,"author":{"gitId":"Miloepeng"},"content":"","lastModifiedDate":"2025-08-19T21:50:11","isFullCredit":false},{"lineNumber":13,"author":{"gitId":"Miloepeng"},"content":"    public Event(String name, String startDate, String endDate) throws EgoException {","lastModifiedDate":"2025-08-25T10:01:33","isFullCredit":false},{"lineNumber":14,"author":{"gitId":"Miloepeng"},"content":"        super(name);","lastModifiedDate":"2025-08-19T22:48:41","isFullCredit":false},{"lineNumber":15,"author":{"gitId":"Miloepeng"},"content":"        try {","lastModifiedDate":"2025-08-25T10:01:33","isFullCredit":false},{"lineNumber":16,"author":{"gitId":"Miloepeng"},"content":"            this.startDate \u003d LocalDate.parse(startDate);","lastModifiedDate":"2025-08-25T01:46:06","isFullCredit":false},{"lineNumber":17,"author":{"gitId":"Miloepeng"},"content":"            this.endDate \u003d LocalDate.parse(endDate);","lastModifiedDate":"2025-08-25T01:46:06","isFullCredit":false},{"lineNumber":18,"author":{"gitId":"Miloepeng"},"content":"        } catch (DateTimeParseException e) {","lastModifiedDate":"2025-08-25T10:01:33","isFullCredit":false},{"lineNumber":19,"author":{"gitId":"Miloepeng"},"content":"            throw new EgoException(\"Hey there! Please enter the date in yyyy-MM-dd format!, eg. 2025-08-25\");","lastModifiedDate":"2025-08-25T10:01:33","isFullCredit":false},{"lineNumber":20,"author":{"gitId":"Miloepeng"},"content":"        }","lastModifiedDate":"2025-08-25T10:01:33","isFullCredit":false},{"lineNumber":21,"author":{"gitId":"Miloepeng"},"content":"    }","lastModifiedDate":"2025-08-25T10:01:33","isFullCredit":false},{"lineNumber":22,"author":{"gitId":"Miloepeng"},"content":"","lastModifiedDate":"2025-08-25T10:01:33","isFullCredit":false},{"lineNumber":23,"author":{"gitId":"Miloepeng"},"content":"    public Event(String description, LocalDate startDate, LocalDate endDate) {","lastModifiedDate":"2025-08-25T10:01:33","isFullCredit":false},{"lineNumber":24,"author":{"gitId":"Miloepeng"},"content":"        super(description);","lastModifiedDate":"2025-08-25T10:01:33","isFullCredit":false},{"lineNumber":25,"author":{"gitId":"Miloepeng"},"content":"        this.startDate \u003d startDate;","lastModifiedDate":"2025-08-25T10:01:33","isFullCredit":false},{"lineNumber":26,"author":{"gitId":"Miloepeng"},"content":"        this.endDate \u003d endDate;","lastModifiedDate":"2025-08-25T10:01:33","isFullCredit":false},{"lineNumber":27,"author":{"gitId":"Miloepeng"},"content":"    }","lastModifiedDate":"2025-08-19T22:48:41","isFullCredit":false},{"lineNumber":28,"author":{"gitId":"Miloepeng"},"content":"","lastModifiedDate":"2025-08-19T22:48:41","isFullCredit":false},{"lineNumber":29,"author":{"gitId":"Miloepeng"},"content":"    @Override","lastModifiedDate":"2025-08-24T23:05:49","isFullCredit":false},{"lineNumber":30,"author":{"gitId":"Miloepeng"},"content":"    public String toFileFormat() {","lastModifiedDate":"2025-08-24T23:05:49","isFullCredit":false},{"lineNumber":31,"author":{"gitId":"Miloepeng"},"content":"        return \"E | \"+ (isDone ? \"1\" : \"0\") + \" | \" + description +","lastModifiedDate":"2025-08-24T23:05:49","isFullCredit":false},{"lineNumber":32,"author":{"gitId":"Miloepeng"},"content":"                \" | \" + startDate + \" | \" + endDate;","lastModifiedDate":"2025-08-24T23:05:49","isFullCredit":false},{"lineNumber":33,"author":{"gitId":"Miloepeng"},"content":"    }","lastModifiedDate":"2025-08-24T23:05:49","isFullCredit":false},{"lineNumber":34,"author":{"gitId":"Miloepeng"},"content":"","lastModifiedDate":"2025-08-24T23:05:49","isFullCredit":false},{"lineNumber":35,"author":{"gitId":"Miloepeng"},"content":"    @Override","lastModifiedDate":"2025-08-19T22:48:41","isFullCredit":false},{"lineNumber":36,"author":{"gitId":"Miloepeng"},"content":"    public String toString() {","lastModifiedDate":"2025-08-19T22:48:41","isFullCredit":false},{"lineNumber":37,"author":{"gitId":"Miloepeng"},"content":"        String duration \u003d \"(from: \" +","lastModifiedDate":"2025-08-25T01:46:06","isFullCredit":false},{"lineNumber":38,"author":{"gitId":"Miloepeng"},"content":"                this.startDate.format(DateTimeFormatter.ofPattern(\"MMM d yyyy\")) + \" to: \"","lastModifiedDate":"2025-08-25T01:46:06","isFullCredit":false},{"lineNumber":39,"author":{"gitId":"Miloepeng"},"content":"                + this.endDate.format(DateTimeFormatter.ofPattern(\"MMM d yyyy\"))+ \")\";","lastModifiedDate":"2025-08-25T01:46:06","isFullCredit":false},{"lineNumber":40,"author":{"gitId":"Miloepeng"},"content":"        return \"[E]\" + super.toString() + duration;","lastModifiedDate":"2025-08-20T02:57:33","isFullCredit":false},{"lineNumber":41,"author":{"gitId":"Miloepeng"},"content":"    }","lastModifiedDate":"2025-08-19T22:48:41","isFullCredit":false},{"lineNumber":42,"author":{"gitId":"Miloepeng"},"content":"}","lastModifiedDate":"2025-08-19T21:50:11","isFullCredit":false}],"authorContributionMap":{"Miloepeng":42}},{"path":"src/main/java/Task.java","fileType":"java","lines":[{"lineNumber":1,"author":{"gitId":"Miloepeng"},"content":"public abstract class Task {","lastModifiedDate":"2025-08-24T23:05:49","isFullCredit":false},{"lineNumber":2,"author":{"gitId":"Miloepeng"},"content":"    protected String description;","lastModifiedDate":"2025-08-24T23:05:49","isFullCredit":false},{"lineNumber":3,"author":{"gitId":"Miloepeng"},"content":"    protected boolean isDone;","lastModifiedDate":"2025-08-24T23:05:49","isFullCredit":false},{"lineNumber":4,"author":{"gitId":"Miloepeng"},"content":"","lastModifiedDate":"2025-08-19T17:45:37","isFullCredit":false},{"lineNumber":5,"author":{"gitId":"Miloepeng"},"content":"    public Task(String name) {","lastModifiedDate":"2025-08-19T17:45:37","isFullCredit":false},{"lineNumber":6,"author":{"gitId":"Miloepeng"},"content":"        this.isDone \u003d false;","lastModifiedDate":"2025-08-24T17:32:28","isFullCredit":false},{"lineNumber":7,"author":{"gitId":"Miloepeng"},"content":"        this.description \u003d name;","lastModifiedDate":"2025-08-24T23:05:49","isFullCredit":false},{"lineNumber":8,"author":{"gitId":"Miloepeng"},"content":"    }","lastModifiedDate":"2025-08-19T17:45:37","isFullCredit":false},{"lineNumber":9,"author":{"gitId":"Miloepeng"},"content":"","lastModifiedDate":"2025-08-19T17:45:37","isFullCredit":false},{"lineNumber":10,"author":{"gitId":"Miloepeng"},"content":"    public abstract String toFileFormat();","lastModifiedDate":"2025-08-24T23:05:49","isFullCredit":false},{"lineNumber":11,"author":{"gitId":"Miloepeng"},"content":"","lastModifiedDate":"2025-08-24T23:05:49","isFullCredit":false},{"lineNumber":12,"author":{"gitId":"Miloepeng"},"content":"    public void doTask() {","lastModifiedDate":"2025-08-19T17:45:37","isFullCredit":false},{"lineNumber":13,"author":{"gitId":"Miloepeng"},"content":"        this.isDone \u003d true;","lastModifiedDate":"2025-08-24T17:32:28","isFullCredit":false},{"lineNumber":14,"author":{"gitId":"Miloepeng"},"content":"    }","lastModifiedDate":"2025-08-19T17:45:37","isFullCredit":false},{"lineNumber":15,"author":{"gitId":"Miloepeng"},"content":"","lastModifiedDate":"2025-08-19T17:45:37","isFullCredit":false},{"lineNumber":16,"author":{"gitId":"Miloepeng"},"content":"    public void undoTask() {","lastModifiedDate":"2025-08-19T17:45:37","isFullCredit":false},{"lineNumber":17,"author":{"gitId":"Miloepeng"},"content":"        this.isDone \u003d false;","lastModifiedDate":"2025-08-24T17:32:28","isFullCredit":false},{"lineNumber":18,"author":{"gitId":"Miloepeng"},"content":"    }","lastModifiedDate":"2025-08-19T17:45:37","isFullCredit":false},{"lineNumber":19,"author":{"gitId":"Miloepeng"},"content":"","lastModifiedDate":"2025-08-19T17:45:37","isFullCredit":false},{"lineNumber":20,"author":{"gitId":"Miloepeng"},"content":"    @Override","lastModifiedDate":"2025-08-19T17:45:37","isFullCredit":false},{"lineNumber":21,"author":{"gitId":"Miloepeng"},"content":"    public String toString() {","lastModifiedDate":"2025-08-19T17:45:37","isFullCredit":false},{"lineNumber":22,"author":{"gitId":"Miloepeng"},"content":"        String status \u003d \"\";","lastModifiedDate":"2025-08-19T17:45:37","isFullCredit":false},{"lineNumber":23,"author":{"gitId":"Miloepeng"},"content":"        if (this.isDone) {","lastModifiedDate":"2025-08-24T17:32:28","isFullCredit":false},{"lineNumber":24,"author":{"gitId":"Miloepeng"},"content":"            status \u003d \"[X]\";","lastModifiedDate":"2025-08-19T17:45:37","isFullCredit":false},{"lineNumber":25,"author":{"gitId":"Miloepeng"},"content":"        } else {","lastModifiedDate":"2025-08-19T17:45:37","isFullCredit":false},{"lineNumber":26,"author":{"gitId":"Miloepeng"},"content":"            status \u003d \"[ ]\";","lastModifiedDate":"2025-08-19T17:45:37","isFullCredit":false},{"lineNumber":27,"author":{"gitId":"Miloepeng"},"content":"        }","lastModifiedDate":"2025-08-19T17:45:37","isFullCredit":false},{"lineNumber":28,"author":{"gitId":"Miloepeng"},"content":"        return status + \" \" + this.description;","lastModifiedDate":"2025-08-24T23:05:49","isFullCredit":false},{"lineNumber":29,"author":{"gitId":"Miloepeng"},"content":"    }","lastModifiedDate":"2025-08-19T17:45:37","isFullCredit":false},{"lineNumber":30,"author":{"gitId":"Miloepeng"},"content":"}","lastModifiedDate":"2025-08-19T17:45:37","isFullCredit":false}],"authorContributionMap":{"Miloepeng":30}},{"path":"src/main/java/TaskType.java","fileType":"java","lines":[{"lineNumber":1,"author":{"gitId":"Miloepeng"},"content":"public enum TaskType {","lastModifiedDate":"2025-08-24T17:32:28","isFullCredit":false},{"lineNumber":2,"author":{"gitId":"Miloepeng"},"content":"    TODO, DEADLINE, EVENT, INVALID;","lastModifiedDate":"2025-08-24T17:32:28","isFullCredit":false},{"lineNumber":3,"author":{"gitId":"Miloepeng"},"content":"","lastModifiedDate":"2025-08-21T17:41:11","isFullCredit":false},{"lineNumber":4,"author":{"gitId":"Miloepeng"},"content":"    public static TaskType fromString(String input) {","lastModifiedDate":"2025-08-24T17:32:28","isFullCredit":false},{"lineNumber":5,"author":{"gitId":"Miloepeng"},"content":"        if (input.startsWith(\"todo\")) return TODO;","lastModifiedDate":"2025-08-24T17:32:28","isFullCredit":false},{"lineNumber":6,"author":{"gitId":"Miloepeng"},"content":"        if (input.startsWith(\"deadline\")) return DEADLINE;","lastModifiedDate":"2025-08-24T17:32:28","isFullCredit":false},{"lineNumber":7,"author":{"gitId":"Miloepeng"},"content":"        if (input.startsWith(\"event\")) return EVENT;","lastModifiedDate":"2025-08-24T17:32:28","isFullCredit":false},{"lineNumber":8,"author":{"gitId":"Miloepeng"},"content":"        return INVALID;","lastModifiedDate":"2025-08-24T17:32:28","isFullCredit":false},{"lineNumber":9,"author":{"gitId":"Miloepeng"},"content":"    }","lastModifiedDate":"2025-08-24T17:32:28","isFullCredit":false},{"lineNumber":10,"author":{"gitId":"Miloepeng"},"content":"}","lastModifiedDate":"2025-08-21T17:41:11","isFullCredit":false}],"authorContributionMap":{"Miloepeng":10}},{"path":"src/main/java/ToDo.java","fileType":"java","lines":[{"lineNumber":1,"author":{"gitId":"Miloepeng"},"content":"/**","lastModifiedDate":"2025-08-24T23:17:53","isFullCredit":false},{"lineNumber":2,"author":{"gitId":"Miloepeng"},"content":" * Represents a Todo task that has a task description. User can mark","lastModifiedDate":"2025-08-24T23:17:53","isFullCredit":false},{"lineNumber":3,"author":{"gitId":"Miloepeng"},"content":" * it as either done or undone.","lastModifiedDate":"2025-08-24T23:17:53","isFullCredit":false},{"lineNumber":4,"author":{"gitId":"Miloepeng"},"content":" */","lastModifiedDate":"2025-08-24T23:17:53","isFullCredit":false},{"lineNumber":5,"author":{"gitId":"Miloepeng"},"content":"public class ToDo extends Task {","lastModifiedDate":"2025-08-24T17:32:28","isFullCredit":false},{"lineNumber":6,"author":{"gitId":"Miloepeng"},"content":"    public ToDo(String name) {","lastModifiedDate":"2025-08-24T17:32:28","isFullCredit":false},{"lineNumber":7,"author":{"gitId":"Miloepeng"},"content":"        super(name);","lastModifiedDate":"2025-08-19T22:48:41","isFullCredit":false},{"lineNumber":8,"author":{"gitId":"Miloepeng"},"content":"    }","lastModifiedDate":"2025-08-19T22:48:41","isFullCredit":false},{"lineNumber":9,"author":{"gitId":"Miloepeng"},"content":"","lastModifiedDate":"2025-08-19T22:48:41","isFullCredit":false},{"lineNumber":10,"author":{"gitId":"Miloepeng"},"content":"    @Override","lastModifiedDate":"2025-08-24T23:05:49","isFullCredit":false},{"lineNumber":11,"author":{"gitId":"Miloepeng"},"content":"    public String toFileFormat() {","lastModifiedDate":"2025-08-24T23:05:49","isFullCredit":false},{"lineNumber":12,"author":{"gitId":"Miloepeng"},"content":"        return \"T | \" + (isDone ? \"1\" : \"0\") + \" | \" + description;","lastModifiedDate":"2025-08-24T23:05:49","isFullCredit":false},{"lineNumber":13,"author":{"gitId":"Miloepeng"},"content":"    }","lastModifiedDate":"2025-08-24T23:05:49","isFullCredit":false},{"lineNumber":14,"author":{"gitId":"Miloepeng"},"content":"","lastModifiedDate":"2025-08-24T23:05:49","isFullCredit":false},{"lineNumber":15,"author":{"gitId":"Miloepeng"},"content":"    @Override","lastModifiedDate":"2025-08-19T22:48:41","isFullCredit":false},{"lineNumber":16,"author":{"gitId":"Miloepeng"},"content":"    public String toString() {","lastModifiedDate":"2025-08-19T22:48:41","isFullCredit":false},{"lineNumber":17,"author":{"gitId":"Miloepeng"},"content":"        return \"[T]\" + super.toString();","lastModifiedDate":"2025-08-19T22:48:41","isFullCredit":false},{"lineNumber":18,"author":{"gitId":"Miloepeng"},"content":"    }","lastModifiedDate":"2025-08-19T22:48:41","isFullCredit":false},{"lineNumber":19,"author":{"gitId":"Miloepeng"},"content":"}","lastModifiedDate":"2025-08-19T21:50:11","isFullCredit":false}],"authorContributionMap":{"Miloepeng":19}},{"path":"src/main/java/data/ego.txt","fileType":"txt","lines":[{"lineNumber":1,"author":{"gitId":"Miloepeng"},"content":"D | 0 | buy milk  | 2022-09-09","lastModifiedDate":"2025-08-25T10:01:33","isFullCredit":false},{"lineNumber":2,"author":{"gitId":"Miloepeng"},"content":"E | 0 | hehehaha  | 2022-02-21 | 2025-03-31","lastModifiedDate":"2025-08-25T10:01:33","isFullCredit":false}],"authorContributionMap":{"Miloepeng":2}},{"path":"text-ui-test/input.txt","fileType":"txt","lines":[{"lineNumber":1,"author":{"gitId":"Miloepeng"},"content":"todo borrow book","lastModifiedDate":"2025-08-24T17:32:28","isFullCredit":false},{"lineNumber":2,"author":{"gitId":"Miloepeng"},"content":"deadline return book /by Sunday","lastModifiedDate":"2025-08-24T17:32:28","isFullCredit":false},{"lineNumber":3,"author":{"gitId":"Miloepeng"},"content":"event project meeting /from Mon 2pm /to 4pm","lastModifiedDate":"2025-08-24T17:32:28","isFullCredit":false},{"lineNumber":4,"author":{"gitId":"Miloepeng"},"content":"list","lastModifiedDate":"2025-08-24T17:32:28","isFullCredit":false},{"lineNumber":5,"author":{"gitId":"Miloepeng"},"content":"mark 2","lastModifiedDate":"2025-08-24T17:32:28","isFullCredit":false},{"lineNumber":6,"author":{"gitId":"Miloepeng"},"content":"list","lastModifiedDate":"2025-08-24T17:32:28","isFullCredit":false},{"lineNumber":7,"author":{"gitId":"Miloepeng"},"content":"unmark 2","lastModifiedDate":"2025-08-24T17:32:28","isFullCredit":false},{"lineNumber":8,"author":{"gitId":"Miloepeng"},"content":"list","lastModifiedDate":"2025-08-24T17:32:28","isFullCredit":false},{"lineNumber":9,"author":{"gitId":"Miloepeng"},"content":"unmark -1","lastModifiedDate":"2025-08-24T17:32:28","isFullCredit":false},{"lineNumber":10,"author":{"gitId":"Miloepeng"},"content":"unmark 99","lastModifiedDate":"2025-08-24T17:32:28","isFullCredit":false},{"lineNumber":11,"author":{"gitId":"Miloepeng"},"content":"mark -1","lastModifiedDate":"2025-08-24T17:32:28","isFullCredit":false},{"lineNumber":12,"author":{"gitId":"Miloepeng"},"content":"mark 99","lastModifiedDate":"2025-08-24T17:32:28","isFullCredit":false},{"lineNumber":13,"author":{"gitId":"Miloepeng"},"content":"deadline","lastModifiedDate":"2025-08-24T17:32:28","isFullCredit":false},{"lineNumber":14,"author":{"gitId":"Miloepeng"},"content":"event","lastModifiedDate":"2025-08-24T17:32:28","isFullCredit":false},{"lineNumber":15,"author":{"gitId":"Miloepeng"},"content":"blahblah","lastModifiedDate":"2025-08-24T17:32:28","isFullCredit":false},{"lineNumber":16,"author":{"gitId":"Miloepeng"},"content":"delete 1","lastModifiedDate":"2025-08-24T17:32:28","isFullCredit":false},{"lineNumber":17,"author":{"gitId":"Miloepeng"},"content":"list","lastModifiedDate":"2025-08-24T17:32:28","isFullCredit":false},{"lineNumber":18,"author":{"gitId":"Miloepeng"},"content":"bye","lastModifiedDate":"2025-08-24T17:32:28","isFullCredit":false}],"authorContributionMap":{"Miloepeng":18}},{"path":"text-ui-test/runtest.bat","fileType":"bat","lines":[{"lineNumber":1,"author":{"gitId":"-"},"content":"@ECHO OFF","lastModifiedDate":"2020-05-25T00:03:55","isFullCredit":false},{"lineNumber":2,"author":{"gitId":"-"},"content":"","lastModifiedDate":"2020-05-25T00:03:55","isFullCredit":false},{"lineNumber":3,"author":{"gitId":"-"},"content":"REM create bin directory if it doesn\u0027t exist","lastModifiedDate":"2020-05-25T00:03:55","isFullCredit":false},{"lineNumber":4,"author":{"gitId":"-"},"content":"if not exist ..\\bin mkdir ..\\bin","lastModifiedDate":"2020-05-25T00:03:55","isFullCredit":false},{"lineNumber":5,"author":{"gitId":"-"},"content":"","lastModifiedDate":"2020-05-25T00:03:55","isFullCredit":false},{"lineNumber":6,"author":{"gitId":"-"},"content":"REM delete output from previous run","lastModifiedDate":"2020-05-25T00:03:55","isFullCredit":false},{"lineNumber":7,"author":{"gitId":"-"},"content":"if exist ACTUAL.TXT del ACTUAL.TXT","lastModifiedDate":"2020-08-25T17:23:26","isFullCredit":false},{"lineNumber":8,"author":{"gitId":"-"},"content":"","lastModifiedDate":"2020-05-25T00:03:55","isFullCredit":false},{"lineNumber":9,"author":{"gitId":"-"},"content":"REM compile the code into the bin folder","lastModifiedDate":"2020-05-25T00:03:55","isFullCredit":false},{"lineNumber":10,"author":{"gitId":"-"},"content":"javac  -cp ..\\src\\main\\java -Xlint:none -d ..\\bin ..\\src\\main\\java\\*.java","lastModifiedDate":"2020-08-25T17:23:26","isFullCredit":false},{"lineNumber":11,"author":{"gitId":"-"},"content":"IF ERRORLEVEL 1 (","lastModifiedDate":"2020-05-25T00:03:55","isFullCredit":false},{"lineNumber":12,"author":{"gitId":"-"},"content":"    echo ********** BUILD FAILURE **********","lastModifiedDate":"2020-05-25T00:03:55","isFullCredit":false},{"lineNumber":13,"author":{"gitId":"-"},"content":"    exit /b 1","lastModifiedDate":"2020-05-25T00:03:55","isFullCredit":false},{"lineNumber":14,"author":{"gitId":"-"},"content":")","lastModifiedDate":"2020-05-25T00:03:55","isFullCredit":false},{"lineNumber":15,"author":{"gitId":"-"},"content":"REM no error here, errorlevel \u003d\u003d 0","lastModifiedDate":"2020-05-25T00:03:55","isFullCredit":false},{"lineNumber":16,"author":{"gitId":"-"},"content":"","lastModifiedDate":"2020-05-25T00:03:55","isFullCredit":false},{"lineNumber":17,"author":{"gitId":"-"},"content":"REM run the program, feed commands from input.txt file and redirect the output to the ACTUAL.TXT","lastModifiedDate":"2020-05-25T00:03:55","isFullCredit":false},{"lineNumber":18,"author":{"gitId":"Miloepeng"},"content":"java -classpath ..\\bin Ego \u003c input.txt \u003e ACTUAL.TXT","lastModifiedDate":"2025-08-24T17:32:28","isFullCredit":false},{"lineNumber":19,"author":{"gitId":"-"},"content":"","lastModifiedDate":"2020-05-25T00:03:55","isFullCredit":false},{"lineNumber":20,"author":{"gitId":"-"},"content":"REM compare the output to the expected output","lastModifiedDate":"2020-05-25T00:03:55","isFullCredit":false},{"lineNumber":21,"author":{"gitId":"-"},"content":"FC ACTUAL.TXT EXPECTED.TXT","lastModifiedDate":"2020-05-25T00:03:55","isFullCredit":false}],"authorContributionMap":{"Miloepeng":1,"-":20}}]
