{"authorDailyContributionsMap":{"junhao4":[{"date":"2025-08-18T00:00:00","commitResults":[{"hash":"e7d428b4efee4f6beacd80834d9533b1483ead3c","isMergeCommit":false,"messageTitle":"Add skeletal version","messageBody":"","tags":["Level-0"],"fileTypesAndContributionMap":{"java":{"insertions":15,"deletions":10}}},{"hash":"45e3007e160245ee2e93eecdb613e39b11ae8024","isMergeCommit":false,"messageTitle":"Make Mark echo commands","messageBody":"Add functionality to take user input and echos that\nExits when the user types the command bye\n","tags":["Level-1"],"fileTypesAndContributionMap":{"java":{"insertions":21,"deletions":4}}},{"hash":"df90753bb220e3f23644f0112374556ea3638b34","isMergeCommit":false,"messageTitle":"Refactor messages","messageBody":"Message formatting is handwritten. This wastes a lot of time.\n\nCreating a class to handle such formatting saves time and effort.\n","fileTypesAndContributionMap":{"java":{"insertions":33,"deletions":16}}},{"hash":"2ed919e892c1e4b144f83dc8c44aa3d082b7e462","isMergeCommit":false,"messageTitle":"Add more methods to Message","messageBody":"","fileTypesAndContributionMap":{"java":{"insertions":10,"deletions":4}}},{"hash":"6662f68d7c7268e7d0676745b041f788ef77d001","isMergeCommit":false,"messageTitle":"Add ability to store text and display them back when requested","messageBody":"Add TaskList class which stores users inputs and displays\nthem back when the user enters list.\n","tags":["Level-2"],"fileTypesAndContributionMap":{"java":{"insertions":47,"deletions":7}}}]},{"date":"2025-08-19T00:00:00","commitResults":[{"hash":"3b0f866d804bbbb2488bc231605ed292a184ea96","isMergeCommit":false,"messageTitle":"Add ability to mark and unmark tasks","messageBody":"","tags":["Level-3"],"fileTypesAndContributionMap":{"java":{"insertions":56,"deletions":5}}},{"hash":"b51da6ccab701cb07a0af5ad27c75a28de72b87b","isMergeCommit":false,"messageTitle":"Add support for tracking 3 types of tasks","messageBody":"","tags":["Level-4"],"fileTypesAndContributionMap":{"java":{"insertions":93,"deletions":5}}}]},{"date":"2025-08-20T00:00:00","commitResults":[{"hash":"894a72a8524fad82cf51ac746b163a3da99714a0","isMergeCommit":false,"messageTitle":"Add automated text ui tests","messageBody":"","tags":["A-TextUiTesting"],"fileTypesAndContributionMap":{"txt":{"insertions":11,"deletions":0},"bat":{"insertions":1,"deletions":1},"sh":{"insertions":1,"deletions":1}}}]},{"date":"2025-08-21T00:00:00","commitResults":[{"hash":"c494269564446d0536b04bb6c97e52615dd4bb70","isMergeCommit":false,"messageTitle":"Refactor code adding InputHandler","messageBody":"This makes the code easier to extend in the future.\n","fileTypesAndContributionMap":{"java":{"insertions":78,"deletions":30}}},{"hash":"fd4358290e3ad9b2e53b71ac3964bb501c3e7b49","isMergeCommit":false,"messageTitle":"Added exception handling and new test cases","messageBody":"","tags":["Level-6","Level-5"],"fileTypesAndContributionMap":{"txt":{"insertions":16,"deletions":0},"java":{"insertions":115,"deletions":19}}}]},{"date":"2025-08-22T00:00:00","commitResults":[{"hash":"35fe242101008cb35adfc6e2313eaf35ca812f2b","isMergeCommit":false,"messageTitle":"fix bugs","messageBody":"","fileTypesAndContributionMap":{"java":{"insertions":42,"deletions":46}}},{"hash":"d34cc5db018c9668ce9b096bf39f7fa74828db0a","isMergeCommit":false,"messageTitle":"Add enum for user commands","messageBody":"","fileTypesAndContributionMap":{"java":{"insertions":16,"deletions":0}}},{"hash":"b836ce751170e2b0824863370aaab4f1620245b0","isMergeCommit":false,"messageTitle":"refactor code to use enums","messageBody":"","fileTypesAndContributionMap":{"java":{"insertions":52,"deletions":8}}},{"hash":"8e1623e1876e8efb6a55477543d157978d405fe8","isMergeCommit":false,"messageTitle":"add command classes to use in enums","messageBody":"","tags":["A-Enums"],"fileTypesAndContributionMap":{"java":{"insertions":143,"deletions":137}}}]},{"date":"2025-08-25T00:00:00","commitResults":[{"hash":"18329db37592f0bb15bb00b9bafbd96035db3b46","isMergeCommit":false,"messageTitle":"task strings","messageBody":"","fileTypesAndContributionMap":{"java":{"insertions":7,"deletions":0}}}]},{"date":"2025-08-26T00:00:00","commitResults":[{"hash":"90d38fffb0503d0b639662fa4f5c6541059c27eb","isMergeCommit":false,"messageTitle":"Add save to hard disk feature","messageBody":"","fileTypesAndContributionMap":{"java":{"insertions":158,"deletions":16}}}]},{"date":"2025-08-27T00:00:00","commitResults":[{"hash":"ab3dcb94a6dcd443cf1ebd6d907a53a5e90256ed","isMergeCommit":true,"messageTitle":"Merge remote-tracking branch \u0027origin/branch-level-7\u0027","messageBody":"","tags":["Level-7"],"fileTypesAndContributionMap":{}}]},{"date":"2025-08-28T00:00:00","commitResults":[{"hash":"97daaa8d73874c81f73162c639fad253b4433803","isMergeCommit":false,"messageTitle":"Change date fields in task from string to LocalDate","messageBody":"","fileTypesAndContributionMap":{"java":{"insertions":207,"deletions":65}}},{"hash":"634f90aaa7e0061146205ca1fd362bde2df1ca36","isMergeCommit":true,"messageTitle":"Merge branch \u0027branch-Level-8\u0027","messageBody":"","tags":["Level-8"],"fileTypesAndContributionMap":{}},{"hash":"1ca2b130f66e3c74068b23ef8072aac42c2422ee","isMergeCommit":false,"messageTitle":"OOP the clasess and change message to ui class","messageBody":"","fileTypesAndContributionMap":{"java":{"insertions":56,"deletions":28}}},{"hash":"e8cc29e7808c8ece0dcee68f2651fe26aadfc3cb","isMergeCommit":true,"messageTitle":"Merge branch \u0027branch-MoreOOP\u0027","messageBody":"","tags":["A-MoreOOP"],"fileTypesAndContributionMap":{}},{"hash":"52fb18be013913a7bd12f9a76539c9422bb7a8ba","isMergeCommit":false,"messageTitle":"Add input handler package","messageBody":"","fileTypesAndContributionMap":{"java":{"insertions":3,"deletions":2}}},{"hash":"ee9857ba0f97473a2b11ae2491f9db2d2f8533ba","isMergeCommit":true,"messageTitle":"Merge branch \u0027branch-Packages\u0027","messageBody":"","tags":["A-Packages"],"fileTypesAndContributionMap":{}},{"hash":"56d79ed5cc611317a59d6fad7fe7f5aa3ac16580","isMergeCommit":true,"messageTitle":"Merge branch \u0027add-gradle-support\u0027","messageBody":"","fileTypesAndContributionMap":{}},{"hash":"7d4366df66177c6aa1604e1483a38ed9eea15d7d","isMergeCommit":false,"messageTitle":"Add Mark to Mark package","messageBody":"","fileTypesAndContributionMap":{"java":{"insertions":3,"deletions":1}}},{"hash":"d6a70df44e4af556b79e5d87c3135047f1db6af4","isMergeCommit":false,"messageTitle":"Change gradle build","messageBody":"","tags":["A-Gradle"],"fileTypesAndContributionMap":{"gradle":{"insertions":2,"deletions":2},"txt":{"insertions":6,"deletions":0},"bat":{"insertions":1,"deletions":1}}},{"hash":"83e6d1da5542edabf1b071ce7c88fee1b094ec0e","isMergeCommit":false,"messageTitle":"Add JUnit tests","messageBody":"","fileTypesAndContributionMap":{"txt":{"insertions":5,"deletions":1},"java":{"insertions":96,"deletions":1}}},{"hash":"14efc0659a84c38c464b0692f7565da3ecd65ab8","isMergeCommit":true,"messageTitle":"Merge branch \u0027branch-JUnit\u0027","messageBody":"","tags":["A-JUnit"],"fileTypesAndContributionMap":{}}]},{"date":"2025-08-29T00:00:00","commitResults":[{"hash":"fdc13fbba2e8c95907dd2032556871a11412479e","isMergeCommit":false,"messageTitle":"Package the App as a JAR file","messageBody":"","fileTypesAndContributionMap":{"gradle":{"insertions":1,"deletions":0}}},{"hash":"a20ef5cd68fdc2b6d34f464419cdb388a5fc1da6","isMergeCommit":true,"messageTitle":"Merge branch \u0027branch-Jar\u0027","messageBody":"","tags":["A-Jar"],"fileTypesAndContributionMap":{}}]}]},"authorFileTypeContributionMap":{"junhao4":{"java":857,"md":0,"fxml":0,"sh":1,"bat":1,"gradle":3,"txt":37}},"authorContributionVariance":{"junhao4":20258.342},"authorDisplayNameMap":{"junhao4":"CS2103T-T09-3 NG J.. HAO"}}
