[{"path":"src/main/java/DeadlineTask.java","fileType":"java","lines":[{"lineNumber":1,"author":{"gitId":"Meckss"},"content":"class DeadlineTask extends Task {","lastModifiedDate":"2025-08-22T20:17:37","isFullCredit":false},{"lineNumber":2,"author":{"gitId":"Meckss"},"content":"    String deadline;","lastModifiedDate":"2025-08-22T20:52:30","isFullCredit":false},{"lineNumber":3,"author":{"gitId":"Meckss"},"content":"","lastModifiedDate":"2025-08-22T20:52:30","isFullCredit":false},{"lineNumber":4,"author":{"gitId":"Meckss"},"content":"    public DeadlineTask(String description, String deadline) {","lastModifiedDate":"2025-08-22T20:52:30","isFullCredit":false},{"lineNumber":5,"author":{"gitId":"Meckss"},"content":"        super(description + \" (by: \" + deadline + \")\", TaskType.D);","lastModifiedDate":"2025-08-22T21:04:21","isFullCredit":false},{"lineNumber":6,"author":{"gitId":"Meckss"},"content":"        this.deadline \u003d deadline;","lastModifiedDate":"2025-08-22T20:52:30","isFullCredit":false},{"lineNumber":7,"author":{"gitId":"Meckss"},"content":"    }","lastModifiedDate":"2025-08-22T20:17:37","isFullCredit":false},{"lineNumber":8,"author":{"gitId":"Meckss"},"content":"","lastModifiedDate":"2025-08-22T20:52:30","isFullCredit":false},{"lineNumber":9,"author":{"gitId":"Meckss"},"content":"}","lastModifiedDate":"2025-08-22T20:17:37","isFullCredit":false}],"authorContributionMap":{"Meckss":9}},{"path":"src/main/java/EventTask.java","fileType":"java","lines":[{"lineNumber":1,"author":{"gitId":"Meckss"},"content":"class EventTask extends Task{","lastModifiedDate":"2025-08-22T20:17:37","isFullCredit":false},{"lineNumber":2,"author":{"gitId":"Meckss"},"content":"    String from;","lastModifiedDate":"2025-08-22T20:52:30","isFullCredit":false},{"lineNumber":3,"author":{"gitId":"Meckss"},"content":"    String to;","lastModifiedDate":"2025-08-22T20:52:30","isFullCredit":false},{"lineNumber":4,"author":{"gitId":"Meckss"},"content":"","lastModifiedDate":"2025-08-22T20:52:30","isFullCredit":false},{"lineNumber":5,"author":{"gitId":"Meckss"},"content":"    public EventTask(String description, String from, String to) {","lastModifiedDate":"2025-08-22T20:52:30","isFullCredit":false},{"lineNumber":6,"author":{"gitId":"Meckss"},"content":"        super(description + \" (from: \" + from + \" to: \" + to + \")\", TaskType.E);","lastModifiedDate":"2025-08-22T21:04:21","isFullCredit":false},{"lineNumber":7,"author":{"gitId":"Meckss"},"content":"        this.from \u003d from;","lastModifiedDate":"2025-08-22T20:52:30","isFullCredit":false},{"lineNumber":8,"author":{"gitId":"Meckss"},"content":"        this.to \u003d to;","lastModifiedDate":"2025-08-22T20:52:30","isFullCredit":false},{"lineNumber":9,"author":{"gitId":"Meckss"},"content":"    }","lastModifiedDate":"2025-08-22T20:17:37","isFullCredit":false},{"lineNumber":10,"author":{"gitId":"Meckss"},"content":"","lastModifiedDate":"2025-08-22T20:52:30","isFullCredit":false},{"lineNumber":11,"author":{"gitId":"Meckss"},"content":"","lastModifiedDate":"2025-08-22T20:52:30","isFullCredit":false},{"lineNumber":12,"author":{"gitId":"Meckss"},"content":"}","lastModifiedDate":"2025-08-22T20:17:37","isFullCredit":false}],"authorContributionMap":{"Meckss":12}},{"path":"src/main/java/Hope.java","fileType":"java","lines":[{"lineNumber":1,"author":{"gitId":"Meckss"},"content":"import java.util.Scanner;","lastModifiedDate":"2025-08-22T17:56:01","isFullCredit":false},{"lineNumber":2,"author":{"gitId":"Meckss"},"content":"import java.util.HashMap;","lastModifiedDate":"2025-08-22T18:40:08","isFullCredit":false},{"lineNumber":3,"author":{"gitId":"Meckss"},"content":"import java.util.Set;","lastModifiedDate":"2025-08-22T18:40:08","isFullCredit":false},{"lineNumber":4,"author":{"gitId":"Meckss"},"content":"import java.util.List;","lastModifiedDate":"2025-08-22T18:49:32","isFullCredit":false},{"lineNumber":5,"author":{"gitId":"Meckss"},"content":"import java.util.ArrayList;","lastModifiedDate":"2025-08-22T18:49:32","isFullCredit":false},{"lineNumber":6,"author":{"gitId":"Meckss"},"content":"","lastModifiedDate":"2025-08-22T17:56:01","isFullCredit":false},{"lineNumber":7,"author":{"gitId":"Meckss"},"content":"public class Hope {","lastModifiedDate":"2025-08-22T15:54:26","isFullCredit":false},{"lineNumber":8,"author":{"gitId":"Meckss"},"content":"","lastModifiedDate":"2025-08-22T18:40:08","isFullCredit":false},{"lineNumber":9,"author":{"gitId":"Meckss"},"content":"    private static boolean online \u003d true;","lastModifiedDate":"2025-08-22T18:40:08","isFullCredit":false},{"lineNumber":10,"author":{"gitId":"Meckss"},"content":"    private static List\u003cTask\u003e toDoList \u003d new ArrayList\u003c\u003e() {","lastModifiedDate":"2025-08-22T19:37:26","isFullCredit":false},{"lineNumber":11,"author":{"gitId":"Meckss"},"content":"        @Override","lastModifiedDate":"2025-08-22T19:23:19","isFullCredit":false},{"lineNumber":12,"author":{"gitId":"Meckss"},"content":"        public String toString() {","lastModifiedDate":"2025-08-22T19:23:19","isFullCredit":false},{"lineNumber":13,"author":{"gitId":"Meckss"},"content":"            if(isEmpty()) {","lastModifiedDate":"2025-08-22T19:23:19","isFullCredit":false},{"lineNumber":14,"author":{"gitId":"Meckss"},"content":"                return \"\";","lastModifiedDate":"2025-08-22T19:23:19","isFullCredit":false},{"lineNumber":15,"author":{"gitId":"Meckss"},"content":"            }","lastModifiedDate":"2025-08-22T19:23:19","isFullCredit":false},{"lineNumber":16,"author":{"gitId":"Meckss"},"content":"","lastModifiedDate":"2025-08-22T19:23:19","isFullCredit":false},{"lineNumber":17,"author":{"gitId":"Meckss"},"content":"            StringBuilder sb \u003d new StringBuilder();","lastModifiedDate":"2025-08-22T19:23:19","isFullCredit":false},{"lineNumber":18,"author":{"gitId":"Meckss"},"content":"            for(int i \u003d 0; i \u003c size(); i++) {","lastModifiedDate":"2025-08-22T19:23:19","isFullCredit":false},{"lineNumber":19,"author":{"gitId":"Meckss"},"content":"                sb.append(i + 1).append(\".\").append(get(i).toString()).append(\"\\n\");","lastModifiedDate":"2025-08-22T19:37:26","isFullCredit":false},{"lineNumber":20,"author":{"gitId":"Meckss"},"content":"            }","lastModifiedDate":"2025-08-22T19:23:19","isFullCredit":false},{"lineNumber":21,"author":{"gitId":"Meckss"},"content":"            return sb.toString();","lastModifiedDate":"2025-08-22T19:23:19","isFullCredit":false},{"lineNumber":22,"author":{"gitId":"Meckss"},"content":"        };","lastModifiedDate":"2025-08-22T19:23:19","isFullCredit":false},{"lineNumber":23,"author":{"gitId":"Meckss"},"content":"    };","lastModifiedDate":"2025-08-22T19:23:19","isFullCredit":false},{"lineNumber":24,"author":{"gitId":"Meckss"},"content":"","lastModifiedDate":"2025-08-22T19:23:19","isFullCredit":false},{"lineNumber":25,"author":{"gitId":"Meckss"},"content":"    private static final Set\u003cString\u003e COMMANDS \u003d Set.of(","lastModifiedDate":"2025-08-22T18:40:08","isFullCredit":false},{"lineNumber":26,"author":{"gitId":"Meckss"},"content":"            \"bye\",","lastModifiedDate":"2025-08-22T19:23:19","isFullCredit":false},{"lineNumber":27,"author":{"gitId":"Meckss"},"content":"            \"list\",","lastModifiedDate":"2025-08-22T19:52:56","isFullCredit":false},{"lineNumber":28,"author":{"gitId":"Meckss"},"content":"            \"mark\",","lastModifiedDate":"2025-08-22T19:57:42","isFullCredit":false},{"lineNumber":29,"author":{"gitId":"Meckss"},"content":"            \"unmark\",","lastModifiedDate":"2025-08-22T20:52:30","isFullCredit":false},{"lineNumber":30,"author":{"gitId":"Meckss"},"content":"            \"todo\",","lastModifiedDate":"2025-08-22T20:52:30","isFullCredit":false},{"lineNumber":31,"author":{"gitId":"Meckss"},"content":"            \"deadline\",","lastModifiedDate":"2025-08-22T20:52:30","isFullCredit":false},{"lineNumber":32,"author":{"gitId":"Meckss"},"content":"            \"event\"","lastModifiedDate":"2025-08-22T20:52:30","isFullCredit":false},{"lineNumber":33,"author":{"gitId":"Meckss"},"content":"    );","lastModifiedDate":"2025-08-22T18:40:08","isFullCredit":false},{"lineNumber":34,"author":{"gitId":"Meckss"},"content":"","lastModifiedDate":"2025-08-22T18:40:08","isFullCredit":false},{"lineNumber":35,"author":{"gitId":"Meckss"},"content":"    private static final HashMap\u003cString, Command\u003e EXECUTECOMMAND\u003d new HashMap\u003c\u003e();","lastModifiedDate":"2025-08-22T18:40:08","isFullCredit":false},{"lineNumber":36,"author":{"gitId":"Meckss"},"content":"","lastModifiedDate":"2025-08-22T18:40:08","isFullCredit":false},{"lineNumber":37,"author":{"gitId":"Meckss"},"content":"    static {","lastModifiedDate":"2025-08-22T18:40:08","isFullCredit":false},{"lineNumber":38,"author":{"gitId":"Meckss"},"content":"        EXECUTECOMMAND.put(\"bye\", new endCommand());","lastModifiedDate":"2025-08-22T18:40:08","isFullCredit":false},{"lineNumber":39,"author":{"gitId":"Meckss"},"content":"        EXECUTECOMMAND.put(\"list\", new listCommand());","lastModifiedDate":"2025-08-22T19:23:19","isFullCredit":false},{"lineNumber":40,"author":{"gitId":"Meckss"},"content":"        EXECUTECOMMAND.put(\"mark\", new markCommand());","lastModifiedDate":"2025-08-22T19:52:56","isFullCredit":false},{"lineNumber":41,"author":{"gitId":"Meckss"},"content":"        EXECUTECOMMAND.put(\"unmark\", new unmarkCommand());","lastModifiedDate":"2025-08-22T19:57:42","isFullCredit":false},{"lineNumber":42,"author":{"gitId":"Meckss"},"content":"        EXECUTECOMMAND.put(\"todo\", new addTDTask());","lastModifiedDate":"2025-08-22T20:52:30","isFullCredit":false},{"lineNumber":43,"author":{"gitId":"Meckss"},"content":"        EXECUTECOMMAND.put(\"deadline\", new addDTask());","lastModifiedDate":"2025-08-22T20:52:30","isFullCredit":false},{"lineNumber":44,"author":{"gitId":"Meckss"},"content":"        EXECUTECOMMAND.put(\"event\", new addETask());","lastModifiedDate":"2025-08-22T20:52:30","isFullCredit":false},{"lineNumber":45,"author":{"gitId":"Meckss"},"content":"    }","lastModifiedDate":"2025-08-22T18:40:08","isFullCredit":false},{"lineNumber":46,"author":{"gitId":"Meckss"},"content":"","lastModifiedDate":"2025-08-22T18:40:08","isFullCredit":false},{"lineNumber":47,"author":{"gitId":"Meckss"},"content":"    interface Command {","lastModifiedDate":"2025-08-22T18:40:08","isFullCredit":false},{"lineNumber":48,"author":{"gitId":"Meckss"},"content":"        void execute(Object o);","lastModifiedDate":"2025-08-22T19:12:52","isFullCredit":false},{"lineNumber":49,"author":{"gitId":"Meckss"},"content":"    }","lastModifiedDate":"2025-08-22T18:40:08","isFullCredit":false},{"lineNumber":50,"author":{"gitId":"Meckss"},"content":"","lastModifiedDate":"2025-08-22T18:40:08","isFullCredit":false},{"lineNumber":51,"author":{"gitId":"Meckss"},"content":"    static class endCommand implements Command {","lastModifiedDate":"2025-08-22T18:40:08","isFullCredit":false},{"lineNumber":52,"author":{"gitId":"Meckss"},"content":"        @Override","lastModifiedDate":"2025-08-22T18:40:08","isFullCredit":false},{"lineNumber":53,"author":{"gitId":"Meckss"},"content":"        public void execute(Object o) {","lastModifiedDate":"2025-08-22T19:12:52","isFullCredit":false},{"lineNumber":54,"author":{"gitId":"Meckss"},"content":"            System.out.println(\"See you soon!\");","lastModifiedDate":"2025-08-22T18:40:08","isFullCredit":false},{"lineNumber":55,"author":{"gitId":"Meckss"},"content":"            online \u003d false;","lastModifiedDate":"2025-08-22T18:40:08","isFullCredit":false},{"lineNumber":56,"author":{"gitId":"Meckss"},"content":"        }","lastModifiedDate":"2025-08-22T18:40:08","isFullCredit":false},{"lineNumber":57,"author":{"gitId":"Meckss"},"content":"    }","lastModifiedDate":"2025-08-22T18:40:08","isFullCredit":false},{"lineNumber":58,"author":{"gitId":"Meckss"},"content":"","lastModifiedDate":"2025-08-22T18:40:08","isFullCredit":false},{"lineNumber":59,"author":{"gitId":"Meckss"},"content":"    static class addTDTask implements Command{","lastModifiedDate":"2025-08-22T20:52:30","isFullCredit":false},{"lineNumber":60,"author":{"gitId":"Meckss"},"content":"        @Override","lastModifiedDate":"2025-08-22T20:52:30","isFullCredit":false},{"lineNumber":61,"author":{"gitId":"Meckss"},"content":"        public void execute(Object o) {","lastModifiedDate":"2025-08-22T20:52:30","isFullCredit":false},{"lineNumber":62,"author":{"gitId":"Meckss"},"content":"            String input \u003d (String) o;","lastModifiedDate":"2025-08-22T22:06:55","isFullCredit":false},{"lineNumber":63,"author":{"gitId":"Meckss"},"content":"            if(input.equals(\"todo\")) {","lastModifiedDate":"2025-08-22T22:06:55","isFullCredit":false},{"lineNumber":64,"author":{"gitId":"Meckss"},"content":"                System.out.println(\"What are you trying todo?\\n\");","lastModifiedDate":"2025-08-22T22:06:55","isFullCredit":false},{"lineNumber":65,"author":{"gitId":"Meckss"},"content":"                return;","lastModifiedDate":"2025-08-22T22:06:55","isFullCredit":false},{"lineNumber":66,"author":{"gitId":"Meckss"},"content":"            }","lastModifiedDate":"2025-08-22T22:06:55","isFullCredit":false},{"lineNumber":67,"author":{"gitId":"Meckss"},"content":"            if(input.equals(\"\")) {","lastModifiedDate":"2025-08-22T22:06:55","isFullCredit":false},{"lineNumber":68,"author":{"gitId":"Meckss"},"content":"                System.out.println(\"empty input, try again\");","lastModifiedDate":"2025-08-22T22:06:55","isFullCredit":false},{"lineNumber":69,"author":{"gitId":"Meckss"},"content":"                return;","lastModifiedDate":"2025-08-22T22:06:55","isFullCredit":false},{"lineNumber":70,"author":{"gitId":"Meckss"},"content":"            }","lastModifiedDate":"2025-08-22T22:06:55","isFullCredit":false},{"lineNumber":71,"author":{"gitId":"Meckss"},"content":"            ToDoTask temp \u003d new ToDoTask((String) o);","lastModifiedDate":"2025-08-22T20:52:30","isFullCredit":false},{"lineNumber":72,"author":{"gitId":"Meckss"},"content":"            toDoList.add(temp);","lastModifiedDate":"2025-08-22T20:52:30","isFullCredit":false},{"lineNumber":73,"author":{"gitId":"Meckss"},"content":"            System.out.println(\"Added this task:\"+ \"\\n\");","lastModifiedDate":"2025-08-22T20:52:30","isFullCredit":false},{"lineNumber":74,"author":{"gitId":"Meckss"},"content":"            System.out.println(temp.toString() + \"\\n\");","lastModifiedDate":"2025-08-22T20:52:30","isFullCredit":false},{"lineNumber":75,"author":{"gitId":"Meckss"},"content":"            System.out.println(\"You now have \" + toDoList.size() + \" tasks in the list\\n\");","lastModifiedDate":"2025-08-22T21:21:12","isFullCredit":false},{"lineNumber":76,"author":{"gitId":"Meckss"},"content":"        }","lastModifiedDate":"2025-08-22T20:52:30","isFullCredit":false},{"lineNumber":77,"author":{"gitId":"Meckss"},"content":"    }","lastModifiedDate":"2025-08-22T20:52:30","isFullCredit":false},{"lineNumber":78,"author":{"gitId":"Meckss"},"content":"","lastModifiedDate":"2025-08-22T20:52:30","isFullCredit":false},{"lineNumber":79,"author":{"gitId":"Meckss"},"content":"    static class addDTask implements Command{","lastModifiedDate":"2025-08-22T20:52:30","isFullCredit":false},{"lineNumber":80,"author":{"gitId":"Meckss"},"content":"        @Override","lastModifiedDate":"2025-08-22T20:52:30","isFullCredit":false},{"lineNumber":81,"author":{"gitId":"Meckss"},"content":"        public void execute(Object o) {","lastModifiedDate":"2025-08-22T19:12:52","isFullCredit":false},{"lineNumber":82,"author":{"gitId":"Meckss"},"content":"            String input \u003d (String) o;","lastModifiedDate":"2025-08-22T20:52:30","isFullCredit":false},{"lineNumber":83,"author":{"gitId":"Meckss"},"content":"            if(input.equals(\"deadline\")) {","lastModifiedDate":"2025-08-22T21:48:47","isFullCredit":false},{"lineNumber":84,"author":{"gitId":"Meckss"},"content":"                System.out.println(\"Looks like you forgot to input a description and a deadline! Try again\\n\");","lastModifiedDate":"2025-08-22T21:48:47","isFullCredit":false},{"lineNumber":85,"author":{"gitId":"Meckss"},"content":"                return;","lastModifiedDate":"2025-08-22T21:48:47","isFullCredit":false},{"lineNumber":86,"author":{"gitId":"Meckss"},"content":"            }","lastModifiedDate":"2025-08-22T21:48:47","isFullCredit":false},{"lineNumber":87,"author":{"gitId":"Meckss"},"content":"            String[] info \u003d input.split(\"/by\");","lastModifiedDate":"2025-08-22T20:52:30","isFullCredit":false},{"lineNumber":88,"author":{"gitId":"Meckss"},"content":"            if(info.length \u003d\u003d 1) {","lastModifiedDate":"2025-08-22T21:48:47","isFullCredit":false},{"lineNumber":89,"author":{"gitId":"Meckss"},"content":"                System.out.println(\"Incorrect input, please try again\\n\");","lastModifiedDate":"2025-08-22T21:48:47","isFullCredit":false},{"lineNumber":90,"author":{"gitId":"Meckss"},"content":"                return;","lastModifiedDate":"2025-08-22T21:48:47","isFullCredit":false},{"lineNumber":91,"author":{"gitId":"Meckss"},"content":"            }","lastModifiedDate":"2025-08-22T21:48:47","isFullCredit":false},{"lineNumber":92,"author":{"gitId":"Meckss"},"content":"            DeadlineTask temp \u003d new DeadlineTask(info[0].trim(), info[1].trim());","lastModifiedDate":"2025-08-22T20:52:30","isFullCredit":false},{"lineNumber":93,"author":{"gitId":"Meckss"},"content":"            toDoList.add(temp);","lastModifiedDate":"2025-08-22T20:52:30","isFullCredit":false},{"lineNumber":94,"author":{"gitId":"Meckss"},"content":"            System.out.println(\"Added this task:\"+ \"\\n\");","lastModifiedDate":"2025-08-22T20:52:30","isFullCredit":false},{"lineNumber":95,"author":{"gitId":"Meckss"},"content":"            System.out.println(temp.toString() + \"\\n\");","lastModifiedDate":"2025-08-22T20:52:30","isFullCredit":false},{"lineNumber":96,"author":{"gitId":"Meckss"},"content":"            System.out.println(\"You now have \" + toDoList.size() + \" tasks in the list\\n\");","lastModifiedDate":"2025-08-22T21:21:12","isFullCredit":false},{"lineNumber":97,"author":{"gitId":"Meckss"},"content":"        }","lastModifiedDate":"2025-08-22T20:52:30","isFullCredit":false},{"lineNumber":98,"author":{"gitId":"Meckss"},"content":"    }","lastModifiedDate":"2025-08-22T20:52:30","isFullCredit":false},{"lineNumber":99,"author":{"gitId":"Meckss"},"content":"","lastModifiedDate":"2025-08-22T20:52:30","isFullCredit":false},{"lineNumber":100,"author":{"gitId":"Meckss"},"content":"    static class addETask implements Command{","lastModifiedDate":"2025-08-22T20:52:30","isFullCredit":false},{"lineNumber":101,"author":{"gitId":"Meckss"},"content":"        @Override","lastModifiedDate":"2025-08-22T20:52:30","isFullCredit":false},{"lineNumber":102,"author":{"gitId":"Meckss"},"content":"        public void execute(Object o) {","lastModifiedDate":"2025-08-22T20:52:30","isFullCredit":false},{"lineNumber":103,"author":{"gitId":"Meckss"},"content":"            String input \u003d (String) o;","lastModifiedDate":"2025-08-22T20:52:30","isFullCredit":false},{"lineNumber":104,"author":{"gitId":"Meckss"},"content":"            if(input.equals(\"event\")) {","lastModifiedDate":"2025-08-22T21:48:47","isFullCredit":false},{"lineNumber":105,"author":{"gitId":"Meckss"},"content":"                System.out.println(\"Looks like you forgot to input description, from and to! Try again\\n\");","lastModifiedDate":"2025-08-22T21:48:47","isFullCredit":false},{"lineNumber":106,"author":{"gitId":"Meckss"},"content":"                return;","lastModifiedDate":"2025-08-22T21:48:47","isFullCredit":false},{"lineNumber":107,"author":{"gitId":"Meckss"},"content":"            }","lastModifiedDate":"2025-08-22T21:48:47","isFullCredit":false},{"lineNumber":108,"author":{"gitId":"Meckss"},"content":"            String[] info \u003d input.split(\"/from\");","lastModifiedDate":"2025-08-22T20:52:30","isFullCredit":false},{"lineNumber":109,"author":{"gitId":"Meckss"},"content":"            if(info.length \u003d\u003d 1) {","lastModifiedDate":"2025-08-22T21:48:47","isFullCredit":false},{"lineNumber":110,"author":{"gitId":"Meckss"},"content":"                System.out.println(\"Incorrect input, please try again\\n\");","lastModifiedDate":"2025-08-22T21:48:47","isFullCredit":false},{"lineNumber":111,"author":{"gitId":"Meckss"},"content":"                return;","lastModifiedDate":"2025-08-22T21:48:47","isFullCredit":false},{"lineNumber":112,"author":{"gitId":"Meckss"},"content":"            }","lastModifiedDate":"2025-08-22T21:48:47","isFullCredit":false},{"lineNumber":113,"author":{"gitId":"Meckss"},"content":"            String[] times \u003d info[1].split(\"/to\");","lastModifiedDate":"2025-08-22T20:52:30","isFullCredit":false},{"lineNumber":114,"author":{"gitId":"Meckss"},"content":"            if(times.length \u003d\u003d 1) {","lastModifiedDate":"2025-08-22T21:48:47","isFullCredit":false},{"lineNumber":115,"author":{"gitId":"Meckss"},"content":"                System.out.println(\"Incorrect input, please try again\\n\");","lastModifiedDate":"2025-08-22T21:48:47","isFullCredit":false},{"lineNumber":116,"author":{"gitId":"Meckss"},"content":"                return;","lastModifiedDate":"2025-08-22T21:48:47","isFullCredit":false},{"lineNumber":117,"author":{"gitId":"Meckss"},"content":"            }","lastModifiedDate":"2025-08-22T21:48:47","isFullCredit":false},{"lineNumber":118,"author":{"gitId":"Meckss"},"content":"            EventTask temp \u003d new EventTask(info[0].trim(), times[0].trim(), times[1].trim());","lastModifiedDate":"2025-08-22T20:52:30","isFullCredit":false},{"lineNumber":119,"author":{"gitId":"Meckss"},"content":"            toDoList.add(temp);","lastModifiedDate":"2025-08-22T20:52:30","isFullCredit":false},{"lineNumber":120,"author":{"gitId":"Meckss"},"content":"            System.out.println(\"Added this task:\"+ \"\\n\");","lastModifiedDate":"2025-08-22T20:52:30","isFullCredit":false},{"lineNumber":121,"author":{"gitId":"Meckss"},"content":"            System.out.println(temp.toString() + \"\\n\");","lastModifiedDate":"2025-08-22T20:52:30","isFullCredit":false},{"lineNumber":122,"author":{"gitId":"Meckss"},"content":"            System.out.println(\"You now have \" + toDoList.size() + \" tasks in the list\\n\");","lastModifiedDate":"2025-08-22T21:21:12","isFullCredit":false},{"lineNumber":123,"author":{"gitId":"Meckss"},"content":"        }","lastModifiedDate":"2025-08-22T19:12:52","isFullCredit":false},{"lineNumber":124,"author":{"gitId":"Meckss"},"content":"    }","lastModifiedDate":"2025-08-22T19:12:52","isFullCredit":false},{"lineNumber":125,"author":{"gitId":"Meckss"},"content":"","lastModifiedDate":"2025-08-22T19:12:52","isFullCredit":false},{"lineNumber":126,"author":{"gitId":"Meckss"},"content":"    static class listCommand implements Command {","lastModifiedDate":"2025-08-22T19:23:19","isFullCredit":false},{"lineNumber":127,"author":{"gitId":"Meckss"},"content":"        public void execute(Object o) {","lastModifiedDate":"2025-08-22T19:23:19","isFullCredit":false},{"lineNumber":128,"author":{"gitId":"Meckss"},"content":"            if(toDoList.size() \u003d\u003d 0) {","lastModifiedDate":"2025-08-22T21:57:44","isFullCredit":false},{"lineNumber":129,"author":{"gitId":"Meckss"},"content":"                System.out.println(\"You have 0 tasks\\n\");","lastModifiedDate":"2025-08-22T21:57:44","isFullCredit":false},{"lineNumber":130,"author":{"gitId":"Meckss"},"content":"                return;","lastModifiedDate":"2025-08-22T21:57:44","isFullCredit":false},{"lineNumber":131,"author":{"gitId":"Meckss"},"content":"            }","lastModifiedDate":"2025-08-22T21:57:44","isFullCredit":false},{"lineNumber":132,"author":{"gitId":"Meckss"},"content":"            System.out.println(toDoList.toString());","lastModifiedDate":"2025-08-22T19:23:19","isFullCredit":false},{"lineNumber":133,"author":{"gitId":"Meckss"},"content":"        }","lastModifiedDate":"2025-08-22T19:23:19","isFullCredit":false},{"lineNumber":134,"author":{"gitId":"Meckss"},"content":"    }","lastModifiedDate":"2025-08-22T19:23:19","isFullCredit":false},{"lineNumber":135,"author":{"gitId":"Meckss"},"content":"","lastModifiedDate":"2025-08-22T19:23:19","isFullCredit":false},{"lineNumber":136,"author":{"gitId":"Meckss"},"content":"    static class markCommand implements Command {","lastModifiedDate":"2025-08-22T19:52:56","isFullCredit":false},{"lineNumber":137,"author":{"gitId":"Meckss"},"content":"        @Override","lastModifiedDate":"2025-08-22T19:52:56","isFullCredit":false},{"lineNumber":138,"author":{"gitId":"Meckss"},"content":"        public void execute(Object o) {","lastModifiedDate":"2025-08-22T19:52:56","isFullCredit":false},{"lineNumber":139,"author":{"gitId":"Meckss"},"content":"            // assume for now that valid input always, will handle exceptions later on","lastModifiedDate":"2025-08-22T19:52:56","isFullCredit":false},{"lineNumber":140,"author":{"gitId":"Meckss"},"content":"            if (o instanceof String) {","lastModifiedDate":"2025-08-22T19:52:56","isFullCredit":false},{"lineNumber":141,"author":{"gitId":"Meckss"},"content":"                try {","lastModifiedDate":"2025-08-22T21:57:44","isFullCredit":false},{"lineNumber":142,"author":{"gitId":"Meckss"},"content":"                    int input \u003d Integer.parseInt((String) o);","lastModifiedDate":"2025-08-22T21:57:44","isFullCredit":false},{"lineNumber":143,"author":{"gitId":"Meckss"},"content":"                } catch (NumberFormatException e) {","lastModifiedDate":"2025-08-22T21:57:44","isFullCredit":false},{"lineNumber":144,"author":{"gitId":"Meckss"},"content":"                    System.out.println(\"Woah please use numerics as input\\n\");","lastModifiedDate":"2025-08-22T21:57:44","isFullCredit":false},{"lineNumber":145,"author":{"gitId":"Meckss"},"content":"                    return;","lastModifiedDate":"2025-08-22T21:57:44","isFullCredit":false},{"lineNumber":146,"author":{"gitId":"Meckss"},"content":"                }","lastModifiedDate":"2025-08-22T21:57:44","isFullCredit":false},{"lineNumber":147,"author":{"gitId":"Meckss"},"content":"                int input \u003d Integer.parseInt((String) o);","lastModifiedDate":"2025-08-22T19:52:56","isFullCredit":false},{"lineNumber":148,"author":{"gitId":"Meckss"},"content":"                if(input \u003e toDoList.size() - 1) {","lastModifiedDate":"2025-08-22T21:57:44","isFullCredit":false},{"lineNumber":149,"author":{"gitId":"Meckss"},"content":"                    System.out.println(\"Woah you don\u0027t have that many tasks, try again\\n\");","lastModifiedDate":"2025-08-22T21:57:44","isFullCredit":false},{"lineNumber":150,"author":{"gitId":"Meckss"},"content":"                    return;","lastModifiedDate":"2025-08-22T21:57:44","isFullCredit":false},{"lineNumber":151,"author":{"gitId":"Meckss"},"content":"                }","lastModifiedDate":"2025-08-22T21:57:44","isFullCredit":false},{"lineNumber":152,"author":{"gitId":"Meckss"},"content":"                if(input \u003c 1) {","lastModifiedDate":"2025-08-22T21:57:44","isFullCredit":false},{"lineNumber":153,"author":{"gitId":"Meckss"},"content":"                    System.out.println(\"Woah why are you trying to test my code, try again\\n\");","lastModifiedDate":"2025-08-22T21:57:44","isFullCredit":false},{"lineNumber":154,"author":{"gitId":"Meckss"},"content":"                    return;","lastModifiedDate":"2025-08-22T21:57:44","isFullCredit":false},{"lineNumber":155,"author":{"gitId":"Meckss"},"content":"                }","lastModifiedDate":"2025-08-22T21:57:44","isFullCredit":false},{"lineNumber":156,"author":{"gitId":"Meckss"},"content":"                toDoList.get(input - 1).markAsDone();","lastModifiedDate":"2025-08-22T19:52:56","isFullCredit":false},{"lineNumber":157,"author":{"gitId":"Meckss"},"content":"                System.out.println(\"Alrighty, marked #\" + input + \" as done\\n\");","lastModifiedDate":"2025-08-22T19:52:56","isFullCredit":false},{"lineNumber":158,"author":{"gitId":"Meckss"},"content":"                System.out.println(toDoList.get(input - 1) + \"\\n\");","lastModifiedDate":"2025-08-22T21:21:12","isFullCredit":false},{"lineNumber":159,"author":{"gitId":"Meckss"},"content":"            }","lastModifiedDate":"2025-08-22T19:52:56","isFullCredit":false},{"lineNumber":160,"author":{"gitId":"Meckss"},"content":"        }","lastModifiedDate":"2025-08-22T19:52:56","isFullCredit":false},{"lineNumber":161,"author":{"gitId":"Meckss"},"content":"    }","lastModifiedDate":"2025-08-22T19:52:56","isFullCredit":false},{"lineNumber":162,"author":{"gitId":"Meckss"},"content":"","lastModifiedDate":"2025-08-22T19:52:56","isFullCredit":false},{"lineNumber":163,"author":{"gitId":"Meckss"},"content":"    static class unmarkCommand implements Command {","lastModifiedDate":"2025-08-22T19:57:42","isFullCredit":false},{"lineNumber":164,"author":{"gitId":"Meckss"},"content":"        @Override","lastModifiedDate":"2025-08-22T19:57:42","isFullCredit":false},{"lineNumber":165,"author":{"gitId":"Meckss"},"content":"        public void execute(Object o) {","lastModifiedDate":"2025-08-22T19:57:42","isFullCredit":false},{"lineNumber":166,"author":{"gitId":"Meckss"},"content":"            // assume for now that valid input always, will handle exceptions later on","lastModifiedDate":"2025-08-22T19:57:42","isFullCredit":false},{"lineNumber":167,"author":{"gitId":"Meckss"},"content":"            if (o instanceof String) {","lastModifiedDate":"2025-08-22T19:57:42","isFullCredit":false},{"lineNumber":168,"author":{"gitId":"Meckss"},"content":"                try {","lastModifiedDate":"2025-08-22T21:57:44","isFullCredit":false},{"lineNumber":169,"author":{"gitId":"Meckss"},"content":"                    int input \u003d Integer.parseInt((String) o);","lastModifiedDate":"2025-08-22T21:57:44","isFullCredit":false},{"lineNumber":170,"author":{"gitId":"Meckss"},"content":"                } catch (NumberFormatException e) {","lastModifiedDate":"2025-08-22T21:57:44","isFullCredit":false},{"lineNumber":171,"author":{"gitId":"Meckss"},"content":"                    System.out.println(\"Woah please use numerics as input\\n\");","lastModifiedDate":"2025-08-22T21:57:44","isFullCredit":false},{"lineNumber":172,"author":{"gitId":"Meckss"},"content":"                    return;","lastModifiedDate":"2025-08-22T21:57:44","isFullCredit":false},{"lineNumber":173,"author":{"gitId":"Meckss"},"content":"                }","lastModifiedDate":"2025-08-22T21:57:44","isFullCredit":false},{"lineNumber":174,"author":{"gitId":"Meckss"},"content":"                int input \u003d Integer.parseInt((String) o);","lastModifiedDate":"2025-08-22T19:57:42","isFullCredit":false},{"lineNumber":175,"author":{"gitId":"Meckss"},"content":"                if(input \u003e toDoList.size() - 1) {","lastModifiedDate":"2025-08-22T21:57:44","isFullCredit":false},{"lineNumber":176,"author":{"gitId":"Meckss"},"content":"                    System.out.println(\"Woah you don\u0027t have that many tasks, try again\\n\");","lastModifiedDate":"2025-08-22T21:57:44","isFullCredit":false},{"lineNumber":177,"author":{"gitId":"Meckss"},"content":"                    return;","lastModifiedDate":"2025-08-22T21:57:44","isFullCredit":false},{"lineNumber":178,"author":{"gitId":"Meckss"},"content":"                }","lastModifiedDate":"2025-08-22T21:57:44","isFullCredit":false},{"lineNumber":179,"author":{"gitId":"Meckss"},"content":"                if(input \u003c 1) {","lastModifiedDate":"2025-08-22T21:57:44","isFullCredit":false},{"lineNumber":180,"author":{"gitId":"Meckss"},"content":"                    System.out.println(\"Woah why are you trying to test my code, try again\\n\");","lastModifiedDate":"2025-08-22T21:57:44","isFullCredit":false},{"lineNumber":181,"author":{"gitId":"Meckss"},"content":"                    return;","lastModifiedDate":"2025-08-22T21:57:44","isFullCredit":false},{"lineNumber":182,"author":{"gitId":"Meckss"},"content":"                }","lastModifiedDate":"2025-08-22T21:57:44","isFullCredit":false},{"lineNumber":183,"author":{"gitId":"Meckss"},"content":"                toDoList.get(input - 1).unmark();","lastModifiedDate":"2025-08-22T19:57:42","isFullCredit":false},{"lineNumber":184,"author":{"gitId":"Meckss"},"content":"                System.out.println(\"Alrighty, marked #\" + input + \" as undone\\n\");","lastModifiedDate":"2025-08-22T19:57:42","isFullCredit":false},{"lineNumber":185,"author":{"gitId":"Meckss"},"content":"                System.out.println(toDoList.get(input - 1) + \"\\n\");","lastModifiedDate":"2025-08-22T19:57:42","isFullCredit":false},{"lineNumber":186,"author":{"gitId":"Meckss"},"content":"            }","lastModifiedDate":"2025-08-22T19:57:42","isFullCredit":false},{"lineNumber":187,"author":{"gitId":"Meckss"},"content":"        }","lastModifiedDate":"2025-08-22T19:57:42","isFullCredit":false},{"lineNumber":188,"author":{"gitId":"Meckss"},"content":"    }","lastModifiedDate":"2025-08-22T19:57:42","isFullCredit":false},{"lineNumber":189,"author":{"gitId":"Meckss"},"content":"","lastModifiedDate":"2025-08-22T19:57:42","isFullCredit":false},{"lineNumber":190,"author":{"gitId":"Meckss"},"content":"","lastModifiedDate":"2025-08-22T19:37:26","isFullCredit":false},{"lineNumber":191,"author":{"gitId":"Meckss"},"content":"    public static void main(String[] args) {","lastModifiedDate":"2025-08-22T15:54:26","isFullCredit":false},{"lineNumber":192,"author":{"gitId":"Meckss"},"content":"        System.out.println(\"Hello! I\u0027m Hope\\n\" + \"What can i do for you?\\n\");","lastModifiedDate":"2025-08-22T15:54:26","isFullCredit":false},{"lineNumber":193,"author":{"gitId":"Meckss"},"content":"        Scanner userInput \u003d new Scanner(System.in);","lastModifiedDate":"2025-08-22T17:56:01","isFullCredit":false},{"lineNumber":194,"author":{"gitId":"Meckss"},"content":"        while(online) {","lastModifiedDate":"2025-08-22T21:19:16","isFullCredit":false},{"lineNumber":195,"author":{"gitId":"Meckss"},"content":"            String input \u003d userInput.nextLine();","lastModifiedDate":"2025-08-22T19:12:52","isFullCredit":false},{"lineNumber":196,"author":{"gitId":"Meckss"},"content":"            String[] instructions \u003d input.split(\" \", 2);","lastModifiedDate":"2025-08-22T19:12:52","isFullCredit":false},{"lineNumber":197,"author":{"gitId":"Meckss"},"content":"            String inputCommand \u003d instructions[0];","lastModifiedDate":"2025-08-22T19:12:52","isFullCredit":false},{"lineNumber":198,"author":{"gitId":"Meckss"},"content":"            String argument \u003d instructions.length \u003d\u003d 2 ? instructions[1] : input;","lastModifiedDate":"2025-08-22T19:12:52","isFullCredit":false},{"lineNumber":199,"author":{"gitId":"Meckss"},"content":"            if(COMMANDS.contains(inputCommand)) {","lastModifiedDate":"2025-08-22T19:12:52","isFullCredit":false},{"lineNumber":200,"author":{"gitId":"Meckss"},"content":"                EXECUTECOMMAND.get(inputCommand).execute(argument.trim());","lastModifiedDate":"2025-08-22T22:06:55","isFullCredit":false},{"lineNumber":201,"author":{"gitId":"Meckss"},"content":"                continue;","lastModifiedDate":"2025-08-22T19:55:56","isFullCredit":false},{"lineNumber":202,"author":{"gitId":"Meckss"},"content":"            }","lastModifiedDate":"2025-08-22T17:56:01","isFullCredit":false},{"lineNumber":203,"author":{"gitId":"Meckss"},"content":"            System.out.println(\"I\u0027m sorry, i don\u0027t know what you mean\\n\");","lastModifiedDate":"2025-08-22T21:57:44","isFullCredit":false},{"lineNumber":204,"author":{"gitId":"Meckss"},"content":"            continue;","lastModifiedDate":"2025-08-22T21:19:16","isFullCredit":false},{"lineNumber":205,"author":{"gitId":"Meckss"},"content":"        }","lastModifiedDate":"2025-08-22T17:56:01","isFullCredit":false},{"lineNumber":206,"author":{"gitId":"Meckss"},"content":"","lastModifiedDate":"2025-08-22T17:56:01","isFullCredit":false},{"lineNumber":207,"author":{"gitId":"Meckss"},"content":"    }","lastModifiedDate":"2025-08-22T15:54:26","isFullCredit":false},{"lineNumber":208,"author":{"gitId":"Meckss"},"content":"}","lastModifiedDate":"2025-08-22T15:54:26","isFullCredit":false}],"authorContributionMap":{"Meckss":208}},{"path":"src/main/java/Task.java","fileType":"java","lines":[{"lineNumber":1,"author":{"gitId":"Meckss"},"content":"abstract class Task {","lastModifiedDate":"2025-08-22T20:33:47","isFullCredit":false},{"lineNumber":2,"author":{"gitId":"Meckss"},"content":"    protected String description;","lastModifiedDate":"2025-08-22T20:02:05","isFullCredit":false},{"lineNumber":3,"author":{"gitId":"Meckss"},"content":"    protected boolean isDone;","lastModifiedDate":"2025-08-22T20:02:05","isFullCredit":false},{"lineNumber":4,"author":{"gitId":"Meckss"},"content":"    protected enum TaskType {","lastModifiedDate":"2025-08-22T20:33:47","isFullCredit":false},{"lineNumber":5,"author":{"gitId":"Meckss"},"content":"        T,","lastModifiedDate":"2025-08-22T20:33:47","isFullCredit":false},{"lineNumber":6,"author":{"gitId":"Meckss"},"content":"        D,","lastModifiedDate":"2025-08-22T20:33:47","isFullCredit":false},{"lineNumber":7,"author":{"gitId":"Meckss"},"content":"        E","lastModifiedDate":"2025-08-22T20:33:47","isFullCredit":false},{"lineNumber":8,"author":{"gitId":"Meckss"},"content":"    }","lastModifiedDate":"2025-08-22T20:33:47","isFullCredit":false},{"lineNumber":9,"author":{"gitId":"Meckss"},"content":"    protected TaskType type;","lastModifiedDate":"2025-08-22T20:33:47","isFullCredit":false},{"lineNumber":10,"author":{"gitId":"Meckss"},"content":"","lastModifiedDate":"2025-08-22T20:02:05","isFullCredit":false},{"lineNumber":11,"author":{"gitId":"Meckss"},"content":"    public Task(String description, TaskType type) {","lastModifiedDate":"2025-08-22T20:33:47","isFullCredit":false},{"lineNumber":12,"author":{"gitId":"Meckss"},"content":"        this.description \u003d description;","lastModifiedDate":"2025-08-22T20:02:05","isFullCredit":false},{"lineNumber":13,"author":{"gitId":"Meckss"},"content":"        this.type \u003d type;","lastModifiedDate":"2025-08-22T20:33:47","isFullCredit":false},{"lineNumber":14,"author":{"gitId":"Meckss"},"content":"        this.isDone \u003d false;","lastModifiedDate":"2025-08-22T20:02:05","isFullCredit":false},{"lineNumber":15,"author":{"gitId":"Meckss"},"content":"    }","lastModifiedDate":"2025-08-22T20:02:05","isFullCredit":false},{"lineNumber":16,"author":{"gitId":"Meckss"},"content":"","lastModifiedDate":"2025-08-22T20:02:05","isFullCredit":false},{"lineNumber":17,"author":{"gitId":"Meckss"},"content":"    public String getStatusIcon() {","lastModifiedDate":"2025-08-22T20:02:05","isFullCredit":false},{"lineNumber":18,"author":{"gitId":"Meckss"},"content":"        return isDone ? \"X\" : \" \";","lastModifiedDate":"2025-08-22T20:02:05","isFullCredit":false},{"lineNumber":19,"author":{"gitId":"Meckss"},"content":"    }","lastModifiedDate":"2025-08-22T20:02:05","isFullCredit":false},{"lineNumber":20,"author":{"gitId":"Meckss"},"content":"","lastModifiedDate":"2025-08-22T20:02:05","isFullCredit":false},{"lineNumber":21,"author":{"gitId":"Meckss"},"content":"    public String getTaskType() {","lastModifiedDate":"2025-08-22T20:33:47","isFullCredit":false},{"lineNumber":22,"author":{"gitId":"Meckss"},"content":"        return \"[\" + type + \"]\";","lastModifiedDate":"2025-08-22T20:33:47","isFullCredit":false},{"lineNumber":23,"author":{"gitId":"Meckss"},"content":"    }","lastModifiedDate":"2025-08-22T20:33:47","isFullCredit":false},{"lineNumber":24,"author":{"gitId":"Meckss"},"content":"","lastModifiedDate":"2025-08-22T20:33:47","isFullCredit":false},{"lineNumber":25,"author":{"gitId":"Meckss"},"content":"    protected void markAsDone() {","lastModifiedDate":"2025-08-22T20:02:05","isFullCredit":false},{"lineNumber":26,"author":{"gitId":"Meckss"},"content":"        this.isDone \u003d true;","lastModifiedDate":"2025-08-22T20:02:05","isFullCredit":false},{"lineNumber":27,"author":{"gitId":"Meckss"},"content":"    }","lastModifiedDate":"2025-08-22T20:02:05","isFullCredit":false},{"lineNumber":28,"author":{"gitId":"Meckss"},"content":"","lastModifiedDate":"2025-08-22T20:02:05","isFullCredit":false},{"lineNumber":29,"author":{"gitId":"Meckss"},"content":"    protected void unmark() {","lastModifiedDate":"2025-08-22T20:02:05","isFullCredit":false},{"lineNumber":30,"author":{"gitId":"Meckss"},"content":"        this.isDone \u003d false;","lastModifiedDate":"2025-08-22T20:02:05","isFullCredit":false},{"lineNumber":31,"author":{"gitId":"Meckss"},"content":"    }","lastModifiedDate":"2025-08-22T20:02:05","isFullCredit":false},{"lineNumber":32,"author":{"gitId":"Meckss"},"content":"","lastModifiedDate":"2025-08-22T20:02:05","isFullCredit":false},{"lineNumber":33,"author":{"gitId":"Meckss"},"content":"    @Override","lastModifiedDate":"2025-08-22T20:02:05","isFullCredit":false},{"lineNumber":34,"author":{"gitId":"Meckss"},"content":"    public String toString() {","lastModifiedDate":"2025-08-22T20:02:05","isFullCredit":false},{"lineNumber":35,"author":{"gitId":"Meckss"},"content":"        StringBuilder sb \u003d new StringBuilder();","lastModifiedDate":"2025-08-22T20:02:05","isFullCredit":false},{"lineNumber":36,"author":{"gitId":"Meckss"},"content":"        sb.append(this.getTaskType()).append(\" [\").append(this.getStatusIcon()).append(\"] \").append(this.description);","lastModifiedDate":"2025-08-22T20:33:47","isFullCredit":false},{"lineNumber":37,"author":{"gitId":"Meckss"},"content":"        return sb.toString();","lastModifiedDate":"2025-08-22T20:02:05","isFullCredit":false},{"lineNumber":38,"author":{"gitId":"Meckss"},"content":"    }","lastModifiedDate":"2025-08-22T20:02:05","isFullCredit":false},{"lineNumber":39,"author":{"gitId":"Meckss"},"content":"}","lastModifiedDate":"2025-08-22T20:02:05","isFullCredit":false},{"lineNumber":40,"author":{"gitId":"Meckss"},"content":"","lastModifiedDate":"2025-08-22T20:02:05","isFullCredit":false}],"authorContributionMap":{"Meckss":40}},{"path":"src/main/java/ToDoTask.java","fileType":"java","lines":[{"lineNumber":1,"author":{"gitId":"Meckss"},"content":"class ToDoTask extends Task{","lastModifiedDate":"2025-08-22T20:17:37","isFullCredit":false},{"lineNumber":2,"author":{"gitId":"Meckss"},"content":"    public ToDoTask(String description) {","lastModifiedDate":"2025-08-22T20:17:37","isFullCredit":false},{"lineNumber":3,"author":{"gitId":"Meckss"},"content":"        super(description, TaskType.T);","lastModifiedDate":"2025-08-22T20:33:47","isFullCredit":false},{"lineNumber":4,"author":{"gitId":"Meckss"},"content":"    }","lastModifiedDate":"2025-08-22T20:17:37","isFullCredit":false},{"lineNumber":5,"author":{"gitId":"Meckss"},"content":"}","lastModifiedDate":"2025-08-22T20:17:37","isFullCredit":false}],"authorContributionMap":{"Meckss":5}},{"path":"text-ui-test/input.txt","fileType":"txt","lines":[{"lineNumber":1,"author":{"gitId":"Meckss"},"content":"todo dishes","lastModifiedDate":"2025-08-22T21:31:59","isFullCredit":false},{"lineNumber":2,"author":{"gitId":"Meckss"},"content":"deadline homework /by today","lastModifiedDate":"2025-08-22T21:31:59","isFullCredit":false},{"lineNumber":3,"author":{"gitId":"Meckss"},"content":"mark 2","lastModifiedDate":"2025-08-22T21:31:59","isFullCredit":false},{"lineNumber":4,"author":{"gitId":"Meckss"},"content":"list","lastModifiedDate":"2025-08-22T21:31:59","isFullCredit":false},{"lineNumber":5,"author":{"gitId":"Meckss"},"content":"event CCA /from monday 2pm /to monday 4pm","lastModifiedDate":"2025-08-22T21:31:59","isFullCredit":false},{"lineNumber":6,"author":{"gitId":"Meckss"},"content":"mark 3","lastModifiedDate":"2025-08-22T21:31:59","isFullCredit":false},{"lineNumber":7,"author":{"gitId":"Meckss"},"content":"unmark 2","lastModifiedDate":"2025-08-22T21:31:59","isFullCredit":false},{"lineNumber":8,"author":{"gitId":"Meckss"},"content":"bye","lastModifiedDate":"2025-08-22T21:31:59","isFullCredit":false}],"authorContributionMap":{"Meckss":8}},{"path":"text-ui-test/runtest.bat","fileType":"bat","lines":[{"lineNumber":1,"author":{"gitId":"-"},"content":"@ECHO OFF","lastModifiedDate":"2020-05-25T00:03:55","isFullCredit":false},{"lineNumber":2,"author":{"gitId":"-"},"content":"","lastModifiedDate":"2020-05-25T00:03:55","isFullCredit":false},{"lineNumber":3,"author":{"gitId":"-"},"content":"REM create bin directory if it doesn\u0027t exist","lastModifiedDate":"2020-05-25T00:03:55","isFullCredit":false},{"lineNumber":4,"author":{"gitId":"-"},"content":"if not exist ..\\bin mkdir ..\\bin","lastModifiedDate":"2020-05-25T00:03:55","isFullCredit":false},{"lineNumber":5,"author":{"gitId":"-"},"content":"","lastModifiedDate":"2020-05-25T00:03:55","isFullCredit":false},{"lineNumber":6,"author":{"gitId":"-"},"content":"REM delete output from previous run","lastModifiedDate":"2020-05-25T00:03:55","isFullCredit":false},{"lineNumber":7,"author":{"gitId":"-"},"content":"if exist ACTUAL.TXT del ACTUAL.TXT","lastModifiedDate":"2020-08-25T17:23:26","isFullCredit":false},{"lineNumber":8,"author":{"gitId":"-"},"content":"","lastModifiedDate":"2020-05-25T00:03:55","isFullCredit":false},{"lineNumber":9,"author":{"gitId":"-"},"content":"REM compile the code into the bin folder","lastModifiedDate":"2020-05-25T00:03:55","isFullCredit":false},{"lineNumber":10,"author":{"gitId":"-"},"content":"javac  -cp ..\\src\\main\\java -Xlint:none -d ..\\bin ..\\src\\main\\java\\*.java","lastModifiedDate":"2020-08-25T17:23:26","isFullCredit":false},{"lineNumber":11,"author":{"gitId":"-"},"content":"IF ERRORLEVEL 1 (","lastModifiedDate":"2020-05-25T00:03:55","isFullCredit":false},{"lineNumber":12,"author":{"gitId":"-"},"content":"    echo ********** BUILD FAILURE **********","lastModifiedDate":"2020-05-25T00:03:55","isFullCredit":false},{"lineNumber":13,"author":{"gitId":"-"},"content":"    exit /b 1","lastModifiedDate":"2020-05-25T00:03:55","isFullCredit":false},{"lineNumber":14,"author":{"gitId":"-"},"content":")","lastModifiedDate":"2020-05-25T00:03:55","isFullCredit":false},{"lineNumber":15,"author":{"gitId":"-"},"content":"REM no error here, errorlevel \u003d\u003d 0","lastModifiedDate":"2020-05-25T00:03:55","isFullCredit":false},{"lineNumber":16,"author":{"gitId":"-"},"content":"","lastModifiedDate":"2020-05-25T00:03:55","isFullCredit":false},{"lineNumber":17,"author":{"gitId":"-"},"content":"REM run the program, feed commands from input.txt file and redirect the output to the ACTUAL.TXT","lastModifiedDate":"2020-05-25T00:03:55","isFullCredit":false},{"lineNumber":18,"author":{"gitId":"Meckss"},"content":"java -classpath ..\\bin Hope \u003c input.txt \u003e ACTUAL.TXT","lastModifiedDate":"2025-08-22T21:31:59","isFullCredit":false},{"lineNumber":19,"author":{"gitId":"-"},"content":"","lastModifiedDate":"2020-05-25T00:03:55","isFullCredit":false},{"lineNumber":20,"author":{"gitId":"-"},"content":"REM compare the output to the expected output","lastModifiedDate":"2020-05-25T00:03:55","isFullCredit":false},{"lineNumber":21,"author":{"gitId":"-"},"content":"FC ACTUAL.TXT EXPECTED.TXT","lastModifiedDate":"2020-05-25T00:03:55","isFullCredit":false}],"authorContributionMap":{"-":20,"Meckss":1}},{"path":"text-ui-test/runtest.sh","fileType":"sh","lines":[{"lineNumber":1,"author":{"gitId":"-"},"content":"#!/usr/bin/env bash","lastModifiedDate":"2020-05-25T00:03:55","isFullCredit":false},{"lineNumber":2,"author":{"gitId":"-"},"content":"","lastModifiedDate":"2020-05-25T00:03:55","isFullCredit":false},{"lineNumber":3,"author":{"gitId":"-"},"content":"# create bin directory if it doesn\u0027t exist","lastModifiedDate":"2020-05-25T00:03:55","isFullCredit":false},{"lineNumber":4,"author":{"gitId":"-"},"content":"if [ ! -d \"../bin\" ]","lastModifiedDate":"2020-05-25T00:03:55","isFullCredit":false},{"lineNumber":5,"author":{"gitId":"-"},"content":"then","lastModifiedDate":"2020-05-25T00:03:55","isFullCredit":false},{"lineNumber":6,"author":{"gitId":"-"},"content":"    mkdir ../bin","lastModifiedDate":"2020-05-25T00:03:55","isFullCredit":false},{"lineNumber":7,"author":{"gitId":"-"},"content":"fi","lastModifiedDate":"2020-05-25T00:03:55","isFullCredit":false},{"lineNumber":8,"author":{"gitId":"-"},"content":"","lastModifiedDate":"2020-05-25T00:03:55","isFullCredit":false},{"lineNumber":9,"author":{"gitId":"-"},"content":"# delete output from previous run","lastModifiedDate":"2020-05-25T00:03:55","isFullCredit":false},{"lineNumber":10,"author":{"gitId":"-"},"content":"if [ -e \"./ACTUAL.TXT\" ]","lastModifiedDate":"2020-05-25T00:03:55","isFullCredit":false},{"lineNumber":11,"author":{"gitId":"-"},"content":"then","lastModifiedDate":"2020-05-25T00:03:55","isFullCredit":false},{"lineNumber":12,"author":{"gitId":"-"},"content":"    rm ACTUAL.TXT","lastModifiedDate":"2020-05-25T00:03:55","isFullCredit":false},{"lineNumber":13,"author":{"gitId":"-"},"content":"fi","lastModifiedDate":"2020-05-25T00:03:55","isFullCredit":false},{"lineNumber":14,"author":{"gitId":"-"},"content":"","lastModifiedDate":"2020-05-25T00:03:55","isFullCredit":false},{"lineNumber":15,"author":{"gitId":"-"},"content":"# compile the code into the bin folder, terminates if error occurred","lastModifiedDate":"2020-05-25T00:03:55","isFullCredit":false},{"lineNumber":16,"author":{"gitId":"-"},"content":"if ! javac -cp ../src/main/java -Xlint:none -d ../bin ../src/main/java/*.java","lastModifiedDate":"2020-08-25T17:23:26","isFullCredit":false},{"lineNumber":17,"author":{"gitId":"-"},"content":"then","lastModifiedDate":"2020-05-25T00:03:55","isFullCredit":false},{"lineNumber":18,"author":{"gitId":"-"},"content":"    echo \"********** BUILD FAILURE **********\"","lastModifiedDate":"2020-05-25T00:03:55","isFullCredit":false},{"lineNumber":19,"author":{"gitId":"-"},"content":"    exit 1","lastModifiedDate":"2020-05-25T00:03:55","isFullCredit":false},{"lineNumber":20,"author":{"gitId":"-"},"content":"fi","lastModifiedDate":"2020-05-25T00:03:55","isFullCredit":false},{"lineNumber":21,"author":{"gitId":"-"},"content":"","lastModifiedDate":"2020-05-25T00:03:55","isFullCredit":false},{"lineNumber":22,"author":{"gitId":"-"},"content":"# run the program, feed commands from input.txt file and redirect the output to the ACTUAL.TXT","lastModifiedDate":"2020-05-25T00:03:55","isFullCredit":false},{"lineNumber":23,"author":{"gitId":"Meckss"},"content":"java -classpath ../bin Hope \u003c input.txt \u003e ACTUAL.TXT","lastModifiedDate":"2025-08-22T21:31:59","isFullCredit":false},{"lineNumber":24,"author":{"gitId":"-"},"content":"","lastModifiedDate":"2020-05-25T00:03:55","isFullCredit":false},{"lineNumber":25,"author":{"gitId":"-"},"content":"# convert to UNIX format","lastModifiedDate":"2020-05-25T00:03:55","isFullCredit":false},{"lineNumber":26,"author":{"gitId":"-"},"content":"cp EXPECTED.TXT EXPECTED-UNIX.TXT","lastModifiedDate":"2020-05-25T00:03:55","isFullCredit":false},{"lineNumber":27,"author":{"gitId":"-"},"content":"dos2unix ACTUAL.TXT EXPECTED-UNIX.TXT","lastModifiedDate":"2020-05-25T00:03:55","isFullCredit":false},{"lineNumber":28,"author":{"gitId":"-"},"content":"","lastModifiedDate":"2020-05-25T00:03:55","isFullCredit":false},{"lineNumber":29,"author":{"gitId":"-"},"content":"# compare the output to the expected output","lastModifiedDate":"2020-05-25T00:03:55","isFullCredit":false},{"lineNumber":30,"author":{"gitId":"-"},"content":"diff ACTUAL.TXT EXPECTED-UNIX.TXT","lastModifiedDate":"2020-05-25T00:03:55","isFullCredit":false},{"lineNumber":31,"author":{"gitId":"-"},"content":"if [ $? -eq 0 ]","lastModifiedDate":"2020-05-25T00:03:55","isFullCredit":false},{"lineNumber":32,"author":{"gitId":"-"},"content":"then","lastModifiedDate":"2020-05-25T00:03:55","isFullCredit":false},{"lineNumber":33,"author":{"gitId":"-"},"content":"    echo \"Test result: PASSED\"","lastModifiedDate":"2020-05-25T00:03:55","isFullCredit":false},{"lineNumber":34,"author":{"gitId":"-"},"content":"    exit 0","lastModifiedDate":"2020-05-25T00:03:55","isFullCredit":false},{"lineNumber":35,"author":{"gitId":"-"},"content":"else","lastModifiedDate":"2020-05-25T00:03:55","isFullCredit":false},{"lineNumber":36,"author":{"gitId":"-"},"content":"    echo \"Test result: FAILED\"","lastModifiedDate":"2020-05-25T00:03:55","isFullCredit":false},{"lineNumber":37,"author":{"gitId":"-"},"content":"    exit 1","lastModifiedDate":"2020-05-25T00:03:55","isFullCredit":false},{"lineNumber":38,"author":{"gitId":"-"},"content":"fi","lastModifiedDate":"2020-05-25T00:03:55","isFullCredit":false}],"authorContributionMap":{"-":37,"Meckss":1}}]
