{"authorDailyContributionsMap":{"bmathnguyen":[{"date":"2025-08-22T00:00:00","commitResults":[{"hash":"d4b7e8fbf45f835b6c013bd7ffc54cc0c6c29581","isMergeCommit":false,"messageTitle":"Level-0: Add greeting and exit","messageBody":"","tags":["Level-0"],"fileTypesAndContributionMap":{"java":{"insertions":11,"deletions":10},"bat":{"insertions":1,"deletions":1},"sh":{"insertions":1,"deletions":1},"md":{"insertions":3,"deletions":3}}},{"hash":"4c1506b2d6dd232b9e8e29c11418e77ae4d76be5","isMergeCommit":false,"messageTitle":"Level-1: Add loop and exit condition","messageBody":"","tags":["Level-1"],"fileTypesAndContributionMap":{"java":{"insertions":14,"deletions":7}}},{"hash":"f5f5d156c91afde4d3b2803512d490157c0fb4ff","isMergeCommit":false,"messageTitle":"Level-2: Add tasks to store","messageBody":"","tags":["Level-2"],"fileTypesAndContributionMap":{"java":{"insertions":11,"deletions":1}}},{"hash":"06b79fbc2ed272ec166055b948371a41a7a802c7","isMergeCommit":false,"messageTitle":"Level 3: Added","messageBody":"","tags":["Level-3"],"fileTypesAndContributionMap":{"java":{"insertions":72,"deletions":4}}},{"hash":"87099617205e16aabab10140630e449e2379e932","isMergeCommit":false,"messageTitle":"Level 4: Added","messageBody":"","tags":["Level-4"],"fileTypesAndContributionMap":{"txt":{"insertions":7,"deletions":0},"java":{"insertions":66,"deletions":2},"sh":{"insertions":2,"deletions":6}}},{"hash":"0e966ab2c3eee69a79f5b73c864b9d8341c3ec54","isMergeCommit":false,"messageTitle":"Level 5: Added","messageBody":"","tags":["Level-5"],"fileTypesAndContributionMap":{"java":{"insertions":77,"deletions":62}}},{"hash":"2349d686524cee4ac7752ed2b623b7dccebf7028","isMergeCommit":false,"messageTitle":"Level 6: Added","messageBody":"","tags":["Level-6"],"fileTypesAndContributionMap":{"java":{"insertions":19,"deletions":0}}}]},{"date":"2025-08-24T00:00:00","commitResults":[{"hash":"321f001a9bd6c202457e176868b786e588f951e9","isMergeCommit":false,"messageTitle":"Added A-TextUITesting","messageBody":"","tags":["A-TextUiTesting"],"fileTypesAndContributionMap":{"txt":{"insertions":10,"deletions":4}}}]},{"date":"2025-09-02T00:00:00","commitResults":[{"hash":"9e250b89977f3373e05e2a53761078b64a2733ea","isMergeCommit":false,"messageTitle":"Add Level 7","messageBody":"","fileTypesAndContributionMap":{"txt":{"insertions":5,"deletions":1},"java":{"insertions":4,"deletions":0}}},{"hash":"8045ce7a3e1b9a33bf4500c3390f239860a3dd0a","isMergeCommit":false,"messageTitle":"Add Level 7","messageBody":"","fileTypesAndContributionMap":{"java":{"insertions":131,"deletions":30}}},{"hash":"967578c216c6a47fd7e7d09a75f7bbf9d918e539","isMergeCommit":true,"messageTitle":"Merge branch \u0027branch-Level-7\u0027 Merge Level 7","messageBody":"","tags":["Level-7"],"fileTypesAndContributionMap":{}}]},{"date":"2025-09-04T00:00:00","commitResults":[{"hash":"1b3aadfb63f2b8848ed10f34924fc0ac9a204744","isMergeCommit":false,"messageTitle":"Add support for dates and times","messageBody":"","fileTypesAndContributionMap":{"txt":{"insertions":6,"deletions":15}}},{"hash":"edbabdba99860ad3b73bc6a4cf6a8c0cf1b842a7","isMergeCommit":true,"messageTitle":"Merge branch \u0027branch-Level-8\u0027 Level-8","messageBody":"","fileTypesAndContributionMap":{}},{"hash":"174d728d9f7a760a66ddd24dccb4f984d603c7ea","isMergeCommit":false,"messageTitle":"Add support for dates and times","messageBody":"","fileTypesAndContributionMap":{"txt":{"insertions":4,"deletions":0},"java":{"insertions":54,"deletions":30}}},{"hash":"6b6e5b64bbd12f5fcaef9cb0ed110b69e94cca54","isMergeCommit":false,"messageTitle":"Add support for dates and times","messageBody":"","fileTypesAndContributionMap":{"txt":{"insertions":6,"deletions":15}}},{"hash":"9452ae1538e8d910c2debf6be665ff6d29e0ca85","isMergeCommit":true,"messageTitle":"Merge branch \u0027branch-Level-8\u0027","messageBody":"","fileTypesAndContributionMap":{}},{"hash":"1c44e748ab6d512882a12bcfdfc7316f0578a2dd","isMergeCommit":false,"messageTitle":"Update branch with correct code from master","messageBody":"","fileTypesAndContributionMap":{"java":{"insertions":54,"deletions":30}}},{"hash":"34c75d9ee866beddf02c79376a35d26c80026bab","isMergeCommit":true,"messageTitle":"Merge branch \u0027branch-Level-8\u0027","messageBody":"","tags":["Level-8"],"fileTypesAndContributionMap":{}}]}]},"authorFileTypeContributionMap":{"bmathnguyen":{"java":323,"md":3,"fxml":0,"sh":2,"bat":1,"gradle":0,"txt":12}},"authorContributionVariance":{"bmathnguyen":7095.1914},"authorDisplayNameMap":{"bmathnguyen":"CS2103T-T10-1 NGUY..BACH"}}
