{"authorDailyContributionsMap":{"reynabxr":[{"date":"2025-08-20T00:00:00","commitResults":[{"hash":"2b7a4a92744741fae0a77b557864daf4966995b5","isMergeCommit":false,"messageTitle":"initial skeletal version","messageBody":"","tags":["Level-0"],"fileTypesAndContributionMap":{"java":{"insertions":6,"deletions":10}}}]},{"date":"2025-08-21T00:00:00","commitResults":[{"hash":"f9a323b838700321a27dbe4468f99ba3f91db5cc","isMergeCommit":false,"messageTitle":"Improved skeletal version such that it echos commands entered by the user and exits when the user types the command bye","messageBody":"","tags":["Level-1"],"fileTypesAndContributionMap":{"java":{"insertions":13,"deletions":2}}},{"hash":"eda3a8197063012e3a737b0669d35639928b806a","isMergeCommit":false,"messageTitle":"Add the ability to store whatever text entered by the user and display them back to the user when requested.","messageBody":"","tags":["Level-2"],"fileTypesAndContributionMap":{"java":{"insertions":14,"deletions":2}}},{"hash":"16a229b4afd4d80f6e8fb1ec745d8f466bb0636a","isMergeCommit":false,"messageTitle":"Added mark as done and undone feature","messageBody":"","tags":["Level-3"],"fileTypesAndContributionMap":{"java":{"insertions":50,"deletions":6}}}]},{"date":"2025-08-22T00:00:00","commitResults":[{"hash":"d173968d5bfac9592cb2d2b80dfc3bbc40a1907e","isMergeCommit":false,"messageTitle":"Added ToDos, Events, Deadlines","messageBody":"","tags":["Level-4"],"fileTypesAndContributionMap":{"java":{"insertions":74,"deletions":2}}},{"hash":"e29de14e783bffa926972bea85a574462604e1c6","isMergeCommit":false,"messageTitle":"Added Automated Text UI Testing","messageBody":"","tags":["A-TextUiTesting"],"fileTypesAndContributionMap":{"txt":{"insertions":10,"deletions":0},"java":{"insertions":1,"deletions":1},"bat":{"insertions":1,"deletions":1},"sh":{"insertions":1,"deletions":1}}},{"hash":"ad378ecf5810adda452aac9835739134ace9fc50","isMergeCommit":false,"messageTitle":"Edited EXPECTED.TXT","messageBody":"","fileTypesAndContributionMap":{"java":{"insertions":2,"deletions":0}}},{"hash":"498528f50c34a02d8bd77f6277a4bdebe73a0a9c","isMergeCommit":false,"messageTitle":"Added feature for chatbot to handle errors","messageBody":"","tags":["Level-5"],"fileTypesAndContributionMap":{"txt":{"insertions":8,"deletions":3}}},{"hash":"06f5cb3ac82bcc3f1bb1a996abc0d70f726a54ce","isMergeCommit":false,"messageTitle":"Added support for deleting tasks from the list.","messageBody":"","tags":["Level-6"],"fileTypesAndContributionMap":{"txt":{"insertions":2,"deletions":0}}},{"hash":"c21a620c5d256b8ad51c5a4cd7ac24784f6dca5a","isMergeCommit":false,"messageTitle":"Added enumerations","messageBody":"","tags":["A-Enums"],"fileTypesAndContributionMap":{"java":{"insertions":2,"deletions":0}}}]},{"date":"2025-08-28T00:00:00","commitResults":[{"hash":"a69e930c2e6517f8d5fc440b8b63bcd2d93f239b","isMergeCommit":false,"messageTitle":"Add save feature","messageBody":"","fileTypesAndContributionMap":{"txt":{"insertions":9,"deletions":1},"java":{"insertions":4,"deletions":0}}},{"hash":"e690cb7d85cfa9c3bad431df494a087fa8e81daf","isMergeCommit":false,"messageTitle":"Add save feature","messageBody":"","fileTypesAndContributionMap":{"txt":{"insertions":0,"deletions":0},"java":{"insertions":245,"deletions":76}}},{"hash":"075a723e42dd90ebe6de39e7e4860bea794f53ca","isMergeCommit":true,"messageTitle":"Merge branch into master","messageBody":"","tags":["Level-7"],"fileTypesAndContributionMap":{}}]},{"date":"2025-08-29T00:00:00","commitResults":[{"hash":"4d085ece86db36dd0664cf2cc9664aa4b68f176a","isMergeCommit":false,"messageTitle":"Add dates and times","messageBody":"","fileTypesAndContributionMap":{"txt":{"insertions":2,"deletions":0},"java":{"insertions":30,"deletions":11}}},{"hash":"7042a1103653672fa16e4a55d8d5e7a34000434a","isMergeCommit":true,"messageTitle":"Merge branch to main","messageBody":"","tags":["Level-8"],"fileTypesAndContributionMap":{}}]}]},"authorFileTypeContributionMap":{"reynabxr":{"java":341,"md":0,"fxml":0,"sh":1,"bat":1,"gradle":0,"txt":27}},"authorContributionVariance":{"reynabxr":5361.6943},"authorDisplayNameMap":{"reynabxr":"CS2103T-T11-4 BONG..EYNA"}}
