{"authorDailyContributionsMap":{"FZFZFZZ":[{"date":"2025-08-28T00:00:00","commitResults":[{"hash":"3f8863f7be346dcdb81b273b7274d17ce6a92705","isMergeCommit":false,"messageTitle":"Greeting message for ChioChat","messageBody":"","tags":["Level-0"],"fileTypesAndContributionMap":{"txt":{"insertions":0,"deletions":0},"java":{"insertions":11,"deletions":0},"bat":{"insertions":21,"deletions":0},"sh":{"insertions":38,"deletions":0},"md":{"insertions":65,"deletions":0}}}]},{"date":"2025-08-29T00:00:00","commitResults":[{"hash":"fd68cbfcc73dbdafe91ddaca6dd92cd82e27bc7e","isMergeCommit":true,"messageTitle":"Resolve merge conflicts and update project to use ChioChat instead of Duke","messageBody":"","fileTypesAndContributionMap":{}},{"hash":"77d997a09f3971ce3ba0b25ce928a02e645612bd","isMergeCommit":false,"messageTitle":"delete DUKE.java","messageBody":"","fileTypesAndContributionMap":{"java":{"insertions":0,"deletions":10}}}]}]},"authorFileTypeContributionMap":{"FZFZFZZ":{"java":11,"md":4,"fxml":0,"sh":1,"bat":1,"gradle":0,"txt":0}},"authorContributionVariance":{"FZFZFZZ":789.5144},"authorDisplayNameMap":{"FZFZFZZ":"CS2103T-T15-1 LU H..MENG"}}
