[{"path":"src/main/java/Ben.java","fileType":"java","lines":[{"lineNumber":1,"author":{"gitId":"wucx-0"},"content":"import java.util.Scanner;","lastModifiedDate":"2025-08-23T17:23:11","isFullCredit":false},{"lineNumber":2,"author":{"gitId":"wucx-0"},"content":"","lastModifiedDate":"2025-08-23T17:23:11","isFullCredit":false},{"lineNumber":3,"author":{"gitId":"wucx-0"},"content":"public class Ben {","lastModifiedDate":"2025-08-23T16:55:27","isFullCredit":false},{"lineNumber":4,"author":{"gitId":"wucx-0"},"content":"    public static void main(String[] args) {","lastModifiedDate":"2025-08-23T16:55:27","isFullCredit":false},{"lineNumber":5,"author":{"gitId":"wucx-0"},"content":"        //variables","lastModifiedDate":"2025-08-23T16:55:27","isFullCredit":false},{"lineNumber":6,"author":{"gitId":"wucx-0"},"content":"        Scanner scanner \u003d new Scanner(System.in);","lastModifiedDate":"2025-08-23T17:23:11","isFullCredit":false},{"lineNumber":7,"author":{"gitId":"wucx-0"},"content":"        String name \u003d \"Ben\";","lastModifiedDate":"2025-08-23T16:55:27","isFullCredit":false},{"lineNumber":8,"author":{"gitId":"wucx-0"},"content":"        String lineBreak \u003d \"____________________________________________________________\";","lastModifiedDate":"2025-08-23T16:55:27","isFullCredit":false},{"lineNumber":9,"author":{"gitId":"wucx-0"},"content":"","lastModifiedDate":"2025-08-23T16:55:27","isFullCredit":false},{"lineNumber":10,"author":{"gitId":"wucx-0"},"content":"        //Print Welcome Msg","lastModifiedDate":"2025-08-23T16:55:27","isFullCredit":false},{"lineNumber":11,"author":{"gitId":"wucx-0"},"content":"        System.out.println(lineBreak);","lastModifiedDate":"2025-08-23T16:55:27","isFullCredit":false},{"lineNumber":12,"author":{"gitId":"wucx-0"},"content":"        System.out.printf(\" Hello! I\u0027m %s%n\", name);","lastModifiedDate":"2025-08-23T16:55:27","isFullCredit":false},{"lineNumber":13,"author":{"gitId":"wucx-0"},"content":"        System.out.println(\" What can I do for you?\");","lastModifiedDate":"2025-08-23T16:55:27","isFullCredit":false},{"lineNumber":14,"author":{"gitId":"wucx-0"},"content":"        System.out.println(lineBreak);","lastModifiedDate":"2025-08-23T16:55:27","isFullCredit":false},{"lineNumber":15,"author":{"gitId":"wucx-0"},"content":"","lastModifiedDate":"2025-08-23T16:55:27","isFullCredit":false},{"lineNumber":16,"author":{"gitId":"wucx-0"},"content":"        //while loop that echoes input","lastModifiedDate":"2025-08-23T17:23:11","isFullCredit":false},{"lineNumber":17,"author":{"gitId":"wucx-0"},"content":"","lastModifiedDate":"2025-08-23T17:23:11","isFullCredit":false},{"lineNumber":18,"author":{"gitId":"wucx-0"},"content":"        String input;","lastModifiedDate":"2025-08-23T17:23:11","isFullCredit":false},{"lineNumber":19,"author":{"gitId":"wucx-0"},"content":"        while (true) {","lastModifiedDate":"2025-08-23T17:23:11","isFullCredit":false},{"lineNumber":20,"author":{"gitId":"wucx-0"},"content":"            input \u003d scanner.nextLine();","lastModifiedDate":"2025-08-23T17:23:11","isFullCredit":false},{"lineNumber":21,"author":{"gitId":"wucx-0"},"content":"","lastModifiedDate":"2025-08-23T17:23:11","isFullCredit":false},{"lineNumber":22,"author":{"gitId":"wucx-0"},"content":"            if (input.equals(\"bye\")) {","lastModifiedDate":"2025-08-23T17:23:11","isFullCredit":false},{"lineNumber":23,"author":{"gitId":"wucx-0"},"content":"                break;","lastModifiedDate":"2025-08-23T17:23:11","isFullCredit":false},{"lineNumber":24,"author":{"gitId":"wucx-0"},"content":"            }","lastModifiedDate":"2025-08-23T17:23:11","isFullCredit":false},{"lineNumber":25,"author":{"gitId":"wucx-0"},"content":"","lastModifiedDate":"2025-08-23T17:23:11","isFullCredit":false},{"lineNumber":26,"author":{"gitId":"wucx-0"},"content":"            System.out.println(lineBreak);","lastModifiedDate":"2025-08-23T17:23:11","isFullCredit":false},{"lineNumber":27,"author":{"gitId":"wucx-0"},"content":"            System.out.printf(\" %s%n\", input);","lastModifiedDate":"2025-08-23T17:23:11","isFullCredit":false},{"lineNumber":28,"author":{"gitId":"wucx-0"},"content":"            System.out.println(lineBreak);","lastModifiedDate":"2025-08-23T17:23:11","isFullCredit":false},{"lineNumber":29,"author":{"gitId":"wucx-0"},"content":"","lastModifiedDate":"2025-08-23T17:23:11","isFullCredit":false},{"lineNumber":30,"author":{"gitId":"wucx-0"},"content":"        }","lastModifiedDate":"2025-08-23T17:23:11","isFullCredit":false},{"lineNumber":31,"author":{"gitId":"wucx-0"},"content":"","lastModifiedDate":"2025-08-23T17:23:11","isFullCredit":false},{"lineNumber":32,"author":{"gitId":"wucx-0"},"content":"        //Print Goodbye Msg","lastModifiedDate":"2025-08-23T16:55:27","isFullCredit":false},{"lineNumber":33,"author":{"gitId":"wucx-0"},"content":"        System.out.println(lineBreak);","lastModifiedDate":"2025-08-23T16:55:27","isFullCredit":false},{"lineNumber":34,"author":{"gitId":"wucx-0"},"content":"        System.out.println(\" Bye! Hope to see you again soon!\");","lastModifiedDate":"2025-08-23T17:23:11","isFullCredit":false},{"lineNumber":35,"author":{"gitId":"wucx-0"},"content":"        System.out.println(lineBreak);","lastModifiedDate":"2025-08-23T17:23:11","isFullCredit":false},{"lineNumber":36,"author":{"gitId":"wucx-0"},"content":"","lastModifiedDate":"2025-08-23T17:23:11","isFullCredit":false},{"lineNumber":37,"author":{"gitId":"wucx-0"},"content":"        scanner.close();","lastModifiedDate":"2025-08-23T17:23:11","isFullCredit":false},{"lineNumber":38,"author":{"gitId":"wucx-0"},"content":"    }","lastModifiedDate":"2025-08-23T16:55:27","isFullCredit":false},{"lineNumber":39,"author":{"gitId":"wucx-0"},"content":"}","lastModifiedDate":"2025-08-23T16:55:27","isFullCredit":false}],"authorContributionMap":{"wucx-0":39}}]
