[{"path":"src/main/java/Chip.java","fileType":"java","lines":[{"lineNumber":1,"author":{"gitId":"caiwang0"},"content":"import java.util.Scanner;","lastModifiedDate":"2025-08-22T10:50:44","isFullCredit":false},{"lineNumber":2,"author":{"gitId":"caiwang0"},"content":"import java.util.ArrayList;","lastModifiedDate":"2025-08-22T11:09:30","isFullCredit":false},{"lineNumber":3,"author":{"gitId":"caiwang0"},"content":"","lastModifiedDate":"2025-08-22T10:50:44","isFullCredit":false},{"lineNumber":4,"author":{"gitId":"caiwang0"},"content":"public class Chip {","lastModifiedDate":"2025-08-22T10:43:21","isFullCredit":false},{"lineNumber":5,"author":{"gitId":"caiwang0"},"content":"","lastModifiedDate":"2025-08-22T00:32:27","isFullCredit":false},{"lineNumber":6,"author":{"gitId":"caiwang0"},"content":"    public static void main(String[] args) {","lastModifiedDate":"2025-08-22T00:32:27","isFullCredit":false},{"lineNumber":7,"author":{"gitId":"caiwang0"},"content":"        String horizontalLine \u003d \"____________________________________________________________\";","lastModifiedDate":"2025-08-22T00:32:27","isFullCredit":false},{"lineNumber":8,"author":{"gitId":"caiwang0"},"content":"","lastModifiedDate":"2025-08-22T00:32:27","isFullCredit":false},{"lineNumber":9,"author":{"gitId":"caiwang0"},"content":"        System.out.println(horizontalLine);","lastModifiedDate":"2025-08-22T00:32:27","isFullCredit":false},{"lineNumber":10,"author":{"gitId":"caiwang0"},"content":"        System.out.println(\" Hello! I\u0027m Chip\");","lastModifiedDate":"2025-08-22T10:43:21","isFullCredit":false},{"lineNumber":11,"author":{"gitId":"caiwang0"},"content":"        System.out.println(\" What can I do for you?\");","lastModifiedDate":"2025-08-22T00:32:27","isFullCredit":false},{"lineNumber":12,"author":{"gitId":"caiwang0"},"content":"","lastModifiedDate":"2025-08-22T00:32:27","isFullCredit":false},{"lineNumber":13,"author":{"gitId":"caiwang0"},"content":"        ArrayList\u003cTask\u003e tasks \u003d new ArrayList\u003c\u003e();","lastModifiedDate":"2025-08-22T11:32:59","isFullCredit":false},{"lineNumber":14,"author":{"gitId":"caiwang0"},"content":"","lastModifiedDate":"2025-08-22T11:09:30","isFullCredit":false},{"lineNumber":15,"author":{"gitId":"caiwang0"},"content":"        Scanner in \u003d new Scanner(System.in);","lastModifiedDate":"2025-08-22T10:50:44","isFullCredit":false},{"lineNumber":16,"author":{"gitId":"caiwang0"},"content":"        while (true) {","lastModifiedDate":"2025-08-22T10:50:44","isFullCredit":false},{"lineNumber":17,"author":{"gitId":"caiwang0"},"content":"            String command \u003d in.nextLine();","lastModifiedDate":"2025-08-22T10:50:44","isFullCredit":false},{"lineNumber":18,"author":{"gitId":"caiwang0"},"content":"            try {","lastModifiedDate":"2025-08-22T13:04:03","isFullCredit":false},{"lineNumber":19,"author":{"gitId":"caiwang0"},"content":"                String[] parts \u003d command.split(\" \", 2);","lastModifiedDate":"2025-08-22T11:32:59","isFullCredit":false},{"lineNumber":20,"author":{"gitId":"caiwang0"},"content":"                Command action \u003d Command.valueOf(parts[0].toUpperCase());","lastModifiedDate":"2025-08-22T13:33:57","isFullCredit":false},{"lineNumber":21,"author":{"gitId":"caiwang0"},"content":"                System.out.println(horizontalLine);","lastModifiedDate":"2025-08-22T11:32:59","isFullCredit":false},{"lineNumber":22,"author":{"gitId":"caiwang0"},"content":"","lastModifiedDate":"2025-08-22T11:32:59","isFullCredit":false},{"lineNumber":23,"author":{"gitId":"caiwang0"},"content":"                switch (action) {","lastModifiedDate":"2025-08-22T13:33:57","isFullCredit":false},{"lineNumber":24,"author":{"gitId":"caiwang0"},"content":"                    case BYE:","lastModifiedDate":"2025-08-22T13:33:57","isFullCredit":false},{"lineNumber":25,"author":{"gitId":"caiwang0"},"content":"                        System.out.println(\" Bye. Hope to see you again soon!\");","lastModifiedDate":"2025-08-22T13:04:03","isFullCredit":false},{"lineNumber":26,"author":{"gitId":"caiwang0"},"content":"                        System.out.println(horizontalLine);","lastModifiedDate":"2025-08-22T13:04:03","isFullCredit":false},{"lineNumber":27,"author":{"gitId":"caiwang0"},"content":"                        return;","lastModifiedDate":"2025-08-22T13:33:57","isFullCredit":false},{"lineNumber":28,"author":{"gitId":"caiwang0"},"content":"                    case LIST:","lastModifiedDate":"2025-08-22T13:33:57","isFullCredit":false},{"lineNumber":29,"author":{"gitId":"caiwang0"},"content":"                        System.out.println(\" Here are the tasks in your list:\");","lastModifiedDate":"2025-08-22T12:29:31","isFullCredit":false},{"lineNumber":30,"author":{"gitId":"caiwang0"},"content":"                        for (int i \u003d 0; i \u003c tasks.size(); i++) {","lastModifiedDate":"2025-08-22T11:09:30","isFullCredit":false},{"lineNumber":31,"author":{"gitId":"caiwang0"},"content":"                            System.out.println(\" \" + (i + 1) + \".\" + tasks.get(i));","lastModifiedDate":"2025-08-22T11:09:30","isFullCredit":false},{"lineNumber":32,"author":{"gitId":"caiwang0"},"content":"                        }","lastModifiedDate":"2025-08-22T10:50:44","isFullCredit":false},{"lineNumber":33,"author":{"gitId":"caiwang0"},"content":"                        break;","lastModifiedDate":"2025-08-22T13:33:57","isFullCredit":false},{"lineNumber":34,"author":{"gitId":"caiwang0"},"content":"                    case MARK:","lastModifiedDate":"2025-08-22T13:33:57","isFullCredit":false},{"lineNumber":35,"author":{"gitId":"caiwang0"},"content":"                        if (parts.length \u003c 2) {","lastModifiedDate":"2025-08-22T13:04:03","isFullCredit":false},{"lineNumber":36,"author":{"gitId":"caiwang0"},"content":"                            throw new ChipException(\"OOPS!!! Please specify which task to mark.\");","lastModifiedDate":"2025-08-22T13:04:03","isFullCredit":false},{"lineNumber":37,"author":{"gitId":"caiwang0"},"content":"                        }","lastModifiedDate":"2025-08-22T13:04:03","isFullCredit":false},{"lineNumber":38,"author":{"gitId":"caiwang0"},"content":"                        int taskNumberToMark \u003d Integer.parseInt(parts[1]);","lastModifiedDate":"2025-08-22T13:33:57","isFullCredit":false},{"lineNumber":39,"author":{"gitId":"caiwang0"},"content":"                        Task taskToMark \u003d tasks.get(taskNumberToMark - 1);","lastModifiedDate":"2025-08-22T13:33:57","isFullCredit":false},{"lineNumber":40,"author":{"gitId":"caiwang0"},"content":"                        taskToMark.markAsDone();","lastModifiedDate":"2025-08-22T13:33:57","isFullCredit":false},{"lineNumber":41,"author":{"gitId":"caiwang0"},"content":"                        System.out.println(\" Nice! I\u0027ve marked this task as done:\");","lastModifiedDate":"2025-08-22T11:32:59","isFullCredit":false},{"lineNumber":42,"author":{"gitId":"caiwang0"},"content":"                        System.out.println(\"   \" + taskToMark);","lastModifiedDate":"2025-08-22T13:33:57","isFullCredit":false},{"lineNumber":43,"author":{"gitId":"caiwang0"},"content":"                        break;","lastModifiedDate":"2025-08-22T13:33:57","isFullCredit":false},{"lineNumber":44,"author":{"gitId":"caiwang0"},"content":"                    case UNMARK:","lastModifiedDate":"2025-08-22T13:33:57","isFullCredit":false},{"lineNumber":45,"author":{"gitId":"caiwang0"},"content":"                        if (parts.length \u003c 2) {","lastModifiedDate":"2025-08-22T13:04:03","isFullCredit":false},{"lineNumber":46,"author":{"gitId":"caiwang0"},"content":"                            throw new ChipException(\"OOPS!!! Please specify which task to unmark.\");","lastModifiedDate":"2025-08-22T13:04:03","isFullCredit":false},{"lineNumber":47,"author":{"gitId":"caiwang0"},"content":"                        }","lastModifiedDate":"2025-08-22T13:04:03","isFullCredit":false},{"lineNumber":48,"author":{"gitId":"caiwang0"},"content":"                        int taskNumberToUnmark \u003d Integer.parseInt(parts[1]);","lastModifiedDate":"2025-08-22T13:33:57","isFullCredit":false},{"lineNumber":49,"author":{"gitId":"caiwang0"},"content":"                        Task taskToUnmark \u003d tasks.get(taskNumberToUnmark - 1);","lastModifiedDate":"2025-08-22T13:33:57","isFullCredit":false},{"lineNumber":50,"author":{"gitId":"caiwang0"},"content":"                        taskToUnmark.markAsNotDone();","lastModifiedDate":"2025-08-22T13:33:57","isFullCredit":false},{"lineNumber":51,"author":{"gitId":"caiwang0"},"content":"                        System.out.println(\" OK, I\u0027ve marked this task as not done yet:\");","lastModifiedDate":"2025-08-22T11:32:59","isFullCredit":false},{"lineNumber":52,"author":{"gitId":"caiwang0"},"content":"                        System.out.println(\"   \" + taskToUnmark);","lastModifiedDate":"2025-08-22T13:33:57","isFullCredit":false},{"lineNumber":53,"author":{"gitId":"caiwang0"},"content":"                        break;","lastModifiedDate":"2025-08-22T13:33:57","isFullCredit":false},{"lineNumber":54,"author":{"gitId":"caiwang0"},"content":"                    case DELETE:","lastModifiedDate":"2025-08-22T13:33:57","isFullCredit":false},{"lineNumber":55,"author":{"gitId":"caiwang0"},"content":"                        if (parts.length \u003c 2) {","lastModifiedDate":"2025-08-22T13:11:14","isFullCredit":false},{"lineNumber":56,"author":{"gitId":"caiwang0"},"content":"                            throw new ChipException(\"Please specify which task to delete.\");","lastModifiedDate":"2025-08-22T13:11:14","isFullCredit":false},{"lineNumber":57,"author":{"gitId":"caiwang0"},"content":"                        }","lastModifiedDate":"2025-08-22T13:11:14","isFullCredit":false},{"lineNumber":58,"author":{"gitId":"caiwang0"},"content":"                        int taskNumberToDelete \u003d Integer.parseInt(parts[1]);","lastModifiedDate":"2025-08-22T13:33:57","isFullCredit":false},{"lineNumber":59,"author":{"gitId":"caiwang0"},"content":"                        Task removedTask \u003d tasks.remove(taskNumberToDelete - 1);","lastModifiedDate":"2025-08-22T13:33:57","isFullCredit":false},{"lineNumber":60,"author":{"gitId":"caiwang0"},"content":"                        System.out.println(\" Noted. I\u0027ve removed this task:\");","lastModifiedDate":"2025-08-22T13:11:14","isFullCredit":false},{"lineNumber":61,"author":{"gitId":"caiwang0"},"content":"                        System.out.println(\"   \" + removedTask);","lastModifiedDate":"2025-08-22T13:11:14","isFullCredit":false},{"lineNumber":62,"author":{"gitId":"caiwang0"},"content":"                        System.out.println(\" Now you have \" + tasks.size() + \" tasks in the list.\");","lastModifiedDate":"2025-08-22T13:11:14","isFullCredit":false},{"lineNumber":63,"author":{"gitId":"caiwang0"},"content":"                        break;","lastModifiedDate":"2025-08-22T13:33:57","isFullCredit":false},{"lineNumber":64,"author":{"gitId":"caiwang0"},"content":"                    case TODO:","lastModifiedDate":"2025-08-22T13:33:57","isFullCredit":false},{"lineNumber":65,"author":{"gitId":"caiwang0"},"content":"                        if (parts.length \u003c 2) {","lastModifiedDate":"2025-08-22T13:04:03","isFullCredit":false},{"lineNumber":66,"author":{"gitId":"caiwang0"},"content":"                            throw new ChipException(\"The description of a todo cannot be empty.\");","lastModifiedDate":"2025-08-22T13:04:03","isFullCredit":false},{"lineNumber":67,"author":{"gitId":"caiwang0"},"content":"                        }","lastModifiedDate":"2025-08-22T13:04:03","isFullCredit":false},{"lineNumber":68,"author":{"gitId":"caiwang0"},"content":"                        Task newTodo \u003d new Todo(parts[1]);","lastModifiedDate":"2025-08-22T13:33:57","isFullCredit":false},{"lineNumber":69,"author":{"gitId":"caiwang0"},"content":"                        tasks.add(newTodo);","lastModifiedDate":"2025-08-22T13:33:57","isFullCredit":false},{"lineNumber":70,"author":{"gitId":"caiwang0"},"content":"                        System.out.println(\" Got it. I\u0027ve added this task:\");","lastModifiedDate":"2025-08-22T13:04:03","isFullCredit":false},{"lineNumber":71,"author":{"gitId":"caiwang0"},"content":"                        System.out.println(\"   \" + newTodo);","lastModifiedDate":"2025-08-22T13:33:57","isFullCredit":false},{"lineNumber":72,"author":{"gitId":"caiwang0"},"content":"                        System.out.println(\" Now you have \" + tasks.size() + \" tasks in the list.\");","lastModifiedDate":"2025-08-22T13:04:03","isFullCredit":false},{"lineNumber":73,"author":{"gitId":"caiwang0"},"content":"                        break;","lastModifiedDate":"2025-08-22T13:33:57","isFullCredit":false},{"lineNumber":74,"author":{"gitId":"caiwang0"},"content":"                    case DEADLINE:","lastModifiedDate":"2025-08-22T13:33:57","isFullCredit":false},{"lineNumber":75,"author":{"gitId":"caiwang0"},"content":"                        if (parts.length \u003c 2) {","lastModifiedDate":"2025-08-22T13:04:03","isFullCredit":false},{"lineNumber":76,"author":{"gitId":"caiwang0"},"content":"                            throw new ChipException(\"The description of a deadline cannot be empty.\");","lastModifiedDate":"2025-08-22T13:04:03","isFullCredit":false},{"lineNumber":77,"author":{"gitId":"caiwang0"},"content":"                        }","lastModifiedDate":"2025-08-22T13:04:03","isFullCredit":false},{"lineNumber":78,"author":{"gitId":"caiwang0"},"content":"                        String[] deadlineParts \u003d parts[1].split(\" /by \");","lastModifiedDate":"2025-08-22T12:19:12","isFullCredit":false},{"lineNumber":79,"author":{"gitId":"caiwang0"},"content":"                        if (deadlineParts.length \u003c 2) {","lastModifiedDate":"2025-08-22T13:04:03","isFullCredit":false},{"lineNumber":80,"author":{"gitId":"caiwang0"},"content":"                            throw new ChipException(\"Please specify the deadline time using /by.\");","lastModifiedDate":"2025-08-22T13:04:03","isFullCredit":false},{"lineNumber":81,"author":{"gitId":"caiwang0"},"content":"                        }","lastModifiedDate":"2025-08-22T13:04:03","isFullCredit":false},{"lineNumber":82,"author":{"gitId":"caiwang0"},"content":"                        Task newDeadline \u003d new Deadline(deadlineParts[0], deadlineParts[1]);","lastModifiedDate":"2025-08-22T13:33:57","isFullCredit":false},{"lineNumber":83,"author":{"gitId":"caiwang0"},"content":"                        tasks.add(newDeadline);","lastModifiedDate":"2025-08-22T13:33:57","isFullCredit":false},{"lineNumber":84,"author":{"gitId":"caiwang0"},"content":"                        System.out.println(\" Got it. I\u0027ve added this task:\");","lastModifiedDate":"2025-08-22T13:04:03","isFullCredit":false},{"lineNumber":85,"author":{"gitId":"caiwang0"},"content":"                        System.out.println(\"   \" + newDeadline);","lastModifiedDate":"2025-08-22T13:33:57","isFullCredit":false},{"lineNumber":86,"author":{"gitId":"caiwang0"},"content":"                        System.out.println(\" Now you have \" + tasks.size() + \" tasks in the list.\");","lastModifiedDate":"2025-08-22T13:04:03","isFullCredit":false},{"lineNumber":87,"author":{"gitId":"caiwang0"},"content":"                        break;","lastModifiedDate":"2025-08-22T13:33:57","isFullCredit":false},{"lineNumber":88,"author":{"gitId":"caiwang0"},"content":"                    case EVENT:","lastModifiedDate":"2025-08-22T13:33:57","isFullCredit":false},{"lineNumber":89,"author":{"gitId":"caiwang0"},"content":"                        if (parts.length \u003c 2) {","lastModifiedDate":"2025-08-22T13:04:03","isFullCredit":false},{"lineNumber":90,"author":{"gitId":"caiwang0"},"content":"                            throw new ChipException(\"The description of an event cannot be empty.\");","lastModifiedDate":"2025-08-22T13:04:03","isFullCredit":false},{"lineNumber":91,"author":{"gitId":"caiwang0"},"content":"                        }","lastModifiedDate":"2025-08-22T13:04:03","isFullCredit":false},{"lineNumber":92,"author":{"gitId":"caiwang0"},"content":"                        String[] eventParts \u003d parts[1].split(\" /from \");","lastModifiedDate":"2025-08-22T12:19:12","isFullCredit":false},{"lineNumber":93,"author":{"gitId":"caiwang0"},"content":"                        if (eventParts.length \u003c 2) {","lastModifiedDate":"2025-08-22T13:04:03","isFullCredit":false},{"lineNumber":94,"author":{"gitId":"caiwang0"},"content":"                            throw new ChipException(\"Please specify the event start time using /from.\");","lastModifiedDate":"2025-08-22T13:04:03","isFullCredit":false},{"lineNumber":95,"author":{"gitId":"caiwang0"},"content":"                        }","lastModifiedDate":"2025-08-22T13:04:03","isFullCredit":false},{"lineNumber":96,"author":{"gitId":"caiwang0"},"content":"                        String[] timeParts \u003d eventParts[1].split(\" /to \");","lastModifiedDate":"2025-08-22T12:19:12","isFullCredit":false},{"lineNumber":97,"author":{"gitId":"caiwang0"},"content":"                        if (timeParts.length \u003c 2) {","lastModifiedDate":"2025-08-22T13:04:03","isFullCredit":false},{"lineNumber":98,"author":{"gitId":"caiwang0"},"content":"                            throw new ChipException(\"Please specify the event end time using /to.\");","lastModifiedDate":"2025-08-22T13:04:03","isFullCredit":false},{"lineNumber":99,"author":{"gitId":"caiwang0"},"content":"                        }","lastModifiedDate":"2025-08-22T11:09:30","isFullCredit":false},{"lineNumber":100,"author":{"gitId":"caiwang0"},"content":"                        Task newEvent \u003d new Event(eventParts[0], timeParts[0], timeParts[1]);","lastModifiedDate":"2025-08-22T13:33:57","isFullCredit":false},{"lineNumber":101,"author":{"gitId":"caiwang0"},"content":"                        tasks.add(newEvent);","lastModifiedDate":"2025-08-22T13:33:57","isFullCredit":false},{"lineNumber":102,"author":{"gitId":"caiwang0"},"content":"                        System.out.println(\" Got it. I\u0027ve added this task:\");","lastModifiedDate":"2025-08-22T12:19:12","isFullCredit":false},{"lineNumber":103,"author":{"gitId":"caiwang0"},"content":"                        System.out.println(\"   \" + newEvent);","lastModifiedDate":"2025-08-22T13:33:57","isFullCredit":false},{"lineNumber":104,"author":{"gitId":"caiwang0"},"content":"                        System.out.println(\" Now you have \" + tasks.size() + \" tasks in the list.\");","lastModifiedDate":"2025-08-22T12:19:12","isFullCredit":false},{"lineNumber":105,"author":{"gitId":"caiwang0"},"content":"                        break;","lastModifiedDate":"2025-08-22T13:33:57","isFullCredit":false},{"lineNumber":106,"author":{"gitId":"caiwang0"},"content":"                }","lastModifiedDate":"2025-08-22T13:04:03","isFullCredit":false},{"lineNumber":107,"author":{"gitId":"caiwang0"},"content":"            } catch (ChipException e) {","lastModifiedDate":"2025-08-22T13:04:03","isFullCredit":false},{"lineNumber":108,"author":{"gitId":"caiwang0"},"content":"                System.out.println(e.getMessage());","lastModifiedDate":"2025-08-22T13:04:03","isFullCredit":false},{"lineNumber":109,"author":{"gitId":"caiwang0"},"content":"            }  catch (IllegalArgumentException e) {","lastModifiedDate":"2025-08-22T13:33:57","isFullCredit":false},{"lineNumber":110,"author":{"gitId":"caiwang0"},"content":"                System.out.println(\"I\u0027m sorry, there is no such action.\");","lastModifiedDate":"2025-08-22T13:33:57","isFullCredit":false},{"lineNumber":111,"author":{"gitId":"caiwang0"},"content":"            } catch (Exception e) {","lastModifiedDate":"2025-08-22T13:04:03","isFullCredit":false},{"lineNumber":112,"author":{"gitId":"caiwang0"},"content":"                System.out.println(\"An unexpected error occurred. Please check your command.\");","lastModifiedDate":"2025-08-22T13:04:03","isFullCredit":false},{"lineNumber":113,"author":{"gitId":"caiwang0"},"content":"            } finally {","lastModifiedDate":"2025-08-22T13:04:03","isFullCredit":false},{"lineNumber":114,"author":{"gitId":"caiwang0"},"content":"            }","lastModifiedDate":"2025-08-22T12:19:12","isFullCredit":false},{"lineNumber":115,"author":{"gitId":"caiwang0"},"content":"        }","lastModifiedDate":"2025-08-22T10:50:44","isFullCredit":false},{"lineNumber":116,"author":{"gitId":"caiwang0"},"content":"    }","lastModifiedDate":"2025-08-22T00:32:27","isFullCredit":false},{"lineNumber":117,"author":{"gitId":"caiwang0"},"content":"}","lastModifiedDate":"2025-08-22T00:32:27","isFullCredit":false}],"authorContributionMap":{"caiwang0":117}},{"path":"src/main/java/ChipException.java","fileType":"java","lines":[{"lineNumber":1,"author":{"gitId":"caiwang0"},"content":"public class ChipException extends Exception {","lastModifiedDate":"2025-08-22T13:04:03","isFullCredit":false},{"lineNumber":2,"author":{"gitId":"caiwang0"},"content":"    public ChipException(String message) {","lastModifiedDate":"2025-08-22T13:04:03","isFullCredit":false},{"lineNumber":3,"author":{"gitId":"caiwang0"},"content":"        super(message);","lastModifiedDate":"2025-08-22T13:04:03","isFullCredit":false},{"lineNumber":4,"author":{"gitId":"caiwang0"},"content":"    }","lastModifiedDate":"2025-08-22T13:04:03","isFullCredit":false},{"lineNumber":5,"author":{"gitId":"caiwang0"},"content":"}","lastModifiedDate":"2025-08-22T13:04:03","isFullCredit":false}],"authorContributionMap":{"caiwang0":5}},{"path":"src/main/java/Command.java","fileType":"java","lines":[{"lineNumber":1,"author":{"gitId":"caiwang0"},"content":"public enum Command {","lastModifiedDate":"2025-08-22T13:33:57","isFullCredit":false},{"lineNumber":2,"author":{"gitId":"caiwang0"},"content":"    TODO, DEADLINE, EVENT, LIST, MARK, UNMARK, DELETE, BYE","lastModifiedDate":"2025-08-22T13:33:57","isFullCredit":false},{"lineNumber":3,"author":{"gitId":"caiwang0"},"content":"}","lastModifiedDate":"2025-08-22T13:33:57","isFullCredit":false}],"authorContributionMap":{"caiwang0":3}},{"path":"src/main/java/Deadline.java","fileType":"java","lines":[{"lineNumber":1,"author":{"gitId":"caiwang0"},"content":"public class Deadline extends Task {","lastModifiedDate":"2025-08-22T12:19:12","isFullCredit":false},{"lineNumber":2,"author":{"gitId":"caiwang0"},"content":"    private String by;","lastModifiedDate":"2025-08-22T12:19:12","isFullCredit":false},{"lineNumber":3,"author":{"gitId":"caiwang0"},"content":"","lastModifiedDate":"2025-08-22T12:19:12","isFullCredit":false},{"lineNumber":4,"author":{"gitId":"caiwang0"},"content":"    public Deadline(String description, String by) {","lastModifiedDate":"2025-08-22T12:19:12","isFullCredit":false},{"lineNumber":5,"author":{"gitId":"caiwang0"},"content":"        super(description);","lastModifiedDate":"2025-08-22T12:19:12","isFullCredit":false},{"lineNumber":6,"author":{"gitId":"caiwang0"},"content":"        this.by \u003d by;","lastModifiedDate":"2025-08-22T12:19:12","isFullCredit":false},{"lineNumber":7,"author":{"gitId":"caiwang0"},"content":"    }","lastModifiedDate":"2025-08-22T12:19:12","isFullCredit":false},{"lineNumber":8,"author":{"gitId":"caiwang0"},"content":"","lastModifiedDate":"2025-08-22T12:19:12","isFullCredit":false},{"lineNumber":9,"author":{"gitId":"caiwang0"},"content":"    @Override","lastModifiedDate":"2025-08-22T12:19:12","isFullCredit":false},{"lineNumber":10,"author":{"gitId":"caiwang0"},"content":"    public String toString() {","lastModifiedDate":"2025-08-22T12:19:12","isFullCredit":false},{"lineNumber":11,"author":{"gitId":"caiwang0"},"content":"        return \"[D]\" + super.toString() + \" (by: \" + by + \")\";","lastModifiedDate":"2025-08-22T12:19:12","isFullCredit":false},{"lineNumber":12,"author":{"gitId":"caiwang0"},"content":"    }","lastModifiedDate":"2025-08-22T12:19:12","isFullCredit":false},{"lineNumber":13,"author":{"gitId":"caiwang0"},"content":"}","lastModifiedDate":"2025-08-22T12:19:12","isFullCredit":false}],"authorContributionMap":{"caiwang0":13}},{"path":"src/main/java/Event.java","fileType":"java","lines":[{"lineNumber":1,"author":{"gitId":"caiwang0"},"content":"public class Event extends Task {","lastModifiedDate":"2025-08-22T12:19:12","isFullCredit":false},{"lineNumber":2,"author":{"gitId":"caiwang0"},"content":"    private String from;","lastModifiedDate":"2025-08-22T12:19:12","isFullCredit":false},{"lineNumber":3,"author":{"gitId":"caiwang0"},"content":"    private String to;","lastModifiedDate":"2025-08-22T12:19:12","isFullCredit":false},{"lineNumber":4,"author":{"gitId":"caiwang0"},"content":"","lastModifiedDate":"2025-08-22T12:19:12","isFullCredit":false},{"lineNumber":5,"author":{"gitId":"caiwang0"},"content":"    public Event(String description, String from, String to) {","lastModifiedDate":"2025-08-22T12:19:12","isFullCredit":false},{"lineNumber":6,"author":{"gitId":"caiwang0"},"content":"        super(description);","lastModifiedDate":"2025-08-22T12:19:12","isFullCredit":false},{"lineNumber":7,"author":{"gitId":"caiwang0"},"content":"        this.from \u003d from;","lastModifiedDate":"2025-08-22T12:19:12","isFullCredit":false},{"lineNumber":8,"author":{"gitId":"caiwang0"},"content":"        this.to \u003d to;","lastModifiedDate":"2025-08-22T12:19:12","isFullCredit":false},{"lineNumber":9,"author":{"gitId":"caiwang0"},"content":"    }","lastModifiedDate":"2025-08-22T12:19:12","isFullCredit":false},{"lineNumber":10,"author":{"gitId":"caiwang0"},"content":"","lastModifiedDate":"2025-08-22T12:19:12","isFullCredit":false},{"lineNumber":11,"author":{"gitId":"caiwang0"},"content":"    @Override","lastModifiedDate":"2025-08-22T12:19:12","isFullCredit":false},{"lineNumber":12,"author":{"gitId":"caiwang0"},"content":"    public String toString() {","lastModifiedDate":"2025-08-22T12:19:12","isFullCredit":false},{"lineNumber":13,"author":{"gitId":"caiwang0"},"content":"        return \"[E]\" + super.toString() + \" (from: \" + from + \" to: \" + to + \")\";","lastModifiedDate":"2025-08-22T12:19:12","isFullCredit":false},{"lineNumber":14,"author":{"gitId":"caiwang0"},"content":"    }","lastModifiedDate":"2025-08-22T12:19:12","isFullCredit":false},{"lineNumber":15,"author":{"gitId":"caiwang0"},"content":"}","lastModifiedDate":"2025-08-22T12:19:12","isFullCredit":false}],"authorContributionMap":{"caiwang0":15}},{"path":"src/main/java/Task.java","fileType":"java","lines":[{"lineNumber":1,"author":{"gitId":"caiwang0"},"content":"public class Task {","lastModifiedDate":"2025-08-22T11:32:59","isFullCredit":false},{"lineNumber":2,"author":{"gitId":"caiwang0"},"content":"    private String description;","lastModifiedDate":"2025-08-22T11:32:59","isFullCredit":false},{"lineNumber":3,"author":{"gitId":"caiwang0"},"content":"    private boolean isDone;","lastModifiedDate":"2025-08-22T11:32:59","isFullCredit":false},{"lineNumber":4,"author":{"gitId":"caiwang0"},"content":"","lastModifiedDate":"2025-08-22T11:32:59","isFullCredit":false},{"lineNumber":5,"author":{"gitId":"caiwang0"},"content":"    public Task(String description) {","lastModifiedDate":"2025-08-22T11:32:59","isFullCredit":false},{"lineNumber":6,"author":{"gitId":"caiwang0"},"content":"        this.description \u003d description;","lastModifiedDate":"2025-08-22T11:32:59","isFullCredit":false},{"lineNumber":7,"author":{"gitId":"caiwang0"},"content":"        this.isDone \u003d false; //","lastModifiedDate":"2025-08-22T11:32:59","isFullCredit":false},{"lineNumber":8,"author":{"gitId":"caiwang0"},"content":"    }","lastModifiedDate":"2025-08-22T11:32:59","isFullCredit":false},{"lineNumber":9,"author":{"gitId":"caiwang0"},"content":"","lastModifiedDate":"2025-08-22T11:32:59","isFullCredit":false},{"lineNumber":10,"author":{"gitId":"caiwang0"},"content":"    public void markAsDone() {","lastModifiedDate":"2025-08-22T11:32:59","isFullCredit":false},{"lineNumber":11,"author":{"gitId":"caiwang0"},"content":"        this.isDone \u003d true;","lastModifiedDate":"2025-08-22T11:32:59","isFullCredit":false},{"lineNumber":12,"author":{"gitId":"caiwang0"},"content":"    }","lastModifiedDate":"2025-08-22T11:32:59","isFullCredit":false},{"lineNumber":13,"author":{"gitId":"caiwang0"},"content":"","lastModifiedDate":"2025-08-22T11:32:59","isFullCredit":false},{"lineNumber":14,"author":{"gitId":"caiwang0"},"content":"    public void markAsNotDone() {","lastModifiedDate":"2025-08-22T11:32:59","isFullCredit":false},{"lineNumber":15,"author":{"gitId":"caiwang0"},"content":"        this.isDone \u003d false;","lastModifiedDate":"2025-08-22T11:32:59","isFullCredit":false},{"lineNumber":16,"author":{"gitId":"caiwang0"},"content":"    }","lastModifiedDate":"2025-08-22T11:32:59","isFullCredit":false},{"lineNumber":17,"author":{"gitId":"caiwang0"},"content":"","lastModifiedDate":"2025-08-22T11:32:59","isFullCredit":false},{"lineNumber":18,"author":{"gitId":"caiwang0"},"content":"    public String getStatusIcon() {","lastModifiedDate":"2025-08-22T11:32:59","isFullCredit":false},{"lineNumber":19,"author":{"gitId":"caiwang0"},"content":"        return (isDone ? \"X\" : \" \");","lastModifiedDate":"2025-08-22T11:32:59","isFullCredit":false},{"lineNumber":20,"author":{"gitId":"caiwang0"},"content":"    }","lastModifiedDate":"2025-08-22T11:32:59","isFullCredit":false},{"lineNumber":21,"author":{"gitId":"caiwang0"},"content":"","lastModifiedDate":"2025-08-22T11:32:59","isFullCredit":false},{"lineNumber":22,"author":{"gitId":"caiwang0"},"content":"    @Override","lastModifiedDate":"2025-08-22T11:32:59","isFullCredit":false},{"lineNumber":23,"author":{"gitId":"caiwang0"},"content":"    public String toString() {","lastModifiedDate":"2025-08-22T11:32:59","isFullCredit":false},{"lineNumber":24,"author":{"gitId":"caiwang0"},"content":"        return \"[\" + getStatusIcon() + \"] \" + this.description;","lastModifiedDate":"2025-08-22T11:32:59","isFullCredit":false},{"lineNumber":25,"author":{"gitId":"caiwang0"},"content":"    }","lastModifiedDate":"2025-08-22T11:32:59","isFullCredit":false},{"lineNumber":26,"author":{"gitId":"caiwang0"},"content":"}","lastModifiedDate":"2025-08-22T11:32:59","isFullCredit":false}],"authorContributionMap":{"caiwang0":26}},{"path":"src/main/java/Todo.java","fileType":"java","lines":[{"lineNumber":1,"author":{"gitId":"caiwang0"},"content":"public class Todo extends Task {","lastModifiedDate":"2025-08-22T12:19:12","isFullCredit":false},{"lineNumber":2,"author":{"gitId":"caiwang0"},"content":"","lastModifiedDate":"2025-08-22T12:19:12","isFullCredit":false},{"lineNumber":3,"author":{"gitId":"caiwang0"},"content":"    public Todo(String description) {","lastModifiedDate":"2025-08-22T12:19:12","isFullCredit":false},{"lineNumber":4,"author":{"gitId":"caiwang0"},"content":"        super(description);","lastModifiedDate":"2025-08-22T12:19:12","isFullCredit":false},{"lineNumber":5,"author":{"gitId":"caiwang0"},"content":"    }","lastModifiedDate":"2025-08-22T12:19:12","isFullCredit":false},{"lineNumber":6,"author":{"gitId":"caiwang0"},"content":"","lastModifiedDate":"2025-08-22T12:19:12","isFullCredit":false},{"lineNumber":7,"author":{"gitId":"caiwang0"},"content":"    @Override","lastModifiedDate":"2025-08-22T12:19:12","isFullCredit":false},{"lineNumber":8,"author":{"gitId":"caiwang0"},"content":"    public String toString() {","lastModifiedDate":"2025-08-22T12:19:12","isFullCredit":false},{"lineNumber":9,"author":{"gitId":"caiwang0"},"content":"        return \"[T]\" + super.toString();","lastModifiedDate":"2025-08-22T12:19:12","isFullCredit":false},{"lineNumber":10,"author":{"gitId":"caiwang0"},"content":"    }","lastModifiedDate":"2025-08-22T12:19:12","isFullCredit":false},{"lineNumber":11,"author":{"gitId":"caiwang0"},"content":"}","lastModifiedDate":"2025-08-22T12:19:12","isFullCredit":false}],"authorContributionMap":{"caiwang0":11}},{"path":"text-ui-test/input.txt","fileType":"txt","lines":[{"lineNumber":1,"author":{"gitId":"caiwang0"},"content":"todo read book","lastModifiedDate":"2025-08-22T12:20:26","isFullCredit":false},{"lineNumber":2,"author":{"gitId":"caiwang0"},"content":"deadline submit report /by Sunday","lastModifiedDate":"2025-08-22T12:20:26","isFullCredit":false},{"lineNumber":3,"author":{"gitId":"caiwang0"},"content":"list","lastModifiedDate":"2025-08-22T12:20:26","isFullCredit":false},{"lineNumber":4,"author":{"gitId":"caiwang0"},"content":"mark 1","lastModifiedDate":"2025-08-22T12:20:26","isFullCredit":false},{"lineNumber":5,"author":{"gitId":"caiwang0"},"content":"list","lastModifiedDate":"2025-08-22T12:20:26","isFullCredit":false},{"lineNumber":6,"author":{"gitId":"caiwang0"},"content":"bye","lastModifiedDate":"2025-08-22T12:20:26","isFullCredit":false}],"authorContributionMap":{"caiwang0":6}},{"path":"text-ui-test/runtest.bat","fileType":"bat","lines":[{"lineNumber":1,"author":{"gitId":"-"},"content":"@ECHO OFF","lastModifiedDate":"2020-05-25T00:03:55","isFullCredit":false},{"lineNumber":2,"author":{"gitId":"-"},"content":"","lastModifiedDate":"2020-05-25T00:03:55","isFullCredit":false},{"lineNumber":3,"author":{"gitId":"-"},"content":"REM create bin directory if it doesn\u0027t exist","lastModifiedDate":"2020-05-25T00:03:55","isFullCredit":false},{"lineNumber":4,"author":{"gitId":"-"},"content":"if not exist ..\\bin mkdir ..\\bin","lastModifiedDate":"2020-05-25T00:03:55","isFullCredit":false},{"lineNumber":5,"author":{"gitId":"-"},"content":"","lastModifiedDate":"2020-05-25T00:03:55","isFullCredit":false},{"lineNumber":6,"author":{"gitId":"-"},"content":"REM delete output from previous run","lastModifiedDate":"2020-05-25T00:03:55","isFullCredit":false},{"lineNumber":7,"author":{"gitId":"-"},"content":"if exist ACTUAL.TXT del ACTUAL.TXT","lastModifiedDate":"2020-08-25T17:23:26","isFullCredit":false},{"lineNumber":8,"author":{"gitId":"-"},"content":"","lastModifiedDate":"2020-05-25T00:03:55","isFullCredit":false},{"lineNumber":9,"author":{"gitId":"-"},"content":"REM compile the code into the bin folder","lastModifiedDate":"2020-05-25T00:03:55","isFullCredit":false},{"lineNumber":10,"author":{"gitId":"-"},"content":"javac  -cp ..\\src\\main\\java -Xlint:none -d ..\\bin ..\\src\\main\\java\\*.java","lastModifiedDate":"2020-08-25T17:23:26","isFullCredit":false},{"lineNumber":11,"author":{"gitId":"-"},"content":"IF ERRORLEVEL 1 (","lastModifiedDate":"2020-05-25T00:03:55","isFullCredit":false},{"lineNumber":12,"author":{"gitId":"-"},"content":"    echo ********** BUILD FAILURE **********","lastModifiedDate":"2020-05-25T00:03:55","isFullCredit":false},{"lineNumber":13,"author":{"gitId":"-"},"content":"    exit /b 1","lastModifiedDate":"2020-05-25T00:03:55","isFullCredit":false},{"lineNumber":14,"author":{"gitId":"-"},"content":")","lastModifiedDate":"2020-05-25T00:03:55","isFullCredit":false},{"lineNumber":15,"author":{"gitId":"-"},"content":"REM no error here, errorlevel \u003d\u003d 0","lastModifiedDate":"2020-05-25T00:03:55","isFullCredit":false},{"lineNumber":16,"author":{"gitId":"-"},"content":"","lastModifiedDate":"2020-05-25T00:03:55","isFullCredit":false},{"lineNumber":17,"author":{"gitId":"-"},"content":"REM run the program, feed commands from input.txt file and redirect the output to the ACTUAL.TXT","lastModifiedDate":"2020-05-25T00:03:55","isFullCredit":false},{"lineNumber":18,"author":{"gitId":"caiwang0"},"content":"java -classpath ..\\bin Chip \u003c input.txt \u003e ACTUAL.TXT","lastModifiedDate":"2025-08-22T12:20:26","isFullCredit":false},{"lineNumber":19,"author":{"gitId":"-"},"content":"","lastModifiedDate":"2020-05-25T00:03:55","isFullCredit":false},{"lineNumber":20,"author":{"gitId":"-"},"content":"REM compare the output to the expected output","lastModifiedDate":"2020-05-25T00:03:55","isFullCredit":false},{"lineNumber":21,"author":{"gitId":"-"},"content":"FC ACTUAL.TXT EXPECTED.TXT","lastModifiedDate":"2020-05-25T00:03:55","isFullCredit":false}],"authorContributionMap":{"caiwang0":1,"-":20}},{"path":"text-ui-test/runtest.sh","fileType":"sh","lines":[{"lineNumber":1,"author":{"gitId":"-"},"content":"#!/usr/bin/env bash","lastModifiedDate":"2020-05-25T00:03:55","isFullCredit":false},{"lineNumber":2,"author":{"gitId":"-"},"content":"","lastModifiedDate":"2020-05-25T00:03:55","isFullCredit":false},{"lineNumber":3,"author":{"gitId":"-"},"content":"# create bin directory if it doesn\u0027t exist","lastModifiedDate":"2020-05-25T00:03:55","isFullCredit":false},{"lineNumber":4,"author":{"gitId":"-"},"content":"if [ ! -d \"../bin\" ]","lastModifiedDate":"2020-05-25T00:03:55","isFullCredit":false},{"lineNumber":5,"author":{"gitId":"-"},"content":"then","lastModifiedDate":"2020-05-25T00:03:55","isFullCredit":false},{"lineNumber":6,"author":{"gitId":"-"},"content":"    mkdir ../bin","lastModifiedDate":"2020-05-25T00:03:55","isFullCredit":false},{"lineNumber":7,"author":{"gitId":"-"},"content":"fi","lastModifiedDate":"2020-05-25T00:03:55","isFullCredit":false},{"lineNumber":8,"author":{"gitId":"-"},"content":"","lastModifiedDate":"2020-05-25T00:03:55","isFullCredit":false},{"lineNumber":9,"author":{"gitId":"-"},"content":"# delete output from previous run","lastModifiedDate":"2020-05-25T00:03:55","isFullCredit":false},{"lineNumber":10,"author":{"gitId":"-"},"content":"if [ -e \"./ACTUAL.TXT\" ]","lastModifiedDate":"2020-05-25T00:03:55","isFullCredit":false},{"lineNumber":11,"author":{"gitId":"-"},"content":"then","lastModifiedDate":"2020-05-25T00:03:55","isFullCredit":false},{"lineNumber":12,"author":{"gitId":"-"},"content":"    rm ACTUAL.TXT","lastModifiedDate":"2020-05-25T00:03:55","isFullCredit":false},{"lineNumber":13,"author":{"gitId":"-"},"content":"fi","lastModifiedDate":"2020-05-25T00:03:55","isFullCredit":false},{"lineNumber":14,"author":{"gitId":"-"},"content":"","lastModifiedDate":"2020-05-25T00:03:55","isFullCredit":false},{"lineNumber":15,"author":{"gitId":"-"},"content":"# compile the code into the bin folder, terminates if error occurred","lastModifiedDate":"2020-05-25T00:03:55","isFullCredit":false},{"lineNumber":16,"author":{"gitId":"-"},"content":"if ! javac -cp ../src/main/java -Xlint:none -d ../bin ../src/main/java/*.java","lastModifiedDate":"2020-08-25T17:23:26","isFullCredit":false},{"lineNumber":17,"author":{"gitId":"-"},"content":"then","lastModifiedDate":"2020-05-25T00:03:55","isFullCredit":false},{"lineNumber":18,"author":{"gitId":"-"},"content":"    echo \"********** BUILD FAILURE **********\"","lastModifiedDate":"2020-05-25T00:03:55","isFullCredit":false},{"lineNumber":19,"author":{"gitId":"-"},"content":"    exit 1","lastModifiedDate":"2020-05-25T00:03:55","isFullCredit":false},{"lineNumber":20,"author":{"gitId":"-"},"content":"fi","lastModifiedDate":"2020-05-25T00:03:55","isFullCredit":false},{"lineNumber":21,"author":{"gitId":"-"},"content":"","lastModifiedDate":"2020-05-25T00:03:55","isFullCredit":false},{"lineNumber":22,"author":{"gitId":"-"},"content":"# run the program, feed commands from input.txt file and redirect the output to the ACTUAL.TXT","lastModifiedDate":"2020-05-25T00:03:55","isFullCredit":false},{"lineNumber":23,"author":{"gitId":"caiwang0"},"content":"java -classpath ../bin Chip \u003c input.txt \u003e ACTUAL.TXT","lastModifiedDate":"2025-08-22T12:20:26","isFullCredit":false},{"lineNumber":24,"author":{"gitId":"-"},"content":"","lastModifiedDate":"2020-05-25T00:03:55","isFullCredit":false},{"lineNumber":25,"author":{"gitId":"-"},"content":"# convert to UNIX format","lastModifiedDate":"2020-05-25T00:03:55","isFullCredit":false},{"lineNumber":26,"author":{"gitId":"-"},"content":"cp EXPECTED.TXT EXPECTED-UNIX.TXT","lastModifiedDate":"2020-05-25T00:03:55","isFullCredit":false},{"lineNumber":27,"author":{"gitId":"-"},"content":"dos2unix ACTUAL.TXT EXPECTED-UNIX.TXT","lastModifiedDate":"2020-05-25T00:03:55","isFullCredit":false},{"lineNumber":28,"author":{"gitId":"-"},"content":"","lastModifiedDate":"2020-05-25T00:03:55","isFullCredit":false},{"lineNumber":29,"author":{"gitId":"-"},"content":"# compare the output to the expected output","lastModifiedDate":"2020-05-25T00:03:55","isFullCredit":false},{"lineNumber":30,"author":{"gitId":"-"},"content":"diff ACTUAL.TXT EXPECTED-UNIX.TXT","lastModifiedDate":"2020-05-25T00:03:55","isFullCredit":false},{"lineNumber":31,"author":{"gitId":"-"},"content":"if [ $? -eq 0 ]","lastModifiedDate":"2020-05-25T00:03:55","isFullCredit":false},{"lineNumber":32,"author":{"gitId":"-"},"content":"then","lastModifiedDate":"2020-05-25T00:03:55","isFullCredit":false},{"lineNumber":33,"author":{"gitId":"-"},"content":"    echo \"Test result: PASSED\"","lastModifiedDate":"2020-05-25T00:03:55","isFullCredit":false},{"lineNumber":34,"author":{"gitId":"-"},"content":"    exit 0","lastModifiedDate":"2020-05-25T00:03:55","isFullCredit":false},{"lineNumber":35,"author":{"gitId":"-"},"content":"else","lastModifiedDate":"2020-05-25T00:03:55","isFullCredit":false},{"lineNumber":36,"author":{"gitId":"-"},"content":"    echo \"Test result: FAILED\"","lastModifiedDate":"2020-05-25T00:03:55","isFullCredit":false},{"lineNumber":37,"author":{"gitId":"-"},"content":"    exit 1","lastModifiedDate":"2020-05-25T00:03:55","isFullCredit":false},{"lineNumber":38,"author":{"gitId":"-"},"content":"fi","lastModifiedDate":"2020-05-25T00:03:55","isFullCredit":false}],"authorContributionMap":{"caiwang0":1,"-":37}}]
