{"authorDailyContributionsMap":{"caiwang0":[{"date":"2025-08-22T00:00:00","commitResults":[{"hash":"77e06145d6b1a913536422dc848b3eb5dd174d28","isMergeCommit":false,"messageTitle":"Finish Level-0","messageBody":"","tags":["Level-0"],"fileTypesAndContributionMap":{"java":{"insertions":14,"deletions":10}}},{"hash":"b2f0ea3df748c5de69a17defe733324c8b00891e","isMergeCommit":false,"messageTitle":"Finish Level-0","messageBody":"","fileTypesAndContributionMap":{"java":{"insertions":1,"deletions":1}}},{"hash":"fe7f579deb8337570418850109dde69a4093aa32","isMergeCommit":false,"messageTitle":"Finish Level-0","messageBody":"","fileTypesAndContributionMap":{"java":{"insertions":2,"deletions":2}}},{"hash":"53aa6f00b45d87d743c797ca8a8e39b72297e666","isMergeCommit":false,"messageTitle":"Finish Level-1","messageBody":"","tags":["Level-1"],"fileTypesAndContributionMap":{"java":{"insertions":13,"deletions":0}}},{"hash":"816f5430ce7203cf699a8de0828aa04092eb2f31","isMergeCommit":false,"messageTitle":"Finish Level-2","messageBody":"","tags":["Level-2"],"fileTypesAndContributionMap":{"java":{"insertions":14,"deletions":3}}},{"hash":"61625a2b70c61eaf5f8a8b27580a98d18a957821","isMergeCommit":false,"messageTitle":"Finish Level-3","messageBody":"","tags":["Level-3"],"fileTypesAndContributionMap":{"java":{"insertions":48,"deletions":4}}},{"hash":"0ceae758ae73dc8a0859538c30caa63ff428d3ba","isMergeCommit":false,"messageTitle":"Finish Level-4","messageBody":"","tags":["Level-4"],"fileTypesAndContributionMap":{"java":{"insertions":56,"deletions":6}}},{"hash":"92aa863af026380f0b0252e3c8704e39fd9283f1","isMergeCommit":false,"messageTitle":"Finish A-TextUiTesting","messageBody":"","tags":["A-TextUiTesting"],"fileTypesAndContributionMap":{"txt":{"insertions":6,"deletions":0},"bat":{"insertions":1,"deletions":1},"sh":{"insertions":1,"deletions":1}}},{"hash":"ef157f945feb9d92eb97285b66f0d0dc2872b1a8","isMergeCommit":false,"messageTitle":"Made small change to action: \"list\"","messageBody":"","fileTypesAndContributionMap":{"java":{"insertions":2,"deletions":2}}},{"hash":"1aa70ef96257f2fbf77a2cc51c950214a6c38ddb","isMergeCommit":false,"messageTitle":"Removed the extra horizontal lines","messageBody":"","fileTypesAndContributionMap":{"java":{"insertions":0,"deletions":4}}},{"hash":"c47bf4b174490533cb1b7cae89ae4ff09b52fab1","isMergeCommit":false,"messageTitle":"Finish Level-5","messageBody":"","tags":["Level-5"],"fileTypesAndContributionMap":{"java":{"insertions":82,"deletions":39}}},{"hash":"1530ca8d09451c7007877cbd10e97683d8e30830","isMergeCommit":false,"messageTitle":"Finished Level-6","messageBody":"","tags":["Level-6"],"fileTypesAndContributionMap":{"java":{"insertions":9,"deletions":0}}},{"hash":"273312d5ffbd21bbf2256893ebeb65116005390d","isMergeCommit":false,"messageTitle":"Finished A-Enums","messageBody":"","fileTypesAndContributionMap":{"java":{"insertions":96,"deletions":79}}},{"hash":"e9a18090203a3edd604004a8827f1fc597a52819","isMergeCommit":false,"messageTitle":"Finished A-Enums","messageBody":"","tags":["A-Enums"],"fileTypesAndContributionMap":{"java":{"insertions":0,"deletions":7}}}]},{"date":"2025-08-29T00:00:00","commitResults":[{"hash":"ba998b50c37b8edfe6f8586ece1a03bfc001c9a0","isMergeCommit":false,"messageTitle":"Implement save and load tasks from file","messageBody":"","tags":["branch-Level-7"],"fileTypesAndContributionMap":{"java":{"insertions":88,"deletions":1}}},{"hash":"ee9575664fb7838df838e84a00506525eadc98a9","isMergeCommit":false,"messageTitle":"Integrate LocalDateTime for Deadline and Event","messageBody":"","tags":["Level-8"],"fileTypesAndContributionMap":{"java":{"insertions":37,"deletions":12}}}]}]},"authorFileTypeContributionMap":{"caiwang0":{"java":302,"md":0,"fxml":0,"sh":1,"bat":1,"gradle":0,"txt":6}},"authorContributionVariance":{"caiwang0":11560.238},"authorDisplayNameMap":{"caiwang0":"CS2103T-T10-1 KELV..WANG"}}
