{"authorDailyContributionsMap":{"limweekit":[{"date":"2025-08-22T00:00:00","commitResults":[{"hash":"8793d75de25e3e0d256ec296e994256f158d5fa0","isMergeCommit":false,"messageTitle":"Edited name and greet/exit message","messageBody":"","tags":["Level-0"],"fileTypesAndContributionMap":{"java":{"insertions":14,"deletions":10}}},{"hash":"0f2a0f67d64a33eafd7e6dcb8aa31e3d652242ed","isMergeCommit":false,"messageTitle":"Added echo function","messageBody":"","tags":["Level-1"],"fileTypesAndContributionMap":{"java":{"insertions":23,"deletions":3}}},{"hash":"b577093738b7285ec67ae9971eac97882c18793f","isMergeCommit":false,"messageTitle":"Added list functionality","messageBody":"","tags":["Level-2"],"fileTypesAndContributionMap":{"java":{"insertions":41,"deletions":14}}},{"hash":"a3e93a2f07e5ea5da04e61c15e00c7dee8c6908e","isMergeCommit":false,"messageTitle":"Added mark/unmark functionality","messageBody":"","tags":["Level-3"],"fileTypesAndContributionMap":{"java":{"insertions":76,"deletions":8}}},{"hash":"ac094df6c4e24e3dfa041980464b8bb5ba3fdca5","isMergeCommit":false,"messageTitle":"Added ToDo, Deadline and Event tasks","messageBody":"","tags":["Level-4"],"fileTypesAndContributionMap":{"java":{"insertions":106,"deletions":0}}}]},{"date":"2025-08-23T00:00:00","commitResults":[{"hash":"817af5b1e66065f46f7978fb497b1f514b1102c6","isMergeCommit":false,"messageTitle":"Add text UI testing setup and fixed formatting.","messageBody":"","tags":["A-TextUiTesting"],"fileTypesAndContributionMap":{"txt":{"insertions":9,"deletions":0},"java":{"insertions":10,"deletions":13},"sh":{"insertions":1,"deletions":1}}},{"hash":"21c506fbdba1c53e631e4d45530b258780b5264b","isMergeCommit":false,"messageTitle":"Added exception handling and restructured code","messageBody":"","tags":["Level-5"],"fileTypesAndContributionMap":{"java":{"insertions":158,"deletions":111}}}]},{"date":"2025-08-24T00:00:00","commitResults":[{"hash":"3f275fbf2bad670e650e43e7c41f21500d6ca927","isMergeCommit":false,"messageTitle":"Added delete functionality and utilised ArrayList\u003cTask\u003e.","messageBody":"","tags":["Level-6"],"fileTypesAndContributionMap":{"java":{"insertions":64,"deletions":63}}},{"hash":"f90ab376addb3108f9a4d25534f9a5ead83003b9","isMergeCommit":false,"messageTitle":"Utilized enum for TaskTypes","messageBody":"","tags":["A-Enums"],"fileTypesAndContributionMap":{"java":{"insertions":26,"deletions":14}}}]},{"date":"2025-08-26T00:00:00","commitResults":[{"hash":"93c6651263f0d0ba5e4064ad7a981e8fdcd512f4","isMergeCommit":false,"messageTitle":"Implement save functionality","messageBody":"","fileTypesAndContributionMap":{"java":{"insertions":124,"deletions":3}}},{"hash":"fa6667a96057924499a844a343f23edc007ac854","isMergeCommit":true,"messageTitle":"Merge branch-Level-7","messageBody":"","tags":["Level-7"],"fileTypesAndContributionMap":{}},{"hash":"b57214b46659adf1175d404bdccb73144abb5a5f","isMergeCommit":false,"messageTitle":"Implement Date and Times","messageBody":"","fileTypesAndContributionMap":{"java":{"insertions":196,"deletions":21}}},{"hash":"35ff56fe82a30376ac6d58fc7d6a173477601774","isMergeCommit":true,"messageTitle":"Merge branch-Level-8","messageBody":"","tags":["Level-8"],"fileTypesAndContributionMap":{}},{"hash":"7061f2bec3c7ca61a3975e8b97fd6fa0ddc7eb15","isMergeCommit":false,"messageTitle":"Use more OOP and organise into packages","messageBody":"","tags":["A-Packages","A-MoreOOP"],"fileTypesAndContributionMap":{"java":{"insertions":575,"deletions":292}}},{"hash":"14be5632d317937e7a62674c1739a7f3961f4af5","isMergeCommit":true,"messageTitle":"Merge remote-tracking branch \u0027upstream/add-gradle-support\u0027 Merge add-gradle-support branch","messageBody":"","fileTypesAndContributionMap":{}}]},{"date":"2025-08-27T00:00:00","commitResults":[{"hash":"4bd7e52e9f267fe93803a3acb75ea4138d08e6aa","isMergeCommit":false,"messageTitle":"Configure gradle to work with project","messageBody":"","tags":["A-Gradle"],"fileTypesAndContributionMap":{"gradle":{"insertions":2,"deletions":2}}},{"hash":"32ea13a32cc0eb6c524fa9c5bbbfa35c31846c67","isMergeCommit":false,"messageTitle":"Add JUnit Tests","messageBody":"","tags":["A-JUnit"],"fileTypesAndContributionMap":{"java":{"insertions":602,"deletions":35}}},{"hash":"49659fe23c1ac4af7df4e129367638c55571bbe7","isMergeCommit":false,"messageTitle":"Create JAR file","messageBody":"","tags":["A-Jar"],"fileTypesAndContributionMap":{"java":{"insertions":4,"deletions":1}}},{"hash":"f15a99c063e5d740f1ae2b468e040382b22f828f","isMergeCommit":false,"messageTitle":"Add JavaDoc comments to code","messageBody":"","tags":["A-JavaDoc"],"fileTypesAndContributionMap":{"java":{"insertions":219,"deletions":6}}},{"hash":"807506ee4db749996bc2e34213a616844716b5a8","isMergeCommit":false,"messageTitle":"Tweak the code to comply with coding standards","messageBody":"","tags":["A-CodingStandard"],"fileTypesAndContributionMap":{"java":{"insertions":75,"deletions":34}}},{"hash":"bcf633baf94e07a28bbb0bd7b0c5fc66f75f61f5","isMergeCommit":false,"messageTitle":"Add find functionality","messageBody":"","tags":["Level-9"],"fileTypesAndContributionMap":{"java":{"insertions":96,"deletions":0}}},{"hash":"c60c5463a9f2f6359b1e2748909e19373d139ed5","isMergeCommit":true,"messageTitle":"Merge branch \u0027branch-A-JavaDoc\u0027","messageBody":"","fileTypesAndContributionMap":{}},{"hash":"5da7ded73e51169113c1ff745ef05574e03d8163","isMergeCommit":true,"messageTitle":"Merge branch \u0027branch-A-CodingStandard\u0027","messageBody":"","fileTypesAndContributionMap":{}},{"hash":"d63265c8e34d45fceda00b63b1b51f8f799c7826","isMergeCommit":true,"messageTitle":"Merge branch \u0027branch-Level-9\u0027","messageBody":"","fileTypesAndContributionMap":{}},{"hash":"ae1cbd2ac812bb0143cc9cf487bb78af15fd34e4","isMergeCommit":false,"messageTitle":"Make additional tweaks to JavaDoc and coding standard","messageBody":"","fileTypesAndContributionMap":{"java":{"insertions":23,"deletions":8}}},{"hash":"0bb1b6a53615d9a94425c66473bfa7a12c3acd34","isMergeCommit":false,"messageTitle":"Edit JUnit tests","messageBody":"","fileTypesAndContributionMap":{"java":{"insertions":2,"deletions":2}}}]},{"date":"2025-09-05T00:00:00","commitResults":[{"hash":"6bae45a9a84d5818c37dd9f578f248ecb40028f1","isMergeCommit":false,"messageTitle":"Implement CheckStyle to code","messageBody":"","fileTypesAndContributionMap":{"gradle":{"insertions":1,"deletions":0}}},{"hash":"6c5db9a6f97a6d3adfaac581c12e5cff9ec9ccec","isMergeCommit":true,"messageTitle":"Merge branch \u0027branch-A-CheckStyle\u0027","messageBody":"","tags":["A-CheckStyle"],"fileTypesAndContributionMap":{}}]}]},"authorFileTypeContributionMap":{"limweekit":{"java":1806,"md":0,"fxml":0,"sh":1,"bat":0,"gradle":3,"txt":9}},"authorContributionVariance":{"limweekit":88922.3},"authorDisplayNameMap":{"limweekit":"CS2103T-T15-3 LIM .. KIT"}}
