{"authorDailyContributionsMap":{"TheMythologist":[{"date":"2025-08-18T00:00:00","commitResults":[{"hash":"1ab1a55081be61f0f8c26a7af7e58c9a54dd3ac8","isMergeCommit":false,"messageTitle":"Rename chatbot to Yorm","messageBody":"","tags":["Level-0"],"fileTypesAndContributionMap":{"java":{"insertions":7,"deletions":10}}},{"hash":"3a88b74e8f33811f2a937650655dfe19352021de","isMergeCommit":false,"messageTitle":"Repeat commands","messageBody":"","tags":["Level-1"],"fileTypesAndContributionMap":{"java":{"insertions":16,"deletions":2}}},{"hash":"a5895f37c457b148d1bea2a9c35de2dedf11613a","isMergeCommit":false,"messageTitle":"Store texts","messageBody":"","tags":["Level-2"],"fileTypesAndContributionMap":{"java":{"insertions":26,"deletions":3}}},{"hash":"64d40f3bff836441d3f977cffed4fc94c02cf2c8","isMergeCommit":false,"messageTitle":"Store tasks","messageBody":"","tags":["Level-3"],"fileTypesAndContributionMap":{"java":{"insertions":92,"deletions":18}}}]},{"date":"2025-08-19T00:00:00","commitResults":[{"hash":"ca9917aa61fcb4120168f2d2bc25bb611630d790","isMergeCommit":false,"messageTitle":"Add todos, events and deadlines","messageBody":"","tags":["Level-4"],"fileTypesAndContributionMap":{"java":{"insertions":142,"deletions":61}}},{"hash":"cf8ed49e553ee5f3372f7801a26a87d6881910ec","isMergeCommit":false,"messageTitle":"Automate test using I/O redirection","messageBody":"","tags":["A-TextUiTesting"],"fileTypesAndContributionMap":{"txt":{"insertions":18,"deletions":0},"bat":{"insertions":1,"deletions":1}}},{"hash":"af262beb255bfe2161c98df3f2e1dd937d3a2e44","isMergeCommit":false,"messageTitle":"Handle errors using custom exception","messageBody":"","tags":["Level-5"],"fileTypesAndContributionMap":{"java":{"insertions":74,"deletions":67}}},{"hash":"93f88b0d409e98a579007f1891da13ac0d803bb8","isMergeCommit":false,"messageTitle":"Handle delete","messageBody":"","tags":["Level-6"],"fileTypesAndContributionMap":{"txt":{"insertions":4,"deletions":0},"java":{"insertions":20,"deletions":5}}},{"hash":"380483bf88e16a3b469b62d894c77c6d14425aa1","isMergeCommit":false,"messageTitle":"Handle saving of tasks","messageBody":"","fileTypesAndContributionMap":{"java":{"insertions":99,"deletions":8}}},{"hash":"ac124e097a4df4d3608386f5c7cdc2c72e9051c6","isMergeCommit":true,"messageTitle":"Merge branch \u0027branch-Level-7\u0027","messageBody":"","tags":["Level-7"],"fileTypesAndContributionMap":{}},{"hash":"7fd6b1a5286931474acc47231e15540304574ddb","isMergeCommit":false,"messageTitle":"Handle date strings","messageBody":"","fileTypesAndContributionMap":{"txt":{"insertions":4,"deletions":5},"java":{"insertions":39,"deletions":25},"bat":{"insertions":1,"deletions":0}}},{"hash":"ca8d7fc7d2053dc5e01dd7c988529988a38dbd0c","isMergeCommit":true,"messageTitle":"Merge branch \u0027branch-Level-8\u0027","messageBody":"","tags":["Level-8"],"fileTypesAndContributionMap":{}}]},{"date":"2025-08-20T00:00:00","commitResults":[{"hash":"d8eb77734cd6f10230f4cf3d9f5ec75a891d5464","isMergeCommit":false,"messageTitle":"Refactor to make the code more OOP","messageBody":"","tags":["A-MoreOOP"],"fileTypesAndContributionMap":{"java":{"insertions":356,"deletions":191}}},{"hash":"6d1f60f91128d64203403ec4d7c18c1d9bd1541c","isMergeCommit":false,"messageTitle":"Refactor into packages","messageBody":"","tags":["A-Packages"],"fileTypesAndContributionMap":{"java":{"insertions":97,"deletions":6},"bat":{"insertions":3,"deletions":2},"sh":{"insertions":7,"deletions":2}}},{"hash":"3882fe275d2523c9bdeb61e9f84c753f2843c9c5","isMergeCommit":true,"messageTitle":"Merge remote-tracking branch \u0027origin/add-gradle-support\u0027","messageBody":"","fileTypesAndContributionMap":{}},{"hash":"c17913d48e20694b065b3753d43f6c2293a8df8c","isMergeCommit":false,"messageTitle":"Update gradle and application settings","messageBody":"","tags":["A-Gradle"],"fileTypesAndContributionMap":{"gradle":{"insertions":2,"deletions":2}}}]}]},"authorFileTypeContributionMap":{"TheMythologist":{"java":582,"md":0,"fxml":0,"sh":7,"bat":4,"gradle":2,"txt":21}},"authorContributionVariance":{"TheMythologist":50133.914},"authorDisplayNameMap":{"TheMythologist":"LEE ..XUAN"}}
