{"authorDailyContributionsMap":{"wangyuanchi":[{"date":"2025-08-21T00:00:00","commitResults":[{"hash":"6c4489f843fa57786a122e6d900d91cdbea0b79e","isMergeCommit":false,"messageTitle":"Add initial skeletal version","messageBody":"","tags":["Level-0"],"fileTypesAndContributionMap":{"java":{"insertions":7,"deletions":10},"bat":{"insertions":1,"deletions":1},"sh":{"insertions":1,"deletions":1},"md":{"insertions":1,"deletions":29}}},{"hash":"d21408d47e856ca83f8cf4c9cc2831fffc4423dd","isMergeCommit":false,"messageTitle":"Add echo","messageBody":"","tags":["Level-1"],"fileTypesAndContributionMap":{"txt":{"insertions":3,"deletions":0},"java":{"insertions":18,"deletions":2}}},{"hash":"c597cd2c31ac64575b76e343017e1004ac126a92","isMergeCommit":false,"messageTitle":"Add list and add commands","messageBody":"","tags":["Level-2"],"fileTypesAndContributionMap":{"txt":{"insertions":6,"deletions":2},"java":{"insertions":49,"deletions":7}}},{"hash":"f8857c11d52974815904e6bcea227104267b16d5","isMergeCommit":false,"messageTitle":"Add do command","messageBody":"","tags":["Level-3"],"fileTypesAndContributionMap":{"txt":{"insertions":5,"deletions":2},"java":{"insertions":48,"deletions":6}}},{"hash":"379fc8a262cc4920e004e1bd3eb8f154df75a9dd","isMergeCommit":false,"messageTitle":"Add different item types","messageBody":"","tags":["Level-4"],"fileTypesAndContributionMap":{"txt":{"insertions":0,"deletions":10},"java":{"insertions":127,"deletions":43}}},{"hash":"6a7b3ee1d19ac73c6e770425d1b866f48674535e","isMergeCommit":false,"messageTitle":"Add test case","messageBody":"","tags":["A-TextUiTesting"],"fileTypesAndContributionMap":{"txt":{"insertions":17,"deletions":0}}},{"hash":"2cf5b2c505039c79becb2de05d36842c06d164cb","isMergeCommit":false,"messageTitle":"Add exceptions","messageBody":"","tags":["Level-5"],"fileTypesAndContributionMap":{"java":{"insertions":88,"deletions":72}}},{"hash":"be291df4b19b9d8e7f340fccd2f6d9780a6d1a55","isMergeCommit":false,"messageTitle":"Add delete command","messageBody":"","tags":["Level-6"],"fileTypesAndContributionMap":{"txt":{"insertions":5,"deletions":0},"java":{"insertions":37,"deletions":3}}}]},{"date":"2025-08-26T00:00:00","commitResults":[{"hash":"30e66c5dd7ed49e1b9788502d7a063656155aa9d","isMergeCommit":false,"messageTitle":"Add saving to disk and reading from disk","messageBody":"","fileTypesAndContributionMap":{"txt":{"insertions":1,"deletions":1},"java":{"insertions":186,"deletions":10}}},{"hash":"d412f1e71ba43b67bb380357a8d3c9bbd2949a1a","isMergeCommit":true,"messageTitle":"Merge branch-Level-7","messageBody":"","tags":["Level-7"],"fileTypesAndContributionMap":{}}]},{"date":"2025-08-27T00:00:00","commitResults":[{"hash":"64510862db9369d6ad2dd430b1540b4f4f4ad745","isMergeCommit":false,"messageTitle":"Add dates","messageBody":"","fileTypesAndContributionMap":{"txt":{"insertions":2,"deletions":0},"java":{"insertions":64,"deletions":33}}},{"hash":"907960337752762e20a66cf7386af59cf7fe9a60","isMergeCommit":true,"messageTitle":"Merge branch-Level-8","messageBody":"","tags":["Level-8"],"fileTypesAndContributionMap":{}},{"hash":"fdb81c94cfc4c248670d6fccbcf09b8563c17846","isMergeCommit":false,"messageTitle":"Refactor for OOP","messageBody":"","tags":["A-MoreOOP"],"fileTypesAndContributionMap":{"java":{"insertions":231,"deletions":179},"sh":{"insertions":2,"deletions":0}}},{"hash":"061fd82ff4734ae729d4750231fecebc7ad89968","isMergeCommit":false,"messageTitle":"Move all files into a package","messageBody":"","tags":["A-Packages"],"fileTypesAndContributionMap":{"java":{"insertions":24,"deletions":0},"sh":{"insertions":1,"deletions":1}}},{"hash":"92bcdb305a6c7350c3bbb075fff4f193439c4b75","isMergeCommit":true,"messageTitle":"Merge remote-tracking branch \u0027origin/add-gradle-support\u0027","messageBody":"","fileTypesAndContributionMap":{}},{"hash":"63a9a82f365bd37503a00ab186668913cdbf0370","isMergeCommit":false,"messageTitle":"Add gradle","messageBody":"","tags":["A-Gradle"],"fileTypesAndContributionMap":{"gradle":{"insertions":3,"deletions":3}}},{"hash":"a9c9bbe4569a4db94846f79a809fb73ffc1bbf12","isMergeCommit":false,"messageTitle":"Add JUnit tests","messageBody":"","tags":["A-JUnit"],"fileTypesAndContributionMap":{"java":{"insertions":109,"deletions":0}}},{"hash":"4ce2b1d7cbb7d55f6b25302ca9ebf3e430df79c7","isMergeCommit":false,"messageTitle":"Add Java 17 support in build.gradle","messageBody":"","tags":["A-Jar"],"fileTypesAndContributionMap":{"gradle":{"insertions":10,"deletions":0}}},{"hash":"71d0801c45ff6473e621888d5e0e877646e6b5eb","isMergeCommit":false,"messageTitle":"Add Javadoc","messageBody":"","fileTypesAndContributionMap":{"java":{"insertions":137,"deletions":0}}},{"hash":"e07506f23aebd7f880108c98dfe2dff175984e70","isMergeCommit":true,"messageTitle":"Merge branch \u0027branch-A-JavaDoc\u0027","messageBody":"","tags":["A-JavaDoc"],"fileTypesAndContributionMap":{}},{"hash":"aa8eacb8a102ae27640ca7a8faf0f7ca5eca800c","isMergeCommit":false,"messageTitle":"Improve coding standard","messageBody":"","fileTypesAndContributionMap":{"java":{"insertions":71,"deletions":73}}},{"hash":"875a63f506c51762b221bf6173c2d16cfd15c180","isMergeCommit":true,"messageTitle":"Merge branch \u0027branch-A-CodingStandard\u0027","messageBody":"","tags":["A-CodingStandard"],"fileTypesAndContributionMap":{}},{"hash":"70063c62b1e441c6112ce755644d60debc7ba597","isMergeCommit":false,"messageTitle":"Add find command","messageBody":"","fileTypesAndContributionMap":{"txt":{"insertions":3,"deletions":1},"java":{"insertions":70,"deletions":46},"sh":{"insertions":2,"deletions":2}}},{"hash":"1a26f554bea0e9253431b5829c57a228598b542f","isMergeCommit":true,"messageTitle":"Merge branch \u0027branch-Level-9\u0027","messageBody":"","tags":["Level-9"],"fileTypesAndContributionMap":{}}]}]},"authorFileTypeContributionMap":{"wangyuanchi":{"java":791,"md":1,"fxml":0,"sh":4,"bat":1,"gradle":12,"txt":26}},"authorContributionVariance":{"wangyuanchi":68239.805},"authorDisplayNameMap":{"wangyuanchi":"CS2103T-W08-3 WANG..NCHI"}}
