{"authorDailyContributionsMap":{"bearkerb":[{"date":"2025-08-20T00:00:00","commitResults":[{"hash":"1f1fe745e475440296685eb25d9a83269b51c2cf","isMergeCommit":false,"messageTitle":"Renaming, greet and exit","messageBody":"","tags":["Level-0"],"fileTypesAndContributionMap":{"java":{"insertions":6,"deletions":10}}},{"hash":"6a9c3ee03dc982364344eda97b468c7616778258","isMergeCommit":false,"messageTitle":"Added echoing of user inputs, and exit upon bye command","messageBody":"","tags":["Level-1"],"fileTypesAndContributionMap":{"java":{"insertions":13,"deletions":2}}},{"hash":"efff07dfedef5ed20d624fb9e4f0bfcbaf226b6a","isMergeCommit":false,"messageTitle":"refactoring to make separate Parser class","messageBody":"","fileTypesAndContributionMap":{"java":{"insertions":19,"deletions":11}}},{"hash":"f18093c5cdade2589a9f4700b135b46d7577fa66","isMergeCommit":false,"messageTitle":"Added ability to store text and list upon user request","messageBody":"","tags":["Level-2"],"fileTypesAndContributionMap":{"java":{"insertions":39,"deletions":1}}}]},{"date":"2025-08-21T00:00:00","commitResults":[{"hash":"4cc7eb55e78bd08dd0737974db0820c91745dc0f","isMergeCommit":false,"messageTitle":"Added marking and unmarking tests as completed.","messageBody":"","tags":["Level-3","A-Classes"],"fileTypesAndContributionMap":{"java":{"insertions":58,"deletions":2}}}]},{"date":"2025-08-22T00:00:00","commitResults":[{"hash":"6899542ba9b8e01d019c6f53b41ef1d2b68dc60a","isMergeCommit":false,"messageTitle":"Added ToDos, Deadlines and Events extending Task","messageBody":"","tags":["Level-4","A-Inheritance"],"fileTypesAndContributionMap":{"java":{"insertions":68,"deletions":5}}},{"hash":"7613b51c96426d22bd09345dea993b7bfe499893","isMergeCommit":false,"messageTitle":"Text UI testing using I/O redirection","messageBody":"","tags":["A-TextUiTesting"],"fileTypesAndContributionMap":{"txt":{"insertions":9,"deletions":0},"bat":{"insertions":1,"deletions":1}}},{"hash":"5615a0a0bf3fd4646a885cde800b8d46106e203b","isMergeCommit":false,"messageTitle":"Added exceptions for todo without description and unknown commands","messageBody":"","tags":["Level-5","A-Exceptions"],"fileTypesAndContributionMap":{"java":{"insertions":51,"deletions":30}}},{"hash":"ff6dc8253a917022eb0eb9e6a2259a811bead6ba","isMergeCommit":false,"messageTitle":"Adding exceptions to handle errors for improper deadline and event creation","messageBody":"","fileTypesAndContributionMap":{"java":{"insertions":22,"deletions":6}}},{"hash":"162b6a4b052449deba995a6fb49b153c98713199","isMergeCommit":false,"messageTitle":"Add delete functionality","messageBody":"","tags":["Level-6","A-Collections"],"fileTypesAndContributionMap":{"java":{"insertions":18,"deletions":0}}}]},{"date":"2025-08-27T00:00:00","commitResults":[{"hash":"753c2b25a4df6c7c3e90a7fc0b73c82dac1e313f","isMergeCommit":false,"messageTitle":"Add data folder, check for data file creation","messageBody":"","fileTypesAndContributionMap":{"txt":{"insertions":0,"deletions":0},"java":{"insertions":16,"deletions":1}}},{"hash":"d8a370668fd8b947f6214acc3b4bb1159de8a140","isMergeCommit":false,"messageTitle":"Add file write for new tasks","messageBody":"","fileTypesAndContributionMap":{"txt":{"insertions":14,"deletions":0},"java":{"insertions":69,"deletions":17}}},{"hash":"042d5146ae6beb9cb6e97e48331144d79e30114e","isMergeCommit":false,"messageTitle":"Handle data row deletion","messageBody":"","fileTypesAndContributionMap":{"txt":{"insertions":0,"deletions":13},"java":{"insertions":34,"deletions":3}}}]},{"date":"2025-08-28T00:00:00","commitResults":[{"hash":"b5be23785103184020812d678dd2ac1728cd2862","isMergeCommit":false,"messageTitle":"Read data file upon program start","messageBody":"","fileTypesAndContributionMap":{"txt":{"insertions":7,"deletions":0},"java":{"insertions":84,"deletions":9}}},{"hash":"b0a6a60d41456bb61a9fa98eaea6eb00f1952ad4","isMergeCommit":false,"messageTitle":"Add complete/uncomplete data functionality","messageBody":"","fileTypesAndContributionMap":{"txt":{"insertions":2,"deletions":7},"java":{"insertions":73,"deletions":10}}},{"hash":"c84e7a84815b4c93507af37e489b335d0ebf0a7f","isMergeCommit":true,"messageTitle":"Merge branch \u0027branch-Level-7\u0027","messageBody":"","tags":["Level-7"],"fileTypesAndContributionMap":{}},{"hash":"73548f4f14f6e9495cb1ee296bada98d1de9ef1b","isMergeCommit":false,"messageTitle":"Add date time string parsing for event and deadline","messageBody":"","fileTypesAndContributionMap":{"txt":{"insertions":11,"deletions":2},"java":{"insertions":93,"deletions":20}}},{"hash":"5789202cdee8b27f75c21b2a6c9849946b21785c","isMergeCommit":true,"messageTitle":"Merge branch \u0027branch-Level-8\u0027","messageBody":"","tags":["Level-8"],"fileTypesAndContributionMap":{}},{"hash":"e1816cd7e05f2371a759c7f7716c8b20776dcccc","isMergeCommit":false,"messageTitle":"Add Ui class, rearrange parse function","messageBody":"","fileTypesAndContributionMap":{"txt":{"insertions":0,"deletions":12},"java":{"insertions":193,"deletions":88}}},{"hash":"fc64d1b4d85c7cb858f1b057a4971179977e17b8","isMergeCommit":true,"messageTitle":"Merge branch \u0027branch-A-MoreOOP\u0027","messageBody":"","tags":["A-MoreOOP"],"fileTypesAndContributionMap":{}},{"hash":"5b2bd11a40c22ebda4a1aa0e5dce822834cebce3","isMergeCommit":false,"messageTitle":"Move all classes into package lucid","messageBody":"","fileTypesAndContributionMap":{"java":{"insertions":32,"deletions":2},"bat":{"insertions":1,"deletions":1}}},{"hash":"17ee0ff8f5d568863aa54f472527dfc9da6c8f5f","isMergeCommit":true,"messageTitle":"Merge branch \u0027branch-A-Packages\u0027","messageBody":"","tags":["A-Packages"],"fileTypesAndContributionMap":{}},{"hash":"0f6b81d6917dab1d25a1e9dff67e02fa6bfdf425","isMergeCommit":true,"messageTitle":"Merge branch \u0027add-gradle-support\u0027","messageBody":"","fileTypesAndContributionMap":{}},{"hash":"877a4ba30cb9865e73c44ae29d2433a5353bf4f1","isMergeCommit":false,"messageTitle":"Edit build.gradle to run properly","messageBody":"","tags":["A-Gradle"],"fileTypesAndContributionMap":{"gradle":{"insertions":1,"deletions":1}}},{"hash":"385792e74ddd1a59f6f1ee1a6f5936b93e3c7b46","isMergeCommit":false,"messageTitle":"Add tests for parseDateAndTimeString and lineToEvent methods","messageBody":"","fileTypesAndContributionMap":{"txt":{"insertions":1,"deletions":0},"java":{"insertions":43,"deletions":0}}},{"hash":"1634f4d0612cca4a1fc55ff3a7fd7a2ebe6bc77a","isMergeCommit":true,"messageTitle":"Merge branch \u0027branch-A-JUnit\u0027","messageBody":"","tags":["A-JUnit"],"fileTypesAndContributionMap":{}},{"hash":"1d87d6c06e4ff877d2e5594d0f8d51a705bfe83c","isMergeCommit":false,"messageTitle":"Edit build.gradle to replace duke with lucid","messageBody":"","fileTypesAndContributionMap":{"gradle":{"insertions":2,"deletions":1}}},{"hash":"880f49a53378bfec767b94639890b45bfbd86042","isMergeCommit":true,"messageTitle":"Merge branch \u0027branch-A-Jar\u0027","messageBody":"","tags":["A-Jar"],"fileTypesAndContributionMap":{}},{"hash":"581b4551c99ef4c0a2b2ee733400cddaed72dcd8","isMergeCommit":false,"messageTitle":"Add JavaDoc for non trivial methods and classes","messageBody":"","fileTypesAndContributionMap":{"java":{"insertions":140,"deletions":5}}},{"hash":"9d0d8a0bc04e2ced558bd6200b70343fbda8d465","isMergeCommit":false,"messageTitle":"Tweak files to match coding standard","messageBody":"","fileTypesAndContributionMap":{"java":{"insertions":14,"deletions":4}}},{"hash":"42ce8ceeac0fbb6f5cce39a6bddf690f51f3045a","isMergeCommit":false,"messageTitle":"Add find feature and exception","messageBody":"","fileTypesAndContributionMap":{"txt":{"insertions":0,"deletions":1},"java":{"insertions":34,"deletions":3}}},{"hash":"74d91ddf2358956b52294f3798f0d5fe4cb7b2a4","isMergeCommit":true,"messageTitle":"Merge branch \u0027branch-A-JavaDoc\u0027","messageBody":"","fileTypesAndContributionMap":{}},{"hash":"8df396754358b843ee5c5f48d23b8a5d89d3b474","isMergeCommit":true,"messageTitle":"Merge branch \u0027branch-A-CodingStandard\u0027","messageBody":"","fileTypesAndContributionMap":{}},{"hash":"7dd79d31b4dbffe294b31c0264adf4b1485ac22f","isMergeCommit":true,"messageTitle":"Merge branch \u0027branch-Level-9\u0027","messageBody":"","tags":["Level-9","A-JavaDoc","A-CodingStandard"],"fileTypesAndContributionMap":{}}]},{"date":"2025-09-02T00:00:00","commitResults":[{"hash":"37128480fbf42e1c0285acd6ef311127fe8d24e8","isMergeCommit":false,"messageTitle":"Add checkstyle tests and edits to pass tests","messageBody":"","fileTypesAndContributionMap":{"gradle":{"insertions":6,"deletions":1},"java":{"insertions":114,"deletions":7}}},{"hash":"fe07af4077b4a855bf12315eca793c44afb9bd50","isMergeCommit":true,"messageTitle":"Merge branch \u0027branch-A-CheckStyle\u0027","messageBody":"","tags":["A-CheckStyle"],"fileTypesAndContributionMap":{}}]},{"date":"2025-09-03T00:00:00","commitResults":[{"hash":"f9ef4954ef64d98439d469bb60e3d5fb1b20d79b","isMergeCommit":false,"messageTitle":"Refactor Parser class, add basic JavaFX GUI","messageBody":"","fileTypesAndContributionMap":{"gradle":{"insertions":16,"deletions":1},"txt":{"insertions":3,"deletions":0},"fxml":{"insertions":14,"deletions":0},"java":{"insertions":351,"deletions":96}}},{"hash":"f9cc8a62da7ac07123596b72c682aa0774a9000b","isMergeCommit":false,"messageTitle":"Add working GUI","messageBody":"","fileTypesAndContributionMap":{"txt":{"insertions":2,"deletions":1},"fxml":{"insertions":62,"deletions":10},"java":{"insertions":108,"deletions":106}}},{"hash":"f4872b00fed6894265482df2d8b7084ce2d59755","isMergeCommit":false,"messageTitle":"Add GUI styling, JavaDoc comments, fix parser bugs","messageBody":"","fileTypesAndContributionMap":{"txt":{"insertions":3,"deletions":3},"fxml":{"insertions":15,"deletions":40},"java":{"insertions":135,"deletions":75}}},{"hash":"0041881c0f7886a8754de0a2df804d05abbd3f58","isMergeCommit":true,"messageTitle":"Merge branch \u0027branch-Level-10\u0027","messageBody":"","tags":["Level-10"],"fileTypesAndContributionMap":{}}]}]},"authorFileTypeContributionMap":{"bearkerb":{"java":1324,"md":0,"fxml":41,"sh":0,"bat":1,"gradle":23,"txt":13}},"authorContributionVariance":{"bearkerb":64427.8},"authorDisplayNameMap":{"bearkerb":"CS2103T-F08a-2 TAN ..RIEL"}}
