{"authorDailyContributionsMap":{"gaozilin2005":[{"date":"2025-08-20T00:00:00","commitResults":[{"hash":"0c481f8731a5fc69360422496d6f5b7af3ea6d65","isMergeCommit":false,"messageTitle":"Add simple greeting and rename bot","messageBody":"","tags":["Level-0"],"fileTypesAndContributionMap":{"java":{"insertions":16,"deletions":10}}},{"hash":"a112e72360621155f491f53e07da19725b931c14","isMergeCommit":false,"messageTitle":"Add repeat commands back to user","messageBody":"","tags":["Level-1"],"fileTypesAndContributionMap":{"java":{"insertions":17,"deletions":6}}},{"hash":"294cc0af05f87bc34cf22ea8d2a6153e76cd85cb","isMergeCommit":false,"messageTitle":"Add ability to store text and display to user when requested","messageBody":"","tags":["Level-2"],"fileTypesAndContributionMap":{"java":{"insertions":45,"deletions":14}}}]},{"date":"2025-08-21T00:00:00","commitResults":[{"hash":"47bbf54dc2881a241fab2395a80ffaa00d6a7110","isMergeCommit":false,"messageTitle":"Add ability to mark tasks as done and not done","messageBody":"","tags":["Level-3"],"fileTypesAndContributionMap":{"java":{"insertions":60,"deletions":17}}},{"hash":"b24e34523cc14bf866586ebc0ef5987af0fe429a","isMergeCommit":false,"messageTitle":"Add Todos, Events, Deadlines","messageBody":"","tags":["Level-4"],"fileTypesAndContributionMap":{"java":{"insertions":64,"deletions":11}}},{"hash":"5e4ccc0427cded22a3e6fdbd44e30c1d24f99d0b","isMergeCommit":false,"messageTitle":"Add automated text UI testing","messageBody":"","tags":["A-TextUiTesting"],"fileTypesAndContributionMap":{"txt":{"insertions":10,"deletions":0},"java":{"insertions":9,"deletions":9},"sh":{"insertions":2,"deletions":2}}},{"hash":"22cde0a311e410746c5b86cbcf6d60d2b6e57594","isMergeCommit":false,"messageTitle":"Add error handling","messageBody":"","tags":["Level-5"],"fileTypesAndContributionMap":{"java":{"insertions":71,"deletions":36}}},{"hash":"50c21893b41fca456f75b69c469ffc2e2d1c0ba3","isMergeCommit":false,"messageTitle":"Add ability to delete tasks","messageBody":"","tags":["Level-7","Level-6"],"fileTypesAndContributionMap":{"java":{"insertions":44,"deletions":30}}}]},{"date":"2025-08-28T00:00:00","commitResults":[{"hash":"3d7cd3f0e64231c2bd502e29a3d86984449089aa","isMergeCommit":false,"messageTitle":"Add ability to save tasks","messageBody":"","fileTypesAndContributionMap":{"txt":{"insertions":3,"deletions":0},"java":{"insertions":95,"deletions":13}}},{"hash":"84bd43ea65324ac884089ae6b348c8ebbcd1d513","isMergeCommit":true,"messageTitle":"Merge branch \u0027branch-Level-7\u0027","messageBody":"","fileTypesAndContributionMap":{}},{"hash":"fcfcdd9cc5254a51b54d93e469d861eec132343d","isMergeCommit":false,"messageTitle":"Add exception handling when file is corrupted","messageBody":"","fileTypesAndContributionMap":{"txt":{"insertions":1,"deletions":0},"java":{"insertions":28,"deletions":15}}},{"hash":"d55b87897c027249c45c205f23d1a1c4443c31c6","isMergeCommit":false,"messageTitle":"Add date recognition","messageBody":"","tags":["Level-8"],"fileTypesAndContributionMap":{"txt":{"insertions":17,"deletions":3},"java":{"insertions":223,"deletions":114}}},{"hash":"4779c11f7d9ca6b0fc7deca475b4c0d3583b4009","isMergeCommit":true,"messageTitle":"Merge branch-Level-8 into master","messageBody":"","tags":["A-MoreOOP"],"fileTypesAndContributionMap":{}},{"hash":"ec52364733a144402195505a6b262dc799ef62b6","isMergeCommit":false,"messageTitle":"Organize files into packages","messageBody":"","fileTypesAndContributionMap":{"java":{"insertions":36,"deletions":2}}},{"hash":"df69de76f4b4b8693afc1bc390695df5cd8cb919","isMergeCommit":true,"messageTitle":"Merge branch \u0027branch-A-Packages\u0027","messageBody":"","tags":["A-Packages"],"fileTypesAndContributionMap":{}}]},{"date":"2025-08-29T00:00:00","commitResults":[{"hash":"630a333c90b2ce16b7c6e2417da170b0ad95c1ea","isMergeCommit":false,"messageTitle":"Add Gradle","messageBody":"","fileTypesAndContributionMap":{"gradle":{"insertions":181,"deletions":0},"java":{"insertions":251,"deletions":0}}},{"hash":"b109d00b2cf49c883445b31a8bd4174ddb03f2a4","isMergeCommit":true,"messageTitle":"Merge branch \u0027branch-A-Gradle\u0027","messageBody":"","tags":["A-JUnit","A-Gradle"],"fileTypesAndContributionMap":{}},{"hash":"a8e63fc2818a9727cc3fac5dd3ae9266188e9cda","isMergeCommit":false,"messageTitle":"Add ParserTest.java and StorageTest.java","messageBody":"","fileTypesAndContributionMap":{"gradle":{"insertions":25,"deletions":0},"txt":{"insertions":2,"deletions":0},"java":{"insertions":134,"deletions":7}}},{"hash":"7bc53f9fcbffeb922cb4bddf03ca5312eb097f6d","isMergeCommit":true,"messageTitle":"Merge branch \u0027branch-A-JUnit-new\u0027","messageBody":"","fileTypesAndContributionMap":{}},{"hash":"e329ffdb4b1c7f5d05a108bcb4766ab794c0d219","isMergeCommit":false,"messageTitle":"Add code to build JAR file","messageBody":"","fileTypesAndContributionMap":{"gradle":{"insertions":4,"deletions":4},"txt":{"insertions":2,"deletions":2},"java":{"insertions":6,"deletions":6}}},{"hash":"31027d7a0c0a1cf794ac342acffb4aa59c5b274b","isMergeCommit":true,"messageTitle":"Merge branch \u0027branch-A-Jar\u0027","messageBody":"","tags":["A-Jar"],"fileTypesAndContributionMap":{}}]},{"date":"2025-08-30T00:00:00","commitResults":[{"hash":"efac2cf8266ae38bca87c5ced3d4d710c7f35d5e","isMergeCommit":false,"messageTitle":"Add JavaDoc comments","messageBody":"","tags":["A-JavaDoc"],"fileTypesAndContributionMap":{"java":{"insertions":256,"deletions":3}}},{"hash":"0ecc8ffa3f42596312ade1fdc022afe8e5d16f12","isMergeCommit":false,"messageTitle":"Follow coding standard","messageBody":"","fileTypesAndContributionMap":{"java":{"insertions":12,"deletions":2}}},{"hash":"991daa198b659b29b03a9714584d98523585165a","isMergeCommit":false,"messageTitle":"Add find based on keyword","messageBody":"","fileTypesAndContributionMap":{"java":{"insertions":36,"deletions":0}}},{"hash":"24b56359297201322cf2d99a76f4c29e999b4227","isMergeCommit":true,"messageTitle":"Merge branch \u0027branch-A-JavaDoc\u0027","messageBody":"","fileTypesAndContributionMap":{}},{"hash":"e01a22d53096fc119875698633d2cc4b5395c4ee","isMergeCommit":true,"messageTitle":"Merge branch \u0027branch-A-CodingStandard\u0027","messageBody":"","fileTypesAndContributionMap":{}},{"hash":"b378dced926de1d8a6300a8949c61149bf55fe5c","isMergeCommit":true,"messageTitle":"Fix merge conflicts in TaskList.java","messageBody":"","tags":["Level-9","A-CodingStandard"],"fileTypesAndContributionMap":{}}]},{"date":"2025-09-04T00:00:00","commitResults":[{"hash":"bcc8138ff57d3ca37e3a3044e198c4b9f080e3a9","isMergeCommit":false,"messageTitle":"Add checkstyle","messageBody":"","tags":["A-Checkstyle"],"fileTypesAndContributionMap":{"gradle":{"insertions":1,"deletions":4},"java":{"insertions":58,"deletions":55}}},{"hash":"dc3b00af05c42ba5a990f241f8aa1d4b78bfcd6a","isMergeCommit":false,"messageTitle":"Add GUI","messageBody":"","tags":["GUI"],"fileTypesAndContributionMap":{"gradle":{"insertions":16,"deletions":1},"txt":{"insertions":6,"deletions":1},"fxml":{"insertions":46,"deletions":0},"java":{"insertions":304,"deletions":106}}}]},{"date":"2025-09-05T00:00:00","commitResults":[{"hash":"01b1584f0d4001a56979717f1ebf8acd9783cf4d","isMergeCommit":false,"messageTitle":"Fix formatting issues","messageBody":"","tags":["v1.0","Level-10"],"fileTypesAndContributionMap":{"txt":{"insertions":3,"deletions":0},"java":{"insertions":11,"deletions":31}}}]},{"date":"2025-09-09T00:00:00","commitResults":[{"hash":"63dd886da81a3f142ed71f2b6af8130146c1c957","isMergeCommit":false,"messageTitle":"Add assertions to Cat.java","messageBody":"","fileTypesAndContributionMap":{"txt":{"insertions":1,"deletions":1},"java":{"insertions":16,"deletions":2}}},{"hash":"8aea98cb4fb6ce582dddbccf4e761326c8bfd96b","isMergeCommit":false,"messageTitle":"Improve code quality","messageBody":"","fileTypesAndContributionMap":{"java":{"insertions":82,"deletions":46}}},{"hash":"0a768928874389c41c2e0038a2bc4710badc1c9e","isMergeCommit":false,"messageTitle":"Adopt streams for list/search/due and storage I/O Task formatting, searching, and persistence are implemented with indexed loops and mutable accumulators. Numbering logic is duplicated across a few methods, and Storage reads/writes iterate imperatively over lines. This makes the code more verbose than necessary and obscures the intent of “filter these tasks, then render/join them”. It also increases the surface area for bugs (e.g., off-by-one, missed blanks) and makes further transformations (sorting, mapping) harder to compose. Let’s: express list/search/due as stream pipelines and join the output keep numbering via IntStream.range to preserve indices map tasks to strings before joining to avoid collector type clashes use Files.lines(...).map(deserialize).toList() for Storage#load use tasks.stream().map(serialize).collect(joining(EOL)) for save Streams make the happy path prominent: filter → map → join. They remove manual String building, reduce duplication, and minimize mutable state. IntStream retains the existing 1-based display indices cleanly. Behavior is preserved: public APIs and messages remain unchanged exceptions (e.g., date parse) still propagate to callers output ordering matches previous implementations Follow-ups: consider optional sorting in dueOnDate via a comparator helper add small unit tests for empty lists and no-match searches","messageBody":"","fileTypesAndContributionMap":{"java":{"insertions":12,"deletions":12}}}]},{"date":"2025-09-10T00:00:00","commitResults":[{"hash":"2d82c5066cd1179dec74ac51b5bc80323e7304db","isMergeCommit":false,"messageTitle":"Add assertions","messageBody":"","fileTypesAndContributionMap":{"java":{"insertions":8,"deletions":8}}},{"hash":"fc92dd4015946aa2404e8fd5c39026972c4fc5f2","isMergeCommit":true,"messageTitle":"Merge branch \u0027master\u0027 into branch-A-Assertions","messageBody":"","fileTypesAndContributionMap":{}},{"hash":"3b7f4bf9d8162e5938cdc439648b472279ead0bf","isMergeCommit":false,"messageTitle":"Improve code quality","messageBody":"","fileTypesAndContributionMap":{"java":{"insertions":87,"deletions":0}}}]},{"date":"2025-09-12T00:00:00","commitResults":[{"hash":"15680e3593b1719e7142d3ad566308370b3ef420","isMergeCommit":true,"messageTitle":"Merge pull request #1 from gaozilin2005/branch-A-Assertions","messageBody":"Add assertions","fileTypesAndContributionMap":{}}]},{"date":"2025-09-13T00:00:00","commitResults":[{"hash":"82dcb8ca58723fca6df43803d811797f635446c4","isMergeCommit":true,"messageTitle":"Merge branch \u0027master\u0027 into branch-A-CodeQuality","messageBody":"","fileTypesAndContributionMap":{}},{"hash":"89f7c4f1f389a99db0a55325b358942e537b18d1","isMergeCommit":true,"messageTitle":"Merge pull request #3 from gaozilin2005/branch-A-CodeQuality","messageBody":"Code quality","fileTypesAndContributionMap":{}},{"hash":"0be9eab5b06f9e822df645a77eaeb599ed886f78","isMergeCommit":false,"messageTitle":"Switch Storage to a stream-based implementation with proper resource management and simpler IO.","messageBody":"Changes\n- load():\n  - Use Files.lines(path) + stream pipeline to parse lines.\n  - Introduce tryParse(String) → Optional\u003cTask\u003e to skip corrupted lines\n    cleanly via Optional::stream.\n  - Collect to ArrayList with Collectors.toCollection(ArrayList::new).\n  - Create parent directories/files via Files.createDirectories/createFile.\n- save():\n  - Map tasks to their persisted format with stream API.\n  - Write all lines with Files.write(..., UTF-8, CREATE, TRUNCATE_EXISTING).\n- Use try-with-resources so file handles are always closed.\n- Keep parseTask(String) behavior intact; logging retained for skipped lines.\n- Make file path handling more robust with java.nio.file.Path.\n\nWhy\n- Clearer, more declarative code.\n- Fewer footguns around closing readers/writers.\n- Easier to filter/transform lines and handle invalid input.\n- UTF-8 explicitness and deterministic writes.\n\nCompatibility / Notes\n- No public API changes: Storage.load() still returns ArrayList\u003cTask\u003e;\n  save(TaskList) unchanged.\n- Requires Java 8+ (streams/NIO). Project toolchain already targets 17.\n\nTest plan\n- Non-existent file: load() creates ./data/duke.txt and returns empty list.\n- Valid lines only: load() returns all tasks; save() rewrites identical content.\n- Mixed valid/invalid lines: invalid lines logged and skipped; valid tasks load.\n- After save(), subsequent load() reproduces the same tasks.\n- Manual run: `./gradlew run` (Main prints loaded tasks count).\n","fileTypesAndContributionMap":{"txt":{"insertions":1,"deletions":26},"java":{"insertions":10,"deletions":7}}},{"hash":"eb048498f131174e52a012071de40e9caa3c8363","isMergeCommit":true,"messageTitle":"Merge pull request #4 from gaozilin2005/branch-A-Streams","messageBody":"Switch Storage to a stream-based implementation with proper resource","fileTypesAndContributionMap":{}},{"hash":"db5e86c6b61c46b581281f7a389987a17af6ede5","isMergeCommit":false,"messageTitle":"Add BCD extension C-alias","messageBody":"","tags":["BCD-Extension"],"fileTypesAndContributionMap":{"txt":{"insertions":0,"deletions":25},"java":{"insertions":61,"deletions":22}}},{"hash":"b1260f81fe5d469c863f85c15ac4a6d6a942334b","isMergeCommit":true,"messageTitle":"Merge branch \u0027master\u0027 into branch-BCD-Extension","messageBody":"","fileTypesAndContributionMap":{}}]},{"date":"2025-09-14T00:00:00","commitResults":[{"hash":"0d5d4ce64ea82821ef4eb3590b694d88b01a57ea","isMergeCommit":false,"messageTitle":"Improve GUI colours and image size","messageBody":"","tags":["A-BetterGui"],"fileTypesAndContributionMap":{"txt":{"insertions":10,"deletions":0},"fxml":{"insertions":26,"deletions":9},"java":{"insertions":16,"deletions":3}}},{"hash":"73a96b1f8012cd21d365ec1cba1c68842127377b","isMergeCommit":true,"messageTitle":"Merge branch \u0027branch-A-BetterGui\u0027","messageBody":"","fileTypesAndContributionMap":{}},{"hash":"594d5a42cc74ee5f1b3fb891b383caa1e436436f","isMergeCommit":true,"messageTitle":"Merge branch \u0027master\u0027 of https://github.com/gaozilin2005/ip","messageBody":"","fileTypesAndContributionMap":{}},{"hash":"667ca76fd474c2b32a6ac7934afcf2da1d5e3678","isMergeCommit":true,"messageTitle":"Merge pull request #5 from gaozilin2005/branch-BCD-Extension","messageBody":"Add BCD extension C-alias","fileTypesAndContributionMap":{}},{"hash":"54f81f32305bad2aff21764bd1a1f37011089133","isMergeCommit":false,"messageTitle":"Add comments for AI-assisted parts","messageBody":"","fileTypesAndContributionMap":{"java":{"insertions":5,"deletions":0}}},{"hash":"ac410ca47a219cce3e61b1afe2a9af4fe8c08513","isMergeCommit":true,"messageTitle":"Merge branch \u0027master\u0027 of https://github.com/gaozilin2005/ip","messageBody":"","tags":["A-AiAssisted"],"fileTypesAndContributionMap":{}},{"hash":"e8f5017bcb4821012f72c440462c84200be1736d","isMergeCommit":false,"messageTitle":"fix bugs in delete, shape of message bubble, message truncating","messageBody":"","fileTypesAndContributionMap":{"txt":{"insertions":0,"deletions":11},"fxml":{"insertions":15,"deletions":24},"java":{"insertions":15,"deletions":20}}}]},{"date":"2025-09-15T00:00:00","commitResults":[{"hash":"b22557d5a75d82b2e604a6be30ae2e39616eb10c","isMergeCommit":false,"messageTitle":"Fix bug with storage not saving properly","messageBody":"","fileTypesAndContributionMap":{"txt":{"insertions":1,"deletions":0},"java":{"insertions":39,"deletions":31}}},{"hash":"67a7ede35e2e2b181bb048a79f17651c82684d49","isMergeCommit":false,"messageTitle":"Give cat a unique personality","messageBody":"","tags":["A-Personality"],"fileTypesAndContributionMap":{"java":{"insertions":11,"deletions":11}}}]}]},"authorFileTypeContributionMap":{"gaozilin2005":{"java":1496,"md":0,"fxml":54,"sh":1,"bat":0,"gradle":218,"txt":15}},"authorContributionVariance":{"gaozilin2005":28534.79},"authorDisplayNameMap":{"gaozilin2005":"CS2103T-F14b-4 GAO ..ILIN"}}
