{"authorDailyContributionsMap":{"gaozilin2005":[{"date":"2025-08-20T00:00:00","commitResults":[{"hash":"0c481f8731a5fc69360422496d6f5b7af3ea6d65","isMergeCommit":false,"messageTitle":"Add simple greeting and rename bot","messageBody":"","tags":["Level-0"],"fileTypesAndContributionMap":{"java":{"insertions":16,"deletions":10}}},{"hash":"a112e72360621155f491f53e07da19725b931c14","isMergeCommit":false,"messageTitle":"Add repeat commands back to user","messageBody":"","fileTypesAndContributionMap":{"java":{"insertions":17,"deletions":6}}},{"hash":"294cc0af05f87bc34cf22ea8d2a6153e76cd85cb","isMergeCommit":false,"messageTitle":"Add ability to store text and display to user when requested","messageBody":"","fileTypesAndContributionMap":{"java":{"insertions":45,"deletions":14}}}]}]},"authorFileTypeContributionMap":{"gaozilin2005":{"java":58,"md":0,"fxml":0,"sh":0,"bat":0,"gradle":0,"txt":0}},"authorContributionVariance":{"gaozilin2005":828.213},"authorDisplayNameMap":{"gaozilin2005":"GAO ..ILIN"}}
