{"authorDailyContributionsMap":{"watermelonisred":[{"date":"2025-08-23T00:00:00","commitResults":[{"hash":"617c0b5da7a25625b78c6aa3fe0c361942f8b8cd","isMergeCommit":false,"messageTitle":"Rename chatbot","messageBody":"","fileTypesAndContributionMap":{"java":{"insertions":16,"deletions":10}}},{"hash":"0b8ada023d91365d55fa004297edc295bf0d8be7","isMergeCommit":false,"messageTitle":"Add greeting and exit","messageBody":"","tags":["Level-0"],"fileTypesAndContributionMap":{"java":{"insertions":11,"deletions":0}}},{"hash":"2ecdadfb2f0d7b82717046d616d0bc8a0f9e7b8d","isMergeCommit":false,"messageTitle":"Add echo function and exit when bye","messageBody":"","tags":["Level-1"],"fileTypesAndContributionMap":{"java":{"insertions":21,"deletions":6}}},{"hash":"e88d5a7e49ebef3e6de0f500b33699659dd0cab6","isMergeCommit":false,"messageTitle":"Add list function and added label","messageBody":"","tags":["Level-2"],"fileTypesAndContributionMap":{"java":{"insertions":18,"deletions":4}}}]},{"date":"2025-08-24T00:00:00","commitResults":[{"hash":"eb315fdead91cb137eded4f1e9f50cfccb19b4bb","isMergeCommit":false,"messageTitle":"Add Task class","messageBody":"","fileTypesAndContributionMap":{"java":{"insertions":31,"deletions":0}}},{"hash":"bc53d96f3ed297e4aab384d9b5382404c6649911","isMergeCommit":false,"messageTitle":"Add ability to mark/unmark tasks as done/not done","messageBody":"","tags":["Level-3"],"fileTypesAndContributionMap":{"java":{"insertions":26,"deletions":20}}}]}]},"authorFileTypeContributionMap":{"watermelonisred":{"java":93,"md":0,"fxml":0,"sh":0,"bat":0,"gradle":0,"txt":0}},"authorContributionVariance":{"watermelonisred":691.8893},"authorDisplayNameMap":{"watermelonisred":"CS2103T-W11-1 LIN .. XIN"}}
