{"authorDailyContributionsMap":{"jovnc":[{"date":"2025-08-12T00:00:00","commitResults":[{"hash":"5bf55525eeae8d67ac6e02c21fd688d3db251fec","isMergeCommit":false,"messageTitle":"Rename chatbot and update messages","messageBody":"","tags":["Level-0"],"fileTypesAndContributionMap":{"java":{"insertions":24,"deletions":10},"md":{"insertions":1,"deletions":1}}},{"hash":"528825e140d6fd04541f02b913a1180a7adb605f","isMergeCommit":false,"messageTitle":"Add user input handling with echo and exit commands","messageBody":"","tags":["Level-1"],"fileTypesAndContributionMap":{"java":{"insertions":31,"deletions":9}}}]},{"date":"2025-08-13T00:00:00","commitResults":[{"hash":"62c675175d66897f8f5f89057d27b4c69617bec1","isMergeCommit":false,"messageTitle":"Add command processor and list command","messageBody":"Only echos message back to user.\n\nCommandProcessor allows for greater extensibility, allowing us to add more commands in the future to process user inputs.\n","tags":["Level-2"],"fileTypesAndContributionMap":{"java":{"insertions":53,"deletions":14}}},{"hash":"2646605eb1a7add80586155d78cae9380621133d","isMergeCommit":false,"messageTitle":"Add mark and unmark tasks as done commands","messageBody":"","tags":["Level-3","A-Classes"],"fileTypesAndContributionMap":{"java":{"insertions":57,"deletions":22}}},{"hash":"fd1714bcfc5400a2b6b505a4562d0a243be34a3a","isMergeCommit":false,"messageTitle":"Create different task types","messageBody":"There can be different Task types.\n\nMaking Task type an abstract class and extending from Task class allows us to define a common structure and shared logic while enforcing specific behaviour to be implemented by each concrete task type. This improves code clarity, promotes reusability, and makes it easier to add new task variations without modifying existing ones.\n","fileTypesAndContributionMap":{"java":{"insertions":66,"deletions":4}}},{"hash":"90c0102bce33e0edb34928c09cf8c4b4da7805b9","isMergeCommit":false,"messageTitle":"Add support to handle different Task types","messageBody":"","tags":["Level-4","A-Inheritance"],"fileTypesAndContributionMap":{"java":{"insertions":105,"deletions":51}}}]},{"date":"2025-08-14T00:00:00","commitResults":[{"hash":"2c9266bbbdc4ae4506297ca637922adcc36f71cf","isMergeCommit":false,"messageTitle":"Add automated text UI testing","messageBody":"","tags":["A-TextUiTesting"],"fileTypesAndContributionMap":{"txt":{"insertions":8,"deletions":0},"java":{"insertions":0,"deletions":1},"sh":{"insertions":1,"deletions":1}}},{"hash":"6b7bd3c815f773b446a62f7903c5252a50bc59c7","isMergeCommit":false,"messageTitle":"Introduce error handling and input validation for task commands","messageBody":"","tags":["Level-5","A-Exceptions"],"fileTypesAndContributionMap":{"java":{"insertions":97,"deletions":31}}},{"hash":"8690da1357ef13e9b307280ad96022229aaa905b","isMergeCommit":false,"messageTitle":"Add delete task command","messageBody":"","fileTypesAndContributionMap":{"java":{"insertions":19,"deletions":0}}},{"hash":"5fb166ccbae367aa0c2b0875bd615690f16bd8be","isMergeCommit":false,"messageTitle":"bug fix: Fix removal task description display","messageBody":"The removed task\u0027s description was incorrectly displayed as the next task\u0027s description in the list.\n","fileTypesAndContributionMap":{"java":{"insertions":2,"deletions":2}}},{"hash":"53deffc919899d7ea9e31c3120a28d3d1ed6fedf","isMergeCommit":false,"messageTitle":"Add Text UI Test for delete command","messageBody":"","fileTypesAndContributionMap":{"txt":{"insertions":3,"deletions":0}}},{"hash":"ae90ca3a2ed470b3216c48c753a06f81b7c495d5","isMergeCommit":false,"messageTitle":"Add Text UI Test for error handling","messageBody":"","tags":["Level-6","A-Collections"],"fileTypesAndContributionMap":{"txt":{"insertions":4,"deletions":0}}},{"hash":"f9b8d45eae748216d90f9e60cbce178af8cf803b","isMergeCommit":false,"messageTitle":"InputProcessor.java: Refactor commands to use enums","messageBody":"","tags":["A-Enums"],"fileTypesAndContributionMap":{"java":{"insertions":32,"deletions":16}}}]},{"date":"2025-08-18T00:00:00","commitResults":[{"hash":"d722d2c8a58385077e1e502ff49557274bb21843","isMergeCommit":false,"messageTitle":"Extract Command enum to its own file","messageBody":"Command enum was declared within InputProcessor.java.\n\nBy extracting Command into its own separate file, the code becomes more\nmodular, improving clarity and maintainability.\n","fileTypesAndContributionMap":{"java":{"insertions":10,"deletions":11}}},{"hash":"19383df8b34383bf9a7e078e39532f1d100d8b0a","isMergeCommit":false,"messageTitle":"Allow initializing tasks with completion status","messageBody":"Tasks were always initialized with a default incomplete status.\n\nThis change allows tasks (ToDo, Deadline, and Event) to be initialized\nwith a specified completion status. This improves flexibility for bulk-\nloading tasks or restoring task states.\n","fileTypesAndContributionMap":{"java":{"insertions":8,"deletions":8}}},{"hash":"7f2e2515b4e2520a76580017fd24edd8f74c39a6","isMergeCommit":false,"messageTitle":"Add getter methods for Task, Deadline, and Event classes","messageBody":"Getter methods for key attributes were missing.\n\nAdding getter methods improves encapsulation, allowing controlled\naccess to the attributes. This allows us to get fields to serialize\nTasks in CSV format.\n","fileTypesAndContributionMap":{"java":{"insertions":23,"deletions":3}}},{"hash":"4e618bfaf56a8b75f3bdb65110cbaabf30c6b86b","isMergeCommit":false,"messageTitle":"Add FileUtils class for file operations and update .gitignore","messageBody":"","fileTypesAndContributionMap":{"java":{"insertions":46,"deletions":0}}},{"hash":"70511bb444fa4b0c8377be2a83261bb674b6bcd2","isMergeCommit":false,"messageTitle":"Add TaskSerializer and TaskValidator classes for task processing","messageBody":"","fileTypesAndContributionMap":{"java":{"insertions":173,"deletions":0}}},{"hash":"6646b2fca77322626500346e4bd708ccbae3faac","isMergeCommit":false,"messageTitle":"refactor(Task)!: Remove task IDs and refactor description methods","messageBody":"Task IDs were auto-generated and tightly coupled with the Task class.\n\nThis change removes the task ID functionality, simplifying the Task\nclass. The `toString` method now replaces `getTaskDescription` in all\nsubclasses, aligning with Java conventions and reducing redundancy.\n","fileTypesAndContributionMap":{"java":{"insertions":8,"deletions":29}}},{"hash":"c889f40eb830c266167752f628dd171d4250af88","isMergeCommit":false,"messageTitle":"Add TaskList class to manage task collections","messageBody":"","fileTypesAndContributionMap":{"java":{"insertions":35,"deletions":0}}},{"hash":"6e433ca19de035b2036cf87142d4465c825314ac","isMergeCommit":false,"messageTitle":"Persist tasks to CSV storage and integrate with InputProcessor","messageBody":"InputProcessor managed tasks in-memory, leading to loss of data when\nthe application closed.\n\nThis change introduces `CsvTaskStorage`, which handles reading and\nwriting tasks from a CSV file, ensuring persistence across sessions.\nInputProcessor is updated to use this new storage class, removing\nresponsibility for list management. Additionally, task additions,\ndeletions, and updates now reflect directly in the CSV file. This\nimproves data reliability and aligns with long-term storage objectives.\n","fileTypesAndContributionMap":{"java":{"insertions":98,"deletions":27}}},{"hash":"b804cf5ac3a6d746c9f163cde0d246d4a42d4ae9","isMergeCommit":false,"messageTitle":"Refactor codebase to organize classes into packages","messageBody":"Most classes were located in a flat structure, making navigation\ndifficult and reducing maintainability.\n\nThis change organizes classes into logical packages.\n\nLet\u0027s,\n* organise files into packages\n","fileTypesAndContributionMap":{"java":{"insertions":52,"deletions":21}}},{"hash":"fd334c04d95fd97c692d6b8102a48cdf97566aea","isMergeCommit":false,"messageTitle":"Update text-ui-test to perform full cleanup after tasks","messageBody":"Text-ui-test leaves residual tasks in the list after execution.\n\nThis ensures the test storage is fully cleaned up after execution,\nmaintaining independence for future tests and improving test\nreliability.\n","fileTypesAndContributionMap":{"txt":{"insertions":3,"deletions":0}}},{"hash":"a2f7ff90ccb622cd80d99ff62061e8a765f4c7cc","isMergeCommit":true,"messageTitle":"Merge branch \u0027branch-Level-7\u0027","messageBody":"","tags":["Level-7"],"fileTypesAndContributionMap":{}},{"hash":"32d9d7cb51bfd304666d5161137aedb52c82979a","isMergeCommit":false,"messageTitle":"Add DateUtils for date parsing and formatting","messageBody":"Date handling uses Strings across the codebase.\n\nLets,\n* add date input validation for /from and /to fields in event tasks\n* add date input validation for /by field in deadline tasks\n* add error handling for date parsing failure\n","fileTypesAndContributionMap":{"java":{"insertions":71,"deletions":15}}},{"hash":"c58d1f70703f661e0f5fbde9f824c666d67ed572","isMergeCommit":false,"messageTitle":"Update date format in DateUtils","messageBody":"","fileTypesAndContributionMap":{"java":{"insertions":1,"deletions":1}}},{"hash":"5da9805a8b9632ba1d2c686532cdae7643a497b7","isMergeCommit":false,"messageTitle":"Make FileUtils methods static","messageBody":"","fileTypesAndContributionMap":{"java":{"insertions":5,"deletions":6}}},{"hash":"7f83edb45a09aeefe7987d9cdf6acfef0e229346","isMergeCommit":true,"messageTitle":"Merge branch \u0027branch-Level-8\u0027","messageBody":"","tags":["Level-8"],"fileTypesAndContributionMap":{}}]},{"date":"2025-08-19T00:00:00","commitResults":[{"hash":"387098615b0f80a8d209a5371998eddab22dea0c","isMergeCommit":false,"messageTitle":"Refactor Hermione class to use ConsoleUi for user interaction","messageBody":"","fileTypesAndContributionMap":{"java":{"insertions":57,"deletions":41}}},{"hash":"af7b03b583767d67774a0ac23cee04af03a90405","isMergeCommit":false,"messageTitle":"Refactor UI and Storage for improved OOP structure","messageBody":"","fileTypesAndContributionMap":{"java":{"insertions":37,"deletions":8}}},{"hash":"cf2e70ef5eddd56cb736757a3c1865df66a90300","isMergeCommit":false,"messageTitle":"Update date format in input and expected output files","messageBody":"","fileTypesAndContributionMap":{"txt":{"insertions":2,"deletions":2}}}]},{"date":"2025-08-20T00:00:00","commitResults":[{"hash":"ae745818336c9771d559b57c586291e40a2fa1e9","isMergeCommit":false,"messageTitle":"Refactor command handling to improve OOP structure","messageBody":"","fileTypesAndContributionMap":{"java":{"insertions":324,"deletions":205}}},{"hash":"e3a7fddd51f771f249abaae09f1ab5bd7dc9b74f","isMergeCommit":false,"messageTitle":"Add ExitCommand for cleaner code","messageBody":"","fileTypesAndContributionMap":{"java":{"insertions":26,"deletions":14}}},{"hash":"25807d4e085cb6e082dbe64ea53044d5e3997d6f","isMergeCommit":false,"messageTitle":"Refactor exception handling for clearer error messages","messageBody":"","fileTypesAndContributionMap":{"java":{"insertions":11,"deletions":17}}},{"hash":"c2d5a66e96565f80ff74369aa00696847ff0234b","isMergeCommit":false,"messageTitle":"Use TaskValidationException to improve clarity","messageBody":"","fileTypesAndContributionMap":{"java":{"insertions":50,"deletions":43}}},{"hash":"497cd5977be9d3fc309a956a9611da45f2040134","isMergeCommit":true,"messageTitle":"Merge branch \u0027branch-A-MoreOOP\u0027","messageBody":"","tags":["A-MoreOOP"],"fileTypesAndContributionMap":{}},{"hash":"8f929485007d70ae09d1f8db9a463ebe9e7af1ab","isMergeCommit":false,"messageTitle":"Put all classes into hermione package","messageBody":"","fileTypesAndContributionMap":{"java":{"insertions":99,"deletions":97},"sh":{"insertions":2,"deletions":2}}},{"hash":"2be10b5ae09499e7fa83fdb0b4b7bf36a38e969b","isMergeCommit":true,"messageTitle":"Merge branch \u0027branch-A-Packages\u0027","messageBody":"","tags":["A-Packages"],"fileTypesAndContributionMap":{}},{"hash":"a53e5d8f581efc360d4a30fda8e6a1372a1b086c","isMergeCommit":true,"messageTitle":"Merge branch \u0027add-gradle-support\u0027","messageBody":"","fileTypesAndContributionMap":{}},{"hash":"3c93abadea1d00238fe340e4346ac85146586187","isMergeCommit":false,"messageTitle":"fix: Update build.gradle to use Hermione class","messageBody":"","tags":["A-Gradle"],"fileTypesAndContributionMap":{"gradle":{"insertions":2,"deletions":2}}},{"hash":"8ba6c2101a5140afea49604f414b4702019c3c20","isMergeCommit":false,"messageTitle":"Add JUnit test for DateUtils","messageBody":"","fileTypesAndContributionMap":{"java":{"insertions":76,"deletions":4}}}]},{"date":"2025-08-21T00:00:00","commitResults":[{"hash":"522827944f0e27dce56148a16bd20b93306710d2","isMergeCommit":false,"messageTitle":"Add JUnit test for TaskValidator","messageBody":"","fileTypesAndContributionMap":{"java":{"insertions":143,"deletions":0}}},{"hash":"9c03193bca719c50bda961e3b58d4b1f87420782","isMergeCommit":false,"messageTitle":"Remove validation for task deserialization","messageBody":"","fileTypesAndContributionMap":{"java":{"insertions":0,"deletions":1},"sh":{"insertions":1,"deletions":1}}},{"hash":"a94ba2613bcb38621c16fb51b1023edc982d6242","isMergeCommit":false,"messageTitle":"fix: Update expected date format in DateUtilsTest","messageBody":"","fileTypesAndContributionMap":{"java":{"insertions":1,"deletions":1}}},{"hash":"ec1d72d09392358bb8dac054b81b59f5d1f075ec","isMergeCommit":true,"messageTitle":"Merge branch \u0027branch-A-JUnit\u0027","messageBody":"","tags":["A-Junit"],"fileTypesAndContributionMap":{}},{"hash":"6314268645c9917534cd9f2c8d227ca8987a74c9","isMergeCommit":false,"messageTitle":"Add jar support for gradle","messageBody":"","fileTypesAndContributionMap":{"gradle":{"insertions":1,"deletions":2}}},{"hash":"c6480cf5d5f3a78c44b1dbf268ee67948bf69fd5","isMergeCommit":true,"messageTitle":"Merge branch \u0027branch-A-Jar\u0027","messageBody":"","tags":["A-Jar"],"fileTypesAndContributionMap":{}},{"hash":"921aa5370c94c3d79f37f9548884ddf963e3bc5c","isMergeCommit":false,"messageTitle":"docs: Add JavaDoc comments for command classes","messageBody":"","fileTypesAndContributionMap":{"java":{"insertions":72,"deletions":0}}},{"hash":"0d79bd5d033aba2b28c0a4a58f3c3fe9c8712105","isMergeCommit":false,"messageTitle":"docs: Add JavaDoc comments for methods in parsers and storage classes","messageBody":"","fileTypesAndContributionMap":{"java":{"insertions":78,"deletions":1}}},{"hash":"5fcc9974c030f8dbca7dd1fe7df5065b0ac7dac6","isMergeCommit":false,"messageTitle":"docs: Add JavaDoc comments for methods in utils and validators classes","messageBody":"","fileTypesAndContributionMap":{"java":{"insertions":96,"deletions":0}}},{"hash":"a534e8ca596c93e2db3bfe9e4ac4013b831da61d","isMergeCommit":false,"messageTitle":"docs: Add JavaDoc comments for classes in the Hermione application","messageBody":"","fileTypesAndContributionMap":{"java":{"insertions":87,"deletions":0}}},{"hash":"9b35823d214015fc9a6ff7972a3095a8f3b8fe10","isMergeCommit":false,"messageTitle":"style: Improve code formatting to follow coding standard","messageBody":"","fileTypesAndContributionMap":{"java":{"insertions":46,"deletions":36}}},{"hash":"c847a033f7e77aa3ef1a6e20bae562066e5a044b","isMergeCommit":false,"messageTitle":"feat: Implement FindCommand to search tasks by keyword","messageBody":"","fileTypesAndContributionMap":{"java":{"insertions":42,"deletions":5}}},{"hash":"32a36d5c46ced36cdb2ba04283e233b5082e67ad","isMergeCommit":false,"messageTitle":"test: Update test-ui-test to test find command","messageBody":"","fileTypesAndContributionMap":{"txt":{"insertions":1,"deletions":0}}},{"hash":"87909c261b7178e398b6b1407f97fcd608ab0a94","isMergeCommit":false,"messageTitle":"fix: Correct task description retrieval in TaskSerializer","messageBody":"","fileTypesAndContributionMap":{"java":{"insertions":1,"deletions":1}}},{"hash":"33ed7e7a510c38be9429d624378af44a79035882","isMergeCommit":true,"messageTitle":"Merge branch \u0027branch-A-JavaDoc\u0027","messageBody":"","tags":["A-JavaDoc"],"fileTypesAndContributionMap":{}},{"hash":"3aac337630b35614263cf8bd0bd8e71d5a239c52","isMergeCommit":true,"messageTitle":"Fix merge conflict when merging \u0027branch-A-CodingStandard\u0027","messageBody":"","tags":["A-CodingStandard"],"fileTypesAndContributionMap":{}},{"hash":"2d828c57adc6c42fd527766fa8772bfc4a00ce5e","isMergeCommit":true,"messageTitle":"Merge branch \u0027branch-Level-9\u0027","messageBody":"","fileTypesAndContributionMap":{}},{"hash":"a6dd4ebb6f8adefeedb02736e3c4ee303d5b8675","isMergeCommit":false,"messageTitle":"fix: Add missing FindCommand import to CommandParser","messageBody":"","tags":["Level-9"],"fileTypesAndContributionMap":{"java":{"insertions":1,"deletions":0}}}]},{"date":"2025-08-24T00:00:00","commitResults":[{"hash":"fb0c6f91939530e050d0f133b2c1594a3f68c718","isMergeCommit":false,"messageTitle":"style: Add Checkstyle configuration and suppressions","messageBody":"","fileTypesAndContributionMap":{"gradle":{"insertions":6,"deletions":1}}},{"hash":"2a44b064916cf2153726aa4e2c8c238709d618b0","isMergeCommit":false,"messageTitle":"style: Fix checkstyle violations in main","messageBody":"","fileTypesAndContributionMap":{"java":{"insertions":108,"deletions":18}}},{"hash":"e8cafa5e7b109b49d804ccc9836969fb13f7cdd2","isMergeCommit":false,"messageTitle":"style: Fix checkstyle violations in test","messageBody":"","fileTypesAndContributionMap":{"java":{"insertions":25,"deletions":45}}},{"hash":"3174653caec97c8fac73bec186bba57500407e6f","isMergeCommit":true,"messageTitle":"Merge branch \u0027branch-A-Checkstyle\u0027","messageBody":"","tags":["A-Checkstyle"],"fileTypesAndContributionMap":{}},{"hash":"811a7fe528bcd4913b72f8a611799d413990470e","isMergeCommit":false,"messageTitle":"build: Add JavaFX dependencies","messageBody":"","fileTypesAndContributionMap":{"gradle":{"insertions":15,"deletions":0}}},{"hash":"21c992756b4c876f1244c4046712576ea1741b90","isMergeCommit":false,"messageTitle":"refactor: Restructure package hierarchy for UI components","messageBody":"","fileTypesAndContributionMap":{"java":{"insertions":13,"deletions":15}}}]},{"date":"2025-08-25T00:00:00","commitResults":[{"hash":"bc963c477d3d81b0830f5bd7d75df2b3f4263bf7","isMergeCommit":false,"messageTitle":"feat: Integrate GUI into Hermione application","messageBody":"","fileTypesAndContributionMap":{"fxml":{"insertions":42,"deletions":0},"java":{"insertions":195,"deletions":21}}},{"hash":"96bc8d7a99c16f8aef5e40e415939dcc9497bbcc","isMergeCommit":false,"messageTitle":"fix: Exit JavaFX application on ExitCommand","messageBody":"","fileTypesAndContributionMap":{"java":{"insertions":2,"deletions":0}}},{"hash":"4ffda375f9313eeff8c90a7ea3e2173b271ecf49","isMergeCommit":true,"messageTitle":"Merge branch \u0027branch-Level-10\u0027","messageBody":"","tags":["Level-10"],"fileTypesAndContributionMap":{}},{"hash":"8d083b9f3c9d52cf051e70b2236ce4955dff095a","isMergeCommit":false,"messageTitle":"feat: Allow users to choose GUI or console mode using varargs","messageBody":"","fileTypesAndContributionMap":{"java":{"insertions":7,"deletions":1}}},{"hash":"2a693461ee74d1e32c2ef0ba84bc312fde1d602c","isMergeCommit":true,"messageTitle":"Merge branch \u0027branch-A-Varargs\u0027","messageBody":"","tags":["A-Varargs"],"fileTypesAndContributionMap":{}}]},{"date":"2025-08-29T00:00:00","commitResults":[{"hash":"a694c470f38db086f3e6e7bfbafe052bd5c82e49","isMergeCommit":false,"messageTitle":"fix: Make Hermione class final","messageBody":"","fileTypesAndContributionMap":{"java":{"insertions":1,"deletions":1}}},{"hash":"f0f8583ee96d7c0dfd9bc941c963107ed5af6487","isMergeCommit":false,"messageTitle":"fix: Add assertions for Command and TaskList classes","messageBody":"Command and TaskList lacks explicit documentation of important\nassumptions about object states, making it harder to catch bugs\nearly and understand expected behaviour of method.\n\nLet\u0027s add assert statements to Command and TaskList to document\npreconditions.\n","fileTypesAndContributionMap":{"java":{"insertions":7,"deletions":1}}},{"hash":"e122e5ed345f39423657483e9d4b6ca4da12c741","isMergeCommit":false,"messageTitle":"refactor: Improve CsvTaskStorage implementation and add assertions","messageBody":"","fileTypesAndContributionMap":{"java":{"insertions":48,"deletions":52}}},{"hash":"e0f1d154aa9993fcaee72c24c802d14c8d86dc41","isMergeCommit":false,"messageTitle":"refactor: Apply SLAP to InputProcessor","messageBody":"The process() method in InputProcessor mixes different levels of\nabstraction by handling string parsing, command creation, and exception\nhandling all within a single method.\n\nLet\u0027s extract string parsing and command execution logic into separate\nprivate  methods to improve readability and maintainability.\n","fileTypesAndContributionMap":{"java":{"insertions":20,"deletions":3}}},{"hash":"2d36900a43f85e434a561d1e72e676e518088be1","isMergeCommit":false,"messageTitle":"refactor: Replace magic numbers with constants in TaskValidator","messageBody":"","fileTypesAndContributionMap":{"java":{"insertions":9,"deletions":4}}},{"hash":"27c80913d1386b4743f35bffaf134b0175786bf7","isMergeCommit":false,"messageTitle":"refactor: Replace magic strings with constants in TaskSerializer","messageBody":"","fileTypesAndContributionMap":{"java":{"insertions":19,"deletions":11}}},{"hash":"c929425d7fe0133d087fe318b1dc343e9be3427b","isMergeCommit":false,"messageTitle":"refactor: Add TaskType enum to replace magic strings for task types","messageBody":"Task type codes \"T\", \"D\", \"E\" are hardcoded as string literals across\nmultiple classes, making the code harder to maintain and error-prone.\n\nLet\u0027s replace magic strings with TaskType enum containing TODO, DEADLINE\n, and EVENT values.\n","fileTypesAndContributionMap":{"java":{"insertions":67,"deletions":23}}},{"hash":"a0fd61ec034d894373ba537a5e527d580947fdfb","isMergeCommit":false,"messageTitle":"fix: Enhance task type validation in TaskValidator","messageBody":"","fileTypesAndContributionMap":{"java":{"insertions":8,"deletions":1}}},{"hash":"71a3d4e57081851e05a66eb4b61c4355d3f75b97","isMergeCommit":false,"messageTitle":"feat: Enhance ListCommand to display the number of completed tasks","messageBody":"ListCommand only shows the list of tasks without providing\nany summary information about task completion status. Users have to\nmanually count completed tasks to understand their progress.\n\nLet\u0027s add task completion statistics to the ListCommand output to show\nthe number of completed and total tasks.\n","fileTypesAndContributionMap":{"java":{"insertions":75,"deletions":33},"sh":{"insertions":3,"deletions":1}}},{"hash":"9969b30d44bdac65558f06fdc4944aededea62fc","isMergeCommit":true,"messageTitle":"Merge pull request #1 from jovnc/branch-A-Assertions","messageBody":"Use assertions to document important assumptions","tags":["A-Assertions"],"fileTypesAndContributionMap":{}},{"hash":"ae188c903b1835347b2c51674e78d5ce69dd8d33","isMergeCommit":true,"messageTitle":"Merge pull request #2 from jovnc/branch-A-CodeQuality","messageBody":"Refactor to improve the code quality","tags":["A-CodeQuality"],"fileTypesAndContributionMap":{}},{"hash":"e48026afa209fb58c20e58b7f6085729c6e9be2a","isMergeCommit":true,"messageTitle":"Merge pull request #3 from jovnc/branch-A-Streams","messageBody":"feat: Display number of completed tasks using Streams API","tags":["A-Streams"],"fileTypesAndContributionMap":{}}]},{"date":"2025-08-31T00:00:00","commitResults":[{"hash":"17b5f38bd3d3d27205a1ff5acab7cf57530b6642","isMergeCommit":false,"messageTitle":"refactor: Improve CSV parsing logic and validation in TaskSerializer","messageBody":"TaskSerializer fails to run when parsing CSV with spaces after commas. Validation in TaskSerializer also fails to catch some edge cases, eg. returning empty string instead of throwing an Exception when validating number of fields.\n\nLets,\n* add trim() to deserialize to allow proper parsing of CSV with space after commas\n* add proper error handling logic in validation of fields\n","fileTypesAndContributionMap":{"java":{"insertions":77,"deletions":42}}},{"hash":"a169a6a3e6a341590baa3781939e34c72cdbeb24","isMergeCommit":false,"messageTitle":"refactor: Rename TaskSerializer to StorageUtils","messageBody":"","fileTypesAndContributionMap":{"java":{"insertions":6,"deletions":6}}},{"hash":"9d6e0e717257137cdc255fb41f142a958fe64a19","isMergeCommit":false,"messageTitle":"ui: Enhance GUI with Harry Potter theme and disable button","messageBody":"","fileTypesAndContributionMap":{"fxml":{"insertions":14,"deletions":3},"java":{"insertions":28,"deletions":9},"md":{"insertions":21,"deletions":0}}},{"hash":"7f1ef62ed1e0d3aed3341b796fffb9543a9c12c5","isMergeCommit":false,"messageTitle":"feat: Add HelpCommand to give help to users","messageBody":"Users do not have any documentation to see what commands are available to use in the chatbot.\n\nLet\u0027s,\n* add help command to show all available commands to users\n","tags":["A-FullCommitMessage"],"fileTypesAndContributionMap":{"java":{"insertions":49,"deletions":3}}},{"hash":"c65b24e2fac73d0612259470210db31d85ee9c6f","isMergeCommit":true,"messageTitle":"Merge pull request #5 from jovnc/branch-C-Help","messageBody":"Add HelpCommand to give help to users","fileTypesAndContributionMap":{}}]},{"date":"2025-09-03T00:00:00","commitResults":[{"hash":"602d54577c4f99ae3192a135e99173a8137937d2","isMergeCommit":false,"messageTitle":"feat: Implement Fixed Duration Task command and related classes","messageBody":"","fileTypesAndContributionMap":{"java":{"insertions":189,"deletions":18}}},{"hash":"9c740c3ab7b7388bc401094b32886615280822fa","isMergeCommit":false,"messageTitle":"style: Fix code style in FixedDurationTask and TaskValidator","messageBody":"","fileTypesAndContributionMap":{"java":{"insertions":8,"deletions":5}}},{"hash":"96f6b8f70beced0f8c162fcc893ecc8d6954d9b9","isMergeCommit":true,"messageTitle":"Merge pull request #6 from jovnc/branch-B-FixedDurationTasks","messageBody":"Implement Fixed Duration Task command and related classes","tags":["BCD-Extension"],"fileTypesAndContributionMap":{}}]}]},"authorFileTypeContributionMap":{"jovnc":{"java":2163,"md":22,"fxml":53,"sh":5,"bat":0,"gradle":22,"txt":19}},"authorContributionVariance":{"jovnc":60707.43},"authorDisplayNameMap":{"jovnc":"CS2103T-T13-3 JOVA..NGEN"}}
