{"authorDailyContributionsMap":{"Bleng-flash":[{"date":"2025-08-21T00:00:00","commitResults":[{"hash":"96627d926d217814cdfd4554a6a1c6e7e86ffee1","isMergeCommit":false,"messageTitle":"Rename chatbot to Balloon and Implement greeting + exit","messageBody":"","tags":["Level-0"],"fileTypesAndContributionMap":{"java":{"insertions":20,"deletions":10}}},{"hash":"9a4cf8c461b236f8e29baf3afb7e20eb3ddbaaed","isMergeCommit":false,"messageTitle":"Implement echoing of user input commands","messageBody":"","tags":["Level-1"],"fileTypesAndContributionMap":{"java":{"insertions":23,"deletions":1}}},{"hash":"312cddd19fa3231dcc5b3a7bba39c46ea409e736","isMergeCommit":false,"messageTitle":"Implement the ability to store tasks and list them when requested","messageBody":"","tags":["Level-2"],"fileTypesAndContributionMap":{"java":{"insertions":17,"deletions":1}}}]},{"date":"2025-08-22T00:00:00","commitResults":[{"hash":"a9d5fc44ab419719beacbda34f344b4099ec6194","isMergeCommit":false,"messageTitle":"Implement new class Task","messageBody":"","fileTypesAndContributionMap":{"java":{"insertions":22,"deletions":0}}},{"hash":"c79635e00a8af4fa4ec8a8e7425cc01421ddaa20","isMergeCommit":false,"messageTitle":"Implement mark and unmark completion of tasks","messageBody":"","fileTypesAndContributionMap":{"java":{"insertions":37,"deletions":6}}},{"hash":"b2c91317c851171a877ec15e5adc76a47041acc5","isMergeCommit":false,"messageTitle":"Minor debug to account for invalid task number provided","messageBody":"","tags":["Level-3"],"fileTypesAndContributionMap":{"java":{"insertions":3,"deletions":3}}},{"hash":"2c766d6a83ed244008b16b5b07e47cfea49c85b1","isMergeCommit":false,"messageTitle":"Create 3 child classes of Task: Todo, Deadline and Event","messageBody":"","fileTypesAndContributionMap":{"java":{"insertions":46,"deletions":4}}},{"hash":"0d5ceb97185e9a45133bbf50809f99ac5e672159","isMergeCommit":false,"messageTitle":"Implement todo, deadline, event commands","messageBody":"","tags":["Level-4"],"fileTypesAndContributionMap":{"java":{"insertions":51,"deletions":5}}},{"hash":"9f9b1c032a9a8d2e351388b5a2643dd3fab9a0e7","isMergeCommit":false,"messageTitle":"Test with runtest.sh and standardised print output","messageBody":"Also modified input command to print 1 and only 1 newline\nper command (so the next output starts on a new line).\n","tags":["A-TextUiTesting"],"fileTypesAndContributionMap":{"txt":{"insertions":3,"deletions":0},"java":{"insertions":21,"deletions":15},"bat":{"insertions":1,"deletions":1},"sh":{"insertions":1,"deletions":1}}},{"hash":"9c53c10e5937e451c2f9759ad8aaf4bc39d90c70","isMergeCommit":false,"messageTitle":"List out most error handling print outputs (bruteforce)","messageBody":"","fileTypesAndContributionMap":{"java":{"insertions":37,"deletions":6}}},{"hash":"cd3bdb0788a523a4949f9aaf90a2603a0de8baad","isMergeCommit":false,"messageTitle":"Modify implementation of mark and unmark commands","messageBody":"","fileTypesAndContributionMap":{"java":{"insertions":26,"deletions":9}}},{"hash":"03fd859367aca012d28342799e8491af108b3b6b","isMergeCommit":false,"messageTitle":"Start using exceptions; replace bruteforce print.","messageBody":"Base class BalloonException which should handle all\nExceptions generated except parsing string to int.\n\nImplement first 2 specific exceptions for NoCommand\nand UnknownCommand.\n","fileTypesAndContributionMap":{"java":{"insertions":104,"deletions":72}}},{"hash":"9352890296162ec9063c0d0c4b336ace39a94c20","isMergeCommit":false,"messageTitle":"Add MissingInformationException.","messageBody":"Slight modification to implementation of event cmd.\n","tags":["Level-5"],"fileTypesAndContributionMap":{"java":{"insertions":97,"deletions":50}}},{"hash":"a3a813e4b3792da04dffb883804071d1d3e8c193","isMergeCommit":false,"messageTitle":"Implement delete command","messageBody":"","tags":["Level-6"],"fileTypesAndContributionMap":{"java":{"insertions":33,"deletions":2}}},{"hash":"83c79afe11a8ef6e1f7970042f1ae16c16efaeba","isMergeCommit":false,"messageTitle":"Just assigning a tag to A-Enums as I used enums way earlier","messageBody":"","tags":["A-Enums"],"fileTypesAndContributionMap":{"java":{"insertions":0,"deletions":10}}}]},{"date":"2025-08-28T00:00:00","commitResults":[{"hash":"094f72cdf942913e3a779ccdbe0f7a2c976114d2","isMergeCommit":false,"messageTitle":"Implement Storage class used to save the task list.","messageBody":"Made Task class abstract.\n","fileTypesAndContributionMap":{"java":{"insertions":129,"deletions":6}}}]},{"date":"2025-08-30T00:00:00","commitResults":[{"hash":"76b9d45fdc24ca11b245d8f27c11374b847cabdb","isMergeCommit":false,"messageTitle":"Implement autosave and loading of tasks","messageBody":"","fileTypesAndContributionMap":{"txt":{"insertions":3,"deletions":0},"java":{"insertions":15,"deletions":18}}},{"hash":"373688dc9f5805e9cce756950c498bfd00d8d9a6","isMergeCommit":true,"messageTitle":"Merge branch \u0027branch-Level-7\u0027","messageBody":"","tags":["Level-7"],"fileTypesAndContributionMap":{}},{"hash":"4ed95087c77bb7a37da8c4fce885cc1cb276a6d8","isMergeCommit":false,"messageTitle":"Establish package hierarchy","messageBody":"","fileTypesAndContributionMap":{"txt":{"insertions":3,"deletions":2},"java":{"insertions":37,"deletions":0}}},{"hash":"866c0bd2dae26f8197a3d7be68bd7161933150d0","isMergeCommit":false,"messageTitle":"Implement parsing and display of dates","messageBody":"Let\u0027s implement a class StringDateTime to abstract out\na string that can take one of 3 forms:\n1. raw string\n2. date\n3. date and time\n","fileTypesAndContributionMap":{"txt":{"insertions":4,"deletions":4},"java":{"insertions":96,"deletions":19}}},{"hash":"ef448ed6bfb67964eaaaff0528215fd68d264ae1","isMergeCommit":true,"messageTitle":"Merge branch \u0027branch-Level-8\u0027","messageBody":"","tags":["Level-8"],"fileTypesAndContributionMap":{}}]},{"date":"2025-08-31T00:00:00","commitResults":[{"hash":"75b33cac2dd34a6718aeeaf63ece670ff8e7d98d","isMergeCommit":false,"messageTitle":"Abstract out logic with Ui and TaskList classes","messageBody":"Let\u0027s abstract out the logic for the run() method\nin the Balloon class.\n\nLet\u0027s introduce new Exception types\n* StringConversionException\n* TaskNumberException\n","fileTypesAndContributionMap":{"txt":{"insertions":3,"deletions":2},"java":{"insertions":222,"deletions":89}}},{"hash":"24de07d8d7964793d6c37779f4062b4a74da58d4","isMergeCommit":false,"messageTitle":"Implement Parser to parse user input","messageBody":"Let\u0027s:\nAbstract out Commands with the method execute.\n","fileTypesAndContributionMap":{"txt":{"insertions":3,"deletions":5},"java":{"insertions":352,"deletions":204}}},{"hash":"e7afa05cbe6f0206758e7dfa04026e5f72c3be98","isMergeCommit":true,"messageTitle":"Merge branch \u0027branch-MoreOOP\u0027","messageBody":"","tags":["A-Packages","A-MoreOOP"],"fileTypesAndContributionMap":{}},{"hash":"87c67d2c19a2bde8df4dcde7f62d6dcbeb7cc235","isMergeCommit":true,"messageTitle":"Merge remote-tracking branch \u0027origin/add-gradle-support\u0027","messageBody":"","tags":["A-Gradle"],"fileTypesAndContributionMap":{}},{"hash":"082a76c8b19e6004815262e14d132d8ebf66bb70","isMergeCommit":false,"messageTitle":"Add test cases for TaskList","messageBody":"","fileTypesAndContributionMap":{"java":{"insertions":36,"deletions":0}}},{"hash":"7b4b6b58a1220b32ef306f4ff0a17f02fb13ecbc","isMergeCommit":false,"messageTitle":"Override equals method in Todo, Deadline, Event","messageBody":"","fileTypesAndContributionMap":{"java":{"insertions":68,"deletions":3}}},{"hash":"b6d0be61464421b2a80f17d9f4446a61b444e9ed","isMergeCommit":false,"messageTitle":"Add test cases for Storage","messageBody":"","fileTypesAndContributionMap":{"java":{"insertions":12,"deletions":0}}},{"hash":"f758f7834425b9d6010778c334ff54c732cde8a9","isMergeCommit":true,"messageTitle":"Merge branch \u0027branch-JUnit\u0027","messageBody":"","tags":["A-JUnit"],"fileTypesAndContributionMap":{}},{"hash":"63d6e87581ee70305e2e1f4ac0c8c8afac5751be","isMergeCommit":false,"messageTitle":"Set up build.gradle","messageBody":"","fileTypesAndContributionMap":{"gradle":{"insertions":2,"deletions":2},"txt":{"insertions":4,"deletions":3}}},{"hash":"30bd140c9370645ac0e724921eee68d47b9fa8a4","isMergeCommit":true,"messageTitle":"Merge branch \u0027branch-Jar\u0027","messageBody":"","tags":["A-Jar"],"fileTypesAndContributionMap":{}}]},{"date":"2025-09-02T00:00:00","commitResults":[{"hash":"fbe50af7102dc8daecd8cf5913d89957097e2f3b","isMergeCommit":false,"messageTitle":"Add Doc comments","messageBody":"Let\u0027s add Doc comments for the following:\n* Balloon\n* Storage\n* StringDateTime\n* Command\n","fileTypesAndContributionMap":{"txt":{"insertions":4,"deletions":4},"java":{"insertions":61,"deletions":6}}},{"hash":"cfd99c6ae0f3a02e79ffd5b17ab83c8eaaff1c8d","isMergeCommit":false,"messageTitle":"Add JavaDoc comment","messageBody":"Let\u0027s add Doc comments to the following:\n- TaskList\n- Ui\n- Command\n- Task\n","fileTypesAndContributionMap":{"java":{"insertions":54,"deletions":11}}},{"hash":"c660ad24d2949acae8c70e717b3533c7054f7fb0","isMergeCommit":false,"messageTitle":"Follow Java coding standards","messageBody":"","fileTypesAndContributionMap":{"java":{"insertions":0,"deletions":1}}},{"hash":"b5f8305e5c8bc28ebfa07e8e515e2481989ed8d2","isMergeCommit":false,"messageTitle":"Implement find command","messageBody":"","fileTypesAndContributionMap":{"txt":{"insertions":5,"deletions":4},"java":{"insertions":74,"deletions":3}}},{"hash":"8bbcb069c740cac078efa756a6cf3ae6e0d312a8","isMergeCommit":true,"messageTitle":"Merge branch \u0027branch-A-CodingStandard\u0027","messageBody":"","tags":["A-CodingStandard"],"fileTypesAndContributionMap":{}},{"hash":"71ab76005e3b81fdd2f34b511c5d2e2b2a160ebd","isMergeCommit":true,"messageTitle":"Merge branch \u0027branch-A-JavaDoc\u0027","messageBody":"","tags":["A-JavaDoc"],"fileTypesAndContributionMap":{}},{"hash":"bc9dbddedb44ad2aecf061b70584c6e5566b794a","isMergeCommit":true,"messageTitle":"Merge branch \u0027Level-9\u0027","messageBody":"","tags":["Level-9"],"fileTypesAndContributionMap":{}}]}]},"authorFileTypeContributionMap":{"Bleng-flash":{"java":1149,"md":0,"fxml":0,"sh":1,"bat":1,"gradle":2,"txt":8}},"authorContributionVariance":{"Bleng-flash":52830.1},"authorDisplayNameMap":{"Bleng-flash":"CS2103T-T12-1 LENG..RYAN"}}
