{"authorDailyContributionsMap":{"nob-s":[{"date":"2025-08-21T00:00:00","commitResults":[{"hash":"71c5577d68665fc67c1b3e618c6370c09b20ddc8","isMergeCommit":false,"messageTitle":"Update LittleBabyMan.java","messageBody":"","tags":["Level-0"],"fileTypesAndContributionMap":{"java":{"insertions":13,"deletions":10}}}]}]},"authorFileTypeContributionMap":{"nob-s":{"java":13,"md":0,"fxml":0,"sh":0,"bat":0,"gradle":0,"txt":0}},"authorContributionVariance":{"nob-s":35.08674},"authorDisplayNameMap":{"nob-s":"LEE ..QING"}}
