[{"path":"src/main/java/BurgerBurglar.java","fileType":"java","lines":[{"lineNumber":1,"author":{"gitId":"landonzhao"},"content":"import java.util.Scanner;","lastModifiedDate":"2025-08-20T16:26:52","isFullCredit":false},{"lineNumber":2,"author":{"gitId":"landonzhao"},"content":"","lastModifiedDate":"2025-08-20T16:26:52","isFullCredit":false},{"lineNumber":3,"author":{"gitId":"landonzhao"},"content":"public class BurgerBurglar {","lastModifiedDate":"2025-08-20T16:05:23","isFullCredit":false},{"lineNumber":4,"author":{"gitId":"landonzhao"},"content":"    private static TaskList list \u003d new TaskList();","lastModifiedDate":"2025-08-24T16:03:45","isFullCredit":false},{"lineNumber":5,"author":{"gitId":"landonzhao"},"content":"    private static String logo \u003d","lastModifiedDate":"2025-08-20T16:16:41","isFullCredit":false},{"lineNumber":6,"author":{"gitId":"landonzhao"},"content":"                    \"                           ................\\n\" +","lastModifiedDate":"2025-08-20T16:05:23","isFullCredit":false},{"lineNumber":7,"author":{"gitId":"landonzhao"},"content":"                    \"                    ...:::::--:::::::::::::::::...\\n\" +","lastModifiedDate":"2025-08-20T16:05:23","isFullCredit":false},{"lineNumber":8,"author":{"gitId":"landonzhao"},"content":"                    \"                ...::----::------::.:--------::--::...\\n\" +","lastModifiedDate":"2025-08-20T16:05:23","isFullCredit":false},{"lineNumber":9,"author":{"gitId":"landonzhao"},"content":"                    \"              ..:--------:-------------------::------:..\\n\" +","lastModifiedDate":"2025-08-20T16:05:23","isFullCredit":false},{"lineNumber":10,"author":{"gitId":"landonzhao"},"content":"                    \"            ..:---------------:::----------------------:..\\n\" +","lastModifiedDate":"2025-08-20T16:05:23","isFullCredit":false},{"lineNumber":11,"author":{"gitId":"landonzhao"},"content":"                    \"           ..------:::-----------------::--------:.:--\u003d\u003d\u003d:..\\n\" +","lastModifiedDate":"2025-08-20T16:05:23","isFullCredit":false},{"lineNumber":12,"author":{"gitId":"landonzhao"},"content":"                    \"           .-----------------------------------------\u003d\u003d\u003d\u003d\u003d:.\\n\" +","lastModifiedDate":"2025-08-20T16:05:23","isFullCredit":false},{"lineNumber":13,"author":{"gitId":"landonzhao"},"content":"                    \"         ..----------------------------------------\u003d\u003d\u003d\u003d\u003d\u003d\u003d\u003d..\\n\" +","lastModifiedDate":"2025-08-20T16:05:23","isFullCredit":false},{"lineNumber":14,"author":{"gitId":"landonzhao"},"content":"                    \"         .:-------------------------------------\u003d\u003d\u003d\u003d\u003d\u003d\u003d\u003d\u003d\u003d\u003d-.\\n\" +","lastModifiedDate":"2025-08-20T16:05:23","isFullCredit":false},{"lineNumber":15,"author":{"gitId":"landonzhao"},"content":"                    \"         .--------------------------------\u003d\u003d\u003d\u003d\u003d\u003d\u003d\u003d\u003d\u003d\u003d\u003d\u003d\u003d\u003d\u003d\u003d\u003d.\\n\" +","lastModifiedDate":"2025-08-20T16:05:23","isFullCredit":false},{"lineNumber":16,"author":{"gitId":"landonzhao"},"content":"                    \"         .\u003d\u003d\u003d\u003d\u003d\u003d--:---.:-:-----\u003d\u003d\u003d\u003d-\u003d\u003d\u003d::\u003d:\u003d\u003d\u003d\u003d\u003d+-:\u003d-\u003d-\u003d\u003d\u003d\u003d\u003d.\\n\" +","lastModifiedDate":"2025-08-20T16:05:23","isFullCredit":false},{"lineNumber":17,"author":{"gitId":"landonzhao"},"content":"                    \"         ..\u003d++++\u003d-:\u003d:-\u003d--:::-\u003d\u003d\u003d\u003d--:-:--:\u003d:-:--:-\u003d\u003d--\u003d-+++\u003d..\\n\" +","lastModifiedDate":"2025-08-20T16:05:23","isFullCredit":false},{"lineNumber":18,"author":{"gitId":"landonzhao"},"content":"                    \"           ..:*##########%%%%%%%%%%%@@@@@%%%%%%%%%%%%%%*:..\\n\" +","lastModifiedDate":"2025-08-20T16:05:23","isFullCredit":false},{"lineNumber":19,"author":{"gitId":"landonzhao"},"content":"                    \"         ..:------------------\u003d\u003d\u003d-:-\u003d::-\u003d\u003d\u003d\u003d\u003d\u003d\u003d\u003d\u003d\u003d\u003d\u003d\u003d\u003d\u003d\u003d\u003d\u003d:....\\n\" +","lastModifiedDate":"2025-08-20T16:05:23","isFullCredit":false},{"lineNumber":20,"author":{"gitId":"landonzhao"},"content":"                    \"         .-#%@@@@@@@%#+-----::::::::::::---\u003d\u003d\u003d\u003d+#%@@@@@@@%#-.\\n\" +","lastModifiedDate":"2025-08-20T16:05:23","isFullCredit":false},{"lineNumber":21,"author":{"gitId":"landonzhao"},"content":"                    \"         .*#########%%@@@@@@%#\u003d---:::--\u003d#%@@@@@@%%####%%%##*.\\n\" +","lastModifiedDate":"2025-08-20T16:05:23","isFullCredit":false},{"lineNumber":22,"author":{"gitId":"landonzhao"},"content":"                    \"         .-#%%#################%%%%%%%%####%%%#############-.\\n\" +","lastModifiedDate":"2025-08-20T16:05:23","isFullCredit":false},{"lineNumber":23,"author":{"gitId":"landonzhao"},"content":"                    \"       ....\u003d******###################################*****\u003d...\\n\" +","lastModifiedDate":"2025-08-20T16:05:23","isFullCredit":false},{"lineNumber":24,"author":{"gitId":"landonzhao"},"content":"                    \"       ..-\u003d\u003d\u003d\u003d\u003d\u003d\u003d\u003d\u003d\u003d\u003d\u003d\u003d\u003d\u003d\u003d\u003d\u003d\u003d\u003d\u003d\u003d\u003d\u003d\u003d\u003d\u003d\u003d\u003d\u003d\u003d\u003d\u003d\u003d\u003d\u003d\u003d\u003d\u003d\u003d\u003d\u003d\u003d\u003d\u003d\u003d\u003d\u003d\u003d\u003d-..\\n\" +","lastModifiedDate":"2025-08-20T16:05:23","isFullCredit":false},{"lineNumber":25,"author":{"gitId":"landonzhao"},"content":"                    \"       .....\u003d\u003d\u003d\u003d\u003d\u003d\u003d\u003d\u003d\u003d\u003d\u003d\u003d\u003d\u003d\u003d\u003d\u003d\u003d\u003d\u003d\u003d\u003d\u003d\u003d\u003d\u003d\u003d\u003d\u003d\u003d\u003d\u003d\u003d\u003d\u003d\u003d\u003d\u003d\u003d\u003d\u003d\u003d\u003d\u003d\u003d.....\\n\" +","lastModifiedDate":"2025-08-20T16:05:23","isFullCredit":false},{"lineNumber":26,"author":{"gitId":"landonzhao"},"content":"                    \"           .:-----------\u003d\u003d\u003d\u003d\u003d\u003d\u003d\u003d\u003d\u003d\u003d--------\u003d\u003d\u003d\u003d\u003d\u003d\u003d\u003d\u003d\u003d\u003d\u003d\u003d\u003d-..\\n\" +","lastModifiedDate":"2025-08-20T16:05:23","isFullCredit":false},{"lineNumber":27,"author":{"gitId":"landonzhao"},"content":"                    \"           ..:--\u003d\u003d\u003d\u003d\u003d\u003d\u003d\u003d\u003d\u003d\u003d\u003d\u003d\u003d\u003d\u003d\u003d\u003d\u003d\u003d\u003d\u003d\u003d\u003d\u003d\u003d\u003d\u003d\u003d\u003d\u003d\u003d\u003d+++++\u003d\u003d:...\\n\" +","lastModifiedDate":"2025-08-20T16:05:23","isFullCredit":false},{"lineNumber":28,"author":{"gitId":"landonzhao"},"content":"                    \"            ......:::::::::::::::::::::::::::::::::::....\\n\" +","lastModifiedDate":"2025-08-20T16:05:23","isFullCredit":false},{"lineNumber":29,"author":{"gitId":"landonzhao"},"content":"                    \"\\n\" +","lastModifiedDate":"2025-08-20T16:05:23","isFullCredit":false},{"lineNumber":30,"author":{"gitId":"landonzhao"},"content":"                    \"----------------------------------------------------------------------\\n\";","lastModifiedDate":"2025-08-20T16:05:23","isFullCredit":false},{"lineNumber":31,"author":{"gitId":"landonzhao"},"content":"","lastModifiedDate":"2025-08-20T16:16:41","isFullCredit":false},{"lineNumber":32,"author":{"gitId":"landonzhao"},"content":"    private static String lineBreak \u003d \"______________________________________________________________________\\n\";","lastModifiedDate":"2025-08-20T16:16:41","isFullCredit":false},{"lineNumber":33,"author":{"gitId":"landonzhao"},"content":"","lastModifiedDate":"2025-08-24T16:03:45","isFullCredit":false},{"lineNumber":34,"author":{"gitId":"landonzhao"},"content":"    public static void main(String[] args) {","lastModifiedDate":"2025-08-20T16:16:41","isFullCredit":false},{"lineNumber":35,"author":{"gitId":"landonzhao"},"content":"        greet();","lastModifiedDate":"2025-08-20T16:16:41","isFullCredit":false},{"lineNumber":36,"author":{"gitId":"landonzhao"},"content":"        Scanner scanner \u003d new Scanner(System.in);","lastModifiedDate":"2025-08-20T16:26:52","isFullCredit":false},{"lineNumber":37,"author":{"gitId":"landonzhao"},"content":"        String input;","lastModifiedDate":"2025-08-20T16:26:52","isFullCredit":false},{"lineNumber":38,"author":{"gitId":"landonzhao"},"content":"","lastModifiedDate":"2025-08-20T16:26:52","isFullCredit":false},{"lineNumber":39,"author":{"gitId":"landonzhao"},"content":"        while (true) {","lastModifiedDate":"2025-08-20T16:26:52","isFullCredit":false},{"lineNumber":40,"author":{"gitId":"landonzhao"},"content":"            input \u003d scanner.nextLine();","lastModifiedDate":"2025-08-20T16:26:52","isFullCredit":false},{"lineNumber":41,"author":{"gitId":"landonzhao"},"content":"            if (input.equalsIgnoreCase(\"bye\")) {","lastModifiedDate":"2025-08-20T16:26:52","isFullCredit":false},{"lineNumber":42,"author":{"gitId":"landonzhao"},"content":"                exit();","lastModifiedDate":"2025-08-20T16:16:41","isFullCredit":false},{"lineNumber":43,"author":{"gitId":"landonzhao"},"content":"                break;","lastModifiedDate":"2025-08-20T16:26:52","isFullCredit":false},{"lineNumber":44,"author":{"gitId":"landonzhao"},"content":"            } else if (input.equalsIgnoreCase(\"list\")) {","lastModifiedDate":"2025-08-20T16:41:10","isFullCredit":false},{"lineNumber":45,"author":{"gitId":"landonzhao"},"content":"                showList();","lastModifiedDate":"2025-08-20T16:41:10","isFullCredit":false},{"lineNumber":46,"author":{"gitId":"landonzhao"},"content":"            } else if (input.startsWith(\"mark\")) {","lastModifiedDate":"2025-08-20T18:54:30","isFullCredit":false},{"lineNumber":47,"author":{"gitId":"landonzhao"},"content":"                mark(input, true);","lastModifiedDate":"2025-08-20T18:54:30","isFullCredit":false},{"lineNumber":48,"author":{"gitId":"landonzhao"},"content":"            } else if (input.startsWith(\"unmark\")) {","lastModifiedDate":"2025-08-20T18:54:30","isFullCredit":false},{"lineNumber":49,"author":{"gitId":"landonzhao"},"content":"                mark(input, false);","lastModifiedDate":"2025-08-20T18:54:30","isFullCredit":false},{"lineNumber":50,"author":{"gitId":"landonzhao"},"content":"            } else if (input.startsWith(\"delete\")) {","lastModifiedDate":"2025-08-24T16:03:45","isFullCredit":false},{"lineNumber":51,"author":{"gitId":"landonzhao"},"content":"                String[] parts \u003d input.split(\" \", 2);","lastModifiedDate":"2025-08-24T16:03:45","isFullCredit":false},{"lineNumber":52,"author":{"gitId":"landonzhao"},"content":"                if (parts.length \u003c 2) {","lastModifiedDate":"2025-08-24T16:03:45","isFullCredit":false},{"lineNumber":53,"author":{"gitId":"landonzhao"},"content":"                    System.out.println(\"BURGER ERROR: WHAT DO YOU WANT TO DELETE?\");","lastModifiedDate":"2025-08-24T16:03:45","isFullCredit":false},{"lineNumber":54,"author":{"gitId":"landonzhao"},"content":"                } else {","lastModifiedDate":"2025-08-24T16:03:45","isFullCredit":false},{"lineNumber":55,"author":{"gitId":"landonzhao"},"content":"                    try {","lastModifiedDate":"2025-08-24T16:03:45","isFullCredit":false},{"lineNumber":56,"author":{"gitId":"landonzhao"},"content":"                        int taskNumber \u003d Integer.parseInt(parts[1].trim());","lastModifiedDate":"2025-08-24T16:03:45","isFullCredit":false},{"lineNumber":57,"author":{"gitId":"landonzhao"},"content":"                        Task removed \u003d list.deleteTask(taskNumber - 1);","lastModifiedDate":"2025-08-24T16:03:45","isFullCredit":false},{"lineNumber":58,"author":{"gitId":"landonzhao"},"content":"                    } catch (NumberFormatException e) {","lastModifiedDate":"2025-08-24T16:03:45","isFullCredit":false},{"lineNumber":59,"author":{"gitId":"landonzhao"},"content":"                        System.out.println(\"BURGER ERROR: HEY. THAT\u0027S NOT A NUMBER.\");","lastModifiedDate":"2025-08-24T16:03:45","isFullCredit":false},{"lineNumber":60,"author":{"gitId":"landonzhao"},"content":"                    }","lastModifiedDate":"2025-08-24T16:03:45","isFullCredit":false},{"lineNumber":61,"author":{"gitId":"landonzhao"},"content":"                }","lastModifiedDate":"2025-08-24T16:03:45","isFullCredit":false},{"lineNumber":62,"author":{"gitId":"landonzhao"},"content":"            } else if (input.startsWith(\"todo\")) {","lastModifiedDate":"2025-08-20T18:54:30","isFullCredit":false},{"lineNumber":63,"author":{"gitId":"landonzhao"},"content":"                addTodo(input.substring(5)); // skip \"todo \"","lastModifiedDate":"2025-08-20T18:54:30","isFullCredit":false},{"lineNumber":64,"author":{"gitId":"landonzhao"},"content":"            } else if (input.startsWith(\"deadline\")) {","lastModifiedDate":"2025-08-20T18:54:30","isFullCredit":false},{"lineNumber":65,"author":{"gitId":"landonzhao"},"content":"                handleDeadline(input.substring(9)); // skip \"deadline \"","lastModifiedDate":"2025-08-20T18:54:30","isFullCredit":false},{"lineNumber":66,"author":{"gitId":"landonzhao"},"content":"            } else if (input.startsWith(\"event\")) {","lastModifiedDate":"2025-08-20T18:54:30","isFullCredit":false},{"lineNumber":67,"author":{"gitId":"landonzhao"},"content":"                handleEvent(input.substring(6)); // skip \"event \"","lastModifiedDate":"2025-08-20T18:54:30","isFullCredit":false},{"lineNumber":68,"author":{"gitId":"landonzhao"},"content":"            } else {","lastModifiedDate":"2025-08-20T16:26:52","isFullCredit":false},{"lineNumber":69,"author":{"gitId":"landonzhao"},"content":"                System.out.println(\"BURGER DON\u0027T GET IT.\");","lastModifiedDate":"2025-08-24T16:07:59","isFullCredit":false},{"lineNumber":70,"author":{"gitId":"landonzhao"},"content":"            }","lastModifiedDate":"2025-08-20T16:26:52","isFullCredit":false},{"lineNumber":71,"author":{"gitId":"landonzhao"},"content":"        }","lastModifiedDate":"2025-08-20T16:26:52","isFullCredit":false},{"lineNumber":72,"author":{"gitId":"landonzhao"},"content":"","lastModifiedDate":"2025-08-20T16:26:52","isFullCredit":false},{"lineNumber":73,"author":{"gitId":"landonzhao"},"content":"        scanner.close();","lastModifiedDate":"2025-08-20T16:26:52","isFullCredit":false},{"lineNumber":74,"author":{"gitId":"landonzhao"},"content":"    }","lastModifiedDate":"2025-08-20T16:16:41","isFullCredit":false},{"lineNumber":75,"author":{"gitId":"landonzhao"},"content":"","lastModifiedDate":"2025-08-20T16:16:41","isFullCredit":false},{"lineNumber":76,"author":{"gitId":"landonzhao"},"content":"    private static void greet() {","lastModifiedDate":"2025-08-20T16:16:41","isFullCredit":false},{"lineNumber":77,"author":{"gitId":"landonzhao"},"content":"        System.out.println(logo + \"INITIATING BURGERBURGLAR v0.0\\n\" +","lastModifiedDate":"2025-08-20T16:05:23","isFullCredit":false},{"lineNumber":78,"author":{"gitId":"landonzhao"},"content":"                \"------------------------------------------------------------------100%\\n\");","lastModifiedDate":"2025-08-20T16:05:23","isFullCredit":false},{"lineNumber":79,"author":{"gitId":"landonzhao"},"content":"        System.out.println(\"BURGER SAYS HI.\\nWHAT CAN BURGER STEAL FOR YOU?\");","lastModifiedDate":"2025-08-24T16:03:45","isFullCredit":false},{"lineNumber":80,"author":{"gitId":"landonzhao"},"content":"        System.out.println(lineBreak);","lastModifiedDate":"2025-08-20T16:16:41","isFullCredit":false},{"lineNumber":81,"author":{"gitId":"landonzhao"},"content":"    }","lastModifiedDate":"2025-08-20T16:16:41","isFullCredit":false},{"lineNumber":82,"author":{"gitId":"landonzhao"},"content":"","lastModifiedDate":"2025-08-20T16:16:41","isFullCredit":false},{"lineNumber":83,"author":{"gitId":"landonzhao"},"content":"    private static void exit() {","lastModifiedDate":"2025-08-20T16:16:41","isFullCredit":false},{"lineNumber":84,"author":{"gitId":"landonzhao"},"content":"        System.out.print(lineBreak);","lastModifiedDate":"2025-08-20T16:26:52","isFullCredit":false},{"lineNumber":85,"author":{"gitId":"landonzhao"},"content":"        System.out.println(\"GOODBYE, GOODBURGER.\");","lastModifiedDate":"2025-08-20T16:16:41","isFullCredit":false},{"lineNumber":86,"author":{"gitId":"landonzhao"},"content":"        System.out.println(lineBreak);","lastModifiedDate":"2025-08-20T16:16:41","isFullCredit":false},{"lineNumber":87,"author":{"gitId":"landonzhao"},"content":"        System.out.println(\"EXITING BURGERBURGLAR v0.0\");","lastModifiedDate":"2025-08-20T16:41:10","isFullCredit":false},{"lineNumber":88,"author":{"gitId":"landonzhao"},"content":"    }","lastModifiedDate":"2025-08-20T16:41:10","isFullCredit":false},{"lineNumber":89,"author":{"gitId":"landonzhao"},"content":"","lastModifiedDate":"2025-08-20T16:41:10","isFullCredit":false},{"lineNumber":90,"author":{"gitId":"landonzhao"},"content":"    private static void addTodo(String desc) {","lastModifiedDate":"2025-08-20T18:54:30","isFullCredit":false},{"lineNumber":91,"author":{"gitId":"landonzhao"},"content":"        Task t \u003d new Todo(desc);","lastModifiedDate":"2025-08-20T18:54:30","isFullCredit":false},{"lineNumber":92,"author":{"gitId":"landonzhao"},"content":"        list.addTask(t);","lastModifiedDate":"2025-08-24T16:03:45","isFullCredit":false},{"lineNumber":93,"author":{"gitId":"landonzhao"},"content":"    }","lastModifiedDate":"2025-08-20T18:54:30","isFullCredit":false},{"lineNumber":94,"author":{"gitId":"landonzhao"},"content":"","lastModifiedDate":"2025-08-20T18:54:30","isFullCredit":false},{"lineNumber":95,"author":{"gitId":"landonzhao"},"content":"    private static void handleDeadline(String input) {","lastModifiedDate":"2025-08-20T18:54:30","isFullCredit":false},{"lineNumber":96,"author":{"gitId":"landonzhao"},"content":"        String[] parts \u003d input.split(\"/by\", 2);","lastModifiedDate":"2025-08-20T18:54:30","isFullCredit":false},{"lineNumber":97,"author":{"gitId":"landonzhao"},"content":"        Task t \u003d new Deadline(parts[0].trim(), parts.length \u003e 1 ? parts[1].trim() : \"unspecified\");","lastModifiedDate":"2025-08-20T18:54:30","isFullCredit":false},{"lineNumber":98,"author":{"gitId":"landonzhao"},"content":"        list.addTask(t);","lastModifiedDate":"2025-08-24T16:03:45","isFullCredit":false},{"lineNumber":99,"author":{"gitId":"landonzhao"},"content":"    }","lastModifiedDate":"2025-08-20T18:54:30","isFullCredit":false},{"lineNumber":100,"author":{"gitId":"landonzhao"},"content":"","lastModifiedDate":"2025-08-20T18:54:30","isFullCredit":false},{"lineNumber":101,"author":{"gitId":"landonzhao"},"content":"    private static void handleEvent(String input) {","lastModifiedDate":"2025-08-20T18:54:30","isFullCredit":false},{"lineNumber":102,"author":{"gitId":"landonzhao"},"content":"        String[] partsFrom \u003d input.split(\"/from\", 2);","lastModifiedDate":"2025-08-20T18:54:30","isFullCredit":false},{"lineNumber":103,"author":{"gitId":"landonzhao"},"content":"        String description \u003d partsFrom[0].trim();","lastModifiedDate":"2025-08-20T18:54:30","isFullCredit":false},{"lineNumber":104,"author":{"gitId":"landonzhao"},"content":"        String from \u003d \"\", to \u003d \"\";","lastModifiedDate":"2025-08-20T18:54:30","isFullCredit":false},{"lineNumber":105,"author":{"gitId":"landonzhao"},"content":"        if (partsFrom.length \u003e 1) {","lastModifiedDate":"2025-08-20T18:54:30","isFullCredit":false},{"lineNumber":106,"author":{"gitId":"landonzhao"},"content":"            String[] partsTo \u003d partsFrom[1].split(\"/to\", 2);","lastModifiedDate":"2025-08-20T18:54:30","isFullCredit":false},{"lineNumber":107,"author":{"gitId":"landonzhao"},"content":"            from \u003d partsTo[0].trim();","lastModifiedDate":"2025-08-20T18:54:30","isFullCredit":false},{"lineNumber":108,"author":{"gitId":"landonzhao"},"content":"            if (partsTo.length \u003e 1) {","lastModifiedDate":"2025-08-20T18:54:30","isFullCredit":false},{"lineNumber":109,"author":{"gitId":"landonzhao"},"content":"                to \u003d partsTo[1].trim();","lastModifiedDate":"2025-08-20T18:54:30","isFullCredit":false},{"lineNumber":110,"author":{"gitId":"landonzhao"},"content":"            }","lastModifiedDate":"2025-08-20T18:54:30","isFullCredit":false},{"lineNumber":111,"author":{"gitId":"landonzhao"},"content":"        }","lastModifiedDate":"2025-08-20T18:54:30","isFullCredit":false},{"lineNumber":112,"author":{"gitId":"landonzhao"},"content":"        Task t \u003d new Event(description, from, to);","lastModifiedDate":"2025-08-20T18:54:30","isFullCredit":false},{"lineNumber":113,"author":{"gitId":"landonzhao"},"content":"        list.addTask(t);","lastModifiedDate":"2025-08-24T16:03:45","isFullCredit":false},{"lineNumber":114,"author":{"gitId":"landonzhao"},"content":"    }","lastModifiedDate":"2025-08-20T18:54:30","isFullCredit":false},{"lineNumber":115,"author":{"gitId":"landonzhao"},"content":"","lastModifiedDate":"2025-08-20T18:54:30","isFullCredit":false},{"lineNumber":116,"author":{"gitId":"landonzhao"},"content":"    private static void mark(String input, boolean done) {","lastModifiedDate":"2025-08-20T18:54:30","isFullCredit":false},{"lineNumber":117,"author":{"gitId":"landonzhao"},"content":"        try {","lastModifiedDate":"2025-08-20T18:54:30","isFullCredit":false},{"lineNumber":118,"author":{"gitId":"landonzhao"},"content":"            String[] parts \u003d input.split(\" \");","lastModifiedDate":"2025-08-20T18:54:30","isFullCredit":false},{"lineNumber":119,"author":{"gitId":"landonzhao"},"content":"            int index \u003d Integer.parseInt(parts[1]) - 1; // convert to 0-based","lastModifiedDate":"2025-08-20T18:54:30","isFullCredit":false},{"lineNumber":120,"author":{"gitId":"landonzhao"},"content":"            Task task \u003d list.markTask(index, done);","lastModifiedDate":"2025-08-24T16:03:45","isFullCredit":false},{"lineNumber":121,"author":{"gitId":"landonzhao"},"content":"            System.out.print(lineBreak);","lastModifiedDate":"2025-08-20T16:41:10","isFullCredit":false},{"lineNumber":122,"author":{"gitId":"landonzhao"},"content":"            if (done) {","lastModifiedDate":"2025-08-20T18:54:30","isFullCredit":false},{"lineNumber":123,"author":{"gitId":"landonzhao"},"content":"                System.out.println(\"YOU DID IT! BURGER!\\nMARKED:  \" + task);","lastModifiedDate":"2025-08-20T18:54:30","isFullCredit":false},{"lineNumber":124,"author":{"gitId":"landonzhao"},"content":"            } else {","lastModifiedDate":"2025-08-20T18:54:30","isFullCredit":false},{"lineNumber":125,"author":{"gitId":"landonzhao"},"content":"                System.out.println(\"BURGER IS ASHAMED OF YOU.\\nUNMARKED:  \" + task);","lastModifiedDate":"2025-08-20T18:54:30","isFullCredit":false},{"lineNumber":126,"author":{"gitId":"landonzhao"},"content":"            }","lastModifiedDate":"2025-08-20T18:54:30","isFullCredit":false},{"lineNumber":127,"author":{"gitId":"landonzhao"},"content":"            System.out.println(lineBreak);","lastModifiedDate":"2025-08-20T16:41:10","isFullCredit":false},{"lineNumber":128,"author":{"gitId":"landonzhao"},"content":"        } catch (Exception e) {","lastModifiedDate":"2025-08-20T18:54:30","isFullCredit":false},{"lineNumber":129,"author":{"gitId":"landonzhao"},"content":"            System.out.println(\"INVALID INPUT. Usage: mark \u003cnumber\u003e or unmark \u003cnumber\u003e\");","lastModifiedDate":"2025-08-20T18:54:30","isFullCredit":false},{"lineNumber":130,"author":{"gitId":"landonzhao"},"content":"        }","lastModifiedDate":"2025-08-20T18:54:30","isFullCredit":false},{"lineNumber":131,"author":{"gitId":"landonzhao"},"content":"    }","lastModifiedDate":"2025-08-20T16:41:10","isFullCredit":false},{"lineNumber":132,"author":{"gitId":"landonzhao"},"content":"","lastModifiedDate":"2025-08-20T16:41:10","isFullCredit":false},{"lineNumber":133,"author":{"gitId":"landonzhao"},"content":"    private static void showList() {","lastModifiedDate":"2025-08-20T16:41:10","isFullCredit":false},{"lineNumber":134,"author":{"gitId":"landonzhao"},"content":"        System.out.println(list);","lastModifiedDate":"2025-08-24T16:03:45","isFullCredit":false},{"lineNumber":135,"author":{"gitId":"landonzhao"},"content":"    }","lastModifiedDate":"2025-08-20T16:41:10","isFullCredit":false},{"lineNumber":136,"author":{"gitId":"landonzhao"},"content":"}","lastModifiedDate":"2025-08-20T16:05:23","isFullCredit":false}],"authorContributionMap":{"landonzhao":136}},{"path":"src/main/java/Deadline.java","fileType":"java","lines":[{"lineNumber":1,"author":{"gitId":"landonzhao"},"content":"public class Deadline extends Task {","lastModifiedDate":"2025-08-20T18:54:30","isFullCredit":false},{"lineNumber":2,"author":{"gitId":"landonzhao"},"content":"    protected String by;","lastModifiedDate":"2025-08-20T18:54:30","isFullCredit":false},{"lineNumber":3,"author":{"gitId":"landonzhao"},"content":"","lastModifiedDate":"2025-08-20T18:54:30","isFullCredit":false},{"lineNumber":4,"author":{"gitId":"landonzhao"},"content":"    public Deadline(String description, String by) {","lastModifiedDate":"2025-08-20T18:54:30","isFullCredit":false},{"lineNumber":5,"author":{"gitId":"landonzhao"},"content":"        super(description);","lastModifiedDate":"2025-08-20T18:54:30","isFullCredit":false},{"lineNumber":6,"author":{"gitId":"landonzhao"},"content":"        this.by \u003d by;","lastModifiedDate":"2025-08-20T18:54:30","isFullCredit":false},{"lineNumber":7,"author":{"gitId":"landonzhao"},"content":"    }","lastModifiedDate":"2025-08-20T18:54:30","isFullCredit":false},{"lineNumber":8,"author":{"gitId":"landonzhao"},"content":"","lastModifiedDate":"2025-08-20T18:54:30","isFullCredit":false},{"lineNumber":9,"author":{"gitId":"landonzhao"},"content":"    @Override","lastModifiedDate":"2025-08-20T18:54:30","isFullCredit":false},{"lineNumber":10,"author":{"gitId":"landonzhao"},"content":"    public String getTypeIcon() {","lastModifiedDate":"2025-08-20T18:54:30","isFullCredit":false},{"lineNumber":11,"author":{"gitId":"landonzhao"},"content":"        return \"[D]\";","lastModifiedDate":"2025-08-20T18:54:30","isFullCredit":false},{"lineNumber":12,"author":{"gitId":"landonzhao"},"content":"    }","lastModifiedDate":"2025-08-20T18:54:30","isFullCredit":false},{"lineNumber":13,"author":{"gitId":"landonzhao"},"content":"","lastModifiedDate":"2025-08-20T18:54:30","isFullCredit":false},{"lineNumber":14,"author":{"gitId":"landonzhao"},"content":"    @Override","lastModifiedDate":"2025-08-20T18:54:30","isFullCredit":false},{"lineNumber":15,"author":{"gitId":"landonzhao"},"content":"    public String toString() {","lastModifiedDate":"2025-08-20T18:54:30","isFullCredit":false},{"lineNumber":16,"author":{"gitId":"landonzhao"},"content":"        return getTypeIcon() + getStatusIcon() + \" \" + description + \" (by: \" + by + \")\";","lastModifiedDate":"2025-08-20T18:54:30","isFullCredit":false},{"lineNumber":17,"author":{"gitId":"landonzhao"},"content":"    }","lastModifiedDate":"2025-08-20T18:54:30","isFullCredit":false},{"lineNumber":18,"author":{"gitId":"landonzhao"},"content":"}","lastModifiedDate":"2025-08-20T18:54:30","isFullCredit":false}],"authorContributionMap":{"landonzhao":18}},{"path":"src/main/java/Event.java","fileType":"java","lines":[{"lineNumber":1,"author":{"gitId":"landonzhao"},"content":"public class Event extends Task {","lastModifiedDate":"2025-08-20T18:54:30","isFullCredit":false},{"lineNumber":2,"author":{"gitId":"landonzhao"},"content":"    protected String from;","lastModifiedDate":"2025-08-20T18:54:30","isFullCredit":false},{"lineNumber":3,"author":{"gitId":"landonzhao"},"content":"    protected String to;","lastModifiedDate":"2025-08-20T18:54:30","isFullCredit":false},{"lineNumber":4,"author":{"gitId":"landonzhao"},"content":"","lastModifiedDate":"2025-08-20T18:54:30","isFullCredit":false},{"lineNumber":5,"author":{"gitId":"landonzhao"},"content":"    public Event(String description, String from, String to) {","lastModifiedDate":"2025-08-20T18:54:30","isFullCredit":false},{"lineNumber":6,"author":{"gitId":"landonzhao"},"content":"        super(description);","lastModifiedDate":"2025-08-20T18:54:30","isFullCredit":false},{"lineNumber":7,"author":{"gitId":"landonzhao"},"content":"        this.from \u003d from;","lastModifiedDate":"2025-08-20T18:54:30","isFullCredit":false},{"lineNumber":8,"author":{"gitId":"landonzhao"},"content":"        this.to \u003d to;","lastModifiedDate":"2025-08-20T18:54:30","isFullCredit":false},{"lineNumber":9,"author":{"gitId":"landonzhao"},"content":"    }","lastModifiedDate":"2025-08-20T18:54:30","isFullCredit":false},{"lineNumber":10,"author":{"gitId":"landonzhao"},"content":"","lastModifiedDate":"2025-08-20T18:54:30","isFullCredit":false},{"lineNumber":11,"author":{"gitId":"landonzhao"},"content":"    @Override","lastModifiedDate":"2025-08-20T18:54:30","isFullCredit":false},{"lineNumber":12,"author":{"gitId":"landonzhao"},"content":"    public String getTypeIcon() {","lastModifiedDate":"2025-08-20T18:54:30","isFullCredit":false},{"lineNumber":13,"author":{"gitId":"landonzhao"},"content":"        return \"[E]\";","lastModifiedDate":"2025-08-20T18:54:30","isFullCredit":false},{"lineNumber":14,"author":{"gitId":"landonzhao"},"content":"    }","lastModifiedDate":"2025-08-20T18:54:30","isFullCredit":false},{"lineNumber":15,"author":{"gitId":"landonzhao"},"content":"","lastModifiedDate":"2025-08-20T18:54:30","isFullCredit":false},{"lineNumber":16,"author":{"gitId":"landonzhao"},"content":"    @Override","lastModifiedDate":"2025-08-20T18:54:30","isFullCredit":false},{"lineNumber":17,"author":{"gitId":"landonzhao"},"content":"    public String toString() {","lastModifiedDate":"2025-08-20T18:54:30","isFullCredit":false},{"lineNumber":18,"author":{"gitId":"landonzhao"},"content":"        return getTypeIcon() + getStatusIcon() + \" \" + description +","lastModifiedDate":"2025-08-20T18:54:30","isFullCredit":false},{"lineNumber":19,"author":{"gitId":"landonzhao"},"content":"                \" (from: \" + from + \" to: \" + to + \")\";","lastModifiedDate":"2025-08-20T18:54:30","isFullCredit":false},{"lineNumber":20,"author":{"gitId":"landonzhao"},"content":"    }","lastModifiedDate":"2025-08-20T18:54:30","isFullCredit":false},{"lineNumber":21,"author":{"gitId":"landonzhao"},"content":"}","lastModifiedDate":"2025-08-20T18:54:30","isFullCredit":false}],"authorContributionMap":{"landonzhao":21}},{"path":"src/main/java/Task.java","fileType":"java","lines":[{"lineNumber":1,"author":{"gitId":"landonzhao"},"content":"public class Task {","lastModifiedDate":"2025-08-20T18:54:30","isFullCredit":false},{"lineNumber":2,"author":{"gitId":"landonzhao"},"content":"    protected String description;","lastModifiedDate":"2025-08-20T18:54:30","isFullCredit":false},{"lineNumber":3,"author":{"gitId":"landonzhao"},"content":"    protected boolean isDone;","lastModifiedDate":"2025-08-20T18:54:30","isFullCredit":false},{"lineNumber":4,"author":{"gitId":"landonzhao"},"content":"","lastModifiedDate":"2025-08-20T18:54:30","isFullCredit":false},{"lineNumber":5,"author":{"gitId":"landonzhao"},"content":"    public Task(String description) {","lastModifiedDate":"2025-08-20T18:54:30","isFullCredit":false},{"lineNumber":6,"author":{"gitId":"landonzhao"},"content":"        this.description \u003d description;","lastModifiedDate":"2025-08-20T18:54:30","isFullCredit":false},{"lineNumber":7,"author":{"gitId":"landonzhao"},"content":"        this.isDone \u003d false;","lastModifiedDate":"2025-08-20T18:54:30","isFullCredit":false},{"lineNumber":8,"author":{"gitId":"landonzhao"},"content":"    }","lastModifiedDate":"2025-08-20T18:54:30","isFullCredit":false},{"lineNumber":9,"author":{"gitId":"landonzhao"},"content":"","lastModifiedDate":"2025-08-20T18:54:30","isFullCredit":false},{"lineNumber":10,"author":{"gitId":"landonzhao"},"content":"    public void markAsDone() {","lastModifiedDate":"2025-08-24T16:03:45","isFullCredit":false},{"lineNumber":11,"author":{"gitId":"landonzhao"},"content":"        this.isDone \u003d true;","lastModifiedDate":"2025-08-24T16:03:45","isFullCredit":false},{"lineNumber":12,"author":{"gitId":"landonzhao"},"content":"    }","lastModifiedDate":"2025-08-24T16:03:45","isFullCredit":false},{"lineNumber":13,"author":{"gitId":"landonzhao"},"content":"","lastModifiedDate":"2025-08-24T16:03:45","isFullCredit":false},{"lineNumber":14,"author":{"gitId":"landonzhao"},"content":"    public void markAsUndone() {","lastModifiedDate":"2025-08-24T16:03:45","isFullCredit":false},{"lineNumber":15,"author":{"gitId":"landonzhao"},"content":"        this.isDone \u003d false;","lastModifiedDate":"2025-08-24T16:03:45","isFullCredit":false},{"lineNumber":16,"author":{"gitId":"landonzhao"},"content":"    }","lastModifiedDate":"2025-08-20T18:54:30","isFullCredit":false},{"lineNumber":17,"author":{"gitId":"landonzhao"},"content":"","lastModifiedDate":"2025-08-20T18:54:30","isFullCredit":false},{"lineNumber":18,"author":{"gitId":"landonzhao"},"content":"    public String getStatusIcon() {","lastModifiedDate":"2025-08-20T18:54:30","isFullCredit":false},{"lineNumber":19,"author":{"gitId":"landonzhao"},"content":"        return (isDone ? \"[X]\" : \"[ ]\"); // mark done with X","lastModifiedDate":"2025-08-20T18:54:30","isFullCredit":false},{"lineNumber":20,"author":{"gitId":"landonzhao"},"content":"    }","lastModifiedDate":"2025-08-20T18:54:30","isFullCredit":false},{"lineNumber":21,"author":{"gitId":"landonzhao"},"content":"","lastModifiedDate":"2025-08-20T18:54:30","isFullCredit":false},{"lineNumber":22,"author":{"gitId":"landonzhao"},"content":"    public String getTypeIcon() {","lastModifiedDate":"2025-08-20T18:54:30","isFullCredit":false},{"lineNumber":23,"author":{"gitId":"landonzhao"},"content":"        return \"[ ]\"; // default placeholder","lastModifiedDate":"2025-08-20T18:54:30","isFullCredit":false},{"lineNumber":24,"author":{"gitId":"landonzhao"},"content":"    }","lastModifiedDate":"2025-08-20T18:54:30","isFullCredit":false},{"lineNumber":25,"author":{"gitId":"landonzhao"},"content":"","lastModifiedDate":"2025-08-20T18:54:30","isFullCredit":false},{"lineNumber":26,"author":{"gitId":"landonzhao"},"content":"    @Override","lastModifiedDate":"2025-08-20T18:54:30","isFullCredit":false},{"lineNumber":27,"author":{"gitId":"landonzhao"},"content":"    public String toString() {","lastModifiedDate":"2025-08-20T18:54:30","isFullCredit":false},{"lineNumber":28,"author":{"gitId":"landonzhao"},"content":"        return getTypeIcon() + getStatusIcon() + \" \" + description;","lastModifiedDate":"2025-08-20T18:54:30","isFullCredit":false},{"lineNumber":29,"author":{"gitId":"landonzhao"},"content":"    }","lastModifiedDate":"2025-08-20T18:54:30","isFullCredit":false},{"lineNumber":30,"author":{"gitId":"landonzhao"},"content":"}","lastModifiedDate":"2025-08-20T18:54:30","isFullCredit":false}],"authorContributionMap":{"landonzhao":30}},{"path":"src/main/java/TaskList.java","fileType":"java","lines":[{"lineNumber":1,"author":{"gitId":"landonzhao"},"content":"import java.util.ArrayList;","lastModifiedDate":"2025-08-24T16:03:45","isFullCredit":false},{"lineNumber":2,"author":{"gitId":"landonzhao"},"content":"","lastModifiedDate":"2025-08-24T16:03:45","isFullCredit":false},{"lineNumber":3,"author":{"gitId":"landonzhao"},"content":"public class TaskList {","lastModifiedDate":"2025-08-24T16:03:45","isFullCredit":false},{"lineNumber":4,"author":{"gitId":"landonzhao"},"content":"    private static String lineBreak \u003d \"______________________________________________________________________\\n\";","lastModifiedDate":"2025-08-24T16:03:45","isFullCredit":false},{"lineNumber":5,"author":{"gitId":"landonzhao"},"content":"    private ArrayList\u003cTask\u003e tasks;","lastModifiedDate":"2025-08-24T16:03:45","isFullCredit":false},{"lineNumber":6,"author":{"gitId":"landonzhao"},"content":"","lastModifiedDate":"2025-08-24T16:03:45","isFullCredit":false},{"lineNumber":7,"author":{"gitId":"landonzhao"},"content":"    public TaskList() {","lastModifiedDate":"2025-08-24T16:03:45","isFullCredit":false},{"lineNumber":8,"author":{"gitId":"landonzhao"},"content":"        this.tasks \u003d new ArrayList\u003c\u003e();","lastModifiedDate":"2025-08-24T16:03:45","isFullCredit":false},{"lineNumber":9,"author":{"gitId":"landonzhao"},"content":"    }","lastModifiedDate":"2025-08-24T16:03:45","isFullCredit":false},{"lineNumber":10,"author":{"gitId":"landonzhao"},"content":"","lastModifiedDate":"2025-08-24T16:03:45","isFullCredit":false},{"lineNumber":11,"author":{"gitId":"landonzhao"},"content":"    public void addTask(Task task) {","lastModifiedDate":"2025-08-24T16:03:45","isFullCredit":false},{"lineNumber":12,"author":{"gitId":"landonzhao"},"content":"        tasks.add(task);","lastModifiedDate":"2025-08-24T16:03:45","isFullCredit":false},{"lineNumber":13,"author":{"gitId":"landonzhao"},"content":"        System.out.print(lineBreak);","lastModifiedDate":"2025-08-24T16:03:45","isFullCredit":false},{"lineNumber":14,"author":{"gitId":"landonzhao"},"content":"        System.out.println(\"YOU BETTER FINISH THAT SOON. BURGERS.\");","lastModifiedDate":"2025-08-24T16:03:45","isFullCredit":false},{"lineNumber":15,"author":{"gitId":"landonzhao"},"content":"        System.out.println(\"ADDED: \" + task);","lastModifiedDate":"2025-08-24T16:03:45","isFullCredit":false},{"lineNumber":16,"author":{"gitId":"landonzhao"},"content":"        System.out.println(\"NOW YOU HAVE \" + tasks.size() + \" TASKS.\");","lastModifiedDate":"2025-08-24T16:03:45","isFullCredit":false},{"lineNumber":17,"author":{"gitId":"landonzhao"},"content":"        System.out.println(lineBreak);","lastModifiedDate":"2025-08-24T16:03:45","isFullCredit":false},{"lineNumber":18,"author":{"gitId":"landonzhao"},"content":"    }","lastModifiedDate":"2025-08-24T16:03:45","isFullCredit":false},{"lineNumber":19,"author":{"gitId":"landonzhao"},"content":"","lastModifiedDate":"2025-08-24T16:03:45","isFullCredit":false},{"lineNumber":20,"author":{"gitId":"landonzhao"},"content":"    public Task markTask(int index, boolean isDone) {","lastModifiedDate":"2025-08-24T16:03:45","isFullCredit":false},{"lineNumber":21,"author":{"gitId":"landonzhao"},"content":"        Task task \u003d tasks.get(index);","lastModifiedDate":"2025-08-24T16:03:45","isFullCredit":false},{"lineNumber":22,"author":{"gitId":"landonzhao"},"content":"        if (isDone) {","lastModifiedDate":"2025-08-24T16:03:45","isFullCredit":false},{"lineNumber":23,"author":{"gitId":"landonzhao"},"content":"            task.markAsDone();","lastModifiedDate":"2025-08-24T16:03:45","isFullCredit":false},{"lineNumber":24,"author":{"gitId":"landonzhao"},"content":"        } else {","lastModifiedDate":"2025-08-24T16:03:45","isFullCredit":false},{"lineNumber":25,"author":{"gitId":"landonzhao"},"content":"            task.markAsUndone();","lastModifiedDate":"2025-08-24T16:03:45","isFullCredit":false},{"lineNumber":26,"author":{"gitId":"landonzhao"},"content":"        }","lastModifiedDate":"2025-08-24T16:03:45","isFullCredit":false},{"lineNumber":27,"author":{"gitId":"landonzhao"},"content":"        return task;","lastModifiedDate":"2025-08-24T16:03:45","isFullCredit":false},{"lineNumber":28,"author":{"gitId":"landonzhao"},"content":"    }","lastModifiedDate":"2025-08-24T16:03:45","isFullCredit":false},{"lineNumber":29,"author":{"gitId":"landonzhao"},"content":"","lastModifiedDate":"2025-08-24T16:03:45","isFullCredit":false},{"lineNumber":30,"author":{"gitId":"landonzhao"},"content":"    public Task deleteTask(int index) {","lastModifiedDate":"2025-08-24T16:03:45","isFullCredit":false},{"lineNumber":31,"author":{"gitId":"landonzhao"},"content":"        Task removed \u003d tasks.remove(index);","lastModifiedDate":"2025-08-24T16:03:45","isFullCredit":false},{"lineNumber":32,"author":{"gitId":"landonzhao"},"content":"        System.out.println(\"______________________________________________________________________\");","lastModifiedDate":"2025-08-24T16:03:45","isFullCredit":false},{"lineNumber":33,"author":{"gitId":"landonzhao"},"content":"        System.out.println(\"BURGER HAS REMOVED THIS TASK:\");","lastModifiedDate":"2025-08-24T16:03:45","isFullCredit":false},{"lineNumber":34,"author":{"gitId":"landonzhao"},"content":"        System.out.println(\"  \" + removed);","lastModifiedDate":"2025-08-24T16:03:45","isFullCredit":false},{"lineNumber":35,"author":{"gitId":"landonzhao"},"content":"        System.out.println(\"NOW YOU HAVE \" + tasks.size() + \" TASKS IN THE LIST.\");","lastModifiedDate":"2025-08-24T16:03:45","isFullCredit":false},{"lineNumber":36,"author":{"gitId":"landonzhao"},"content":"        System.out.println(\"______________________________________________________________________\");","lastModifiedDate":"2025-08-24T16:03:45","isFullCredit":false},{"lineNumber":37,"author":{"gitId":"landonzhao"},"content":"        return removed;","lastModifiedDate":"2025-08-24T16:03:45","isFullCredit":false},{"lineNumber":38,"author":{"gitId":"landonzhao"},"content":"    }","lastModifiedDate":"2025-08-24T16:03:45","isFullCredit":false},{"lineNumber":39,"author":{"gitId":"landonzhao"},"content":"","lastModifiedDate":"2025-08-24T16:03:45","isFullCredit":false},{"lineNumber":40,"author":{"gitId":"landonzhao"},"content":"    public int size() {","lastModifiedDate":"2025-08-24T16:03:45","isFullCredit":false},{"lineNumber":41,"author":{"gitId":"landonzhao"},"content":"        return tasks.size();","lastModifiedDate":"2025-08-24T16:03:45","isFullCredit":false},{"lineNumber":42,"author":{"gitId":"landonzhao"},"content":"    }","lastModifiedDate":"2025-08-24T16:03:45","isFullCredit":false},{"lineNumber":43,"author":{"gitId":"landonzhao"},"content":"","lastModifiedDate":"2025-08-24T16:03:45","isFullCredit":false},{"lineNumber":44,"author":{"gitId":"landonzhao"},"content":"    @Override","lastModifiedDate":"2025-08-24T16:03:45","isFullCredit":false},{"lineNumber":45,"author":{"gitId":"landonzhao"},"content":"    public String toString() {","lastModifiedDate":"2025-08-24T16:03:45","isFullCredit":false},{"lineNumber":46,"author":{"gitId":"landonzhao"},"content":"        StringBuilder sb \u003d new StringBuilder();","lastModifiedDate":"2025-08-24T16:03:45","isFullCredit":false},{"lineNumber":47,"author":{"gitId":"landonzhao"},"content":"        sb.append(\"______________________________________________________________________\\n\");","lastModifiedDate":"2025-08-24T16:03:45","isFullCredit":false},{"lineNumber":48,"author":{"gitId":"landonzhao"},"content":"        if (tasks.isEmpty()) {","lastModifiedDate":"2025-08-24T16:03:45","isFullCredit":false},{"lineNumber":49,"author":{"gitId":"landonzhao"},"content":"            sb.append(\"ALL DONE. BURGER!\\n\");","lastModifiedDate":"2025-08-24T16:03:45","isFullCredit":false},{"lineNumber":50,"author":{"gitId":"landonzhao"},"content":"        } else {","lastModifiedDate":"2025-08-24T16:03:45","isFullCredit":false},{"lineNumber":51,"author":{"gitId":"landonzhao"},"content":"            sb.append(\"YOU SHOULD GET STARTED SOON:\\n\");","lastModifiedDate":"2025-08-24T16:03:45","isFullCredit":false},{"lineNumber":52,"author":{"gitId":"landonzhao"},"content":"            for (int i \u003d 0; i \u003c tasks.size(); i++) {","lastModifiedDate":"2025-08-24T16:03:45","isFullCredit":false},{"lineNumber":53,"author":{"gitId":"landonzhao"},"content":"                sb.append((i + 1)).append(\". \").append(tasks.get(i)).append(\"\\n\");","lastModifiedDate":"2025-08-24T16:03:45","isFullCredit":false},{"lineNumber":54,"author":{"gitId":"landonzhao"},"content":"            }","lastModifiedDate":"2025-08-24T16:03:45","isFullCredit":false},{"lineNumber":55,"author":{"gitId":"landonzhao"},"content":"        }","lastModifiedDate":"2025-08-24T16:03:45","isFullCredit":false},{"lineNumber":56,"author":{"gitId":"landonzhao"},"content":"        sb.append(\"______________________________________________________________________\");","lastModifiedDate":"2025-08-24T16:03:45","isFullCredit":false},{"lineNumber":57,"author":{"gitId":"landonzhao"},"content":"        return sb.toString();","lastModifiedDate":"2025-08-24T16:03:45","isFullCredit":false},{"lineNumber":58,"author":{"gitId":"landonzhao"},"content":"    }","lastModifiedDate":"2025-08-24T16:03:45","isFullCredit":false},{"lineNumber":59,"author":{"gitId":"landonzhao"},"content":"}","lastModifiedDate":"2025-08-24T16:03:45","isFullCredit":false},{"lineNumber":60,"author":{"gitId":"landonzhao"},"content":"","lastModifiedDate":"2025-08-24T16:03:45","isFullCredit":false}],"authorContributionMap":{"landonzhao":60}},{"path":"src/main/java/Todo.java","fileType":"java","lines":[{"lineNumber":1,"author":{"gitId":"landonzhao"},"content":"public class Todo extends Task {","lastModifiedDate":"2025-08-20T18:54:30","isFullCredit":false},{"lineNumber":2,"author":{"gitId":"landonzhao"},"content":"    public Todo(String description) {","lastModifiedDate":"2025-08-20T18:54:30","isFullCredit":false},{"lineNumber":3,"author":{"gitId":"landonzhao"},"content":"        super(description);","lastModifiedDate":"2025-08-20T18:54:30","isFullCredit":false},{"lineNumber":4,"author":{"gitId":"landonzhao"},"content":"    }","lastModifiedDate":"2025-08-20T18:54:30","isFullCredit":false},{"lineNumber":5,"author":{"gitId":"landonzhao"},"content":"","lastModifiedDate":"2025-08-20T18:54:30","isFullCredit":false},{"lineNumber":6,"author":{"gitId":"landonzhao"},"content":"    @Override","lastModifiedDate":"2025-08-20T18:54:30","isFullCredit":false},{"lineNumber":7,"author":{"gitId":"landonzhao"},"content":"    public String getTypeIcon() {","lastModifiedDate":"2025-08-20T18:54:30","isFullCredit":false},{"lineNumber":8,"author":{"gitId":"landonzhao"},"content":"        return \"[T]\";","lastModifiedDate":"2025-08-20T18:54:30","isFullCredit":false},{"lineNumber":9,"author":{"gitId":"landonzhao"},"content":"    }","lastModifiedDate":"2025-08-20T18:54:30","isFullCredit":false},{"lineNumber":10,"author":{"gitId":"landonzhao"},"content":"}","lastModifiedDate":"2025-08-20T18:54:30","isFullCredit":false}],"authorContributionMap":{"landonzhao":10}},{"path":"text-ui-test/input.txt","fileType":"txt","lines":[{"lineNumber":1,"author":{"gitId":"landonzhao"},"content":"todo borrow book","lastModifiedDate":"2025-08-20T19:33:20","isFullCredit":false},{"lineNumber":2,"author":{"gitId":"landonzhao"},"content":"deadline return book /by Sunday","lastModifiedDate":"2025-08-20T19:33:20","isFullCredit":false},{"lineNumber":3,"author":{"gitId":"landonzhao"},"content":"event project meeting /from Mon 2pm /to 4pm","lastModifiedDate":"2025-08-20T19:33:20","isFullCredit":false},{"lineNumber":4,"author":{"gitId":"landonzhao"},"content":"list","lastModifiedDate":"2025-08-20T19:33:20","isFullCredit":false},{"lineNumber":5,"author":{"gitId":"landonzhao"},"content":"mark 2","lastModifiedDate":"2025-08-20T19:33:20","isFullCredit":false},{"lineNumber":6,"author":{"gitId":"landonzhao"},"content":"unmark 2","lastModifiedDate":"2025-08-20T19:33:20","isFullCredit":false},{"lineNumber":7,"author":{"gitId":"landonzhao"},"content":"bye","lastModifiedDate":"2025-08-20T19:33:20","isFullCredit":false}],"authorContributionMap":{"landonzhao":7}},{"path":"text-ui-test/runtest.sh","fileType":"sh","lines":[{"lineNumber":1,"author":{"gitId":"-"},"content":"#!/usr/bin/env bash","lastModifiedDate":"2020-05-25T00:03:55","isFullCredit":false},{"lineNumber":2,"author":{"gitId":"-"},"content":"","lastModifiedDate":"2020-05-25T00:03:55","isFullCredit":false},{"lineNumber":3,"author":{"gitId":"landonzhao"},"content":"# Set paths","lastModifiedDate":"2025-08-20T19:33:20","isFullCredit":false},{"lineNumber":4,"author":{"gitId":"landonzhao"},"content":"SRC_DIR\u003d\"../src/main/java\"","lastModifiedDate":"2025-08-20T19:33:20","isFullCredit":false},{"lineNumber":5,"author":{"gitId":"landonzhao"},"content":"BIN_DIR\u003d\"../bin\"","lastModifiedDate":"2025-08-20T19:33:20","isFullCredit":false},{"lineNumber":6,"author":{"gitId":"landonzhao"},"content":"INPUT_FILE\u003d\"text-ui-test/input.txt\"","lastModifiedDate":"2025-08-20T19:33:20","isFullCredit":false},{"lineNumber":7,"author":{"gitId":"landonzhao"},"content":"ACTUAL_FILE\u003d\"text-ui-test/ACTUAL.TXT\"","lastModifiedDate":"2025-08-20T19:33:20","isFullCredit":false},{"lineNumber":8,"author":{"gitId":"landonzhao"},"content":"EXPECTED_FILE\u003d\"text-ui-test/EXPECTED.TXT\"","lastModifiedDate":"2025-08-20T19:33:20","isFullCredit":false},{"lineNumber":9,"author":{"gitId":"landonzhao"},"content":"EXPECTED_UNIX\u003d\"text-ui-test/EXPECTED-UNIX.TXT\"","lastModifiedDate":"2025-08-20T19:33:20","isFullCredit":false},{"lineNumber":10,"author":{"gitId":"landonzhao"},"content":"MAIN_CLASS\u003d\"BurgerBurglar\"","lastModifiedDate":"2025-08-20T19:33:20","isFullCredit":false},{"lineNumber":11,"author":{"gitId":"landonzhao"},"content":"","lastModifiedDate":"2025-08-20T19:33:20","isFullCredit":false},{"lineNumber":12,"author":{"gitId":"-"},"content":"# create bin directory if it doesn\u0027t exist","lastModifiedDate":"2020-05-25T00:03:55","isFullCredit":false},{"lineNumber":13,"author":{"gitId":"landonzhao"},"content":"mkdir -p \"$BIN_DIR\"","lastModifiedDate":"2025-08-20T19:33:20","isFullCredit":false},{"lineNumber":14,"author":{"gitId":"-"},"content":"","lastModifiedDate":"2020-05-25T00:03:55","isFullCredit":false},{"lineNumber":15,"author":{"gitId":"landonzhao"},"content":"# delete previous output","lastModifiedDate":"2025-08-20T19:33:20","isFullCredit":false},{"lineNumber":16,"author":{"gitId":"landonzhao"},"content":"rm -f \"$ACTUAL_FILE\"","lastModifiedDate":"2025-08-20T19:33:20","isFullCredit":false},{"lineNumber":17,"author":{"gitId":"-"},"content":"","lastModifiedDate":"2020-05-25T00:03:55","isFullCredit":false},{"lineNumber":18,"author":{"gitId":"landonzhao"},"content":"# compile Java files","lastModifiedDate":"2025-08-20T19:33:20","isFullCredit":false},{"lineNumber":19,"author":{"gitId":"landonzhao"},"content":"if ! javac -Xlint:none -d \"$BIN_DIR\" src/main/java/*.java; then","lastModifiedDate":"2025-08-20T19:33:20","isFullCredit":false},{"lineNumber":20,"author":{"gitId":"-"},"content":"    echo \"********** BUILD FAILURE **********\"","lastModifiedDate":"2020-05-25T00:03:55","isFullCredit":false},{"lineNumber":21,"author":{"gitId":"-"},"content":"    exit 1","lastModifiedDate":"2020-05-25T00:03:55","isFullCredit":false},{"lineNumber":22,"author":{"gitId":"-"},"content":"fi","lastModifiedDate":"2020-05-25T00:03:55","isFullCredit":false},{"lineNumber":23,"author":{"gitId":"-"},"content":"","lastModifiedDate":"2020-05-25T00:03:55","isFullCredit":false},{"lineNumber":24,"author":{"gitId":"landonzhao"},"content":"# run program with input redirection","lastModifiedDate":"2025-08-20T19:33:20","isFullCredit":false},{"lineNumber":25,"author":{"gitId":"landonzhao"},"content":"java -cp \"$BIN_DIR\" \"$MAIN_CLASS\" \u003c \"$INPUT_FILE\" \u003e \"$ACTUAL_FILE\"","lastModifiedDate":"2025-08-20T19:33:20","isFullCredit":false},{"lineNumber":26,"author":{"gitId":"-"},"content":"","lastModifiedDate":"2020-05-25T00:03:55","isFullCredit":false},{"lineNumber":27,"author":{"gitId":"landonzhao"},"content":"# convert to UNIX format (use sed if dos2unix is missing)","lastModifiedDate":"2025-08-20T19:33:20","isFullCredit":false},{"lineNumber":28,"author":{"gitId":"landonzhao"},"content":"if command -v dos2unix \u003e/dev/null 2\u003e\u00261; then","lastModifiedDate":"2025-08-20T19:33:20","isFullCredit":false},{"lineNumber":29,"author":{"gitId":"landonzhao"},"content":"    cp \"$EXPECTED_FILE\" \"$EXPECTED_UNIX\"","lastModifiedDate":"2025-08-20T19:33:20","isFullCredit":false},{"lineNumber":30,"author":{"gitId":"landonzhao"},"content":"    dos2unix \"$ACTUAL_FILE\" \"$EXPECTED_UNIX\"","lastModifiedDate":"2025-08-20T19:33:20","isFullCredit":false},{"lineNumber":31,"author":{"gitId":"landonzhao"},"content":"else","lastModifiedDate":"2025-08-20T19:33:20","isFullCredit":false},{"lineNumber":32,"author":{"gitId":"landonzhao"},"content":"    # fallback: remove \\r manually","lastModifiedDate":"2025-08-20T19:33:20","isFullCredit":false},{"lineNumber":33,"author":{"gitId":"landonzhao"},"content":"    cp \"$EXPECTED_FILE\" \"$EXPECTED_UNIX\"","lastModifiedDate":"2025-08-20T19:33:20","isFullCredit":false},{"lineNumber":34,"author":{"gitId":"landonzhao"},"content":"    sed -i \u0027\u0027 \u0027s/\\r$//\u0027 \"$ACTUAL_FILE\"","lastModifiedDate":"2025-08-20T19:33:20","isFullCredit":false},{"lineNumber":35,"author":{"gitId":"landonzhao"},"content":"    sed -i \u0027\u0027 \u0027s/\\r$//\u0027 \"$EXPECTED_UNIX\"","lastModifiedDate":"2025-08-20T19:33:20","isFullCredit":false},{"lineNumber":36,"author":{"gitId":"landonzhao"},"content":"fi","lastModifiedDate":"2025-08-20T19:33:20","isFullCredit":false},{"lineNumber":37,"author":{"gitId":"-"},"content":"","lastModifiedDate":"2020-05-25T00:03:55","isFullCredit":false},{"lineNumber":38,"author":{"gitId":"landonzhao"},"content":"# compare output","lastModifiedDate":"2025-08-20T19:33:20","isFullCredit":false},{"lineNumber":39,"author":{"gitId":"landonzhao"},"content":"if diff \"$ACTUAL_FILE\" \"$EXPECTED_UNIX\" \u003e/dev/null; then","lastModifiedDate":"2025-08-20T19:33:20","isFullCredit":false},{"lineNumber":40,"author":{"gitId":"-"},"content":"    echo \"Test result: PASSED\"","lastModifiedDate":"2020-05-25T00:03:55","isFullCredit":false},{"lineNumber":41,"author":{"gitId":"-"},"content":"    exit 0","lastModifiedDate":"2020-05-25T00:03:55","isFullCredit":false},{"lineNumber":42,"author":{"gitId":"-"},"content":"else","lastModifiedDate":"2020-05-25T00:03:55","isFullCredit":false},{"lineNumber":43,"author":{"gitId":"-"},"content":"    echo \"Test result: FAILED\"","lastModifiedDate":"2020-05-25T00:03:55","isFullCredit":false},{"lineNumber":44,"author":{"gitId":"landonzhao"},"content":"    diff \"$ACTUAL_FILE\" \"$EXPECTED_UNIX\"","lastModifiedDate":"2025-08-20T19:33:20","isFullCredit":false},{"lineNumber":45,"author":{"gitId":"-"},"content":"    exit 1","lastModifiedDate":"2020-05-25T00:03:55","isFullCredit":false},{"lineNumber":46,"author":{"gitId":"-"},"content":"fi","lastModifiedDate":"2020-05-25T00:03:55","isFullCredit":false}],"authorContributionMap":{"-":17,"landonzhao":29}}]
