{"authorDailyContributionsMap":{"tjinyao":[{"date":"2025-08-22T00:00:00","commitResults":[{"hash":"347bd8e6bbacb0da2cf122a11e725cd36ba51395","isMergeCommit":false,"messageTitle":"Level 0","messageBody":"","tags":["Level-0"],"fileTypesAndContributionMap":{"java":{"insertions":7,"deletions":10}}},{"hash":"773600d13a0b8022334c24ce1a515602d13423a8","isMergeCommit":false,"messageTitle":"Level 1","messageBody":"","tags":["Level-1"],"fileTypesAndContributionMap":{"java":{"insertions":22,"deletions":2}}},{"hash":"5533c81ab7523bd4daedf379d9b167edc04bee38","isMergeCommit":false,"messageTitle":"Level 2","messageBody":"","tags":["Level-2"],"fileTypesAndContributionMap":{"java":{"insertions":11,"deletions":1}}},{"hash":"5535621d299aa21e52eaea2f20792150eb89146e","isMergeCommit":false,"messageTitle":"Level 3","messageBody":"","tags":["Level-3"],"fileTypesAndContributionMap":{"java":{"insertions":48,"deletions":3}}}]},{"date":"2025-08-23T00:00:00","commitResults":[{"hash":"3d87d765e377ed18ca50977435c428b80611fef3","isMergeCommit":false,"messageTitle":"Level 4","messageBody":"","tags":["Level-4"],"fileTypesAndContributionMap":{"java":{"insertions":85,"deletions":10}}},{"hash":"1bfc283e44a8e82d2fc6bf577c2e86b8ad76a097","isMergeCommit":false,"messageTitle":"Level 5","messageBody":"","tags":["Level-5"],"fileTypesAndContributionMap":{"java":{"insertions":39,"deletions":7}}},{"hash":"6e92550d16895b97c6222ec6fc2c0b8f6f52553b","isMergeCommit":false,"messageTitle":"Level-6","messageBody":"","tags":["Level-6"],"fileTypesAndContributionMap":{"java":{"insertions":22,"deletions":0}}},{"hash":"d575bae5ac79045e42dbdd2229bf15485a00aed4","isMergeCommit":false,"messageTitle":"Level-1","messageBody":"","fileTypesAndContributionMap":{"java":{"insertions":22,"deletions":2}}},{"hash":"2c4189012f38d666acb4dd8aa55e74efa0ce2088","isMergeCommit":false,"messageTitle":"Level-2","messageBody":"","fileTypesAndContributionMap":{"java":{"insertions":11,"deletions":1}}},{"hash":"c5b4c8d2f1f9625934552499a57b9461fec25434","isMergeCommit":false,"messageTitle":"Level-3","messageBody":"","fileTypesAndContributionMap":{"java":{"insertions":48,"deletions":3}}},{"hash":"67bdd969e9ec92155bde77705170a1244ecfe9b0","isMergeCommit":false,"messageTitle":"Level-4","messageBody":"","fileTypesAndContributionMap":{"java":{"insertions":85,"deletions":10}}},{"hash":"1b60cb0ea94a35f91c0bc8fe2d23fb7b8f55e0b2","isMergeCommit":false,"messageTitle":"Level-5","messageBody":"","fileTypesAndContributionMap":{"java":{"insertions":39,"deletions":7}}},{"hash":"b0f63f93b96c3625766c70fdec6a1e76213e175e","isMergeCommit":false,"messageTitle":"Level-6","messageBody":"","fileTypesAndContributionMap":{"java":{"insertions":22,"deletions":0}}},{"hash":"67b1e2c0ea87aa4e6a74f8934278e508cebc3a68","isMergeCommit":false,"messageTitle":"Level-7","messageBody":"","fileTypesAndContributionMap":{"txt":{"insertions":3,"deletions":0},"java":{"insertions":122,"deletions":2}}},{"hash":"94f9ccae76a38ffd32e237b5f032b1b9b1f882ef","isMergeCommit":true,"messageTitle":"Merge branch \u0027branch-Level-7; for Level-7","messageBody":"","tags":["Level-7"],"fileTypesAndContributionMap":{}},{"hash":"312402e4bfc1803d3c5277ba1257e003b130beb3","isMergeCommit":true,"messageTitle":"Merge remote-tracking branch \u0027origin/master\u0027","messageBody":"","fileTypesAndContributionMap":{}}]},{"date":"2025-08-24T00:00:00","commitResults":[{"hash":"07573bfdd130372a926c232ae00befe73c3d4273","isMergeCommit":false,"messageTitle":"Level-8","messageBody":"","fileTypesAndContributionMap":{"txt":{"insertions":2,"deletions":0},"java":{"insertions":25,"deletions":15}}},{"hash":"2764adb8b34718846e7656810e6ab0b787f657b4","isMergeCommit":true,"messageTitle":"Merge branch Level-8","messageBody":"","tags":["Level-8"],"fileTypesAndContributionMap":{}},{"hash":"1785b5532f0434ba885b1406aac4ee950dfa0d64","isMergeCommit":false,"messageTitle":"A-MoreOOP","messageBody":"","tags":["A-MoreOOP"],"fileTypesAndContributionMap":{"java":{"insertions":368,"deletions":214}}}]},{"date":"2025-08-25T00:00:00","commitResults":[{"hash":"80be590824241717da66f9be8b78b7291c5fed60","isMergeCommit":false,"messageTitle":"A-Packages","messageBody":"","tags":["A-Packages"],"fileTypesAndContributionMap":{"java":{"insertions":26,"deletions":7}}},{"hash":"33393ec805a5e21dac9391899fe8d15429d15a0c","isMergeCommit":true,"messageTitle":"Merge A-Packages","messageBody":"","fileTypesAndContributionMap":{}},{"hash":"8422ac0093fc5c29ab5755ead54c7d8c3dc0f8e4","isMergeCommit":true,"messageTitle":"Merge remote-tracking branch \u0027upstream/add-gradle-support\u0027 into feature/A-Gradle","messageBody":"","fileTypesAndContributionMap":{}},{"hash":"9ad51e0f481821e21c3ef198f44e409d2b42f8a9","isMergeCommit":false,"messageTitle":"feature/A-Gradle","messageBody":"","tags":["A-Gradle"],"fileTypesAndContributionMap":{"gradle":{"insertions":1,"deletions":1},"txt":{"insertions":3,"deletions":1}}},{"hash":"5a7d8188d3caac6365a8b21e5c45dcdcba36834a","isMergeCommit":true,"messageTitle":"Merge A-Gradle","messageBody":"","fileTypesAndContributionMap":{}},{"hash":"b6e29f8f00778b112a94f76846d15dc1652e0400","isMergeCommit":false,"messageTitle":"A-JUnit","messageBody":"","tags":["A-JUnit"],"fileTypesAndContributionMap":{"java":{"insertions":40,"deletions":0}}},{"hash":"6f772f7bd84399d0fee2545daa420d721569ec3c","isMergeCommit":true,"messageTitle":"Merge A-JUnit","messageBody":"","fileTypesAndContributionMap":{}},{"hash":"fb8d2534906b7fe05078a41b6ab1b12861cca1f6","isMergeCommit":false,"messageTitle":"A-Jar","messageBody":"","tags":["A-Jar"],"fileTypesAndContributionMap":{"gradle":{"insertions":9,"deletions":0}}},{"hash":"dbdbde88adc8cbfd245a3f24c8fcfaa3a309987c","isMergeCommit":true,"messageTitle":"Merge A-Jar","messageBody":"","fileTypesAndContributionMap":{}},{"hash":"b6358b1f7e3e0d5eb8a455071532bc11358f07ee","isMergeCommit":false,"messageTitle":"A-JavaDoc","messageBody":"","fileTypesAndContributionMap":{"java":{"insertions":18,"deletions":13}}},{"hash":"ce5de3f37f09d4fabf57e964bf9a469d2a244652","isMergeCommit":false,"messageTitle":"Level-9","messageBody":"","fileTypesAndContributionMap":{"java":{"insertions":41,"deletions":0}}},{"hash":"03e026a704a409f876472b145706b8a68e51a260","isMergeCommit":false,"messageTitle":"A-CodingStandard","messageBody":"","fileTypesAndContributionMap":{"txt":{"insertions":2,"deletions":0},"java":{"insertions":109,"deletions":44}}},{"hash":"33c8f3b82a5c371dd7b6b0edb9ebfdccab77a979","isMergeCommit":true,"messageTitle":"Merge A-JavaDoc","messageBody":"","tags":["A-JavaDoc"],"fileTypesAndContributionMap":{}},{"hash":"682dcb7d8ece80e2451b6b2a5f13361f76982982","isMergeCommit":true,"messageTitle":"Merge A-CodingStandard","messageBody":"","tags":["Level-9","A-CodingStandard"],"fileTypesAndContributionMap":{}}]},{"date":"2025-08-30T00:00:00","commitResults":[{"hash":"622a333400260d0626234e9236b195b0738dd1c1","isMergeCommit":false,"messageTitle":"Add checkstyle","messageBody":"","fileTypesAndContributionMap":{"gradle":{"insertions":5,"deletions":0}}},{"hash":"ac0840b7fe34338e6bd83748b27a5b4da4bfa6a2","isMergeCommit":true,"messageTitle":"Merge branch/A-CheckStyle","messageBody":"","tags":["A-CheckStyle"],"fileTypesAndContributionMap":{}},{"hash":"9d049b8d558b1123e5cb3b2d4df31c383d726188","isMergeCommit":false,"messageTitle":"branch-Level-10","messageBody":"","fileTypesAndContributionMap":{"gradle":{"insertions":1,"deletions":1},"txt":{"insertions":4,"deletions":2},"fxml":{"insertions":66,"deletions":0},"java":{"insertions":266,"deletions":0}}},{"hash":"0c829b7b04e9fe7f2d2c7853cd1e8ca4f1bcea67","isMergeCommit":true,"messageTitle":"Merge branch-Level-10","messageBody":"","tags":["Level-10"],"fileTypesAndContributionMap":{}},{"hash":"1f7eb6fa71f962635e7287d04ececa57726d76e6","isMergeCommit":false,"messageTitle":"branch-A-Varargs","messageBody":"","fileTypesAndContributionMap":{"java":{"insertions":8,"deletions":4}}},{"hash":"75972eb8932c621db80e61b414ea94135ecf7e83","isMergeCommit":true,"messageTitle":"erge branch \u0027branch-A-Varargs\u0027","messageBody":"","tags":["A-Varargs"],"fileTypesAndContributionMap":{}}]},{"date":"2025-09-08T00:00:00","commitResults":[{"hash":"18c8cba9226b2bbca8fd4ab684a778b2f20720fc","isMergeCommit":false,"messageTitle":"A-Assertions","messageBody":"Added assertions to document invariants in TaskList\n","tags":["A-FullCommitMessage"],"fileTypesAndContributionMap":{"gradle":{"insertions":3,"deletions":0},"java":{"insertions":4,"deletions":0}}},{"hash":"effd7ff68050102c62bc76073bd3cf80c87a3225","isMergeCommit":false,"messageTitle":"A-CodeQuality","messageBody":"Added parsing for storage.load()\n","fileTypesAndContributionMap":{"txt":{"insertions":1,"deletions":0},"java":{"insertions":30,"deletions":19}}},{"hash":"9c05344e3123c002f2f2df397819b0d9f3ed2e74","isMergeCommit":true,"messageTitle":"Merge pull request #1 from tjinyao/branch-A-Assertions","messageBody":"A-Assertions","tags":["A-Assertions"],"fileTypesAndContributionMap":{}},{"hash":"4f9355bd3d156ed196a21fb99c98b22917ac2ad7","isMergeCommit":true,"messageTitle":"Merge pull request #2 from tjinyao/branch-A-CodeQuality","messageBody":"A-CodeQuality","tags":["A-CodeQuality"],"fileTypesAndContributionMap":{}},{"hash":"d50084e2717fff5a96cec4faa8534ce11cab6566","isMergeCommit":false,"messageTitle":"branch-C-Help","messageBody":"","fileTypesAndContributionMap":{"java":{"insertions":20,"deletions":1}}},{"hash":"27553083f1989908e5c90efb5a5af79a5c476124","isMergeCommit":true,"messageTitle":"Merge branch \u0027branch-C-Help\u0027","messageBody":"","tags":["C-Help","A-AiAssisted"],"fileTypesAndContributionMap":{}}]},{"date":"2025-09-15T00:00:00","commitResults":[{"hash":"8aa391ff54812158e392a4db7dc67d8c3ced32a0","isMergeCommit":false,"messageTitle":"Renamed Duke to Meal","messageBody":"","fileTypesAndContributionMap":{"gradle":{"insertions":2,"deletions":2},"txt":{"insertions":2,"deletions":1},"java":{"insertions":18,"deletions":18}}},{"hash":"ce5faaf4d83b5a43262ec03a34351575e97f6406","isMergeCommit":false,"messageTitle":"Add user guide","messageBody":"","tags":["A-UserGuide"],"fileTypesAndContributionMap":{"txt":{"insertions":2,"deletions":0},"java":{"insertions":1,"deletions":0},"md":{"insertions":142,"deletions":14}}},{"hash":"04c9a262c7b0e3a7927afea7a8bfc708084470e0","isMergeCommit":false,"messageTitle":"A-UserGuide","messageBody":"","tags":["A-Release"],"fileTypesAndContributionMap":{"java":{"insertions":243,"deletions":21},"md":{"insertions":40,"deletions":0}}}]}]},"authorFileTypeContributionMap":{"tjinyao":{"java":1192,"md":171,"fxml":66,"sh":0,"bat":0,"gradle":19,"txt":15}},"authorContributionVariance":{"tjinyao":26083.033},"authorDisplayNameMap":{"tjinyao":"CS2103T-W12-3 TENG.. YAO"}}
