{"authorDailyContributionsMap":{"tjinyao":[{"date":"2025-08-22T00:00:00","commitResults":[{"hash":"347bd8e6bbacb0da2cf122a11e725cd36ba51395","isMergeCommit":false,"messageTitle":"Level 0","messageBody":"","tags":["Level-0"],"fileTypesAndContributionMap":{"java":{"insertions":7,"deletions":10}}},{"hash":"773600d13a0b8022334c24ce1a515602d13423a8","isMergeCommit":false,"messageTitle":"Level 1","messageBody":"","tags":["Level-1"],"fileTypesAndContributionMap":{"java":{"insertions":22,"deletions":2}}},{"hash":"5533c81ab7523bd4daedf379d9b167edc04bee38","isMergeCommit":false,"messageTitle":"Level 2","messageBody":"","tags":["Level-2"],"fileTypesAndContributionMap":{"java":{"insertions":11,"deletions":1}}},{"hash":"5535621d299aa21e52eaea2f20792150eb89146e","isMergeCommit":false,"messageTitle":"Level 3","messageBody":"","tags":["Level-3"],"fileTypesAndContributionMap":{"java":{"insertions":48,"deletions":3}}}]},{"date":"2025-08-23T00:00:00","commitResults":[{"hash":"3d87d765e377ed18ca50977435c428b80611fef3","isMergeCommit":false,"messageTitle":"Level 4","messageBody":"","tags":["Level-4"],"fileTypesAndContributionMap":{"java":{"insertions":85,"deletions":10}}},{"hash":"1bfc283e44a8e82d2fc6bf577c2e86b8ad76a097","isMergeCommit":false,"messageTitle":"Level 5","messageBody":"","tags":["Level-5"],"fileTypesAndContributionMap":{"java":{"insertions":39,"deletions":7}}},{"hash":"6e92550d16895b97c6222ec6fc2c0b8f6f52553b","isMergeCommit":false,"messageTitle":"Level-6","messageBody":"","tags":["Level-6"],"fileTypesAndContributionMap":{"java":{"insertions":22,"deletions":0}}},{"hash":"d575bae5ac79045e42dbdd2229bf15485a00aed4","isMergeCommit":false,"messageTitle":"Level-1","messageBody":"","fileTypesAndContributionMap":{"java":{"insertions":22,"deletions":2}}},{"hash":"2c4189012f38d666acb4dd8aa55e74efa0ce2088","isMergeCommit":false,"messageTitle":"Level-2","messageBody":"","fileTypesAndContributionMap":{"java":{"insertions":11,"deletions":1}}},{"hash":"c5b4c8d2f1f9625934552499a57b9461fec25434","isMergeCommit":false,"messageTitle":"Level-3","messageBody":"","fileTypesAndContributionMap":{"java":{"insertions":48,"deletions":3}}},{"hash":"67bdd969e9ec92155bde77705170a1244ecfe9b0","isMergeCommit":false,"messageTitle":"Level-4","messageBody":"","fileTypesAndContributionMap":{"java":{"insertions":85,"deletions":10}}},{"hash":"1b60cb0ea94a35f91c0bc8fe2d23fb7b8f55e0b2","isMergeCommit":false,"messageTitle":"Level-5","messageBody":"","fileTypesAndContributionMap":{"java":{"insertions":39,"deletions":7}}},{"hash":"b0f63f93b96c3625766c70fdec6a1e76213e175e","isMergeCommit":false,"messageTitle":"Level-6","messageBody":"","fileTypesAndContributionMap":{"java":{"insertions":22,"deletions":0}}},{"hash":"67b1e2c0ea87aa4e6a74f8934278e508cebc3a68","isMergeCommit":false,"messageTitle":"Level-7","messageBody":"","fileTypesAndContributionMap":{"txt":{"insertions":3,"deletions":0},"java":{"insertions":122,"deletions":2}}},{"hash":"94f9ccae76a38ffd32e237b5f032b1b9b1f882ef","isMergeCommit":true,"messageTitle":"Merge branch \u0027branch-Level-7; for Level-7","messageBody":"","tags":["Level-7"],"fileTypesAndContributionMap":{}},{"hash":"312402e4bfc1803d3c5277ba1257e003b130beb3","isMergeCommit":true,"messageTitle":"Merge remote-tracking branch \u0027origin/master\u0027","messageBody":"","fileTypesAndContributionMap":{}}]},{"date":"2025-08-24T00:00:00","commitResults":[{"hash":"07573bfdd130372a926c232ae00befe73c3d4273","isMergeCommit":false,"messageTitle":"Level-8","messageBody":"","fileTypesAndContributionMap":{"txt":{"insertions":2,"deletions":0},"java":{"insertions":25,"deletions":15}}},{"hash":"2764adb8b34718846e7656810e6ab0b787f657b4","isMergeCommit":true,"messageTitle":"Merge branch Level-8","messageBody":"","tags":["Level-8"],"fileTypesAndContributionMap":{}}]}]},"authorFileTypeContributionMap":{"tjinyao":{"java":341,"md":0,"fxml":0,"sh":0,"bat":0,"gradle":0,"txt":5}},"authorContributionVariance":{"tjinyao":16264.581},"authorDisplayNameMap":{"tjinyao":"TENG.. YAO"}}
