[{"path":"README.md","fileType":"md","lines":[{"lineNumber":1,"author":{"gitId":"Sengernest"},"content":"# Sengernest project template","lastModifiedDate":"2025-08-19T23:08:29","isFullCredit":false},{"lineNumber":2,"author":{"gitId":"-"},"content":"","lastModifiedDate":"2020-05-25T00:03:55","isFullCredit":false},{"lineNumber":3,"author":{"gitId":"-"},"content":"This is a project template for a greenfield Java project. It\u0027s named after the Java mascot _Duke_. Given below are instructions on how to use it.","lastModifiedDate":"2020-05-25T00:03:55","isFullCredit":false},{"lineNumber":4,"author":{"gitId":"-"},"content":"","lastModifiedDate":"2020-05-25T00:03:55","isFullCredit":false},{"lineNumber":5,"author":{"gitId":"-"},"content":"## Setting up in Intellij","lastModifiedDate":"2020-05-25T00:03:55","isFullCredit":false},{"lineNumber":6,"author":{"gitId":"-"},"content":"","lastModifiedDate":"2020-05-25T00:03:55","isFullCredit":false},{"lineNumber":7,"author":{"gitId":"-"},"content":"Prerequisites: JDK 17, update Intellij to the most recent version.","lastModifiedDate":"2024-07-11T16:50:14","isFullCredit":false},{"lineNumber":8,"author":{"gitId":"-"},"content":"","lastModifiedDate":"2020-05-25T00:03:55","isFullCredit":false},{"lineNumber":9,"author":{"gitId":"-"},"content":"1. Open Intellij (if you are not in the welcome screen, click `File` \u003e `Close Project` to close the existing project first)","lastModifiedDate":"2021-01-17T12:25:53","isFullCredit":false},{"lineNumber":10,"author":{"gitId":"-"},"content":"1. Open the project into Intellij as follows:","lastModifiedDate":"2021-01-17T12:25:53","isFullCredit":false},{"lineNumber":11,"author":{"gitId":"-"},"content":"   1. Click `Open`.","lastModifiedDate":"2021-01-17T12:25:53","isFullCredit":false},{"lineNumber":12,"author":{"gitId":"-"},"content":"   1. Select the project directory, and click `OK`.","lastModifiedDate":"2021-01-17T12:25:53","isFullCredit":false},{"lineNumber":13,"author":{"gitId":"-"},"content":"   1. If there are any further prompts, accept the defaults.","lastModifiedDate":"2020-05-25T00:03:55","isFullCredit":false},{"lineNumber":14,"author":{"gitId":"-"},"content":"1. Configure the project to use **JDK 17** (not other versions) as explained in [here](https://www.jetbrains.com/help/idea/sdk.html#set-up-jdk).\u003cbr\u003e","lastModifiedDate":"2024-07-11T16:50:14","isFullCredit":false},{"lineNumber":15,"author":{"gitId":"-"},"content":"   In the same dialog, set the **Project language level** field to the `SDK default` option.","lastModifiedDate":"2021-07-29T20:29:39","isFullCredit":false},{"lineNumber":16,"author":{"gitId":"Sengernest"},"content":"1. After that, locate the `src/main/java/Sengernest.java` file, right-click it, and choose `Run Sengernest.main()` (if the code editor is showing compile errors, try restarting the IDE). If the setup is correct, you should see something like the below as the output:","lastModifiedDate":"2025-08-19T23:08:29","isFullCredit":false},{"lineNumber":17,"author":{"gitId":"-"},"content":"   ```","lastModifiedDate":"2020-05-25T00:03:55","isFullCredit":false},{"lineNumber":18,"author":{"gitId":"-"},"content":"   Hello from","lastModifiedDate":"2020-05-25T00:03:55","isFullCredit":false},{"lineNumber":19,"author":{"gitId":"-"},"content":"    ____        _        ","lastModifiedDate":"2020-05-25T00:03:55","isFullCredit":false},{"lineNumber":20,"author":{"gitId":"-"},"content":"   |  _ \\ _   _| | _____ ","lastModifiedDate":"2020-05-25T00:03:55","isFullCredit":false},{"lineNumber":21,"author":{"gitId":"-"},"content":"   | | | | | | | |/ / _ \\","lastModifiedDate":"2020-05-25T00:03:55","isFullCredit":false},{"lineNumber":22,"author":{"gitId":"-"},"content":"   | |_| | |_| |   \u003c  __/","lastModifiedDate":"2020-05-25T00:03:55","isFullCredit":false},{"lineNumber":23,"author":{"gitId":"-"},"content":"   |____/ \\__,_|_|\\_\\___|","lastModifiedDate":"2020-05-25T00:03:55","isFullCredit":false},{"lineNumber":24,"author":{"gitId":"-"},"content":"   ```","lastModifiedDate":"2020-05-25T00:03:55","isFullCredit":false},{"lineNumber":25,"author":{"gitId":"-"},"content":"","lastModifiedDate":"2025-01-04T21:44:28","isFullCredit":false},{"lineNumber":26,"author":{"gitId":"-"},"content":"**Warning:** Keep the `src\\main\\java` folder as the root folder for Java files (i.e., don\u0027t rename those folders or move Java files to another folder outside of this folder path), as this is the default location some tools (e.g., Gradle) expect to find Java files.","lastModifiedDate":"2025-01-04T21:44:28","isFullCredit":false}],"authorContributionMap":{"Sengernest":2,"-":24}},{"path":"docs/README.md","fileType":"md","lines":[{"lineNumber":1,"author":{"gitId":"Sengernest"},"content":"# Sengernest User Guide","lastModifiedDate":"2025-08-19T23:08:29","isFullCredit":false},{"lineNumber":2,"author":{"gitId":"-"},"content":"","lastModifiedDate":"2019-07-29T17:14:46","isFullCredit":false},{"lineNumber":3,"author":{"gitId":"-"},"content":"// Update the title above to match the actual product name","lastModifiedDate":"2024-01-07T18:33:52","isFullCredit":false},{"lineNumber":4,"author":{"gitId":"-"},"content":"","lastModifiedDate":"2019-07-29T17:14:46","isFullCredit":false},{"lineNumber":5,"author":{"gitId":"-"},"content":"// Product screenshot goes here","lastModifiedDate":"2024-01-07T18:33:52","isFullCredit":false},{"lineNumber":6,"author":{"gitId":"-"},"content":"","lastModifiedDate":"2021-07-17T16:49:07","isFullCredit":false},{"lineNumber":7,"author":{"gitId":"-"},"content":"// Product intro goes here","lastModifiedDate":"2024-01-07T18:33:52","isFullCredit":false},{"lineNumber":8,"author":{"gitId":"-"},"content":"","lastModifiedDate":"2021-07-17T16:49:07","isFullCredit":false},{"lineNumber":9,"author":{"gitId":"-"},"content":"## Adding deadlines","lastModifiedDate":"2024-01-07T18:33:52","isFullCredit":false},{"lineNumber":10,"author":{"gitId":"-"},"content":"","lastModifiedDate":"2021-07-17T16:49:07","isFullCredit":false},{"lineNumber":11,"author":{"gitId":"-"},"content":"// Describe the action and its outcome.","lastModifiedDate":"2024-01-07T18:33:52","isFullCredit":false},{"lineNumber":12,"author":{"gitId":"-"},"content":"","lastModifiedDate":"2019-07-29T17:14:46","isFullCredit":false},{"lineNumber":13,"author":{"gitId":"-"},"content":"// Give examples of usage","lastModifiedDate":"2024-01-07T18:33:52","isFullCredit":false},{"lineNumber":14,"author":{"gitId":"-"},"content":"","lastModifiedDate":"2019-07-29T17:14:46","isFullCredit":false},{"lineNumber":15,"author":{"gitId":"-"},"content":"Example: `keyword (optional arguments)`","lastModifiedDate":"2024-01-07T18:33:52","isFullCredit":false},{"lineNumber":16,"author":{"gitId":"-"},"content":"","lastModifiedDate":"2019-07-29T17:14:46","isFullCredit":false},{"lineNumber":17,"author":{"gitId":"-"},"content":"// A description of the expected outcome goes here","lastModifiedDate":"2024-01-07T18:33:52","isFullCredit":false},{"lineNumber":18,"author":{"gitId":"-"},"content":"","lastModifiedDate":"2019-07-29T17:14:46","isFullCredit":false},{"lineNumber":19,"author":{"gitId":"-"},"content":"```","lastModifiedDate":"2024-01-07T18:33:52","isFullCredit":false},{"lineNumber":20,"author":{"gitId":"-"},"content":"expected output","lastModifiedDate":"2024-01-07T18:33:52","isFullCredit":false},{"lineNumber":21,"author":{"gitId":"-"},"content":"```","lastModifiedDate":"2024-01-07T18:33:52","isFullCredit":false},{"lineNumber":22,"author":{"gitId":"-"},"content":"","lastModifiedDate":"2019-07-29T17:14:46","isFullCredit":false},{"lineNumber":23,"author":{"gitId":"-"},"content":"## Feature ABC","lastModifiedDate":"2024-01-07T18:33:52","isFullCredit":false},{"lineNumber":24,"author":{"gitId":"-"},"content":"","lastModifiedDate":"2019-07-29T17:14:46","isFullCredit":false},{"lineNumber":25,"author":{"gitId":"-"},"content":"// Feature details","lastModifiedDate":"2024-01-07T18:33:52","isFullCredit":false},{"lineNumber":26,"author":{"gitId":"-"},"content":"","lastModifiedDate":"2019-07-29T17:14:46","isFullCredit":false},{"lineNumber":27,"author":{"gitId":"-"},"content":"","lastModifiedDate":"2021-07-17T16:49:07","isFullCredit":false},{"lineNumber":28,"author":{"gitId":"-"},"content":"## Feature XYZ","lastModifiedDate":"2024-01-07T18:33:52","isFullCredit":false},{"lineNumber":29,"author":{"gitId":"-"},"content":"","lastModifiedDate":"2024-01-07T18:33:52","isFullCredit":false},{"lineNumber":30,"author":{"gitId":"-"},"content":"// Feature details","lastModifiedDate":"2024-01-07T18:33:52","isFullCredit":false}],"authorContributionMap":{"Sengernest":1,"-":29}},{"path":"src/main/java/Sengernest.java","fileType":"java","lines":[{"lineNumber":1,"author":{"gitId":"Sengernest"},"content":"import java.util.Scanner;","lastModifiedDate":"2025-08-19T23:44:17","isFullCredit":false},{"lineNumber":2,"author":{"gitId":"Sengernest"},"content":"","lastModifiedDate":"2025-08-19T23:44:17","isFullCredit":false},{"lineNumber":3,"author":{"gitId":"Sengernest"},"content":"public class Sengernest {","lastModifiedDate":"2025-08-19T23:08:29","isFullCredit":false},{"lineNumber":4,"author":{"gitId":"Sengernest"},"content":"","lastModifiedDate":"2025-08-19T23:44:17","isFullCredit":false},{"lineNumber":5,"author":{"gitId":"Sengernest"},"content":"    public static void printList(int count, task[] list) {","lastModifiedDate":"2025-08-21T16:41:10","isFullCredit":false},{"lineNumber":6,"author":{"gitId":"Sengernest"},"content":"        System.out.println(\"Your List:\");","lastModifiedDate":"2025-08-21T16:41:10","isFullCredit":false},{"lineNumber":7,"author":{"gitId":"Sengernest"},"content":"        for (int i \u003d 0; i \u003c count; i++) {","lastModifiedDate":"2025-08-21T16:41:10","isFullCredit":false},{"lineNumber":8,"author":{"gitId":"Sengernest"},"content":"            System.out.println(i + 1 + \". \"+ list[i].getTasking());","lastModifiedDate":"2025-08-21T16:41:10","isFullCredit":false},{"lineNumber":9,"author":{"gitId":"Sengernest"},"content":"        }","lastModifiedDate":"2025-08-21T16:41:10","isFullCredit":false},{"lineNumber":10,"author":{"gitId":"Sengernest"},"content":"    }","lastModifiedDate":"2025-08-21T16:41:10","isFullCredit":false},{"lineNumber":11,"author":{"gitId":"Sengernest"},"content":"","lastModifiedDate":"2025-08-21T16:41:10","isFullCredit":false},{"lineNumber":12,"author":{"gitId":"Sengernest"},"content":"    public static void nextCommand() {","lastModifiedDate":"2025-08-21T16:41:10","isFullCredit":false},{"lineNumber":13,"author":{"gitId":"Sengernest"},"content":"        System.out.println();","lastModifiedDate":"2025-08-21T16:41:10","isFullCredit":false},{"lineNumber":14,"author":{"gitId":"Sengernest"},"content":"        System.out.print(\"Enter next command:\");","lastModifiedDate":"2025-08-21T16:41:10","isFullCredit":false},{"lineNumber":15,"author":{"gitId":"Sengernest"},"content":"    }","lastModifiedDate":"2025-08-21T16:41:10","isFullCredit":false},{"lineNumber":16,"author":{"gitId":"Sengernest"},"content":"","lastModifiedDate":"2025-08-21T16:41:10","isFullCredit":false},{"lineNumber":17,"author":{"gitId":"Sengernest"},"content":"    public static void main(String[] args) {","lastModifiedDate":"2025-08-19T23:08:29","isFullCredit":false},{"lineNumber":18,"author":{"gitId":"Sengernest"},"content":"        Scanner scanner \u003d new Scanner(System.in);","lastModifiedDate":"2025-08-19T23:44:17","isFullCredit":false},{"lineNumber":19,"author":{"gitId":"Sengernest"},"content":"        task[] list \u003d new task[100];","lastModifiedDate":"2025-08-21T16:41:10","isFullCredit":false},{"lineNumber":20,"author":{"gitId":"Sengernest"},"content":"        int count \u003d 0;","lastModifiedDate":"2025-08-20T00:15:29","isFullCredit":false},{"lineNumber":21,"author":{"gitId":"Sengernest"},"content":"        list[0] \u003d new task(\"\");","lastModifiedDate":"2025-08-21T16:41:10","isFullCredit":false},{"lineNumber":22,"author":{"gitId":"Sengernest"},"content":"","lastModifiedDate":"2025-08-19T23:44:17","isFullCredit":false},{"lineNumber":23,"author":{"gitId":"Sengernest"},"content":"        System.out.println(\"Hello! I\u0027m Sengernest\");","lastModifiedDate":"2025-08-19T23:08:29","isFullCredit":false},{"lineNumber":24,"author":{"gitId":"Sengernest"},"content":"        System.out.print(\"What can I do for you?:\");","lastModifiedDate":"2025-08-19T23:44:17","isFullCredit":false},{"lineNumber":25,"author":{"gitId":"Sengernest"},"content":"","lastModifiedDate":"2025-08-19T23:44:17","isFullCredit":false},{"lineNumber":26,"author":{"gitId":"Sengernest"},"content":"        while (scanner.hasNextLine()) {","lastModifiedDate":"2025-08-21T18:06:34","isFullCredit":false},{"lineNumber":27,"author":{"gitId":"Sengernest"},"content":"            String[] commands \u003d scanner.nextLine().trim().split(\" \", 2);","lastModifiedDate":"2025-08-21T16:41:10","isFullCredit":false},{"lineNumber":28,"author":{"gitId":"Sengernest"},"content":"            String command \u003d commands[0];","lastModifiedDate":"2025-08-21T16:41:10","isFullCredit":false},{"lineNumber":29,"author":{"gitId":"Sengernest"},"content":"","lastModifiedDate":"2025-08-21T16:41:10","isFullCredit":false},{"lineNumber":30,"author":{"gitId":"Sengernest"},"content":"            if (command.equals(\"bye\")) {","lastModifiedDate":"2025-08-19T23:44:17","isFullCredit":false},{"lineNumber":31,"author":{"gitId":"Sengernest"},"content":"                System.out.println();","lastModifiedDate":"2025-08-19T23:08:29","isFullCredit":false},{"lineNumber":32,"author":{"gitId":"Sengernest"},"content":"                System.out.println(\"Goodbye, hope to see you again soon!\");","lastModifiedDate":"2025-08-19T23:44:17","isFullCredit":false},{"lineNumber":33,"author":{"gitId":"Sengernest"},"content":"                break;","lastModifiedDate":"2025-08-19T23:44:17","isFullCredit":false},{"lineNumber":34,"author":{"gitId":"Sengernest"},"content":"","lastModifiedDate":"2025-08-21T16:41:10","isFullCredit":false},{"lineNumber":35,"author":{"gitId":"Sengernest"},"content":"            } else if (command.equals(\"list\")) {","lastModifiedDate":"2025-08-20T00:15:29","isFullCredit":false},{"lineNumber":36,"author":{"gitId":"Sengernest"},"content":"                System.out.println();","lastModifiedDate":"2025-08-20T00:15:29","isFullCredit":false},{"lineNumber":37,"author":{"gitId":"Sengernest"},"content":"                if (list[0].isEmpty()) {","lastModifiedDate":"2025-08-21T16:41:10","isFullCredit":false},{"lineNumber":38,"author":{"gitId":"Sengernest"},"content":"                    System.out.println(\"Nothing added yet!\");","lastModifiedDate":"2025-08-20T00:15:29","isFullCredit":false},{"lineNumber":39,"author":{"gitId":"Sengernest"},"content":"                } else {","lastModifiedDate":"2025-08-19T23:44:17","isFullCredit":false},{"lineNumber":40,"author":{"gitId":"Sengernest"},"content":"                    printList(count, list);","lastModifiedDate":"2025-08-21T16:41:10","isFullCredit":false},{"lineNumber":41,"author":{"gitId":"Sengernest"},"content":"                }","lastModifiedDate":"2025-08-20T00:15:29","isFullCredit":false},{"lineNumber":42,"author":{"gitId":"Sengernest"},"content":"                nextCommand();","lastModifiedDate":"2025-08-21T16:41:10","isFullCredit":false},{"lineNumber":43,"author":{"gitId":"Sengernest"},"content":"","lastModifiedDate":"2025-08-21T16:41:10","isFullCredit":false},{"lineNumber":44,"author":{"gitId":"Sengernest"},"content":"            } else if (command.equals(\"mark\")) {","lastModifiedDate":"2025-08-21T16:41:10","isFullCredit":false},{"lineNumber":45,"author":{"gitId":"Sengernest"},"content":"                list[Integer.parseInt(commands[1]) - 1].finish();","lastModifiedDate":"2025-08-21T16:41:10","isFullCredit":false},{"lineNumber":46,"author":{"gitId":"Sengernest"},"content":"                printList(count, list);","lastModifiedDate":"2025-08-21T16:41:10","isFullCredit":false},{"lineNumber":47,"author":{"gitId":"Sengernest"},"content":"                nextCommand();","lastModifiedDate":"2025-08-21T16:41:10","isFullCredit":false},{"lineNumber":48,"author":{"gitId":"Sengernest"},"content":"            } else if (command.equals(\"unmark\")) {","lastModifiedDate":"2025-08-21T16:41:10","isFullCredit":false},{"lineNumber":49,"author":{"gitId":"Sengernest"},"content":"                list[Integer.parseInt(commands[1]) - 1].unfinish();","lastModifiedDate":"2025-08-21T16:41:10","isFullCredit":false},{"lineNumber":50,"author":{"gitId":"Sengernest"},"content":"                printList(count, list);","lastModifiedDate":"2025-08-21T16:41:10","isFullCredit":false},{"lineNumber":51,"author":{"gitId":"Sengernest"},"content":"                nextCommand();","lastModifiedDate":"2025-08-21T16:41:10","isFullCredit":false},{"lineNumber":52,"author":{"gitId":"Sengernest"},"content":"            } else if (command.equals(\"todo\")) {","lastModifiedDate":"2025-08-21T17:17:49","isFullCredit":false},{"lineNumber":53,"author":{"gitId":"Sengernest"},"content":"                list[count] \u003d new toDo(commands[1]);","lastModifiedDate":"2025-08-21T17:17:49","isFullCredit":false},{"lineNumber":54,"author":{"gitId":"Sengernest"},"content":"                count ++;","lastModifiedDate":"2025-08-21T17:17:49","isFullCredit":false},{"lineNumber":55,"author":{"gitId":"Sengernest"},"content":"                System.out.println();","lastModifiedDate":"2025-08-21T17:17:49","isFullCredit":false},{"lineNumber":56,"author":{"gitId":"Sengernest"},"content":"                System.out.println(\"added to list: \" + commands[1]);","lastModifiedDate":"2025-08-21T17:17:49","isFullCredit":false},{"lineNumber":57,"author":{"gitId":"Sengernest"},"content":"                nextCommand();","lastModifiedDate":"2025-08-21T17:17:49","isFullCredit":false},{"lineNumber":58,"author":{"gitId":"Sengernest"},"content":"            } else if (command.equals(\"deadline\")) {","lastModifiedDate":"2025-08-21T17:17:49","isFullCredit":false},{"lineNumber":59,"author":{"gitId":"Sengernest"},"content":"                if (commands.length \u003e 1) {","lastModifiedDate":"2025-08-21T16:41:10","isFullCredit":false},{"lineNumber":60,"author":{"gitId":"Sengernest"},"content":"                    String[] parts \u003d commands[1].split(\"/by\", 2);","lastModifiedDate":"2025-08-21T17:17:49","isFullCredit":false},{"lineNumber":61,"author":{"gitId":"Sengernest"},"content":"                    String description \u003d parts[0].trim();","lastModifiedDate":"2025-08-21T17:17:49","isFullCredit":false},{"lineNumber":62,"author":{"gitId":"Sengernest"},"content":"                    String by \u003d (parts.length \u003e 1) ? parts[1].trim() : \"\";","lastModifiedDate":"2025-08-21T17:17:49","isFullCredit":false},{"lineNumber":63,"author":{"gitId":"Sengernest"},"content":"                    list[count] \u003d new deadline(description, by);","lastModifiedDate":"2025-08-21T17:17:49","isFullCredit":false},{"lineNumber":64,"author":{"gitId":"Sengernest"},"content":"                    count++;","lastModifiedDate":"2025-08-21T17:17:49","isFullCredit":false},{"lineNumber":65,"author":{"gitId":"Sengernest"},"content":"                    System.out.println();","lastModifiedDate":"2025-08-21T17:17:49","isFullCredit":false},{"lineNumber":66,"author":{"gitId":"Sengernest"},"content":"                    System.out.println(\"added to list: \" + description + \" by \" + by);","lastModifiedDate":"2025-08-21T17:17:49","isFullCredit":false},{"lineNumber":67,"author":{"gitId":"Sengernest"},"content":"                }","lastModifiedDate":"2025-08-21T16:41:10","isFullCredit":false},{"lineNumber":68,"author":{"gitId":"Sengernest"},"content":"                nextCommand();","lastModifiedDate":"2025-08-21T17:17:49","isFullCredit":false},{"lineNumber":69,"author":{"gitId":"Sengernest"},"content":"            }","lastModifiedDate":"2025-08-21T17:17:49","isFullCredit":false},{"lineNumber":70,"author":{"gitId":"Sengernest"},"content":"            else {","lastModifiedDate":"2025-08-21T17:17:49","isFullCredit":false},{"lineNumber":71,"author":{"gitId":"Sengernest"},"content":"                if (commands.length \u003e 1) {","lastModifiedDate":"2025-08-21T17:17:49","isFullCredit":false},{"lineNumber":72,"author":{"gitId":"Sengernest"},"content":"                    String[] firstSplit \u003d commands[1].split(\"/from\", 2);","lastModifiedDate":"2025-08-21T17:17:49","isFullCredit":false},{"lineNumber":73,"author":{"gitId":"Sengernest"},"content":"                    String description \u003d firstSplit[0].trim();","lastModifiedDate":"2025-08-21T17:17:49","isFullCredit":false},{"lineNumber":74,"author":{"gitId":"Sengernest"},"content":"                    String from \u003d \"\";","lastModifiedDate":"2025-08-21T17:17:49","isFullCredit":false},{"lineNumber":75,"author":{"gitId":"Sengernest"},"content":"                    String to \u003d \"\";","lastModifiedDate":"2025-08-21T17:17:49","isFullCredit":false},{"lineNumber":76,"author":{"gitId":"Sengernest"},"content":"                    if (firstSplit.length \u003e 1) {","lastModifiedDate":"2025-08-21T17:17:49","isFullCredit":false},{"lineNumber":77,"author":{"gitId":"Sengernest"},"content":"                        String[] secondSplit \u003d firstSplit[1].split(\"/to\", 2);","lastModifiedDate":"2025-08-21T17:17:49","isFullCredit":false},{"lineNumber":78,"author":{"gitId":"Sengernest"},"content":"                        from \u003d secondSplit[0].trim();","lastModifiedDate":"2025-08-21T17:17:49","isFullCredit":false},{"lineNumber":79,"author":{"gitId":"Sengernest"},"content":"                        if (secondSplit.length \u003e 1) {","lastModifiedDate":"2025-08-21T17:17:49","isFullCredit":false},{"lineNumber":80,"author":{"gitId":"Sengernest"},"content":"                            to \u003d secondSplit[1].trim();","lastModifiedDate":"2025-08-21T17:17:49","isFullCredit":false},{"lineNumber":81,"author":{"gitId":"Sengernest"},"content":"                        }","lastModifiedDate":"2025-08-21T17:17:49","isFullCredit":false},{"lineNumber":82,"author":{"gitId":"Sengernest"},"content":"                    }","lastModifiedDate":"2025-08-21T17:17:49","isFullCredit":false},{"lineNumber":83,"author":{"gitId":"Sengernest"},"content":"                    list[count] \u003d new event(description, from, to);","lastModifiedDate":"2025-08-21T17:17:49","isFullCredit":false},{"lineNumber":84,"author":{"gitId":"Sengernest"},"content":"                    count++;","lastModifiedDate":"2025-08-21T17:17:49","isFullCredit":false},{"lineNumber":85,"author":{"gitId":"Sengernest"},"content":"                    System.out.println();","lastModifiedDate":"2025-08-20T00:15:29","isFullCredit":false},{"lineNumber":86,"author":{"gitId":"Sengernest"},"content":"                    System.out.println(\"added to list: \" + description + \" from \" + from + \" to \" + to);","lastModifiedDate":"2025-08-21T17:17:49","isFullCredit":false},{"lineNumber":87,"author":{"gitId":"Sengernest"},"content":"                }","lastModifiedDate":"2025-08-21T17:17:49","isFullCredit":false},{"lineNumber":88,"author":{"gitId":"Sengernest"},"content":"                nextCommand();","lastModifiedDate":"2025-08-21T16:41:10","isFullCredit":false},{"lineNumber":89,"author":{"gitId":"Sengernest"},"content":"            }","lastModifiedDate":"2025-08-19T23:44:17","isFullCredit":false},{"lineNumber":90,"author":{"gitId":"Sengernest"},"content":"        }","lastModifiedDate":"2025-08-19T23:44:17","isFullCredit":false},{"lineNumber":91,"author":{"gitId":"Sengernest"},"content":"","lastModifiedDate":"2025-08-19T23:44:17","isFullCredit":false},{"lineNumber":92,"author":{"gitId":"Sengernest"},"content":"        scanner.close();","lastModifiedDate":"2025-08-19T23:44:17","isFullCredit":false},{"lineNumber":93,"author":{"gitId":"Sengernest"},"content":"    }","lastModifiedDate":"2025-08-19T23:08:29","isFullCredit":false},{"lineNumber":94,"author":{"gitId":"Sengernest"},"content":"","lastModifiedDate":"2025-08-20T00:15:29","isFullCredit":false},{"lineNumber":95,"author":{"gitId":"Sengernest"},"content":"}","lastModifiedDate":"2025-08-19T23:08:29","isFullCredit":false}],"authorContributionMap":{"Sengernest":95}},{"path":"src/main/java/deadline.java","fileType":"java","lines":[{"lineNumber":1,"author":{"gitId":"Sengernest"},"content":"public class deadline extends task {","lastModifiedDate":"2025-08-21T17:17:49","isFullCredit":false},{"lineNumber":2,"author":{"gitId":"Sengernest"},"content":"    private final String date;","lastModifiedDate":"2025-08-21T17:17:49","isFullCredit":false},{"lineNumber":3,"author":{"gitId":"Sengernest"},"content":"","lastModifiedDate":"2025-08-21T17:17:49","isFullCredit":false},{"lineNumber":4,"author":{"gitId":"Sengernest"},"content":"    public deadline(String tasking, String date) {","lastModifiedDate":"2025-08-21T17:17:49","isFullCredit":false},{"lineNumber":5,"author":{"gitId":"Sengernest"},"content":"        super(tasking);","lastModifiedDate":"2025-08-21T17:17:49","isFullCredit":false},{"lineNumber":6,"author":{"gitId":"Sengernest"},"content":"        this.date \u003d date;","lastModifiedDate":"2025-08-21T17:17:49","isFullCredit":false},{"lineNumber":7,"author":{"gitId":"Sengernest"},"content":"    }","lastModifiedDate":"2025-08-21T17:17:49","isFullCredit":false},{"lineNumber":8,"author":{"gitId":"Sengernest"},"content":"","lastModifiedDate":"2025-08-21T17:17:49","isFullCredit":false},{"lineNumber":9,"author":{"gitId":"Sengernest"},"content":"    @Override","lastModifiedDate":"2025-08-21T17:17:49","isFullCredit":false},{"lineNumber":10,"author":{"gitId":"Sengernest"},"content":"    public String getTasking() {","lastModifiedDate":"2025-08-21T17:17:49","isFullCredit":false},{"lineNumber":11,"author":{"gitId":"Sengernest"},"content":"        return \"[D]\" + super.getTasking() + \" (by: \" + this.date + \")\";","lastModifiedDate":"2025-08-21T17:17:49","isFullCredit":false},{"lineNumber":12,"author":{"gitId":"Sengernest"},"content":"    }","lastModifiedDate":"2025-08-21T17:17:49","isFullCredit":false},{"lineNumber":13,"author":{"gitId":"Sengernest"},"content":"}","lastModifiedDate":"2025-08-21T17:17:49","isFullCredit":false}],"authorContributionMap":{"Sengernest":13}},{"path":"src/main/java/event.java","fileType":"java","lines":[{"lineNumber":1,"author":{"gitId":"Sengernest"},"content":"public class event extends task {","lastModifiedDate":"2025-08-21T17:17:49","isFullCredit":false},{"lineNumber":2,"author":{"gitId":"Sengernest"},"content":"    private final String startDate;","lastModifiedDate":"2025-08-21T17:17:49","isFullCredit":false},{"lineNumber":3,"author":{"gitId":"Sengernest"},"content":"    private final String endDate;","lastModifiedDate":"2025-08-21T17:17:49","isFullCredit":false},{"lineNumber":4,"author":{"gitId":"Sengernest"},"content":"","lastModifiedDate":"2025-08-21T17:17:49","isFullCredit":false},{"lineNumber":5,"author":{"gitId":"Sengernest"},"content":"    public event(String tasking, String startDate, String endDate) {","lastModifiedDate":"2025-08-21T17:17:49","isFullCredit":false},{"lineNumber":6,"author":{"gitId":"Sengernest"},"content":"        super(tasking);","lastModifiedDate":"2025-08-21T17:17:49","isFullCredit":false},{"lineNumber":7,"author":{"gitId":"Sengernest"},"content":"        this.startDate \u003d startDate;","lastModifiedDate":"2025-08-21T17:17:49","isFullCredit":false},{"lineNumber":8,"author":{"gitId":"Sengernest"},"content":"        this.endDate \u003d endDate;","lastModifiedDate":"2025-08-21T17:17:49","isFullCredit":false},{"lineNumber":9,"author":{"gitId":"Sengernest"},"content":"    }","lastModifiedDate":"2025-08-21T17:17:49","isFullCredit":false},{"lineNumber":10,"author":{"gitId":"Sengernest"},"content":"","lastModifiedDate":"2025-08-21T17:17:49","isFullCredit":false},{"lineNumber":11,"author":{"gitId":"Sengernest"},"content":"    @Override","lastModifiedDate":"2025-08-21T17:17:49","isFullCredit":false},{"lineNumber":12,"author":{"gitId":"Sengernest"},"content":"    public String getTasking() {","lastModifiedDate":"2025-08-21T17:17:49","isFullCredit":false},{"lineNumber":13,"author":{"gitId":"Sengernest"},"content":"        return \"[E]\" + super.getTasking() + \" (from: \" + this.startDate + \" to: \" + this.endDate + \")\";","lastModifiedDate":"2025-08-21T17:17:49","isFullCredit":false},{"lineNumber":14,"author":{"gitId":"Sengernest"},"content":"    }","lastModifiedDate":"2025-08-21T17:17:49","isFullCredit":false},{"lineNumber":15,"author":{"gitId":"Sengernest"},"content":"}","lastModifiedDate":"2025-08-21T17:17:49","isFullCredit":false}],"authorContributionMap":{"Sengernest":15}},{"path":"src/main/java/task.java","fileType":"java","lines":[{"lineNumber":1,"author":{"gitId":"Sengernest"},"content":"public class task {","lastModifiedDate":"2025-08-21T16:41:10","isFullCredit":false},{"lineNumber":2,"author":{"gitId":"Sengernest"},"content":"    private final String tasking;","lastModifiedDate":"2025-08-21T17:17:49","isFullCredit":false},{"lineNumber":3,"author":{"gitId":"Sengernest"},"content":"    private boolean finished;","lastModifiedDate":"2025-08-21T16:41:10","isFullCredit":false},{"lineNumber":4,"author":{"gitId":"Sengernest"},"content":"","lastModifiedDate":"2025-08-21T16:41:10","isFullCredit":false},{"lineNumber":5,"author":{"gitId":"Sengernest"},"content":"    public task(String tasking) {","lastModifiedDate":"2025-08-21T16:41:10","isFullCredit":false},{"lineNumber":6,"author":{"gitId":"Sengernest"},"content":"        this.tasking \u003d tasking;","lastModifiedDate":"2025-08-21T16:41:10","isFullCredit":false},{"lineNumber":7,"author":{"gitId":"Sengernest"},"content":"        this.finished \u003d false;","lastModifiedDate":"2025-08-21T16:41:10","isFullCredit":false},{"lineNumber":8,"author":{"gitId":"Sengernest"},"content":"    }","lastModifiedDate":"2025-08-21T16:41:10","isFullCredit":false},{"lineNumber":9,"author":{"gitId":"Sengernest"},"content":"","lastModifiedDate":"2025-08-21T16:41:10","isFullCredit":false},{"lineNumber":10,"author":{"gitId":"Sengernest"},"content":"    public boolean isEmpty() {","lastModifiedDate":"2025-08-21T16:41:10","isFullCredit":false},{"lineNumber":11,"author":{"gitId":"Sengernest"},"content":"        return this.tasking.isEmpty();","lastModifiedDate":"2025-08-21T16:41:10","isFullCredit":false},{"lineNumber":12,"author":{"gitId":"Sengernest"},"content":"    }","lastModifiedDate":"2025-08-21T16:41:10","isFullCredit":false},{"lineNumber":13,"author":{"gitId":"Sengernest"},"content":"","lastModifiedDate":"2025-08-21T16:41:10","isFullCredit":false},{"lineNumber":14,"author":{"gitId":"Sengernest"},"content":"    public boolean isFinished() {","lastModifiedDate":"2025-08-21T16:41:10","isFullCredit":false},{"lineNumber":15,"author":{"gitId":"Sengernest"},"content":"        return this.finished;","lastModifiedDate":"2025-08-21T16:41:10","isFullCredit":false},{"lineNumber":16,"author":{"gitId":"Sengernest"},"content":"    }","lastModifiedDate":"2025-08-21T16:41:10","isFullCredit":false},{"lineNumber":17,"author":{"gitId":"Sengernest"},"content":"","lastModifiedDate":"2025-08-21T16:41:10","isFullCredit":false},{"lineNumber":18,"author":{"gitId":"Sengernest"},"content":"    public void finish() {","lastModifiedDate":"2025-08-21T16:41:10","isFullCredit":false},{"lineNumber":19,"author":{"gitId":"Sengernest"},"content":"        this.finished \u003d true;","lastModifiedDate":"2025-08-21T16:41:10","isFullCredit":false},{"lineNumber":20,"author":{"gitId":"Sengernest"},"content":"    }","lastModifiedDate":"2025-08-21T16:41:10","isFullCredit":false},{"lineNumber":21,"author":{"gitId":"Sengernest"},"content":"","lastModifiedDate":"2025-08-21T16:41:10","isFullCredit":false},{"lineNumber":22,"author":{"gitId":"Sengernest"},"content":"    public void unfinish() {","lastModifiedDate":"2025-08-21T16:41:10","isFullCredit":false},{"lineNumber":23,"author":{"gitId":"Sengernest"},"content":"        this.finished \u003d false;","lastModifiedDate":"2025-08-21T16:41:10","isFullCredit":false},{"lineNumber":24,"author":{"gitId":"Sengernest"},"content":"    }","lastModifiedDate":"2025-08-21T16:41:10","isFullCredit":false},{"lineNumber":25,"author":{"gitId":"Sengernest"},"content":"","lastModifiedDate":"2025-08-21T16:41:10","isFullCredit":false},{"lineNumber":26,"author":{"gitId":"Sengernest"},"content":"    public String getTasking() {","lastModifiedDate":"2025-08-21T16:41:10","isFullCredit":false},{"lineNumber":27,"author":{"gitId":"Sengernest"},"content":"        if (this.finished) {","lastModifiedDate":"2025-08-21T16:41:10","isFullCredit":false},{"lineNumber":28,"author":{"gitId":"Sengernest"},"content":"            return \"[X] \" + this.tasking;","lastModifiedDate":"2025-08-21T16:41:10","isFullCredit":false},{"lineNumber":29,"author":{"gitId":"Sengernest"},"content":"        } else {","lastModifiedDate":"2025-08-21T16:41:10","isFullCredit":false},{"lineNumber":30,"author":{"gitId":"Sengernest"},"content":"            return \"[ ] \" + this.tasking;","lastModifiedDate":"2025-08-21T16:41:10","isFullCredit":false},{"lineNumber":31,"author":{"gitId":"Sengernest"},"content":"        }","lastModifiedDate":"2025-08-21T16:41:10","isFullCredit":false},{"lineNumber":32,"author":{"gitId":"Sengernest"},"content":"    }","lastModifiedDate":"2025-08-21T16:41:10","isFullCredit":false},{"lineNumber":33,"author":{"gitId":"Sengernest"},"content":"}","lastModifiedDate":"2025-08-21T16:41:10","isFullCredit":false}],"authorContributionMap":{"Sengernest":33}},{"path":"src/main/java/toDo.java","fileType":"java","lines":[{"lineNumber":1,"author":{"gitId":"Sengernest"},"content":"public class toDo extends task {","lastModifiedDate":"2025-08-21T17:17:49","isFullCredit":false},{"lineNumber":2,"author":{"gitId":"Sengernest"},"content":"","lastModifiedDate":"2025-08-21T17:17:49","isFullCredit":false},{"lineNumber":3,"author":{"gitId":"Sengernest"},"content":"    public toDo(String tasking) {","lastModifiedDate":"2025-08-21T17:17:49","isFullCredit":false},{"lineNumber":4,"author":{"gitId":"Sengernest"},"content":"        super(tasking);","lastModifiedDate":"2025-08-21T17:17:49","isFullCredit":false},{"lineNumber":5,"author":{"gitId":"Sengernest"},"content":"    }","lastModifiedDate":"2025-08-21T17:17:49","isFullCredit":false},{"lineNumber":6,"author":{"gitId":"Sengernest"},"content":"","lastModifiedDate":"2025-08-21T17:17:49","isFullCredit":false},{"lineNumber":7,"author":{"gitId":"Sengernest"},"content":"    @Override","lastModifiedDate":"2025-08-21T17:17:49","isFullCredit":false},{"lineNumber":8,"author":{"gitId":"Sengernest"},"content":"    public String getTasking() {","lastModifiedDate":"2025-08-21T17:17:49","isFullCredit":false},{"lineNumber":9,"author":{"gitId":"Sengernest"},"content":"        return \"[T]\" + super.getTasking();","lastModifiedDate":"2025-08-21T17:17:49","isFullCredit":false},{"lineNumber":10,"author":{"gitId":"Sengernest"},"content":"    }","lastModifiedDate":"2025-08-21T17:17:49","isFullCredit":false},{"lineNumber":11,"author":{"gitId":"Sengernest"},"content":"}","lastModifiedDate":"2025-08-21T17:17:49","isFullCredit":false}],"authorContributionMap":{"Sengernest":11}},{"path":"text-ui-test/input.txt","fileType":"txt","lines":[{"lineNumber":1,"author":{"gitId":"Sengernest"},"content":"todo read a book","lastModifiedDate":"2025-08-21T18:06:34","isFullCredit":false},{"lineNumber":2,"author":{"gitId":"Sengernest"},"content":"deadline submit homework /by Sunday","lastModifiedDate":"2025-08-21T18:06:34","isFullCredit":false},{"lineNumber":3,"author":{"gitId":"Sengernest"},"content":"event gym session with friend /from Mon 12pm /to 2pm","lastModifiedDate":"2025-08-21T18:06:34","isFullCredit":false},{"lineNumber":4,"author":{"gitId":"Sengernest"},"content":"list","lastModifiedDate":"2025-08-21T18:06:34","isFullCredit":false},{"lineNumber":5,"author":{"gitId":"Sengernest"},"content":"mark 1","lastModifiedDate":"2025-08-21T18:06:34","isFullCredit":false},{"lineNumber":6,"author":{"gitId":"Sengernest"},"content":"mark 2","lastModifiedDate":"2025-08-21T18:06:34","isFullCredit":false},{"lineNumber":7,"author":{"gitId":"Sengernest"},"content":"mark 3","lastModifiedDate":"2025-08-21T18:06:34","isFullCredit":false},{"lineNumber":8,"author":{"gitId":"Sengernest"},"content":"unmark 1","lastModifiedDate":"2025-08-21T18:06:34","isFullCredit":false},{"lineNumber":9,"author":{"gitId":"Sengernest"},"content":"unmark 2","lastModifiedDate":"2025-08-21T18:06:34","isFullCredit":false},{"lineNumber":10,"author":{"gitId":"Sengernest"},"content":"unmark 3","lastModifiedDate":"2025-08-21T18:06:34","isFullCredit":false},{"lineNumber":11,"author":{"gitId":"Sengernest"},"content":"bye","lastModifiedDate":"2025-08-21T18:06:34","isFullCredit":false}],"authorContributionMap":{"Sengernest":11}},{"path":"text-ui-test/runtest.bat","fileType":"bat","lines":[{"lineNumber":1,"author":{"gitId":"-"},"content":"@ECHO OFF","lastModifiedDate":"2020-05-25T00:03:55","isFullCredit":false},{"lineNumber":2,"author":{"gitId":"-"},"content":"","lastModifiedDate":"2020-05-25T00:03:55","isFullCredit":false},{"lineNumber":3,"author":{"gitId":"-"},"content":"REM create bin directory if it doesn\u0027t exist","lastModifiedDate":"2020-05-25T00:03:55","isFullCredit":false},{"lineNumber":4,"author":{"gitId":"-"},"content":"if not exist ..\\bin mkdir ..\\bin","lastModifiedDate":"2020-05-25T00:03:55","isFullCredit":false},{"lineNumber":5,"author":{"gitId":"-"},"content":"","lastModifiedDate":"2020-05-25T00:03:55","isFullCredit":false},{"lineNumber":6,"author":{"gitId":"-"},"content":"REM delete output from previous run","lastModifiedDate":"2020-05-25T00:03:55","isFullCredit":false},{"lineNumber":7,"author":{"gitId":"-"},"content":"if exist ACTUAL.TXT del ACTUAL.TXT","lastModifiedDate":"2020-08-25T17:23:26","isFullCredit":false},{"lineNumber":8,"author":{"gitId":"-"},"content":"","lastModifiedDate":"2020-05-25T00:03:55","isFullCredit":false},{"lineNumber":9,"author":{"gitId":"-"},"content":"REM compile the code into the bin folder","lastModifiedDate":"2020-05-25T00:03:55","isFullCredit":false},{"lineNumber":10,"author":{"gitId":"-"},"content":"javac  -cp ..\\src\\main\\java -Xlint:none -d ..\\bin ..\\src\\main\\java\\*.java","lastModifiedDate":"2020-08-25T17:23:26","isFullCredit":false},{"lineNumber":11,"author":{"gitId":"-"},"content":"IF ERRORLEVEL 1 (","lastModifiedDate":"2020-05-25T00:03:55","isFullCredit":false},{"lineNumber":12,"author":{"gitId":"-"},"content":"    echo ********** BUILD FAILURE **********","lastModifiedDate":"2020-05-25T00:03:55","isFullCredit":false},{"lineNumber":13,"author":{"gitId":"-"},"content":"    exit /b 1","lastModifiedDate":"2020-05-25T00:03:55","isFullCredit":false},{"lineNumber":14,"author":{"gitId":"-"},"content":")","lastModifiedDate":"2020-05-25T00:03:55","isFullCredit":false},{"lineNumber":15,"author":{"gitId":"-"},"content":"REM no error here, errorlevel \u003d\u003d 0","lastModifiedDate":"2020-05-25T00:03:55","isFullCredit":false},{"lineNumber":16,"author":{"gitId":"-"},"content":"","lastModifiedDate":"2020-05-25T00:03:55","isFullCredit":false},{"lineNumber":17,"author":{"gitId":"-"},"content":"REM run the program, feed commands from input.txt file and redirect the output to the ACTUAL.TXT","lastModifiedDate":"2020-05-25T00:03:55","isFullCredit":false},{"lineNumber":18,"author":{"gitId":"Sengernest"},"content":"java -classpath ..\\bin Sengernest \u003c input.txt \u003e ACTUAL.TXT","lastModifiedDate":"2025-08-19T23:08:29","isFullCredit":false},{"lineNumber":19,"author":{"gitId":"-"},"content":"","lastModifiedDate":"2020-05-25T00:03:55","isFullCredit":false},{"lineNumber":20,"author":{"gitId":"-"},"content":"REM compare the output to the expected output","lastModifiedDate":"2020-05-25T00:03:55","isFullCredit":false},{"lineNumber":21,"author":{"gitId":"-"},"content":"FC ACTUAL.TXT EXPECTED.TXT","lastModifiedDate":"2020-05-25T00:03:55","isFullCredit":false}],"authorContributionMap":{"Sengernest":1,"-":20}}]
