{"authorDailyContributionsMap":{"Sengernest":[{"date":"2025-08-19T00:00:00","commitResults":[{"hash":"c23cc808d5d06e71debd4004674228dbb77c953a","isMergeCommit":false,"messageTitle":"Level-0: Renamed, Greet, Exit","messageBody":"Renamed Chatbot name to \"Sengernest\" and implemented initial skeletal\nversion that simply greets the user and exits.\n","tags":["Level-0"],"fileTypesAndContributionMap":{"java":{"insertions":8,"deletions":10},"bat":{"insertions":1,"deletions":1},"md":{"insertions":3,"deletions":3}}},{"hash":"ceca9a58fa97aeb4db24502648af648926217ed6","isMergeCommit":false,"messageTitle":"Level-1: Echo","messageBody":"Improved so that it will echo any command entered by user and exits when\nuser types \"bye\"\n","tags":["Level-1"],"fileTypesAndContributionMap":{"java":{"insertions":22,"deletions":3}}}]},{"date":"2025-08-20T00:00:00","commitResults":[{"hash":"5abd3038cfafa07ae2f5c325483e66fa9fbf214a","isMergeCommit":false,"messageTitle":"Level 2: Add, List","messageBody":"Stores users commands\n","tags":["Level-2"],"fileTypesAndContributionMap":{"java":{"insertions":17,"deletions":1}}}]},{"date":"2025-08-21T00:00:00","commitResults":[{"hash":"7e09af2905eee8487ff015dceefd415181cf4340","isMergeCommit":false,"messageTitle":"Level-3: Mark as Done","messageBody":"Added new task.java which represents a task and added Mark as Done\nfunctionality\n","tags":["Level-3"],"fileTypesAndContributionMap":{"java":{"insertions":72,"deletions":12}}},{"hash":"80c7be03d6521ce8b012d6b72120dc73433391e2","isMergeCommit":false,"messageTitle":"Level-4: ToDos, Events, Deadlines","messageBody":"Created 3 new classes that extend task class.\n","tags":["Level-4"],"fileTypesAndContributionMap":{"java":{"insertions":74,"deletions":10}}},{"hash":"ca9ea6968e98a041a49916860f1e2d20ae38df04","isMergeCommit":false,"messageTitle":"A-TextUiTesting","messageBody":"Updated input.txt to hold input text test cases for testing\n","tags":["A-TextUiTesting"],"fileTypesAndContributionMap":{"txt":{"insertions":11,"deletions":0},"java":{"insertions":3,"deletions":3}}},{"hash":"ef182ba2e2141ef915f065d6be0157056dac29a3","isMergeCommit":false,"messageTitle":"Level-5: Handle Erros","messageBody":"Including new exception classes and added more testing\n","tags":["Level-5"],"fileTypesAndContributionMap":{"txt":{"insertions":11,"deletions":0},"java":{"insertions":38,"deletions":0}}},{"hash":"61195a3d1622b09a9def4788c25030d0fc3c3acb","isMergeCommit":false,"messageTitle":"Level-6: Delete","messageBody":"Added more test cases and used Arraylist\u003ctask\u003e\n","tags":["Level-6"],"fileTypesAndContributionMap":{"txt":{"insertions":11,"deletions":2},"java":{"insertions":191,"deletions":88}}}]},{"date":"2025-08-24T00:00:00","commitResults":[{"hash":"fe0b2bf5bf77e95533516262a3d13e6d22265884","isMergeCommit":false,"messageTitle":"Save and load task list when Sengernest boots up","messageBody":"Add Storage.java and include file format functions in task classes\n","fileTypesAndContributionMap":{"txt":{"insertions":1,"deletions":0},"java":{"insertions":134,"deletions":1}}},{"hash":"0bb99107e745b2c2e6cea80fe1cacd57aab884ca","isMergeCommit":true,"messageTitle":"Merge branch \u0027branch-Level-7\u0027","messageBody":"","tags":["Level-7"],"fileTypesAndContributionMap":{}},{"hash":"e04d725d83471578672d9c7aa52ca75f0d9774a3","isMergeCommit":false,"messageTitle":"Add date formatting for tasks with date strings","messageBody":"Tasks that have dates currently only accept strings as input.\n\nFormat these input strings into LocalDateTimeme objects to standardise\ndate handling.\n\nThis ensures that all date-related tasks (Deadline, Event) have\nconsistent internal representation and display formats.\n","fileTypesAndContributionMap":{"txt":{"insertions":13,"deletions":11},"java":{"insertions":245,"deletions":238},"bat":{"insertions":3,"deletions":1}}},{"hash":"2c19285561c1d3c152bc18db31574c3cdcf699f8","isMergeCommit":true,"messageTitle":"Merge branch-Level-8 into master","messageBody":"","tags":["Level-8"],"fileTypesAndContributionMap":{}},{"hash":"55c87991cbf56476a268ec0ce891935c90e51380","isMergeCommit":false,"messageTitle":"Make the code more OOP","messageBody":"Split and encapsulated various functions and variables into different\nclasses.\n","fileTypesAndContributionMap":{"java":{"insertions":348,"deletions":187}}},{"hash":"9fe7b43ebd181445ad1ae98812e697b92988e572","isMergeCommit":true,"messageTitle":"Merge branch-A-MoreOOP into master","messageBody":"","tags":["A-MoreOOP"],"fileTypesAndContributionMap":{}}]},{"date":"2025-08-25T00:00:00","commitResults":[{"hash":"ff680798041e31dc69eff83677408f53a320c164","isMergeCommit":false,"messageTitle":"Divide classes into packages","messageBody":"Files were all placed under the same folder.\n\nPlace classes into multiple packages for better organisation.\n","fileTypesAndContributionMap":{"java":{"insertions":116,"deletions":17},"bat":{"insertions":1,"deletions":1}}},{"hash":"fe4354dcb68ecf92c7dcfcf320ff4195a7e69402","isMergeCommit":true,"messageTitle":"Merge branch-A-Packages into master","messageBody":"","tags":["A-Packages"],"fileTypesAndContributionMap":{}},{"hash":"48e4fe378769df8277eb4bb1606c0525d51a30ec","isMergeCommit":true,"messageTitle":"Merge branch \u0027add-gradle-support\u0027","messageBody":"","fileTypesAndContributionMap":{}},{"hash":"f0695362e3c0f6298569c21b1f443e340784f7ec","isMergeCommit":false,"messageTitle":"Automate Sengernest using Gradle","messageBody":"Configure and setup Gradle to automate tasks for Sengernest.\n","fileTypesAndContributionMap":{"gradle":{"insertions":1,"deletions":1},"java":{"insertions":84,"deletions":84},"bat":{"insertions":2,"deletions":2},"md":{"insertions":3,"deletions":3}}},{"hash":"360e30d0ab698a4bc003404d44df24ef6bbf0297","isMergeCommit":true,"messageTitle":"Merge branch \u0027branch-A-Gradle\u0027 into master","messageBody":"","tags":["A-Gradle"],"fileTypesAndContributionMap":{}},{"hash":"50aecd06e8f4fe3ef1f6ee632e625deeba407725","isMergeCommit":false,"messageTitle":"Add JUnit Tests","messageBody":"Add test cases to test ToDo.java and Deadline.java classes.\n","fileTypesAndContributionMap":{"java":{"insertions":94,"deletions":0}}},{"hash":"3ded080bbe0f667edc8683c91b16e725198fe0ab","isMergeCommit":true,"messageTitle":"Merge branch \u0027branch-A-JUnit\u0027 into master","messageBody":"","tags":["A-JUnit"],"fileTypesAndContributionMap":{}},{"hash":"99327420532e52951056bc1ce414136e798695ea","isMergeCommit":false,"messageTitle":"Package Sengernest as a JAR file","messageBody":"Package Sengernest as an executable JAR file so that it can be\ndistributed easily.\n","fileTypesAndContributionMap":{"gradle":{"insertions":6,"deletions":1}}},{"hash":"c7a6915b355c7429ece3e21bcd4b793ad713257f","isMergeCommit":true,"messageTitle":"Merge branch \u0027branch-A-Jar\u0027 into master","messageBody":"","tags":["A-Jar"],"fileTypesAndContributionMap":{}}]},{"date":"2025-08-26T00:00:00","commitResults":[{"hash":"b693f4eb7ca3f069a18ae5f13d0441470ad5f460","isMergeCommit":false,"messageTitle":"Add JavaDoc comments","messageBody":"Add header comments to non-private classes/methods.\n","fileTypesAndContributionMap":{"java":{"insertions":511,"deletions":25}}},{"hash":"d5ac78d378112d3d44bfcf3011d345319b72b793","isMergeCommit":false,"messageTitle":"Tweak the code to comply with the Coding Standard","messageBody":"Reformat all code files to meet Coding Standard.\n","fileTypesAndContributionMap":{"java":{"insertions":110,"deletions":83}}},{"hash":"542c10fc0d11b92b84e2e409760497e4f42848de","isMergeCommit":false,"messageTitle":"Give users a way to find tasks","messageBody":"Allow users to find a task by searching for a keyword in the task description.\n","fileTypesAndContributionMap":{"txt":{"insertions":3,"deletions":0},"java":{"insertions":96,"deletions":52}}},{"hash":"91c73d539993a2a4b0e5edc117170145c1abcb46","isMergeCommit":true,"messageTitle":"Merge branch \u0027branch-A-JavaDoc\u0027 into master","messageBody":"","tags":["A-JavaDoc"],"fileTypesAndContributionMap":{}},{"hash":"86243acf641c37ae886f1809645b831b4675fc46","isMergeCommit":true,"messageTitle":"Merge branch \u0027branch-ACodingStandard\u0027 into master, conflicts resolved","messageBody":"","tags":["A-CodingStandard"],"fileTypesAndContributionMap":{}},{"hash":"00146980bb7b0f11eacc0792c7761c1291cb98e1","isMergeCommit":true,"messageTitle":"Merge branch \u0027branch-Level-9\u0027 into master, conflicts resolved","messageBody":"","tags":["Level-9"],"fileTypesAndContributionMap":{}}]},{"date":"2025-08-28T00:00:00","commitResults":[{"hash":"d32bcc9954ea0fc3d5539e5b7daedffa4a177831","isMergeCommit":false,"messageTitle":"Use checkStyle to detect coding style violations","messageBody":"Add checkStyle files and configured gradle to detect coding style\nviolations.\n","fileTypesAndContributionMap":{"gradle":{"insertions":5,"deletions":0},"txt":{"insertions":0,"deletions":3},"java":{"insertions":119,"deletions":41}}},{"hash":"0d380258e7b56156b3a53c8ee1216eee6e58a457","isMergeCommit":true,"messageTitle":"Merge branch \u0027branch-A-CheckStyle\u0027 into master","messageBody":"","tags":["A-CheckStyle"],"fileTypesAndContributionMap":{}}]},{"date":"2025-09-01T00:00:00","commitResults":[{"hash":"bd2541485c01f8842d1e86cb67d69829b50b8966","isMergeCommit":false,"messageTitle":"Add a GUI to Sengernest.","messageBody":"Use the JavaFX technology to implement the GUI.\n","fileTypesAndContributionMap":{"gradle":{"insertions":16,"deletions":2},"txt":{"insertions":3,"deletions":0},"fxml":{"insertions":50,"deletions":0},"java":{"insertions":367,"deletions":190}}},{"hash":"61819c9bc1b3d545ec8b6881abe2184a150b727a","isMergeCommit":true,"messageTitle":"Merge branch \u0027branch-Level-10\u0027 into master","messageBody":"","tags":["Level-10"],"fileTypesAndContributionMap":{}}]},{"date":"2025-09-06T00:00:00","commitResults":[{"hash":"fa0545684eae91a2f0d5c267c8ad297f50ffda36","isMergeCommit":false,"messageTitle":"Add assert statements to document assumptions","messageBody":"Several important assumptions in Task, TaskList, and Storage classes\nwere not explicitly documented.\n\nUsing Java\u0027s assert feature helps catch violations of these assumptions\nearly, ensures code invariants hold during execution, and improves code\nsafety and readability.\n\nLet\u0027s add assert statements at critical points:\n* In Task: non-null/empty descriptions, finished state checks\n* In TaskList: index bounds and task list integrity\n* In Storage: file line parsing, non-null fields\n","tags":["A-FullCommitMessage","A-Assertions"],"fileTypesAndContributionMap":{"gradle":{"insertions":1,"deletions":1},"txt":{"insertions":0,"deletions":3},"fxml":{"insertions":4,"deletions":3},"java":{"insertions":87,"deletions":33}}},{"hash":"94edeb02d0382a6950e3eeb0df243b1c25639d14","isMergeCommit":false,"messageTitle":"Refactor for improved code quality","messageBody":"These changes do not alter the behavior but make the codebase easier to\nunderstand and maintain.\n\nImproved readability, maintainability, and consistency across core classes such as:\n* Task: simplified getTasking(), removed redundant code, improved formatting\n* TaskList: clearer method structure, consistent naming, reduced duplication\n* Storage: streamlined file parsing, refactored repeated patterns, improved clarity\n","fileTypesAndContributionMap":{"fxml":{"insertions":4,"deletions":3},"java":{"insertions":252,"deletions":208}}},{"hash":"d8bcbf2e9b8d3bfb3ed96feb4cfe1910590422a6","isMergeCommit":true,"messageTitle":"Merge master into branch-A-CodeQuality to sync with latest changes","messageBody":"","fileTypesAndContributionMap":{}},{"hash":"bdc5d5cfe08c718bdd155f61594b1e0747c773ad","isMergeCommit":true,"messageTitle":"Merge pull request #2 from Sengernest/branch-A-CodeQuality","messageBody":"Refactor for improved code quality","tags":["A-CodeQuality"],"fileTypesAndContributionMap":{}}]},{"date":"2025-09-09T00:00:00","commitResults":[{"hash":"0221a1ee298410b654810a2a18b176b76a49a479","isMergeCommit":false,"messageTitle":"Prevent the addition of duplicate tasks","messageBody":"Previously, adding tasks with the same description was allowed, which\ncould lead to duplicate entries in the TaskList.\n\nThis commit introduces DuplicateTaskException and updates TaskList and\nAddTaskCommand to check for duplicates before adding. If a task with\nthe same description already exists, an error is displayed to the user\nand the task is not added.\n\nThis ensures data integrity in the TaskList and improves the user\nexperience by preventing accidental duplicates.\n","fileTypesAndContributionMap":{"txt":{"insertions":3,"deletions":0},"java":{"insertions":42,"deletions":13}}},{"hash":"e4497975155bdfa63513a32b7414224ca18dca9b","isMergeCommit":true,"messageTitle":"Merge pull request #3 from Sengernest/branch-C-DetectDuplicates","messageBody":"Prevent the addition of duplicate tasks","tags":["BCD-Extension"],"fileTypesAndContributionMap":{}}]},{"date":"2025-09-13T00:00:00","commitResults":[{"hash":"18500eed399bfda9a378812766388a3b31a083b1","isMergeCommit":false,"messageTitle":"Use ChatGpt to enhance the code","messageBody":"ChatGpt coded out and enhanced Storage.java file.\n","fileTypesAndContributionMap":{"java":{"insertions":58,"deletions":39}}},{"hash":"4a5a1d3bc77f608a2ba95c9bc3cd32b314636a8b","isMergeCommit":true,"messageTitle":"Merge branch-A-AiAssisted into master","messageBody":"","tags":["A-AiAssisted"],"fileTypesAndContributionMap":{}}]},{"date":"2025-09-15T00:00:00","commitResults":[{"hash":"3842eaf1af707b4df6f9d7afb2e3f2689177b230","isMergeCommit":false,"messageTitle":"Add a User Guide","messageBody":"Added a Ui.png and changed README.md.\n","fileTypesAndContributionMap":{"txt":{"insertions":1,"deletions":3},"md":{"insertions":126,"deletions":13}}},{"hash":"1a85556fd4a15a05e12b73c6f870deded81d427c","isMergeCommit":true,"messageTitle":"Merge branch \u0027branch-A-UserGuide\u0027 into master","messageBody":"","tags":["A-UserGuide"],"fileTypesAndContributionMap":{}}]}]},"authorFileTypeContributionMap":{"Sengernest":{"java":1722,"md":128,"fxml":51,"sh":0,"bat":4,"gradle":26,"txt":35}},"authorContributionVariance":{"Sengernest":73240.54},"authorDisplayNameMap":{"Sengernest":"CS2103T-T12-3 ERNE..QING"}}
