[{"path":"src/main/java/Command.java","fileType":"java","lines":[{"lineNumber":1,"author":{"gitId":"vincent-wat04"},"content":"public enum Command {","lastModifiedDate":"2025-08-22T15:51:17","isFullCredit":false},{"lineNumber":2,"author":{"gitId":"vincent-wat04"},"content":"    BYE(\"bye\"),","lastModifiedDate":"2025-08-22T15:51:17","isFullCredit":false},{"lineNumber":3,"author":{"gitId":"vincent-wat04"},"content":"    LIST(\"list\"),","lastModifiedDate":"2025-08-22T15:51:17","isFullCredit":false},{"lineNumber":4,"author":{"gitId":"vincent-wat04"},"content":"    MARK(\"mark\"),","lastModifiedDate":"2025-08-22T15:51:17","isFullCredit":false},{"lineNumber":5,"author":{"gitId":"vincent-wat04"},"content":"    UNMARK(\"unmark\"),","lastModifiedDate":"2025-08-22T15:51:17","isFullCredit":false},{"lineNumber":6,"author":{"gitId":"vincent-wat04"},"content":"    DELETE(\"delete\"),","lastModifiedDate":"2025-08-22T15:51:17","isFullCredit":false},{"lineNumber":7,"author":{"gitId":"vincent-wat04"},"content":"    TODO(\"todo\"),","lastModifiedDate":"2025-08-22T15:51:17","isFullCredit":false},{"lineNumber":8,"author":{"gitId":"vincent-wat04"},"content":"    DEADLINE(\"deadline\"),","lastModifiedDate":"2025-08-22T15:51:17","isFullCredit":false},{"lineNumber":9,"author":{"gitId":"vincent-wat04"},"content":"    EVENT(\"event\");","lastModifiedDate":"2025-08-22T15:51:17","isFullCredit":false},{"lineNumber":10,"author":{"gitId":"vincent-wat04"},"content":"    ","lastModifiedDate":"2025-08-22T15:51:17","isFullCredit":false},{"lineNumber":11,"author":{"gitId":"vincent-wat04"},"content":"    private final String commandString;","lastModifiedDate":"2025-08-22T15:51:17","isFullCredit":false},{"lineNumber":12,"author":{"gitId":"vincent-wat04"},"content":"    ","lastModifiedDate":"2025-08-22T15:51:17","isFullCredit":false},{"lineNumber":13,"author":{"gitId":"vincent-wat04"},"content":"    Command(String commandString) {","lastModifiedDate":"2025-08-22T15:51:17","isFullCredit":false},{"lineNumber":14,"author":{"gitId":"vincent-wat04"},"content":"        this.commandString \u003d commandString;","lastModifiedDate":"2025-08-22T15:51:17","isFullCredit":false},{"lineNumber":15,"author":{"gitId":"vincent-wat04"},"content":"    }","lastModifiedDate":"2025-08-22T15:51:17","isFullCredit":false},{"lineNumber":16,"author":{"gitId":"vincent-wat04"},"content":"    ","lastModifiedDate":"2025-08-22T15:51:17","isFullCredit":false},{"lineNumber":17,"author":{"gitId":"vincent-wat04"},"content":"    public String getCommandString() {","lastModifiedDate":"2025-08-22T15:51:17","isFullCredit":false},{"lineNumber":18,"author":{"gitId":"vincent-wat04"},"content":"        return commandString;","lastModifiedDate":"2025-08-22T15:51:17","isFullCredit":false},{"lineNumber":19,"author":{"gitId":"vincent-wat04"},"content":"    }","lastModifiedDate":"2025-08-22T15:51:17","isFullCredit":false},{"lineNumber":20,"author":{"gitId":"vincent-wat04"},"content":"    ","lastModifiedDate":"2025-08-22T15:51:17","isFullCredit":false},{"lineNumber":21,"author":{"gitId":"vincent-wat04"},"content":"    public static Command fromString(String commandString) {","lastModifiedDate":"2025-08-22T15:51:17","isFullCredit":false},{"lineNumber":22,"author":{"gitId":"vincent-wat04"},"content":"        for (Command command : values()) {","lastModifiedDate":"2025-08-22T15:51:17","isFullCredit":false},{"lineNumber":23,"author":{"gitId":"vincent-wat04"},"content":"            if (command.commandString.equals(commandString)) {","lastModifiedDate":"2025-08-22T15:51:17","isFullCredit":false},{"lineNumber":24,"author":{"gitId":"vincent-wat04"},"content":"                return command;","lastModifiedDate":"2025-08-22T15:51:17","isFullCredit":false},{"lineNumber":25,"author":{"gitId":"vincent-wat04"},"content":"            }","lastModifiedDate":"2025-08-22T15:51:17","isFullCredit":false},{"lineNumber":26,"author":{"gitId":"vincent-wat04"},"content":"        }","lastModifiedDate":"2025-08-22T15:51:17","isFullCredit":false},{"lineNumber":27,"author":{"gitId":"vincent-wat04"},"content":"        return null;","lastModifiedDate":"2025-08-22T15:51:17","isFullCredit":false},{"lineNumber":28,"author":{"gitId":"vincent-wat04"},"content":"    }","lastModifiedDate":"2025-08-22T15:51:17","isFullCredit":false},{"lineNumber":29,"author":{"gitId":"vincent-wat04"},"content":"}","lastModifiedDate":"2025-08-22T15:51:17","isFullCredit":false}],"authorContributionMap":{"vincent-wat04":29}},{"path":"src/main/java/Deadline.java","fileType":"java","lines":[{"lineNumber":1,"author":{"gitId":"vincent-wat04"},"content":"public class Deadline extends Task {","lastModifiedDate":"2025-08-22T13:27:03","isFullCredit":false},{"lineNumber":2,"author":{"gitId":"vincent-wat04"},"content":"    private String by;","lastModifiedDate":"2025-08-22T13:27:03","isFullCredit":false},{"lineNumber":3,"author":{"gitId":"vincent-wat04"},"content":"","lastModifiedDate":"2025-08-22T13:27:03","isFullCredit":false},{"lineNumber":4,"author":{"gitId":"vincent-wat04"},"content":"    public Deadline(String description, String by) throws VinceException {","lastModifiedDate":"2025-08-22T14:29:48","isFullCredit":false},{"lineNumber":5,"author":{"gitId":"vincent-wat04"},"content":"        super(description);","lastModifiedDate":"2025-08-22T13:27:03","isFullCredit":false},{"lineNumber":6,"author":{"gitId":"vincent-wat04"},"content":"        if (by \u003d\u003d null || by.trim().isEmpty()) {","lastModifiedDate":"2025-08-22T14:29:48","isFullCredit":false},{"lineNumber":7,"author":{"gitId":"vincent-wat04"},"content":"            throw new VinceException(\"Deadline date cannot be null or empty!\");","lastModifiedDate":"2025-08-22T14:29:48","isFullCredit":false},{"lineNumber":8,"author":{"gitId":"vincent-wat04"},"content":"        }","lastModifiedDate":"2025-08-22T14:29:48","isFullCredit":false},{"lineNumber":9,"author":{"gitId":"vincent-wat04"},"content":"        this.by \u003d by.trim();","lastModifiedDate":"2025-08-22T14:29:48","isFullCredit":false},{"lineNumber":10,"author":{"gitId":"vincent-wat04"},"content":"    }","lastModifiedDate":"2025-08-22T13:27:03","isFullCredit":false},{"lineNumber":11,"author":{"gitId":"vincent-wat04"},"content":"","lastModifiedDate":"2025-08-22T13:27:03","isFullCredit":false},{"lineNumber":12,"author":{"gitId":"vincent-wat04"},"content":"    public String getBy() {","lastModifiedDate":"2025-08-29T00:08:22","isFullCredit":false},{"lineNumber":13,"author":{"gitId":"vincent-wat04"},"content":"        return by;","lastModifiedDate":"2025-08-29T00:08:22","isFullCredit":false},{"lineNumber":14,"author":{"gitId":"vincent-wat04"},"content":"    }","lastModifiedDate":"2025-08-29T00:08:22","isFullCredit":false},{"lineNumber":15,"author":{"gitId":"vincent-wat04"},"content":"","lastModifiedDate":"2025-08-29T00:08:22","isFullCredit":false},{"lineNumber":16,"author":{"gitId":"vincent-wat04"},"content":"    @Override","lastModifiedDate":"2025-08-22T13:27:03","isFullCredit":false},{"lineNumber":17,"author":{"gitId":"vincent-wat04"},"content":"    public String toString() {","lastModifiedDate":"2025-08-22T13:27:03","isFullCredit":false},{"lineNumber":18,"author":{"gitId":"vincent-wat04"},"content":"        return \"[D] \" + super.toString() + \" (by: \" + by + \")\";","lastModifiedDate":"2025-08-22T13:27:03","isFullCredit":false},{"lineNumber":19,"author":{"gitId":"vincent-wat04"},"content":"    }","lastModifiedDate":"2025-08-22T13:27:03","isFullCredit":false},{"lineNumber":20,"author":{"gitId":"vincent-wat04"},"content":"}","lastModifiedDate":"2025-08-22T13:27:03","isFullCredit":false}],"authorContributionMap":{"vincent-wat04":20}},{"path":"src/main/java/Event.java","fileType":"java","lines":[{"lineNumber":1,"author":{"gitId":"vincent-wat04"},"content":"public class Event extends Task {","lastModifiedDate":"2025-08-22T13:27:03","isFullCredit":false},{"lineNumber":2,"author":{"gitId":"vincent-wat04"},"content":"    private String from;","lastModifiedDate":"2025-08-22T13:27:03","isFullCredit":false},{"lineNumber":3,"author":{"gitId":"vincent-wat04"},"content":"    private String to;","lastModifiedDate":"2025-08-22T13:27:03","isFullCredit":false},{"lineNumber":4,"author":{"gitId":"vincent-wat04"},"content":"","lastModifiedDate":"2025-08-22T13:27:03","isFullCredit":false},{"lineNumber":5,"author":{"gitId":"vincent-wat04"},"content":"    public Event(String description, String from, String to) throws VinceException {","lastModifiedDate":"2025-08-22T14:29:48","isFullCredit":false},{"lineNumber":6,"author":{"gitId":"vincent-wat04"},"content":"        super(description);","lastModifiedDate":"2025-08-22T13:27:03","isFullCredit":false},{"lineNumber":7,"author":{"gitId":"vincent-wat04"},"content":"        if (from \u003d\u003d null || from.trim().isEmpty()) {","lastModifiedDate":"2025-08-22T14:29:48","isFullCredit":false},{"lineNumber":8,"author":{"gitId":"vincent-wat04"},"content":"            throw new VinceException(\"Event start time cannot be null or empty!\");","lastModifiedDate":"2025-08-22T14:29:48","isFullCredit":false},{"lineNumber":9,"author":{"gitId":"vincent-wat04"},"content":"        }","lastModifiedDate":"2025-08-22T14:29:48","isFullCredit":false},{"lineNumber":10,"author":{"gitId":"vincent-wat04"},"content":"        if (to \u003d\u003d null || to.trim().isEmpty()) {","lastModifiedDate":"2025-08-22T14:29:48","isFullCredit":false},{"lineNumber":11,"author":{"gitId":"vincent-wat04"},"content":"            throw new VinceException(\"Event end time cannot be null or empty!\");","lastModifiedDate":"2025-08-22T14:29:48","isFullCredit":false},{"lineNumber":12,"author":{"gitId":"vincent-wat04"},"content":"        }","lastModifiedDate":"2025-08-22T14:29:48","isFullCredit":false},{"lineNumber":13,"author":{"gitId":"vincent-wat04"},"content":"        this.from \u003d from.trim();","lastModifiedDate":"2025-08-22T14:29:48","isFullCredit":false},{"lineNumber":14,"author":{"gitId":"vincent-wat04"},"content":"        this.to \u003d to.trim();","lastModifiedDate":"2025-08-22T14:29:48","isFullCredit":false},{"lineNumber":15,"author":{"gitId":"vincent-wat04"},"content":"    }","lastModifiedDate":"2025-08-22T13:27:03","isFullCredit":false},{"lineNumber":16,"author":{"gitId":"vincent-wat04"},"content":"","lastModifiedDate":"2025-08-22T13:27:03","isFullCredit":false},{"lineNumber":17,"author":{"gitId":"vincent-wat04"},"content":"    public String getFrom() {","lastModifiedDate":"2025-08-29T00:08:22","isFullCredit":false},{"lineNumber":18,"author":{"gitId":"vincent-wat04"},"content":"        return from;","lastModifiedDate":"2025-08-29T00:08:22","isFullCredit":false},{"lineNumber":19,"author":{"gitId":"vincent-wat04"},"content":"    }","lastModifiedDate":"2025-08-29T00:08:22","isFullCredit":false},{"lineNumber":20,"author":{"gitId":"vincent-wat04"},"content":"","lastModifiedDate":"2025-08-29T00:08:22","isFullCredit":false},{"lineNumber":21,"author":{"gitId":"vincent-wat04"},"content":"    public String getTo() {","lastModifiedDate":"2025-08-29T00:08:22","isFullCredit":false},{"lineNumber":22,"author":{"gitId":"vincent-wat04"},"content":"        return to;","lastModifiedDate":"2025-08-29T00:08:22","isFullCredit":false},{"lineNumber":23,"author":{"gitId":"vincent-wat04"},"content":"    }","lastModifiedDate":"2025-08-29T00:08:22","isFullCredit":false},{"lineNumber":24,"author":{"gitId":"vincent-wat04"},"content":"","lastModifiedDate":"2025-08-29T00:08:22","isFullCredit":false},{"lineNumber":25,"author":{"gitId":"vincent-wat04"},"content":"    @Override","lastModifiedDate":"2025-08-22T13:27:03","isFullCredit":false},{"lineNumber":26,"author":{"gitId":"vincent-wat04"},"content":"    public String toString() {","lastModifiedDate":"2025-08-22T13:27:03","isFullCredit":false},{"lineNumber":27,"author":{"gitId":"vincent-wat04"},"content":"        return \"[E] \" + super.toString() + \" (from: \" + from + \" to: \" + to + \")\";","lastModifiedDate":"2025-08-22T13:27:03","isFullCredit":false},{"lineNumber":28,"author":{"gitId":"vincent-wat04"},"content":"    }","lastModifiedDate":"2025-08-22T13:27:03","isFullCredit":false},{"lineNumber":29,"author":{"gitId":"vincent-wat04"},"content":"","lastModifiedDate":"2025-08-22T13:27:03","isFullCredit":false},{"lineNumber":30,"author":{"gitId":"vincent-wat04"},"content":"}","lastModifiedDate":"2025-08-22T13:27:03","isFullCredit":false}],"authorContributionMap":{"vincent-wat04":30}},{"path":"src/main/java/Storage.java","fileType":"java","lines":[{"lineNumber":1,"author":{"gitId":"vincent-wat04"},"content":"import java.io.IOException;","lastModifiedDate":"2025-08-29T00:08:22","isFullCredit":false},{"lineNumber":2,"author":{"gitId":"vincent-wat04"},"content":"import java.nio.charset.StandardCharsets;","lastModifiedDate":"2025-08-29T00:08:22","isFullCredit":false},{"lineNumber":3,"author":{"gitId":"vincent-wat04"},"content":"import java.nio.file.Files;","lastModifiedDate":"2025-08-29T00:08:22","isFullCredit":false},{"lineNumber":4,"author":{"gitId":"vincent-wat04"},"content":"import java.nio.file.Path;","lastModifiedDate":"2025-08-29T00:08:22","isFullCredit":false},{"lineNumber":5,"author":{"gitId":"vincent-wat04"},"content":"import java.nio.file.Paths;","lastModifiedDate":"2025-08-29T00:08:22","isFullCredit":false},{"lineNumber":6,"author":{"gitId":"vincent-wat04"},"content":"import java.util.ArrayList;","lastModifiedDate":"2025-08-29T00:08:22","isFullCredit":false},{"lineNumber":7,"author":{"gitId":"vincent-wat04"},"content":"import java.util.List;","lastModifiedDate":"2025-08-29T00:08:22","isFullCredit":false},{"lineNumber":8,"author":{"gitId":"vincent-wat04"},"content":"","lastModifiedDate":"2025-08-29T00:08:22","isFullCredit":false},{"lineNumber":9,"author":{"gitId":"vincent-wat04"},"content":"public class Storage {","lastModifiedDate":"2025-08-29T00:08:22","isFullCredit":false},{"lineNumber":10,"author":{"gitId":"vincent-wat04"},"content":"    private static Path resolveDataFile() {","lastModifiedDate":"2025-08-29T00:08:22","isFullCredit":false},{"lineNumber":11,"author":{"gitId":"vincent-wat04"},"content":"        // Support running from project root or from text-ui-test directory","lastModifiedDate":"2025-08-29T00:08:22","isFullCredit":false},{"lineNumber":12,"author":{"gitId":"vincent-wat04"},"content":"        Path base \u003d Paths.get(\".\");","lastModifiedDate":"2025-08-29T00:08:22","isFullCredit":false},{"lineNumber":13,"author":{"gitId":"vincent-wat04"},"content":"        if (Files.isDirectory(Paths.get(\"text-ui-test\"))) {","lastModifiedDate":"2025-08-29T00:08:22","isFullCredit":false},{"lineNumber":14,"author":{"gitId":"vincent-wat04"},"content":"            base \u003d Paths.get(\"..\");","lastModifiedDate":"2025-08-29T00:08:22","isFullCredit":false},{"lineNumber":15,"author":{"gitId":"vincent-wat04"},"content":"        }","lastModifiedDate":"2025-08-29T00:08:22","isFullCredit":false},{"lineNumber":16,"author":{"gitId":"vincent-wat04"},"content":"        Path dataDir \u003d base.resolve(Paths.get(\"data\"));","lastModifiedDate":"2025-08-29T00:08:22","isFullCredit":false},{"lineNumber":17,"author":{"gitId":"vincent-wat04"},"content":"        return dataDir.resolve(\"vince.txt\");","lastModifiedDate":"2025-08-29T00:32:35","isFullCredit":false},{"lineNumber":18,"author":{"gitId":"vincent-wat04"},"content":"    }","lastModifiedDate":"2025-08-29T00:08:22","isFullCredit":false},{"lineNumber":19,"author":{"gitId":"vincent-wat04"},"content":"","lastModifiedDate":"2025-08-29T00:08:22","isFullCredit":false},{"lineNumber":20,"author":{"gitId":"vincent-wat04"},"content":"    public static ArrayList\u003cTask\u003e load() {","lastModifiedDate":"2025-08-29T00:08:22","isFullCredit":false},{"lineNumber":21,"author":{"gitId":"vincent-wat04"},"content":"        ArrayList\u003cTask\u003e tasks \u003d new ArrayList\u003cTask\u003e();","lastModifiedDate":"2025-08-29T00:08:22","isFullCredit":false},{"lineNumber":22,"author":{"gitId":"vincent-wat04"},"content":"        try {","lastModifiedDate":"2025-08-29T00:08:22","isFullCredit":false},{"lineNumber":23,"author":{"gitId":"vincent-wat04"},"content":"            Path dataFile \u003d resolveDataFile();","lastModifiedDate":"2025-08-29T00:08:22","isFullCredit":false},{"lineNumber":24,"author":{"gitId":"vincent-wat04"},"content":"            Path dataDir \u003d dataFile.getParent();","lastModifiedDate":"2025-08-29T00:08:22","isFullCredit":false},{"lineNumber":25,"author":{"gitId":"vincent-wat04"},"content":"            if (!Files.exists(dataDir)) {","lastModifiedDate":"2025-08-29T00:08:22","isFullCredit":false},{"lineNumber":26,"author":{"gitId":"vincent-wat04"},"content":"                Files.createDirectories(dataDir);","lastModifiedDate":"2025-08-29T00:08:22","isFullCredit":false},{"lineNumber":27,"author":{"gitId":"vincent-wat04"},"content":"            }","lastModifiedDate":"2025-08-29T00:08:22","isFullCredit":false},{"lineNumber":28,"author":{"gitId":"vincent-wat04"},"content":"            if (!Files.exists(dataFile)) {","lastModifiedDate":"2025-08-29T00:08:22","isFullCredit":false},{"lineNumber":29,"author":{"gitId":"vincent-wat04"},"content":"                Files.createFile(dataFile);","lastModifiedDate":"2025-08-29T00:08:22","isFullCredit":false},{"lineNumber":30,"author":{"gitId":"vincent-wat04"},"content":"                return tasks;","lastModifiedDate":"2025-08-29T00:08:22","isFullCredit":false},{"lineNumber":31,"author":{"gitId":"vincent-wat04"},"content":"            }","lastModifiedDate":"2025-08-29T00:08:22","isFullCredit":false},{"lineNumber":32,"author":{"gitId":"vincent-wat04"},"content":"            List\u003cString\u003e lines \u003d Files.readAllLines(dataFile, StandardCharsets.UTF_8);","lastModifiedDate":"2025-08-29T00:08:22","isFullCredit":false},{"lineNumber":33,"author":{"gitId":"vincent-wat04"},"content":"            for (String line : lines) {","lastModifiedDate":"2025-08-29T00:08:22","isFullCredit":false},{"lineNumber":34,"author":{"gitId":"vincent-wat04"},"content":"                if (line \u003d\u003d null || line.trim().isEmpty()) {","lastModifiedDate":"2025-08-29T00:08:22","isFullCredit":false},{"lineNumber":35,"author":{"gitId":"vincent-wat04"},"content":"                    continue;","lastModifiedDate":"2025-08-29T00:08:22","isFullCredit":false},{"lineNumber":36,"author":{"gitId":"vincent-wat04"},"content":"                }","lastModifiedDate":"2025-08-29T00:08:22","isFullCredit":false},{"lineNumber":37,"author":{"gitId":"vincent-wat04"},"content":"                try {","lastModifiedDate":"2025-08-29T00:08:22","isFullCredit":false},{"lineNumber":38,"author":{"gitId":"vincent-wat04"},"content":"                    // Expected formats:","lastModifiedDate":"2025-08-29T00:08:22","isFullCredit":false},{"lineNumber":39,"author":{"gitId":"vincent-wat04"},"content":"                    // T | 1 | description","lastModifiedDate":"2025-08-29T00:08:22","isFullCredit":false},{"lineNumber":40,"author":{"gitId":"vincent-wat04"},"content":"                    // D | 0 | description | by","lastModifiedDate":"2025-08-29T00:08:22","isFullCredit":false},{"lineNumber":41,"author":{"gitId":"vincent-wat04"},"content":"                    // E | 1 | description | from | to","lastModifiedDate":"2025-08-29T00:08:22","isFullCredit":false},{"lineNumber":42,"author":{"gitId":"vincent-wat04"},"content":"                    String[] parts \u003d line.split(\"\\\\|\", -1);","lastModifiedDate":"2025-08-29T00:08:22","isFullCredit":false},{"lineNumber":43,"author":{"gitId":"vincent-wat04"},"content":"                    if (parts.length \u003c 3) {","lastModifiedDate":"2025-08-29T00:08:22","isFullCredit":false},{"lineNumber":44,"author":{"gitId":"vincent-wat04"},"content":"                        // corrupted line, skip","lastModifiedDate":"2025-08-29T00:08:22","isFullCredit":false},{"lineNumber":45,"author":{"gitId":"vincent-wat04"},"content":"                        continue;","lastModifiedDate":"2025-08-29T00:08:22","isFullCredit":false},{"lineNumber":46,"author":{"gitId":"vincent-wat04"},"content":"                    }","lastModifiedDate":"2025-08-29T00:08:22","isFullCredit":false},{"lineNumber":47,"author":{"gitId":"vincent-wat04"},"content":"                    String type \u003d parts[0].trim();","lastModifiedDate":"2025-08-29T00:08:22","isFullCredit":false},{"lineNumber":48,"author":{"gitId":"vincent-wat04"},"content":"                    String doneStr \u003d parts[1].trim();","lastModifiedDate":"2025-08-29T00:08:22","isFullCredit":false},{"lineNumber":49,"author":{"gitId":"vincent-wat04"},"content":"                    String description \u003d parts[2].trim();","lastModifiedDate":"2025-08-29T00:08:22","isFullCredit":false},{"lineNumber":50,"author":{"gitId":"vincent-wat04"},"content":"                    boolean isDone \u003d doneStr.equals(\"1\");","lastModifiedDate":"2025-08-29T00:08:22","isFullCredit":false},{"lineNumber":51,"author":{"gitId":"vincent-wat04"},"content":"","lastModifiedDate":"2025-08-29T00:08:22","isFullCredit":false},{"lineNumber":52,"author":{"gitId":"vincent-wat04"},"content":"                    Task task;","lastModifiedDate":"2025-08-29T00:08:22","isFullCredit":false},{"lineNumber":53,"author":{"gitId":"vincent-wat04"},"content":"                    switch (type) {","lastModifiedDate":"2025-08-29T00:08:22","isFullCredit":false},{"lineNumber":54,"author":{"gitId":"vincent-wat04"},"content":"                        case \"T\":","lastModifiedDate":"2025-08-29T00:08:22","isFullCredit":false},{"lineNumber":55,"author":{"gitId":"vincent-wat04"},"content":"                            task \u003d new Todo(description);","lastModifiedDate":"2025-08-29T00:08:22","isFullCredit":false},{"lineNumber":56,"author":{"gitId":"vincent-wat04"},"content":"                            break;","lastModifiedDate":"2025-08-29T00:08:22","isFullCredit":false},{"lineNumber":57,"author":{"gitId":"vincent-wat04"},"content":"                        case \"D\":","lastModifiedDate":"2025-08-29T00:08:22","isFullCredit":false},{"lineNumber":58,"author":{"gitId":"vincent-wat04"},"content":"                            if (parts.length \u003c 4) {","lastModifiedDate":"2025-08-29T00:08:22","isFullCredit":false},{"lineNumber":59,"author":{"gitId":"vincent-wat04"},"content":"                                continue; // corrupted","lastModifiedDate":"2025-08-29T00:08:22","isFullCredit":false},{"lineNumber":60,"author":{"gitId":"vincent-wat04"},"content":"                            }","lastModifiedDate":"2025-08-29T00:08:22","isFullCredit":false},{"lineNumber":61,"author":{"gitId":"vincent-wat04"},"content":"                            String by \u003d parts[3].trim();","lastModifiedDate":"2025-08-29T00:08:22","isFullCredit":false},{"lineNumber":62,"author":{"gitId":"vincent-wat04"},"content":"                            task \u003d new Deadline(description, by);","lastModifiedDate":"2025-08-29T00:08:22","isFullCredit":false},{"lineNumber":63,"author":{"gitId":"vincent-wat04"},"content":"                            break;","lastModifiedDate":"2025-08-29T00:08:22","isFullCredit":false},{"lineNumber":64,"author":{"gitId":"vincent-wat04"},"content":"                        case \"E\":","lastModifiedDate":"2025-08-29T00:08:22","isFullCredit":false},{"lineNumber":65,"author":{"gitId":"vincent-wat04"},"content":"                            if (parts.length \u003c 5) {","lastModifiedDate":"2025-08-29T00:08:22","isFullCredit":false},{"lineNumber":66,"author":{"gitId":"vincent-wat04"},"content":"                                continue; // corrupted","lastModifiedDate":"2025-08-29T00:08:22","isFullCredit":false},{"lineNumber":67,"author":{"gitId":"vincent-wat04"},"content":"                            }","lastModifiedDate":"2025-08-29T00:08:22","isFullCredit":false},{"lineNumber":68,"author":{"gitId":"vincent-wat04"},"content":"                            String from \u003d parts[3].trim();","lastModifiedDate":"2025-08-29T00:08:22","isFullCredit":false},{"lineNumber":69,"author":{"gitId":"vincent-wat04"},"content":"                            String to \u003d parts[4].trim();","lastModifiedDate":"2025-08-29T00:08:22","isFullCredit":false},{"lineNumber":70,"author":{"gitId":"vincent-wat04"},"content":"                            task \u003d new Event(description, from, to);","lastModifiedDate":"2025-08-29T00:08:22","isFullCredit":false},{"lineNumber":71,"author":{"gitId":"vincent-wat04"},"content":"                            break;","lastModifiedDate":"2025-08-29T00:08:22","isFullCredit":false},{"lineNumber":72,"author":{"gitId":"vincent-wat04"},"content":"                        default:","lastModifiedDate":"2025-08-29T00:08:22","isFullCredit":false},{"lineNumber":73,"author":{"gitId":"vincent-wat04"},"content":"                            task \u003d new Task(description);","lastModifiedDate":"2025-08-29T00:08:22","isFullCredit":false},{"lineNumber":74,"author":{"gitId":"vincent-wat04"},"content":"                    }","lastModifiedDate":"2025-08-29T00:08:22","isFullCredit":false},{"lineNumber":75,"author":{"gitId":"vincent-wat04"},"content":"                    if (isDone) {","lastModifiedDate":"2025-08-29T00:08:22","isFullCredit":false},{"lineNumber":76,"author":{"gitId":"vincent-wat04"},"content":"                        task.mark();","lastModifiedDate":"2025-08-29T00:08:22","isFullCredit":false},{"lineNumber":77,"author":{"gitId":"vincent-wat04"},"content":"                    }","lastModifiedDate":"2025-08-29T00:08:22","isFullCredit":false},{"lineNumber":78,"author":{"gitId":"vincent-wat04"},"content":"                    tasks.add(task);","lastModifiedDate":"2025-08-29T00:08:22","isFullCredit":false},{"lineNumber":79,"author":{"gitId":"vincent-wat04"},"content":"                } catch (Exception e) {","lastModifiedDate":"2025-08-29T00:08:22","isFullCredit":false},{"lineNumber":80,"author":{"gitId":"vincent-wat04"},"content":"                    // Skip corrupted line gracefully","lastModifiedDate":"2025-08-29T00:08:22","isFullCredit":false},{"lineNumber":81,"author":{"gitId":"vincent-wat04"},"content":"                    continue;","lastModifiedDate":"2025-08-29T00:08:22","isFullCredit":false},{"lineNumber":82,"author":{"gitId":"vincent-wat04"},"content":"                }","lastModifiedDate":"2025-08-29T00:08:22","isFullCredit":false},{"lineNumber":83,"author":{"gitId":"vincent-wat04"},"content":"            }","lastModifiedDate":"2025-08-29T00:08:22","isFullCredit":false},{"lineNumber":84,"author":{"gitId":"vincent-wat04"},"content":"        } catch (IOException ioException) {","lastModifiedDate":"2025-08-29T00:08:22","isFullCredit":false},{"lineNumber":85,"author":{"gitId":"vincent-wat04"},"content":"            throw new VinceException(\"Failed to load data from disk!\" );","lastModifiedDate":"2025-08-29T00:08:22","isFullCredit":false},{"lineNumber":86,"author":{"gitId":"vincent-wat04"},"content":"        }","lastModifiedDate":"2025-08-29T00:08:22","isFullCredit":false},{"lineNumber":87,"author":{"gitId":"vincent-wat04"},"content":"        return tasks;","lastModifiedDate":"2025-08-29T00:08:22","isFullCredit":false},{"lineNumber":88,"author":{"gitId":"vincent-wat04"},"content":"    }","lastModifiedDate":"2025-08-29T00:08:22","isFullCredit":false},{"lineNumber":89,"author":{"gitId":"vincent-wat04"},"content":"","lastModifiedDate":"2025-08-29T00:08:22","isFullCredit":false},{"lineNumber":90,"author":{"gitId":"vincent-wat04"},"content":"    public static void save(ArrayList\u003cTask\u003e tasks) {","lastModifiedDate":"2025-08-29T00:08:22","isFullCredit":false},{"lineNumber":91,"author":{"gitId":"vincent-wat04"},"content":"        try {","lastModifiedDate":"2025-08-29T00:08:22","isFullCredit":false},{"lineNumber":92,"author":{"gitId":"vincent-wat04"},"content":"            Path dataFile \u003d resolveDataFile();","lastModifiedDate":"2025-08-29T00:08:22","isFullCredit":false},{"lineNumber":93,"author":{"gitId":"vincent-wat04"},"content":"            Path dataDir \u003d dataFile.getParent();","lastModifiedDate":"2025-08-29T00:08:22","isFullCredit":false},{"lineNumber":94,"author":{"gitId":"vincent-wat04"},"content":"            if (!Files.exists(dataDir)) {","lastModifiedDate":"2025-08-29T00:08:22","isFullCredit":false},{"lineNumber":95,"author":{"gitId":"vincent-wat04"},"content":"                Files.createDirectories(dataDir);","lastModifiedDate":"2025-08-29T00:08:22","isFullCredit":false},{"lineNumber":96,"author":{"gitId":"vincent-wat04"},"content":"            }","lastModifiedDate":"2025-08-29T00:08:22","isFullCredit":false},{"lineNumber":97,"author":{"gitId":"vincent-wat04"},"content":"            ArrayList\u003cString\u003e lines \u003d new ArrayList\u003cString\u003e();","lastModifiedDate":"2025-08-29T00:08:22","isFullCredit":false},{"lineNumber":98,"author":{"gitId":"vincent-wat04"},"content":"            for (Task task : tasks) {","lastModifiedDate":"2025-08-29T00:08:22","isFullCredit":false},{"lineNumber":99,"author":{"gitId":"vincent-wat04"},"content":"                String line;","lastModifiedDate":"2025-08-29T00:08:22","isFullCredit":false},{"lineNumber":100,"author":{"gitId":"vincent-wat04"},"content":"                if (task instanceof Todo) {","lastModifiedDate":"2025-08-29T00:08:22","isFullCredit":false},{"lineNumber":101,"author":{"gitId":"vincent-wat04"},"content":"                    line \u003d String.format(\"T | %d | %s\", task.isDone() ? 1 : 0, task.getDescription());","lastModifiedDate":"2025-08-29T00:08:22","isFullCredit":false},{"lineNumber":102,"author":{"gitId":"vincent-wat04"},"content":"                } else if (task instanceof Deadline) {","lastModifiedDate":"2025-08-29T00:08:22","isFullCredit":false},{"lineNumber":103,"author":{"gitId":"vincent-wat04"},"content":"                    Deadline d \u003d (Deadline) task;","lastModifiedDate":"2025-08-29T00:08:22","isFullCredit":false},{"lineNumber":104,"author":{"gitId":"vincent-wat04"},"content":"                    line \u003d String.format(\"D | %d | %s | %s\", task.isDone() ? 1 : 0, task.getDescription(), d.getBy());","lastModifiedDate":"2025-08-29T00:08:22","isFullCredit":false},{"lineNumber":105,"author":{"gitId":"vincent-wat04"},"content":"                } else if (task instanceof Event) {","lastModifiedDate":"2025-08-29T00:08:22","isFullCredit":false},{"lineNumber":106,"author":{"gitId":"vincent-wat04"},"content":"                    Event e \u003d (Event) task;","lastModifiedDate":"2025-08-29T00:08:22","isFullCredit":false},{"lineNumber":107,"author":{"gitId":"vincent-wat04"},"content":"                    line \u003d String.format(\"E | %d | %s | %s | %s\", task.isDone() ? 1 : 0, task.getDescription(), e.getFrom(), e.getTo());","lastModifiedDate":"2025-08-29T00:08:22","isFullCredit":false},{"lineNumber":108,"author":{"gitId":"vincent-wat04"},"content":"                } else {","lastModifiedDate":"2025-08-29T00:08:22","isFullCredit":false},{"lineNumber":109,"author":{"gitId":"vincent-wat04"},"content":"                    line \u003d String.format(\"T | %d | %s\", task.isDone() ? 1 : 0, task.getDescription());","lastModifiedDate":"2025-08-29T00:08:22","isFullCredit":false},{"lineNumber":110,"author":{"gitId":"vincent-wat04"},"content":"                }","lastModifiedDate":"2025-08-29T00:08:22","isFullCredit":false},{"lineNumber":111,"author":{"gitId":"vincent-wat04"},"content":"                lines.add(line);","lastModifiedDate":"2025-08-29T00:08:22","isFullCredit":false},{"lineNumber":112,"author":{"gitId":"vincent-wat04"},"content":"            }","lastModifiedDate":"2025-08-29T00:08:22","isFullCredit":false},{"lineNumber":113,"author":{"gitId":"vincent-wat04"},"content":"            Files.write(dataFile, lines, StandardCharsets.UTF_8);","lastModifiedDate":"2025-08-29T00:08:22","isFullCredit":false},{"lineNumber":114,"author":{"gitId":"vincent-wat04"},"content":"        } catch (IOException ioException) {","lastModifiedDate":"2025-08-29T00:08:22","isFullCredit":false},{"lineNumber":115,"author":{"gitId":"vincent-wat04"},"content":"            throw new VinceException(\"Failed to save data to disk!\");","lastModifiedDate":"2025-08-29T00:08:22","isFullCredit":false},{"lineNumber":116,"author":{"gitId":"vincent-wat04"},"content":"        }","lastModifiedDate":"2025-08-29T00:08:22","isFullCredit":false},{"lineNumber":117,"author":{"gitId":"vincent-wat04"},"content":"    }","lastModifiedDate":"2025-08-29T00:08:22","isFullCredit":false},{"lineNumber":118,"author":{"gitId":"vincent-wat04"},"content":"}","lastModifiedDate":"2025-08-29T00:08:22","isFullCredit":false}],"authorContributionMap":{"vincent-wat04":118}},{"path":"src/main/java/Task.java","fileType":"java","lines":[{"lineNumber":1,"author":{"gitId":"vincent-wat04"},"content":"public class Task {","lastModifiedDate":"2025-08-21T17:14:04","isFullCredit":false},{"lineNumber":2,"author":{"gitId":"vincent-wat04"},"content":"    private String description;","lastModifiedDate":"2025-08-21T17:14:04","isFullCredit":false},{"lineNumber":3,"author":{"gitId":"vincent-wat04"},"content":"    private boolean isDone;","lastModifiedDate":"2025-08-21T17:14:04","isFullCredit":false},{"lineNumber":4,"author":{"gitId":"vincent-wat04"},"content":"","lastModifiedDate":"2025-08-21T17:14:04","isFullCredit":false},{"lineNumber":5,"author":{"gitId":"vincent-wat04"},"content":"    public Task(String description) throws VinceException {","lastModifiedDate":"2025-08-22T14:29:48","isFullCredit":false},{"lineNumber":6,"author":{"gitId":"vincent-wat04"},"content":"        if (description \u003d\u003d null || description.trim().isEmpty()) {","lastModifiedDate":"2025-08-22T14:29:48","isFullCredit":false},{"lineNumber":7,"author":{"gitId":"vincent-wat04"},"content":"            throw new VinceException(\"Task description cannot be null or empty!\");","lastModifiedDate":"2025-08-22T14:29:48","isFullCredit":false},{"lineNumber":8,"author":{"gitId":"vincent-wat04"},"content":"        }","lastModifiedDate":"2025-08-22T14:29:48","isFullCredit":false},{"lineNumber":9,"author":{"gitId":"vincent-wat04"},"content":"        this.description \u003d description.trim();","lastModifiedDate":"2025-08-22T14:29:48","isFullCredit":false},{"lineNumber":10,"author":{"gitId":"vincent-wat04"},"content":"        this.isDone \u003d false;","lastModifiedDate":"2025-08-21T17:14:04","isFullCredit":false},{"lineNumber":11,"author":{"gitId":"vincent-wat04"},"content":"    }","lastModifiedDate":"2025-08-21T17:14:04","isFullCredit":false},{"lineNumber":12,"author":{"gitId":"vincent-wat04"},"content":"","lastModifiedDate":"2025-08-21T17:14:04","isFullCredit":false},{"lineNumber":13,"author":{"gitId":"vincent-wat04"},"content":"    public void mark() {","lastModifiedDate":"2025-08-21T17:14:04","isFullCredit":false},{"lineNumber":14,"author":{"gitId":"vincent-wat04"},"content":"        this.isDone \u003d true;","lastModifiedDate":"2025-08-21T17:14:04","isFullCredit":false},{"lineNumber":15,"author":{"gitId":"vincent-wat04"},"content":"    }","lastModifiedDate":"2025-08-21T17:14:04","isFullCredit":false},{"lineNumber":16,"author":{"gitId":"vincent-wat04"},"content":"","lastModifiedDate":"2025-08-21T17:14:04","isFullCredit":false},{"lineNumber":17,"author":{"gitId":"vincent-wat04"},"content":"    public void unmark() {","lastModifiedDate":"2025-08-21T17:14:04","isFullCredit":false},{"lineNumber":18,"author":{"gitId":"vincent-wat04"},"content":"        this.isDone \u003d false;","lastModifiedDate":"2025-08-21T17:14:04","isFullCredit":false},{"lineNumber":19,"author":{"gitId":"vincent-wat04"},"content":"    }","lastModifiedDate":"2025-08-21T17:14:04","isFullCredit":false},{"lineNumber":20,"author":{"gitId":"vincent-wat04"},"content":"","lastModifiedDate":"2025-08-21T17:14:04","isFullCredit":false},{"lineNumber":21,"author":{"gitId":"vincent-wat04"},"content":"    public boolean isDone() {","lastModifiedDate":"2025-08-29T00:08:22","isFullCredit":false},{"lineNumber":22,"author":{"gitId":"vincent-wat04"},"content":"        return isDone;","lastModifiedDate":"2025-08-29T00:08:22","isFullCredit":false},{"lineNumber":23,"author":{"gitId":"vincent-wat04"},"content":"    }","lastModifiedDate":"2025-08-29T00:08:22","isFullCredit":false},{"lineNumber":24,"author":{"gitId":"vincent-wat04"},"content":"","lastModifiedDate":"2025-08-29T00:08:22","isFullCredit":false},{"lineNumber":25,"author":{"gitId":"vincent-wat04"},"content":"    public String getDescription() {","lastModifiedDate":"2025-08-29T00:08:22","isFullCredit":false},{"lineNumber":26,"author":{"gitId":"vincent-wat04"},"content":"        return description;","lastModifiedDate":"2025-08-29T00:08:22","isFullCredit":false},{"lineNumber":27,"author":{"gitId":"vincent-wat04"},"content":"    }","lastModifiedDate":"2025-08-29T00:08:22","isFullCredit":false},{"lineNumber":28,"author":{"gitId":"vincent-wat04"},"content":"","lastModifiedDate":"2025-08-29T00:08:22","isFullCredit":false},{"lineNumber":29,"author":{"gitId":"vincent-wat04"},"content":"    public String toString() {","lastModifiedDate":"2025-08-21T17:14:04","isFullCredit":false},{"lineNumber":30,"author":{"gitId":"vincent-wat04"},"content":"        return (isDone ? \"[X] \" : \"[ ] \") + description;","lastModifiedDate":"2025-08-21T17:14:04","isFullCredit":false},{"lineNumber":31,"author":{"gitId":"vincent-wat04"},"content":"    }","lastModifiedDate":"2025-08-21T17:14:04","isFullCredit":false},{"lineNumber":32,"author":{"gitId":"vincent-wat04"},"content":"}","lastModifiedDate":"2025-08-21T17:14:04","isFullCredit":false}],"authorContributionMap":{"vincent-wat04":32}},{"path":"src/main/java/TaskType.java","fileType":"java","lines":[{"lineNumber":1,"author":{"gitId":"vincent-wat04"},"content":"public enum TaskType {","lastModifiedDate":"2025-08-22T15:51:17","isFullCredit":false},{"lineNumber":2,"author":{"gitId":"vincent-wat04"},"content":"    TODO(\"todo\", 5),","lastModifiedDate":"2025-08-22T15:51:17","isFullCredit":false},{"lineNumber":3,"author":{"gitId":"vincent-wat04"},"content":"    DEADLINE(\"deadline\", 9),","lastModifiedDate":"2025-08-22T15:51:17","isFullCredit":false},{"lineNumber":4,"author":{"gitId":"vincent-wat04"},"content":"    EVENT(\"event\", 6);","lastModifiedDate":"2025-08-22T15:51:17","isFullCredit":false},{"lineNumber":5,"author":{"gitId":"vincent-wat04"},"content":"    ","lastModifiedDate":"2025-08-22T15:51:17","isFullCredit":false},{"lineNumber":6,"author":{"gitId":"vincent-wat04"},"content":"    private final String command;","lastModifiedDate":"2025-08-22T15:51:17","isFullCredit":false},{"lineNumber":7,"author":{"gitId":"vincent-wat04"},"content":"    private final int prefixLength;","lastModifiedDate":"2025-08-22T15:51:17","isFullCredit":false},{"lineNumber":8,"author":{"gitId":"vincent-wat04"},"content":"    ","lastModifiedDate":"2025-08-22T15:51:17","isFullCredit":false},{"lineNumber":9,"author":{"gitId":"vincent-wat04"},"content":"    TaskType(String command, int prefixLength) {","lastModifiedDate":"2025-08-22T15:51:17","isFullCredit":false},{"lineNumber":10,"author":{"gitId":"vincent-wat04"},"content":"        this.command \u003d command;","lastModifiedDate":"2025-08-22T15:51:17","isFullCredit":false},{"lineNumber":11,"author":{"gitId":"vincent-wat04"},"content":"        this.prefixLength \u003d prefixLength;","lastModifiedDate":"2025-08-22T15:51:17","isFullCredit":false},{"lineNumber":12,"author":{"gitId":"vincent-wat04"},"content":"    }","lastModifiedDate":"2025-08-22T15:51:17","isFullCredit":false},{"lineNumber":13,"author":{"gitId":"vincent-wat04"},"content":"    ","lastModifiedDate":"2025-08-22T15:51:17","isFullCredit":false},{"lineNumber":14,"author":{"gitId":"vincent-wat04"},"content":"    public String getCommand() {","lastModifiedDate":"2025-08-22T15:51:17","isFullCredit":false},{"lineNumber":15,"author":{"gitId":"vincent-wat04"},"content":"        return command;","lastModifiedDate":"2025-08-22T15:51:17","isFullCredit":false},{"lineNumber":16,"author":{"gitId":"vincent-wat04"},"content":"    }","lastModifiedDate":"2025-08-22T15:51:17","isFullCredit":false},{"lineNumber":17,"author":{"gitId":"vincent-wat04"},"content":"    ","lastModifiedDate":"2025-08-22T15:51:17","isFullCredit":false},{"lineNumber":18,"author":{"gitId":"vincent-wat04"},"content":"    public int getPrefixLength() {","lastModifiedDate":"2025-08-22T15:51:17","isFullCredit":false},{"lineNumber":19,"author":{"gitId":"vincent-wat04"},"content":"        return prefixLength;","lastModifiedDate":"2025-08-22T15:51:17","isFullCredit":false},{"lineNumber":20,"author":{"gitId":"vincent-wat04"},"content":"    }","lastModifiedDate":"2025-08-22T15:51:17","isFullCredit":false},{"lineNumber":21,"author":{"gitId":"vincent-wat04"},"content":"    ","lastModifiedDate":"2025-08-22T15:51:17","isFullCredit":false},{"lineNumber":22,"author":{"gitId":"vincent-wat04"},"content":"    public static TaskType fromCommand(String command) {","lastModifiedDate":"2025-08-22T15:51:17","isFullCredit":false},{"lineNumber":23,"author":{"gitId":"vincent-wat04"},"content":"        for (TaskType type : values()) {","lastModifiedDate":"2025-08-22T15:51:17","isFullCredit":false},{"lineNumber":24,"author":{"gitId":"vincent-wat04"},"content":"            if (type.command.equals(command)) {","lastModifiedDate":"2025-08-22T15:51:17","isFullCredit":false},{"lineNumber":25,"author":{"gitId":"vincent-wat04"},"content":"                return type;","lastModifiedDate":"2025-08-22T15:51:17","isFullCredit":false},{"lineNumber":26,"author":{"gitId":"vincent-wat04"},"content":"            }","lastModifiedDate":"2025-08-22T15:51:17","isFullCredit":false},{"lineNumber":27,"author":{"gitId":"vincent-wat04"},"content":"        }","lastModifiedDate":"2025-08-22T15:51:17","isFullCredit":false},{"lineNumber":28,"author":{"gitId":"vincent-wat04"},"content":"        return null;","lastModifiedDate":"2025-08-22T15:51:17","isFullCredit":false},{"lineNumber":29,"author":{"gitId":"vincent-wat04"},"content":"    }","lastModifiedDate":"2025-08-22T15:51:17","isFullCredit":false},{"lineNumber":30,"author":{"gitId":"vincent-wat04"},"content":"}","lastModifiedDate":"2025-08-22T15:51:17","isFullCredit":false}],"authorContributionMap":{"vincent-wat04":30}},{"path":"src/main/java/ToDoList.java","fileType":"java","lines":[{"lineNumber":1,"author":{"gitId":"vincent-wat04"},"content":"import java.util.ArrayList;","lastModifiedDate":"2025-08-22T14:57:03","isFullCredit":false},{"lineNumber":2,"author":{"gitId":"vincent-wat04"},"content":"","lastModifiedDate":"2025-08-22T14:57:03","isFullCredit":false},{"lineNumber":3,"author":{"gitId":"vincent-wat04"},"content":"public class ToDoList {","lastModifiedDate":"2025-08-21T16:54:23","isFullCredit":false},{"lineNumber":4,"author":{"gitId":"vincent-wat04"},"content":"    private ArrayList\u003cTask\u003e tasks \u003d new ArrayList\u003cTask\u003e();","lastModifiedDate":"2025-08-22T14:57:03","isFullCredit":false},{"lineNumber":5,"author":{"gitId":"vincent-wat04"},"content":"    ","lastModifiedDate":"2025-08-21T16:54:23","isFullCredit":false},{"lineNumber":6,"author":{"gitId":"vincent-wat04"},"content":"    public ToDoList() {","lastModifiedDate":"2025-08-29T00:08:22","isFullCredit":false},{"lineNumber":7,"author":{"gitId":"vincent-wat04"},"content":"        this.tasks \u003d Storage.load();","lastModifiedDate":"2025-08-29T00:08:22","isFullCredit":false},{"lineNumber":8,"author":{"gitId":"vincent-wat04"},"content":"    }","lastModifiedDate":"2025-08-29T00:08:22","isFullCredit":false},{"lineNumber":9,"author":{"gitId":"vincent-wat04"},"content":"    ","lastModifiedDate":"2025-08-29T00:08:22","isFullCredit":false},{"lineNumber":10,"author":{"gitId":"vincent-wat04"},"content":"    public Task addTask(String task) throws VinceException {","lastModifiedDate":"2025-08-22T14:29:48","isFullCredit":false},{"lineNumber":11,"author":{"gitId":"vincent-wat04"},"content":"        String type \u003d task.split(\" \")[0];","lastModifiedDate":"2025-08-22T13:27:03","isFullCredit":false},{"lineNumber":12,"author":{"gitId":"vincent-wat04"},"content":"        ","lastModifiedDate":"2025-08-22T15:51:17","isFullCredit":false},{"lineNumber":13,"author":{"gitId":"vincent-wat04"},"content":"        TaskType taskType \u003d TaskType.fromCommand(type);","lastModifiedDate":"2025-08-22T15:51:17","isFullCredit":false},{"lineNumber":14,"author":{"gitId":"vincent-wat04"},"content":"        if (taskType \u003d\u003d null) {","lastModifiedDate":"2025-08-22T15:51:17","isFullCredit":false},{"lineNumber":15,"author":{"gitId":"vincent-wat04"},"content":"            tasks.add(new Task(task));","lastModifiedDate":"2025-08-22T15:51:17","isFullCredit":false},{"lineNumber":16,"author":{"gitId":"vincent-wat04"},"content":"            Storage.save(tasks);","lastModifiedDate":"2025-08-29T00:08:22","isFullCredit":false},{"lineNumber":17,"author":{"gitId":"vincent-wat04"},"content":"            return tasks.get(tasks.size() - 1);","lastModifiedDate":"2025-08-22T15:51:17","isFullCredit":false},{"lineNumber":18,"author":{"gitId":"vincent-wat04"},"content":"        }","lastModifiedDate":"2025-08-22T15:51:17","isFullCredit":false},{"lineNumber":19,"author":{"gitId":"vincent-wat04"},"content":"        ","lastModifiedDate":"2025-08-22T15:51:17","isFullCredit":false},{"lineNumber":20,"author":{"gitId":"vincent-wat04"},"content":"        switch (taskType) {","lastModifiedDate":"2025-08-22T15:51:17","isFullCredit":false},{"lineNumber":21,"author":{"gitId":"vincent-wat04"},"content":"            case DEADLINE:","lastModifiedDate":"2025-08-22T15:51:17","isFullCredit":false},{"lineNumber":22,"author":{"gitId":"vincent-wat04"},"content":"                if (!task.contains(\" /by \")) {","lastModifiedDate":"2025-08-22T14:29:48","isFullCredit":false},{"lineNumber":23,"author":{"gitId":"vincent-wat04"},"content":"                    throw new VinceException(\"Deadline task must contain \u0027 /by \u0027 to specify the deadline!\");","lastModifiedDate":"2025-08-22T15:51:17","isFullCredit":false},{"lineNumber":24,"author":{"gitId":"vincent-wat04"},"content":"                }","lastModifiedDate":"2025-08-22T14:29:48","isFullCredit":false},{"lineNumber":25,"author":{"gitId":"vincent-wat04"},"content":"                String[] deadlineParts \u003d task.split(\" /by \");","lastModifiedDate":"2025-08-22T13:27:03","isFullCredit":false},{"lineNumber":26,"author":{"gitId":"vincent-wat04"},"content":"                tasks.add(new Deadline(deadlineParts[0].substring(taskType.getPrefixLength()), deadlineParts[1]));","lastModifiedDate":"2025-08-22T15:51:17","isFullCredit":false},{"lineNumber":27,"author":{"gitId":"vincent-wat04"},"content":"                break;","lastModifiedDate":"2025-08-22T13:27:03","isFullCredit":false},{"lineNumber":28,"author":{"gitId":"vincent-wat04"},"content":"            case EVENT:","lastModifiedDate":"2025-08-22T15:51:17","isFullCredit":false},{"lineNumber":29,"author":{"gitId":"vincent-wat04"},"content":"                if (!task.contains(\" /from \") || !task.contains(\" /to \")) {","lastModifiedDate":"2025-08-22T14:29:48","isFullCredit":false},{"lineNumber":30,"author":{"gitId":"vincent-wat04"},"content":"                    throw new VinceException(\"Event task must contain \u0027 /from \u0027 and \u0027 /to \u0027 to specify the event time!\");","lastModifiedDate":"2025-08-22T14:29:48","isFullCredit":false},{"lineNumber":31,"author":{"gitId":"vincent-wat04"},"content":"                }","lastModifiedDate":"2025-08-22T14:29:48","isFullCredit":false},{"lineNumber":32,"author":{"gitId":"vincent-wat04"},"content":"                String[] eventParts \u003d task.split(\" /from | /to \");","lastModifiedDate":"2025-08-22T13:27:03","isFullCredit":false},{"lineNumber":33,"author":{"gitId":"vincent-wat04"},"content":"                tasks.add(new Event(eventParts[0].substring(taskType.getPrefixLength()), eventParts[1], eventParts[2]));","lastModifiedDate":"2025-08-22T15:51:17","isFullCredit":false},{"lineNumber":34,"author":{"gitId":"vincent-wat04"},"content":"                break;","lastModifiedDate":"2025-08-22T13:27:03","isFullCredit":false},{"lineNumber":35,"author":{"gitId":"vincent-wat04"},"content":"            case TODO:    ","lastModifiedDate":"2025-08-22T15:51:17","isFullCredit":false},{"lineNumber":36,"author":{"gitId":"vincent-wat04"},"content":"                if (task.length() \u003c taskType.getPrefixLength()) {","lastModifiedDate":"2025-08-22T15:51:17","isFullCredit":false},{"lineNumber":37,"author":{"gitId":"vincent-wat04"},"content":"                    throw new VinceException(\"Todo task must start with \u0027todo \u0027 and have a description!\");","lastModifiedDate":"2025-08-22T15:51:17","isFullCredit":false},{"lineNumber":38,"author":{"gitId":"vincent-wat04"},"content":"                }","lastModifiedDate":"2025-08-22T14:29:48","isFullCredit":false},{"lineNumber":39,"author":{"gitId":"vincent-wat04"},"content":"                tasks.add(new Todo(task.substring(taskType.getPrefixLength())));","lastModifiedDate":"2025-08-22T15:51:17","isFullCredit":false},{"lineNumber":40,"author":{"gitId":"vincent-wat04"},"content":"                break;","lastModifiedDate":"2025-08-22T13:27:03","isFullCredit":false},{"lineNumber":41,"author":{"gitId":"vincent-wat04"},"content":"        }","lastModifiedDate":"2025-08-22T13:27:03","isFullCredit":false},{"lineNumber":42,"author":{"gitId":"vincent-wat04"},"content":"        Storage.save(tasks);","lastModifiedDate":"2025-08-29T00:08:22","isFullCredit":false},{"lineNumber":43,"author":{"gitId":"vincent-wat04"},"content":"        return tasks.get(tasks.size() - 1);","lastModifiedDate":"2025-08-22T14:57:03","isFullCredit":false},{"lineNumber":44,"author":{"gitId":"vincent-wat04"},"content":"    }","lastModifiedDate":"2025-08-22T13:27:03","isFullCredit":false},{"lineNumber":45,"author":{"gitId":"vincent-wat04"},"content":"","lastModifiedDate":"2025-08-22T13:27:03","isFullCredit":false},{"lineNumber":46,"author":{"gitId":"vincent-wat04"},"content":"    public int getTaskCount() {","lastModifiedDate":"2025-08-22T13:27:03","isFullCredit":false},{"lineNumber":47,"author":{"gitId":"vincent-wat04"},"content":"        return tasks.size();","lastModifiedDate":"2025-08-22T14:57:03","isFullCredit":false},{"lineNumber":48,"author":{"gitId":"vincent-wat04"},"content":"    }","lastModifiedDate":"2025-08-21T16:54:23","isFullCredit":false},{"lineNumber":49,"author":{"gitId":"vincent-wat04"},"content":"    ","lastModifiedDate":"2025-08-21T16:54:23","isFullCredit":false},{"lineNumber":50,"author":{"gitId":"vincent-wat04"},"content":"    public void listTasks() {","lastModifiedDate":"2025-08-21T16:54:23","isFullCredit":false},{"lineNumber":51,"author":{"gitId":"vincent-wat04"},"content":"        System.out.println(\"____________________________________________________________\");","lastModifiedDate":"2025-08-21T16:54:23","isFullCredit":false},{"lineNumber":52,"author":{"gitId":"vincent-wat04"},"content":"        System.out.println(\"Here are the tasks in your list:\");","lastModifiedDate":"2025-08-21T17:14:04","isFullCredit":false},{"lineNumber":53,"author":{"gitId":"vincent-wat04"},"content":"        for (int i \u003d 0; i \u003c tasks.size(); i++) {","lastModifiedDate":"2025-08-22T14:57:03","isFullCredit":false},{"lineNumber":54,"author":{"gitId":"vincent-wat04"},"content":"            System.out.println((i + 1) + \". \" + tasks.get(i));","lastModifiedDate":"2025-08-22T14:57:03","isFullCredit":false},{"lineNumber":55,"author":{"gitId":"vincent-wat04"},"content":"        }","lastModifiedDate":"2025-08-21T16:54:23","isFullCredit":false},{"lineNumber":56,"author":{"gitId":"vincent-wat04"},"content":"        System.out.println(\"____________________________________________________________\\n\");","lastModifiedDate":"2025-08-21T16:54:23","isFullCredit":false},{"lineNumber":57,"author":{"gitId":"vincent-wat04"},"content":"    }","lastModifiedDate":"2025-08-21T16:54:23","isFullCredit":false},{"lineNumber":58,"author":{"gitId":"vincent-wat04"},"content":"","lastModifiedDate":"2025-08-21T17:14:04","isFullCredit":false},{"lineNumber":59,"author":{"gitId":"vincent-wat04"},"content":"    public Task getTask(String index) {","lastModifiedDate":"2025-08-21T17:14:04","isFullCredit":false},{"lineNumber":60,"author":{"gitId":"vincent-wat04"},"content":"        int taskIndex \u003d Integer.parseInt(index) - 1;","lastModifiedDate":"2025-08-21T17:14:04","isFullCredit":false},{"lineNumber":61,"author":{"gitId":"vincent-wat04"},"content":"        if (taskIndex \u003c 0 || taskIndex \u003e\u003d tasks.size()) {","lastModifiedDate":"2025-08-22T14:57:03","isFullCredit":false},{"lineNumber":62,"author":{"gitId":"vincent-wat04"},"content":"            throw new VinceException(\"Task index \" + (taskIndex + 1) + \" is out of range! You have \" + tasks.size() + \" tasks.\");","lastModifiedDate":"2025-08-22T14:57:03","isFullCredit":false},{"lineNumber":63,"author":{"gitId":"vincent-wat04"},"content":"        }","lastModifiedDate":"2025-08-22T14:29:48","isFullCredit":false},{"lineNumber":64,"author":{"gitId":"vincent-wat04"},"content":"        return tasks.get(taskIndex);","lastModifiedDate":"2025-08-22T14:57:03","isFullCredit":false},{"lineNumber":65,"author":{"gitId":"vincent-wat04"},"content":"    }","lastModifiedDate":"2025-08-21T17:14:04","isFullCredit":false},{"lineNumber":66,"author":{"gitId":"vincent-wat04"},"content":"","lastModifiedDate":"2025-08-21T17:14:04","isFullCredit":false},{"lineNumber":67,"author":{"gitId":"vincent-wat04"},"content":"    public void markTask(String index) {","lastModifiedDate":"2025-08-21T17:14:04","isFullCredit":false},{"lineNumber":68,"author":{"gitId":"vincent-wat04"},"content":"        int taskIndex \u003d Integer.parseInt(index) - 1;","lastModifiedDate":"2025-08-21T17:14:04","isFullCredit":false},{"lineNumber":69,"author":{"gitId":"vincent-wat04"},"content":"        if (taskIndex \u003c 0 || taskIndex \u003e\u003d tasks.size()) {","lastModifiedDate":"2025-08-22T14:57:03","isFullCredit":false},{"lineNumber":70,"author":{"gitId":"vincent-wat04"},"content":"            throw new VinceException(\"Task index \" + (taskIndex + 1) + \" is out of range! You have \" + tasks.size() + \" tasks.\");","lastModifiedDate":"2025-08-22T14:57:03","isFullCredit":false},{"lineNumber":71,"author":{"gitId":"vincent-wat04"},"content":"        }","lastModifiedDate":"2025-08-22T14:29:48","isFullCredit":false},{"lineNumber":72,"author":{"gitId":"vincent-wat04"},"content":"        tasks.get(taskIndex).mark();","lastModifiedDate":"2025-08-22T14:57:03","isFullCredit":false},{"lineNumber":73,"author":{"gitId":"vincent-wat04"},"content":"        Storage.save(tasks);","lastModifiedDate":"2025-08-29T00:08:22","isFullCredit":false},{"lineNumber":74,"author":{"gitId":"vincent-wat04"},"content":"    }","lastModifiedDate":"2025-08-21T16:54:23","isFullCredit":false},{"lineNumber":75,"author":{"gitId":"vincent-wat04"},"content":"","lastModifiedDate":"2025-08-21T17:14:04","isFullCredit":false},{"lineNumber":76,"author":{"gitId":"vincent-wat04"},"content":"    public void unmarkTask(String index) {","lastModifiedDate":"2025-08-21T17:14:04","isFullCredit":false},{"lineNumber":77,"author":{"gitId":"vincent-wat04"},"content":"        int taskIndex \u003d Integer.parseInt(index) - 1;","lastModifiedDate":"2025-08-21T17:14:04","isFullCredit":false},{"lineNumber":78,"author":{"gitId":"vincent-wat04"},"content":"        if (taskIndex \u003c 0 || taskIndex \u003e\u003d tasks.size()) {","lastModifiedDate":"2025-08-22T14:57:03","isFullCredit":false},{"lineNumber":79,"author":{"gitId":"vincent-wat04"},"content":"            throw new VinceException(\"Task index \" + (taskIndex + 1) + \" is out of range! You have \" + tasks.size() + \" tasks.\");","lastModifiedDate":"2025-08-22T14:57:03","isFullCredit":false},{"lineNumber":80,"author":{"gitId":"vincent-wat04"},"content":"        }","lastModifiedDate":"2025-08-22T14:57:03","isFullCredit":false},{"lineNumber":81,"author":{"gitId":"vincent-wat04"},"content":"        tasks.get(taskIndex).unmark();","lastModifiedDate":"2025-08-22T14:57:03","isFullCredit":false},{"lineNumber":82,"author":{"gitId":"vincent-wat04"},"content":"        Storage.save(tasks);","lastModifiedDate":"2025-08-29T00:08:22","isFullCredit":false},{"lineNumber":83,"author":{"gitId":"vincent-wat04"},"content":"    }","lastModifiedDate":"2025-08-22T14:57:03","isFullCredit":false},{"lineNumber":84,"author":{"gitId":"vincent-wat04"},"content":"","lastModifiedDate":"2025-08-22T14:57:03","isFullCredit":false},{"lineNumber":85,"author":{"gitId":"vincent-wat04"},"content":"    public Task deleteTask(String index) {","lastModifiedDate":"2025-08-22T14:57:03","isFullCredit":false},{"lineNumber":86,"author":{"gitId":"vincent-wat04"},"content":"        int taskIndex \u003d Integer.parseInt(index) - 1;","lastModifiedDate":"2025-08-22T14:57:03","isFullCredit":false},{"lineNumber":87,"author":{"gitId":"vincent-wat04"},"content":"        if (taskIndex \u003c 0 || taskIndex \u003e\u003d tasks.size()) {","lastModifiedDate":"2025-08-22T14:57:03","isFullCredit":false},{"lineNumber":88,"author":{"gitId":"vincent-wat04"},"content":"            throw new VinceException(\"Task index \" + (taskIndex + 1) + \" is out of range! You have \" + tasks.size() + \" tasks.\");","lastModifiedDate":"2025-08-22T14:57:03","isFullCredit":false},{"lineNumber":89,"author":{"gitId":"vincent-wat04"},"content":"        }","lastModifiedDate":"2025-08-22T14:29:48","isFullCredit":false},{"lineNumber":90,"author":{"gitId":"vincent-wat04"},"content":"        Task removed \u003d tasks.remove(taskIndex);","lastModifiedDate":"2025-08-29T00:08:22","isFullCredit":false},{"lineNumber":91,"author":{"gitId":"vincent-wat04"},"content":"        Storage.save(tasks);","lastModifiedDate":"2025-08-29T00:08:22","isFullCredit":false},{"lineNumber":92,"author":{"gitId":"vincent-wat04"},"content":"        return removed;","lastModifiedDate":"2025-08-29T00:08:22","isFullCredit":false},{"lineNumber":93,"author":{"gitId":"vincent-wat04"},"content":"    }","lastModifiedDate":"2025-08-21T17:14:04","isFullCredit":false},{"lineNumber":94,"author":{"gitId":"vincent-wat04"},"content":"}","lastModifiedDate":"2025-08-21T17:14:04","isFullCredit":false},{"lineNumber":95,"author":{"gitId":"vincent-wat04"},"content":"","lastModifiedDate":"2025-08-21T17:14:04","isFullCredit":false}],"authorContributionMap":{"vincent-wat04":95}},{"path":"src/main/java/Todo.java","fileType":"java","lines":[{"lineNumber":1,"author":{"gitId":"vincent-wat04"},"content":"public class Todo extends Task {","lastModifiedDate":"2025-08-22T13:27:03","isFullCredit":false},{"lineNumber":2,"author":{"gitId":"vincent-wat04"},"content":"    public Todo(String description) throws VinceException {","lastModifiedDate":"2025-08-22T14:29:48","isFullCredit":false},{"lineNumber":3,"author":{"gitId":"vincent-wat04"},"content":"        super(description);","lastModifiedDate":"2025-08-22T13:27:03","isFullCredit":false},{"lineNumber":4,"author":{"gitId":"vincent-wat04"},"content":"    }","lastModifiedDate":"2025-08-22T13:27:03","isFullCredit":false},{"lineNumber":5,"author":{"gitId":"vincent-wat04"},"content":"","lastModifiedDate":"2025-08-22T13:27:03","isFullCredit":false},{"lineNumber":6,"author":{"gitId":"vincent-wat04"},"content":"    public String toString() {","lastModifiedDate":"2025-08-22T13:27:03","isFullCredit":false},{"lineNumber":7,"author":{"gitId":"vincent-wat04"},"content":"        return \"[T] \" + super.toString();","lastModifiedDate":"2025-08-22T13:27:03","isFullCredit":false},{"lineNumber":8,"author":{"gitId":"vincent-wat04"},"content":"    }","lastModifiedDate":"2025-08-22T13:27:03","isFullCredit":false},{"lineNumber":9,"author":{"gitId":"vincent-wat04"},"content":"}","lastModifiedDate":"2025-08-22T13:27:03","isFullCredit":false}],"authorContributionMap":{"vincent-wat04":9}},{"path":"src/main/java/Vince.java","fileType":"java","lines":[{"lineNumber":1,"author":{"gitId":"vincent-wat04"},"content":"import java.util.Scanner;","lastModifiedDate":"2025-08-21T16:35:29","isFullCredit":false},{"lineNumber":2,"author":{"gitId":"vincent-wat04"},"content":"","lastModifiedDate":"2025-08-21T16:35:29","isFullCredit":false},{"lineNumber":3,"author":{"gitId":"vincent-wat04"},"content":"public class Vince {","lastModifiedDate":"2025-08-21T15:36:51","isFullCredit":false},{"lineNumber":4,"author":{"gitId":"vincent-wat04"},"content":"    public static void greet() {","lastModifiedDate":"2025-08-21T16:35:29","isFullCredit":false},{"lineNumber":5,"author":{"gitId":"vincent-wat04"},"content":"        System.out.println(\"____________________________________________________________\");","lastModifiedDate":"2025-08-21T15:36:51","isFullCredit":false},{"lineNumber":6,"author":{"gitId":"vincent-wat04"},"content":"        System.out.println(\"Hello I\u0027m Vince\\n\" +","lastModifiedDate":"2025-08-21T15:36:51","isFullCredit":false},{"lineNumber":7,"author":{"gitId":"vincent-wat04"},"content":"                \"What can I do for you?\\n\");","lastModifiedDate":"2025-08-21T15:36:51","isFullCredit":false},{"lineNumber":8,"author":{"gitId":"vincent-wat04"},"content":"        System.out.println(\"____________________________________________________________\\n\");","lastModifiedDate":"2025-08-21T16:35:29","isFullCredit":false},{"lineNumber":9,"author":{"gitId":"vincent-wat04"},"content":"    }","lastModifiedDate":"2025-08-21T16:35:29","isFullCredit":false},{"lineNumber":10,"author":{"gitId":"vincent-wat04"},"content":"    ","lastModifiedDate":"2025-08-21T16:35:29","isFullCredit":false},{"lineNumber":11,"author":{"gitId":"vincent-wat04"},"content":"    public static void exit() {","lastModifiedDate":"2025-08-21T16:35:29","isFullCredit":false},{"lineNumber":12,"author":{"gitId":"vincent-wat04"},"content":"        System.out.println(\"____________________________________________________________\");","lastModifiedDate":"2025-08-21T15:36:51","isFullCredit":false},{"lineNumber":13,"author":{"gitId":"vincent-wat04"},"content":"        System.out.println(\"Bye. Hope to see you again soon!\\n\");","lastModifiedDate":"2025-08-21T15:36:51","isFullCredit":false},{"lineNumber":14,"author":{"gitId":"vincent-wat04"},"content":"        System.out.println(\"____________________________________________________________\\n\");","lastModifiedDate":"2025-08-21T16:35:29","isFullCredit":false},{"lineNumber":15,"author":{"gitId":"vincent-wat04"},"content":"    }","lastModifiedDate":"2025-08-21T16:35:29","isFullCredit":false},{"lineNumber":16,"author":{"gitId":"vincent-wat04"},"content":"    ","lastModifiedDate":"2025-08-21T16:35:29","isFullCredit":false},{"lineNumber":17,"author":{"gitId":"vincent-wat04"},"content":"    public static void main(String[] args) {","lastModifiedDate":"2025-08-21T16:35:29","isFullCredit":false},{"lineNumber":18,"author":{"gitId":"vincent-wat04"},"content":"        greet();","lastModifiedDate":"2025-08-21T16:35:29","isFullCredit":false},{"lineNumber":19,"author":{"gitId":"vincent-wat04"},"content":"        Scanner scanner \u003d new Scanner(System.in);","lastModifiedDate":"2025-08-21T16:35:29","isFullCredit":false},{"lineNumber":20,"author":{"gitId":"vincent-wat04"},"content":"        ToDoList toDoList \u003d new ToDoList();","lastModifiedDate":"2025-08-21T16:54:23","isFullCredit":false},{"lineNumber":21,"author":{"gitId":"vincent-wat04"},"content":"        while (true) {","lastModifiedDate":"2025-08-21T16:35:29","isFullCredit":false},{"lineNumber":22,"author":{"gitId":"vincent-wat04"},"content":"            String input \u003d scanner.nextLine();","lastModifiedDate":"2025-08-21T16:35:29","isFullCredit":false},{"lineNumber":23,"author":{"gitId":"vincent-wat04"},"content":"","lastModifiedDate":"2025-08-22T14:29:48","isFullCredit":false},{"lineNumber":24,"author":{"gitId":"vincent-wat04"},"content":"            if (input \u003d\u003d null || input.trim().isEmpty()) {","lastModifiedDate":"2025-08-22T14:29:48","isFullCredit":false},{"lineNumber":25,"author":{"gitId":"vincent-wat04"},"content":"                System.out.println(\"____________________________________________________________\");","lastModifiedDate":"2025-08-22T14:29:48","isFullCredit":false},{"lineNumber":26,"author":{"gitId":"vincent-wat04"},"content":"                System.out.println(\"Oops! The command cannot be empty!\");","lastModifiedDate":"2025-08-22T14:29:48","isFullCredit":false},{"lineNumber":27,"author":{"gitId":"vincent-wat04"},"content":"                System.out.println(\"____________________________________________________________\\n\");","lastModifiedDate":"2025-08-22T14:29:48","isFullCredit":false},{"lineNumber":28,"author":{"gitId":"vincent-wat04"},"content":"                continue;","lastModifiedDate":"2025-08-22T14:29:48","isFullCredit":false},{"lineNumber":29,"author":{"gitId":"vincent-wat04"},"content":"            }","lastModifiedDate":"2025-08-22T14:29:48","isFullCredit":false},{"lineNumber":30,"author":{"gitId":"vincent-wat04"},"content":"","lastModifiedDate":"2025-08-22T14:29:48","isFullCredit":false},{"lineNumber":31,"author":{"gitId":"vincent-wat04"},"content":"            String[] parts \u003d input.split(\" \");","lastModifiedDate":"2025-08-21T17:14:04","isFullCredit":false},{"lineNumber":32,"author":{"gitId":"vincent-wat04"},"content":"            String commandString \u003d parts[0];","lastModifiedDate":"2025-08-22T15:51:17","isFullCredit":false},{"lineNumber":33,"author":{"gitId":"vincent-wat04"},"content":"            ","lastModifiedDate":"2025-08-21T16:35:29","isFullCredit":false},{"lineNumber":34,"author":{"gitId":"vincent-wat04"},"content":"            try {","lastModifiedDate":"2025-08-22T14:29:48","isFullCredit":false},{"lineNumber":35,"author":{"gitId":"vincent-wat04"},"content":"                if (Command.fromString(commandString) \u003d\u003d null) {","lastModifiedDate":"2025-08-22T15:51:17","isFullCredit":false},{"lineNumber":36,"author":{"gitId":"vincent-wat04"},"content":"                    System.out.println(\"____________________________________________________________\");","lastModifiedDate":"2025-08-22T15:51:17","isFullCredit":false},{"lineNumber":37,"author":{"gitId":"vincent-wat04"},"content":"                    System.out.println(\"Oops! It\u0027s an invalid command :-(\");","lastModifiedDate":"2025-08-22T15:51:17","isFullCredit":false},{"lineNumber":38,"author":{"gitId":"vincent-wat04"},"content":"                    System.out.println(\"____________________________________________________________\\n\");","lastModifiedDate":"2025-08-22T15:51:17","isFullCredit":false},{"lineNumber":39,"author":{"gitId":"vincent-wat04"},"content":"                    continue;","lastModifiedDate":"2025-08-22T15:51:17","isFullCredit":false},{"lineNumber":40,"author":{"gitId":"vincent-wat04"},"content":"                }","lastModifiedDate":"2025-08-22T15:51:17","isFullCredit":false},{"lineNumber":41,"author":{"gitId":"vincent-wat04"},"content":"                ","lastModifiedDate":"2025-08-22T15:51:17","isFullCredit":false},{"lineNumber":42,"author":{"gitId":"vincent-wat04"},"content":"                Command command \u003d Command.fromString(commandString);","lastModifiedDate":"2025-08-22T15:51:17","isFullCredit":false},{"lineNumber":43,"author":{"gitId":"vincent-wat04"},"content":"                switch (command) {","lastModifiedDate":"2025-08-21T17:14:04","isFullCredit":false},{"lineNumber":44,"author":{"gitId":"vincent-wat04"},"content":"                    case BYE:","lastModifiedDate":"2025-08-22T15:51:17","isFullCredit":false},{"lineNumber":45,"author":{"gitId":"vincent-wat04"},"content":"                        exit();","lastModifiedDate":"2025-08-21T16:35:29","isFullCredit":false},{"lineNumber":46,"author":{"gitId":"vincent-wat04"},"content":"                        scanner.close();","lastModifiedDate":"2025-08-21T16:35:29","isFullCredit":false},{"lineNumber":47,"author":{"gitId":"vincent-wat04"},"content":"                        return;","lastModifiedDate":"2025-08-21T16:35:29","isFullCredit":false},{"lineNumber":48,"author":{"gitId":"vincent-wat04"},"content":"                    case LIST:","lastModifiedDate":"2025-08-22T15:51:17","isFullCredit":false},{"lineNumber":49,"author":{"gitId":"vincent-wat04"},"content":"                        toDoList.listTasks();","lastModifiedDate":"2025-08-21T16:54:23","isFullCredit":false},{"lineNumber":50,"author":{"gitId":"vincent-wat04"},"content":"                        break;","lastModifiedDate":"2025-08-21T16:54:23","isFullCredit":false},{"lineNumber":51,"author":{"gitId":"vincent-wat04"},"content":"                    case MARK:","lastModifiedDate":"2025-08-22T15:51:17","isFullCredit":false},{"lineNumber":52,"author":{"gitId":"vincent-wat04"},"content":"                        toDoList.markTask(parts[1]);","lastModifiedDate":"2025-08-21T17:14:04","isFullCredit":false},{"lineNumber":53,"author":{"gitId":"vincent-wat04"},"content":"                        System.out.println(\"____________________________________________________________\");","lastModifiedDate":"2025-08-21T17:14:04","isFullCredit":false},{"lineNumber":54,"author":{"gitId":"vincent-wat04"},"content":"                        System.out.println(\"Nice! I\u0027ve marked this task as done: \" );","lastModifiedDate":"2025-08-21T17:14:04","isFullCredit":false},{"lineNumber":55,"author":{"gitId":"vincent-wat04"},"content":"                        System.out.println(toDoList.getTask(parts[1]));","lastModifiedDate":"2025-08-21T17:14:04","isFullCredit":false},{"lineNumber":56,"author":{"gitId":"vincent-wat04"},"content":"                        System.out.println(\"____________________________________________________________\\n\");","lastModifiedDate":"2025-08-21T17:14:04","isFullCredit":false},{"lineNumber":57,"author":{"gitId":"vincent-wat04"},"content":"                        break;","lastModifiedDate":"2025-08-21T17:14:04","isFullCredit":false},{"lineNumber":58,"author":{"gitId":"vincent-wat04"},"content":"                    case UNMARK:","lastModifiedDate":"2025-08-22T15:51:17","isFullCredit":false},{"lineNumber":59,"author":{"gitId":"vincent-wat04"},"content":"                        toDoList.unmarkTask(parts[1]);","lastModifiedDate":"2025-08-21T17:14:04","isFullCredit":false},{"lineNumber":60,"author":{"gitId":"vincent-wat04"},"content":"                        System.out.println(\"____________________________________________________________\");","lastModifiedDate":"2025-08-21T17:14:04","isFullCredit":false},{"lineNumber":61,"author":{"gitId":"vincent-wat04"},"content":"                        System.out.println(\"OK, I\u0027ve marked this task as not done yet: \");","lastModifiedDate":"2025-08-21T17:14:04","isFullCredit":false},{"lineNumber":62,"author":{"gitId":"vincent-wat04"},"content":"                        System.out.println(toDoList.getTask(parts[1]));","lastModifiedDate":"2025-08-21T17:14:04","isFullCredit":false},{"lineNumber":63,"author":{"gitId":"vincent-wat04"},"content":"                        System.out.println(\"____________________________________________________________\\n\");","lastModifiedDate":"2025-08-21T17:14:04","isFullCredit":false},{"lineNumber":64,"author":{"gitId":"vincent-wat04"},"content":"                        break;","lastModifiedDate":"2025-08-21T17:14:04","isFullCredit":false},{"lineNumber":65,"author":{"gitId":"vincent-wat04"},"content":"                    case DELETE:","lastModifiedDate":"2025-08-22T15:51:17","isFullCredit":false},{"lineNumber":66,"author":{"gitId":"vincent-wat04"},"content":"                        Task deletedTask \u003d toDoList.deleteTask(parts[1]);","lastModifiedDate":"2025-08-22T14:57:03","isFullCredit":false},{"lineNumber":67,"author":{"gitId":"vincent-wat04"},"content":"                        System.out.println(\"____________________________________________________________\");","lastModifiedDate":"2025-08-22T14:57:03","isFullCredit":false},{"lineNumber":68,"author":{"gitId":"vincent-wat04"},"content":"                        System.out.println(\"Noted. I\u0027ve removed this task:\\n\" + deletedTask);","lastModifiedDate":"2025-08-22T14:57:03","isFullCredit":false},{"lineNumber":69,"author":{"gitId":"vincent-wat04"},"content":"                        System.out.println(\"Now you have \" + toDoList.getTaskCount() + \" tasks in the list.\");","lastModifiedDate":"2025-08-22T14:57:03","isFullCredit":false},{"lineNumber":70,"author":{"gitId":"vincent-wat04"},"content":"                        System.out.println(\"____________________________________________________________\\n\");","lastModifiedDate":"2025-08-22T14:57:03","isFullCredit":false},{"lineNumber":71,"author":{"gitId":"vincent-wat04"},"content":"                        break;","lastModifiedDate":"2025-08-22T14:57:03","isFullCredit":false},{"lineNumber":72,"author":{"gitId":"vincent-wat04"},"content":"                    case TODO:","lastModifiedDate":"2025-08-22T15:51:17","isFullCredit":false},{"lineNumber":73,"author":{"gitId":"vincent-wat04"},"content":"                    case DEADLINE:","lastModifiedDate":"2025-08-22T15:51:17","isFullCredit":false},{"lineNumber":74,"author":{"gitId":"vincent-wat04"},"content":"                    case EVENT:   ","lastModifiedDate":"2025-08-22T15:51:17","isFullCredit":false},{"lineNumber":75,"author":{"gitId":"vincent-wat04"},"content":"                        Task addedtask \u003d toDoList.addTask(input);","lastModifiedDate":"2025-08-22T14:57:03","isFullCredit":false},{"lineNumber":76,"author":{"gitId":"vincent-wat04"},"content":"                        System.out.println(\"____________________________________________________________\");","lastModifiedDate":"2025-08-21T15:36:51","isFullCredit":false},{"lineNumber":77,"author":{"gitId":"vincent-wat04"},"content":"                        System.out.println(\"Got it. I\u0027ve added this task:\\n\" + addedtask);","lastModifiedDate":"2025-08-22T14:57:03","isFullCredit":false},{"lineNumber":78,"author":{"gitId":"vincent-wat04"},"content":"                        System.out.println(\"Now you have \" + toDoList.getTaskCount() + \" tasks in the list.\");","lastModifiedDate":"2025-08-22T13:27:03","isFullCredit":false},{"lineNumber":79,"author":{"gitId":"vincent-wat04"},"content":"                        System.out.println(\"____________________________________________________________\\n\");","lastModifiedDate":"2025-08-21T16:35:29","isFullCredit":false},{"lineNumber":80,"author":{"gitId":"vincent-wat04"},"content":"                        break;","lastModifiedDate":"2025-08-21T16:35:29","isFullCredit":false},{"lineNumber":81,"author":{"gitId":"vincent-wat04"},"content":"                }","lastModifiedDate":"2025-08-22T14:29:48","isFullCredit":false},{"lineNumber":82,"author":{"gitId":"vincent-wat04"},"content":"            } catch (VinceException e) {","lastModifiedDate":"2025-08-22T14:29:48","isFullCredit":false},{"lineNumber":83,"author":{"gitId":"vincent-wat04"},"content":"                System.out.println(\"____________________________________________________________\");","lastModifiedDate":"2025-08-22T14:29:48","isFullCredit":false},{"lineNumber":84,"author":{"gitId":"vincent-wat04"},"content":"                System.out.println(\"Oops! \" + e.getMessage());","lastModifiedDate":"2025-08-22T14:29:48","isFullCredit":false},{"lineNumber":85,"author":{"gitId":"vincent-wat04"},"content":"                System.out.println(\"____________________________________________________________\\n\");","lastModifiedDate":"2025-08-22T14:29:48","isFullCredit":false},{"lineNumber":86,"author":{"gitId":"vincent-wat04"},"content":"            } ","lastModifiedDate":"2025-08-21T16:35:29","isFullCredit":false},{"lineNumber":87,"author":{"gitId":"vincent-wat04"},"content":"        }","lastModifiedDate":"2025-08-21T16:35:29","isFullCredit":false},{"lineNumber":88,"author":{"gitId":"vincent-wat04"},"content":"    }","lastModifiedDate":"2025-08-21T15:36:51","isFullCredit":false},{"lineNumber":89,"author":{"gitId":"vincent-wat04"},"content":"}","lastModifiedDate":"2025-08-21T15:36:51","isFullCredit":false}],"authorContributionMap":{"vincent-wat04":89}},{"path":"src/main/java/VinceException.java","fileType":"java","lines":[{"lineNumber":1,"author":{"gitId":"vincent-wat04"},"content":"public class VinceException extends RuntimeException {","lastModifiedDate":"2025-08-22T14:29:48","isFullCredit":false},{"lineNumber":2,"author":{"gitId":"vincent-wat04"},"content":"    public VinceException(String message) {","lastModifiedDate":"2025-08-22T14:29:48","isFullCredit":false},{"lineNumber":3,"author":{"gitId":"vincent-wat04"},"content":"        super(message);","lastModifiedDate":"2025-08-22T14:29:48","isFullCredit":false},{"lineNumber":4,"author":{"gitId":"vincent-wat04"},"content":"    }","lastModifiedDate":"2025-08-22T14:29:48","isFullCredit":false},{"lineNumber":5,"author":{"gitId":"vincent-wat04"},"content":"}","lastModifiedDate":"2025-08-22T14:29:48","isFullCredit":false}],"authorContributionMap":{"vincent-wat04":5}},{"path":"text-ui-test/input.txt","fileType":"txt","lines":[{"lineNumber":1,"author":{"gitId":"vincent-wat04"},"content":"list","lastModifiedDate":"2025-08-28T20:34:16","isFullCredit":false},{"lineNumber":2,"author":{"gitId":"vincent-wat04"},"content":"todo read book","lastModifiedDate":"2025-08-28T20:34:16","isFullCredit":false},{"lineNumber":3,"author":{"gitId":"vincent-wat04"},"content":"deadline return book /by Sunday","lastModifiedDate":"2025-08-28T20:34:16","isFullCredit":false},{"lineNumber":4,"author":{"gitId":"vincent-wat04"},"content":"event project meeting /from Mon 2pm /to Mon 4pm","lastModifiedDate":"2025-08-28T20:34:16","isFullCredit":false},{"lineNumber":5,"author":{"gitId":"vincent-wat04"},"content":"list","lastModifiedDate":"2025-08-28T20:34:16","isFullCredit":false},{"lineNumber":6,"author":{"gitId":"vincent-wat04"},"content":"mark 2","lastModifiedDate":"2025-08-28T20:34:16","isFullCredit":false},{"lineNumber":7,"author":{"gitId":"vincent-wat04"},"content":"unmark 2","lastModifiedDate":"2025-08-28T20:34:16","isFullCredit":false},{"lineNumber":8,"author":{"gitId":"vincent-wat04"},"content":"delete 1","lastModifiedDate":"2025-08-28T20:34:16","isFullCredit":false},{"lineNumber":9,"author":{"gitId":"vincent-wat04"},"content":"list","lastModifiedDate":"2025-08-28T20:34:16","isFullCredit":false},{"lineNumber":10,"author":{"gitId":"vincent-wat04"},"content":"bye","lastModifiedDate":"2025-08-28T20:34:16","isFullCredit":false}],"authorContributionMap":{"vincent-wat04":10}},{"path":"text-ui-test/runtest.bat","fileType":"bat","lines":[{"lineNumber":1,"author":{"gitId":"-"},"content":"@ECHO OFF","lastModifiedDate":"2020-05-25T00:03:55","isFullCredit":false},{"lineNumber":2,"author":{"gitId":"-"},"content":"","lastModifiedDate":"2020-05-25T00:03:55","isFullCredit":false},{"lineNumber":3,"author":{"gitId":"-"},"content":"REM create bin directory if it doesn\u0027t exist","lastModifiedDate":"2020-05-25T00:03:55","isFullCredit":false},{"lineNumber":4,"author":{"gitId":"-"},"content":"if not exist ..\\bin mkdir ..\\bin","lastModifiedDate":"2020-05-25T00:03:55","isFullCredit":false},{"lineNumber":5,"author":{"gitId":"-"},"content":"","lastModifiedDate":"2020-05-25T00:03:55","isFullCredit":false},{"lineNumber":6,"author":{"gitId":"-"},"content":"REM delete output from previous run","lastModifiedDate":"2020-05-25T00:03:55","isFullCredit":false},{"lineNumber":7,"author":{"gitId":"-"},"content":"if exist ACTUAL.TXT del ACTUAL.TXT","lastModifiedDate":"2020-08-25T17:23:26","isFullCredit":false},{"lineNumber":8,"author":{"gitId":"-"},"content":"","lastModifiedDate":"2020-05-25T00:03:55","isFullCredit":false},{"lineNumber":9,"author":{"gitId":"-"},"content":"REM compile the code into the bin folder","lastModifiedDate":"2020-05-25T00:03:55","isFullCredit":false},{"lineNumber":10,"author":{"gitId":"-"},"content":"javac  -cp ..\\src\\main\\java -Xlint:none -d ..\\bin ..\\src\\main\\java\\*.java","lastModifiedDate":"2020-08-25T17:23:26","isFullCredit":false},{"lineNumber":11,"author":{"gitId":"-"},"content":"IF ERRORLEVEL 1 (","lastModifiedDate":"2020-05-25T00:03:55","isFullCredit":false},{"lineNumber":12,"author":{"gitId":"-"},"content":"    echo ********** BUILD FAILURE **********","lastModifiedDate":"2020-05-25T00:03:55","isFullCredit":false},{"lineNumber":13,"author":{"gitId":"-"},"content":"    exit /b 1","lastModifiedDate":"2020-05-25T00:03:55","isFullCredit":false},{"lineNumber":14,"author":{"gitId":"-"},"content":")","lastModifiedDate":"2020-05-25T00:03:55","isFullCredit":false},{"lineNumber":15,"author":{"gitId":"-"},"content":"REM no error here, errorlevel \u003d\u003d 0","lastModifiedDate":"2020-05-25T00:03:55","isFullCredit":false},{"lineNumber":16,"author":{"gitId":"-"},"content":"","lastModifiedDate":"2020-05-25T00:03:55","isFullCredit":false},{"lineNumber":17,"author":{"gitId":"-"},"content":"REM run the program, feed commands from input.txt file and redirect the output to the ACTUAL.TXT","lastModifiedDate":"2020-05-25T00:03:55","isFullCredit":false},{"lineNumber":18,"author":{"gitId":"vincent-wat04"},"content":"java -classpath ..\\bin Vince \u003c input.txt \u003e ACTUAL.TXT","lastModifiedDate":"2025-08-28T20:34:16","isFullCredit":false},{"lineNumber":19,"author":{"gitId":"-"},"content":"","lastModifiedDate":"2020-05-25T00:03:55","isFullCredit":false},{"lineNumber":20,"author":{"gitId":"-"},"content":"REM compare the output to the expected output","lastModifiedDate":"2020-05-25T00:03:55","isFullCredit":false},{"lineNumber":21,"author":{"gitId":"-"},"content":"FC ACTUAL.TXT EXPECTED.TXT","lastModifiedDate":"2020-05-25T00:03:55","isFullCredit":false}],"authorContributionMap":{"vincent-wat04":1,"-":20}},{"path":"text-ui-test/runtest.sh","fileType":"sh","lines":[{"lineNumber":1,"author":{"gitId":"-"},"content":"#!/usr/bin/env bash","lastModifiedDate":"2020-05-25T00:03:55","isFullCredit":false},{"lineNumber":2,"author":{"gitId":"-"},"content":"","lastModifiedDate":"2020-05-25T00:03:55","isFullCredit":false},{"lineNumber":3,"author":{"gitId":"-"},"content":"# create bin directory if it doesn\u0027t exist","lastModifiedDate":"2020-05-25T00:03:55","isFullCredit":false},{"lineNumber":4,"author":{"gitId":"-"},"content":"if [ ! -d \"../bin\" ]","lastModifiedDate":"2020-05-25T00:03:55","isFullCredit":false},{"lineNumber":5,"author":{"gitId":"-"},"content":"then","lastModifiedDate":"2020-05-25T00:03:55","isFullCredit":false},{"lineNumber":6,"author":{"gitId":"-"},"content":"    mkdir ../bin","lastModifiedDate":"2020-05-25T00:03:55","isFullCredit":false},{"lineNumber":7,"author":{"gitId":"-"},"content":"fi","lastModifiedDate":"2020-05-25T00:03:55","isFullCredit":false},{"lineNumber":8,"author":{"gitId":"-"},"content":"","lastModifiedDate":"2020-05-25T00:03:55","isFullCredit":false},{"lineNumber":9,"author":{"gitId":"-"},"content":"# delete output from previous run","lastModifiedDate":"2020-05-25T00:03:55","isFullCredit":false},{"lineNumber":10,"author":{"gitId":"-"},"content":"if [ -e \"./ACTUAL.TXT\" ]","lastModifiedDate":"2020-05-25T00:03:55","isFullCredit":false},{"lineNumber":11,"author":{"gitId":"-"},"content":"then","lastModifiedDate":"2020-05-25T00:03:55","isFullCredit":false},{"lineNumber":12,"author":{"gitId":"-"},"content":"    rm ACTUAL.TXT","lastModifiedDate":"2020-05-25T00:03:55","isFullCredit":false},{"lineNumber":13,"author":{"gitId":"-"},"content":"fi","lastModifiedDate":"2020-05-25T00:03:55","isFullCredit":false},{"lineNumber":14,"author":{"gitId":"-"},"content":"","lastModifiedDate":"2020-05-25T00:03:55","isFullCredit":false},{"lineNumber":15,"author":{"gitId":"-"},"content":"# compile the code into the bin folder, terminates if error occurred","lastModifiedDate":"2020-05-25T00:03:55","isFullCredit":false},{"lineNumber":16,"author":{"gitId":"-"},"content":"if ! javac -cp ../src/main/java -Xlint:none -d ../bin ../src/main/java/*.java","lastModifiedDate":"2020-08-25T17:23:26","isFullCredit":false},{"lineNumber":17,"author":{"gitId":"-"},"content":"then","lastModifiedDate":"2020-05-25T00:03:55","isFullCredit":false},{"lineNumber":18,"author":{"gitId":"-"},"content":"    echo \"********** BUILD FAILURE **********\"","lastModifiedDate":"2020-05-25T00:03:55","isFullCredit":false},{"lineNumber":19,"author":{"gitId":"-"},"content":"    exit 1","lastModifiedDate":"2020-05-25T00:03:55","isFullCredit":false},{"lineNumber":20,"author":{"gitId":"-"},"content":"fi","lastModifiedDate":"2020-05-25T00:03:55","isFullCredit":false},{"lineNumber":21,"author":{"gitId":"-"},"content":"","lastModifiedDate":"2020-05-25T00:03:55","isFullCredit":false},{"lineNumber":22,"author":{"gitId":"-"},"content":"# run the program, feed commands from input.txt file and redirect the output to the ACTUAL.TXT","lastModifiedDate":"2020-05-25T00:03:55","isFullCredit":false},{"lineNumber":23,"author":{"gitId":"vincent-wat04"},"content":"java -classpath ../bin Vince \u003c input.txt \u003e ACTUAL.TXT","lastModifiedDate":"2025-08-28T20:34:16","isFullCredit":false},{"lineNumber":24,"author":{"gitId":"-"},"content":"","lastModifiedDate":"2020-05-25T00:03:55","isFullCredit":false},{"lineNumber":25,"author":{"gitId":"-"},"content":"# convert to UNIX format","lastModifiedDate":"2020-05-25T00:03:55","isFullCredit":false},{"lineNumber":26,"author":{"gitId":"-"},"content":"cp EXPECTED.TXT EXPECTED-UNIX.TXT","lastModifiedDate":"2020-05-25T00:03:55","isFullCredit":false},{"lineNumber":27,"author":{"gitId":"-"},"content":"dos2unix ACTUAL.TXT EXPECTED-UNIX.TXT","lastModifiedDate":"2020-05-25T00:03:55","isFullCredit":false},{"lineNumber":28,"author":{"gitId":"-"},"content":"","lastModifiedDate":"2020-05-25T00:03:55","isFullCredit":false},{"lineNumber":29,"author":{"gitId":"-"},"content":"# compare the output to the expected output","lastModifiedDate":"2020-05-25T00:03:55","isFullCredit":false},{"lineNumber":30,"author":{"gitId":"-"},"content":"diff ACTUAL.TXT EXPECTED-UNIX.TXT","lastModifiedDate":"2020-05-25T00:03:55","isFullCredit":false},{"lineNumber":31,"author":{"gitId":"-"},"content":"if [ $? -eq 0 ]","lastModifiedDate":"2020-05-25T00:03:55","isFullCredit":false},{"lineNumber":32,"author":{"gitId":"-"},"content":"then","lastModifiedDate":"2020-05-25T00:03:55","isFullCredit":false},{"lineNumber":33,"author":{"gitId":"-"},"content":"    echo \"Test result: PASSED\"","lastModifiedDate":"2020-05-25T00:03:55","isFullCredit":false},{"lineNumber":34,"author":{"gitId":"-"},"content":"    exit 0","lastModifiedDate":"2020-05-25T00:03:55","isFullCredit":false},{"lineNumber":35,"author":{"gitId":"-"},"content":"else","lastModifiedDate":"2020-05-25T00:03:55","isFullCredit":false},{"lineNumber":36,"author":{"gitId":"-"},"content":"    echo \"Test result: FAILED\"","lastModifiedDate":"2020-05-25T00:03:55","isFullCredit":false},{"lineNumber":37,"author":{"gitId":"-"},"content":"    exit 1","lastModifiedDate":"2020-05-25T00:03:55","isFullCredit":false},{"lineNumber":38,"author":{"gitId":"-"},"content":"fi","lastModifiedDate":"2020-05-25T00:03:55","isFullCredit":false}],"authorContributionMap":{"vincent-wat04":1,"-":37}}]
