{"authorDailyContributionsMap":{"vincent-wat04":[{"date":"2025-08-21T00:00:00","commitResults":[{"hash":"638aeb7c985813d39f18db6b43743c7a95aeac37","isMergeCommit":false,"messageTitle":"Level-0","messageBody":"","tags":["Level-0"],"fileTypesAndContributionMap":{"java":{"insertions":10,"deletions":10}}},{"hash":"b42008fb289c5bc77bffbb806d3e555dc82ff024","isMergeCommit":false,"messageTitle":"Level-1","messageBody":"","tags":["Level-1"],"fileTypesAndContributionMap":{"java":{"insertions":28,"deletions":2}}},{"hash":"2aa971fa16a2d13818f3655951369bb5f7d92903","isMergeCommit":false,"messageTitle":"Level-2","messageBody":"","tags":["Level-2"],"fileTypesAndContributionMap":{"java":{"insertions":23,"deletions":1}}},{"hash":"f13729390d2611ff7e7ddcd247e2d6d9c0accf7a","isMergeCommit":false,"messageTitle":"Level-3","messageBody":"","tags":["Level-3"],"fileTypesAndContributionMap":{"java":{"insertions":57,"deletions":3}}}]},{"date":"2025-08-22T00:00:00","commitResults":[{"hash":"1f881050d431156fd38ea08580d5d7979fdad631","isMergeCommit":false,"messageTitle":"Level-4","messageBody":"","tags":["Level-4"],"fileTypesAndContributionMap":{"java":{"insertions":64,"deletions":4}}},{"hash":"7a7f3c56d6611e3750e82a599629cb47acbc96c8","isMergeCommit":false,"messageTitle":"Level-5","messageBody":"","tags":["Level-5"],"fileTypesAndContributionMap":{"java":{"insertions":97,"deletions":41}}},{"hash":"8921a0b63d8a1cae656965d442a5041a303a795b","isMergeCommit":false,"messageTitle":"Add delete","messageBody":"","tags":["Level-6"],"fileTypesAndContributionMap":{"java":{"insertions":37,"deletions":22}}},{"hash":"cbc4c7586ca526298910480bd7ceb38806a567c4","isMergeCommit":false,"messageTitle":"A-Enums","messageBody":"","tags":["A-Enums"],"fileTypesAndContributionMap":{"java":{"insertions":93,"deletions":27}}}]}]},"authorFileTypeContributionMap":{"vincent-wat04":{"java":309,"md":0,"fxml":0,"sh":0,"bat":0,"gradle":0,"txt":0}},"authorContributionVariance":{"vincent-wat04":9881.573},"authorDisplayNameMap":{"vincent-wat04":"CS2103T-F15a-3 QU Q..HENG"}}
