{"authorDailyContributionsMap":{"vincent-wat04":[{"date":"2025-08-21T00:00:00","commitResults":[{"hash":"638aeb7c985813d39f18db6b43743c7a95aeac37","isMergeCommit":false,"messageTitle":"Level-0","messageBody":"","tags":["Level-0"],"fileTypesAndContributionMap":{"java":{"insertions":10,"deletions":10}}},{"hash":"b42008fb289c5bc77bffbb806d3e555dc82ff024","isMergeCommit":false,"messageTitle":"Level-1","messageBody":"","tags":["Level-1"],"fileTypesAndContributionMap":{"java":{"insertions":28,"deletions":2}}},{"hash":"2aa971fa16a2d13818f3655951369bb5f7d92903","isMergeCommit":false,"messageTitle":"Level-2","messageBody":"","tags":["Level-2"],"fileTypesAndContributionMap":{"java":{"insertions":23,"deletions":1}}},{"hash":"f13729390d2611ff7e7ddcd247e2d6d9c0accf7a","isMergeCommit":false,"messageTitle":"Level-3","messageBody":"","tags":["Level-3"],"fileTypesAndContributionMap":{"java":{"insertions":57,"deletions":3}}}]},{"date":"2025-08-22T00:00:00","commitResults":[{"hash":"1f881050d431156fd38ea08580d5d7979fdad631","isMergeCommit":false,"messageTitle":"Level-4","messageBody":"","tags":["Level-4"],"fileTypesAndContributionMap":{"java":{"insertions":64,"deletions":4}}},{"hash":"7a7f3c56d6611e3750e82a599629cb47acbc96c8","isMergeCommit":false,"messageTitle":"Level-5","messageBody":"","tags":["Level-5"],"fileTypesAndContributionMap":{"java":{"insertions":97,"deletions":41}}},{"hash":"8921a0b63d8a1cae656965d442a5041a303a795b","isMergeCommit":false,"messageTitle":"Add delete","messageBody":"","tags":["Level-6"],"fileTypesAndContributionMap":{"java":{"insertions":37,"deletions":22}}},{"hash":"cbc4c7586ca526298910480bd7ceb38806a567c4","isMergeCommit":false,"messageTitle":"A-Enums","messageBody":"","tags":["A-Enums"],"fileTypesAndContributionMap":{"java":{"insertions":93,"deletions":27}}}]},{"date":"2025-08-28T00:00:00","commitResults":[{"hash":"6d00f9451ab89cb92ddb4a8404c938852fa0c278","isMergeCommit":false,"messageTitle":"A-TextUiTesting","messageBody":"","tags":["A-TextUiTesting"],"fileTypesAndContributionMap":{"txt":{"insertions":10,"deletions":0},"bat":{"insertions":1,"deletions":1},"sh":{"insertions":1,"deletions":1}}}]},{"date":"2025-08-29T00:00:00","commitResults":[{"hash":"3779c40285b86b960ff166a710ee8d5bb9e18abe","isMergeCommit":false,"messageTitle":"Level-7","messageBody":"","fileTypesAndContributionMap":{"java":{"insertions":149,"deletions":1}}},{"hash":"d4a55be4a2c49c0850ff1ae787fe12d528045d4c","isMergeCommit":false,"messageTitle":"Level-7","messageBody":"","fileTypesAndContributionMap":{"java":{"insertions":1,"deletions":1}}},{"hash":"cc91907564a460987b3532bf02112bff1b3cbf9a","isMergeCommit":false,"messageTitle":"Add time parser","messageBody":"","fileTypesAndContributionMap":{"txt":{"insertions":7,"deletions":7}}},{"hash":"1e066a62cb2f533a0e7f612192dfa4d1faa1405e","isMergeCommit":false,"messageTitle":"Add time parser","messageBody":"","fileTypesAndContributionMap":{"txt":{"insertions":7,"deletions":7},"java":{"insertions":83,"deletions":0}}},{"hash":"48f7cd4cbe4d3ef6e2379398e40020d48c99c976","isMergeCommit":true,"messageTitle":"Merge branch-Level-8","messageBody":"","fileTypesAndContributionMap":{}},{"hash":"285e9b826cd95628a52aa5afe9869bb79c8cdd5c","isMergeCommit":false,"messageTitle":"Incorporate DateTime in all task type classes","messageBody":"","fileTypesAndContributionMap":{"txt":{"insertions":2,"deletions":2},"java":{"insertions":225,"deletions":57}}},{"hash":"f0b4aae5e61e4083dad644df26e617698c1707f9","isMergeCommit":true,"messageTitle":"Merge branch-Level-8","messageBody":"","tags":["Level-8"],"fileTypesAndContributionMap":{}}]},{"date":"2025-08-30T00:00:00","commitResults":[{"hash":"19c08ebc391aec52259ed6b8b0260d2515efaf78","isMergeCommit":false,"messageTitle":"Create more classes","messageBody":"","tags":["A-MoreOOP"],"fileTypesAndContributionMap":{"txt":{"insertions":0,"deletions":3},"java":{"insertions":232,"deletions":162}}}]},{"date":"2025-08-31T00:00:00","commitResults":[{"hash":"44557eaa78788cb9fb9a87ea7559746ed4f96961","isMergeCommit":false,"messageTitle":"Restructure codebase into more packages","messageBody":"","tags":["A-Packages"],"fileTypesAndContributionMap":{"java":{"insertions":165,"deletions":50},"bat":{"insertions":6,"deletions":2},"sh":{"insertions":6,"deletions":2}}}]}]},"authorFileTypeContributionMap":{"vincent-wat04":{"java":893,"md":0,"fxml":0,"sh":6,"bat":6,"gradle":0,"txt":7}},"authorContributionVariance":{"vincent-wat04":23204.604},"authorDisplayNameMap":{"vincent-wat04":"CS2103T-F15a-3 QU Q..HENG"}}
