{"authorDailyContributionsMap":{"ywijie":[{"date":"2025-08-19T00:00:00","commitResults":[{"hash":"e646cf11e36f4257aee40ac1110b038b8140d09d","isMergeCommit":false,"messageTitle":"Changed name from Duke to Burrito and implemented level-0","messageBody":"","tags":["level-0"],"fileTypesAndContributionMap":{"java":{"insertions":22,"deletions":10}}},{"hash":"50365572867b8838ae04ddd589b2ae003e2463fe","isMergeCommit":false,"messageTitle":"implement echo function","messageBody":"","tags":["level-1"],"fileTypesAndContributionMap":{"java":{"insertions":25,"deletions":2}}},{"hash":"baad887ab31c823f6bff024c0ccbd8837a8ee8c0","isMergeCommit":false,"messageTitle":"implemented Add and List","messageBody":"","tags":["level-2"],"fileTypesAndContributionMap":{"java":{"insertions":56,"deletions":9}}},{"hash":"8670a79c51cd9cf38e824550343aff3555475693","isMergeCommit":false,"messageTitle":"implemented Mark, changed to storing tasks in a Task class, added comments and added correctly named tags for all tags leading up to this commit","messageBody":"","fileTypesAndContributionMap":{"java":{"insertions":93,"deletions":13}}}]},{"date":"2025-08-20T00:00:00","commitResults":[{"hash":"ad2a3066e9b7196cb4b3aaebc7bae9770d39f0bc","isMergeCommit":false,"messageTitle":"implemented ToDos, Events and Deadlines","messageBody":"","tags":["Level-4"],"fileTypesAndContributionMap":{"java":{"insertions":287,"deletions":44}}},{"hash":"c896e34da4be0f54b44a7c27e333aff84cf9aaaa","isMergeCommit":false,"messageTitle":"implemented Automated Text UI Testing","messageBody":"","tags":["A-TextUiTesting"],"fileTypesAndContributionMap":{"txt":{"insertions":7,"deletions":0},"java":{"insertions":13,"deletions":12},"sh":{"insertions":2,"deletions":1}}},{"hash":"4bc6283cdc864893ce7416c59e5482b35684fce7","isMergeCommit":false,"messageTitle":"added error handling","messageBody":"","tags":["Level-5"],"fileTypesAndContributionMap":{"java":{"insertions":10,"deletions":4}}},{"hash":"1b18f251e3d2b2694120b2de5e38788f92e2dc8e","isMergeCommit":false,"messageTitle":"implemented delete function","messageBody":"","tags":["Level-6"],"fileTypesAndContributionMap":{"java":{"insertions":23,"deletions":1}}}]}]},"authorFileTypeContributionMap":{"ywijie":{"java":444,"md":0,"fxml":0,"sh":2,"bat":0,"gradle":0,"txt":7}},"authorContributionVariance":{"ywijie":14245.87},"authorDisplayNameMap":{"ywijie":"LIM .. JIE"}}
