[{"path":"README.md","fileType":"md","lines":[{"lineNumber":1,"author":{"gitId":"yijiechong13"},"content":"# Octopus project template","lastModifiedDate":"2025-08-19T21:42:57","isFullCredit":false},{"lineNumber":2,"author":{"gitId":"-"},"content":"","lastModifiedDate":"2020-05-25T00:03:55","isFullCredit":false},{"lineNumber":3,"author":{"gitId":"-"},"content":"This is a project template for a greenfield Java project. It\u0027s named after the Java mascot _Duke_. Given below are instructions on how to use it.","lastModifiedDate":"2020-05-25T00:03:55","isFullCredit":false},{"lineNumber":4,"author":{"gitId":"-"},"content":"","lastModifiedDate":"2020-05-25T00:03:55","isFullCredit":false},{"lineNumber":5,"author":{"gitId":"-"},"content":"## Setting up in Intellij","lastModifiedDate":"2020-05-25T00:03:55","isFullCredit":false},{"lineNumber":6,"author":{"gitId":"-"},"content":"","lastModifiedDate":"2020-05-25T00:03:55","isFullCredit":false},{"lineNumber":7,"author":{"gitId":"-"},"content":"Prerequisites: JDK 17, update Intellij to the most recent version.","lastModifiedDate":"2024-07-11T16:50:14","isFullCredit":false},{"lineNumber":8,"author":{"gitId":"-"},"content":"","lastModifiedDate":"2020-05-25T00:03:55","isFullCredit":false},{"lineNumber":9,"author":{"gitId":"-"},"content":"1. Open Intellij (if you are not in the welcome screen, click `File` \u003e `Close Project` to close the existing project first)","lastModifiedDate":"2021-01-17T12:25:53","isFullCredit":false},{"lineNumber":10,"author":{"gitId":"-"},"content":"1. Open the project into Intellij as follows:","lastModifiedDate":"2021-01-17T12:25:53","isFullCredit":false},{"lineNumber":11,"author":{"gitId":"-"},"content":"   1. Click `Open`.","lastModifiedDate":"2021-01-17T12:25:53","isFullCredit":false},{"lineNumber":12,"author":{"gitId":"-"},"content":"   1. Select the project directory, and click `OK`.","lastModifiedDate":"2021-01-17T12:25:53","isFullCredit":false},{"lineNumber":13,"author":{"gitId":"-"},"content":"   1. If there are any further prompts, accept the defaults.","lastModifiedDate":"2020-05-25T00:03:55","isFullCredit":false},{"lineNumber":14,"author":{"gitId":"-"},"content":"1. Configure the project to use **JDK 17** (not other versions) as explained in [here](https://www.jetbrains.com/help/idea/sdk.html#set-up-jdk).\u003cbr\u003e","lastModifiedDate":"2024-07-11T16:50:14","isFullCredit":false},{"lineNumber":15,"author":{"gitId":"-"},"content":"   In the same dialog, set the **Project language level** field to the `SDK default` option.","lastModifiedDate":"2021-07-29T20:29:39","isFullCredit":false},{"lineNumber":16,"author":{"gitId":"yijiechong13"},"content":"1. After that, locate the `src/main/java/Octopus.java` file, right-click it, and choose `Run Octopus.main()` (if the code editor is showing compile errors, try restarting the IDE). If the setup is correct, you should see something like the below as the output:","lastModifiedDate":"2025-08-19T21:42:57","isFullCredit":false},{"lineNumber":17,"author":{"gitId":"-"},"content":"   ```","lastModifiedDate":"2020-05-25T00:03:55","isFullCredit":false},{"lineNumber":18,"author":{"gitId":"-"},"content":"   Hello from","lastModifiedDate":"2020-05-25T00:03:55","isFullCredit":false},{"lineNumber":19,"author":{"gitId":"-"},"content":"    ____        _        ","lastModifiedDate":"2020-05-25T00:03:55","isFullCredit":false},{"lineNumber":20,"author":{"gitId":"-"},"content":"   |  _ \\ _   _| | _____ ","lastModifiedDate":"2020-05-25T00:03:55","isFullCredit":false},{"lineNumber":21,"author":{"gitId":"-"},"content":"   | | | | | | | |/ / _ \\","lastModifiedDate":"2020-05-25T00:03:55","isFullCredit":false},{"lineNumber":22,"author":{"gitId":"-"},"content":"   | |_| | |_| |   \u003c  __/","lastModifiedDate":"2020-05-25T00:03:55","isFullCredit":false},{"lineNumber":23,"author":{"gitId":"-"},"content":"   |____/ \\__,_|_|\\_\\___|","lastModifiedDate":"2020-05-25T00:03:55","isFullCredit":false},{"lineNumber":24,"author":{"gitId":"-"},"content":"   ```","lastModifiedDate":"2020-05-25T00:03:55","isFullCredit":false},{"lineNumber":25,"author":{"gitId":"-"},"content":"","lastModifiedDate":"2025-01-04T21:44:28","isFullCredit":false},{"lineNumber":26,"author":{"gitId":"-"},"content":"**Warning:** Keep the `src\\main\\java` folder as the root folder for Java files (i.e., don\u0027t rename those folders or move Java files to another folder outside of this folder path), as this is the default location some tools (e.g., Gradle) expect to find Java files.","lastModifiedDate":"2025-01-04T21:44:28","isFullCredit":false}],"authorContributionMap":{"yijiechong13":2,"-":24}},{"path":"docs/README.md","fileType":"md","lines":[{"lineNumber":1,"author":{"gitId":"yijiechong13"},"content":"# Octopus User Guide","lastModifiedDate":"2025-08-19T21:42:57","isFullCredit":false},{"lineNumber":2,"author":{"gitId":"-"},"content":"","lastModifiedDate":"2019-07-29T17:14:46","isFullCredit":false},{"lineNumber":3,"author":{"gitId":"-"},"content":"// Update the title above to match the actual product name","lastModifiedDate":"2024-01-07T18:33:52","isFullCredit":false},{"lineNumber":4,"author":{"gitId":"-"},"content":"","lastModifiedDate":"2019-07-29T17:14:46","isFullCredit":false},{"lineNumber":5,"author":{"gitId":"-"},"content":"// Product screenshot goes here","lastModifiedDate":"2024-01-07T18:33:52","isFullCredit":false},{"lineNumber":6,"author":{"gitId":"-"},"content":"","lastModifiedDate":"2021-07-17T16:49:07","isFullCredit":false},{"lineNumber":7,"author":{"gitId":"-"},"content":"// Product intro goes here","lastModifiedDate":"2024-01-07T18:33:52","isFullCredit":false},{"lineNumber":8,"author":{"gitId":"-"},"content":"","lastModifiedDate":"2021-07-17T16:49:07","isFullCredit":false},{"lineNumber":9,"author":{"gitId":"-"},"content":"## Adding deadlines","lastModifiedDate":"2024-01-07T18:33:52","isFullCredit":false},{"lineNumber":10,"author":{"gitId":"-"},"content":"","lastModifiedDate":"2021-07-17T16:49:07","isFullCredit":false},{"lineNumber":11,"author":{"gitId":"-"},"content":"// Describe the action and its outcome.","lastModifiedDate":"2024-01-07T18:33:52","isFullCredit":false},{"lineNumber":12,"author":{"gitId":"-"},"content":"","lastModifiedDate":"2019-07-29T17:14:46","isFullCredit":false},{"lineNumber":13,"author":{"gitId":"-"},"content":"// Give examples of usage","lastModifiedDate":"2024-01-07T18:33:52","isFullCredit":false},{"lineNumber":14,"author":{"gitId":"-"},"content":"","lastModifiedDate":"2019-07-29T17:14:46","isFullCredit":false},{"lineNumber":15,"author":{"gitId":"-"},"content":"Example: `keyword (optional arguments)`","lastModifiedDate":"2024-01-07T18:33:52","isFullCredit":false},{"lineNumber":16,"author":{"gitId":"-"},"content":"","lastModifiedDate":"2019-07-29T17:14:46","isFullCredit":false},{"lineNumber":17,"author":{"gitId":"-"},"content":"// A description of the expected outcome goes here","lastModifiedDate":"2024-01-07T18:33:52","isFullCredit":false},{"lineNumber":18,"author":{"gitId":"-"},"content":"","lastModifiedDate":"2019-07-29T17:14:46","isFullCredit":false},{"lineNumber":19,"author":{"gitId":"-"},"content":"```","lastModifiedDate":"2024-01-07T18:33:52","isFullCredit":false},{"lineNumber":20,"author":{"gitId":"-"},"content":"expected output","lastModifiedDate":"2024-01-07T18:33:52","isFullCredit":false},{"lineNumber":21,"author":{"gitId":"-"},"content":"```","lastModifiedDate":"2024-01-07T18:33:52","isFullCredit":false},{"lineNumber":22,"author":{"gitId":"-"},"content":"","lastModifiedDate":"2019-07-29T17:14:46","isFullCredit":false},{"lineNumber":23,"author":{"gitId":"-"},"content":"## Feature ABC","lastModifiedDate":"2024-01-07T18:33:52","isFullCredit":false},{"lineNumber":24,"author":{"gitId":"-"},"content":"","lastModifiedDate":"2019-07-29T17:14:46","isFullCredit":false},{"lineNumber":25,"author":{"gitId":"-"},"content":"// Feature details","lastModifiedDate":"2024-01-07T18:33:52","isFullCredit":false},{"lineNumber":26,"author":{"gitId":"-"},"content":"","lastModifiedDate":"2019-07-29T17:14:46","isFullCredit":false},{"lineNumber":27,"author":{"gitId":"-"},"content":"","lastModifiedDate":"2021-07-17T16:49:07","isFullCredit":false},{"lineNumber":28,"author":{"gitId":"-"},"content":"## Feature XYZ","lastModifiedDate":"2024-01-07T18:33:52","isFullCredit":false},{"lineNumber":29,"author":{"gitId":"-"},"content":"","lastModifiedDate":"2024-01-07T18:33:52","isFullCredit":false},{"lineNumber":30,"author":{"gitId":"-"},"content":"// Feature details","lastModifiedDate":"2024-01-07T18:33:52","isFullCredit":false}],"authorContributionMap":{"yijiechong13":1,"-":29}},{"path":"src/main/java/Deadline.java","fileType":"java","lines":[{"lineNumber":1,"author":{"gitId":"yijiechong13"},"content":"public class Deadline extends Task{","lastModifiedDate":"2025-08-20T02:57:46","isFullCredit":false},{"lineNumber":2,"author":{"gitId":"yijiechong13"},"content":"    protected String by;","lastModifiedDate":"2025-08-20T02:57:46","isFullCredit":false},{"lineNumber":3,"author":{"gitId":"yijiechong13"},"content":"","lastModifiedDate":"2025-08-20T02:57:46","isFullCredit":false},{"lineNumber":4,"author":{"gitId":"yijiechong13"},"content":"    public Deadline(String description, String by){","lastModifiedDate":"2025-08-20T02:57:46","isFullCredit":false},{"lineNumber":5,"author":{"gitId":"yijiechong13"},"content":"        super(description);","lastModifiedDate":"2025-08-20T02:57:46","isFullCredit":false},{"lineNumber":6,"author":{"gitId":"yijiechong13"},"content":"        this.by \u003d by;","lastModifiedDate":"2025-08-20T02:57:46","isFullCredit":false},{"lineNumber":7,"author":{"gitId":"yijiechong13"},"content":"    }","lastModifiedDate":"2025-08-20T02:57:46","isFullCredit":false},{"lineNumber":8,"author":{"gitId":"yijiechong13"},"content":"","lastModifiedDate":"2025-08-20T02:57:46","isFullCredit":false},{"lineNumber":9,"author":{"gitId":"yijiechong13"},"content":"    @Override","lastModifiedDate":"2025-08-20T02:57:46","isFullCredit":false},{"lineNumber":10,"author":{"gitId":"yijiechong13"},"content":"    public String toString() {","lastModifiedDate":"2025-08-20T02:57:46","isFullCredit":false},{"lineNumber":11,"author":{"gitId":"yijiechong13"},"content":"        return \"[D]\" + super.toString() + \" (by: \" + by + \")\";","lastModifiedDate":"2025-08-20T02:57:46","isFullCredit":false},{"lineNumber":12,"author":{"gitId":"yijiechong13"},"content":"    }","lastModifiedDate":"2025-08-20T02:57:46","isFullCredit":false},{"lineNumber":13,"author":{"gitId":"yijiechong13"},"content":"","lastModifiedDate":"2025-08-20T02:57:46","isFullCredit":false},{"lineNumber":14,"author":{"gitId":"yijiechong13"},"content":"}","lastModifiedDate":"2025-08-20T02:57:46","isFullCredit":false}],"authorContributionMap":{"yijiechong13":14}},{"path":"src/main/java/Event.java","fileType":"java","lines":[{"lineNumber":1,"author":{"gitId":"yijiechong13"},"content":"public class Event extends Task{","lastModifiedDate":"2025-08-20T02:57:46","isFullCredit":false},{"lineNumber":2,"author":{"gitId":"yijiechong13"},"content":"    protected String from;","lastModifiedDate":"2025-08-20T02:57:46","isFullCredit":false},{"lineNumber":3,"author":{"gitId":"yijiechong13"},"content":"    protected String to;","lastModifiedDate":"2025-08-20T02:57:46","isFullCredit":false},{"lineNumber":4,"author":{"gitId":"yijiechong13"},"content":"","lastModifiedDate":"2025-08-20T02:57:46","isFullCredit":false},{"lineNumber":5,"author":{"gitId":"yijiechong13"},"content":"    public Event(String description, String from, String to){","lastModifiedDate":"2025-08-20T02:57:46","isFullCredit":false},{"lineNumber":6,"author":{"gitId":"yijiechong13"},"content":"        super(description);","lastModifiedDate":"2025-08-20T02:57:46","isFullCredit":false},{"lineNumber":7,"author":{"gitId":"yijiechong13"},"content":"        this.from \u003d from;","lastModifiedDate":"2025-08-20T02:57:46","isFullCredit":false},{"lineNumber":8,"author":{"gitId":"yijiechong13"},"content":"        this.to \u003d to;","lastModifiedDate":"2025-08-20T02:57:46","isFullCredit":false},{"lineNumber":9,"author":{"gitId":"yijiechong13"},"content":"    }","lastModifiedDate":"2025-08-20T02:57:46","isFullCredit":false},{"lineNumber":10,"author":{"gitId":"yijiechong13"},"content":"","lastModifiedDate":"2025-08-20T02:57:46","isFullCredit":false},{"lineNumber":11,"author":{"gitId":"yijiechong13"},"content":"    @Override","lastModifiedDate":"2025-08-20T02:57:46","isFullCredit":false},{"lineNumber":12,"author":{"gitId":"yijiechong13"},"content":"    public String toString() {","lastModifiedDate":"2025-08-20T02:57:46","isFullCredit":false},{"lineNumber":13,"author":{"gitId":"yijiechong13"},"content":"        return \"[E]\" + super.toString() + \" (from: \" + from + \" to: \"+ to + \")\";","lastModifiedDate":"2025-08-20T02:57:46","isFullCredit":false},{"lineNumber":14,"author":{"gitId":"yijiechong13"},"content":"    }","lastModifiedDate":"2025-08-20T02:57:46","isFullCredit":false},{"lineNumber":15,"author":{"gitId":"yijiechong13"},"content":"","lastModifiedDate":"2025-08-20T02:57:46","isFullCredit":false},{"lineNumber":16,"author":{"gitId":"yijiechong13"},"content":"}","lastModifiedDate":"2025-08-20T02:57:46","isFullCredit":false}],"authorContributionMap":{"yijiechong13":16}},{"path":"src/main/java/Octopus.java","fileType":"java","lines":[{"lineNumber":1,"author":{"gitId":"yijiechong13"},"content":"import java.util.Scanner;","lastModifiedDate":"2025-08-19T22:23:18","isFullCredit":false},{"lineNumber":2,"author":{"gitId":"yijiechong13"},"content":"","lastModifiedDate":"2025-08-19T22:23:18","isFullCredit":false},{"lineNumber":3,"author":{"gitId":"yijiechong13"},"content":"public class Octopus {","lastModifiedDate":"2025-08-19T21:42:57","isFullCredit":false},{"lineNumber":4,"author":{"gitId":"yijiechong13"},"content":"    private static final String line \u003d \"____________________________________________________________\";","lastModifiedDate":"2025-08-19T22:23:18","isFullCredit":false},{"lineNumber":5,"author":{"gitId":"yijiechong13"},"content":"","lastModifiedDate":"2025-08-19T22:23:18","isFullCredit":false},{"lineNumber":6,"author":{"gitId":"yijiechong13"},"content":"    private static void printLine() {","lastModifiedDate":"2025-08-19T22:23:18","isFullCredit":false},{"lineNumber":7,"author":{"gitId":"yijiechong13"},"content":"        System.out.println(line);","lastModifiedDate":"2025-08-19T21:42:57","isFullCredit":false},{"lineNumber":8,"author":{"gitId":"yijiechong13"},"content":"    }","lastModifiedDate":"2025-08-19T22:23:18","isFullCredit":false},{"lineNumber":9,"author":{"gitId":"yijiechong13"},"content":"","lastModifiedDate":"2025-08-19T22:23:18","isFullCredit":false},{"lineNumber":10,"author":{"gitId":"yijiechong13"},"content":"    private static void greet() {","lastModifiedDate":"2025-08-19T22:23:18","isFullCredit":false},{"lineNumber":11,"author":{"gitId":"yijiechong13"},"content":"        printLine();","lastModifiedDate":"2025-08-19T22:23:18","isFullCredit":false},{"lineNumber":12,"author":{"gitId":"yijiechong13"},"content":"        System.out.println(\"Hello! I\u0027m Octopus\");","lastModifiedDate":"2025-08-19T21:42:57","isFullCredit":false},{"lineNumber":13,"author":{"gitId":"yijiechong13"},"content":"        System.out.println(\"What can I do for you?\");","lastModifiedDate":"2025-08-19T21:42:57","isFullCredit":false},{"lineNumber":14,"author":{"gitId":"yijiechong13"},"content":"        printLine();","lastModifiedDate":"2025-08-19T22:23:18","isFullCredit":false},{"lineNumber":15,"author":{"gitId":"yijiechong13"},"content":"    }","lastModifiedDate":"2025-08-19T22:23:18","isFullCredit":false},{"lineNumber":16,"author":{"gitId":"yijiechong13"},"content":"","lastModifiedDate":"2025-08-19T22:23:18","isFullCredit":false},{"lineNumber":17,"author":{"gitId":"yijiechong13"},"content":"    private static void goodbye() {","lastModifiedDate":"2025-08-19T22:23:18","isFullCredit":false},{"lineNumber":18,"author":{"gitId":"yijiechong13"},"content":"        printLine();","lastModifiedDate":"2025-08-19T22:23:18","isFullCredit":false},{"lineNumber":19,"author":{"gitId":"yijiechong13"},"content":"        System.out.println(\"Bye. Hope to see you again soon!\");","lastModifiedDate":"2025-08-19T21:42:57","isFullCredit":false},{"lineNumber":20,"author":{"gitId":"yijiechong13"},"content":"        printLine();","lastModifiedDate":"2025-08-19T22:23:18","isFullCredit":false},{"lineNumber":21,"author":{"gitId":"yijiechong13"},"content":"    }","lastModifiedDate":"2025-08-19T22:23:18","isFullCredit":false},{"lineNumber":22,"author":{"gitId":"yijiechong13"},"content":"","lastModifiedDate":"2025-08-19T22:23:18","isFullCredit":false},{"lineNumber":23,"author":{"gitId":"yijiechong13"},"content":"    public static void main(String[] args) {","lastModifiedDate":"2025-08-19T22:23:18","isFullCredit":false},{"lineNumber":24,"author":{"gitId":"yijiechong13"},"content":"        greet();","lastModifiedDate":"2025-08-19T22:23:18","isFullCredit":false},{"lineNumber":25,"author":{"gitId":"yijiechong13"},"content":"","lastModifiedDate":"2025-08-19T22:23:18","isFullCredit":false},{"lineNumber":26,"author":{"gitId":"yijiechong13"},"content":"        Scanner sc \u003d new Scanner(System.in);","lastModifiedDate":"2025-08-19T22:23:18","isFullCredit":false},{"lineNumber":27,"author":{"gitId":"yijiechong13"},"content":"        Task[] tasks \u003d new Task[100];","lastModifiedDate":"2025-08-20T02:57:46","isFullCredit":false},{"lineNumber":28,"author":{"gitId":"yijiechong13"},"content":"        int count \u003d 0;","lastModifiedDate":"2025-08-19T22:51:07","isFullCredit":false},{"lineNumber":29,"author":{"gitId":"yijiechong13"},"content":"","lastModifiedDate":"2025-08-19T22:51:07","isFullCredit":false},{"lineNumber":30,"author":{"gitId":"yijiechong13"},"content":"        while (sc.hasNextLine()) {","lastModifiedDate":"2025-08-19T22:23:18","isFullCredit":false},{"lineNumber":31,"author":{"gitId":"yijiechong13"},"content":"            String input \u003d sc.nextLine().trim();","lastModifiedDate":"2025-08-19T22:51:07","isFullCredit":false},{"lineNumber":32,"author":{"gitId":"yijiechong13"},"content":"            if (input.isEmpty()) continue;","lastModifiedDate":"2025-08-20T02:57:46","isFullCredit":false},{"lineNumber":33,"author":{"gitId":"yijiechong13"},"content":"","lastModifiedDate":"2025-08-19T22:23:18","isFullCredit":false},{"lineNumber":34,"author":{"gitId":"yijiechong13"},"content":"            String [] parts \u003d input.split(\" \", 2); // split by spaces, but at most 2 parts","lastModifiedDate":"2025-08-20T02:57:46","isFullCredit":false},{"lineNumber":35,"author":{"gitId":"yijiechong13"},"content":"            String command \u003d parts[0];","lastModifiedDate":"2025-08-20T02:57:46","isFullCredit":false},{"lineNumber":36,"author":{"gitId":"yijiechong13"},"content":"            String arguments \u003d parts.length \u003e 1 ? parts[1] : \"\";","lastModifiedDate":"2025-08-20T02:57:46","isFullCredit":false},{"lineNumber":37,"author":{"gitId":"yijiechong13"},"content":"","lastModifiedDate":"2025-08-20T02:57:46","isFullCredit":false},{"lineNumber":38,"author":{"gitId":"yijiechong13"},"content":"            switch (command) {","lastModifiedDate":"2025-08-20T02:57:46","isFullCredit":false},{"lineNumber":39,"author":{"gitId":"yijiechong13"},"content":"","lastModifiedDate":"2025-08-20T02:57:46","isFullCredit":false},{"lineNumber":40,"author":{"gitId":"yijiechong13"},"content":"                case \"bye\": {","lastModifiedDate":"2025-08-20T02:57:46","isFullCredit":false},{"lineNumber":41,"author":{"gitId":"yijiechong13"},"content":"                    // leave chatbot","lastModifiedDate":"2025-08-20T01:47:01","isFullCredit":false},{"lineNumber":42,"author":{"gitId":"yijiechong13"},"content":"                    goodbye();","lastModifiedDate":"2025-08-19T22:23:18","isFullCredit":false},{"lineNumber":43,"author":{"gitId":"yijiechong13"},"content":"                    return;","lastModifiedDate":"2025-08-20T02:57:46","isFullCredit":false},{"lineNumber":44,"author":{"gitId":"yijiechong13"},"content":"                }","lastModifiedDate":"2025-08-20T02:57:46","isFullCredit":false},{"lineNumber":45,"author":{"gitId":"yijiechong13"},"content":"","lastModifiedDate":"2025-08-20T01:47:01","isFullCredit":false},{"lineNumber":46,"author":{"gitId":"yijiechong13"},"content":"                case \"list\": {","lastModifiedDate":"2025-08-20T02:57:46","isFullCredit":false},{"lineNumber":47,"author":{"gitId":"yijiechong13"},"content":"                    //display the list","lastModifiedDate":"2025-08-20T01:47:01","isFullCredit":false},{"lineNumber":48,"author":{"gitId":"yijiechong13"},"content":"                    printLine();","lastModifiedDate":"2025-08-19T22:51:07","isFullCredit":false},{"lineNumber":49,"author":{"gitId":"yijiechong13"},"content":"                    System.out.println(\"Here are the tasks in your list:\");","lastModifiedDate":"2025-08-20T01:47:01","isFullCredit":false},{"lineNumber":50,"author":{"gitId":"yijiechong13"},"content":"                    for (int i \u003d 0; i \u003c count; i++) {","lastModifiedDate":"2025-08-19T22:51:07","isFullCredit":false},{"lineNumber":51,"author":{"gitId":"yijiechong13"},"content":"                        System.out.println(\" \" + (i + 1) + \".\" + tasks[i]);","lastModifiedDate":"2025-08-20T02:57:46","isFullCredit":false},{"lineNumber":52,"author":{"gitId":"yijiechong13"},"content":"                    }","lastModifiedDate":"2025-08-20T01:47:01","isFullCredit":false},{"lineNumber":53,"author":{"gitId":"yijiechong13"},"content":"                    printLine();","lastModifiedDate":"2025-08-20T01:47:01","isFullCredit":false},{"lineNumber":54,"author":{"gitId":"yijiechong13"},"content":"                    break;","lastModifiedDate":"2025-08-20T02:57:46","isFullCredit":false},{"lineNumber":55,"author":{"gitId":"yijiechong13"},"content":"                }","lastModifiedDate":"2025-08-20T02:57:46","isFullCredit":false},{"lineNumber":56,"author":{"gitId":"yijiechong13"},"content":"","lastModifiedDate":"2025-08-20T01:47:01","isFullCredit":false},{"lineNumber":57,"author":{"gitId":"yijiechong13"},"content":"                case \"mark\": {","lastModifiedDate":"2025-08-20T02:57:46","isFullCredit":false},{"lineNumber":58,"author":{"gitId":"yijiechong13"},"content":"                    //mark as done","lastModifiedDate":"2025-08-20T01:47:01","isFullCredit":false},{"lineNumber":59,"author":{"gitId":"yijiechong13"},"content":"                    int taskNumber \u003d Integer.parseInt(arguments);","lastModifiedDate":"2025-08-20T02:57:46","isFullCredit":false},{"lineNumber":60,"author":{"gitId":"yijiechong13"},"content":"                    if (taskNumber \u003c\u003d count \u0026\u0026 taskNumber \u003e 0) {","lastModifiedDate":"2025-08-20T01:47:01","isFullCredit":false},{"lineNumber":61,"author":{"gitId":"yijiechong13"},"content":"                        printLine();","lastModifiedDate":"2025-08-20T01:47:01","isFullCredit":false},{"lineNumber":62,"author":{"gitId":"yijiechong13"},"content":"                        tasks[taskNumber - 1].markDone();","lastModifiedDate":"2025-08-20T02:57:46","isFullCredit":false},{"lineNumber":63,"author":{"gitId":"yijiechong13"},"content":"                        System.out.println(\"Nice! I\u0027ve marked this task as done:\");","lastModifiedDate":"2025-08-20T01:47:01","isFullCredit":false},{"lineNumber":64,"author":{"gitId":"yijiechong13"},"content":"                        System.out.println(\" \" + tasks[taskNumber - 1]);","lastModifiedDate":"2025-08-20T02:57:46","isFullCredit":false},{"lineNumber":65,"author":{"gitId":"yijiechong13"},"content":"                        printLine();","lastModifiedDate":"2025-08-20T01:47:01","isFullCredit":false},{"lineNumber":66,"author":{"gitId":"yijiechong13"},"content":"                        break;","lastModifiedDate":"2025-08-20T02:57:46","isFullCredit":false},{"lineNumber":67,"author":{"gitId":"yijiechong13"},"content":"                    }","lastModifiedDate":"2025-08-20T02:57:46","isFullCredit":false},{"lineNumber":68,"author":{"gitId":"yijiechong13"},"content":"                }","lastModifiedDate":"2025-08-19T22:51:07","isFullCredit":false},{"lineNumber":69,"author":{"gitId":"yijiechong13"},"content":"","lastModifiedDate":"2025-08-20T01:47:01","isFullCredit":false},{"lineNumber":70,"author":{"gitId":"yijiechong13"},"content":"                case \"unmark\": {","lastModifiedDate":"2025-08-20T02:57:46","isFullCredit":false},{"lineNumber":71,"author":{"gitId":"yijiechong13"},"content":"                    //mark as Undone","lastModifiedDate":"2025-08-20T01:47:01","isFullCredit":false},{"lineNumber":72,"author":{"gitId":"yijiechong13"},"content":"                    int taskNumber \u003d Integer.parseInt(arguments);","lastModifiedDate":"2025-08-20T02:57:46","isFullCredit":false},{"lineNumber":73,"author":{"gitId":"yijiechong13"},"content":"                    if (taskNumber \u003c\u003d count \u0026\u0026 taskNumber \u003e 0) {","lastModifiedDate":"2025-08-20T01:47:01","isFullCredit":false},{"lineNumber":74,"author":{"gitId":"yijiechong13"},"content":"                        printLine();","lastModifiedDate":"2025-08-20T01:47:01","isFullCredit":false},{"lineNumber":75,"author":{"gitId":"yijiechong13"},"content":"                        tasks[taskNumber - 1].markUndone();","lastModifiedDate":"2025-08-20T02:57:46","isFullCredit":false},{"lineNumber":76,"author":{"gitId":"yijiechong13"},"content":"                        System.out.println(\"OK, I\u0027ve marked this task as not done yet:\");","lastModifiedDate":"2025-08-20T01:47:01","isFullCredit":false},{"lineNumber":77,"author":{"gitId":"yijiechong13"},"content":"                        System.out.println(\" \" + tasks[taskNumber - 1]);","lastModifiedDate":"2025-08-20T02:57:46","isFullCredit":false},{"lineNumber":78,"author":{"gitId":"yijiechong13"},"content":"                        printLine();","lastModifiedDate":"2025-08-19T22:51:07","isFullCredit":false},{"lineNumber":79,"author":{"gitId":"yijiechong13"},"content":"                        break;","lastModifiedDate":"2025-08-20T02:57:46","isFullCredit":false},{"lineNumber":80,"author":{"gitId":"yijiechong13"},"content":"                    }","lastModifiedDate":"2025-08-20T02:57:46","isFullCredit":false},{"lineNumber":81,"author":{"gitId":"yijiechong13"},"content":"                }","lastModifiedDate":"2025-08-20T01:47:01","isFullCredit":false},{"lineNumber":82,"author":{"gitId":"yijiechong13"},"content":"","lastModifiedDate":"2025-08-20T01:47:01","isFullCredit":false},{"lineNumber":83,"author":{"gitId":"yijiechong13"},"content":"                case \"todo\": {","lastModifiedDate":"2025-08-20T02:57:46","isFullCredit":false},{"lineNumber":84,"author":{"gitId":"yijiechong13"},"content":"                    Task t \u003d new Todo(arguments);","lastModifiedDate":"2025-08-20T02:57:46","isFullCredit":false},{"lineNumber":85,"author":{"gitId":"yijiechong13"},"content":"                    tasks[count] \u003d t;","lastModifiedDate":"2025-08-20T02:57:46","isFullCredit":false},{"lineNumber":86,"author":{"gitId":"yijiechong13"},"content":"                    count++;","lastModifiedDate":"2025-08-19T22:51:07","isFullCredit":false},{"lineNumber":87,"author":{"gitId":"yijiechong13"},"content":"                    printLine();","lastModifiedDate":"2025-08-19T22:23:18","isFullCredit":false},{"lineNumber":88,"author":{"gitId":"yijiechong13"},"content":"                    System.out.println(\" Got it. I\u0027ve added this task:\");","lastModifiedDate":"2025-08-20T02:57:46","isFullCredit":false},{"lineNumber":89,"author":{"gitId":"yijiechong13"},"content":"                    System.out.println(\"  \" + t);","lastModifiedDate":"2025-08-20T02:57:46","isFullCredit":false},{"lineNumber":90,"author":{"gitId":"yijiechong13"},"content":"                    System.out.println(\" Now you have \" + count + \" tasks in the list.\");","lastModifiedDate":"2025-08-20T02:57:46","isFullCredit":false},{"lineNumber":91,"author":{"gitId":"yijiechong13"},"content":"                    printLine();","lastModifiedDate":"2025-08-19T22:23:18","isFullCredit":false},{"lineNumber":92,"author":{"gitId":"yijiechong13"},"content":"                    break;","lastModifiedDate":"2025-08-20T02:57:46","isFullCredit":false},{"lineNumber":93,"author":{"gitId":"yijiechong13"},"content":"                }","lastModifiedDate":"2025-08-20T02:57:46","isFullCredit":false},{"lineNumber":94,"author":{"gitId":"yijiechong13"},"content":"","lastModifiedDate":"2025-08-20T01:47:01","isFullCredit":false},{"lineNumber":95,"author":{"gitId":"yijiechong13"},"content":"                case \"deadline\": {","lastModifiedDate":"2025-08-20T02:57:46","isFullCredit":false},{"lineNumber":96,"author":{"gitId":"yijiechong13"},"content":"                    String [] deadline \u003d arguments.split(\"/by\",2);","lastModifiedDate":"2025-08-20T02:57:46","isFullCredit":false},{"lineNumber":97,"author":{"gitId":"yijiechong13"},"content":"                    String desc \u003d deadline[0].trim();","lastModifiedDate":"2025-08-20T02:57:46","isFullCredit":false},{"lineNumber":98,"author":{"gitId":"yijiechong13"},"content":"                    String by \u003d deadline.length \u003e 1 ? deadline[1].trim() : \"\";","lastModifiedDate":"2025-08-20T02:57:46","isFullCredit":false},{"lineNumber":99,"author":{"gitId":"yijiechong13"},"content":"                    Task t \u003d new Deadline(desc, by);","lastModifiedDate":"2025-08-20T02:57:46","isFullCredit":false},{"lineNumber":100,"author":{"gitId":"yijiechong13"},"content":"                    tasks[count] \u003d t;","lastModifiedDate":"2025-08-20T02:57:46","isFullCredit":false},{"lineNumber":101,"author":{"gitId":"yijiechong13"},"content":"                    count++;","lastModifiedDate":"2025-08-20T02:57:46","isFullCredit":false},{"lineNumber":102,"author":{"gitId":"yijiechong13"},"content":"                    printLine();","lastModifiedDate":"2025-08-20T02:57:46","isFullCredit":false},{"lineNumber":103,"author":{"gitId":"yijiechong13"},"content":"                    System.out.println(\" Got it. I\u0027ve added this task:\");","lastModifiedDate":"2025-08-20T02:57:46","isFullCredit":false},{"lineNumber":104,"author":{"gitId":"yijiechong13"},"content":"                    System.out.println(\"  \" + t);","lastModifiedDate":"2025-08-20T02:57:46","isFullCredit":false},{"lineNumber":105,"author":{"gitId":"yijiechong13"},"content":"                    System.out.println(\" Now you have \" + count + \" tasks in the list.\");","lastModifiedDate":"2025-08-20T02:57:46","isFullCredit":false},{"lineNumber":106,"author":{"gitId":"yijiechong13"},"content":"                    printLine();","lastModifiedDate":"2025-08-20T02:57:46","isFullCredit":false},{"lineNumber":107,"author":{"gitId":"yijiechong13"},"content":"                    break;","lastModifiedDate":"2025-08-20T02:57:46","isFullCredit":false},{"lineNumber":108,"author":{"gitId":"yijiechong13"},"content":"","lastModifiedDate":"2025-08-20T02:57:46","isFullCredit":false},{"lineNumber":109,"author":{"gitId":"yijiechong13"},"content":"            }","lastModifiedDate":"2025-08-20T02:57:46","isFullCredit":false},{"lineNumber":110,"author":{"gitId":"yijiechong13"},"content":"                case \"event\": {","lastModifiedDate":"2025-08-20T02:57:46","isFullCredit":false},{"lineNumber":111,"author":{"gitId":"yijiechong13"},"content":"                    String desc \u003d arguments;","lastModifiedDate":"2025-08-20T02:57:46","isFullCredit":false},{"lineNumber":112,"author":{"gitId":"yijiechong13"},"content":"                    String from \u003d\"\";","lastModifiedDate":"2025-08-20T02:57:46","isFullCredit":false},{"lineNumber":113,"author":{"gitId":"yijiechong13"},"content":"                    String to \u003d \"\";","lastModifiedDate":"2025-08-20T02:57:46","isFullCredit":false},{"lineNumber":114,"author":{"gitId":"yijiechong13"},"content":"","lastModifiedDate":"2025-08-20T02:57:46","isFullCredit":false},{"lineNumber":115,"author":{"gitId":"yijiechong13"},"content":"                    int atFrom \u003d arguments.indexOf(\"/from\");","lastModifiedDate":"2025-08-20T02:57:46","isFullCredit":false},{"lineNumber":116,"author":{"gitId":"yijiechong13"},"content":"                    int atTo \u003d arguments.indexOf(\"/to\");","lastModifiedDate":"2025-08-20T02:57:46","isFullCredit":false},{"lineNumber":117,"author":{"gitId":"yijiechong13"},"content":"","lastModifiedDate":"2025-08-20T02:57:46","isFullCredit":false},{"lineNumber":118,"author":{"gitId":"yijiechong13"},"content":"                    if (atFrom \u003e\u003d 0) {","lastModifiedDate":"2025-08-20T02:57:46","isFullCredit":false},{"lineNumber":119,"author":{"gitId":"yijiechong13"},"content":"                        desc \u003d arguments.substring(0, atFrom).trim();","lastModifiedDate":"2025-08-20T02:57:46","isFullCredit":false},{"lineNumber":120,"author":{"gitId":"yijiechong13"},"content":"                        if (atTo \u003e\u003d 0 \u0026\u0026 atTo \u003e atFrom) {","lastModifiedDate":"2025-08-20T02:57:46","isFullCredit":false},{"lineNumber":121,"author":{"gitId":"yijiechong13"},"content":"                            from \u003d arguments.substring(atFrom + 5, atTo).trim();","lastModifiedDate":"2025-08-20T02:57:46","isFullCredit":false},{"lineNumber":122,"author":{"gitId":"yijiechong13"},"content":"                            to \u003d arguments.substring(atTo + 3).trim();","lastModifiedDate":"2025-08-20T02:57:46","isFullCredit":false},{"lineNumber":123,"author":{"gitId":"yijiechong13"},"content":"                        } else {","lastModifiedDate":"2025-08-20T02:57:46","isFullCredit":false},{"lineNumber":124,"author":{"gitId":"yijiechong13"},"content":"                            from \u003d arguments.substring(atFrom + 5).trim();","lastModifiedDate":"2025-08-20T02:57:46","isFullCredit":false},{"lineNumber":125,"author":{"gitId":"yijiechong13"},"content":"                        }","lastModifiedDate":"2025-08-20T02:57:46","isFullCredit":false},{"lineNumber":126,"author":{"gitId":"yijiechong13"},"content":"                    }","lastModifiedDate":"2025-08-19T22:23:18","isFullCredit":false},{"lineNumber":127,"author":{"gitId":"yijiechong13"},"content":"","lastModifiedDate":"2025-08-20T01:47:01","isFullCredit":false},{"lineNumber":128,"author":{"gitId":"yijiechong13"},"content":"                    Task t \u003d new Event(desc, from, to);","lastModifiedDate":"2025-08-20T02:57:46","isFullCredit":false},{"lineNumber":129,"author":{"gitId":"yijiechong13"},"content":"                    tasks[count++] \u003d t;","lastModifiedDate":"2025-08-20T02:57:46","isFullCredit":false},{"lineNumber":130,"author":{"gitId":"yijiechong13"},"content":"                    printLine();","lastModifiedDate":"2025-08-20T02:57:46","isFullCredit":false},{"lineNumber":131,"author":{"gitId":"yijiechong13"},"content":"                    System.out.println(\" Got it. I\u0027ve added this task:\");","lastModifiedDate":"2025-08-20T02:57:46","isFullCredit":false},{"lineNumber":132,"author":{"gitId":"yijiechong13"},"content":"                    System.out.println(\"   \" + t);","lastModifiedDate":"2025-08-20T02:57:46","isFullCredit":false},{"lineNumber":133,"author":{"gitId":"yijiechong13"},"content":"                    System.out.println(\" Now you have \" + count + \" tasks in the list.\");","lastModifiedDate":"2025-08-20T02:57:46","isFullCredit":false},{"lineNumber":134,"author":{"gitId":"yijiechong13"},"content":"                    printLine();","lastModifiedDate":"2025-08-20T02:57:46","isFullCredit":false},{"lineNumber":135,"author":{"gitId":"yijiechong13"},"content":"                }","lastModifiedDate":"2025-08-20T02:57:46","isFullCredit":false},{"lineNumber":136,"author":{"gitId":"yijiechong13"},"content":"                break;","lastModifiedDate":"2025-08-20T02:57:46","isFullCredit":false},{"lineNumber":137,"author":{"gitId":"yijiechong13"},"content":"","lastModifiedDate":"2025-08-20T02:57:46","isFullCredit":false},{"lineNumber":138,"author":{"gitId":"yijiechong13"},"content":"                }","lastModifiedDate":"2025-08-20T02:57:46","isFullCredit":false},{"lineNumber":139,"author":{"gitId":"yijiechong13"},"content":"        }","lastModifiedDate":"2025-08-19T22:23:18","isFullCredit":false},{"lineNumber":140,"author":{"gitId":"yijiechong13"},"content":"    }","lastModifiedDate":"2025-08-19T21:42:57","isFullCredit":false},{"lineNumber":141,"author":{"gitId":"yijiechong13"},"content":"}","lastModifiedDate":"2025-08-19T21:42:57","isFullCredit":false}],"authorContributionMap":{"yijiechong13":141}},{"path":"src/main/java/Task.java","fileType":"java","lines":[{"lineNumber":1,"author":{"gitId":"yijiechong13"},"content":"public class Task {","lastModifiedDate":"2025-08-20T01:47:01","isFullCredit":false},{"lineNumber":2,"author":{"gitId":"yijiechong13"},"content":"    protected String description;","lastModifiedDate":"2025-08-20T01:47:01","isFullCredit":false},{"lineNumber":3,"author":{"gitId":"yijiechong13"},"content":"    protected boolean isDone;","lastModifiedDate":"2025-08-20T01:47:01","isFullCredit":false},{"lineNumber":4,"author":{"gitId":"yijiechong13"},"content":"","lastModifiedDate":"2025-08-20T01:47:01","isFullCredit":false},{"lineNumber":5,"author":{"gitId":"yijiechong13"},"content":"    public Task(String description){","lastModifiedDate":"2025-08-20T01:47:01","isFullCredit":false},{"lineNumber":6,"author":{"gitId":"yijiechong13"},"content":"        this.description \u003d description;","lastModifiedDate":"2025-08-20T01:47:01","isFullCredit":false},{"lineNumber":7,"author":{"gitId":"yijiechong13"},"content":"        this.isDone \u003d false;","lastModifiedDate":"2025-08-20T01:47:01","isFullCredit":false},{"lineNumber":8,"author":{"gitId":"yijiechong13"},"content":"    }","lastModifiedDate":"2025-08-20T01:47:01","isFullCredit":false},{"lineNumber":9,"author":{"gitId":"yijiechong13"},"content":"","lastModifiedDate":"2025-08-20T01:47:01","isFullCredit":false},{"lineNumber":10,"author":{"gitId":"yijiechong13"},"content":"    public void markDone() {","lastModifiedDate":"2025-08-20T01:47:01","isFullCredit":false},{"lineNumber":11,"author":{"gitId":"yijiechong13"},"content":"        this.isDone \u003d true;","lastModifiedDate":"2025-08-20T01:47:01","isFullCredit":false},{"lineNumber":12,"author":{"gitId":"yijiechong13"},"content":"    }","lastModifiedDate":"2025-08-20T01:47:01","isFullCredit":false},{"lineNumber":13,"author":{"gitId":"yijiechong13"},"content":"","lastModifiedDate":"2025-08-20T01:47:01","isFullCredit":false},{"lineNumber":14,"author":{"gitId":"yijiechong13"},"content":"    public void markUndone(){","lastModifiedDate":"2025-08-20T01:47:01","isFullCredit":false},{"lineNumber":15,"author":{"gitId":"yijiechong13"},"content":"        this.isDone \u003d false;","lastModifiedDate":"2025-08-20T01:47:01","isFullCredit":false},{"lineNumber":16,"author":{"gitId":"yijiechong13"},"content":"    }","lastModifiedDate":"2025-08-20T01:47:01","isFullCredit":false},{"lineNumber":17,"author":{"gitId":"yijiechong13"},"content":"","lastModifiedDate":"2025-08-20T01:47:01","isFullCredit":false},{"lineNumber":18,"author":{"gitId":"yijiechong13"},"content":"    public String getStatusIcon() {","lastModifiedDate":"2025-08-20T01:47:01","isFullCredit":false},{"lineNumber":19,"author":{"gitId":"yijiechong13"},"content":"        return (isDone ? \"[X]\": \"[ ]\");","lastModifiedDate":"2025-08-20T01:47:01","isFullCredit":false},{"lineNumber":20,"author":{"gitId":"yijiechong13"},"content":"    }","lastModifiedDate":"2025-08-20T01:47:01","isFullCredit":false},{"lineNumber":21,"author":{"gitId":"yijiechong13"},"content":"","lastModifiedDate":"2025-08-20T01:47:01","isFullCredit":false},{"lineNumber":22,"author":{"gitId":"yijiechong13"},"content":"    @Override","lastModifiedDate":"2025-08-20T01:47:01","isFullCredit":false},{"lineNumber":23,"author":{"gitId":"yijiechong13"},"content":"    public String toString(){","lastModifiedDate":"2025-08-20T01:47:01","isFullCredit":false},{"lineNumber":24,"author":{"gitId":"yijiechong13"},"content":"        return getStatusIcon() + \" \" + description;","lastModifiedDate":"2025-08-20T01:47:01","isFullCredit":false},{"lineNumber":25,"author":{"gitId":"yijiechong13"},"content":"    }","lastModifiedDate":"2025-08-20T01:47:01","isFullCredit":false},{"lineNumber":26,"author":{"gitId":"yijiechong13"},"content":"","lastModifiedDate":"2025-08-20T01:47:01","isFullCredit":false},{"lineNumber":27,"author":{"gitId":"yijiechong13"},"content":"}","lastModifiedDate":"2025-08-20T01:47:01","isFullCredit":false}],"authorContributionMap":{"yijiechong13":27}},{"path":"src/main/java/Todo.java","fileType":"java","lines":[{"lineNumber":1,"author":{"gitId":"yijiechong13"},"content":"public class Todo extends Task{","lastModifiedDate":"2025-08-20T02:57:46","isFullCredit":false},{"lineNumber":2,"author":{"gitId":"yijiechong13"},"content":"","lastModifiedDate":"2025-08-20T02:57:46","isFullCredit":false},{"lineNumber":3,"author":{"gitId":"yijiechong13"},"content":"    public Todo(String description){","lastModifiedDate":"2025-08-20T02:57:46","isFullCredit":false},{"lineNumber":4,"author":{"gitId":"yijiechong13"},"content":"        super(description);","lastModifiedDate":"2025-08-20T02:57:46","isFullCredit":false},{"lineNumber":5,"author":{"gitId":"yijiechong13"},"content":"    }","lastModifiedDate":"2025-08-20T02:57:46","isFullCredit":false},{"lineNumber":6,"author":{"gitId":"yijiechong13"},"content":"","lastModifiedDate":"2025-08-20T02:57:46","isFullCredit":false},{"lineNumber":7,"author":{"gitId":"yijiechong13"},"content":"    @Override","lastModifiedDate":"2025-08-20T02:57:46","isFullCredit":false},{"lineNumber":8,"author":{"gitId":"yijiechong13"},"content":"    public String toString() {","lastModifiedDate":"2025-08-20T02:57:46","isFullCredit":false},{"lineNumber":9,"author":{"gitId":"yijiechong13"},"content":"        return \"[T]\" + super.toString();","lastModifiedDate":"2025-08-20T02:57:46","isFullCredit":false},{"lineNumber":10,"author":{"gitId":"yijiechong13"},"content":"    }","lastModifiedDate":"2025-08-20T02:57:46","isFullCredit":false},{"lineNumber":11,"author":{"gitId":"yijiechong13"},"content":"}","lastModifiedDate":"2025-08-20T02:57:46","isFullCredit":false}],"authorContributionMap":{"yijiechong13":11}},{"path":"text-ui-test/runtest.bat","fileType":"bat","lines":[{"lineNumber":1,"author":{"gitId":"-"},"content":"@ECHO OFF","lastModifiedDate":"2020-05-25T00:03:55","isFullCredit":false},{"lineNumber":2,"author":{"gitId":"-"},"content":"","lastModifiedDate":"2020-05-25T00:03:55","isFullCredit":false},{"lineNumber":3,"author":{"gitId":"-"},"content":"REM create bin directory if it doesn\u0027t exist","lastModifiedDate":"2020-05-25T00:03:55","isFullCredit":false},{"lineNumber":4,"author":{"gitId":"-"},"content":"if not exist ..\\bin mkdir ..\\bin","lastModifiedDate":"2020-05-25T00:03:55","isFullCredit":false},{"lineNumber":5,"author":{"gitId":"-"},"content":"","lastModifiedDate":"2020-05-25T00:03:55","isFullCredit":false},{"lineNumber":6,"author":{"gitId":"-"},"content":"REM delete output from previous run","lastModifiedDate":"2020-05-25T00:03:55","isFullCredit":false},{"lineNumber":7,"author":{"gitId":"-"},"content":"if exist ACTUAL.TXT del ACTUAL.TXT","lastModifiedDate":"2020-08-25T17:23:26","isFullCredit":false},{"lineNumber":8,"author":{"gitId":"-"},"content":"","lastModifiedDate":"2020-05-25T00:03:55","isFullCredit":false},{"lineNumber":9,"author":{"gitId":"-"},"content":"REM compile the code into the bin folder","lastModifiedDate":"2020-05-25T00:03:55","isFullCredit":false},{"lineNumber":10,"author":{"gitId":"-"},"content":"javac  -cp ..\\src\\main\\java -Xlint:none -d ..\\bin ..\\src\\main\\java\\*.java","lastModifiedDate":"2020-08-25T17:23:26","isFullCredit":false},{"lineNumber":11,"author":{"gitId":"-"},"content":"IF ERRORLEVEL 1 (","lastModifiedDate":"2020-05-25T00:03:55","isFullCredit":false},{"lineNumber":12,"author":{"gitId":"-"},"content":"    echo ********** BUILD FAILURE **********","lastModifiedDate":"2020-05-25T00:03:55","isFullCredit":false},{"lineNumber":13,"author":{"gitId":"-"},"content":"    exit /b 1","lastModifiedDate":"2020-05-25T00:03:55","isFullCredit":false},{"lineNumber":14,"author":{"gitId":"-"},"content":")","lastModifiedDate":"2020-05-25T00:03:55","isFullCredit":false},{"lineNumber":15,"author":{"gitId":"-"},"content":"REM no error here, errorlevel \u003d\u003d 0","lastModifiedDate":"2020-05-25T00:03:55","isFullCredit":false},{"lineNumber":16,"author":{"gitId":"-"},"content":"","lastModifiedDate":"2020-05-25T00:03:55","isFullCredit":false},{"lineNumber":17,"author":{"gitId":"-"},"content":"REM run the program, feed commands from input.txt file and redirect the output to the ACTUAL.TXT","lastModifiedDate":"2020-05-25T00:03:55","isFullCredit":false},{"lineNumber":18,"author":{"gitId":"yijiechong13"},"content":"java -classpath ..\\bin Octopus \u003c input.txt \u003e ACTUAL.TXT","lastModifiedDate":"2025-08-19T21:42:57","isFullCredit":false},{"lineNumber":19,"author":{"gitId":"-"},"content":"","lastModifiedDate":"2020-05-25T00:03:55","isFullCredit":false},{"lineNumber":20,"author":{"gitId":"-"},"content":"REM compare the output to the expected output","lastModifiedDate":"2020-05-25T00:03:55","isFullCredit":false},{"lineNumber":21,"author":{"gitId":"-"},"content":"FC ACTUAL.TXT EXPECTED.TXT","lastModifiedDate":"2020-05-25T00:03:55","isFullCredit":false}],"authorContributionMap":{"yijiechong13":1,"-":20}}]
