{"authorDailyContributionsMap":{"yijiechong13":[{"date":"2025-08-19T00:00:00","commitResults":[{"hash":"14be9ba5664cac315666f8ac766efb0a3f50aba4","isMergeCommit":false,"messageTitle":"Add greeting","messageBody":"","tags":["Level-0"],"fileTypesAndContributionMap":{"java":{"insertions":11,"deletions":10},"bat":{"insertions":1,"deletions":1},"md":{"insertions":3,"deletions":3}}},{"hash":"0927cc1b336905c47ab931f3ca49c8eb4535e205","isMergeCommit":false,"messageTitle":"Add echo","messageBody":"","tags":["Level-1"],"fileTypesAndContributionMap":{"java":{"insertions":34,"deletions":4}}},{"hash":"25ce87bbf21dc7efba1cde8e7024a7fcb53d1fcf","isMergeCommit":false,"messageTitle":"Add list","messageBody":"","tags":["Level-2"],"fileTypesAndContributionMap":{"java":{"insertions":15,"deletions":4}}}]},{"date":"2025-08-20T00:00:00","commitResults":[{"hash":"52b4f688e39cd02f7fb39185bb87ee92c41aed18","isMergeCommit":false,"messageTitle":"Add mark as done","messageBody":"","tags":["Level-3"],"fileTypesAndContributionMap":{"java":{"insertions":66,"deletions":9}}},{"hash":"1cc42b22849248312465150414462b952aac464d","isMergeCommit":false,"messageTitle":"Add Todos, Events, Deadlines","messageBody":"","fileTypesAndContributionMap":{"java":{"insertions":134,"deletions":34}}},{"hash":"2ebaa65f588234ff1cc2eb2428956c2f7238ead3","isMergeCommit":false,"messageTitle":"Handle Errors","messageBody":"","fileTypesAndContributionMap":{"java":{"insertions":91,"deletions":18}}},{"hash":"ca1674bd01775ca9e97854bb1bcac211147ab210","isMergeCommit":false,"messageTitle":"Add delete","messageBody":"","fileTypesAndContributionMap":{"java":{"insertions":47,"deletions":11}}},{"hash":"89392f0a977fd1dc7aa69a1199284cbba57e48d1","isMergeCommit":false,"messageTitle":"Added logo to welcome message","messageBody":"","tags":["Level-6"],"fileTypesAndContributionMap":{"java":{"insertions":15,"deletions":4}}},{"hash":"1c11d48e69ab6cdd3481342752608d1e87371411","isMergeCommit":false,"messageTitle":"Add automated text ui testing","messageBody":"","tags":["A-TextUiTesting"],"fileTypesAndContributionMap":{"txt":{"insertions":11,"deletions":0},"java":{"insertions":9,"deletions":9},"sh":{"insertions":1,"deletions":1}}},{"hash":"52ac31d4bed130de939b3cff518a4ef444246710","isMergeCommit":false,"messageTitle":"Use Enums","messageBody":"","tags":["A-Enums"],"fileTypesAndContributionMap":{"java":{"insertions":4,"deletions":0}}}]},{"date":"2025-08-21T00:00:00","commitResults":[{"hash":"f6d4323c3d9a49539f7bbb3a9c175afdb3310ea1","isMergeCommit":true,"messageTitle":"Merge upstream/master with local changes","messageBody":"","fileTypesAndContributionMap":{}},{"hash":"97b382bf32e109992d665a938e4044a03369d327","isMergeCommit":false,"messageTitle":"Merge upstream/master with local changes","messageBody":"","fileTypesAndContributionMap":{"java":{"insertions":20,"deletions":16}}}]},{"date":"2025-08-29T00:00:00","commitResults":[{"hash":"634ed24477d3d2433cb7c372fe314045145a45ab","isMergeCommit":false,"messageTitle":"Add storage and tasklist","messageBody":"","fileTypesAndContributionMap":{"txt":{"insertions":3,"deletions":0},"java":{"insertions":191,"deletions":17}}},{"hash":"115306b92b2a6b630f355d30ddbcd951d16e172a","isMergeCommit":false,"messageTitle":"Add datetimeparsing","messageBody":"","fileTypesAndContributionMap":{"txt":{"insertions":4,"deletions":3},"java":{"insertions":338,"deletions":43}}},{"hash":"b1d631da5841ec245533e226ee2051a7905aab8c","isMergeCommit":false,"messageTitle":"Add UI and Parser","messageBody":"","fileTypesAndContributionMap":{"txt":{"insertions":3,"deletions":4},"java":{"insertions":488,"deletions":239}}},{"hash":"bb1653aa6e5841fdde979ec124e65dc3826edf63","isMergeCommit":false,"messageTitle":"Add Package","messageBody":"","fileTypesAndContributionMap":{"java":{"insertions":32,"deletions":10},"bat":{"insertions":1,"deletions":1},"md":{"insertions":3,"deletions":3}}},{"hash":"9c8c7c19018ea28216ace67aa67dd3d66822d079","isMergeCommit":true,"messageTitle":"Merge branch \u0027branch-A-Gradle\u0027","messageBody":"","tags":["A-Gradle"],"fileTypesAndContributionMap":{}},{"hash":"6873704f20e51970c2eed955705e024cdcb2dc62","isMergeCommit":false,"messageTitle":"Add Gradle","messageBody":"","fileTypesAndContributionMap":{"gradle":{"insertions":2,"deletions":2},"txt":{"insertions":0,"deletions":0},"java":{"insertions":1,"deletions":0}}},{"hash":"98d425b0f1a8ca63d803fe28c00ace9de01424a7","isMergeCommit":false,"messageTitle":"Add JUnit Test","messageBody":"","tags":["A-Jar","A-JUnit"],"fileTypesAndContributionMap":{"java":{"insertions":58,"deletions":0}}},{"hash":"09b79261881037cac85356af86d411ccdd0c3858","isMergeCommit":false,"messageTitle":"Package app as JAR file","messageBody":"","fileTypesAndContributionMap":{"txt":{"insertions":0,"deletions":0}}},{"hash":"198213510d9c749b81326c5b52cda8ef7a86a2ae","isMergeCommit":false,"messageTitle":"Add JavaDoc comments","messageBody":"","fileTypesAndContributionMap":{"java":{"insertions":143,"deletions":2}}},{"hash":"80446db49b42a86e3c65d1eb971c7e6957bfd47c","isMergeCommit":false,"messageTitle":"Apply coding standards","messageBody":"","fileTypesAndContributionMap":{"java":{"insertions":67,"deletions":69}}},{"hash":"ee9ab6e446955677cabcca7e7a71d4542a2992f6","isMergeCommit":true,"messageTitle":"Merge branch-A-CodingStandard","messageBody":"","fileTypesAndContributionMap":{}}]},{"date":"2025-09-10T00:00:00","commitResults":[{"hash":"4ce641fb600bbcc2fdd9147f3f09660c6dfeedb4","isMergeCommit":false,"messageTitle":"Reorganise into folders","messageBody":"","fileTypesAndContributionMap":{"txt":{"insertions":0,"deletions":3},"java":{"insertions":569,"deletions":1224}}},{"hash":"fc1cf725551bd0f4151933ff750dc5329e02eb87","isMergeCommit":false,"messageTitle":"Add javadoc comment","messageBody":"","tags":["Level-9","Level-8","Level-7","A-Packages","A-MoreOOP","A-JavaDoc","A-CodingStandard"],"fileTypesAndContributionMap":{"txt":{"insertions":1,"deletions":0},"java":{"insertions":290,"deletions":41},"bat":{"insertions":1,"deletions":1},"md":{"insertions":3,"deletions":3}}},{"hash":"7a25ef2ecc25d2774c996d1a8cee3c6012f8502b","isMergeCommit":false,"messageTitle":"Add checkstyle","messageBody":"","tags":["A-CheckStyle"],"fileTypesAndContributionMap":{"gradle":{"insertions":7,"deletions":2},"java":{"insertions":78,"deletions":40},"bat":{"insertions":1,"deletions":1},"md":{"insertions":3,"deletions":3}}}]}]},"authorFileTypeContributionMap":{"yijiechong13":{"java":907,"md":3,"fxml":0,"sh":1,"bat":1,"gradle":7,"txt":12}},"authorContributionVariance":{"yijiechong13":227821.42},"authorDisplayNameMap":{"yijiechong13":"CS2103T-F10-3 CHON.. JIE"}}
