{"authorDailyContributionsMap":{"WhyXLook":[{"date":"2025-08-21T00:00:00","commitResults":[{"hash":"6be9c51623d6de24459c3e4abad4c495ee0bcc47","isMergeCommit":false,"messageTitle":"Edited Duke to become BasilSeed","messageBody":"","tags":["level-0"],"fileTypesAndContributionMap":{"java":{"insertions":11,"deletions":10}}},{"hash":"dffe1e247496acf37219a9f41d2d74e7fbfbbe9f","isMergeCommit":false,"messageTitle":"Added Echo Functionality","messageBody":"","tags":["level-1"],"fileTypesAndContributionMap":{"java":{"insertions":15,"deletions":2}}},{"hash":"503d7fb4a7cbdfbad3e7bbee941aaaf917018564","isMergeCommit":false,"messageTitle":"Added the add and list feature. Also edited so that it reads entire user input instead of word by word","messageBody":"","fileTypesAndContributionMap":{"java":{"insertions":35,"deletions":3}}},{"hash":"761ac2fa1260e02db8546fe216394dcc7dc7f181","isMergeCommit":false,"messageTitle":"Added numbers when listing user input array","messageBody":"","tags":["level-2"],"fileTypesAndContributionMap":{"java":{"insertions":3,"deletions":3}}},{"hash":"e7ede65b43c09f4740e216c32dda08ef85f027b5","isMergeCommit":false,"messageTitle":"Edited to use ArrayList instead of list for dynamic size","messageBody":"","fileTypesAndContributionMap":{"java":{"insertions":12,"deletions":11}}},{"hash":"4bacffca551bfbbd0892835571b1bc100c7c0652","isMergeCommit":false,"messageTitle":"Added Task class and implemented mark/unmark feature","messageBody":"","tags":["level-3"],"fileTypesAndContributionMap":{"java":{"insertions":55,"deletions":8}}}]},{"date":"2025-08-22T00:00:00","commitResults":[{"hash":"665c4eb5368f10aec2e91819cb158578e13d1556","isMergeCommit":false,"messageTitle":"Edited toString and command return strings to be more dynamic","messageBody":"","fileTypesAndContributionMap":{"java":{"insertions":5,"deletions":4}}},{"hash":"7bbf04370b0448685803784f3b407cd7868c44a5","isMergeCommit":false,"messageTitle":"Implemented ToDo task","messageBody":"","fileTypesAndContributionMap":{"java":{"insertions":58,"deletions":24}}},{"hash":"a1c64e34a791d0f86fe458d8802133a937c7c226","isMergeCommit":false,"messageTitle":"Added deadline task type, moved some code to a separate file (taskmanager)","messageBody":"","fileTypesAndContributionMap":{"java":{"insertions":126,"deletions":85}}},{"hash":"a50325636dafc1cab9caefe8a31d9f59581b0052","isMergeCommit":false,"messageTitle":"Moved commandParser function out to become its own class","messageBody":"","fileTypesAndContributionMap":{"java":{"insertions":78,"deletions":58}}},{"hash":"74d419eaf3165c9f3dedbd6bbb5fe5e92f9e8827","isMergeCommit":false,"messageTitle":"Implemented Event task","messageBody":"","tags":["level-4"],"fileTypesAndContributionMap":{"java":{"insertions":38,"deletions":0}}},{"hash":"4a8f258cb82513b88028313cdac56e991393298c","isMergeCommit":false,"messageTitle":"Added some test cases","messageBody":"","tags":["A-TextUiTesting"],"fileTypesAndContributionMap":{"txt":{"insertions":8,"deletions":0},"bat":{"insertions":1,"deletions":1}}},{"hash":"44150fb3be691c1e532d43269896d36ddf3c501a","isMergeCommit":false,"messageTitle":"Made extra test cases","messageBody":"","fileTypesAndContributionMap":{"txt":{"insertions":17,"deletions":5}}},{"hash":"845d92acdf9c789cefd01c9d8a71803f9d53ad61","isMergeCommit":false,"messageTitle":"Shifted more parsing code from taskmanager to commandParser. Implemented more error handling","messageBody":"","tags":["level-5"],"fileTypesAndContributionMap":{"java":{"insertions":123,"deletions":42}}},{"hash":"fda82b7dac5450dfe234c0540404e35b46c1ae5e","isMergeCommit":false,"messageTitle":"Added delete function","messageBody":"","tags":["level-6"],"fileTypesAndContributionMap":{"java":{"insertions":54,"deletions":7}}},{"hash":"1f91c6620be6f8eda815c2557fa3356d8f34c8d1","isMergeCommit":false,"messageTitle":"Added tests for delete","messageBody":"","fileTypesAndContributionMap":{"txt":{"insertions":3,"deletions":0}}},{"hash":"b8ca5225e0912fa029b9f446a430e551919fb0e9","isMergeCommit":false,"messageTitle":"Fixed OOB issues","messageBody":"","fileTypesAndContributionMap":{"java":{"insertions":12,"deletions":8}}},{"hash":"233b0b0a0174d7a86275bda2e92a48ef6d188687","isMergeCommit":false,"messageTitle":"Fixed test cases and added tests for OOB errors for mark/unmark and delete","messageBody":"","fileTypesAndContributionMap":{"txt":{"insertions":4,"deletions":0}}},{"hash":"311d7625ea7c13825f4bc25eb640bec7ba0c8c73","isMergeCommit":false,"messageTitle":"Edited value so now 0 is considered OOB","messageBody":"","fileTypesAndContributionMap":{"java":{"insertions":1,"deletions":1}}},{"hash":"c86cc36d1bc2c5d18906b31cf857712e1db1a4d9","isMergeCommit":false,"messageTitle":"Small additions to test case for testing 0 as OOB","messageBody":"","fileTypesAndContributionMap":{"txt":{"insertions":3,"deletions":0}}},{"hash":"ae5c9e901f48daeed70d6b53e832f764904ddec6","isMergeCommit":false,"messageTitle":"Changed name of CommandParser to InputParser to be more accurate","messageBody":"","fileTypesAndContributionMap":{"java":{"insertions":3,"deletions":3}}}]},{"date":"2025-08-25T00:00:00","commitResults":[{"hash":"f91b1dab8857dbb1e92798070aea0b0417373059","isMergeCommit":false,"messageTitle":"Refactored inputparser code","messageBody":"","fileTypesAndContributionMap":{"java":{"insertions":159,"deletions":101}}},{"hash":"e48943e3fd08b56ec4add9dab2c8fae4e1764fc3","isMergeCommit":false,"messageTitle":"Adds some test cases","messageBody":"","fileTypesAndContributionMap":{"txt":{"insertions":5,"deletions":0}}}]}]},"authorFileTypeContributionMap":{"WhyXLook":{"java":428,"md":0,"fxml":0,"sh":0,"bat":1,"gradle":0,"txt":35}},"authorContributionVariance":{"WhyXLook":34098.05},"authorDisplayNameMap":{"WhyXLook":"LOKE..MUND"}}
