{"authorDailyContributionsMap":{"denz-denz":[{"date":"2025-08-20T00:00:00","commitResults":[{"hash":"940310ffc0c502db155c38dc23df5c5233bfd12c","isMergeCommit":false,"messageTitle":"renamed chat bot to Denz and added greetings and goodbyes","messageBody":"","tags":["Level-0"],"fileTypesAndContributionMap":{"java":{"insertions":16,"deletions":10}}},{"hash":"c21183be9b5422a09a02f7ae9b01047fcfedad30","isMergeCommit":false,"messageTitle":"Improved Denz to echo back user input","messageBody":"","tags":["Level-1"],"fileTypesAndContributionMap":{"java":{"insertions":22,"deletions":4}}},{"hash":"bbc45894b762fccc1c999ed896b0de4e913748a1","isMergeCommit":false,"messageTitle":"added ability to store user text and display when requested","messageBody":"","tags":["Level-2"],"fileTypesAndContributionMap":{"java":{"insertions":19,"deletions":5}}},{"hash":"bd6a88281c302d751916ef234f57c6d5214e9cc1","isMergeCommit":false,"messageTitle":"Added ability to mark task as done","messageBody":"","tags":["Level-3"],"fileTypesAndContributionMap":{"java":{"insertions":77,"deletions":6}}}]},{"date":"2025-08-21T00:00:00","commitResults":[{"hash":"5bd8c698b25a65d44f0e1260b6759cdcb07e8ad5","isMergeCommit":false,"messageTitle":"Created three new subtypes of Task to categorise each task added","messageBody":"","tags":["Level-4"],"fileTypesAndContributionMap":{"java":{"insertions":89,"deletions":9}}},{"hash":"b83e17bcea4289b13ca0efb257ba87853a0333d7","isMergeCommit":false,"messageTitle":"added error handling for poor user inputs","messageBody":"","tags":["Level-5"],"fileTypesAndContributionMap":{"txt":{"insertions":12,"deletions":0},"java":{"insertions":135,"deletions":70},"sh":{"insertions":1,"deletions":1}}},{"hash":"72190d285c93077c429dc8ea4d2c90312593c1cf","isMergeCommit":false,"messageTitle":"added functionality to delete by task number and handle error for it","messageBody":"","tags":["Level-6"],"fileTypesAndContributionMap":{"txt":{"insertions":2,"deletions":0},"java":{"insertions":32,"deletions":4}}}]},{"date":"2025-08-22T00:00:00","commitResults":[{"hash":"2d9e7dc929a0a97825ff04608ae0c79e5a98bf79","isMergeCommit":false,"messageTitle":"added all ui testing automated for week 2 progress","messageBody":"","tags":["A-TextUiTesting"],"fileTypesAndContributionMap":{"txt":{"insertions":1,"deletions":0}}}]}]},"authorFileTypeContributionMap":{"denz-denz":{"java":292,"md":0,"fxml":0,"sh":1,"bat":0,"gradle":0,"txt":15}},"authorContributionVariance":{"denz-denz":8908.355},"authorDisplayNameMap":{"denz-denz":"CHUA..LDEN"}}
