[{"path":"src/main/java/PoopieMeow.java","fileType":"java","lines":[{"lineNumber":1,"author":{"gitId":"tch1001"},"content":"public class PoopieMeow {","lastModifiedDate":"2025-08-21T10:44:02","isFullCredit":false},{"lineNumber":2,"author":{"gitId":"tch1001"},"content":"    public static void main(String[] args) {","lastModifiedDate":"2025-08-21T10:44:02","isFullCredit":false},{"lineNumber":3,"author":{"gitId":"tch1001"},"content":"        System.out.println(\"____________________________________________________________\");","lastModifiedDate":"2025-08-21T10:44:02","isFullCredit":false},{"lineNumber":4,"author":{"gitId":"tch1001"},"content":"        System.out.println(\" Hello! I\u0027m PoopieMeow\");","lastModifiedDate":"2025-08-21T10:44:02","isFullCredit":false},{"lineNumber":5,"author":{"gitId":"tch1001"},"content":"        System.out.println(\" What can I do for you?\");","lastModifiedDate":"2025-08-21T10:44:02","isFullCredit":false},{"lineNumber":6,"author":{"gitId":"tch1001"},"content":"        System.out.println(\"____________________________________________________________\");","lastModifiedDate":"2025-08-21T10:44:02","isFullCredit":false},{"lineNumber":7,"author":{"gitId":"tch1001"},"content":"        System.out.println(\" Bye. Hope to see you again soon!\");","lastModifiedDate":"2025-08-21T10:44:02","isFullCredit":false},{"lineNumber":8,"author":{"gitId":"tch1001"},"content":"        System.out.println(\"____________________________________________________________\");","lastModifiedDate":"2025-08-21T10:44:02","isFullCredit":false},{"lineNumber":9,"author":{"gitId":"tch1001"},"content":"    }","lastModifiedDate":"2025-08-21T10:44:02","isFullCredit":false},{"lineNumber":10,"author":{"gitId":"tch1001"},"content":"}","lastModifiedDate":"2025-08-21T10:44:02","isFullCredit":false}],"authorContributionMap":{"tch1001":10}}]
