{"authorDailyContributionsMap":{"tch1001":[{"date":"2025-08-21T00:00:00","commitResults":[{"hash":"40d15f68007b95bdaf638eab10c1048aaf145958","isMergeCommit":false,"messageTitle":"Implemented Level 0","messageBody":"","tags":["Level-0"],"fileTypesAndContributionMap":{"java":{"insertions":10,"deletions":10}}},{"hash":"f92576f50a06ee85837b8ae3946fd164438b3cff","isMergeCommit":false,"messageTitle":"Level 1 done","messageBody":"","tags":["Level-1"],"fileTypesAndContributionMap":{"java":{"insertions":19,"deletions":2}}},{"hash":"5dcfdc130a13f83410539d3cea23afc39a4063a4","isMergeCommit":false,"messageTitle":"Level-2","messageBody":"","tags":["Level-2"],"fileTypesAndContributionMap":{"java":{"insertions":12,"deletions":2}}}]},{"date":"2025-08-24T00:00:00","commitResults":[{"hash":"caef1d774b27bed11371a729947e4fc9dfe8ed04","isMergeCommit":false,"messageTitle":"level-3","messageBody":"","tags":["Level-3"],"fileTypesAndContributionMap":{"java":{"insertions":24,"deletions":3}}}]}]},"authorFileTypeContributionMap":{"tch1001":{"java":58,"md":0,"fxml":0,"sh":0,"bat":0,"gradle":0,"txt":0}},"authorContributionVariance":{"tch1001":197.55708},"authorDisplayNameMap":{"tch1001":"TAN .. HAO"}}
