{"authorDailyContributionsMap":{"bluemayo":[{"date":"2025-08-20T00:00:00","commitResults":[{"hash":"70062a928ff750a686b84f81d05c1c302f381064","isMergeCommit":false,"messageTitle":"Rename class Duke to Aurora","messageBody":"","tags":["level-0"],"fileTypesAndContributionMap":{"java":{"insertions":7,"deletions":10}}},{"hash":"d26852a517c5fb25e4083c8af755bba6dd48e65c","isMergeCommit":false,"messageTitle":"Aurora: echo user input","messageBody":"","tags":["level-1"],"fileTypesAndContributionMap":{"java":{"insertions":16,"deletions":3}}},{"hash":"8130d01df18fe3c39992c241a60a3a0a2b753ba5","isMergeCommit":false,"messageTitle":"Refactor chat message to use speak function","messageBody":"","fileTypesAndContributionMap":{"java":{"insertions":14,"deletions":5}}},{"hash":"bb3de5fd28df8d59ab10bff3c8c8a24381257609","isMergeCommit":false,"messageTitle":"Add function to list tasks","messageBody":"","tags":["level-2"],"fileTypesAndContributionMap":{"java":{"insertions":32,"deletions":9}}},{"hash":"a66adf603a58d80b399ffbeaec1304e1eb0b2a0d","isMergeCommit":false,"messageTitle":"Refactor list of string to class Task","messageBody":"","fileTypesAndContributionMap":{"java":{"insertions":19,"deletions":5}}},{"hash":"cf3f102fd7e4ac95acff8e88442258ee7e37d9cb","isMergeCommit":false,"messageTitle":"Add mark as done to task","messageBody":"","tags":["level-3"],"fileTypesAndContributionMap":{"java":{"insertions":25,"deletions":3}}}]},{"date":"2025-08-21T00:00:00","commitResults":[{"hash":"eefc17317a96bfec7b754d3e4e84f1c4273bb105","isMergeCommit":false,"messageTitle":"Refactor Task as abstract class in package task","messageBody":"","fileTypesAndContributionMap":{"java":{"insertions":34,"deletions":14}}},{"hash":"047fbd083690def2d0d4affbd63d132a04bcdd71","isMergeCommit":false,"messageTitle":"Add Deadline and Event class under package task","messageBody":"","fileTypesAndContributionMap":{"java":{"insertions":34,"deletions":0}}},{"hash":"8e9af81dd9e359ce20637fe88facb79bdc15214e","isMergeCommit":false,"messageTitle":"Refactor input reader to use TaskReader class","messageBody":"","fileTypesAndContributionMap":{"java":{"insertions":45,"deletions":4}}},{"hash":"448836bb04208a3c5c5b7a5a666d3dd83a66cf26","isMergeCommit":false,"messageTitle":"Add Deadline and Event dates","messageBody":"","fileTypesAndContributionMap":{"java":{"insertions":16,"deletions":7}}},{"hash":"bef5175fe653e01a94ee7866ed87c86fb533c1ab","isMergeCommit":false,"messageTitle":"Add javadoc for public class and methods","messageBody":"","tags":["level-4"],"fileTypesAndContributionMap":{"java":{"insertions":71,"deletions":3}}}]}]},"authorFileTypeContributionMap":{"bluemayo":{"java":260,"md":0,"fxml":0,"sh":0,"bat":0,"gradle":0,"txt":0}},"authorContributionVariance":{"bluemayo":4556.4077},"authorDisplayNameMap":{"bluemayo":"DYLA.. YEW"}}
