{"authorDailyContributionsMap":{"nicholaslimzixian":[{"date":"2025-08-19T00:00:00","commitResults":[{"hash":"56ed9e696f58966b4d2714c678a194b602b555c9","isMergeCommit":false,"messageTitle":"Add greeting","messageBody":"","tags":["Level-0"],"fileTypesAndContributionMap":{"java":{"insertions":12,"deletions":10}}},{"hash":"9e73584c33d0845c0f13456f1113754d00c15ef9","isMergeCommit":false,"messageTitle":"Add echo","messageBody":"","tags":["Level-1"],"fileTypesAndContributionMap":{"java":{"insertions":21,"deletions":6}}},{"hash":"a32ee0d361e7dbd1a17c118a28d4613cc955f570","isMergeCommit":false,"messageTitle":"Add list","messageBody":"","tags":["Level-2"],"fileTypesAndContributionMap":{"java":{"insertions":23,"deletions":3}}},{"hash":"f538fb0956ebeefe06d226a63154fd5ea8df99e4","isMergeCommit":false,"messageTitle":"Add task","messageBody":"","tags":["Level-3"],"fileTypesAndContributionMap":{"java":{"insertions":63,"deletions":16}}},{"hash":"603e010e253273015446709ceef04903c9ee4d14","isMergeCommit":false,"messageTitle":"Add task categories","messageBody":"","tags":["Level-4"],"fileTypesAndContributionMap":{"java":{"insertions":89,"deletions":3}}},{"hash":"bfc6ec4a9bbbb62b73be25c106eec070cb4272d4","isMergeCommit":false,"messageTitle":"Add test case","messageBody":"","tags":["A-TextUiTesting"],"fileTypesAndContributionMap":{"txt":{"insertions":21,"deletions":0},"java":{"insertions":10,"deletions":10},"bat":{"insertions":1,"deletions":1}}}]},{"date":"2025-08-20T00:00:00","commitResults":[{"hash":"fc7672388fc032fb23eedcbab65d8744739035ff","isMergeCommit":false,"messageTitle":"Add exception","messageBody":"","tags":["Level-5"],"fileTypesAndContributionMap":{"java":{"insertions":117,"deletions":77}}},{"hash":"51bc6c156897e19d6f0f5a28d42c6278bd4cd6e4","isMergeCommit":false,"messageTitle":"Add delete","messageBody":"","tags":["Level-6"],"fileTypesAndContributionMap":{"txt":{"insertions":2,"deletions":0},"java":{"insertions":7,"deletions":0}}},{"hash":"b731e78851e78c4364e5bdf30a38c0e6376b779a","isMergeCommit":false,"messageTitle":"Add enum","messageBody":"","tags":["A-Enums"],"fileTypesAndContributionMap":{"java":{"insertions":97,"deletions":59}}}]},{"date":"2025-08-21T00:00:00","commitResults":[{"hash":"9de72238e7f35e6f6d5e232353b017a6224291dc","isMergeCommit":false,"messageTitle":"Add storage and task serialization","messageBody":"","fileTypesAndContributionMap":{"java":{"insertions":106,"deletions":1}}},{"hash":"56cce45ee6449b9bf6f480d700e7ddb589b53b1d","isMergeCommit":false,"messageTitle":"Add storage handling in Mininic.java","messageBody":"","fileTypesAndContributionMap":{"java":{"insertions":11,"deletions":1}}},{"hash":"ad47d379cb3ece2c09bb46e94aea4bca4212858b","isMergeCommit":true,"messageTitle":"Add storage to disk","messageBody":"","tags":["Level-7"],"fileTypesAndContributionMap":{}}]},{"date":"2025-08-22T00:00:00","commitResults":[{"hash":"7ff24e6937a9d5bf281e7851edc30fc7da52be1f","isMergeCommit":false,"messageTitle":"Add date and time for Deadline and Event tasks","messageBody":"","fileTypesAndContributionMap":{"txt":{"insertions":14,"deletions":18},"java":{"insertions":104,"deletions":23}}},{"hash":"556bd6898e57535eb44535ec8c734de999e9b77f","isMergeCommit":true,"messageTitle":"Integrate date/time feature","messageBody":"","tags":["Level-8"],"fileTypesAndContributionMap":{}},{"hash":"e701172e6aa251c1d6a08077af03c3efcdb98d78","isMergeCommit":false,"messageTitle":"Refactor code to adhere to OOP","messageBody":"","fileTypesAndContributionMap":{"java":{"insertions":188,"deletions":98}}},{"hash":"bba9f3f15437a1ffb2d3f58e2d1501f66ca5e8ad","isMergeCommit":true,"messageTitle":"Integrate OOP coding principles","messageBody":"","tags":["A-MoreOOP"],"fileTypesAndContributionMap":{}},{"hash":"91966c1ac388265ca2471835ac8b659f5597312b","isMergeCommit":false,"messageTitle":"Move classes into \u0027mininic\u0027 package","messageBody":"","fileTypesAndContributionMap":{"java":{"insertions":43,"deletions":5},"bat":{"insertions":3,"deletions":2}}},{"hash":"9d922d3e5dc58b5f73fac885b4f552c25c0b05fa","isMergeCommit":true,"messageTitle":"Integrate packages","messageBody":"","tags":["A-Packages"],"fileTypesAndContributionMap":{}}]},{"date":"2025-08-24T00:00:00","commitResults":[{"hash":"3d909a538ad8a1bb2ebf3b32de035d55b3256781","isMergeCommit":true,"messageTitle":"Merge add-gradle-support branch","messageBody":"","fileTypesAndContributionMap":{}}]},{"date":"2025-08-25T00:00:00","commitResults":[{"hash":"50c203f41a1a2304e9cd99720b839dedd9721576","isMergeCommit":false,"messageTitle":"Fixing gradle bugs","messageBody":"","fileTypesAndContributionMap":{"gradle":{"insertions":22,"deletions":2}}},{"hash":"e32225922418cc2feedbe7cca6189ed82947bcd4","isMergeCommit":true,"messageTitle":"Integrating gradle bug fixes","messageBody":"","tags":["A-Gradle"],"fileTypesAndContributionMap":{}},{"hash":"8f82ebd7aa775128dabcc87730da121c61f2c866","isMergeCommit":false,"messageTitle":"Add JUnit test cases","messageBody":"","fileTypesAndContributionMap":{"java":{"insertions":193,"deletions":1}}},{"hash":"3ac6303ab8e0dc9c4532e6908c3df7616deb74cb","isMergeCommit":true,"messageTitle":"Integrate JUnit test cases","messageBody":"","tags":["A-JUnit"],"fileTypesAndContributionMap":{}},{"hash":"5e6c18c4a59793180270eccdedc420ad0268bfbb","isMergeCommit":false,"messageTitle":"Edit code to follow Checkstyle standards","messageBody":"","fileTypesAndContributionMap":{"java":{"insertions":161,"deletions":156}}},{"hash":"4029b0c0d0d639efcbcb44be96df4dac197d2296","isMergeCommit":true,"messageTitle":"Fix checkstyle errors","messageBody":"","tags":["A-CodingStandard"],"fileTypesAndContributionMap":{}},{"hash":"02b1e467405f369646aa49070b252882f8bb5385","isMergeCommit":false,"messageTitle":"Fix JavaDoc comments","messageBody":"","fileTypesAndContributionMap":{"java":{"insertions":110,"deletions":1}}},{"hash":"010cba40acc114d7dc2f05d56ab2f249d9983258","isMergeCommit":true,"messageTitle":"Add JavaDoc comments","messageBody":"","tags":["A-JavaDoc"],"fileTypesAndContributionMap":{}},{"hash":"f07c659f249be9db6fbdba79b8030c7ac2e182df","isMergeCommit":false,"messageTitle":"Add find command and tests","messageBody":"","fileTypesAndContributionMap":{"java":{"insertions":121,"deletions":19}}},{"hash":"b0afecbb50ba99df2335a2d8573cee345beb83fc","isMergeCommit":true,"messageTitle":"Integrate find command","messageBody":"","tags":["Level-9"],"fileTypesAndContributionMap":{}},{"hash":"749b2b4f1075661937e44750bd60d6835941259a","isMergeCommit":false,"messageTitle":"Fix test case checkstyle issues","messageBody":"","fileTypesAndContributionMap":{"java":{"insertions":11,"deletions":6}}}]},{"date":"2025-08-26T00:00:00","commitResults":[{"hash":"52039c31afc966ea867ed0e52b28f3b173f4e46c","isMergeCommit":false,"messageTitle":"Fix Checkstyle violations","messageBody":"","fileTypesAndContributionMap":{"java":{"insertions":60,"deletions":1}}},{"hash":"58b234dbc98d9ddbe04d0dd1feaaf1bb2f0ec222","isMergeCommit":true,"messageTitle":"Review Checkstyle errors","messageBody":"","tags":["A-CheckStyle"],"fileTypesAndContributionMap":{}}]},{"date":"2025-08-27T00:00:00","commitResults":[{"hash":"23949ad3a2bf24a0a24e592edc822d8ae7c1d4b6","isMergeCommit":false,"messageTitle":"Add JavaFX GUI only, without integration of backend","messageBody":"","fileTypesAndContributionMap":{"gradle":{"insertions":14,"deletions":1},"fxml":{"insertions":66,"deletions":0},"java":{"insertions":303,"deletions":1}}},{"hash":"6a0c37b1dbd6634316f08721b61a4998e3eb60a6","isMergeCommit":false,"messageTitle":"Add backend support and FXML","messageBody":"","fileTypesAndContributionMap":{"fxml":{"insertions":13,"deletions":38},"java":{"insertions":13,"deletions":10}}},{"hash":"4ce1a4800af04540a78c85804cbb4f6ed1bcb68c","isMergeCommit":true,"messageTitle":"Integrate JavaFX GUI into master","messageBody":"","tags":["Level-10"],"fileTypesAndContributionMap":{}},{"hash":"ccbb298d22432b2aa7ff2a671a84dbfa270d1660","isMergeCommit":false,"messageTitle":"Confirm Varargs usage","messageBody":"","fileTypesAndContributionMap":{"fxml":{"insertions":2,"deletions":2},"java":{"insertions":1,"deletions":0}}},{"hash":"39f1389bdc2d5932746349f1e8a7678d0182e923","isMergeCommit":true,"messageTitle":"Verify Varargs usage","messageBody":"","tags":["A-Varargs"],"fileTypesAndContributionMap":{}}]},{"date":"2025-09-02T00:00:00","commitResults":[{"hash":"4535a938846c12c01ba326af068365ebad83f88f","isMergeCommit":false,"messageTitle":"Add assertions for internal invariants","messageBody":"Assumptions in command parsing, task operations (e.g. mark, unmark,\nadd) and storage are not verified at runtime.\n\nEarly and explicit invariants help detect errors in programmer\u0027s code,\nand makes refactoring safer, without affecting user-facing behaviour.\n\nLet\u0027s add assert statements at key points (e.g. input validation in\nCommandType.of(); non-null checks in TaskList commands; non-blank\ndescription and valid dates in Deadline and Event tasks; non-null\ncollections in Storage load().\n\nAssertions target invariants that should not fail in valid flows. This\npreserves the behaviour while improving feedback for developers.\n","tags":["A-FullCommitMessage"],"fileTypesAndContributionMap":{"gradle":{"insertions":1,"deletions":0},"java":{"insertions":7,"deletions":0}}},{"hash":"a103733b0d709080cf2b1dfd0fae66d15be147f5","isMergeCommit":false,"messageTitle":"Refine code quality","messageBody":"Help texts and error messages are duplicated throughout the program.\nSome variable names are also vague, reducing readability and\nunderstandability.\n\nConsolidating messages makes it clearer to the programmer which type of\nmessages are being used, as well as provides ease of changing the\nmessages in one centralised location.\n\nLet\u0027s centralize help and reply strings in a Messages class; rename\nfunctions with accordance to code quality requirements.\n\nThese changes align with the SE-EDU code quality guidance, and keep the\nGUI \u0026 backend logic unchanged, while reducing duplications.\n","fileTypesAndContributionMap":{"java":{"insertions":109,"deletions":46}}},{"hash":"0ff4c8d7c4f6a8719fca32202a0d4d1e05ef2165","isMergeCommit":true,"messageTitle":"Merge pull request #1 from nicholaslimzixian/branch-A-Assertions","messageBody":"Add assertions for internal invariants\n","tags":["A-Assertions"],"fileTypesAndContributionMap":{}},{"hash":"56232f329111dd6b73fecef92387504c169dfd70","isMergeCommit":true,"messageTitle":"Merge branch \u0027master\u0027 into branch-A-CodeQuality","messageBody":"","fileTypesAndContributionMap":{}},{"hash":"bb6c6ccf852fc08a4de4c644fc5d1d945dde053e","isMergeCommit":true,"messageTitle":"Merge pull request #2 from nicholaslimzixian/branch-A-CodeQuality","messageBody":"Refine code quality","tags":["A-CodeQuality"],"fileTypesAndContributionMap":{}}]}]},"authorFileTypeContributionMap":{"nicholaslimzixian":{"java":1437,"md":0,"fxml":41,"sh":0,"bat":3,"gradle":36,"txt":19}},"authorContributionVariance":{"nicholaslimzixian":41262.54},"authorDisplayNameMap":{"nicholaslimzixian":"CS2103T-T17-2 NICH..XIAN"}}
