{"authorDailyContributionsMap":{"vinncee":[{"date":"2025-08-16T00:00:00","commitResults":[{"hash":"e223c5097fbbb1e6e4a43589f1d7320e53712f67","isMergeCommit":false,"messageTitle":"Level-0: Rename Duke to Itachi, add greeting and exit functionality.","messageBody":"","tags":["Level-0"],"fileTypesAndContributionMap":{"java":{"insertions":6,"deletions":10}}},{"hash":"1545d65b9e3acc49dc5b33c641c418929ee24f7d","isMergeCommit":false,"messageTitle":"Level-1: Add echo functionality to Itachi","messageBody":"","tags":["Level-1"],"fileTypesAndContributionMap":{"java":{"insertions":18,"deletions":1}}},{"hash":"80e1e091c419b90405801e496a6d041310d26e5e","isMergeCommit":false,"messageTitle":"Level-2: Store user input and display list on request","messageBody":"","tags":["Level-2"],"fileTypesAndContributionMap":{"java":{"insertions":20,"deletions":8}}},{"hash":"63e7b53cc766fe7e8224e07b0c258cc5b4fe1ed6","isMergeCommit":false,"messageTitle":"Add Task class to represent tasks with description and done status","messageBody":"","fileTypesAndContributionMap":{"java":{"insertions":0,"deletions":0}}},{"hash":"a0c5c2c365fc4dd91331a3b0f86a11107d2fde8a","isMergeCommit":false,"messageTitle":"Implement Task class with description and done status","messageBody":"","fileTypesAndContributionMap":{"java":{"insertions":29,"deletions":0}}},{"hash":"95177d4d9b0048330c9ba19eac89d6ce2d003c45","isMergeCommit":false,"messageTitle":"Level-3: Implement task management in Itachi.java with add, list, mark, and unmark commands","messageBody":"","tags":["Level-3"],"fileTypesAndContributionMap":{"java":{"insertions":23,"deletions":3}}}]},{"date":"2025-08-17T00:00:00","commitResults":[{"hash":"2390af4851368a2c73ae27bfa01d4284e8161901","isMergeCommit":false,"messageTitle":"feat: implement Task subclasses Todo, Deadline, Event","messageBody":"- Added Todo class for tasks without a date/time\n- Added Deadline class for tasks with a due date/time\n- Added Event class for tasks with start and end times\n- All classes inherit from Task superclass and override toString\n","fileTypesAndContributionMap":{"java":{"insertions":0,"deletions":0}}},{"hash":"6c831b2a5b929b9e9657ed82c08a35dc5ed6e20c","isMergeCommit":false,"messageTitle":"feat: implement Task subclasses Todo, Deadline, Event","messageBody":"- Added Todo class for tasks without a date/time\n- Added Deadline class for tasks with a due date/time\n- Added Event class for tasks with start and end times\n- All classes inherit from Task superclass and override toString\n","fileTypesAndContributionMap":{"java":{"insertions":39,"deletions":0}}},{"hash":"42371958abfedd5bc623ab38b5b1787bc7769363","isMergeCommit":false,"messageTitle":"Level-4: add Todo, Deadline, Event classes to Itachi.java","messageBody":"","fileTypesAndContributionMap":{"java":{"insertions":34,"deletions":4}}},{"hash":"4bf84f0025115a726d5ebeb38072e1254a0dbb04","isMergeCommit":false,"messageTitle":"update input.txt, EXPECTED.TXT and runtest.sh to semi automate the testing of Itachi","messageBody":"","tags":["A-TextUiTesting"],"fileTypesAndContributionMap":{"txt":{"insertions":9,"deletions":0},"sh":{"insertions":1,"deletions":1}}}]},{"date":"2025-08-18T00:00:00","commitResults":[{"hash":"650a9cd5426080aadd4e5e021c38ae14f2953530","isMergeCommit":false,"messageTitle":"add ItachiException.java to handle input errors from users","messageBody":"","fileTypesAndContributionMap":{"java":{"insertions":5,"deletions":0}}},{"hash":"536e273449a679099bbe185a0f66cc3451951024","isMergeCommit":false,"messageTitle":"Update Itachi.java to handle user input errors with exceptions","messageBody":"","tags":["Level-5"],"fileTypesAndContributionMap":{"java":{"insertions":85,"deletions":24}}},{"hash":"c4a3561b89ba4b90086c26e2cd062076f96bafe5","isMergeCommit":false,"messageTitle":"implement support for deleting tasks from the list in Itachi.java","messageBody":"","tags":["Level-6"],"fileTypesAndContributionMap":{"java":{"insertions":8,"deletions":0}}}]},{"date":"2025-08-19T00:00:00","commitResults":[{"hash":"456312f643497e1484002f592eb23ff0e2aaebce","isMergeCommit":false,"messageTitle":"refactor all the commands for Itachi to use Commands enum","messageBody":"","fileTypesAndContributionMap":{"java":{"insertions":25,"deletions":0}}},{"hash":"bba500db4998c10bf2345bdbe621ccb2c91541b0","isMergeCommit":false,"messageTitle":"convert Itachi.java to use enums for commands","messageBody":"","fileTypesAndContributionMap":{"java":{"insertions":103,"deletions":37}}},{"hash":"637a275d73f580076692db9970d317d5f713c6fa","isMergeCommit":false,"messageTitle":"correct typo in Event.java","messageBody":"","fileTypesAndContributionMap":{"java":{"insertions":1,"deletions":1}}},{"hash":"c66d4a33d006869adee63af6c5ad79adfb0c8813","isMergeCommit":false,"messageTitle":"fix typo in Event.java","messageBody":"","fileTypesAndContributionMap":{"java":{"insertions":1,"deletions":1}}},{"hash":"55855a3337581573786ca7db239d3b596ec6bed0","isMergeCommit":false,"messageTitle":"add test case for ItachiException in input.txt and update EXPECTED.txt accordingly","messageBody":"","tags":["A-Enums"],"fileTypesAndContributionMap":{"txt":{"insertions":12,"deletions":2}}}]},{"date":"2025-08-24T00:00:00","commitResults":[{"hash":"485e76431c594b0deb2a2992d0c7b31795ac4402","isMergeCommit":false,"messageTitle":"implement save() and load() in Storage.java to persist tasks in file","messageBody":"","fileTypesAndContributionMap":{"java":{"insertions":60,"deletions":0}}},{"hash":"f219c2c004b90bd03673ce54443e451a4385a35d","isMergeCommit":false,"messageTitle":"add toSaveFormat() method to Task, Todo, Deadline, Event to support saving tasks to file","messageBody":"","fileTypesAndContributionMap":{"java":{"insertions":21,"deletions":1}}},{"hash":"71837e06e304e52c9a6bf4a9676e5bdf9bd7de8b","isMergeCommit":false,"messageTitle":"add itachi.txt to save the list in it","messageBody":"","fileTypesAndContributionMap":{"txt":{"insertions":4,"deletions":0}}},{"hash":"ce24f44dcc183edca14066d557a31cb65871b07c","isMergeCommit":false,"messageTitle":"integrate Storage.java methods and itachi.txt for saving/loading tasks","messageBody":"","fileTypesAndContributionMap":{"java":{"insertions":29,"deletions":2}}},{"hash":"0d62c06423b953b762e4b9df0f4d2cccb9bd7dce","isMergeCommit":true,"messageTitle":"Merge branch \u0027branch-Level-7\u0027 into master","messageBody":"","tags":["Level-7"],"fileTypesAndContributionMap":{}},{"hash":"b70f6258aebff483c3635c5db2598ba564ff5a26","isMergeCommit":false,"messageTitle":"Add Level-8 date parsing to Deadline and Event","messageBody":"","fileTypesAndContributionMap":{"java":{"insertions":33,"deletions":11}}},{"hash":"d88316ee520c0d4347a4f251aeda6a4a4956d907","isMergeCommit":true,"messageTitle":"Merge branch \u0027branch-Level-8\u0027 into master","messageBody":"","tags":["Level-8"],"fileTypesAndContributionMap":{}}]},{"date":"2025-08-26T00:00:00","commitResults":[{"hash":"e0b2abc0d84a79847f992412e7b843a6ea50f5c1","isMergeCommit":false,"messageTitle":"add TaskList.java to manage collection of tasks","messageBody":"","fileTypesAndContributionMap":{"java":{"insertions":51,"deletions":0}}},{"hash":"9c59f549d0feebf9f19f9eb8af07e5e871fdfdb5","isMergeCommit":false,"messageTitle":"Add Ui.java to handle user interactions","messageBody":"","fileTypesAndContributionMap":{"java":{"insertions":25,"deletions":0}}},{"hash":"0bcc006da1ac26b8443ed95e08bef22392e5942d","isMergeCommit":false,"messageTitle":"Add abstract Command class and implement basic commands","messageBody":"","fileTypesAndContributionMap":{"java":{"insertions":11,"deletions":0}}},{"hash":"f924efdf6e693e355a2d5f19d574ade6ff540c92","isMergeCommit":false,"messageTitle":"Add ToDoCommand class for handling \u0027ToDo\u0027 tasks","messageBody":"","fileTypesAndContributionMap":{"java":{"insertions":21,"deletions":0}}},{"hash":"a6b882ee4fd81109e42e01198ed930231d7afcc1","isMergeCommit":false,"messageTitle":"Add DeadlineCommand and EventCommand classes to handle \u0027Deadline\u0027 and \u0027Event\u0027 tasks","messageBody":"","fileTypesAndContributionMap":{"java":{"insertions":49,"deletions":0}}},{"hash":"247071121b62b014f1efbd7237c7cb14e23a31e7","isMergeCommit":false,"messageTitle":"Add ExitCommand class to handle exiting the application","messageBody":"","fileTypesAndContributionMap":{"java":{"insertions":15,"deletions":0}}},{"hash":"e0cc0a67074dc4ac01be3af41c14933015a32b45","isMergeCommit":false,"messageTitle":"Add ListCommand class to display all tasks in Itachi","messageBody":"","fileTypesAndContributionMap":{"java":{"insertions":13,"deletions":0}}},{"hash":"30656f1b74b008cd0f676dc260f8458c420208c2","isMergeCommit":false,"messageTitle":"Add MarkCommand class to mark tasks as done","messageBody":"","fileTypesAndContributionMap":{"java":{"insertions":27,"deletions":0}}},{"hash":"73c06c526fa4186f051ac80d8de92ce842434e4f","isMergeCommit":false,"messageTitle":"Add UnmarkCommand class to mark tasks as not done","messageBody":"","fileTypesAndContributionMap":{"java":{"insertions":29,"deletions":0}}},{"hash":"8597fbb64cb775d0d7d7f924c6fc5e3173d2d55b","isMergeCommit":false,"messageTitle":"Add Parser class to parse user input into Command objects","messageBody":"","fileTypesAndContributionMap":{"java":{"insertions":87,"deletions":0}}},{"hash":"21af94e6b59bc89805d66c40d201e7dfe0916b85","isMergeCommit":false,"messageTitle":"Refactor Itachi main class to use OOP structure with Storage, TaskList, and Ui","messageBody":"","fileTypesAndContributionMap":{"java":{"insertions":37,"deletions":232}}},{"hash":"31b4414691b8a1ed468609ab2e7e9ce648ab9c95","isMergeCommit":true,"messageTitle":"Merge branch-A-MoreOOP into master","messageBody":"","tags":["A-MoreOOP"],"fileTypesAndContributionMap":{}},{"hash":"a365915e26a48b3891053491d2c070eb140ef303","isMergeCommit":false,"messageTitle":"Add DeleteCommand class to handle deletions of tasks","messageBody":"","fileTypesAndContributionMap":{"java":{"insertions":29,"deletions":0}}},{"hash":"fe063c8ec9d4fadadf699f5ca3a540d402116106","isMergeCommit":false,"messageTitle":"Include parseDelete method to handle task deletion","messageBody":"","fileTypesAndContributionMap":{"java":{"insertions":114,"deletions":0}}},{"hash":"41c123815e0d96027ae2048f7a529fa3392b1ec0","isMergeCommit":false,"messageTitle":"Move all task-related classes (Deadline, Event, Task, TaskList, Todo) into itachi.task package","messageBody":"","fileTypesAndContributionMap":{"java":{"insertions":7,"deletions":0}}},{"hash":"357e52898ff24d566020ea34888fc181243ca967","isMergeCommit":false,"messageTitle":"Move all command-related classes into itachi.command package","messageBody":"","fileTypesAndContributionMap":{"java":{"insertions":86,"deletions":0}}},{"hash":"c9d148bf7e9c174f175a11421a81348cc77a5c16","isMergeCommit":false,"messageTitle":"move core classes into itachi package","messageBody":"","tags":["A-Packages"],"fileTypesAndContributionMap":{"java":{"insertions":155,"deletions":0}}},{"hash":"a48d9865c3f07ce0f0aed72233968cfa54898214","isMergeCommit":true,"messageTitle":"Merge remote-tracking branch \u0027origin/add-gradle-support\u0027","messageBody":"","fileTypesAndContributionMap":{}},{"hash":"b3a051c58eaa17c59a8611082a66c5ea192a902c","isMergeCommit":false,"messageTitle":"Clean up duplicate files after merging Gradle support","messageBody":"","fileTypesAndContributionMap":{"java":{"insertions":0,"deletions":254}}},{"hash":"6cc0accbce29b2027f0bbe444b230168d5cacdd6","isMergeCommit":false,"messageTitle":"Update build.gradle with mainClass itachi.Itachi","messageBody":"","tags":["A-Gradle"],"fileTypesAndContributionMap":{"gradle":{"insertions":2,"deletions":1}}},{"hash":"074c253bc2e00794edb86d436b301ef5b2ca607b","isMergeCommit":false,"messageTitle":"Add JUnit tests for Todo and Deadline classes","messageBody":"","tags":["A-JUnit"],"fileTypesAndContributionMap":{"java":{"insertions":111,"deletions":0}}},{"hash":"6579d2455798db148e6fc372aa243719e276d2fe","isMergeCommit":false,"messageTitle":"Update build.gradle: set Shadow JAR archiveBaseName to \u0027itachi","messageBody":"","tags":["A-Jar"],"fileTypesAndContributionMap":{"gradle":{"insertions":1,"deletions":1}}},{"hash":"5c4f32de3c5d49c07efed4677508dcfaabafaf76","isMergeCommit":false,"messageTitle":"add javadoc for Command class","messageBody":"","fileTypesAndContributionMap":{"java":{"insertions":20,"deletions":0}}}]},{"date":"2025-08-27T00:00:00","commitResults":[{"hash":"ad80c631ccc7e4854465658fc07c27ecb177a506","isMergeCommit":false,"messageTitle":"Add javadoc into DeadlineCommand","messageBody":"","fileTypesAndContributionMap":{"java":{"insertions":26,"deletions":2}}},{"hash":"bc7c62d1f82ec5ccefea9f98b52d48a8a4426197","isMergeCommit":false,"messageTitle":"Add javadoc into DeleteCommand","messageBody":"","fileTypesAndContributionMap":{"java":{"insertions":26,"deletions":0}}},{"hash":"c4f4452f19116e88b8f43dae074b9320b667ff1e","isMergeCommit":false,"messageTitle":"Add javadoc into EventCommand","messageBody":"","fileTypesAndContributionMap":{"java":{"insertions":30,"deletions":0}}},{"hash":"3c8c7d3e66ae426bcf4a47b9e04a85084275cf91","isMergeCommit":false,"messageTitle":"Add javadoc into ExitCommand","messageBody":"","fileTypesAndContributionMap":{"java":{"insertions":18,"deletions":1}}},{"hash":"725759a5bd6579fe4d788ece69bc8c928964a008","isMergeCommit":false,"messageTitle":"Add javadoc into ListCommand","messageBody":"","fileTypesAndContributionMap":{"java":{"insertions":15,"deletions":1}}},{"hash":"44796d8821489cbcde29d19661d2cbc48216b083","isMergeCommit":false,"messageTitle":"Add javadoc into MarkCommand","messageBody":"","fileTypesAndContributionMap":{"java":{"insertions":23,"deletions":1}}},{"hash":"ee65cde5166a97447bd1f0d72365013eb5af574f","isMergeCommit":false,"messageTitle":"Add javadoc into ToDoCommand","messageBody":"","fileTypesAndContributionMap":{"java":{"insertions":21,"deletions":1}}},{"hash":"fe7ba19f25acf67fd82043a40aa407b8be6ae9a7","isMergeCommit":false,"messageTitle":"Add javadoc into UnmarkCommand","messageBody":"","tags":["A-JavaDoc"],"fileTypesAndContributionMap":{"java":{"insertions":21,"deletions":1}}},{"hash":"ef6d5c26b1185de891a6fb86b74e0cf0a0274466","isMergeCommit":false,"messageTitle":"Tweak the code to comply with a given coding standard","messageBody":"","fileTypesAndContributionMap":{"java":{"insertions":24,"deletions":26}}},{"hash":"ddda9265092d76e05a5a7cfb60051db3758aae7a","isMergeCommit":false,"messageTitle":"implement showFindResult method to display the matching tasks","messageBody":"","fileTypesAndContributionMap":{"java":{"insertions":16,"deletions":0}}},{"hash":"11888c296f52423f968b5be65e34a07050ab1711","isMergeCommit":false,"messageTitle":"implement parseFind method","messageBody":"","fileTypesAndContributionMap":{"java":{"insertions":11,"deletions":0}}},{"hash":"fb35e3abfa4ab6b7715f740f5adcc4453a9ce34a","isMergeCommit":false,"messageTitle":"implement find method for the FindCommand","messageBody":"","fileTypesAndContributionMap":{"java":{"insertions":14,"deletions":0}}},{"hash":"232def2e490fea57d8b21c424091e52b037e6b16","isMergeCommit":true,"messageTitle":"Merge branch-A-CodingStandard into master, resolved conflicts","messageBody":"","tags":["A-CodingStandard"],"fileTypesAndContributionMap":{}},{"hash":"0f90efba1779037fe8e96f74fb02d91988d3ba20","isMergeCommit":true,"messageTitle":"Merge branch \u0027branch-Level-9\u0027","messageBody":"","tags":["Level-9"],"fileTypesAndContributionMap":{}}]},{"date":"2025-08-28T00:00:00","commitResults":[{"hash":"fb8559367ec3d79766bf67fa9172488820b158a8","isMergeCommit":false,"messageTitle":"Add FindCommand class","messageBody":"","fileTypesAndContributionMap":{"java":{"insertions":42,"deletions":0}}}]},{"date":"2025-08-30T00:00:00","commitResults":[{"hash":"cf48c6f7f3ff5eb12a1f69ee247edcfecee801f8","isMergeCommit":false,"messageTitle":"Add Checkstyle configuration and Gradle setup","messageBody":"- Added config/checkstyle/checkstyle.xml with code style rules\n- Added config/checkstyle/suppressions.xml for rule suppressions\n- Updated build.gradle to apply the Checkstyle plugin and set toolVersion to 11.0.0\n","fileTypesAndContributionMap":{"gradle":{"insertions":4,"deletions":0}}},{"hash":"400a26855a2c0ab6040ce64e4be244d4aefaa916","isMergeCommit":false,"messageTitle":"Refactor Java files to comply with Checkstyle rules","messageBody":"","fileTypesAndContributionMap":{"java":{"insertions":49,"deletions":25}}},{"hash":"bfc5d89cebc1d4fbcdb730ba8324b9b9fb872aa5","isMergeCommit":true,"messageTitle":"Merge branch \u0027A-CheckStyle\u0027 into master","messageBody":"","tags":["A-CheckStyle"],"fileTypesAndContributionMap":{}},{"hash":"8e0d6d385d9ae42afa137971a75c24926ecd6516","isMergeCommit":false,"messageTitle":"Update build.gradle: configure mainClass for launching GUI and add dependencies","messageBody":"","fileTypesAndContributionMap":{"gradle":{"insertions":24,"deletions":2}}},{"hash":"687abd22b204d55ae3a1e2fd574ac95d6682d292","isMergeCommit":false,"messageTitle":"Add GUI classes for Itachi: Main, MainWindow, Launcher, and DialogBox","messageBody":"","fileTypesAndContributionMap":{"java":{"insertions":186,"deletions":0}}},{"hash":"dde7b64f54de28cf8f2a7c81a82b31fd50e663ae","isMergeCommit":false,"messageTitle":"Add GUI resources: images and FXML files for MainWindow and DialogBox","messageBody":"","fileTypesAndContributionMap":{"fxml":{"insertions":66,"deletions":0}}},{"hash":"aa3c872a792bf47164ed3162d2b64c3c25480a86","isMergeCommit":false,"messageTitle":"Update Ui.java to replace System.out.println with showMessage and store messages in a list for GUI integration","messageBody":"","fileTypesAndContributionMap":{"java":{"insertions":32,"deletions":3}}}]},{"date":"2025-09-05T00:00:00","commitResults":[{"hash":"78dc0b6f3021b087b1fc8f4c5c39e25fb1ff6b2a","isMergeCommit":false,"messageTitle":"Ui: Replace System.out.println with showMessage","messageBody":"This commit updates Ui and related classes (subclasses of Command , Itachi,\nTaskList) to replace System.out.println calls with Ui.showMessage.\n\nThis allows messages to be integrated into the GUI, instead of\nbeing limited to console output.\n","fileTypesAndContributionMap":{"java":{"insertions":47,"deletions":28}}},{"hash":"f6ae4f1dc75cb6a6fd9dcd7bc9790dba1ac043c7","isMergeCommit":false,"messageTitle":"Refactor Storage.java for coding style improvements","messageBody":"","fileTypesAndContributionMap":{"java":{"insertions":13,"deletions":6}}},{"hash":"9d9bedfafbc1b937941c9034e030ddbb8abe3b90","isMergeCommit":false,"messageTitle":"Refactor Todo.java to follow Checkstyle conventions","messageBody":"","fileTypesAndContributionMap":{"java":{"insertions":2,"deletions":2}}},{"hash":"7484d744260a060fe4f5c4705b96120ef93eec28","isMergeCommit":false,"messageTitle":"Refactor Event.java to follow Checkstyle conventions","messageBody":"","fileTypesAndContributionMap":{"java":{"insertions":3,"deletions":2}}},{"hash":"49a2e0b3e6506d1a98885fbfb1e22342872ad7a0","isMergeCommit":false,"messageTitle":"Refactor Task.java to follow Checkstyle conventions","messageBody":"","fileTypesAndContributionMap":{"java":{"insertions":1,"deletions":1}}},{"hash":"53a0b11556aeace42b03896dc79a3f161049f07d","isMergeCommit":false,"messageTitle":"Refactor TaskList.java to follow Checkstyle conventions","messageBody":"","fileTypesAndContributionMap":{"java":{"insertions":1,"deletions":1}}},{"hash":"b04e09779669d9cb934d26d4d9e605a1a8ba2495","isMergeCommit":false,"messageTitle":"Refactor Ui.java to follow Checkstyle conventions","messageBody":"","fileTypesAndContributionMap":{"java":{"insertions":9,"deletions":14}}},{"hash":"f4fa760a61fc3f45b56b9fa0375c1dac569917fe","isMergeCommit":false,"messageTitle":"Update build.gradle to build new JAR file","messageBody":"","fileTypesAndContributionMap":{"gradle":{"insertions":6,"deletions":0}}},{"hash":"d1be9fedf37749bf6cf34a0ddb8c9417c5f1be86","isMergeCommit":false,"messageTitle":"Add assertions across all files","messageBody":"","fileTypesAndContributionMap":{"java":{"insertions":46,"deletions":7}}},{"hash":"8ac97c75f4827f66bbfe89b95bc9ac5f2c179ca3","isMergeCommit":true,"messageTitle":"Merge pull request #1 from vinncee/branch-A-Assertions","messageBody":"Add assertions across all files","tags":["A-Assertions"],"fileTypesAndContributionMap":{}},{"hash":"6fa17c26c61156fc3e830d00782a104c390d989d","isMergeCommit":false,"messageTitle":"Improve code quality across all classes: added javadocs and ensured Checkstyle compliance","messageBody":"","fileTypesAndContributionMap":{"java":{"insertions":166,"deletions":14}}},{"hash":"4cc2eadca2d8ab27f34f7487ceda90d60bf8f271","isMergeCommit":true,"messageTitle":"Merge pull request #2 from vinncee/branch-A-CodeQuality","messageBody":"branch-A-CodeQuality","tags":["A-CodeQuality"],"fileTypesAndContributionMap":{}},{"hash":"97067899c6d0900cfd97bf40c80cad668585c605","isMergeCommit":false,"messageTitle":"Refactor TaskList methods to use streams where applicable","messageBody":"","fileTypesAndContributionMap":{"java":{"insertions":7,"deletions":10}}},{"hash":"98786ee23eb496cc9d4807600601143c0f14d4a4","isMergeCommit":true,"messageTitle":"Merge pull request #3 from vinncee/branch-A-Streams","messageBody":"branch-A-Streams","tags":["A-Streams"],"fileTypesAndContributionMap":{}}]},{"date":"2025-09-06T00:00:00","commitResults":[{"hash":"105cd3fd1d0ac66e04d783159f632e7daa0001a4","isMergeCommit":false,"messageTitle":"Implement undo functionality across commands","messageBody":"","fileTypesAndContributionMap":{"java":{"insertions":195,"deletions":1}}},{"hash":"4160e9e8c41e0fce6105510d9b46692c42e492d4","isMergeCommit":false,"messageTitle":"Fix javadocs formatting and clarity","messageBody":"","fileTypesAndContributionMap":{"java":{"insertions":0,"deletions":3}}},{"hash":"502e3d2a20dfc54ea28f43377e65411cf4965b29","isMergeCommit":false,"messageTitle":"Correct javadocs description for Storage","messageBody":"","fileTypesAndContributionMap":{"java":{"insertions":0,"deletions":2}}},{"hash":"ce2421dad2e4eddc0d11344570e3ed64ef193679","isMergeCommit":false,"messageTitle":"Clarify class level javadoc comment","messageBody":"","fileTypesAndContributionMap":{"java":{"insertions":2,"deletions":3}}},{"hash":"a04da5d4b38d7070743cca622d0d1c27679c8e2a","isMergeCommit":false,"messageTitle":"Fix typos for javadoc","messageBody":"","fileTypesAndContributionMap":{"java":{"insertions":1,"deletions":1}}}]}]},"authorFileTypeContributionMap":{"vinncee":{"java":1739,"md":0,"fxml":66,"sh":1,"bat":0,"gradle":35,"txt":23}},"authorContributionVariance":{"vinncee":68127.81},"authorDisplayNameMap":{"vinncee":"CS2103T-F09-2 CHUA..INCE"}}
