{"authorDailyContributionsMap":{"vinncee":[{"date":"2025-08-16T00:00:00","commitResults":[{"hash":"e223c5097fbbb1e6e4a43589f1d7320e53712f67","isMergeCommit":false,"messageTitle":"Level-0: Rename Duke to Itachi, add greeting and exit functionality.","messageBody":"","tags":["Level-0"],"fileTypesAndContributionMap":{"java":{"insertions":6,"deletions":10}}},{"hash":"1545d65b9e3acc49dc5b33c641c418929ee24f7d","isMergeCommit":false,"messageTitle":"Level-1: Add echo functionality to Itachi","messageBody":"","tags":["Level-1"],"fileTypesAndContributionMap":{"java":{"insertions":18,"deletions":1}}},{"hash":"80e1e091c419b90405801e496a6d041310d26e5e","isMergeCommit":false,"messageTitle":"Level-2: Store user input and display list on request","messageBody":"","tags":["Level-2"],"fileTypesAndContributionMap":{"java":{"insertions":20,"deletions":8}}},{"hash":"63e7b53cc766fe7e8224e07b0c258cc5b4fe1ed6","isMergeCommit":false,"messageTitle":"Add Task class to represent tasks with description and done status","messageBody":"","fileTypesAndContributionMap":{"java":{"insertions":0,"deletions":0}}},{"hash":"a0c5c2c365fc4dd91331a3b0f86a11107d2fde8a","isMergeCommit":false,"messageTitle":"Implement Task class with description and done status","messageBody":"","fileTypesAndContributionMap":{"java":{"insertions":29,"deletions":0}}},{"hash":"95177d4d9b0048330c9ba19eac89d6ce2d003c45","isMergeCommit":false,"messageTitle":"Level-3: Implement task management in Itachi.java with add, list, mark, and unmark commands","messageBody":"","tags":["Level-3"],"fileTypesAndContributionMap":{"java":{"insertions":23,"deletions":3}}}]},{"date":"2025-08-17T00:00:00","commitResults":[{"hash":"2390af4851368a2c73ae27bfa01d4284e8161901","isMergeCommit":false,"messageTitle":"feat: implement Task subclasses Todo, Deadline, Event","messageBody":"- Added Todo class for tasks without a date/time\n- Added Deadline class for tasks with a due date/time\n- Added Event class for tasks with start and end times\n- All classes inherit from Task superclass and override toString\n","fileTypesAndContributionMap":{"java":{"insertions":0,"deletions":0}}},{"hash":"6c831b2a5b929b9e9657ed82c08a35dc5ed6e20c","isMergeCommit":false,"messageTitle":"feat: implement Task subclasses Todo, Deadline, Event","messageBody":"- Added Todo class for tasks without a date/time\n- Added Deadline class for tasks with a due date/time\n- Added Event class for tasks with start and end times\n- All classes inherit from Task superclass and override toString\n","fileTypesAndContributionMap":{"java":{"insertions":39,"deletions":0}}},{"hash":"42371958abfedd5bc623ab38b5b1787bc7769363","isMergeCommit":false,"messageTitle":"Level-4: add Todo, Deadline, Event classes to Itachi.java","messageBody":"","fileTypesAndContributionMap":{"java":{"insertions":34,"deletions":4}}},{"hash":"4bf84f0025115a726d5ebeb38072e1254a0dbb04","isMergeCommit":false,"messageTitle":"update input.txt, EXPECTED.TXT and runtest.sh to semi automate the testing of Itachi","messageBody":"","tags":["A-TextUiTesting"],"fileTypesAndContributionMap":{"txt":{"insertions":9,"deletions":0},"sh":{"insertions":1,"deletions":1}}}]},{"date":"2025-08-18T00:00:00","commitResults":[{"hash":"650a9cd5426080aadd4e5e021c38ae14f2953530","isMergeCommit":false,"messageTitle":"add ItachiException.java to handle input errors from users","messageBody":"","fileTypesAndContributionMap":{"java":{"insertions":5,"deletions":0}}},{"hash":"536e273449a679099bbe185a0f66cc3451951024","isMergeCommit":false,"messageTitle":"Update Itachi.java to handle user input errors with exceptions","messageBody":"","tags":["Level-5"],"fileTypesAndContributionMap":{"java":{"insertions":85,"deletions":24}}},{"hash":"c4a3561b89ba4b90086c26e2cd062076f96bafe5","isMergeCommit":false,"messageTitle":"implement support for deleting tasks from the list in Itachi.java","messageBody":"","tags":["Level-6"],"fileTypesAndContributionMap":{"java":{"insertions":8,"deletions":0}}}]},{"date":"2025-08-19T00:00:00","commitResults":[{"hash":"456312f643497e1484002f592eb23ff0e2aaebce","isMergeCommit":false,"messageTitle":"refactor all the commands for Itachi to use Commands enum","messageBody":"","fileTypesAndContributionMap":{"java":{"insertions":25,"deletions":0}}},{"hash":"bba500db4998c10bf2345bdbe621ccb2c91541b0","isMergeCommit":false,"messageTitle":"convert Itachi.java to use enums for commands","messageBody":"","fileTypesAndContributionMap":{"java":{"insertions":103,"deletions":37}}},{"hash":"637a275d73f580076692db9970d317d5f713c6fa","isMergeCommit":false,"messageTitle":"correct typo in Event.java","messageBody":"","fileTypesAndContributionMap":{"java":{"insertions":1,"deletions":1}}},{"hash":"c66d4a33d006869adee63af6c5ad79adfb0c8813","isMergeCommit":false,"messageTitle":"fix typo in Event.java","messageBody":"","fileTypesAndContributionMap":{"java":{"insertions":1,"deletions":1}}},{"hash":"55855a3337581573786ca7db239d3b596ec6bed0","isMergeCommit":false,"messageTitle":"add test case for ItachiException in input.txt and update EXPECTED.txt accordingly","messageBody":"","tags":["A-Enums"],"fileTypesAndContributionMap":{"txt":{"insertions":12,"deletions":2}}}]}]},"authorFileTypeContributionMap":{"vinncee":{"java":318,"md":0,"fxml":0,"sh":1,"bat":0,"gradle":0,"txt":19}},"authorContributionVariance":{"vinncee":4023.41},"authorDisplayNameMap":{"vinncee":"CHUA..INCE"}}
