[{"path":"src/main/java/Deadline.java","fileType":"java","lines":[{"lineNumber":1,"author":{"gitId":"mizzat03"},"content":"public class Deadline extends Task {","lastModifiedDate":"2025-08-22T11:29:29","isFullCredit":false},{"lineNumber":2,"author":{"gitId":"mizzat03"},"content":"    String deadline;","lastModifiedDate":"2025-08-22T11:29:29","isFullCredit":false},{"lineNumber":3,"author":{"gitId":"mizzat03"},"content":"","lastModifiedDate":"2025-08-22T11:29:29","isFullCredit":false},{"lineNumber":4,"author":{"gitId":"mizzat03"},"content":"    public Deadline(String taskName, String deadline) {","lastModifiedDate":"2025-08-22T11:29:29","isFullCredit":false},{"lineNumber":5,"author":{"gitId":"mizzat03"},"content":"        super(taskName);","lastModifiedDate":"2025-08-22T11:29:29","isFullCredit":false},{"lineNumber":6,"author":{"gitId":"mizzat03"},"content":"        this.deadline \u003d deadline;","lastModifiedDate":"2025-08-22T11:29:29","isFullCredit":false},{"lineNumber":7,"author":{"gitId":"mizzat03"},"content":"    }","lastModifiedDate":"2025-08-22T11:29:29","isFullCredit":false},{"lineNumber":8,"author":{"gitId":"mizzat03"},"content":"","lastModifiedDate":"2025-08-22T11:29:29","isFullCredit":false},{"lineNumber":9,"author":{"gitId":"mizzat03"},"content":"    @Override","lastModifiedDate":"2025-08-22T11:29:29","isFullCredit":false},{"lineNumber":10,"author":{"gitId":"mizzat03"},"content":"    public String toString() {","lastModifiedDate":"2025-08-22T11:29:29","isFullCredit":false},{"lineNumber":11,"author":{"gitId":"mizzat03"},"content":"        String[] split \u003d deadline.split(\" \", 2);","lastModifiedDate":"2025-08-22T11:29:29","isFullCredit":false},{"lineNumber":12,"author":{"gitId":"mizzat03"},"content":"        String day \u003d split[1].trim();","lastModifiedDate":"2025-08-22T11:29:29","isFullCredit":false},{"lineNumber":13,"author":{"gitId":"mizzat03"},"content":"        return \"[D]\" + (this.isDone ? \"[X] \" : \"[ ] \") + this.getTaskName() + \" (by: \" + day + \")\";","lastModifiedDate":"2025-08-22T11:29:29","isFullCredit":false},{"lineNumber":14,"author":{"gitId":"mizzat03"},"content":"    }","lastModifiedDate":"2025-08-22T11:29:29","isFullCredit":false},{"lineNumber":15,"author":{"gitId":"mizzat03"},"content":"","lastModifiedDate":"2025-08-22T11:29:29","isFullCredit":false},{"lineNumber":16,"author":{"gitId":"mizzat03"},"content":"}","lastModifiedDate":"2025-08-22T11:29:29","isFullCredit":false}],"authorContributionMap":{"mizzat03":16}},{"path":"src/main/java/Event.java","fileType":"java","lines":[{"lineNumber":1,"author":{"gitId":"mizzat03"},"content":"public class Event extends Task {","lastModifiedDate":"2025-08-22T11:29:29","isFullCredit":false},{"lineNumber":2,"author":{"gitId":"mizzat03"},"content":"    String duration;","lastModifiedDate":"2025-08-22T11:29:29","isFullCredit":false},{"lineNumber":3,"author":{"gitId":"mizzat03"},"content":"","lastModifiedDate":"2025-08-22T11:29:29","isFullCredit":false},{"lineNumber":4,"author":{"gitId":"mizzat03"},"content":"    public Event(String taskName, String duration) {","lastModifiedDate":"2025-08-22T11:29:29","isFullCredit":false},{"lineNumber":5,"author":{"gitId":"mizzat03"},"content":"        super(taskName);","lastModifiedDate":"2025-08-22T11:29:29","isFullCredit":false},{"lineNumber":6,"author":{"gitId":"mizzat03"},"content":"        this.duration \u003d duration;","lastModifiedDate":"2025-08-22T11:29:29","isFullCredit":false},{"lineNumber":7,"author":{"gitId":"mizzat03"},"content":"    }","lastModifiedDate":"2025-08-22T11:29:29","isFullCredit":false},{"lineNumber":8,"author":{"gitId":"mizzat03"},"content":"","lastModifiedDate":"2025-08-22T11:29:29","isFullCredit":false},{"lineNumber":9,"author":{"gitId":"mizzat03"},"content":"    @Override","lastModifiedDate":"2025-08-22T11:29:29","isFullCredit":false},{"lineNumber":10,"author":{"gitId":"mizzat03"},"content":"    public String toString() {","lastModifiedDate":"2025-08-22T11:29:29","isFullCredit":false},{"lineNumber":11,"author":{"gitId":"mizzat03"},"content":"        String[] split \u003d duration.split(\"/\", 2);","lastModifiedDate":"2025-08-22T11:29:29","isFullCredit":false},{"lineNumber":12,"author":{"gitId":"mizzat03"},"content":"        String start \u003d split[0].replaceFirst(\"from\", \"\").trim();","lastModifiedDate":"2025-08-22T11:29:29","isFullCredit":false},{"lineNumber":13,"author":{"gitId":"mizzat03"},"content":"        String end   \u003d split[1].replaceFirst(\"to\", \"\").trim();","lastModifiedDate":"2025-08-22T11:29:29","isFullCredit":false},{"lineNumber":14,"author":{"gitId":"mizzat03"},"content":"        return \"[D]\" + (this.isDone ? \"[X] \" : \"[ ] \") + this.getTaskName() + \" (from: \" + start + \" to: \" + end + \")\" ;","lastModifiedDate":"2025-08-22T11:29:29","isFullCredit":false},{"lineNumber":15,"author":{"gitId":"mizzat03"},"content":"    }","lastModifiedDate":"2025-08-22T11:29:29","isFullCredit":false},{"lineNumber":16,"author":{"gitId":"mizzat03"},"content":"","lastModifiedDate":"2025-08-22T11:29:29","isFullCredit":false},{"lineNumber":17,"author":{"gitId":"mizzat03"},"content":"}","lastModifiedDate":"2025-08-22T11:29:29","isFullCredit":false}],"authorContributionMap":{"mizzat03":17}},{"path":"src/main/java/Lenny.java","fileType":"java","lines":[{"lineNumber":1,"author":{"gitId":"mizzat03"},"content":"import java.util.Scanner;","lastModifiedDate":"2025-08-20T23:46:04","isFullCredit":false},{"lineNumber":2,"author":{"gitId":"mizzat03"},"content":"","lastModifiedDate":"2025-08-20T23:46:04","isFullCredit":false},{"lineNumber":3,"author":{"gitId":"mizzat03"},"content":"","lastModifiedDate":"2025-08-21T00:06:40","isFullCredit":false},{"lineNumber":4,"author":{"gitId":"mizzat03"},"content":"","lastModifiedDate":"2025-08-22T15:09:46","isFullCredit":false},{"lineNumber":5,"author":{"gitId":"mizzat03"},"content":"public class Lenny {","lastModifiedDate":"2025-08-20T23:22:56","isFullCredit":false},{"lineNumber":6,"author":{"gitId":"mizzat03"},"content":"    public static void main (String[] args) throws LennyExceptions {","lastModifiedDate":"2025-08-22T15:09:46","isFullCredit":false},{"lineNumber":7,"author":{"gitId":"mizzat03"},"content":"        Scanner myObj \u003d new Scanner(System.in); //read input","lastModifiedDate":"2025-08-20T23:46:04","isFullCredit":false},{"lineNumber":8,"author":{"gitId":"mizzat03"},"content":"        listOfTasks list \u003d new listOfTasks(); //listOfTasks object to store the array of String tasks","lastModifiedDate":"2025-08-21T00:06:40","isFullCredit":false},{"lineNumber":9,"author":{"gitId":"mizzat03"},"content":"","lastModifiedDate":"2025-08-20T23:46:04","isFullCredit":false},{"lineNumber":10,"author":{"gitId":"mizzat03"},"content":"        String terminatingCondition \u003d \"bye\";","lastModifiedDate":"2025-08-20T23:46:04","isFullCredit":false},{"lineNumber":11,"author":{"gitId":"mizzat03"},"content":"        String terminatingLine \u003d \"Bye. Hope to see you again soon!\";","lastModifiedDate":"2025-08-21T00:06:40","isFullCredit":false},{"lineNumber":12,"author":{"gitId":"mizzat03"},"content":"","lastModifiedDate":"2025-08-21T00:06:40","isFullCredit":false},{"lineNumber":13,"author":{"gitId":"mizzat03"},"content":"","lastModifiedDate":"2025-08-20T23:46:04","isFullCredit":false},{"lineNumber":14,"author":{"gitId":"mizzat03"},"content":"","lastModifiedDate":"2025-08-21T00:06:40","isFullCredit":false},{"lineNumber":15,"author":{"gitId":"mizzat03"},"content":"        String introline \u003d \"Hello! I\u0027m Lenny!\";","lastModifiedDate":"2025-08-21T00:06:40","isFullCredit":false},{"lineNumber":16,"author":{"gitId":"mizzat03"},"content":"        String secondline \u003d \"What can I do for you?\";","lastModifiedDate":"2025-08-20T23:22:56","isFullCredit":false},{"lineNumber":17,"author":{"gitId":"mizzat03"},"content":"","lastModifiedDate":"2025-08-20T23:46:04","isFullCredit":false},{"lineNumber":18,"author":{"gitId":"mizzat03"},"content":"","lastModifiedDate":"2025-08-20T23:46:04","isFullCredit":false},{"lineNumber":19,"author":{"gitId":"mizzat03"},"content":"        System.out.println(introline + \"\\n\" + secondline);","lastModifiedDate":"2025-08-21T00:06:40","isFullCredit":false},{"lineNumber":20,"author":{"gitId":"mizzat03"},"content":"","lastModifiedDate":"2025-08-21T00:06:40","isFullCredit":false},{"lineNumber":21,"author":{"gitId":"mizzat03"},"content":"        String input \u003d myObj.nextLine(); //asking for input","lastModifiedDate":"2025-08-21T00:06:40","isFullCredit":false},{"lineNumber":22,"author":{"gitId":"mizzat03"},"content":"","lastModifiedDate":"2025-08-20T23:46:04","isFullCredit":false},{"lineNumber":23,"author":{"gitId":"mizzat03"},"content":"        while (!input.equals(terminatingCondition)) {","lastModifiedDate":"2025-08-20T23:46:04","isFullCredit":false},{"lineNumber":24,"author":{"gitId":"mizzat03"},"content":"            String[] parts \u003d input.split(\" \", 2);","lastModifiedDate":"2025-08-22T15:09:46","isFullCredit":false},{"lineNumber":25,"author":{"gitId":"mizzat03"},"content":"            String command \u003d parts[0];","lastModifiedDate":"2025-08-22T15:09:46","isFullCredit":false},{"lineNumber":26,"author":{"gitId":"mizzat03"},"content":"            switch (command) {","lastModifiedDate":"2025-08-22T15:09:46","isFullCredit":false},{"lineNumber":27,"author":{"gitId":"mizzat03"},"content":"                case \"list\":","lastModifiedDate":"2025-08-22T15:09:46","isFullCredit":false},{"lineNumber":28,"author":{"gitId":"mizzat03"},"content":"                    list.display();","lastModifiedDate":"2025-08-21T00:06:40","isFullCredit":false},{"lineNumber":29,"author":{"gitId":"mizzat03"},"content":"                    break;","lastModifiedDate":"2025-08-22T15:09:46","isFullCredit":false},{"lineNumber":30,"author":{"gitId":"mizzat03"},"content":"","lastModifiedDate":"2025-08-22T11:29:29","isFullCredit":false},{"lineNumber":31,"author":{"gitId":"mizzat03"},"content":"                case \"mark\":","lastModifiedDate":"2025-08-22T15:09:46","isFullCredit":false},{"lineNumber":32,"author":{"gitId":"mizzat03"},"content":"                    int i \u003d Integer.parseInt(parts[1]);","lastModifiedDate":"2025-08-22T10:22:05","isFullCredit":false},{"lineNumber":33,"author":{"gitId":"mizzat03"},"content":"                    list.markTask(i);","lastModifiedDate":"2025-08-22T10:22:05","isFullCredit":false},{"lineNumber":34,"author":{"gitId":"mizzat03"},"content":"                    break;","lastModifiedDate":"2025-08-22T15:09:46","isFullCredit":false},{"lineNumber":35,"author":{"gitId":"mizzat03"},"content":"","lastModifiedDate":"2025-08-22T10:22:05","isFullCredit":false},{"lineNumber":36,"author":{"gitId":"mizzat03"},"content":"                case \"unmark\":","lastModifiedDate":"2025-08-22T15:09:46","isFullCredit":false},{"lineNumber":37,"author":{"gitId":"mizzat03"},"content":"                    int j \u003d Integer.parseInt(parts[1]);","lastModifiedDate":"2025-08-22T15:09:46","isFullCredit":false},{"lineNumber":38,"author":{"gitId":"mizzat03"},"content":"                    list.unmarkTask(j);","lastModifiedDate":"2025-08-22T15:09:46","isFullCredit":false},{"lineNumber":39,"author":{"gitId":"mizzat03"},"content":"                    break;","lastModifiedDate":"2025-08-22T15:09:46","isFullCredit":false},{"lineNumber":40,"author":{"gitId":"mizzat03"},"content":"","lastModifiedDate":"2025-08-22T10:22:05","isFullCredit":false},{"lineNumber":41,"author":{"gitId":"mizzat03"},"content":"                case \"todo\":","lastModifiedDate":"2025-08-22T15:09:46","isFullCredit":false},{"lineNumber":42,"author":{"gitId":"mizzat03"},"content":"                    if (parts.length \u003c 2 || parts[1].trim().isEmpty()) {","lastModifiedDate":"2025-08-22T15:09:46","isFullCredit":false},{"lineNumber":43,"author":{"gitId":"mizzat03"},"content":"                        throw new LennyExceptions(\"OOPS!!! The description of a todo cannot be empty.\");","lastModifiedDate":"2025-08-22T15:09:46","isFullCredit":false},{"lineNumber":44,"author":{"gitId":"mizzat03"},"content":"                    }","lastModifiedDate":"2025-08-22T15:09:46","isFullCredit":false},{"lineNumber":45,"author":{"gitId":"mizzat03"},"content":"                    Todo todoTask \u003d new Todo(parts[1]);","lastModifiedDate":"2025-08-22T15:09:46","isFullCredit":false},{"lineNumber":46,"author":{"gitId":"mizzat03"},"content":"                    list.addTask(todoTask);","lastModifiedDate":"2025-08-22T15:09:46","isFullCredit":false},{"lineNumber":47,"author":{"gitId":"mizzat03"},"content":"                    break;","lastModifiedDate":"2025-08-22T15:09:46","isFullCredit":false},{"lineNumber":48,"author":{"gitId":"mizzat03"},"content":"","lastModifiedDate":"2025-08-22T11:29:29","isFullCredit":false},{"lineNumber":49,"author":{"gitId":"mizzat03"},"content":"                case \"deadline\":","lastModifiedDate":"2025-08-22T15:09:46","isFullCredit":false},{"lineNumber":50,"author":{"gitId":"mizzat03"},"content":"                    if (parts.length \u003c 2 || !parts[1].contains(\"/by\")) {","lastModifiedDate":"2025-08-22T15:09:46","isFullCredit":false},{"lineNumber":51,"author":{"gitId":"mizzat03"},"content":"                        throw new LennyExceptions(\"OOPS!!! The description of a deadline must include /by.\");","lastModifiedDate":"2025-08-22T15:09:46","isFullCredit":false},{"lineNumber":52,"author":{"gitId":"mizzat03"},"content":"                    }","lastModifiedDate":"2025-08-22T15:09:46","isFullCredit":false},{"lineNumber":53,"author":{"gitId":"mizzat03"},"content":"","lastModifiedDate":"2025-08-22T11:29:29","isFullCredit":false},{"lineNumber":54,"author":{"gitId":"mizzat03"},"content":"                    String[] split \u003d parts[1].split(\"/\", 2);","lastModifiedDate":"2025-08-22T15:09:46","isFullCredit":false},{"lineNumber":55,"author":{"gitId":"mizzat03"},"content":"                    String deadlineName \u003d split[0].trim();","lastModifiedDate":"2025-08-22T15:09:46","isFullCredit":false},{"lineNumber":56,"author":{"gitId":"mizzat03"},"content":"                    String deadline \u003d split[1].trim();","lastModifiedDate":"2025-08-22T15:09:46","isFullCredit":false},{"lineNumber":57,"author":{"gitId":"mizzat03"},"content":"                    Deadline deadlineTask \u003d new Deadline(deadlineName, deadline);","lastModifiedDate":"2025-08-22T15:09:46","isFullCredit":false},{"lineNumber":58,"author":{"gitId":"mizzat03"},"content":"                    list.addTask(deadlineTask);","lastModifiedDate":"2025-08-22T15:09:46","isFullCredit":false},{"lineNumber":59,"author":{"gitId":"mizzat03"},"content":"                    break;","lastModifiedDate":"2025-08-22T15:09:46","isFullCredit":false},{"lineNumber":60,"author":{"gitId":"mizzat03"},"content":"","lastModifiedDate":"2025-08-22T11:29:29","isFullCredit":false},{"lineNumber":61,"author":{"gitId":"mizzat03"},"content":"                case \"event\":","lastModifiedDate":"2025-08-22T15:09:46","isFullCredit":false},{"lineNumber":62,"author":{"gitId":"mizzat03"},"content":"                    if (parts.length \u003c 2 || !parts[1].contains(\"/from\") || !parts[1].contains(\"/to\")) {","lastModifiedDate":"2025-08-22T15:09:46","isFullCredit":false},{"lineNumber":63,"author":{"gitId":"mizzat03"},"content":"                        throw new LennyExceptions(\"OOPS!!! The description of an event must include /from and /to.\");","lastModifiedDate":"2025-08-22T15:09:46","isFullCredit":false},{"lineNumber":64,"author":{"gitId":"mizzat03"},"content":"                    }","lastModifiedDate":"2025-08-22T15:09:46","isFullCredit":false},{"lineNumber":65,"author":{"gitId":"mizzat03"},"content":"                    String[] eventSplit \u003d parts[1].split(\"/\", 2);","lastModifiedDate":"2025-08-22T15:09:46","isFullCredit":false},{"lineNumber":66,"author":{"gitId":"mizzat03"},"content":"","lastModifiedDate":"2025-08-22T11:29:29","isFullCredit":false},{"lineNumber":67,"author":{"gitId":"mizzat03"},"content":"                    String eventName \u003d eventSplit[0].trim();","lastModifiedDate":"2025-08-22T15:09:46","isFullCredit":false},{"lineNumber":68,"author":{"gitId":"mizzat03"},"content":"                    String duration \u003d eventSplit[1].trim();","lastModifiedDate":"2025-08-22T15:09:46","isFullCredit":false},{"lineNumber":69,"author":{"gitId":"mizzat03"},"content":"                    Event eventTask \u003d new Event(eventName, duration);","lastModifiedDate":"2025-08-22T15:09:46","isFullCredit":false},{"lineNumber":70,"author":{"gitId":"mizzat03"},"content":"                    list.addTask(eventTask);","lastModifiedDate":"2025-08-22T15:09:46","isFullCredit":false},{"lineNumber":71,"author":{"gitId":"mizzat03"},"content":"                    break;","lastModifiedDate":"2025-08-22T15:09:46","isFullCredit":false},{"lineNumber":72,"author":{"gitId":"mizzat03"},"content":"","lastModifiedDate":"2025-08-22T11:29:29","isFullCredit":false},{"lineNumber":73,"author":{"gitId":"mizzat03"},"content":"                case \"delete\":","lastModifiedDate":"2025-08-22T15:33:35","isFullCredit":false},{"lineNumber":74,"author":{"gitId":"mizzat03"},"content":"                    list.deleteTask(Integer.parseInt(parts[1]));","lastModifiedDate":"2025-08-22T15:33:35","isFullCredit":false},{"lineNumber":75,"author":{"gitId":"mizzat03"},"content":"                    break;","lastModifiedDate":"2025-08-22T15:33:35","isFullCredit":false},{"lineNumber":76,"author":{"gitId":"mizzat03"},"content":"","lastModifiedDate":"2025-08-22T11:29:29","isFullCredit":false},{"lineNumber":77,"author":{"gitId":"mizzat03"},"content":"                default:","lastModifiedDate":"2025-08-22T15:09:46","isFullCredit":false},{"lineNumber":78,"author":{"gitId":"mizzat03"},"content":"                    throw new LennyExceptions(\"OOPS!!! I\u0027m sorry, but I don\u0027t know what that means :-(\");","lastModifiedDate":"2025-08-22T15:09:46","isFullCredit":false},{"lineNumber":79,"author":{"gitId":"mizzat03"},"content":"","lastModifiedDate":"2025-08-22T11:29:29","isFullCredit":false},{"lineNumber":80,"author":{"gitId":"mizzat03"},"content":"            }","lastModifiedDate":"2025-08-21T00:06:40","isFullCredit":false},{"lineNumber":81,"author":{"gitId":"mizzat03"},"content":"            input \u003d myObj.nextLine();","lastModifiedDate":"2025-08-20T23:46:04","isFullCredit":false},{"lineNumber":82,"author":{"gitId":"mizzat03"},"content":"        }","lastModifiedDate":"2025-08-20T23:22:56","isFullCredit":false},{"lineNumber":83,"author":{"gitId":"mizzat03"},"content":"        System.out.println(terminatingLine);","lastModifiedDate":"2025-08-20T23:46:04","isFullCredit":false},{"lineNumber":84,"author":{"gitId":"mizzat03"},"content":"    }","lastModifiedDate":"2025-08-20T23:46:04","isFullCredit":false},{"lineNumber":85,"author":{"gitId":"mizzat03"},"content":"}","lastModifiedDate":"2025-08-20T23:22:56","isFullCredit":false}],"authorContributionMap":{"mizzat03":85}},{"path":"src/main/java/LennyExceptions.java","fileType":"java","lines":[{"lineNumber":1,"author":{"gitId":"mizzat03"},"content":"public class LennyExceptions extends Exception {","lastModifiedDate":"2025-08-22T15:09:46","isFullCredit":false},{"lineNumber":2,"author":{"gitId":"mizzat03"},"content":"    // Default constructor","lastModifiedDate":"2025-08-22T15:09:46","isFullCredit":false},{"lineNumber":3,"author":{"gitId":"mizzat03"},"content":"    public LennyExceptions() {","lastModifiedDate":"2025-08-22T15:09:46","isFullCredit":false},{"lineNumber":4,"author":{"gitId":"mizzat03"},"content":"        super();","lastModifiedDate":"2025-08-22T15:09:46","isFullCredit":false},{"lineNumber":5,"author":{"gitId":"mizzat03"},"content":"    }","lastModifiedDate":"2025-08-22T15:09:46","isFullCredit":false},{"lineNumber":6,"author":{"gitId":"mizzat03"},"content":"","lastModifiedDate":"2025-08-22T15:09:46","isFullCredit":false},{"lineNumber":7,"author":{"gitId":"mizzat03"},"content":"    // Constructor that accepts a message","lastModifiedDate":"2025-08-22T15:09:46","isFullCredit":false},{"lineNumber":8,"author":{"gitId":"mizzat03"},"content":"    public LennyExceptions(String message) {","lastModifiedDate":"2025-08-22T15:09:46","isFullCredit":false},{"lineNumber":9,"author":{"gitId":"mizzat03"},"content":"        super(message);","lastModifiedDate":"2025-08-22T15:09:46","isFullCredit":false},{"lineNumber":10,"author":{"gitId":"mizzat03"},"content":"    }","lastModifiedDate":"2025-08-22T15:09:46","isFullCredit":false},{"lineNumber":11,"author":{"gitId":"mizzat03"},"content":"","lastModifiedDate":"2025-08-22T15:09:46","isFullCredit":false},{"lineNumber":12,"author":{"gitId":"mizzat03"},"content":"    // Constructor that accepts a message and a cause","lastModifiedDate":"2025-08-22T15:09:46","isFullCredit":false},{"lineNumber":13,"author":{"gitId":"mizzat03"},"content":"    public LennyExceptions(String message, Throwable cause) {","lastModifiedDate":"2025-08-22T15:09:46","isFullCredit":false},{"lineNumber":14,"author":{"gitId":"mizzat03"},"content":"        super(message, cause);","lastModifiedDate":"2025-08-22T15:09:46","isFullCredit":false},{"lineNumber":15,"author":{"gitId":"mizzat03"},"content":"    }","lastModifiedDate":"2025-08-22T15:09:46","isFullCredit":false},{"lineNumber":16,"author":{"gitId":"mizzat03"},"content":"","lastModifiedDate":"2025-08-22T15:09:46","isFullCredit":false},{"lineNumber":17,"author":{"gitId":"mizzat03"},"content":"    // Constructor that accepts a cause","lastModifiedDate":"2025-08-22T15:09:46","isFullCredit":false},{"lineNumber":18,"author":{"gitId":"mizzat03"},"content":"    public LennyExceptions(Throwable cause) {","lastModifiedDate":"2025-08-22T15:09:46","isFullCredit":false},{"lineNumber":19,"author":{"gitId":"mizzat03"},"content":"        super(cause);","lastModifiedDate":"2025-08-22T15:09:46","isFullCredit":false},{"lineNumber":20,"author":{"gitId":"mizzat03"},"content":"    }","lastModifiedDate":"2025-08-22T15:09:46","isFullCredit":false},{"lineNumber":21,"author":{"gitId":"mizzat03"},"content":"}","lastModifiedDate":"2025-08-22T15:09:46","isFullCredit":false}],"authorContributionMap":{"mizzat03":21}},{"path":"src/main/java/Task.java","fileType":"java","lines":[{"lineNumber":1,"author":{"gitId":"mizzat03"},"content":"public class Task {","lastModifiedDate":"2025-08-22T10:22:05","isFullCredit":false},{"lineNumber":2,"author":{"gitId":"mizzat03"},"content":"    String taskName;","lastModifiedDate":"2025-08-22T10:22:05","isFullCredit":false},{"lineNumber":3,"author":{"gitId":"mizzat03"},"content":"    Boolean isDone;","lastModifiedDate":"2025-08-22T10:22:05","isFullCredit":false},{"lineNumber":4,"author":{"gitId":"mizzat03"},"content":"","lastModifiedDate":"2025-08-22T10:22:05","isFullCredit":false},{"lineNumber":5,"author":{"gitId":"mizzat03"},"content":"    public Task(String taskName){","lastModifiedDate":"2025-08-22T10:22:05","isFullCredit":false},{"lineNumber":6,"author":{"gitId":"mizzat03"},"content":"        this.taskName \u003d taskName;","lastModifiedDate":"2025-08-22T10:22:05","isFullCredit":false},{"lineNumber":7,"author":{"gitId":"mizzat03"},"content":"        isDone \u003d false;","lastModifiedDate":"2025-08-22T10:22:05","isFullCredit":false},{"lineNumber":8,"author":{"gitId":"mizzat03"},"content":"    }","lastModifiedDate":"2025-08-22T10:22:05","isFullCredit":false},{"lineNumber":9,"author":{"gitId":"mizzat03"},"content":"","lastModifiedDate":"2025-08-22T10:22:05","isFullCredit":false},{"lineNumber":10,"author":{"gitId":"mizzat03"},"content":"    public String getTaskName() {","lastModifiedDate":"2025-08-22T10:22:05","isFullCredit":false},{"lineNumber":11,"author":{"gitId":"mizzat03"},"content":"        return taskName;","lastModifiedDate":"2025-08-22T10:22:05","isFullCredit":false},{"lineNumber":12,"author":{"gitId":"mizzat03"},"content":"    }","lastModifiedDate":"2025-08-22T10:22:05","isFullCredit":false},{"lineNumber":13,"author":{"gitId":"mizzat03"},"content":"","lastModifiedDate":"2025-08-22T10:22:05","isFullCredit":false},{"lineNumber":14,"author":{"gitId":"mizzat03"},"content":"    public void mark() {","lastModifiedDate":"2025-08-22T11:29:29","isFullCredit":false},{"lineNumber":15,"author":{"gitId":"mizzat03"},"content":"        isDone \u003d true;","lastModifiedDate":"2025-08-22T10:22:05","isFullCredit":false},{"lineNumber":16,"author":{"gitId":"mizzat03"},"content":"    }","lastModifiedDate":"2025-08-22T10:22:05","isFullCredit":false},{"lineNumber":17,"author":{"gitId":"mizzat03"},"content":"","lastModifiedDate":"2025-08-22T10:22:05","isFullCredit":false},{"lineNumber":18,"author":{"gitId":"mizzat03"},"content":"    public void unmark() {","lastModifiedDate":"2025-08-22T11:29:29","isFullCredit":false},{"lineNumber":19,"author":{"gitId":"mizzat03"},"content":"        isDone \u003d false;","lastModifiedDate":"2025-08-22T10:22:05","isFullCredit":false},{"lineNumber":20,"author":{"gitId":"mizzat03"},"content":"    }","lastModifiedDate":"2025-08-22T10:22:05","isFullCredit":false},{"lineNumber":21,"author":{"gitId":"mizzat03"},"content":"}","lastModifiedDate":"2025-08-22T10:22:05","isFullCredit":false}],"authorContributionMap":{"mizzat03":21}},{"path":"src/main/java/Todo.java","fileType":"java","lines":[{"lineNumber":1,"author":{"gitId":"mizzat03"},"content":"public class Todo extends Task {","lastModifiedDate":"2025-08-22T11:29:29","isFullCredit":false},{"lineNumber":2,"author":{"gitId":"mizzat03"},"content":"","lastModifiedDate":"2025-08-22T11:29:29","isFullCredit":false},{"lineNumber":3,"author":{"gitId":"mizzat03"},"content":"    public Todo(String taskName){","lastModifiedDate":"2025-08-22T11:29:29","isFullCredit":false},{"lineNumber":4,"author":{"gitId":"mizzat03"},"content":"        super(taskName);","lastModifiedDate":"2025-08-22T11:29:29","isFullCredit":false},{"lineNumber":5,"author":{"gitId":"mizzat03"},"content":"    }","lastModifiedDate":"2025-08-22T11:29:29","isFullCredit":false},{"lineNumber":6,"author":{"gitId":"mizzat03"},"content":"","lastModifiedDate":"2025-08-22T11:29:29","isFullCredit":false},{"lineNumber":7,"author":{"gitId":"mizzat03"},"content":"    @Override","lastModifiedDate":"2025-08-22T11:29:29","isFullCredit":false},{"lineNumber":8,"author":{"gitId":"mizzat03"},"content":"    public String toString() {","lastModifiedDate":"2025-08-22T11:29:29","isFullCredit":false},{"lineNumber":9,"author":{"gitId":"mizzat03"},"content":"        return \"[T]\" + (this.isDone ? \"[X] \" : \"[ ] \") + this.getTaskName();","lastModifiedDate":"2025-08-22T11:29:29","isFullCredit":false},{"lineNumber":10,"author":{"gitId":"mizzat03"},"content":"    }","lastModifiedDate":"2025-08-22T11:29:29","isFullCredit":false},{"lineNumber":11,"author":{"gitId":"mizzat03"},"content":"","lastModifiedDate":"2025-08-22T11:29:29","isFullCredit":false},{"lineNumber":12,"author":{"gitId":"mizzat03"},"content":"","lastModifiedDate":"2025-08-22T11:29:29","isFullCredit":false},{"lineNumber":13,"author":{"gitId":"mizzat03"},"content":"}","lastModifiedDate":"2025-08-22T11:29:29","isFullCredit":false}],"authorContributionMap":{"mizzat03":13}},{"path":"src/main/java/listOfTasks.java","fileType":"java","lines":[{"lineNumber":1,"author":{"gitId":"mizzat03"},"content":"import java.util.ArrayList;","lastModifiedDate":"2025-08-22T15:33:35","isFullCredit":false},{"lineNumber":2,"author":{"gitId":"mizzat03"},"content":"import java.util.Collections;","lastModifiedDate":"2025-08-22T15:33:35","isFullCredit":false},{"lineNumber":3,"author":{"gitId":"mizzat03"},"content":"","lastModifiedDate":"2025-08-22T15:33:35","isFullCredit":false},{"lineNumber":4,"author":{"gitId":"mizzat03"},"content":"public class listOfTasks {","lastModifiedDate":"2025-08-21T00:06:40","isFullCredit":false},{"lineNumber":5,"author":{"gitId":"mizzat03"},"content":"    ArrayList\u003cTask\u003e list;","lastModifiedDate":"2025-08-22T15:33:35","isFullCredit":false},{"lineNumber":6,"author":{"gitId":"mizzat03"},"content":"","lastModifiedDate":"2025-08-21T00:06:40","isFullCredit":false},{"lineNumber":7,"author":{"gitId":"mizzat03"},"content":"    public listOfTasks() {","lastModifiedDate":"2025-08-21T00:06:40","isFullCredit":false},{"lineNumber":8,"author":{"gitId":"mizzat03"},"content":"        this.list \u003d new ArrayList\u003c\u003e();","lastModifiedDate":"2025-08-22T15:33:35","isFullCredit":false},{"lineNumber":9,"author":{"gitId":"mizzat03"},"content":"    }","lastModifiedDate":"2025-08-21T00:06:40","isFullCredit":false},{"lineNumber":10,"author":{"gitId":"mizzat03"},"content":"","lastModifiedDate":"2025-08-21T00:06:40","isFullCredit":false},{"lineNumber":11,"author":{"gitId":"mizzat03"},"content":"    public ArrayList\u003cTask\u003e getList() {","lastModifiedDate":"2025-08-22T15:33:35","isFullCredit":false},{"lineNumber":12,"author":{"gitId":"mizzat03"},"content":"        return list;","lastModifiedDate":"2025-08-21T00:06:40","isFullCredit":false},{"lineNumber":13,"author":{"gitId":"mizzat03"},"content":"    }","lastModifiedDate":"2025-08-21T00:06:40","isFullCredit":false},{"lineNumber":14,"author":{"gitId":"mizzat03"},"content":"","lastModifiedDate":"2025-08-21T00:06:40","isFullCredit":false},{"lineNumber":15,"author":{"gitId":"mizzat03"},"content":"    public void addTask(Task task) {","lastModifiedDate":"2025-08-22T11:29:29","isFullCredit":false},{"lineNumber":16,"author":{"gitId":"mizzat03"},"content":"        list.add(task);","lastModifiedDate":"2025-08-22T15:33:35","isFullCredit":false},{"lineNumber":17,"author":{"gitId":"mizzat03"},"content":"        System.out.println(\"Got it. I\u0027ve added this task:\");","lastModifiedDate":"2025-08-22T11:29:29","isFullCredit":false},{"lineNumber":18,"author":{"gitId":"mizzat03"},"content":"        System.out.println(\"  \" + task.toString());","lastModifiedDate":"2025-08-22T11:29:29","isFullCredit":false},{"lineNumber":19,"author":{"gitId":"mizzat03"},"content":"        System.out.println(\"Now you have \" + list.size() + \" tasks in the list.\");","lastModifiedDate":"2025-08-22T15:33:35","isFullCredit":false},{"lineNumber":20,"author":{"gitId":"mizzat03"},"content":"    }","lastModifiedDate":"2025-08-21T00:06:40","isFullCredit":false},{"lineNumber":21,"author":{"gitId":"mizzat03"},"content":"","lastModifiedDate":"2025-08-21T00:06:40","isFullCredit":false},{"lineNumber":22,"author":{"gitId":"mizzat03"},"content":"    public void markTask(int i) {","lastModifiedDate":"2025-08-22T10:22:05","isFullCredit":false},{"lineNumber":23,"author":{"gitId":"mizzat03"},"content":"        Task t \u003d list.get(i - 1);","lastModifiedDate":"2025-08-22T15:33:35","isFullCredit":false},{"lineNumber":24,"author":{"gitId":"mizzat03"},"content":"        t.mark();","lastModifiedDate":"2025-08-22T15:33:35","isFullCredit":false},{"lineNumber":25,"author":{"gitId":"mizzat03"},"content":"        System.out.println(\"Nice! I\u0027ve marked this task as done:\\n\" + list.get(i - 1).toString());","lastModifiedDate":"2025-08-22T15:33:35","isFullCredit":false},{"lineNumber":26,"author":{"gitId":"mizzat03"},"content":"    }","lastModifiedDate":"2025-08-22T10:22:05","isFullCredit":false},{"lineNumber":27,"author":{"gitId":"mizzat03"},"content":"","lastModifiedDate":"2025-08-22T10:22:05","isFullCredit":false},{"lineNumber":28,"author":{"gitId":"mizzat03"},"content":"    public void unmarkTask(int i) {","lastModifiedDate":"2025-08-22T10:22:05","isFullCredit":false},{"lineNumber":29,"author":{"gitId":"mizzat03"},"content":"        Task t \u003d list.get(i - 1);","lastModifiedDate":"2025-08-22T15:33:35","isFullCredit":false},{"lineNumber":30,"author":{"gitId":"mizzat03"},"content":"        t.unmark();","lastModifiedDate":"2025-08-22T15:33:35","isFullCredit":false},{"lineNumber":31,"author":{"gitId":"mizzat03"},"content":"        System.out.println(\"OK, I\u0027ve marked this task as not done yet:\\n\" + list.get(i - 1).toString());","lastModifiedDate":"2025-08-22T15:33:35","isFullCredit":false},{"lineNumber":32,"author":{"gitId":"mizzat03"},"content":"    }","lastModifiedDate":"2025-08-22T10:22:05","isFullCredit":false},{"lineNumber":33,"author":{"gitId":"mizzat03"},"content":"","lastModifiedDate":"2025-08-22T10:22:05","isFullCredit":false},{"lineNumber":34,"author":{"gitId":"mizzat03"},"content":"    public void display() {","lastModifiedDate":"2025-08-21T00:06:40","isFullCredit":false},{"lineNumber":35,"author":{"gitId":"mizzat03"},"content":"        System.out.println( \"Here are the tasks in your list:\");","lastModifiedDate":"2025-08-22T12:29:14","isFullCredit":false},{"lineNumber":36,"author":{"gitId":"mizzat03"},"content":"        for (int i \u003d 0; i \u003c list.size(); i++) {","lastModifiedDate":"2025-08-22T15:33:35","isFullCredit":false},{"lineNumber":37,"author":{"gitId":"mizzat03"},"content":"            System.out.println((i + 1) + \". \" + list.get(i).toString());","lastModifiedDate":"2025-08-22T15:33:35","isFullCredit":false},{"lineNumber":38,"author":{"gitId":"mizzat03"},"content":"","lastModifiedDate":"2025-08-22T11:29:29","isFullCredit":false},{"lineNumber":39,"author":{"gitId":"mizzat03"},"content":"        }","lastModifiedDate":"2025-08-21T00:06:40","isFullCredit":false},{"lineNumber":40,"author":{"gitId":"mizzat03"},"content":"    }","lastModifiedDate":"2025-08-21T00:06:40","isFullCredit":false},{"lineNumber":41,"author":{"gitId":"mizzat03"},"content":"","lastModifiedDate":"2025-08-22T15:33:35","isFullCredit":false},{"lineNumber":42,"author":{"gitId":"mizzat03"},"content":"    public void deleteTask(int i) {","lastModifiedDate":"2025-08-22T15:33:35","isFullCredit":false},{"lineNumber":43,"author":{"gitId":"mizzat03"},"content":"        String deletedTask \u003d list.get(i - 1).toString();","lastModifiedDate":"2025-08-22T15:33:35","isFullCredit":false},{"lineNumber":44,"author":{"gitId":"mizzat03"},"content":"        list.remove(i-1);","lastModifiedDate":"2025-08-22T15:33:35","isFullCredit":false},{"lineNumber":45,"author":{"gitId":"mizzat03"},"content":"        System.out.println(\"Noted. I\u0027ve removed this task: \\n\" + \"  \" + deletedTask + \"\\n\" +  \"Now you have \" +list.size()+ \" tasks in the list.\");","lastModifiedDate":"2025-08-22T15:33:35","isFullCredit":false},{"lineNumber":46,"author":{"gitId":"mizzat03"},"content":"    }","lastModifiedDate":"2025-08-22T15:33:35","isFullCredit":false},{"lineNumber":47,"author":{"gitId":"mizzat03"},"content":"}","lastModifiedDate":"2025-08-21T00:06:40","isFullCredit":false}],"authorContributionMap":{"mizzat03":47}},{"path":"text-ui-test/diff.txt","fileType":"txt","lines":[{"lineNumber":1,"author":{"gitId":"mizzat03"},"content":"Comparing files ACTUAL.TXT and EXPECTED.TXT","lastModifiedDate":"2025-08-22T12:29:14","isFullCredit":false},{"lineNumber":2,"author":{"gitId":"mizzat03"},"content":"***** ACTUAL.TXT","lastModifiedDate":"2025-08-22T12:29:14","isFullCredit":false},{"lineNumber":3,"author":{"gitId":"mizzat03"},"content":"    1:  Hello! I\u0027m Lenny!","lastModifiedDate":"2025-08-22T12:29:14","isFullCredit":false},{"lineNumber":4,"author":{"gitId":"mizzat03"},"content":"    2:  What can I do for you?","lastModifiedDate":"2025-08-22T12:29:14","isFullCredit":false},{"lineNumber":5,"author":{"gitId":"mizzat03"},"content":"    3:  Got it. I\u0027ve added this task:","lastModifiedDate":"2025-08-22T12:29:14","isFullCredit":false},{"lineNumber":6,"author":{"gitId":"mizzat03"},"content":"***** EXPECTED.TXT","lastModifiedDate":"2025-08-22T12:29:14","isFullCredit":false},{"lineNumber":7,"author":{"gitId":"mizzat03"},"content":"    1:  Hello! I\u0027m Lenny!","lastModifiedDate":"2025-08-22T12:29:14","isFullCredit":false},{"lineNumber":8,"author":{"gitId":"mizzat03"},"content":"    2:  What can I dooo for you?","lastModifiedDate":"2025-08-22T12:29:14","isFullCredit":false},{"lineNumber":9,"author":{"gitId":"mizzat03"},"content":"    3:  Got it. I\u0027ve added this task:","lastModifiedDate":"2025-08-22T12:29:14","isFullCredit":false},{"lineNumber":10,"author":{"gitId":"mizzat03"},"content":"*****","lastModifiedDate":"2025-08-22T12:29:14","isFullCredit":false},{"lineNumber":11,"author":{"gitId":"mizzat03"},"content":"","lastModifiedDate":"2025-08-22T12:29:14","isFullCredit":false},{"lineNumber":12,"author":{"gitId":"mizzat03"},"content":"***** ACTUAL.TXT","lastModifiedDate":"2025-08-22T12:29:14","isFullCredit":false},{"lineNumber":13,"author":{"gitId":"mizzat03"},"content":"    9:  Got it. I\u0027ve added this task:","lastModifiedDate":"2025-08-22T12:29:14","isFullCredit":false},{"lineNumber":14,"author":{"gitId":"mizzat03"},"content":"   10:    [D][ ] project meeting (from: Mon 2pm to: 4pm)","lastModifiedDate":"2025-08-22T12:29:14","isFullCredit":false},{"lineNumber":15,"author":{"gitId":"mizzat03"},"content":"   11:  Now you have 3 tasks in the list.","lastModifiedDate":"2025-08-22T12:29:14","isFullCredit":false},{"lineNumber":16,"author":{"gitId":"mizzat03"},"content":"***** EXPECTED.TXT","lastModifiedDate":"2025-08-22T12:29:14","isFullCredit":false},{"lineNumber":17,"author":{"gitId":"mizzat03"},"content":"    9:  Got it. I\u0027ve added this task:","lastModifiedDate":"2025-08-22T12:29:14","isFullCredit":false},{"lineNumber":18,"author":{"gitId":"mizzat03"},"content":"   10:    [D][ ] projjject meeting (from: Mon 2pm to: 4pm)","lastModifiedDate":"2025-08-22T12:29:14","isFullCredit":false},{"lineNumber":19,"author":{"gitId":"mizzat03"},"content":"   11:  Now you have 3 tasks in the list.","lastModifiedDate":"2025-08-22T12:29:14","isFullCredit":false},{"lineNumber":20,"author":{"gitId":"mizzat03"},"content":"*****","lastModifiedDate":"2025-08-22T12:29:14","isFullCredit":false},{"lineNumber":21,"author":{"gitId":"mizzat03"},"content":"","lastModifiedDate":"2025-08-22T12:29:14","isFullCredit":false}],"authorContributionMap":{"mizzat03":21}},{"path":"text-ui-test/input.txt","fileType":"txt","lines":[{"lineNumber":1,"author":{"gitId":"mizzat03"},"content":"todo borrow book","lastModifiedDate":"2025-08-22T12:29:14","isFullCredit":false},{"lineNumber":2,"author":{"gitId":"mizzat03"},"content":"deadline return book /by Sunday","lastModifiedDate":"2025-08-22T12:29:14","isFullCredit":false},{"lineNumber":3,"author":{"gitId":"mizzat03"},"content":"event project meeting /from Mon 2pm /to 4pm","lastModifiedDate":"2025-08-22T12:29:14","isFullCredit":false},{"lineNumber":4,"author":{"gitId":"mizzat03"},"content":"list","lastModifiedDate":"2025-08-22T12:29:14","isFullCredit":false},{"lineNumber":5,"author":{"gitId":"mizzat03"},"content":"bye","lastModifiedDate":"2025-08-22T12:29:14","isFullCredit":false}],"authorContributionMap":{"mizzat03":5}},{"path":"text-ui-test/runtest.bat","fileType":"bat","lines":[{"lineNumber":1,"author":{"gitId":"-"},"content":"@ECHO OFF","lastModifiedDate":"2020-05-25T00:03:55","isFullCredit":false},{"lineNumber":2,"author":{"gitId":"-"},"content":"","lastModifiedDate":"2020-05-25T00:03:55","isFullCredit":false},{"lineNumber":3,"author":{"gitId":"-"},"content":"REM create bin directory if it doesn\u0027t exist","lastModifiedDate":"2020-05-25T00:03:55","isFullCredit":false},{"lineNumber":4,"author":{"gitId":"-"},"content":"if not exist ..\\bin mkdir ..\\bin","lastModifiedDate":"2020-05-25T00:03:55","isFullCredit":false},{"lineNumber":5,"author":{"gitId":"-"},"content":"","lastModifiedDate":"2020-05-25T00:03:55","isFullCredit":false},{"lineNumber":6,"author":{"gitId":"-"},"content":"REM delete output from previous run","lastModifiedDate":"2020-05-25T00:03:55","isFullCredit":false},{"lineNumber":7,"author":{"gitId":"-"},"content":"if exist ACTUAL.TXT del ACTUAL.TXT","lastModifiedDate":"2020-08-25T17:23:26","isFullCredit":false},{"lineNumber":8,"author":{"gitId":"-"},"content":"","lastModifiedDate":"2020-05-25T00:03:55","isFullCredit":false},{"lineNumber":9,"author":{"gitId":"-"},"content":"REM compile the code into the bin folder","lastModifiedDate":"2020-05-25T00:03:55","isFullCredit":false},{"lineNumber":10,"author":{"gitId":"-"},"content":"javac  -cp ..\\src\\main\\java -Xlint:none -d ..\\bin ..\\src\\main\\java\\*.java","lastModifiedDate":"2020-08-25T17:23:26","isFullCredit":false},{"lineNumber":11,"author":{"gitId":"-"},"content":"IF ERRORLEVEL 1 (","lastModifiedDate":"2020-05-25T00:03:55","isFullCredit":false},{"lineNumber":12,"author":{"gitId":"-"},"content":"    echo ********** BUILD FAILURE **********","lastModifiedDate":"2020-05-25T00:03:55","isFullCredit":false},{"lineNumber":13,"author":{"gitId":"-"},"content":"    exit /b 1","lastModifiedDate":"2020-05-25T00:03:55","isFullCredit":false},{"lineNumber":14,"author":{"gitId":"-"},"content":")","lastModifiedDate":"2020-05-25T00:03:55","isFullCredit":false},{"lineNumber":15,"author":{"gitId":"-"},"content":"REM no error here, errorlevel \u003d\u003d 0","lastModifiedDate":"2020-05-25T00:03:55","isFullCredit":false},{"lineNumber":16,"author":{"gitId":"-"},"content":"","lastModifiedDate":"2020-05-25T00:03:55","isFullCredit":false},{"lineNumber":17,"author":{"gitId":"-"},"content":"REM run the program, feed commands from input.txt file and redirect the output to the ACTUAL.TXT","lastModifiedDate":"2020-05-25T00:03:55","isFullCredit":false},{"lineNumber":18,"author":{"gitId":"mizzat03"},"content":"java -classpath ..\\bin Lenny \u003c input.txt \u003e ACTUAL.TXT","lastModifiedDate":"2025-08-22T12:29:14","isFullCredit":false},{"lineNumber":19,"author":{"gitId":"mizzat03"},"content":"","lastModifiedDate":"2025-08-22T12:29:14","isFullCredit":false},{"lineNumber":20,"author":{"gitId":"mizzat03"},"content":"REM Compare ACTUAL.TXT with EXPECTED.TXT","lastModifiedDate":"2025-08-22T12:29:14","isFullCredit":false},{"lineNumber":21,"author":{"gitId":"mizzat03"},"content":"fc /n ACTUAL.TXT EXPECTED.TXT \u003e diff.txt","lastModifiedDate":"2025-08-22T12:29:14","isFullCredit":false},{"lineNumber":22,"author":{"gitId":"mizzat03"},"content":"","lastModifiedDate":"2025-08-22T12:29:14","isFullCredit":false},{"lineNumber":23,"author":{"gitId":"mizzat03"},"content":"if errorlevel 1 (","lastModifiedDate":"2025-08-22T12:29:14","isFullCredit":false},{"lineNumber":24,"author":{"gitId":"mizzat03"},"content":"    echo Test result: FAILED","lastModifiedDate":"2025-08-22T12:29:14","isFullCredit":false},{"lineNumber":25,"author":{"gitId":"mizzat03"},"content":"    type diff.txt","lastModifiedDate":"2025-08-22T12:29:14","isFullCredit":false},{"lineNumber":26,"author":{"gitId":"mizzat03"},"content":"    exit /b 1","lastModifiedDate":"2025-08-22T12:29:14","isFullCredit":false},{"lineNumber":27,"author":{"gitId":"mizzat03"},"content":") else (","lastModifiedDate":"2025-08-22T12:29:14","isFullCredit":false},{"lineNumber":28,"author":{"gitId":"mizzat03"},"content":"    echo Test result: PASSED","lastModifiedDate":"2025-08-22T12:29:14","isFullCredit":false},{"lineNumber":29,"author":{"gitId":"mizzat03"},"content":")","lastModifiedDate":"2025-08-22T12:29:14","isFullCredit":false},{"lineNumber":30,"author":{"gitId":"-"},"content":"","lastModifiedDate":"2020-05-25T00:03:55","isFullCredit":false}],"authorContributionMap":{"mizzat03":12,"-":18}},{"path":"text-ui-test/runtest.sh","fileType":"sh","lines":[{"lineNumber":1,"author":{"gitId":"-"},"content":"#!/usr/bin/env bash","lastModifiedDate":"2020-05-25T00:03:55","isFullCredit":false},{"lineNumber":2,"author":{"gitId":"-"},"content":"","lastModifiedDate":"2020-05-25T00:03:55","isFullCredit":false},{"lineNumber":3,"author":{"gitId":"-"},"content":"# create bin directory if it doesn\u0027t exist","lastModifiedDate":"2020-05-25T00:03:55","isFullCredit":false},{"lineNumber":4,"author":{"gitId":"-"},"content":"if [ ! -d \"../bin\" ]","lastModifiedDate":"2020-05-25T00:03:55","isFullCredit":false},{"lineNumber":5,"author":{"gitId":"-"},"content":"then","lastModifiedDate":"2020-05-25T00:03:55","isFullCredit":false},{"lineNumber":6,"author":{"gitId":"-"},"content":"    mkdir ../bin","lastModifiedDate":"2020-05-25T00:03:55","isFullCredit":false},{"lineNumber":7,"author":{"gitId":"-"},"content":"fi","lastModifiedDate":"2020-05-25T00:03:55","isFullCredit":false},{"lineNumber":8,"author":{"gitId":"-"},"content":"","lastModifiedDate":"2020-05-25T00:03:55","isFullCredit":false},{"lineNumber":9,"author":{"gitId":"-"},"content":"# delete output from previous run","lastModifiedDate":"2020-05-25T00:03:55","isFullCredit":false},{"lineNumber":10,"author":{"gitId":"-"},"content":"if [ -e \"./ACTUAL.TXT\" ]","lastModifiedDate":"2020-05-25T00:03:55","isFullCredit":false},{"lineNumber":11,"author":{"gitId":"-"},"content":"then","lastModifiedDate":"2020-05-25T00:03:55","isFullCredit":false},{"lineNumber":12,"author":{"gitId":"-"},"content":"    rm ACTUAL.TXT","lastModifiedDate":"2020-05-25T00:03:55","isFullCredit":false},{"lineNumber":13,"author":{"gitId":"-"},"content":"fi","lastModifiedDate":"2020-05-25T00:03:55","isFullCredit":false},{"lineNumber":14,"author":{"gitId":"-"},"content":"","lastModifiedDate":"2020-05-25T00:03:55","isFullCredit":false},{"lineNumber":15,"author":{"gitId":"-"},"content":"# compile the code into the bin folder, terminates if error occurred","lastModifiedDate":"2020-05-25T00:03:55","isFullCredit":false},{"lineNumber":16,"author":{"gitId":"-"},"content":"if ! javac -cp ../src/main/java -Xlint:none -d ../bin ../src/main/java/*.java","lastModifiedDate":"2020-08-25T17:23:26","isFullCredit":false},{"lineNumber":17,"author":{"gitId":"-"},"content":"then","lastModifiedDate":"2020-05-25T00:03:55","isFullCredit":false},{"lineNumber":18,"author":{"gitId":"-"},"content":"    echo \"********** BUILD FAILURE **********\"","lastModifiedDate":"2020-05-25T00:03:55","isFullCredit":false},{"lineNumber":19,"author":{"gitId":"-"},"content":"    exit 1","lastModifiedDate":"2020-05-25T00:03:55","isFullCredit":false},{"lineNumber":20,"author":{"gitId":"-"},"content":"fi","lastModifiedDate":"2020-05-25T00:03:55","isFullCredit":false},{"lineNumber":21,"author":{"gitId":"-"},"content":"","lastModifiedDate":"2020-05-25T00:03:55","isFullCredit":false},{"lineNumber":22,"author":{"gitId":"-"},"content":"# run the program, feed commands from input.txt file and redirect the output to the ACTUAL.TXT","lastModifiedDate":"2020-05-25T00:03:55","isFullCredit":false},{"lineNumber":23,"author":{"gitId":"mizzat03"},"content":"java -classpath ../bin Lenny \u003c input.txt \u003e ACTUAL.TXT","lastModifiedDate":"2025-08-22T12:29:14","isFullCredit":false},{"lineNumber":24,"author":{"gitId":"-"},"content":"","lastModifiedDate":"2020-05-25T00:03:55","isFullCredit":false},{"lineNumber":25,"author":{"gitId":"-"},"content":"# convert to UNIX format","lastModifiedDate":"2020-05-25T00:03:55","isFullCredit":false},{"lineNumber":26,"author":{"gitId":"-"},"content":"cp EXPECTED.TXT EXPECTED-UNIX.TXT","lastModifiedDate":"2020-05-25T00:03:55","isFullCredit":false},{"lineNumber":27,"author":{"gitId":"-"},"content":"dos2unix ACTUAL.TXT EXPECTED-UNIX.TXT","lastModifiedDate":"2020-05-25T00:03:55","isFullCredit":false},{"lineNumber":28,"author":{"gitId":"-"},"content":"","lastModifiedDate":"2020-05-25T00:03:55","isFullCredit":false},{"lineNumber":29,"author":{"gitId":"-"},"content":"# compare the output to the expected output","lastModifiedDate":"2020-05-25T00:03:55","isFullCredit":false},{"lineNumber":30,"author":{"gitId":"-"},"content":"diff ACTUAL.TXT EXPECTED-UNIX.TXT","lastModifiedDate":"2020-05-25T00:03:55","isFullCredit":false},{"lineNumber":31,"author":{"gitId":"-"},"content":"if [ $? -eq 0 ]","lastModifiedDate":"2020-05-25T00:03:55","isFullCredit":false},{"lineNumber":32,"author":{"gitId":"-"},"content":"then","lastModifiedDate":"2020-05-25T00:03:55","isFullCredit":false},{"lineNumber":33,"author":{"gitId":"-"},"content":"    echo \"Test result: PASSED\"","lastModifiedDate":"2020-05-25T00:03:55","isFullCredit":false},{"lineNumber":34,"author":{"gitId":"-"},"content":"    exit 0","lastModifiedDate":"2020-05-25T00:03:55","isFullCredit":false},{"lineNumber":35,"author":{"gitId":"-"},"content":"else","lastModifiedDate":"2020-05-25T00:03:55","isFullCredit":false},{"lineNumber":36,"author":{"gitId":"-"},"content":"    echo \"Test result: FAILED\"","lastModifiedDate":"2020-05-25T00:03:55","isFullCredit":false},{"lineNumber":37,"author":{"gitId":"-"},"content":"    exit 1","lastModifiedDate":"2020-05-25T00:03:55","isFullCredit":false},{"lineNumber":38,"author":{"gitId":"-"},"content":"fi","lastModifiedDate":"2020-05-25T00:03:55","isFullCredit":false}],"authorContributionMap":{"mizzat03":1,"-":37}}]
