{"authorDailyContributionsMap":{"wengmu":[{"date":"2025-08-22T00:00:00","commitResults":[{"hash":"4f8b3a2f93d06c15b3479c0ddaf6490118728ffb","isMergeCommit":false,"messageTitle":"Implement Level-0 add greetings","messageBody":"","tags":["Level-0"],"fileTypesAndContributionMap":{"java":{"insertions":13,"deletions":10}}},{"hash":"69150074ae671311dea8d6187a8d5fbf6955658d","isMergeCommit":false,"messageTitle":"Implement Level-1 Echo","messageBody":"","tags":["Level-1"],"fileTypesAndContributionMap":{"java":{"insertions":18,"deletions":2}}},{"hash":"4aec72d0ce34b055d4084964fb0f3bb9a061fc24","isMergeCommit":false,"messageTitle":"Implement Level-2 Add, List","messageBody":"","tags":["Level-2"],"fileTypesAndContributionMap":{"java":{"insertions":15,"deletions":3}}},{"hash":"9358ef4116901646aca82369d0e1744e1ae184bc","isMergeCommit":false,"messageTitle":"Implement level-3 Mark as Done","messageBody":"","tags":["Level-3"],"fileTypesAndContributionMap":{"java":{"insertions":43,"deletions":6}}},{"hash":"e51fe7cd1b2d9733fbba89c9ad14d9f29861f31d","isMergeCommit":false,"messageTitle":"Implement Level 4 ToDos, Events, Deadlines","messageBody":"","tags":["Level-4"],"fileTypesAndContributionMap":{"java":{"insertions":80,"deletions":0}}},{"hash":"4fec4d999b479c5b9a45e82cc1cb546d1a5accff","isMergeCommit":false,"messageTitle":"Implement level-5 Handle Errors","messageBody":"","tags":["Level-5"],"fileTypesAndContributionMap":{"java":{"insertions":26,"deletions":4}}},{"hash":"2235ca31062bd12bdb5a5b68699b2a1231427d5c","isMergeCommit":false,"messageTitle":"Implement Level 6 Delete","messageBody":"","tags":["Level-6"],"fileTypesAndContributionMap":{"java":{"insertions":25,"deletions":1}}}]},{"date":"2025-08-24T00:00:00","commitResults":[{"hash":"cb030c01d0bc29fb19c7f39b8fa3ce92c472ffcc","isMergeCommit":false,"messageTitle":"Add  A-TextUiTesting","messageBody":"","tags":["Level-7","A-TextUiTesting"],"fileTypesAndContributionMap":{"txt":{"insertions":12,"deletions":0},"sh":{"insertions":1,"deletions":1}}}]},{"date":"2025-08-28T00:00:00","commitResults":[{"hash":"2c44096545986e8898e45646f4052ae1b886ec5b","isMergeCommit":false,"messageTitle":"Implement Level-7: Save","messageBody":"","fileTypesAndContributionMap":{"java":{"insertions":117,"deletions":6}}},{"hash":"7356f90770892a78b455160f114aaba1d59e9532","isMergeCommit":true,"messageTitle":"Implement Level-7 Save","messageBody":"Merge branch \u0027branch-level-7\u0027\n","fileTypesAndContributionMap":{}}]},{"date":"2025-08-29T00:00:00","commitResults":[{"hash":"2c7f92d3dba7d40d134724a2960fb537f0dd8eae","isMergeCommit":false,"messageTitle":"Implement Level-8: Dates and Times","messageBody":"","fileTypesAndContributionMap":{"java":{"insertions":24,"deletions":5}}},{"hash":"88b2eff6f069e90f03ace111e738d70038561e59","isMergeCommit":true,"messageTitle":"Implement Level-8: Dates and Times Merge branch \u0027branch-Level-8\u0027","messageBody":"","tags":["Level-8"],"fileTypesAndContributionMap":{}}]},{"date":"2025-08-30T00:00:00","commitResults":[{"hash":"57324b9d9c695974f7c957a2d6722406eca66783","isMergeCommit":false,"messageTitle":"Add A-MoreOOP","messageBody":"","tags":["A-MoreOOP"],"fileTypesAndContributionMap":{"java":{"insertions":167,"deletions":138}}},{"hash":"e56a8884008ad01b15cb23c87b1b9b6ffccdf87a","isMergeCommit":false,"messageTitle":"Add A-Packages: Organise into Packages","messageBody":"","tags":["A-Packages"],"fileTypesAndContributionMap":{"java":{"insertions":23,"deletions":0}}},{"hash":"c4b17a45ff4aa7841410bd4e126f4c828cbe7689","isMergeCommit":true,"messageTitle":"Add A-Gradle : Use Gradle Merge remote-tracking branch \u0027origin/add-gradle-support\u0027","messageBody":"","fileTypesAndContributionMap":{}},{"hash":"b274705c88ec68d740b283fe7f211c86cb046b31","isMergeCommit":false,"messageTitle":"Implement A-Gradle: Use Gradle","messageBody":"","tags":["A-Gradle"],"fileTypesAndContributionMap":{"gradle":{"insertions":1,"deletions":1},"txt":{"insertions":1,"deletions":0},"java":{"insertions":2,"deletions":5}}},{"hash":"092f70c45ca86b302db84349c289b1e4989fff9c","isMergeCommit":false,"messageTitle":"Add Junit tests","messageBody":"","tags":["A-JUnit"],"fileTypesAndContributionMap":{"java":{"insertions":80,"deletions":0}}},{"hash":"3651cfcf5b4b82c406781fca28b1e37784524443","isMergeCommit":false,"messageTitle":"Complete A-Jar: Create a JAR file","messageBody":"","tags":["A-Jar"],"fileTypesAndContributionMap":{"gradle":{"insertions":12,"deletions":0}}}]},{"date":"2025-08-31T00:00:00","commitResults":[{"hash":"4e3a96a2243bb5eee82739bd8ab811d4ee62655c","isMergeCommit":false,"messageTitle":"Add A-JavaDoc: Comprehensive documentation","messageBody":"","fileTypesAndContributionMap":{"java":{"insertions":81,"deletions":0}}},{"hash":"959ce7154f2f50f3c5e7974d814d272aa85c7f80","isMergeCommit":false,"messageTitle":"Add A-CodingStandard","messageBody":"","fileTypesAndContributionMap":{"gradle":{"insertions":1,"deletions":1},"java":{"insertions":52,"deletions":40},"md":{"insertions":20,"deletions":13}}},{"hash":"aaeb4fd77295398695ae95ae34ab0f6a8782700b","isMergeCommit":false,"messageTitle":"Complete Level-9: Find","messageBody":"","fileTypesAndContributionMap":{"txt":{"insertions":4,"deletions":0},"java":{"insertions":56,"deletions":6}}},{"hash":"b8dcb9ff42778ffaaa51a9febcb6e701aef8aa87","isMergeCommit":true,"messageTitle":"Resolve merge conflicts between JavaDoc and CodingStandard","messageBody":"","tags":["A-CodingStandard"],"fileTypesAndContributionMap":{}},{"hash":"51009b559ded2f30db79c1aaa02c0402ed1bf7c5","isMergeCommit":true,"messageTitle":"Resolve merge conflicts for Level-9 Find","messageBody":"","tags":["Level-9"],"fileTypesAndContributionMap":{}}]},{"date":"2025-09-04T00:00:00","commitResults":[{"hash":"c9664fdd0683469e020c43fe44852ea428f95425","isMergeCommit":false,"messageTitle":"Update README.md","messageBody":"","fileTypesAndContributionMap":{"md":{"insertions":36,"deletions":33}}}]}]},"authorFileTypeContributionMap":{"wengmu":{"java":563,"md":38,"fxml":0,"sh":1,"bat":0,"gradle":13,"txt":17}},"authorContributionVariance":{"wengmu":10402.431},"authorDisplayNameMap":{"wengmu":"CS2103T-W10-2 CHIA.. MUN"}}
