{"authorDailyContributionsMap":{"tgonet":[{"date":"2025-08-19T00:00:00","commitResults":[{"hash":"5b31a4f2e39edc513ded0b32dc15cfa40b2f2378","isMergeCommit":false,"messageTitle":"Completed Level 0","messageBody":"- Changed all \"Duke\" occurence to \"Tom\n- Updated the welcome and exit message\n","tags":["Level-0"],"fileTypesAndContributionMap":{"java":{"insertions":15,"deletions":10},"sh":{"insertions":1,"deletions":1}}},{"hash":"ead53e28768adaebc1b5cd41adfa939790589677","isMergeCommit":false,"messageTitle":"Improved the current version to match Level 1","messageBody":"- Chatbot now echos user input\n- Chatbot exits when bye is entered\n","tags":["Level-1"],"fileTypesAndContributionMap":{"java":{"insertions":18,"deletions":3}}},{"hash":"421dc153d181ad0242dfc4358c3fb8b7ae39d3bb","isMergeCommit":false,"messageTitle":"Added List function","messageBody":"- Updated the code to add a record to the list\n- Updated to show the list of records\n","tags":["Level-2"],"fileTypesAndContributionMap":{"java":{"insertions":35,"deletions":10}}},{"hash":"5d6689f56e0e37cb0f5576b8adb2b29fb192c128","isMergeCommit":false,"messageTitle":"Added marked as done","messageBody":"- Added the unmark function to uncheck a record\n- Added the mark function to check a record\n","tags":["Level-3"],"fileTypesAndContributionMap":{"java":{"insertions":43,"deletions":21}}},{"hash":"a099ee459cd78d43a20ffa492e5e7ae380c27eec","isMergeCommit":false,"messageTitle":"Added Task.java and its subclasses","messageBody":"This commit is to add support for tracking three types of tasks (deadline/todo/events)\n\n- Added Task class\n- Added ToDo class (subclass of Task)\n- Added Events (subclass of Task\n- Added Deadline class (subclass of Task)\n","fileTypesAndContributionMap":{"java":{"insertions":58,"deletions":0}}}]},{"date":"2025-08-20T00:00:00","commitResults":[{"hash":"14febc3a894ead134138139256af79580b363e1f","isMergeCommit":false,"messageTitle":"Updated Tom.java to utilise the new classes","messageBody":"- Updated Deadline.java toString method for formatting\n- Updated ToDo.java toString method for formatting\n- Updated Events.java toString method for formatting\n","tags":["Level-4"],"fileTypesAndContributionMap":{"java":{"insertions":54,"deletions":23}}},{"hash":"510553baf076f323cea8c8ec8c9a50bd4e72190d","isMergeCommit":false,"messageTitle":"Added UI Text Testing","messageBody":"- Updated the bat file\n- Removed the sh file\n- Updated the expected result\n- Updated the inputs\n","tags":["A-TextUiTesting"],"fileTypesAndContributionMap":{"txt":{"insertions":4,"deletions":0},"java":{"insertions":0,"deletions":7},"bat":{"insertions":1,"deletions":1}}},{"hash":"13e12eb96c53eff3c6051c794e2033a490fcc3f6","isMergeCommit":false,"messageTitle":"Implemented Error Messages","messageBody":"- Used the TomException class from Exception as the extension\n","tags":["Level-5"],"fileTypesAndContributionMap":{"java":{"insertions":58,"deletions":21}}},{"hash":"6c8efa72c77f8106348ec0a06a53d749f5ade784","isMergeCommit":false,"messageTitle":"Added Delete feature","messageBody":"- Added removeTask function for deleting of task\n","tags":["Level-6"],"fileTypesAndContributionMap":{"java":{"insertions":22,"deletions":6}}}]},{"date":"2025-08-28T00:00:00","commitResults":[{"hash":"54ee96172e67932ead29d005136de0fed08429e4","isMergeCommit":false,"messageTitle":"Add local storage function","messageBody":"- Add more string functions to accomdate the local storage functions\n- Edit Tom.java to use the new feature of local storage\n","tags":["Level-7"],"fileTypesAndContributionMap":{"txt":{"insertions":2,"deletions":0},"java":{"insertions":201,"deletions":43}}},{"hash":"fabddb84468baf1f3d107ec2a05f22c446f7317f","isMergeCommit":false,"messageTitle":"Add Time and Date feature","messageBody":"- Update Task subclasses to use LocalDateTime instead of String\n- Update the FileManager and Tom.java to parse the String datetime to LocalDateTime object\n","fileTypesAndContributionMap":{"txt":{"insertions":4,"deletions":4},"java":{"insertions":29,"deletions":17}}},{"hash":"a07a787457588b5f085c7d3b9b06faab4d906397","isMergeCommit":false,"messageTitle":"Edit error messages - If user did not enter the correct format for datetime the error message will response","messageBody":"","fileTypesAndContributionMap":{"java":{"insertions":5,"deletions":5}}}]},{"date":"2025-08-29T00:00:00","commitResults":[{"hash":"6a6ce5cd718fc2aefb276ad53510d1ec80b02b23","isMergeCommit":false,"messageTitle":"Add stretch goal","messageBody":"- Added a new command \"occur\" to track activities on a day\n- Add getter methods for Deadline.java and Events.java\n","fileTypesAndContributionMap":{"java":{"insertions":41,"deletions":0}}},{"hash":"74610fc6b4784508a2cd98af01c5cd83e0676579","isMergeCommit":false,"messageTitle":"For commit purposes","messageBody":"","fileTypesAndContributionMap":{"java":{"insertions":1,"deletions":0}}},{"hash":"5b13543447f5302912966f2e888a2c78e5ff6d95","isMergeCommit":true,"messageTitle":"Merge branch \u0027branch-level-8\u0027","messageBody":"","tags":["Level-8"],"fileTypesAndContributionMap":{}}]},{"date":"2025-08-30T00:00:00","commitResults":[{"hash":"26fa8f4dfc3ddc56bac764c8ca566d7977279b88","isMergeCommit":false,"messageTitle":"Refactor Tom.java","messageBody":"- Refactor code for editing the task list into TaskManager.java\n- Edit the TomException exceptions\n","tags":["A-MoreOOP"],"fileTypesAndContributionMap":{"txt":{"insertions":5,"deletions":1},"java":{"insertions":231,"deletions":182}}},{"hash":"43b557a5b51cb8b708bb7ef6409ce99a49929c0e","isMergeCommit":false,"messageTitle":"Remove unused imports","messageBody":"","fileTypesAndContributionMap":{"java":{"insertions":0,"deletions":6}}},{"hash":"a227a2ee8298b281c876a2112c4a30992ad6877c","isMergeCommit":false,"messageTitle":"Add packages for Tom","messageBody":"- Task folder contains all the task classes\n- Task manager folder contains the code to handle task list logic\n- File manager folder contains code that handles the IO file operations\n- Exception folder contains the TomException class\n","tags":["A-Packages"],"fileTypesAndContributionMap":{"java":{"insertions":35,"deletions":1}}},{"hash":"2133067032cc8e188a5f8450ede81b7cf1aeb66a","isMergeCommit":true,"messageTitle":"Merge remote-tracking branch \u0027origin/add-gradle-support\u0027","messageBody":"","tags":["A-Gradle"],"fileTypesAndContributionMap":{}},{"hash":"4718864d72bab5a16faa51df47b25f98c6018dcb","isMergeCommit":false,"messageTitle":"Add JUnit Test","messageBody":"- Add test subfolder in src\n- Add input test case for addtask for task manager class\n","tags":["A-JUnit"],"fileTypesAndContributionMap":{"txt":{"insertions":4,"deletions":0},"java":{"insertions":51,"deletions":1}}},{"hash":"2dd4d9ea032bf1037c4f44929d16748353cf193a","isMergeCommit":false,"messageTitle":"Add jar function","messageBody":"","tags":["A-Jar"],"fileTypesAndContributionMap":{"gradle":{"insertions":2,"deletions":2},"txt":{"insertions":1,"deletions":0},"md":{"insertions":5,"deletions":0}}},{"hash":"84ac6e7a0d3d4208597d37b07759a28633bb95ef","isMergeCommit":false,"messageTitle":"Add JavaDocs","messageBody":"","fileTypesAndContributionMap":{"java":{"insertions":231,"deletions":0}}},{"hash":"1d324f09d6ac8c048941ef9cfb88c9e7b5594f35","isMergeCommit":false,"messageTitle":"Add find feature","messageBody":"- Update TaskManager.java to allow finding of task in the list\n","fileTypesAndContributionMap":{"java":{"insertions":36,"deletions":3}}},{"hash":"181f11933189cbd8410bf467caf2b4fc23202741","isMergeCommit":true,"messageTitle":"Merge branch \u0027A-JavaDoc\u0027","messageBody":"","fileTypesAndContributionMap":{}},{"hash":"8081375931d5fb06e75fc7318395ee2e1fca362a","isMergeCommit":true,"messageTitle":"Merge branch \u0027Level-9\u0027","messageBody":"","fileTypesAndContributionMap":{}},{"hash":"1a69e65b16e7d9ffedd9707a1718a779ad4c6e9f","isMergeCommit":false,"messageTitle":"To fix commit branching mistake","messageBody":"","fileTypesAndContributionMap":{"java":{"insertions":1,"deletions":0}}},{"hash":"59817cc95c855fab3bb58e66deb4e9e5179ef59b","isMergeCommit":true,"messageTitle":"Merge branch \u0027branch-A-JavaDoc\u0027","messageBody":"","tags":["A-JavaDoc"],"fileTypesAndContributionMap":{}},{"hash":"f13145febbb6d9dc08fe58a0bca30e1412119eca","isMergeCommit":false,"messageTitle":"Edit the project to coding standards","messageBody":"","fileTypesAndContributionMap":{"java":{"insertions":85,"deletions":84}}},{"hash":"445838ac037930631c6a5c8c5df5fb67025e0534","isMergeCommit":true,"messageTitle":"Merge branch \u0027branch-A-CodingStandard\u0027","messageBody":"","fileTypesAndContributionMap":{}},{"hash":"b0d93936282e74246c12c54afc20003947ce6400","isMergeCommit":false,"messageTitle":"Minor edit to fix task after merge conflict","messageBody":"","tags":["A-CodingStandard"],"fileTypesAndContributionMap":{"java":{"insertions":8,"deletions":7}}},{"hash":"cf422851afc42a03384b088302a532775130fe98","isMergeCommit":false,"messageTitle":"Edit to fix branching mistake","messageBody":"","fileTypesAndContributionMap":{"java":{"insertions":0,"deletions":1}}},{"hash":"de54a72e53e0f820acffa5a3cbccbc94a7b7aca6","isMergeCommit":true,"messageTitle":"Merge branch \u0027branch-Level-9\u0027","messageBody":"","tags":["Level-9"],"fileTypesAndContributionMap":{}}]},{"date":"2025-09-04T00:00:00","commitResults":[{"hash":"3af2b00920196a306e2bd88079492aded0d252fb","isMergeCommit":false,"messageTitle":"Move UI to a class","messageBody":"- Updated TaskManager.java and Tom.java to refactor all the print statements into a UI class\n","fileTypesAndContributionMap":{"txt":{"insertions":3,"deletions":4},"java":{"insertions":157,"deletions":108}}},{"hash":"0520945df8121de55fb2503fad7f8bde34830431","isMergeCommit":false,"messageTitle":"Add CheckStyle plugin","messageBody":"- Updated some files based on checkstyle issues\n","fileTypesAndContributionMap":{"java":{"insertions":99,"deletions":67}}},{"hash":"213d4f8ba1f5c91c6e51f0d29b9bd55e63ccf274","isMergeCommit":false,"messageTitle":"Edit code for more style issues","messageBody":"","fileTypesAndContributionMap":{"java":{"insertions":5,"deletions":5}}},{"hash":"fbd25d7be4d8769a5761b18e581e5c1c00b3660b","isMergeCommit":false,"messageTitle":"commit to fix branch issue","messageBody":"","fileTypesAndContributionMap":{"java":{"insertions":1,"deletions":0}}},{"hash":"ec1253a4209a7b05719a645eabbe14af65a3a759","isMergeCommit":true,"messageTitle":"Merge branch \u0027branch-A-CheckStyle\u0027","messageBody":"","tags":["A-CheckStyle"],"fileTypesAndContributionMap":{}},{"hash":"46c838394eaf75e927731a0d07467b2c393ce07d","isMergeCommit":false,"messageTitle":"Add JavaFX","messageBody":"- Convert text based UI with UI.java to GUI with JavaFx\n","fileTypesAndContributionMap":{"gradle":{"insertions":16,"deletions":1},"txt":{"insertions":2,"deletions":5},"fxml":{"insertions":66,"deletions":0},"java":{"insertions":246,"deletions":76}}},{"hash":"0c403ba58da0f6908fd6e826e7f9123854efe22b","isMergeCommit":true,"messageTitle":"Merge branch \u0027branch-Level-10\u0027","messageBody":"","tags":["Level-10"],"fileTypesAndContributionMap":{}}]},{"date":"2025-09-10T00:00:00","commitResults":[{"hash":"8ce075f5d89ad406008f1fc3621614036ef0f021","isMergeCommit":false,"messageTitle":"Update to fix the main entry point issue","messageBody":"","fileTypesAndContributionMap":{"gradle":{"insertions":1,"deletions":1},"txt":{"insertions":2,"deletions":0}}},{"hash":"2be678f7a24d098fd96f815cc1d9e485cb5920b4","isMergeCommit":false,"messageTitle":"Update for git commit message","messageBody":"Add JAR file for\nweek 5 requirements\n\nInclude executable JAR built with Gradle. All tests pass, but this\ncommit does not include a release build.\n","tags":["A-FullCommitMessage"],"fileTypesAndContributionMap":{"java":{"insertions":1,"deletions":0}}},{"hash":"9e06fdf4bce40dbce798eb187afe22a650847b7e","isMergeCommit":false,"messageTitle":"Add assert statements to validate program assumptions","messageBody":"Introduce assert statements to catch potential list size bugs and\nvalidate assumptions that should always hold during execution.\n\nThese checks help detect logical errors early in development.\n","fileTypesAndContributionMap":{"java":{"insertions":5,"deletions":1}}},{"hash":"3706d8b50d48c40d46e01f1d231cf3eff922bd58","isMergeCommit":true,"messageTitle":"Merge pull request #1 from tgonet/branch-A-Assertions","messageBody":"Add assert statements to validate program assumptions","tags":["A-Assertions"],"fileTypesAndContributionMap":{}},{"hash":"29a0a4cb12d7fa1abef967b62f68cff16f8ac1b6","isMergeCommit":false,"messageTitle":"Improve code readability by refactoring decision statements","messageBody":"Refactor if-else statements and boolean conditions to make the logic\neasier to read and understand. These changes do not alter program\nbehavior but enhance maintainability.\n","fileTypesAndContributionMap":{"java":{"insertions":130,"deletions":120}}},{"hash":"b31ec5d7af8d29408318c6c7f6d8ce68914af73c","isMergeCommit":true,"messageTitle":"Merge branch \u0027master\u0027 into !branch-A-CodeQuality","messageBody":"","fileTypesAndContributionMap":{}},{"hash":"210338ef28695d5359a2aba6e9acba17480c6bf1","isMergeCommit":false,"messageTitle":"Fix mistake commit","messageBody":"Forgot to commit the TaskManager.java file\n","fileTypesAndContributionMap":{"java":{"insertions":1,"deletions":0}}},{"hash":"2e962c20650595e17cbed70131fdb9ad0c96c7d6","isMergeCommit":true,"messageTitle":"Merge pull request #3 from tgonet/branch-A-CodeQuality","messageBody":"Branch a code quality","tags":["A-CodeQuality"],"fileTypesAndContributionMap":{}}]},{"date":"2025-09-11T00:00:00","commitResults":[{"hash":"475cd03d496ca3154d3ef30b2ba8c8a50f7316bc","isMergeCommit":false,"messageTitle":"Add duplicate task detection based on name and timing","messageBody":"Adds a function to detect duplicate tasks by comparing name and timing\nfields. Throws a TomException and displays a message if a duplicate\ntask is detected.\n","tags":["BCD-Extension"],"fileTypesAndContributionMap":{"txt":{"insertions":4,"deletions":1},"java":{"insertions":62,"deletions":0}}}]},{"date":"2025-09-14T00:00:00","commitResults":[{"hash":"89467c06f8bb26aac67d64e64ba5bef52b924723","isMergeCommit":false,"messageTitle":"Update fix version 1","messageBody":"Change package name to lower case project wide\nand fix a braces issue in TaskManager.java\n","fileTypesAndContributionMap":{"java":{"insertions":0,"deletions":0}}},{"hash":"b86a16304f840dcb9a2fdc531fd976a545fc7562","isMergeCommit":false,"messageTitle":"Update fix 2","messageBody":"Change package name to lower case project wide\n\nand fix a braces issue in TaskManager.java\n","fileTypesAndContributionMap":{"gradle":{"insertions":1,"deletions":1},"txt":{"insertions":1,"deletions":0},"fxml":{"insertions":1,"deletions":1},"java":{"insertions":57,"deletions":54},"bat":{"insertions":1,"deletions":1}}},{"hash":"0d91352ee92c53288e7693c522a5e666260d7364","isMergeCommit":false,"messageTitle":"Add Java Docs and refactor parsing code","messageBody":"Rename AddTask to AddTaskProcessor\n\nRefactor AddTaskProcessor pasring code into Parser class\n\nMove actual adding of task into AddTask method from\nAddTaskProcessor\n\nRefactor isDuplicate exception into the method\n","fileTypesAndContributionMap":{"txt":{"insertions":101,"deletions":10},"java":{"insertions":336,"deletions":96}}},{"hash":"3a5a6a2c7a9687ee70cc801b25583bc57ff47e28","isMergeCommit":false,"messageTitle":"Add more test case for TaskManagerTest.java","messageBody":"Include\n- AddEventTask\n- AddTaskLimitExceeded\n- RemoveTaskInvalidIndex\n","fileTypesAndContributionMap":{"java":{"insertions":43,"deletions":3}}}]},{"date":"2025-09-16T00:00:00","commitResults":[{"hash":"cb467f7bba02c72645e56b3c68605a26ba2ad0df","isMergeCommit":false,"messageTitle":"Add 1 more test case for increment","messageBody":"","tags":["A-Release","A-AiAssisted"],"fileTypesAndContributionMap":{"txt":{"insertions":0,"deletions":102},"java":{"insertions":12,"deletions":0}}}]},{"date":"2025-09-18T00:00:00","commitResults":[{"hash":"cf2a378b47dc46f0eeb0bda981ff4efbeca53eb4","isMergeCommit":false,"messageTitle":"Update for Ui.png","messageBody":"Add title to window bar\n\nUpdate build.gradle for shadowjar\n","fileTypesAndContributionMap":{"gradle":{"insertions":1,"deletions":1},"java":{"insertions":1,"deletions":0}}},{"hash":"39d22ea206a5a6f1c1f963688780ed4a36487d95","isMergeCommit":false,"messageTitle":"Update README.md","messageBody":"Test the formating for userguide md","fileTypesAndContributionMap":{"md":{"insertions":15,"deletions":12}}}]}]},"authorFileTypeContributionMap":{"tgonet":{"java":1449,"md":19,"fxml":66,"sh":1,"bat":1,"gradle":17,"txt":6}},"authorContributionVariance":{"tgonet":50851.066},"authorDisplayNameMap":{"tgonet":"CS2103-F11-1 TAN .. ZHE"}}
