{"authorDailyContributionsMap":{"isaaclim01":[{"date":"2025-08-21T00:00:00","commitResults":[{"hash":"6c88cfacf95a1804dd71fefa18b1eec74fb732b8","isMergeCommit":false,"messageTitle":"Rename, Greet, Exit","messageBody":"","tags":["Level-0"],"fileTypesAndContributionMap":{"java":{"insertions":9,"deletions":10}}},{"hash":"8c452bdf3e171802b5bb106b863be344172a2555","isMergeCommit":false,"messageTitle":"Echo","messageBody":"","tags":["Level-1"],"fileTypesAndContributionMap":{"java":{"insertions":15,"deletions":0}}},{"hash":"13459cb9c887232849f8a7dd2e04f9625022d220","isMergeCommit":false,"messageTitle":"Add, List","messageBody":"","tags":["Level-2"],"fileTypesAndContributionMap":{"java":{"insertions":25,"deletions":4}}},{"hash":"66bcd9d02b58a5949abd28cb98880910c51dcdbc","isMergeCommit":false,"messageTitle":"Mark as Done","messageBody":"","tags":["Level-3"],"fileTypesAndContributionMap":{"java":{"insertions":72,"deletions":14}}},{"hash":"9768fed8a4171016a27ecfe023e5d7463864e939","isMergeCommit":false,"messageTitle":"split the super long if else block into command classes","messageBody":"","fileTypesAndContributionMap":{"java":{"insertions":92,"deletions":50}}},{"hash":"b7de2b57ae9ed6f1c3de5ba87b45bab754bc4aa0","isMergeCommit":false,"messageTitle":"ToDos, Events, Deadlines","messageBody":"","tags":["Level-4"],"fileTypesAndContributionMap":{"java":{"insertions":112,"deletions":20}}}]},{"date":"2025-08-22T00:00:00","commitResults":[{"hash":"e3af1bbd4be5aa72ac4835d68736559229657bd4","isMergeCommit":false,"messageTitle":"Automated Text UI Testing","messageBody":"","tags":["A-TextUiTesting"],"fileTypesAndContributionMap":{"txt":{"insertions":10,"deletions":0},"java":{"insertions":36,"deletions":11},"bat":{"insertions":2,"deletions":1}}},{"hash":"a6ba4785a32a75211670054070ce7ecabe7b60f8","isMergeCommit":false,"messageTitle":"Handle Errors","messageBody":"","tags":["Level-5"],"fileTypesAndContributionMap":{"txt":{"insertions":1,"deletions":0},"java":{"insertions":83,"deletions":22}}},{"hash":"58a7f2768f6305e30b4aa37660902000e2e68ff6","isMergeCommit":false,"messageTitle":"Delete","messageBody":"","tags":["Level-6"],"fileTypesAndContributionMap":{"txt":{"insertions":0,"deletions":1},"java":{"insertions":38,"deletions":16}}},{"hash":"181bb44406108e5cd6477adbb6dba169c72f1db3","isMergeCommit":false,"messageTitle":"Use Enums for CommandMapper","messageBody":"","tags":["A-Enums"],"fileTypesAndContributionMap":{"java":{"insertions":53,"deletions":36}}}]}]},"authorFileTypeContributionMap":{"isaaclim01":{"java":362,"md":0,"fxml":0,"sh":0,"bat":2,"gradle":0,"txt":10}},"authorContributionVariance":{"isaaclim01":15947.314},"authorDisplayNameMap":{"isaaclim01":"LIM ..SAAC"}}
