{"authorDailyContributionsMap":{"isaaclim01":[{"date":"2025-08-21T00:00:00","commitResults":[{"hash":"6c88cfacf95a1804dd71fefa18b1eec74fb732b8","isMergeCommit":false,"messageTitle":"Rename, Greet, Exit","messageBody":"","tags":["Level-0"],"fileTypesAndContributionMap":{"java":{"insertions":9,"deletions":10}}},{"hash":"8c452bdf3e171802b5bb106b863be344172a2555","isMergeCommit":false,"messageTitle":"Echo","messageBody":"","tags":["Level-1"],"fileTypesAndContributionMap":{"java":{"insertions":15,"deletions":0}}},{"hash":"13459cb9c887232849f8a7dd2e04f9625022d220","isMergeCommit":false,"messageTitle":"Add, List","messageBody":"","tags":["Level-2"],"fileTypesAndContributionMap":{"java":{"insertions":25,"deletions":4}}},{"hash":"66bcd9d02b58a5949abd28cb98880910c51dcdbc","isMergeCommit":false,"messageTitle":"Mark as Done","messageBody":"","tags":["Level-3"],"fileTypesAndContributionMap":{"java":{"insertions":72,"deletions":14}}},{"hash":"9768fed8a4171016a27ecfe023e5d7463864e939","isMergeCommit":false,"messageTitle":"split the super long if else block into command classes","messageBody":"","fileTypesAndContributionMap":{"java":{"insertions":92,"deletions":50}}},{"hash":"b7de2b57ae9ed6f1c3de5ba87b45bab754bc4aa0","isMergeCommit":false,"messageTitle":"ToDos, Events, Deadlines","messageBody":"","tags":["Level-4"],"fileTypesAndContributionMap":{"java":{"insertions":112,"deletions":20}}}]}]},"authorFileTypeContributionMap":{"isaaclim01":{"java":237,"md":0,"fxml":0,"sh":0,"bat":0,"gradle":0,"txt":0}},"authorContributionVariance":{"isaaclim01":11867.739},"authorDisplayNameMap":{"isaaclim01":"LIM ..SAAC"}}
