{"authorDailyContributionsMap":{"Soo42":[{"date":"2025-08-18T00:00:00","commitResults":[{"hash":"6f35c646906ad18e5342be6c4ebfa46e6de1a1dd","isMergeCommit":false,"messageTitle":"Rename the chatbot","messageBody":"","fileTypesAndContributionMap":{"java":{"insertions":10,"deletions":0}}},{"hash":"7c81c9ad2f4d96d3adb73d98aeea2f492cd618de","isMergeCommit":false,"messageTitle":"Remove Duke.java after renaming chatbot to Aries","messageBody":"","fileTypesAndContributionMap":{"java":{"insertions":0,"deletions":10}}},{"hash":"c6808bb0e7968034ba8121bb7fb1f0964f523b56","isMergeCommit":false,"messageTitle":"Add greeting","messageBody":"","fileTypesAndContributionMap":{"java":{"insertions":6,"deletions":6}}},{"hash":"801a41fb0ea37ea13862cb099d56ac8195fad355","isMergeCommit":false,"messageTitle":"Add exit message","messageBody":"","tags":["Level-0"],"fileTypesAndContributionMap":{"java":{"insertions":2,"deletions":0}}}]},{"date":"2025-08-19T00:00:00","commitResults":[{"hash":"1533ad717974a1d669e533f7aaa6857eda23a472","isMergeCommit":false,"messageTitle":"Echo commands back and exit with bye","messageBody":"","tags":["Level-1"],"fileTypesAndContributionMap":{"java":{"insertions":23,"deletions":3}}},{"hash":"eb0ef7da9cfbfe0e9ac15a1742d4a38ba000ae8e","isMergeCommit":false,"messageTitle":"Resolve warning by closing scanner","messageBody":"","fileTypesAndContributionMap":{"java":{"insertions":2,"deletions":0}}},{"hash":"d2d0a8850502b5c60939f2872413b89f84d1e5ab","isMergeCommit":false,"messageTitle":"Add user input into a list","messageBody":"","tags":["Level-2"],"fileTypesAndContributionMap":{"java":{"insertions":16,"deletions":5}}},{"hash":"24cc4c4578d8d5af3e4c497679bd4027cd7ef06b","isMergeCommit":false,"messageTitle":"Create task object","messageBody":"","fileTypesAndContributionMap":{"java":{"insertions":26,"deletions":0}}},{"hash":"a8a4cbbe180d74b747f8c41d44f0481f6e9c755b","isMergeCommit":false,"messageTitle":"Store input in Task list","messageBody":"","fileTypesAndContributionMap":{"java":{"insertions":2,"deletions":2}}},{"hash":"846052c2f28427522f1c072bdfffbc8d9db46055","isMergeCommit":false,"messageTitle":"change to switch case","messageBody":"","fileTypesAndContributionMap":{"java":{"insertions":23,"deletions":21}}},{"hash":"fa1103e0011186b5e4cab7c548e7165aa26971b5","isMergeCommit":false,"messageTitle":"Mark task as done","messageBody":"","tags":["Level-3"],"fileTypesAndContributionMap":{"java":{"insertions":24,"deletions":1}}},{"hash":"a657dd89293b11766c9bf08e691145290c7e2a8b","isMergeCommit":false,"messageTitle":"Add Todo Task","messageBody":"","fileTypesAndContributionMap":{"java":{"insertions":11,"deletions":0}}},{"hash":"4d5b3a56b61062cfb0aee6984f04514855a883de","isMergeCommit":false,"messageTitle":"Add deadline task","messageBody":"","fileTypesAndContributionMap":{"java":{"insertions":13,"deletions":0}}},{"hash":"9f190088e4b8651c843b5fb9efd10fba15bf5806","isMergeCommit":false,"messageTitle":"Add Events task","messageBody":"","fileTypesAndContributionMap":{"java":{"insertions":15,"deletions":0}}},{"hash":"7a5000ecf9a1cdafec740d8ddb342b086d63ff59","isMergeCommit":false,"messageTitle":"Add todo command","messageBody":"","fileTypesAndContributionMap":{"java":{"insertions":12,"deletions":0}}},{"hash":"2395fd37358d830d9d8cb0cbe61bb59b8e663c83","isMergeCommit":false,"messageTitle":"Add deadline command","messageBody":"","fileTypesAndContributionMap":{"java":{"insertions":13,"deletions":0}}},{"hash":"9adf439a575cbeb3b838f6d19974500849ee351a","isMergeCommit":false,"messageTitle":"Add event command","messageBody":"","fileTypesAndContributionMap":{"java":{"insertions":14,"deletions":0}}},{"hash":"73a5e815e3b5c1cea30990edfc7d660bbc876d3b","isMergeCommit":false,"messageTitle":"Modify the event output","messageBody":"","tags":["Level-4"],"fileTypesAndContributionMap":{"java":{"insertions":1,"deletions":1}}},{"hash":"13f2614dcd8366b3b6e34bf5814988ac3a2d3df8","isMergeCommit":false,"messageTitle":"Add input test case","messageBody":"","fileTypesAndContributionMap":{"txt":{"insertions":13,"deletions":0}}},{"hash":"e77ed2cb31d1060725f0ecec3d5dd55f111d52c9","isMergeCommit":false,"messageTitle":"Modify runtest.sh path","messageBody":"","tags":["A-TextUiTesting"],"fileTypesAndContributionMap":{"sh":{"insertions":1,"deletions":1}}},{"hash":"5fa170139aadffef2c202118b2418dcb5ca1905b","isMergeCommit":false,"messageTitle":"Add exception specific to chatbot","messageBody":"","fileTypesAndContributionMap":{"java":{"insertions":5,"deletions":0}}},{"hash":"683b2f8f1c960748b26467b3d9624fcad084f1fe","isMergeCommit":false,"messageTitle":"Change default behaviour","messageBody":"","fileTypesAndContributionMap":{"java":{"insertions":87,"deletions":80}}},{"hash":"0adb48045745837afa65036f29a07a31070ca0e8","isMergeCommit":false,"messageTitle":"Error handling for mark task","messageBody":"","fileTypesAndContributionMap":{"java":{"insertions":29,"deletions":6}}},{"hash":"d967997af031a98dabe1d5fe07e80a204e4c8271","isMergeCommit":false,"messageTitle":"Error handling for task description","messageBody":"","fileTypesAndContributionMap":{"java":{"insertions":12,"deletions":0}}},{"hash":"60abf1d33d4ac2440a5c7d790ff0351a01be1bcc","isMergeCommit":false,"messageTitle":"Error handling for time description","messageBody":"","tags":["Level-5"],"fileTypesAndContributionMap":{"java":{"insertions":8,"deletions":0}}},{"hash":"c0f1185cfd7350c55f3f4af46b28c9b5669ad635","isMergeCommit":false,"messageTitle":"Change tasks from array to arraylist","messageBody":"","fileTypesAndContributionMap":{"java":{"insertions":21,"deletions":17}}},{"hash":"e69a5d318f09aa74f15b1631b333b65a8ab4090b","isMergeCommit":false,"messageTitle":"Add delete command","messageBody":"","fileTypesAndContributionMap":{"java":{"insertions":15,"deletions":2}}},{"hash":"913b2fd9bb920c0c7ea6d2dcafeadf761a75baa9","isMergeCommit":false,"messageTitle":"Add helper to print add task","messageBody":"","tags":["Level-6"],"fileTypesAndContributionMap":{"java":{"insertions":12,"deletions":15}}}]},{"date":"2025-08-26T00:00:00","commitResults":[{"hash":"89a1b563edadc480ff0346579a85bb40047feb6b","isMergeCommit":false,"messageTitle":"Move print task to UI","messageBody":"","fileTypesAndContributionMap":{"java":{"insertions":10,"deletions":40}}},{"hash":"a503eb2d51f4c66b1cdfa7fcc7e8cf8d90153ac6","isMergeCommit":false,"messageTitle":"Move print task to UI","messageBody":"","fileTypesAndContributionMap":{"java":{"insertions":50,"deletions":0}}}]},{"date":"2025-08-27T00:00:00","commitResults":[{"hash":"bef5aae5ac6e1b4a8cc50696936678a1cd9223d0","isMergeCommit":false,"messageTitle":"Move command to parser","messageBody":"","fileTypesAndContributionMap":{"java":{"insertions":242,"deletions":115}}},{"hash":"3d38e0166f66dd11a62cc65b3800a63068cd995e","isMergeCommit":false,"messageTitle":"Make task not initializable","messageBody":"","fileTypesAndContributionMap":{"java":{"insertions":1,"deletions":1}}},{"hash":"130ad9ad906228034aeff5e6a0fd4a91aea7c730","isMergeCommit":false,"messageTitle":"Serialise and deserialise","messageBody":"","fileTypesAndContributionMap":{"java":{"insertions":123,"deletions":39}}},{"hash":"f4354cc147383a3a4b77df9af7b81234f7260d5f","isMergeCommit":true,"messageTitle":"Merge branch Level 7","messageBody":"","tags":["Level-7"],"fileTypesAndContributionMap":{}},{"hash":"76c1be9ba80a6a1b6d85003e8e41a2984df22e92","isMergeCommit":false,"messageTitle":"Add date and time","messageBody":"","fileTypesAndContributionMap":{"java":{"insertions":47,"deletions":8}}},{"hash":"832ddf5e53f47a2c75db48f48b4dc42ee4755b76","isMergeCommit":true,"messageTitle":"Merge branch Level 8","messageBody":"","tags":["Level-8"],"fileTypesAndContributionMap":{}},{"hash":"712458d595e7acd367f55ef3f6cc0fb752cc6df7","isMergeCommit":false,"messageTitle":"Add More OOP","messageBody":"","fileTypesAndContributionMap":{"java":{"insertions":20,"deletions":8}}},{"hash":"f1d9557be35c5f193b28984585350e3a2d93aa48","isMergeCommit":true,"messageTitle":"Merge OOP concept","messageBody":"","tags":["A-MoreOOP"],"fileTypesAndContributionMap":{}},{"hash":"36a89ca9a2676db082fa149accf1cca20f089964","isMergeCommit":false,"messageTitle":"Add main package","messageBody":"","fileTypesAndContributionMap":{"java":{"insertions":44,"deletions":0}}},{"hash":"aaa13e02bc70f1ae164ed136961d2609f7b94424","isMergeCommit":false,"messageTitle":"Add storage package","messageBody":"","fileTypesAndContributionMap":{"java":{"insertions":5,"deletions":1}}}]},{"date":"2025-08-28T00:00:00","commitResults":[{"hash":"dbe9d88e97b55201a6160652ec935b6089b7c6b2","isMergeCommit":false,"messageTitle":"Add utility package","messageBody":"","fileTypesAndContributionMap":{"java":{"insertions":15,"deletions":3}}},{"hash":"385ec480ec16a947a8eecdd95d00aa543edc0874","isMergeCommit":false,"messageTitle":"Add task package","messageBody":"","fileTypesAndContributionMap":{"java":{"insertions":37,"deletions":7}}},{"hash":"17e7b861af4ae4084fd100424f962b28b1744a1e","isMergeCommit":false,"messageTitle":"Add command package","messageBody":"","fileTypesAndContributionMap":{"java":{"insertions":33,"deletions":11}}},{"hash":"1d99c658362e53b3b89fc800707e0ca77d59a140","isMergeCommit":false,"messageTitle":"Add UI package","messageBody":"","fileTypesAndContributionMap":{"java":{"insertions":12,"deletions":11}}},{"hash":"beff3f5b8458214d9347f4e7d5702543b2ed3f50","isMergeCommit":true,"messageTitle":"Merge package branch","messageBody":"","tags":["A-Packages"],"fileTypesAndContributionMap":{}},{"hash":"6aebc749f97d1d215ba17cc7449bb0fa122f42eb","isMergeCommit":true,"messageTitle":"Merge gradle support","messageBody":"","fileTypesAndContributionMap":{}},{"hash":"e44e9ba89dd7d936832df1d62cfc4a8f308b7c74","isMergeCommit":false,"messageTitle":"Add gradle","messageBody":"","fileTypesAndContributionMap":{"gradle":{"insertions":2,"deletions":2}}},{"hash":"21fba61f8f537bbcc336f9b3cdb1b5523da2d659","isMergeCommit":true,"messageTitle":"Merge gradle","messageBody":"","tags":["A-Gradle"],"fileTypesAndContributionMap":{}},{"hash":"63e2fedb717a58ea405d4d67337ee9d438dd275a","isMergeCommit":false,"messageTitle":"Add parser test","messageBody":"","fileTypesAndContributionMap":{"java":{"insertions":62,"deletions":0}}},{"hash":"e2a9a984bc6fe703c709287660a1422a7d4c2a8a","isMergeCommit":false,"messageTitle":"Add task test","messageBody":"","fileTypesAndContributionMap":{"java":{"insertions":12,"deletions":0}}},{"hash":"8833791551829d9c69e3f29f05ccc5105137372e","isMergeCommit":false,"messageTitle":"Add Todo test","messageBody":"","fileTypesAndContributionMap":{"java":{"insertions":27,"deletions":0}}},{"hash":"b17f8211af467a450c8d3b04fd2537fb2a7e2579","isMergeCommit":false,"messageTitle":"Add deadline task test","messageBody":"","fileTypesAndContributionMap":{"java":{"insertions":39,"deletions":0}}},{"hash":"fc5fa791595110fc0601ec914263ea111e09e081","isMergeCommit":false,"messageTitle":"Add events test","messageBody":"","fileTypesAndContributionMap":{"java":{"insertions":43,"deletions":0}}},{"hash":"a91abc137c91c4756ef2dcba253f05ffbefc6a1b","isMergeCommit":false,"messageTitle":"Add Aries test","messageBody":"","fileTypesAndContributionMap":{"java":{"insertions":79,"deletions":0}}},{"hash":"2d2b3a24fba816d47581da7394c5e073a567a262","isMergeCommit":true,"messageTitle":"Merge JUnit test","messageBody":"","tags":["A-Jar","A-JUnit"],"fileTypesAndContributionMap":{}},{"hash":"97bdb4a23db4eeeee644a18d25ff1d776b9a4e1d","isMergeCommit":false,"messageTitle":"Add JavaDoc to command","messageBody":"","fileTypesAndContributionMap":{"java":{"insertions":151,"deletions":0}}},{"hash":"7c8c7ddc0028686a8ec349bfbddf09609de7d64e","isMergeCommit":false,"messageTitle":"Add storage JavaDoc","messageBody":"","fileTypesAndContributionMap":{"java":{"insertions":19,"deletions":0}}},{"hash":"90423cdc34fb84c0a4cebfdd4cb213c2eacca1c8","isMergeCommit":false,"messageTitle":"Add task JavaDoc","messageBody":"","fileTypesAndContributionMap":{"java":{"insertions":105,"deletions":1}}},{"hash":"f5b41e4f1770ae5521de25dbdda350ef25802742","isMergeCommit":false,"messageTitle":"Add Ui JavaDoc","messageBody":"","fileTypesAndContributionMap":{"java":{"insertions":45,"deletions":0}}},{"hash":"2a4671a2578fe60faeecbfdd873cf47dff4278af","isMergeCommit":false,"messageTitle":"Add utility JavaDoc","messageBody":"","fileTypesAndContributionMap":{"java":{"insertions":30,"deletions":0}}},{"hash":"aca77844b18f6cae8faf1e2a7a87040669a9fdac","isMergeCommit":false,"messageTitle":"Add Aries JavaDoc","messageBody":"","fileTypesAndContributionMap":{"java":{"insertions":14,"deletions":0}}},{"hash":"8f59427a673076dce63a34d76532c5695aa497d6","isMergeCommit":true,"messageTitle":"Merge JavaDoc branch","messageBody":"","tags":["A-JavaDoc","A-CodingStandard"],"fileTypesAndContributionMap":{}}]},{"date":"2025-08-29T00:00:00","commitResults":[{"hash":"a70007c6beef31be76b4b52d059704401c85486e","isMergeCommit":false,"messageTitle":"Add find command","messageBody":"","fileTypesAndContributionMap":{"java":{"insertions":56,"deletions":0}}},{"hash":"a817191c4ba8778719361136f48b3eabdf36587b","isMergeCommit":true,"messageTitle":"Merge Level-9","messageBody":"","tags":["Level-9"],"fileTypesAndContributionMap":{}}]},{"date":"2025-09-03T00:00:00","commitResults":[{"hash":"af0a05d050fee28a78d143ed663632fbf2170df8","isMergeCommit":false,"messageTitle":"Add checkstyle to gradle","messageBody":"","fileTypesAndContributionMap":{"gradle":{"insertions":5,"deletions":0}}},{"hash":"78ae678bb40921f558c0cf7212712a4ae41fc8ab","isMergeCommit":false,"messageTitle":"Fix import order for test file","messageBody":"","fileTypesAndContributionMap":{"java":{"insertions":12,"deletions":5}}},{"hash":"cd78940a65c3c5b6a252e70fba2b2d254cdc51de","isMergeCommit":false,"messageTitle":"Fix Ui style error","messageBody":"","fileTypesAndContributionMap":{"java":{"insertions":7,"deletions":1}}},{"hash":"2f7dc75225b2dd238d6652f2ef1af1b273f842d7","isMergeCommit":false,"messageTitle":"Fix DateTime.java style error","messageBody":"","fileTypesAndContributionMap":{"java":{"insertions":11,"deletions":9}}},{"hash":"9f773c7af191231b7244227f75fa7d8be162db07","isMergeCommit":false,"messageTitle":"Fix Aries.java style error","messageBody":"","fileTypesAndContributionMap":{"java":{"insertions":6,"deletions":6}}},{"hash":"eaf2440614236b6dfaa7fe14afbe17100891fe1c","isMergeCommit":false,"messageTitle":"Fix Storage.java style error","messageBody":"","fileTypesAndContributionMap":{"java":{"insertions":1,"deletions":3}}},{"hash":"1d11880a7111e40c5da9b2f81f729b7c16f582a7","isMergeCommit":false,"messageTitle":"Fix style error in task package","messageBody":"","fileTypesAndContributionMap":{"java":{"insertions":14,"deletions":15}}},{"hash":"252705788ac8bd4a14fe91d551a8ece3e857d68d","isMergeCommit":false,"messageTitle":"Fix style error in command package","messageBody":"","fileTypesAndContributionMap":{"java":{"insertions":18,"deletions":10}}},{"hash":"d33791eddf1eb768d6a08d6e437abc910c5e48f3","isMergeCommit":false,"messageTitle":"Remove override method JavaDoc","messageBody":"","fileTypesAndContributionMap":{"java":{"insertions":2,"deletions":97}}},{"hash":"96019442e8c45ea81a1afb04964eec8920838844","isMergeCommit":true,"messageTitle":"Merge CheckStyle branch","messageBody":"","tags":["A-CheckStyle"],"fileTypesAndContributionMap":{}}]},{"date":"2025-09-04T00:00:00","commitResults":[{"hash":"848b1f5d7d24f208cad2c6acb59828008cea290a","isMergeCommit":false,"messageTitle":"Try JavaFX tutorial part1","messageBody":"","fileTypesAndContributionMap":{"gradle":{"insertions":16,"deletions":1},"java":{"insertions":30,"deletions":0}}},{"hash":"b5f33f67f9ea6d548ffbaffbb2603892844bb23f","isMergeCommit":false,"messageTitle":"Come up with minimal design of GUI","messageBody":"","fileTypesAndContributionMap":{"fxml":{"insertions":37,"deletions":0},"java":{"insertions":141,"deletions":6}}},{"hash":"deb4470d9e12aa21a05df609ebbe7ac1186694e6","isMergeCommit":false,"messageTitle":"Change UI method return type and name","messageBody":"","fileTypesAndContributionMap":{"java":{"insertions":47,"deletions":50}}},{"hash":"14dd568c4fee7b3f44addbb8c5b40cc7e435bf4c","isMergeCommit":false,"messageTitle":"Add CommandResult to get back executed command","messageBody":"","fileTypesAndContributionMap":{"java":{"insertions":50,"deletions":43}}},{"hash":"3a99265d3ebc3c9215ddfee69a9f6437599a0e1d","isMergeCommit":false,"messageTitle":"Get response from Aries to GUI","messageBody":"","fileTypesAndContributionMap":{"java":{"insertions":30,"deletions":31}}},{"hash":"fe526361c035e7083c671cb53f80fb551824ac8a","isMergeCommit":false,"messageTitle":"Fix command output mismatch","messageBody":"","fileTypesAndContributionMap":{"java":{"insertions":2,"deletions":3}}},{"hash":"d56e9b28b37f6dd5a162ee71d643650ee3d25b57","isMergeCommit":false,"messageTitle":"Add bg for diff command","messageBody":"","fileTypesAndContributionMap":{"java":{"insertions":24,"deletions":2}}}]},{"date":"2025-09-05T00:00:00","commitResults":[{"hash":"3f7603e75cc22492af76630ebc99d147c0077235","isMergeCommit":true,"messageTitle":"Merge branch Level 10","messageBody":"","tags":["Level-10"],"fileTypesAndContributionMap":{}},{"hash":"f3a15ae610f6b614060a56a2f7a715f5498587c3","isMergeCommit":false,"messageTitle":"Fix missing greet message","messageBody":"","fileTypesAndContributionMap":{"java":{"insertions":6,"deletions":0}}}]},{"date":"2025-09-07T00:00:00","commitResults":[{"hash":"967ddc32cda7f5c10bdc31f46c7ceb256e18fcf1","isMergeCommit":false,"messageTitle":"A-Assertions: Ensure Task and TaskList invariant","messageBody":"Task is callable with null or unexpected string, which may not handled properly will lead to unexpected behaviour.\n\nAdding assertion for non-null/blank description of each task and the date for deadline and events task.\n\nThese conditions should be catched and handled properly before creating a new Task object.\n","fileTypesAndContributionMap":{"gradle":{"insertions":1,"deletions":0},"java":{"insertions":23,"deletions":0}}}]},{"date":"2025-09-08T00:00:00","commitResults":[{"hash":"2c7b93ab24464573fa32d8b1103b83641504fef7","isMergeCommit":false,"messageTitle":"Add assertion to Storage","messageBody":"","fileTypesAndContributionMap":{"java":{"insertions":2,"deletions":0}}},{"hash":"1840a6ab22db7b2aac8bb4bc334bdc7dc39e04bd","isMergeCommit":true,"messageTitle":"Merge pull request #1 from Soo42/branch-A-Assertions","messageBody":"","fileTypesAndContributionMap":{}}]}]},"authorFileTypeContributionMap":{"Soo42":{"java":1458,"md":0,"fxml":37,"sh":1,"bat":0,"gradle":23,"txt":13}},"authorContributionVariance":{"Soo42":42824.457},"authorDisplayNameMap":{"Soo42":"CS2103T-F11-1 SOO ..YANG"}}
