{"authorDailyContributionsMap":{"Orange-eat97":[{"date":"2025-08-22T00:00:00","commitResults":[{"hash":"c11e296a2be4ecbcb282caa36a49a33bd2fa39cc","isMergeCommit":false,"messageTitle":"Level 0+1","messageBody":"","tags":["level-0+1"],"fileTypesAndContributionMap":{"java":{"insertions":22,"deletions":10},"bat":{"insertions":1,"deletions":1},"md":{"insertions":3,"deletions":3}}},{"hash":"9c69d01e1a538c351e14fdab386d75d780fb4ba3","isMergeCommit":false,"messageTitle":"level-2","messageBody":"add task\n","tags":["level-2"],"fileTypesAndContributionMap":{"java":{"insertions":35,"deletions":3},"md":{"insertions":1,"deletions":1}}},{"hash":"1b81fbe6d9353813b9a9141cb72c2b60d2676e43","isMergeCommit":false,"messageTitle":"level-3","messageBody":"","tags":["level-3"],"fileTypesAndContributionMap":{"java":{"insertions":65,"deletions":6}}},{"hash":"6a0773f02b7bdc8c23cb78c0643aeb7a9e2f1c0f","isMergeCommit":false,"messageTitle":"level-4","messageBody":"todo,event,deadline\n","tags":["level-4"],"fileTypesAndContributionMap":{"java":{"insertions":84,"deletions":14}}},{"hash":"1cdb3ce8f67c7b1bf88c0a8f32b77a1505a4fd6c","isMergeCommit":false,"messageTitle":"level-5+6","messageBody":"","tags":["level-6-corrected","level-5+6"],"fileTypesAndContributionMap":{"txt":{"insertions":1,"deletions":0},"java":{"insertions":87,"deletions":47},"bat":{"insertions":2,"deletions":2}}}]},{"date":"2025-08-27T00:00:00","commitResults":[{"hash":"bc6cca8aeeeb1df7556e2cf5349fe7a1a30a3d4e","isMergeCommit":false,"messageTitle":"level-6","messageBody":"","fileTypesAndContributionMap":{"java":{"insertions":45,"deletions":44}}}]},{"date":"2025-09-02T00:00:00","commitResults":[{"hash":"203ad848b495bfe64d09dece6b6757256ad0233b","isMergeCommit":false,"messageTitle":"level - 7","messageBody":"","fileTypesAndContributionMap":{"txt":{"insertions":1,"deletions":0},"java":{"insertions":35,"deletions":0}}},{"hash":"3ae1acbb21acd6376107dad8a5ca5142a01ba24d","isMergeCommit":false,"messageTitle":"level-8","messageBody":"","fileTypesAndContributionMap":{"txt":{"insertions":3,"deletions":0},"java":{"insertions":29,"deletions":12}}},{"hash":"c76efbd080ddcef75dc736649ab21e28c1f33a8c","isMergeCommit":true,"messageTitle":"Merge pull request #1 from Orange-eat97/branch-level-8","messageBody":"level-8","fileTypesAndContributionMap":{}},{"hash":"93fc41cb75314bc730a8e7fbf8ab5476e265fc2a","isMergeCommit":true,"messageTitle":"Merge branch \u0027master\u0027 into branch-level-7","messageBody":"","fileTypesAndContributionMap":{}},{"hash":"cf1c0460274848303c3ebc50273c42f05c52d5c1","isMergeCommit":true,"messageTitle":"Merge pull request #2 from Orange-eat97/branch-level-7","messageBody":"level - 7","fileTypesAndContributionMap":{}},{"hash":"4d18955e393672050fec8f55acb132192bbbeb9c","isMergeCommit":true,"messageTitle":"Merge pull request #3 from Orange-eat97/add-gradle-support","messageBody":"Add gradle support","fileTypesAndContributionMap":{}},{"hash":"d4b225f3a95497478c8860ea98d08e09f81ea391","isMergeCommit":false,"messageTitle":"MoreOOP","messageBody":"","fileTypesAndContributionMap":{"txt":{"insertions":6,"deletions":0},"java":{"insertions":243,"deletions":141},"bat":{"insertions":1,"deletions":1},"md":{"insertions":4,"deletions":4}}},{"hash":"49143982ab69e6934052b9e94bb723c821e9136a","isMergeCommit":true,"messageTitle":"Merge branch \u0027master\u0027 of https://github.com/Orange-eat97/ip","messageBody":"","fileTypesAndContributionMap":{}}]},{"date":"2025-09-03T00:00:00","commitResults":[{"hash":"35fc02cb87abd03a052a502eee7953c61f9553e7","isMergeCommit":false,"messageTitle":"A-MoreOOP","messageBody":"","fileTypesAndContributionMap":{"gradle":{"insertions":5,"deletions":0},"java":{"insertions":24,"deletions":0}}},{"hash":"52c1a76513520ad0ffd4599593bfda97f756d80d","isMergeCommit":false,"messageTitle":"Update CC.java","messageBody":"","fileTypesAndContributionMap":{"java":{"insertions":3,"deletions":3}}},{"hash":"7035fabc04a99d0c57970ac76ec5b72868ee200c","isMergeCommit":false,"messageTitle":"A-JavaDoc","messageBody":"","fileTypesAndContributionMap":{"java":{"insertions":13,"deletions":13}}},{"hash":"3b33df2cef3b0c16b8723b5918ce59e1d23ffd9a","isMergeCommit":true,"messageTitle":"Merge pull request #4 from Orange-eat97/A-JavaDoc","messageBody":"A java doc","fileTypesAndContributionMap":{}},{"hash":"e5f5276c208d051c941f1a7b3d4df817c167522d","isMergeCommit":false,"messageTitle":"A-CodingStandard","messageBody":"","fileTypesAndContributionMap":{"java":{"insertions":50,"deletions":52}}},{"hash":"793caeb37478272b3d969215e95be6cb609aa1a0","isMergeCommit":true,"messageTitle":"Merge pull request #5 from Orange-eat97/A-CodingStandard","messageBody":"A-CodingStandard","fileTypesAndContributionMap":{}},{"hash":"eb07c7853e18ef7781065254fc897e9d3ca518eb","isMergeCommit":false,"messageTitle":"Level-9","messageBody":"","fileTypesAndContributionMap":{"txt":{"insertions":15,"deletions":0},"java":{"insertions":33,"deletions":4}}},{"hash":"1fed228076fb1b27029b9e8a0d94d286c7bb121c","isMergeCommit":true,"messageTitle":"Merge pull request #6 from Orange-eat97/A-CodingStandard","messageBody":"Level-9","fileTypesAndContributionMap":{}}]}]},"authorFileTypeContributionMap":{"Orange-eat97":{"java":429,"md":4,"fxml":0,"sh":0,"bat":2,"gradle":5,"txt":23}},"authorContributionVariance":{"Orange-eat97":14230.242},"authorDisplayNameMap":{"Orange-eat97":"CS2103T-W13-1 CHEN.. CHI"}}
