{"authorDailyContributionsMap":{"mihirshah2005":[{"date":"2025-08-17T00:00:00","commitResults":[{"hash":"7c47cc445865d2f06ca51b04062251c189064615","isMergeCommit":false,"messageTitle":"Level-0: rename to Shahzam; add welcome/exit messages","messageBody":"","tags":["Level-0"],"fileTypesAndContributionMap":{"java":{"insertions":17,"deletions":10},"bat":{"insertions":1,"deletions":1},"md":{"insertions":3,"deletions":3}}},{"hash":"98436dd3bc3c2d7f607fc6cbc0f803f3307e5d0d","isMergeCommit":false,"messageTitle":"Level-1: implement Echo (Shahzam repeats input until \u0027bye\u0027)","messageBody":"","tags":["Level-1"],"fileTypesAndContributionMap":{"java":{"insertions":25,"deletions":11}}},{"hash":"08fef990ab793125ba9f53bbbfdb888062ec914f","isMergeCommit":false,"messageTitle":"Level-2: add/list commands","messageBody":"","tags":["Level-2"],"fileTypesAndContributionMap":{"java":{"insertions":12,"deletions":1}}},{"hash":"3650abd5c2f714c371cf6b0b154e55a7baaab7dd","isMergeCommit":false,"messageTitle":"Added Task.java","messageBody":"","fileTypesAndContributionMap":{"java":{"insertions":24,"deletions":0}}},{"hash":"5618a762eda4013b7b6ad3bdf4e098898bf36af5","isMergeCommit":false,"messageTitle":"Level-3: mark tasks as done; switch to Task objects","messageBody":"","tags":["Level-3"],"fileTypesAndContributionMap":{"java":{"insertions":35,"deletions":9}}},{"hash":"c17d52f21ca5ba77bfe9d8ce8f627d866483367c","isMergeCommit":false,"messageTitle":"Added unmark task feature","messageBody":"","fileTypesAndContributionMap":{"java":{"insertions":9,"deletions":0}}}]},{"date":"2025-08-18T00:00:00","commitResults":[{"hash":"bbf88e7bd28f4916d28bdc20e9c9c26a3fae63b7","isMergeCommit":false,"messageTitle":"Added Deadline task","messageBody":"","fileTypesAndContributionMap":{"java":{"insertions":13,"deletions":0}}},{"hash":"9759be392ce09d7cb3800f5c6b436016f5021266","isMergeCommit":false,"messageTitle":"Added Event task","messageBody":"","fileTypesAndContributionMap":{"java":{"insertions":13,"deletions":0}}},{"hash":"830239381da28cd41433b3bc09be7d935f8304c9","isMergeCommit":false,"messageTitle":"Added ToDo task","messageBody":"","fileTypesAndContributionMap":{"java":{"insertions":10,"deletions":0}}},{"hash":"a9843c85c49b7fc37a5b94b27bde6185d8f6d839","isMergeCommit":false,"messageTitle":"Updated Event.java to handle \u0027from\u0027 and \u0027to\u0027 times","messageBody":"","fileTypesAndContributionMap":{"java":{"insertions":6,"deletions":3}}},{"hash":"a74c8c7e95047e0a0939f190d439f85b5f4cd673","isMergeCommit":false,"messageTitle":"Level-4: Added ToDo, Event, and Deadline tasks","messageBody":"","tags":["Level-4"],"fileTypesAndContributionMap":{"java":{"insertions":34,"deletions":0}}}]},{"date":"2025-08-19T00:00:00","commitResults":[{"hash":"e4b3dd6211ee1ea24be31eee4e5b54b7d5f21717","isMergeCommit":false,"messageTitle":"Level-5: Handle errors","messageBody":"","tags":["Level-5"],"fileTypesAndContributionMap":{"java":{"insertions":134,"deletions":52}}},{"hash":"1fea01c0c6c9fd62f37ab585817f73a69b9219b2","isMergeCommit":false,"messageTitle":"Level-6: Delete feature added","messageBody":"","tags":["Level-6"],"fileTypesAndContributionMap":{"java":{"insertions":16,"deletions":0}}},{"hash":"7170059ef93f2d837305500f2f36100b77967167","isMergeCommit":false,"messageTitle":"removed logo due to problems in automated testing","messageBody":"","fileTypesAndContributionMap":{"java":{"insertions":5,"deletions":2}}},{"hash":"f7eac13b18e862e2c0019e8d14e47dedfc28004c","isMergeCommit":false,"messageTitle":"A-TextUiTesting: Automated Text UI Testing","messageBody":"","tags":["A-TextUiTesting"],"fileTypesAndContributionMap":{"txt":{"insertions":12,"deletions":0},"bat":{"insertions":1,"deletions":1},"sh":{"insertions":3,"deletions":7}}}]},{"date":"2025-08-24T00:00:00","commitResults":[{"hash":"7cd7a475a7fbc0439f7f0b6bc46af1fd514479e1","isMergeCommit":false,"messageTitle":"Add new exception","messageBody":"","fileTypesAndContributionMap":{"java":{"insertions":16,"deletions":5}}},{"hash":"db55168ac7daa818063df36cc03eff0222cb86b1","isMergeCommit":false,"messageTitle":"Add data.txt","messageBody":"","fileTypesAndContributionMap":{"txt":{"insertions":4,"deletions":0}}},{"hash":"e10e7fd10fc9946a3ba2b1737187bace19471928","isMergeCommit":false,"messageTitle":"Level 7: Save","messageBody":"","fileTypesAndContributionMap":{"java":{"insertions":116,"deletions":34}}},{"hash":"5608e63bf2b214dea261add8e5d8e5e7a7256e5f","isMergeCommit":true,"messageTitle":"Merge branch \u0027branch-Level-7\u0027","messageBody":"","tags":["Level-7"],"fileTypesAndContributionMap":{}}]},{"date":"2025-08-25T00:00:00","commitResults":[{"hash":"442fffba77be248ae715cb3596c00482a67d0246","isMergeCommit":false,"messageTitle":"Update Event with correct DateTime formats","messageBody":"","fileTypesAndContributionMap":{"txt":{"insertions":0,"deletions":3},"java":{"insertions":112,"deletions":27}}},{"hash":"88060c7d81d9cc96af95d8f373cdb4973221069c","isMergeCommit":false,"messageTitle":"Update Deadline with correct DateTime format","messageBody":"","fileTypesAndContributionMap":{"txt":{"insertions":3,"deletions":0},"java":{"insertions":21,"deletions":8}}},{"hash":"a4788b5eae468b834bb7669f54fc82e72f890499","isMergeCommit":false,"messageTitle":"Fix bug in Event format","messageBody":"","fileTypesAndContributionMap":{"txt":{"insertions":0,"deletions":4},"java":{"insertions":7,"deletions":6}}},{"hash":"d6bdb313a14def5d8783fa17e538caf9f9c10736","isMergeCommit":true,"messageTitle":"Merge branch \u0027branch-Level-8\u0027","messageBody":"","tags":["Level-8"],"fileTypesAndContributionMap":{}},{"hash":"588fbd319bbaa709dbb52c23d1d817aaba227fc8","isMergeCommit":false,"messageTitle":"Add Parser and TaskList","messageBody":"","fileTypesAndContributionMap":{"java":{"insertions":328,"deletions":230}}},{"hash":"671dc27dbaea3d09476078ee700c42e5fe93df21","isMergeCommit":false,"messageTitle":"Add Storage and Ui","messageBody":"","fileTypesAndContributionMap":{"txt":{"insertions":2,"deletions":0},"java":{"insertions":190,"deletions":160}}},{"hash":"aaf8dcc622c7d36e8002711c01549ef140fafc90","isMergeCommit":false,"messageTitle":"Fix formatting issues","messageBody":"","fileTypesAndContributionMap":{"txt":{"insertions":2,"deletions":1},"java":{"insertions":7,"deletions":47}}},{"hash":"738efda031492dc7b86d216ec72f69b3c1fd3680","isMergeCommit":true,"messageTitle":"Merge branch \u0027A-MoreOOP\u0027","messageBody":"","tags":["A-MoreOOP"],"fileTypesAndContributionMap":{}},{"hash":"9f33a2435b4782a49ec1d11e5f367c371df53a71","isMergeCommit":false,"messageTitle":"Complete A-Packages: Organize into Packages","messageBody":"","tags":["A-Packages"],"fileTypesAndContributionMap":{"txt":{"insertions":1,"deletions":0},"java":{"insertions":110,"deletions":52}}},{"hash":"267108f6cc0bbc0b781fe2dac71a77c4a424416a","isMergeCommit":true,"messageTitle":"Merge branch \u0027add-gradle-support\u0027","messageBody":"","fileTypesAndContributionMap":{}},{"hash":"af524990772d1a4d772f873f246aaebf0ea82a5a","isMergeCommit":false,"messageTitle":"Setup Gradle","messageBody":"","tags":["A-Gradle"],"fileTypesAndContributionMap":{"gradle":{"insertions":4,"deletions":2},"txt":{"insertions":1,"deletions":0}}}]},{"date":"2025-08-26T00:00:00","commitResults":[{"hash":"bb13ee3479886df34cd3e85c186cc939d6bdef22","isMergeCommit":false,"messageTitle":"Add JUnit Tests","messageBody":"","tags":["A-Jar","A-JUnit"],"fileTypesAndContributionMap":{"java":{"insertions":81,"deletions":2}}},{"hash":"5a558162131fa734e113c0a9c8f8726a6bdd04b5","isMergeCommit":false,"messageTitle":"Add JavaDoc comments to tasks","messageBody":"","fileTypesAndContributionMap":{"java":{"insertions":123,"deletions":3}}},{"hash":"e3b87dfd2ad974a38fc36ebd1eff81619105499a","isMergeCommit":false,"messageTitle":"Follow the Coding Standard","messageBody":"","fileTypesAndContributionMap":{"java":{"insertions":36,"deletions":32}}},{"hash":"29475f061ff002870dd88292dd9d6c6eff2a76c6","isMergeCommit":false,"messageTitle":"Add find feature","messageBody":"","fileTypesAndContributionMap":{"txt":{"insertions":4,"deletions":5},"java":{"insertions":40,"deletions":0}}},{"hash":"655dd6667839b12a86bd55af07f6d58120860360","isMergeCommit":true,"messageTitle":"Merge branch \u0027branch-A-JavaDoc\u0027","messageBody":"","tags":["A-JavaDoc"],"fileTypesAndContributionMap":{}},{"hash":"e1a29e079268d92153416358cbc4cb86dfbec39f","isMergeCommit":true,"messageTitle":"Resolve Merge conflict","messageBody":"","tags":["A-CodingStandard"],"fileTypesAndContributionMap":{}},{"hash":"3eac30cc0fd7ef5af589fae576ed5b1e24354f56","isMergeCommit":true,"messageTitle":"Resolve conflict for Level-9","messageBody":"","tags":["Level-9"],"fileTypesAndContributionMap":{}}]},{"date":"2025-09-01T00:00:00","commitResults":[{"hash":"60a4db33ea80ae9e82ebca8aea17456c18cebb38","isMergeCommit":false,"messageTitle":"Fix checkstyleTest","messageBody":"","tags":["A-CheckStyle"],"fileTypesAndContributionMap":{"gradle":{"insertions":5,"deletions":0},"txt":{"insertions":2,"deletions":1},"java":{"insertions":27,"deletions":21}}},{"hash":"58401b3271e15bdb1b5a8c1526ac6c4cf2889895","isMergeCommit":false,"messageTitle":"Add GUI to Shahzam","messageBody":"","fileTypesAndContributionMap":{"gradle":{"insertions":16,"deletions":1},"txt":{"insertions":0,"deletions":0},"java":{"insertions":165,"deletions":0}}},{"hash":"7e7af9ac4f5e4a07c4a6cc7214bfee2101a64240","isMergeCommit":false,"messageTitle":"Update build.gradle","messageBody":"","fileTypesAndContributionMap":{"gradle":{"insertions":6,"deletions":1}}},{"hash":"bff7bf78d4e9db509619c1fe8e92459468859f73","isMergeCommit":false,"messageTitle":"Complete Level-10 : GUI","messageBody":"","fileTypesAndContributionMap":{"txt":{"insertions":4,"deletions":2},"fxml":{"insertions":66,"deletions":0},"java":{"insertions":141,"deletions":107}}},{"hash":"59a63cad348b77d58c9dcd28f3e96ff911e5c643","isMergeCommit":true,"messageTitle":"Merge branch \u0027branch-Level-10\u0027","messageBody":"","tags":["Level-10"],"fileTypesAndContributionMap":{}}]},{"date":"2025-09-08T00:00:00","commitResults":[{"hash":"e06a98d9da78d6410d5a224feed4687ed429bd61","isMergeCommit":false,"messageTitle":"Update .gitignore to exclude data.txt file","messageBody":"Added data.txt to the .gitignore file to prevent it from being tracked by Git.\nThis ensures that sensitive or temporary data stored in data.txt does not get included in version control.\n","fileTypesAndContributionMap":{"txt":{"insertions":1,"deletions":6}}},{"hash":"b2fbae8399b0fc965a138206cf4a4315eeb59c3a","isMergeCommit":false,"messageTitle":"Add assertion to Storage","messageBody":"Without assertion, it is possible to encounter the situation of\nsave(null) which causes Null Pointer Exception.\n\nAdd assertions to ensure that the tasks being passed in is not null.\n","fileTypesAndContributionMap":{"java":{"insertions":2,"deletions":0}}},{"hash":"352f4ff10aa69c739b077e7e294e3845af7eff12","isMergeCommit":false,"messageTitle":"Refactor code for improved quality in Event, Task, and Deadline classes","messageBody":"","fileTypesAndContributionMap":{"txt":{"insertions":1,"deletions":6},"java":{"insertions":13,"deletions":10}}},{"hash":"d545819b97fbdd1007605ee0ee4df9e5ff4200ba","isMergeCommit":false,"messageTitle":"Refactor code for improved quality in TaskList, ToDo and Parser classes","messageBody":"","fileTypesAndContributionMap":{"java":{"insertions":59,"deletions":3}}},{"hash":"8ce6d0f5d5efd32b216e7c91f01d51b732bd7db9","isMergeCommit":false,"messageTitle":"Refactor code for improved quality","messageBody":"","fileTypesAndContributionMap":{"txt":{"insertions":2,"deletions":1},"java":{"insertions":55,"deletions":20}}},{"hash":"177be66273c4b29dcdec65e0bb3a284d479aa906","isMergeCommit":true,"messageTitle":"Merge pull request #1 from mihirshah2005/branch-A-Assertions","messageBody":"Branch A-Assertions","tags":["A-Assertions"],"fileTypesAndContributionMap":{}},{"hash":"20023a1a03bea436c9a2f4c64ace4587340a18db","isMergeCommit":true,"messageTitle":"Resolve conflicts","messageBody":"","fileTypesAndContributionMap":{}},{"hash":"628d3075878b42264c82e5f2030ad85939bbfada","isMergeCommit":true,"messageTitle":"Merge pull request #2 from mihirshah2005/branch-A-CodeQuality","messageBody":"Branch a code quality","tags":["A-CodeQuality"],"fileTypesAndContributionMap":{}}]},{"date":"2025-09-09T00:00:00","commitResults":[{"hash":"e4def40007defd43ebba6da9549a4903338a782a","isMergeCommit":false,"messageTitle":"Implement C-BetterSearch","messageBody":"","fileTypesAndContributionMap":{"java":{"insertions":22,"deletions":2}}},{"hash":"9dfb4093a415cfdebc451d33b2d1083718520aa5","isMergeCommit":true,"messageTitle":"Merge branch \u0027branch-BCD-Extension\u0027","messageBody":"","tags":["BCD-Extension"],"fileTypesAndContributionMap":{}},{"hash":"b1e2ce9363b9ad577058f504fadebd5f87d29f96","isMergeCommit":false,"messageTitle":"Show welcome msg in GUI","messageBody":"","fileTypesAndContributionMap":{"txt":{"insertions":0,"deletions":2},"java":{"insertions":5,"deletions":0}}}]},{"date":"2025-09-11T00:00:00","commitResults":[{"hash":"53df8a48f1b30ff6c77d952842ab4e0118166aba","isMergeCommit":false,"messageTitle":"Delete stray file and update GUI","messageBody":"","fileTypesAndContributionMap":{"txt":{"insertions":0,"deletions":0},"java":{"insertions":1,"deletions":0}}}]},{"date":"2025-09-15T00:00:00","commitResults":[{"hash":"f3f23b6ab11de21e44f72037252a34ba2ede094b","isMergeCommit":false,"messageTitle":"Improve GUI with help from AI","messageBody":"","tags":["A-BetterGui","A-AiAssisted"],"fileTypesAndContributionMap":{"java":{"insertions":82,"deletions":41}}},{"hash":"1657c47ef061e52fefdd0185e9183a889a82b4fc","isMergeCommit":false,"messageTitle":"Implement more error handling","messageBody":"","tags":["A-MoreTesting","A-MoreErrorHandling"],"fileTypesAndContributionMap":{"java":{"insertions":290,"deletions":40}}},{"hash":"c1df86f354ea6720d1303e180e726469bfc12db5","isMergeCommit":false,"messageTitle":"Update README.md and Ui.png","messageBody":"","tags":["A-UserGuide"],"fileTypesAndContributionMap":{"java":{"insertions":3,"deletions":3},"md":{"insertions":201,"deletions":14}}},{"hash":"eecbe5e6f97bf8f9bb8b87500db411f7a98637d4","isMergeCommit":false,"messageTitle":"Update README.md","messageBody":"","fileTypesAndContributionMap":{"md":{"insertions":39,"deletions":26}}},{"hash":"536309c45dd2d9276e1f1effc05fc58a7c619dcd","isMergeCommit":false,"messageTitle":"Fix bug in storage","messageBody":"","tags":["A-Personality"],"fileTypesAndContributionMap":{"java":{"insertions":19,"deletions":7}}}]},{"date":"2025-09-17T00:00:00","commitResults":[{"hash":"c1fa34aac58e394ba3092669e6c9461d167149b4","isMergeCommit":false,"messageTitle":"Fix bound value bug in JavaFX","messageBody":"","tags":["A-Release"],"fileTypesAndContributionMap":{"java":{"insertions":15,"deletions":10}}}]},{"date":"2025-09-18T00:00:00","commitResults":[{"hash":"542c79995faa03201164e196e870241fcac2c5bb","isMergeCommit":false,"messageTitle":"Update mainclass in build.gradle","messageBody":"","fileTypesAndContributionMap":{"gradle":{"insertions":1,"deletions":2},"java":{"insertions":5,"deletions":5},"md":{"insertions":12,"deletions":12}}},{"hash":"85c241a8d86f04c68b1ace255a263cef7d9363ae","isMergeCommit":false,"messageTitle":"Update userguide","messageBody":"","fileTypesAndContributionMap":{"md":{"insertions":4,"deletions":4}}},{"hash":"520eb71d6e9d82ba9e283decd426c8f755398bbe","isMergeCommit":false,"messageTitle":"Update UserGuide","messageBody":"","fileTypesAndContributionMap":{"md":{"insertions":14,"deletions":14}}}]}]},"authorFileTypeContributionMap":{"mihirshah2005":{"java":1356,"md":227,"fxml":66,"sh":2,"bat":1,"gradle":28,"txt":12}},"authorContributionVariance":{"mihirshah2005":60965.395},"authorDisplayNameMap":{"mihirshah2005":"CS2103T-F10-1 SHAH..UNIL"}}
