[{"path":"src/main/java/Alune.java","fileType":"java","lines":[{"lineNumber":1,"author":{"gitId":"nghnaomi"},"content":"import java.util.List;","lastModifiedDate":"2025-08-19T17:56:03","isFullCredit":false},{"lineNumber":2,"author":{"gitId":"nghnaomi"},"content":"import java.util.Scanner;","lastModifiedDate":"2025-08-19T17:39:52","isFullCredit":false},{"lineNumber":3,"author":{"gitId":"nghnaomi"},"content":"","lastModifiedDate":"2025-08-19T17:39:52","isFullCredit":false},{"lineNumber":4,"author":{"gitId":"nghnaomi"},"content":"public class Alune {","lastModifiedDate":"2025-08-19T17:08:20","isFullCredit":false},{"lineNumber":5,"author":{"gitId":"nghnaomi"},"content":"    public static void main(String[] args) {","lastModifiedDate":"2025-08-19T17:08:20","isFullCredit":false},{"lineNumber":6,"author":{"gitId":"nghnaomi"},"content":"        Interface.greet();","lastModifiedDate":"2025-08-20T07:57:14","isFullCredit":false},{"lineNumber":7,"author":{"gitId":"nghnaomi"},"content":"        Scanner scanner \u003d new Scanner(System.in);","lastModifiedDate":"2025-08-19T17:39:52","isFullCredit":false},{"lineNumber":8,"author":{"gitId":"nghnaomi"},"content":"        boolean running \u003d true;","lastModifiedDate":"2025-08-19T21:35:29","isFullCredit":false},{"lineNumber":9,"author":{"gitId":"nghnaomi"},"content":"        List\u003cTask\u003e tasks \u003d Database.getDatabase();","lastModifiedDate":"2025-08-20T11:02:09","isFullCredit":false},{"lineNumber":10,"author":{"gitId":"nghnaomi"},"content":"","lastModifiedDate":"2025-08-19T17:39:52","isFullCredit":false},{"lineNumber":11,"author":{"gitId":"nghnaomi"},"content":"        while (running) {","lastModifiedDate":"2025-08-19T21:35:29","isFullCredit":false},{"lineNumber":12,"author":{"gitId":"nghnaomi"},"content":"            System.out.println(\"\\n\\nenter: \");","lastModifiedDate":"2025-08-19T17:39:52","isFullCredit":false},{"lineNumber":13,"author":{"gitId":"nghnaomi"},"content":"            if (!scanner.hasNextLine()) {","lastModifiedDate":"2025-08-19T19:51:00","isFullCredit":false},{"lineNumber":14,"author":{"gitId":"nghnaomi"},"content":"                Interface.noInput();","lastModifiedDate":"2025-08-20T07:57:14","isFullCredit":false},{"lineNumber":15,"author":{"gitId":"nghnaomi"},"content":"                break;","lastModifiedDate":"2025-08-19T19:51:00","isFullCredit":false},{"lineNumber":16,"author":{"gitId":"nghnaomi"},"content":"            }","lastModifiedDate":"2025-08-19T19:51:00","isFullCredit":false},{"lineNumber":17,"author":{"gitId":"nghnaomi"},"content":"","lastModifiedDate":"2025-08-19T21:35:29","isFullCredit":false},{"lineNumber":18,"author":{"gitId":"nghnaomi"},"content":"            String input \u003d scanner.nextLine().trim().toLowerCase();","lastModifiedDate":"2025-08-19T17:39:52","isFullCredit":false},{"lineNumber":19,"author":{"gitId":"nghnaomi"},"content":"            String firstWord \u003d input.split(\" \")[0];","lastModifiedDate":"2025-08-19T21:35:29","isFullCredit":false},{"lineNumber":20,"author":{"gitId":"nghnaomi"},"content":"            Command command \u003d Command.fromString(firstWord);","lastModifiedDate":"2025-08-19T21:35:29","isFullCredit":false},{"lineNumber":21,"author":{"gitId":"nghnaomi"},"content":"","lastModifiedDate":"2025-08-19T17:39:52","isFullCredit":false},{"lineNumber":22,"author":{"gitId":"nghnaomi"},"content":"            switch (command) {","lastModifiedDate":"2025-08-19T21:35:29","isFullCredit":false},{"lineNumber":23,"author":{"gitId":"nghnaomi"},"content":"                case LIST: {","lastModifiedDate":"2025-08-19T21:35:29","isFullCredit":false},{"lineNumber":24,"author":{"gitId":"nghnaomi"},"content":"                    Interface.listTasks(tasks);","lastModifiedDate":"2025-08-20T07:57:14","isFullCredit":false},{"lineNumber":25,"author":{"gitId":"nghnaomi"},"content":"                    break;","lastModifiedDate":"2025-08-19T21:35:29","isFullCredit":false},{"lineNumber":26,"author":{"gitId":"nghnaomi"},"content":"                }","lastModifiedDate":"2025-08-19T21:35:29","isFullCredit":false},{"lineNumber":27,"author":{"gitId":"nghnaomi"},"content":"                case BYE: {","lastModifiedDate":"2025-08-19T21:35:29","isFullCredit":false},{"lineNumber":28,"author":{"gitId":"nghnaomi"},"content":"                    Interface.farewell();","lastModifiedDate":"2025-08-20T07:57:14","isFullCredit":false},{"lineNumber":29,"author":{"gitId":"nghnaomi"},"content":"                    running \u003d false;","lastModifiedDate":"2025-08-19T21:35:29","isFullCredit":false},{"lineNumber":30,"author":{"gitId":"nghnaomi"},"content":"                    break;","lastModifiedDate":"2025-08-19T21:35:29","isFullCredit":false},{"lineNumber":31,"author":{"gitId":"nghnaomi"},"content":"                }","lastModifiedDate":"2025-08-19T21:35:29","isFullCredit":false},{"lineNumber":32,"author":{"gitId":"nghnaomi"},"content":"                case MARK: {","lastModifiedDate":"2025-08-19T21:35:29","isFullCredit":false},{"lineNumber":33,"author":{"gitId":"nghnaomi"},"content":"                    try {","lastModifiedDate":"2025-08-20T11:02:09","isFullCredit":false},{"lineNumber":34,"author":{"gitId":"nghnaomi"},"content":"                        int taskNumber \u003d Integer.parseInt(input.substring(5).trim()) - 1;","lastModifiedDate":"2025-08-19T18:30:16","isFullCredit":false},{"lineNumber":35,"author":{"gitId":"nghnaomi"},"content":"                        if (taskNumber \u003c 0 || taskNumber \u003e tasks.size()) {","lastModifiedDate":"2025-08-19T21:35:29","isFullCredit":false},{"lineNumber":36,"author":{"gitId":"nghnaomi"},"content":"                            Interface.taskNotFound();","lastModifiedDate":"2025-08-20T07:57:14","isFullCredit":false},{"lineNumber":37,"author":{"gitId":"nghnaomi"},"content":"                        }","lastModifiedDate":"2025-08-19T18:30:16","isFullCredit":false},{"lineNumber":38,"author":{"gitId":"nghnaomi"},"content":"","lastModifiedDate":"2025-08-19T20:37:35","isFullCredit":false},{"lineNumber":39,"author":{"gitId":"nghnaomi"},"content":"                        tasks.get(taskNumber).markDone();","lastModifiedDate":"2025-08-19T18:30:16","isFullCredit":false},{"lineNumber":40,"author":{"gitId":"nghnaomi"},"content":"                        Database.updateDatabase();","lastModifiedDate":"2025-08-20T11:02:09","isFullCredit":false},{"lineNumber":41,"author":{"gitId":"nghnaomi"},"content":"                        Interface.markedDone(tasks.get(taskNumber));","lastModifiedDate":"2025-08-20T07:57:14","isFullCredit":false},{"lineNumber":42,"author":{"gitId":"nghnaomi"},"content":"                        break;","lastModifiedDate":"2025-08-19T21:35:29","isFullCredit":false},{"lineNumber":43,"author":{"gitId":"nghnaomi"},"content":"                    } catch (NumberFormatException e) {","lastModifiedDate":"2025-08-20T11:02:09","isFullCredit":false},{"lineNumber":44,"author":{"gitId":"nghnaomi"},"content":"                        Interface.invalidInput();","lastModifiedDate":"2025-08-20T11:02:09","isFullCredit":false},{"lineNumber":45,"author":{"gitId":"nghnaomi"},"content":"                    }","lastModifiedDate":"2025-08-20T11:02:09","isFullCredit":false},{"lineNumber":46,"author":{"gitId":"nghnaomi"},"content":"                    break;","lastModifiedDate":"2025-08-20T11:02:09","isFullCredit":false},{"lineNumber":47,"author":{"gitId":"nghnaomi"},"content":"                }","lastModifiedDate":"2025-08-19T21:35:29","isFullCredit":false},{"lineNumber":48,"author":{"gitId":"nghnaomi"},"content":"                case UNMARK: {","lastModifiedDate":"2025-08-19T21:35:29","isFullCredit":false},{"lineNumber":49,"author":{"gitId":"nghnaomi"},"content":"                    try {","lastModifiedDate":"2025-08-20T11:02:09","isFullCredit":false},{"lineNumber":50,"author":{"gitId":"nghnaomi"},"content":"                        int taskNumber \u003d Integer.parseInt(input.substring(7).trim()) - 1;","lastModifiedDate":"2025-08-19T18:30:16","isFullCredit":false},{"lineNumber":51,"author":{"gitId":"nghnaomi"},"content":"                        if (taskNumber \u003c 0 || taskNumber \u003e tasks.size()) {","lastModifiedDate":"2025-08-19T21:35:29","isFullCredit":false},{"lineNumber":52,"author":{"gitId":"nghnaomi"},"content":"                            Interface.taskNotFound();","lastModifiedDate":"2025-08-20T07:57:14","isFullCredit":false},{"lineNumber":53,"author":{"gitId":"nghnaomi"},"content":"                            break;","lastModifiedDate":"2025-08-19T21:35:29","isFullCredit":false},{"lineNumber":54,"author":{"gitId":"nghnaomi"},"content":"                        }","lastModifiedDate":"2025-08-19T18:30:16","isFullCredit":false},{"lineNumber":55,"author":{"gitId":"nghnaomi"},"content":"","lastModifiedDate":"2025-08-19T20:37:35","isFullCredit":false},{"lineNumber":56,"author":{"gitId":"nghnaomi"},"content":"                        tasks.get(taskNumber).markUndone();","lastModifiedDate":"2025-08-19T18:30:16","isFullCredit":false},{"lineNumber":57,"author":{"gitId":"nghnaomi"},"content":"                        Database.updateDatabase();","lastModifiedDate":"2025-08-20T11:02:09","isFullCredit":false},{"lineNumber":58,"author":{"gitId":"nghnaomi"},"content":"                        Interface.markedUndone(tasks.get(taskNumber));","lastModifiedDate":"2025-08-20T07:57:14","isFullCredit":false},{"lineNumber":59,"author":{"gitId":"nghnaomi"},"content":"                    } catch (NumberFormatException e) {","lastModifiedDate":"2025-08-20T11:02:09","isFullCredit":false},{"lineNumber":60,"author":{"gitId":"nghnaomi"},"content":"                        Interface.invalidInput();","lastModifiedDate":"2025-08-20T11:02:09","isFullCredit":false},{"lineNumber":61,"author":{"gitId":"nghnaomi"},"content":"                    }","lastModifiedDate":"2025-08-20T11:02:09","isFullCredit":false},{"lineNumber":62,"author":{"gitId":"nghnaomi"},"content":"                    break;","lastModifiedDate":"2025-08-19T21:35:29","isFullCredit":false},{"lineNumber":63,"author":{"gitId":"nghnaomi"},"content":"                }","lastModifiedDate":"2025-08-19T21:35:29","isFullCredit":false},{"lineNumber":64,"author":{"gitId":"nghnaomi"},"content":"                case TODO: {","lastModifiedDate":"2025-08-19T21:35:29","isFullCredit":false},{"lineNumber":65,"author":{"gitId":"nghnaomi"},"content":"                    if (input.length() \u003c\u003d 5) {","lastModifiedDate":"2025-08-19T20:37:35","isFullCredit":false},{"lineNumber":66,"author":{"gitId":"nghnaomi"},"content":"                        Interface.invalidInput();","lastModifiedDate":"2025-08-20T11:02:09","isFullCredit":false},{"lineNumber":67,"author":{"gitId":"nghnaomi"},"content":"                        break;","lastModifiedDate":"2025-08-19T21:35:29","isFullCredit":false},{"lineNumber":68,"author":{"gitId":"nghnaomi"},"content":"                    }","lastModifiedDate":"2025-08-19T20:37:35","isFullCredit":false},{"lineNumber":69,"author":{"gitId":"nghnaomi"},"content":"","lastModifiedDate":"2025-08-19T20:37:35","isFullCredit":false},{"lineNumber":70,"author":{"gitId":"nghnaomi"},"content":"                    String desc \u003d input.substring(5).trim();","lastModifiedDate":"2025-08-19T19:14:54","isFullCredit":false},{"lineNumber":71,"author":{"gitId":"nghnaomi"},"content":"                    Task task \u003d new ToDoTask(desc);","lastModifiedDate":"2025-08-20T11:02:09","isFullCredit":false},{"lineNumber":72,"author":{"gitId":"nghnaomi"},"content":"                    tasks.add(task);","lastModifiedDate":"2025-08-20T11:02:09","isFullCredit":false},{"lineNumber":73,"author":{"gitId":"nghnaomi"},"content":"                    Database.updateDatabase();","lastModifiedDate":"2025-08-20T11:02:09","isFullCredit":false},{"lineNumber":74,"author":{"gitId":"nghnaomi"},"content":"                    Interface.taskAdded(task.getName(), tasks.size());","lastModifiedDate":"2025-08-20T11:02:09","isFullCredit":false},{"lineNumber":75,"author":{"gitId":"nghnaomi"},"content":"                    break;","lastModifiedDate":"2025-08-19T21:35:29","isFullCredit":false},{"lineNumber":76,"author":{"gitId":"nghnaomi"},"content":"                }","lastModifiedDate":"2025-08-19T21:35:29","isFullCredit":false},{"lineNumber":77,"author":{"gitId":"nghnaomi"},"content":"                case DEADLINE: {","lastModifiedDate":"2025-08-19T21:35:29","isFullCredit":false},{"lineNumber":78,"author":{"gitId":"nghnaomi"},"content":"                    int byIndex \u003d input.indexOf(\" /by\");","lastModifiedDate":"2025-08-19T20:37:35","isFullCredit":false},{"lineNumber":79,"author":{"gitId":"nghnaomi"},"content":"                    if (byIndex \u003d\u003d -1 || byIndex \u003c\u003d 9 || input.length() \u003c\u003d byIndex + 4) {","lastModifiedDate":"2025-08-19T20:37:35","isFullCredit":false},{"lineNumber":80,"author":{"gitId":"nghnaomi"},"content":"                        Interface.invalidInput();","lastModifiedDate":"2025-08-20T11:02:09","isFullCredit":false},{"lineNumber":81,"author":{"gitId":"nghnaomi"},"content":"                        break;","lastModifiedDate":"2025-08-19T21:35:29","isFullCredit":false},{"lineNumber":82,"author":{"gitId":"nghnaomi"},"content":"                    }","lastModifiedDate":"2025-08-19T20:37:35","isFullCredit":false},{"lineNumber":83,"author":{"gitId":"nghnaomi"},"content":"","lastModifiedDate":"2025-08-19T20:37:35","isFullCredit":false},{"lineNumber":84,"author":{"gitId":"nghnaomi"},"content":"                    String desc \u003d Functions.getDeadlineDescription(input);","lastModifiedDate":"2025-08-20T11:02:09","isFullCredit":false},{"lineNumber":85,"author":{"gitId":"nghnaomi"},"content":"                    String deadline \u003d Functions.getDeadline(input);","lastModifiedDate":"2025-08-20T11:02:09","isFullCredit":false},{"lineNumber":86,"author":{"gitId":"nghnaomi"},"content":"                    Task task \u003d new DeadlineTask(desc, deadline);","lastModifiedDate":"2025-08-20T11:02:09","isFullCredit":false},{"lineNumber":87,"author":{"gitId":"nghnaomi"},"content":"                    tasks.add(task);","lastModifiedDate":"2025-08-20T11:02:09","isFullCredit":false},{"lineNumber":88,"author":{"gitId":"nghnaomi"},"content":"                    Database.updateDatabase();","lastModifiedDate":"2025-08-20T11:02:09","isFullCredit":false},{"lineNumber":89,"author":{"gitId":"nghnaomi"},"content":"                    Interface.taskAdded(task.getName(), tasks.size());","lastModifiedDate":"2025-08-20T11:02:09","isFullCredit":false},{"lineNumber":90,"author":{"gitId":"nghnaomi"},"content":"                    break;","lastModifiedDate":"2025-08-19T21:35:29","isFullCredit":false},{"lineNumber":91,"author":{"gitId":"nghnaomi"},"content":"                }","lastModifiedDate":"2025-08-19T21:35:29","isFullCredit":false},{"lineNumber":92,"author":{"gitId":"nghnaomi"},"content":"                case EVENT: {","lastModifiedDate":"2025-08-19T21:35:29","isFullCredit":false},{"lineNumber":93,"author":{"gitId":"nghnaomi"},"content":"                    int fromIndex \u003d input.indexOf(\" /from\");","lastModifiedDate":"2025-08-19T20:37:35","isFullCredit":false},{"lineNumber":94,"author":{"gitId":"nghnaomi"},"content":"                    int toIndex \u003d input.indexOf(\" /to\", fromIndex + 1);","lastModifiedDate":"2025-08-19T20:37:35","isFullCredit":false},{"lineNumber":95,"author":{"gitId":"nghnaomi"},"content":"                    if (fromIndex \u003d\u003d -1 || toIndex \u003d\u003d -1 || fromIndex \u003c\u003d 5 ||","lastModifiedDate":"2025-08-19T20:37:35","isFullCredit":false},{"lineNumber":96,"author":{"gitId":"nghnaomi"},"content":"                            toIndex - (fromIndex + 6) \u003c\u003d 0 || input.length() \u003c\u003d toIndex + 4) {","lastModifiedDate":"2025-08-19T20:37:35","isFullCredit":false},{"lineNumber":97,"author":{"gitId":"nghnaomi"},"content":"                        Interface.invalidInput();","lastModifiedDate":"2025-08-20T11:02:09","isFullCredit":false},{"lineNumber":98,"author":{"gitId":"nghnaomi"},"content":"                        break;","lastModifiedDate":"2025-08-19T21:35:29","isFullCredit":false},{"lineNumber":99,"author":{"gitId":"nghnaomi"},"content":"                    }","lastModifiedDate":"2025-08-19T20:37:35","isFullCredit":false},{"lineNumber":100,"author":{"gitId":"nghnaomi"},"content":"","lastModifiedDate":"2025-08-19T20:37:35","isFullCredit":false},{"lineNumber":101,"author":{"gitId":"nghnaomi"},"content":"                    String desc \u003d Functions.getEventDescription(input);","lastModifiedDate":"2025-08-20T11:02:09","isFullCredit":false},{"lineNumber":102,"author":{"gitId":"nghnaomi"},"content":"                    String start \u003d Functions.getEventTime(input, true);","lastModifiedDate":"2025-08-20T11:02:09","isFullCredit":false},{"lineNumber":103,"author":{"gitId":"nghnaomi"},"content":"                    String end \u003d Functions.getEventTime(input, false);","lastModifiedDate":"2025-08-20T11:02:09","isFullCredit":false},{"lineNumber":104,"author":{"gitId":"nghnaomi"},"content":"                    Task task \u003d new EventTask(desc, start, end);","lastModifiedDate":"2025-08-20T11:02:09","isFullCredit":false},{"lineNumber":105,"author":{"gitId":"nghnaomi"},"content":"                    tasks.add(task);","lastModifiedDate":"2025-08-20T11:02:09","isFullCredit":false},{"lineNumber":106,"author":{"gitId":"nghnaomi"},"content":"                    Database.updateDatabase();","lastModifiedDate":"2025-08-20T11:02:09","isFullCredit":false},{"lineNumber":107,"author":{"gitId":"nghnaomi"},"content":"                    Interface.taskAdded(task.getName(), tasks.size());","lastModifiedDate":"2025-08-20T11:02:09","isFullCredit":false},{"lineNumber":108,"author":{"gitId":"nghnaomi"},"content":"                    break;","lastModifiedDate":"2025-08-19T21:35:29","isFullCredit":false},{"lineNumber":109,"author":{"gitId":"nghnaomi"},"content":"                }","lastModifiedDate":"2025-08-19T21:35:29","isFullCredit":false},{"lineNumber":110,"author":{"gitId":"nghnaomi"},"content":"                case DELETE: {","lastModifiedDate":"2025-08-19T21:35:29","isFullCredit":false},{"lineNumber":111,"author":{"gitId":"nghnaomi"},"content":"                    try {","lastModifiedDate":"2025-08-20T11:02:09","isFullCredit":false},{"lineNumber":112,"author":{"gitId":"nghnaomi"},"content":"                        int taskNumber \u003d Integer.parseInt(input.substring(7).trim()) - 1;","lastModifiedDate":"2025-08-19T21:35:29","isFullCredit":false},{"lineNumber":113,"author":{"gitId":"nghnaomi"},"content":"                        if (taskNumber \u003c 0 || taskNumber \u003e\u003d tasks.size()) {","lastModifiedDate":"2025-08-20T11:02:09","isFullCredit":false},{"lineNumber":114,"author":{"gitId":"nghnaomi"},"content":"                            Interface.taskNotFound();","lastModifiedDate":"2025-08-20T07:57:14","isFullCredit":false},{"lineNumber":115,"author":{"gitId":"nghnaomi"},"content":"                            break;","lastModifiedDate":"2025-08-19T21:35:29","isFullCredit":false},{"lineNumber":116,"author":{"gitId":"nghnaomi"},"content":"                        }","lastModifiedDate":"2025-08-19T21:35:29","isFullCredit":false},{"lineNumber":117,"author":{"gitId":"nghnaomi"},"content":"","lastModifiedDate":"2025-08-19T21:35:29","isFullCredit":false},{"lineNumber":118,"author":{"gitId":"nghnaomi"},"content":"                        Task task \u003d tasks.remove(taskNumber);","lastModifiedDate":"2025-08-19T21:35:29","isFullCredit":false},{"lineNumber":119,"author":{"gitId":"nghnaomi"},"content":"                        Database.updateDatabase();","lastModifiedDate":"2025-08-20T11:02:09","isFullCredit":false},{"lineNumber":120,"author":{"gitId":"nghnaomi"},"content":"                        Interface.deletedTask(task, tasks.size());","lastModifiedDate":"2025-08-20T07:57:14","isFullCredit":false},{"lineNumber":121,"author":{"gitId":"nghnaomi"},"content":"                    } catch (NumberFormatException e) {","lastModifiedDate":"2025-08-20T11:02:09","isFullCredit":false},{"lineNumber":122,"author":{"gitId":"nghnaomi"},"content":"                        Interface.invalidInput();","lastModifiedDate":"2025-08-20T11:02:09","isFullCredit":false},{"lineNumber":123,"author":{"gitId":"nghnaomi"},"content":"                    }","lastModifiedDate":"2025-08-20T11:02:09","isFullCredit":false},{"lineNumber":124,"author":{"gitId":"nghnaomi"},"content":"","lastModifiedDate":"2025-08-20T11:02:09","isFullCredit":false},{"lineNumber":125,"author":{"gitId":"nghnaomi"},"content":"                    break;","lastModifiedDate":"2025-08-19T21:35:29","isFullCredit":false},{"lineNumber":126,"author":{"gitId":"nghnaomi"},"content":"                }","lastModifiedDate":"2025-08-19T21:35:29","isFullCredit":false},{"lineNumber":127,"author":{"gitId":"nghnaomi"},"content":"                case UNKNOWN: {","lastModifiedDate":"2025-08-19T21:35:29","isFullCredit":false},{"lineNumber":128,"author":{"gitId":"nghnaomi"},"content":"                    Interface.invalidCommand();","lastModifiedDate":"2025-08-20T07:57:14","isFullCredit":false},{"lineNumber":129,"author":{"gitId":"nghnaomi"},"content":"                    break;","lastModifiedDate":"2025-08-19T21:35:29","isFullCredit":false},{"lineNumber":130,"author":{"gitId":"nghnaomi"},"content":"                }","lastModifiedDate":"2025-08-19T21:35:29","isFullCredit":false},{"lineNumber":131,"author":{"gitId":"nghnaomi"},"content":"            }","lastModifiedDate":"2025-08-19T17:39:52","isFullCredit":false},{"lineNumber":132,"author":{"gitId":"nghnaomi"},"content":"        }","lastModifiedDate":"2025-08-19T17:39:52","isFullCredit":false},{"lineNumber":133,"author":{"gitId":"nghnaomi"},"content":"","lastModifiedDate":"2025-08-19T17:39:52","isFullCredit":false},{"lineNumber":134,"author":{"gitId":"nghnaomi"},"content":"        scanner.close();","lastModifiedDate":"2025-08-19T17:39:52","isFullCredit":false},{"lineNumber":135,"author":{"gitId":"nghnaomi"},"content":"    }","lastModifiedDate":"2025-08-19T17:08:20","isFullCredit":false},{"lineNumber":136,"author":{"gitId":"nghnaomi"},"content":"}","lastModifiedDate":"2025-08-19T17:08:20","isFullCredit":false}],"authorContributionMap":{"nghnaomi":136}},{"path":"src/main/java/Command.java","fileType":"java","lines":[{"lineNumber":1,"author":{"gitId":"nghnaomi"},"content":"public enum Command {","lastModifiedDate":"2025-08-19T21:35:29","isFullCredit":false},{"lineNumber":2,"author":{"gitId":"nghnaomi"},"content":"    LIST, BYE, MARK, UNMARK, TODO, DEADLINE, EVENT, DELETE, UNKNOWN;","lastModifiedDate":"2025-08-19T21:35:29","isFullCredit":false},{"lineNumber":3,"author":{"gitId":"nghnaomi"},"content":"","lastModifiedDate":"2025-08-19T21:35:29","isFullCredit":false},{"lineNumber":4,"author":{"gitId":"nghnaomi"},"content":"    public static Command fromString(String input) {","lastModifiedDate":"2025-08-19T21:35:29","isFullCredit":false},{"lineNumber":5,"author":{"gitId":"nghnaomi"},"content":"        if (input \u003d\u003d null) return null;","lastModifiedDate":"2025-08-19T21:35:29","isFullCredit":false},{"lineNumber":6,"author":{"gitId":"nghnaomi"},"content":"        switch (input.toLowerCase()) {","lastModifiedDate":"2025-08-19T21:35:29","isFullCredit":false},{"lineNumber":7,"author":{"gitId":"nghnaomi"},"content":"            case \"list\": return LIST;","lastModifiedDate":"2025-08-19T21:35:29","isFullCredit":false},{"lineNumber":8,"author":{"gitId":"nghnaomi"},"content":"            case \"bye\": return BYE;","lastModifiedDate":"2025-08-19T21:35:29","isFullCredit":false},{"lineNumber":9,"author":{"gitId":"nghnaomi"},"content":"            case \"mark\": return MARK;","lastModifiedDate":"2025-08-19T21:35:29","isFullCredit":false},{"lineNumber":10,"author":{"gitId":"nghnaomi"},"content":"            case \"unmark\": return UNMARK;","lastModifiedDate":"2025-08-19T21:35:29","isFullCredit":false},{"lineNumber":11,"author":{"gitId":"nghnaomi"},"content":"            case \"todo\": return TODO;","lastModifiedDate":"2025-08-19T21:35:29","isFullCredit":false},{"lineNumber":12,"author":{"gitId":"nghnaomi"},"content":"            case \"deadline\": return DEADLINE;","lastModifiedDate":"2025-08-19T21:35:29","isFullCredit":false},{"lineNumber":13,"author":{"gitId":"nghnaomi"},"content":"            case \"event\": return EVENT;","lastModifiedDate":"2025-08-19T21:35:29","isFullCredit":false},{"lineNumber":14,"author":{"gitId":"nghnaomi"},"content":"            case \"delete\": return DELETE;","lastModifiedDate":"2025-08-19T21:35:29","isFullCredit":false},{"lineNumber":15,"author":{"gitId":"nghnaomi"},"content":"            default: return UNKNOWN;","lastModifiedDate":"2025-08-19T21:35:29","isFullCredit":false},{"lineNumber":16,"author":{"gitId":"nghnaomi"},"content":"        }","lastModifiedDate":"2025-08-19T21:35:29","isFullCredit":false},{"lineNumber":17,"author":{"gitId":"nghnaomi"},"content":"    }","lastModifiedDate":"2025-08-19T21:35:29","isFullCredit":false},{"lineNumber":18,"author":{"gitId":"nghnaomi"},"content":"}","lastModifiedDate":"2025-08-19T21:35:29","isFullCredit":false}],"authorContributionMap":{"nghnaomi":18}},{"path":"src/main/java/Database.java","fileType":"java","lines":[{"lineNumber":1,"author":{"gitId":"nghnaomi"},"content":"import java.io.File;","lastModifiedDate":"2025-08-20T11:02:09","isFullCredit":false},{"lineNumber":2,"author":{"gitId":"nghnaomi"},"content":"import java.io.FileInputStream;","lastModifiedDate":"2025-08-20T11:02:09","isFullCredit":false},{"lineNumber":3,"author":{"gitId":"nghnaomi"},"content":"import java.io.FileOutputStream;","lastModifiedDate":"2025-08-20T11:02:09","isFullCredit":false},{"lineNumber":4,"author":{"gitId":"nghnaomi"},"content":"import java.io.IOException;","lastModifiedDate":"2025-08-20T11:02:09","isFullCredit":false},{"lineNumber":5,"author":{"gitId":"nghnaomi"},"content":"import java.io.ObjectInputStream;","lastModifiedDate":"2025-08-20T11:02:09","isFullCredit":false},{"lineNumber":6,"author":{"gitId":"nghnaomi"},"content":"import java.io.ObjectOutputStream;","lastModifiedDate":"2025-08-20T11:02:09","isFullCredit":false},{"lineNumber":7,"author":{"gitId":"nghnaomi"},"content":"import java.util.ArrayList;","lastModifiedDate":"2025-08-20T11:02:09","isFullCredit":false},{"lineNumber":8,"author":{"gitId":"nghnaomi"},"content":"import java.util.List;","lastModifiedDate":"2025-08-20T11:02:09","isFullCredit":false},{"lineNumber":9,"author":{"gitId":"nghnaomi"},"content":"","lastModifiedDate":"2025-08-20T11:02:09","isFullCredit":false},{"lineNumber":10,"author":{"gitId":"nghnaomi"},"content":"public class Database {","lastModifiedDate":"2025-08-20T11:02:09","isFullCredit":false},{"lineNumber":11,"author":{"gitId":"nghnaomi"},"content":"    private final static String DB_PATH \u003d \"./data/record.txt\";","lastModifiedDate":"2025-08-20T11:02:09","isFullCredit":false},{"lineNumber":12,"author":{"gitId":"nghnaomi"},"content":"    private final static List\u003cTask\u003e database \u003d loadDatabase();","lastModifiedDate":"2025-08-20T11:02:09","isFullCredit":false},{"lineNumber":13,"author":{"gitId":"nghnaomi"},"content":"","lastModifiedDate":"2025-08-20T11:02:09","isFullCredit":false},{"lineNumber":14,"author":{"gitId":"nghnaomi"},"content":"    public static void updateDatabase() {","lastModifiedDate":"2025-08-20T11:02:09","isFullCredit":false},{"lineNumber":15,"author":{"gitId":"nghnaomi"},"content":"        try (ObjectOutputStream oos \u003d new ObjectOutputStream(new FileOutputStream(DB_PATH))) {","lastModifiedDate":"2025-08-20T11:02:09","isFullCredit":false},{"lineNumber":16,"author":{"gitId":"nghnaomi"},"content":"            oos.writeObject(database);","lastModifiedDate":"2025-08-20T11:02:09","isFullCredit":false},{"lineNumber":17,"author":{"gitId":"nghnaomi"},"content":"        } catch (Exception e) {","lastModifiedDate":"2025-08-20T11:02:09","isFullCredit":false},{"lineNumber":18,"author":{"gitId":"nghnaomi"},"content":"            e.printStackTrace();","lastModifiedDate":"2025-08-20T11:02:09","isFullCredit":false},{"lineNumber":19,"author":{"gitId":"nghnaomi"},"content":"        }","lastModifiedDate":"2025-08-20T11:02:09","isFullCredit":false},{"lineNumber":20,"author":{"gitId":"nghnaomi"},"content":"    }","lastModifiedDate":"2025-08-20T11:02:09","isFullCredit":false},{"lineNumber":21,"author":{"gitId":"nghnaomi"},"content":"","lastModifiedDate":"2025-08-20T11:02:09","isFullCredit":false},{"lineNumber":22,"author":{"gitId":"nghnaomi"},"content":"    @SuppressWarnings(\"unchecked\")","lastModifiedDate":"2025-08-20T11:02:09","isFullCredit":false},{"lineNumber":23,"author":{"gitId":"nghnaomi"},"content":"    private static List\u003cTask\u003e loadDatabase() {","lastModifiedDate":"2025-08-20T11:02:09","isFullCredit":false},{"lineNumber":24,"author":{"gitId":"nghnaomi"},"content":"        File file \u003d new File(DB_PATH);","lastModifiedDate":"2025-08-20T11:02:09","isFullCredit":false},{"lineNumber":25,"author":{"gitId":"nghnaomi"},"content":"        if (!file.exists()) {","lastModifiedDate":"2025-08-20T11:02:09","isFullCredit":false},{"lineNumber":26,"author":{"gitId":"nghnaomi"},"content":"            file.getParentFile().mkdirs();","lastModifiedDate":"2025-08-20T11:02:09","isFullCredit":false},{"lineNumber":27,"author":{"gitId":"nghnaomi"},"content":"            return new ArrayList\u003c\u003e();","lastModifiedDate":"2025-08-20T11:02:09","isFullCredit":false},{"lineNumber":28,"author":{"gitId":"nghnaomi"},"content":"        }","lastModifiedDate":"2025-08-20T11:02:09","isFullCredit":false},{"lineNumber":29,"author":{"gitId":"nghnaomi"},"content":"","lastModifiedDate":"2025-08-20T11:02:09","isFullCredit":false},{"lineNumber":30,"author":{"gitId":"nghnaomi"},"content":"        try (ObjectInputStream ois \u003d new ObjectInputStream(new FileInputStream(file))) {","lastModifiedDate":"2025-08-20T11:02:09","isFullCredit":false},{"lineNumber":31,"author":{"gitId":"nghnaomi"},"content":"            return (List\u003cTask\u003e) ois.readObject();","lastModifiedDate":"2025-08-20T11:02:09","isFullCredit":false},{"lineNumber":32,"author":{"gitId":"nghnaomi"},"content":"        } catch (IOException | ClassNotFoundException e) {","lastModifiedDate":"2025-08-20T11:02:09","isFullCredit":false},{"lineNumber":33,"author":{"gitId":"nghnaomi"},"content":"            return new ArrayList\u003c\u003e();","lastModifiedDate":"2025-08-20T11:02:09","isFullCredit":false},{"lineNumber":34,"author":{"gitId":"nghnaomi"},"content":"        }","lastModifiedDate":"2025-08-20T11:02:09","isFullCredit":false},{"lineNumber":35,"author":{"gitId":"nghnaomi"},"content":"    }","lastModifiedDate":"2025-08-20T11:02:09","isFullCredit":false},{"lineNumber":36,"author":{"gitId":"nghnaomi"},"content":"","lastModifiedDate":"2025-08-20T11:02:09","isFullCredit":false},{"lineNumber":37,"author":{"gitId":"nghnaomi"},"content":"    public static List\u003cTask\u003e getDatabase() {","lastModifiedDate":"2025-08-20T11:02:09","isFullCredit":false},{"lineNumber":38,"author":{"gitId":"nghnaomi"},"content":"        return database;","lastModifiedDate":"2025-08-20T11:02:09","isFullCredit":false},{"lineNumber":39,"author":{"gitId":"nghnaomi"},"content":"    }","lastModifiedDate":"2025-08-20T11:02:09","isFullCredit":false},{"lineNumber":40,"author":{"gitId":"nghnaomi"},"content":"}","lastModifiedDate":"2025-08-20T11:02:09","isFullCredit":false}],"authorContributionMap":{"nghnaomi":40}},{"path":"src/main/java/DeadlineTask.java","fileType":"java","lines":[{"lineNumber":1,"author":{"gitId":"nghnaomi"},"content":"public class DeadlineTask extends Task {","lastModifiedDate":"2025-08-19T19:14:54","isFullCredit":false},{"lineNumber":2,"author":{"gitId":"nghnaomi"},"content":"    protected String deadline;","lastModifiedDate":"2025-08-19T19:14:54","isFullCredit":false},{"lineNumber":3,"author":{"gitId":"nghnaomi"},"content":"","lastModifiedDate":"2025-08-19T19:14:54","isFullCredit":false},{"lineNumber":4,"author":{"gitId":"nghnaomi"},"content":"    public DeadlineTask(String name, String deadline) {","lastModifiedDate":"2025-08-19T19:14:54","isFullCredit":false},{"lineNumber":5,"author":{"gitId":"nghnaomi"},"content":"        super(name);","lastModifiedDate":"2025-08-19T19:14:54","isFullCredit":false},{"lineNumber":6,"author":{"gitId":"nghnaomi"},"content":"        this.deadline \u003d deadline;","lastModifiedDate":"2025-08-19T19:14:54","isFullCredit":false},{"lineNumber":7,"author":{"gitId":"nghnaomi"},"content":"    }","lastModifiedDate":"2025-08-19T19:14:54","isFullCredit":false},{"lineNumber":8,"author":{"gitId":"nghnaomi"},"content":"","lastModifiedDate":"2025-08-19T19:14:54","isFullCredit":false},{"lineNumber":9,"author":{"gitId":"nghnaomi"},"content":"    @Override","lastModifiedDate":"2025-08-19T19:14:54","isFullCredit":false},{"lineNumber":10,"author":{"gitId":"nghnaomi"},"content":"    public String toString() {","lastModifiedDate":"2025-08-19T19:14:54","isFullCredit":false},{"lineNumber":11,"author":{"gitId":"nghnaomi"},"content":"        return \"[D]\" + super.toString() + \" (by: \" + this.deadline + \")\";","lastModifiedDate":"2025-08-19T19:14:54","isFullCredit":false},{"lineNumber":12,"author":{"gitId":"nghnaomi"},"content":"    }","lastModifiedDate":"2025-08-19T19:14:54","isFullCredit":false},{"lineNumber":13,"author":{"gitId":"nghnaomi"},"content":"}","lastModifiedDate":"2025-08-19T19:14:54","isFullCredit":false}],"authorContributionMap":{"nghnaomi":13}},{"path":"src/main/java/EventTask.java","fileType":"java","lines":[{"lineNumber":1,"author":{"gitId":"nghnaomi"},"content":"public class EventTask extends Task {","lastModifiedDate":"2025-08-19T19:14:54","isFullCredit":false},{"lineNumber":2,"author":{"gitId":"nghnaomi"},"content":"    protected String start;","lastModifiedDate":"2025-08-19T19:14:54","isFullCredit":false},{"lineNumber":3,"author":{"gitId":"nghnaomi"},"content":"    protected String end;","lastModifiedDate":"2025-08-19T19:14:54","isFullCredit":false},{"lineNumber":4,"author":{"gitId":"nghnaomi"},"content":"","lastModifiedDate":"2025-08-19T19:14:54","isFullCredit":false},{"lineNumber":5,"author":{"gitId":"nghnaomi"},"content":"    public EventTask(String name, String start, String end) {","lastModifiedDate":"2025-08-19T19:14:54","isFullCredit":false},{"lineNumber":6,"author":{"gitId":"nghnaomi"},"content":"        super(name);","lastModifiedDate":"2025-08-19T19:14:54","isFullCredit":false},{"lineNumber":7,"author":{"gitId":"nghnaomi"},"content":"        this.start \u003d start;","lastModifiedDate":"2025-08-19T19:14:54","isFullCredit":false},{"lineNumber":8,"author":{"gitId":"nghnaomi"},"content":"        this.end \u003d end;","lastModifiedDate":"2025-08-19T19:14:54","isFullCredit":false},{"lineNumber":9,"author":{"gitId":"nghnaomi"},"content":"    }","lastModifiedDate":"2025-08-19T19:14:54","isFullCredit":false},{"lineNumber":10,"author":{"gitId":"nghnaomi"},"content":"","lastModifiedDate":"2025-08-19T19:14:54","isFullCredit":false},{"lineNumber":11,"author":{"gitId":"nghnaomi"},"content":"    @Override","lastModifiedDate":"2025-08-19T19:14:54","isFullCredit":false},{"lineNumber":12,"author":{"gitId":"nghnaomi"},"content":"    public String toString() {","lastModifiedDate":"2025-08-19T19:14:54","isFullCredit":false},{"lineNumber":13,"author":{"gitId":"nghnaomi"},"content":"        return \"[E]\" + super.toString() + \" (from: \" + this.start + \"; to: \" + this.end + \")\";","lastModifiedDate":"2025-08-19T19:14:54","isFullCredit":false},{"lineNumber":14,"author":{"gitId":"nghnaomi"},"content":"    }","lastModifiedDate":"2025-08-19T19:14:54","isFullCredit":false},{"lineNumber":15,"author":{"gitId":"nghnaomi"},"content":"}","lastModifiedDate":"2025-08-19T19:14:54","isFullCredit":false}],"authorContributionMap":{"nghnaomi":15}},{"path":"src/main/java/Functions.java","fileType":"java","lines":[{"lineNumber":1,"author":{"gitId":"nghnaomi"},"content":"public class Functions {","lastModifiedDate":"2025-08-20T11:02:09","isFullCredit":false},{"lineNumber":2,"author":{"gitId":"nghnaomi"},"content":"    public static String getDeadlineDescription(String input) {","lastModifiedDate":"2025-08-19T19:14:54","isFullCredit":false},{"lineNumber":3,"author":{"gitId":"nghnaomi"},"content":"        String key \u003d \" /\";","lastModifiedDate":"2025-08-19T19:14:54","isFullCredit":false},{"lineNumber":4,"author":{"gitId":"nghnaomi"},"content":"        int keyIndex \u003d input.indexOf(key, 9);","lastModifiedDate":"2025-08-19T19:14:54","isFullCredit":false},{"lineNumber":5,"author":{"gitId":"nghnaomi"},"content":"        return input.substring(9, keyIndex).trim();","lastModifiedDate":"2025-08-19T19:14:54","isFullCredit":false},{"lineNumber":6,"author":{"gitId":"nghnaomi"},"content":"    }","lastModifiedDate":"2025-08-19T19:14:54","isFullCredit":false},{"lineNumber":7,"author":{"gitId":"nghnaomi"},"content":"","lastModifiedDate":"2025-08-19T19:14:54","isFullCredit":false},{"lineNumber":8,"author":{"gitId":"nghnaomi"},"content":"    public static String getEventDescription(String input) {","lastModifiedDate":"2025-08-19T19:14:54","isFullCredit":false},{"lineNumber":9,"author":{"gitId":"nghnaomi"},"content":"        String key \u003d \" /\";","lastModifiedDate":"2025-08-19T19:14:54","isFullCredit":false},{"lineNumber":10,"author":{"gitId":"nghnaomi"},"content":"        int keyIndex \u003d input.indexOf(key, 6);","lastModifiedDate":"2025-08-19T19:14:54","isFullCredit":false},{"lineNumber":11,"author":{"gitId":"nghnaomi"},"content":"        return input.substring(6, keyIndex).trim();","lastModifiedDate":"2025-08-19T19:14:54","isFullCredit":false},{"lineNumber":12,"author":{"gitId":"nghnaomi"},"content":"    }","lastModifiedDate":"2025-08-19T19:14:54","isFullCredit":false},{"lineNumber":13,"author":{"gitId":"nghnaomi"},"content":"","lastModifiedDate":"2025-08-19T19:14:54","isFullCredit":false},{"lineNumber":14,"author":{"gitId":"nghnaomi"},"content":"    public static String getDeadline(String input) {","lastModifiedDate":"2025-08-19T19:14:54","isFullCredit":false},{"lineNumber":15,"author":{"gitId":"nghnaomi"},"content":"        int keyIndex1 \u003d input.indexOf(\" /by\", 9);","lastModifiedDate":"2025-08-19T19:14:54","isFullCredit":false},{"lineNumber":16,"author":{"gitId":"nghnaomi"},"content":"        return input.substring(keyIndex1 + 4).trim();","lastModifiedDate":"2025-08-19T19:14:54","isFullCredit":false},{"lineNumber":17,"author":{"gitId":"nghnaomi"},"content":"    }","lastModifiedDate":"2025-08-19T19:14:54","isFullCredit":false},{"lineNumber":18,"author":{"gitId":"nghnaomi"},"content":"","lastModifiedDate":"2025-08-19T19:14:54","isFullCredit":false},{"lineNumber":19,"author":{"gitId":"nghnaomi"},"content":"    public static String getEventTime(String input, boolean start) {","lastModifiedDate":"2025-08-19T19:14:54","isFullCredit":false},{"lineNumber":20,"author":{"gitId":"nghnaomi"},"content":"        String key \u003d \" /\";","lastModifiedDate":"2025-08-19T19:14:54","isFullCredit":false},{"lineNumber":21,"author":{"gitId":"nghnaomi"},"content":"        int keyIndex1 \u003d input.indexOf(\" /from\", 9);","lastModifiedDate":"2025-08-19T19:14:54","isFullCredit":false},{"lineNumber":22,"author":{"gitId":"nghnaomi"},"content":"        int keyIndex2 \u003d input.indexOf(\" /to\", keyIndex1);","lastModifiedDate":"2025-08-19T19:14:54","isFullCredit":false},{"lineNumber":23,"author":{"gitId":"nghnaomi"},"content":"        if (start) {","lastModifiedDate":"2025-08-19T19:14:54","isFullCredit":false},{"lineNumber":24,"author":{"gitId":"nghnaomi"},"content":"            return input.substring(keyIndex1 + 6, keyIndex2).trim();","lastModifiedDate":"2025-08-19T19:14:54","isFullCredit":false},{"lineNumber":25,"author":{"gitId":"nghnaomi"},"content":"        } else {","lastModifiedDate":"2025-08-19T19:14:54","isFullCredit":false},{"lineNumber":26,"author":{"gitId":"nghnaomi"},"content":"            return input.substring(keyIndex2 + 4).trim();","lastModifiedDate":"2025-08-19T19:14:54","isFullCredit":false},{"lineNumber":27,"author":{"gitId":"nghnaomi"},"content":"        }","lastModifiedDate":"2025-08-19T19:14:54","isFullCredit":false},{"lineNumber":28,"author":{"gitId":"nghnaomi"},"content":"    }","lastModifiedDate":"2025-08-19T19:14:54","isFullCredit":false},{"lineNumber":29,"author":{"gitId":"nghnaomi"},"content":"}","lastModifiedDate":"2025-08-19T19:14:54","isFullCredit":false}],"authorContributionMap":{"nghnaomi":29}},{"path":"src/main/java/Interface.java","fileType":"java","lines":[{"lineNumber":1,"author":{"gitId":"nghnaomi"},"content":"import java.util.List;","lastModifiedDate":"2025-08-19T21:35:29","isFullCredit":false},{"lineNumber":2,"author":{"gitId":"nghnaomi"},"content":"","lastModifiedDate":"2025-08-19T21:35:29","isFullCredit":false},{"lineNumber":3,"author":{"gitId":"nghnaomi"},"content":"public class Interface {","lastModifiedDate":"2025-08-20T07:57:14","isFullCredit":false},{"lineNumber":4,"author":{"gitId":"nghnaomi"},"content":"    protected static String logo \u003d \"\\n   _      _      _      _      _      _   \\n\"","lastModifiedDate":"2025-08-19T21:35:29","isFullCredit":false},{"lineNumber":5,"author":{"gitId":"nghnaomi"},"content":"            + \" _( )_  _( )_  _( )_  _( )_  _( )_  _( )_ \\n\"","lastModifiedDate":"2025-08-19T21:35:29","isFullCredit":false},{"lineNumber":6,"author":{"gitId":"nghnaomi"},"content":"            + \"(_ o _)(_ o _)(_ o _)(_ o _)(_ o _)(_ o _)\\n\"","lastModifiedDate":"2025-08-19T21:35:29","isFullCredit":false},{"lineNumber":7,"author":{"gitId":"nghnaomi"},"content":"            + \" (_,_)  (_,_)  (_,_)  (_,_)  (_,_)  (_,_) \\n\"","lastModifiedDate":"2025-08-19T21:35:29","isFullCredit":false},{"lineNumber":8,"author":{"gitId":"nghnaomi"},"content":"            + \"   _                                  _   \\n\"","lastModifiedDate":"2025-08-19T21:35:29","isFullCredit":false},{"lineNumber":9,"author":{"gitId":"nghnaomi"},"content":"            + \" _( )_         _                    _( )_ \\n\"","lastModifiedDate":"2025-08-19T21:35:29","isFullCredit":false},{"lineNumber":10,"author":{"gitId":"nghnaomi"},"content":"            + \"(_ o _)   __ _| |_   _ _ __   ___  (_ o _)\\n\"","lastModifiedDate":"2025-08-19T21:35:29","isFullCredit":false},{"lineNumber":11,"author":{"gitId":"nghnaomi"},"content":"            + \" (_,_)   / _` | | | | | \u0027_ \\\\ / _ \\\\  (_,_) \\n\"","lastModifiedDate":"2025-08-19T21:35:29","isFullCredit":false},{"lineNumber":12,"author":{"gitId":"nghnaomi"},"content":"            + \"   _    | (_| | | |_| | | | |  __/    _   \\n\"","lastModifiedDate":"2025-08-19T21:35:29","isFullCredit":false},{"lineNumber":13,"author":{"gitId":"nghnaomi"},"content":"            + \" _( )_   \\\\__,_|_|\\\\__,_|_| |_|\\\\___|  _( )_ \\n\"","lastModifiedDate":"2025-08-19T21:35:29","isFullCredit":false},{"lineNumber":14,"author":{"gitId":"nghnaomi"},"content":"            + \"(_ o _)                            (_ o _)\\n\"","lastModifiedDate":"2025-08-19T21:35:29","isFullCredit":false},{"lineNumber":15,"author":{"gitId":"nghnaomi"},"content":"            + \" (_,_)                              (_,_) \\n\"","lastModifiedDate":"2025-08-19T21:35:29","isFullCredit":false},{"lineNumber":16,"author":{"gitId":"nghnaomi"},"content":"            + \"   _      _      _      _      _      _   \\n\"","lastModifiedDate":"2025-08-19T21:35:29","isFullCredit":false},{"lineNumber":17,"author":{"gitId":"nghnaomi"},"content":"            + \" _( )_  _( )_  _( )_  _( )_  _( )_  _( )_ \\n\"","lastModifiedDate":"2025-08-19T21:35:29","isFullCredit":false},{"lineNumber":18,"author":{"gitId":"nghnaomi"},"content":"            + \"(_ o _)(_ o _)(_ o _)(_ o _)(_ o _)(_ o _)\\n\"","lastModifiedDate":"2025-08-19T21:35:29","isFullCredit":false},{"lineNumber":19,"author":{"gitId":"nghnaomi"},"content":"            + \" (_,_)  (_,_)  (_,_)  (_,_)  (_,_)  (_,_) \\n\";","lastModifiedDate":"2025-08-19T21:35:29","isFullCredit":false},{"lineNumber":20,"author":{"gitId":"nghnaomi"},"content":"","lastModifiedDate":"2025-08-19T21:35:29","isFullCredit":false},{"lineNumber":21,"author":{"gitId":"nghnaomi"},"content":"    public static void greet() {","lastModifiedDate":"2025-08-19T21:35:29","isFullCredit":false},{"lineNumber":22,"author":{"gitId":"nghnaomi"},"content":"        System.out.println(logo + \"\\n\\nhi i\u0027m alune~ what can i do for you? (⸝⸝ᵕᴗᵕ⸝⸝)\" +","lastModifiedDate":"2025-08-19T21:35:29","isFullCredit":false},{"lineNumber":23,"author":{"gitId":"nghnaomi"},"content":"                \"\\n\\n\\n«────────── « ⋅ʚ♡ɞ⋅ » ──────────»\");","lastModifiedDate":"2025-08-19T21:35:29","isFullCredit":false},{"lineNumber":24,"author":{"gitId":"nghnaomi"},"content":"    }","lastModifiedDate":"2025-08-19T21:35:29","isFullCredit":false},{"lineNumber":25,"author":{"gitId":"nghnaomi"},"content":"","lastModifiedDate":"2025-08-19T21:35:29","isFullCredit":false},{"lineNumber":26,"author":{"gitId":"nghnaomi"},"content":"    public static void farewell() {","lastModifiedDate":"2025-08-19T21:35:29","isFullCredit":false},{"lineNumber":27,"author":{"gitId":"nghnaomi"},"content":"        System.out.println(\"\\n\\n«────────── « ⋅ʚ♡ɞ⋅ » ──────────»\\n\" +","lastModifiedDate":"2025-08-19T21:35:29","isFullCredit":false},{"lineNumber":28,"author":{"gitId":"nghnaomi"},"content":"                            \"\\n\\nbye, see you again~ ꉂ(˵˃ ᗜ ˂˵)\" +","lastModifiedDate":"2025-08-19T21:35:29","isFullCredit":false},{"lineNumber":29,"author":{"gitId":"nghnaomi"},"content":"                            \"\\n\\n\\n«────────── « ⋅ʚ♡ɞ⋅ » ──────────»\\n\");","lastModifiedDate":"2025-08-19T21:35:29","isFullCredit":false},{"lineNumber":30,"author":{"gitId":"nghnaomi"},"content":"    }","lastModifiedDate":"2025-08-19T21:35:29","isFullCredit":false},{"lineNumber":31,"author":{"gitId":"nghnaomi"},"content":"","lastModifiedDate":"2025-08-19T21:35:29","isFullCredit":false},{"lineNumber":32,"author":{"gitId":"nghnaomi"},"content":"    public static void noInput() {","lastModifiedDate":"2025-08-19T21:35:29","isFullCredit":false},{"lineNumber":33,"author":{"gitId":"nghnaomi"},"content":"        System.out.println(\"\\n\\n«────────── « ⋅ʚ♡ɞ⋅ » ──────────»\\n\" +","lastModifiedDate":"2025-08-19T21:35:29","isFullCredit":false},{"lineNumber":34,"author":{"gitId":"nghnaomi"},"content":"                \"\\n\\nno more input. goodbye~ ヾ(＾∇＾)\" +","lastModifiedDate":"2025-08-19T21:35:29","isFullCredit":false},{"lineNumber":35,"author":{"gitId":"nghnaomi"},"content":"                \"\\n\\n\\n«────────── « ⋅ʚ♡ɞ⋅ » ──────────»\\n\");","lastModifiedDate":"2025-08-19T21:35:29","isFullCredit":false},{"lineNumber":36,"author":{"gitId":"nghnaomi"},"content":"    }","lastModifiedDate":"2025-08-19T21:35:29","isFullCredit":false},{"lineNumber":37,"author":{"gitId":"nghnaomi"},"content":"","lastModifiedDate":"2025-08-19T21:35:29","isFullCredit":false},{"lineNumber":38,"author":{"gitId":"nghnaomi"},"content":"    public static void listTasks(List\u003cTask\u003e tasks) {","lastModifiedDate":"2025-08-19T21:35:29","isFullCredit":false},{"lineNumber":39,"author":{"gitId":"nghnaomi"},"content":"        System.out.println(\"\\n\\n«────────── « ⋅ʚ♡ɞ⋅ » ──────────»\\n\" +","lastModifiedDate":"2025-08-19T21:35:29","isFullCredit":false},{"lineNumber":40,"author":{"gitId":"nghnaomi"},"content":"                \"\\n\\nyour tasks: ᕙ( •̀ ᗜ •́ )ᕗ\");","lastModifiedDate":"2025-08-19T21:35:29","isFullCredit":false},{"lineNumber":41,"author":{"gitId":"nghnaomi"},"content":"        if (tasks.isEmpty()) {","lastModifiedDate":"2025-08-19T21:35:29","isFullCredit":false},{"lineNumber":42,"author":{"gitId":"nghnaomi"},"content":"            System.out.println(\"no tasks recorded.\");","lastModifiedDate":"2025-08-19T21:35:29","isFullCredit":false},{"lineNumber":43,"author":{"gitId":"nghnaomi"},"content":"        } else {","lastModifiedDate":"2025-08-19T21:35:29","isFullCredit":false},{"lineNumber":44,"author":{"gitId":"nghnaomi"},"content":"            int num \u003d 1;","lastModifiedDate":"2025-08-19T21:35:29","isFullCredit":false},{"lineNumber":45,"author":{"gitId":"nghnaomi"},"content":"            for (Task task : tasks) {","lastModifiedDate":"2025-08-19T21:35:29","isFullCredit":false},{"lineNumber":46,"author":{"gitId":"nghnaomi"},"content":"                System.out.println(num + \". \" + task);","lastModifiedDate":"2025-08-19T21:35:29","isFullCredit":false},{"lineNumber":47,"author":{"gitId":"nghnaomi"},"content":"                num++;","lastModifiedDate":"2025-08-19T21:35:29","isFullCredit":false},{"lineNumber":48,"author":{"gitId":"nghnaomi"},"content":"            }","lastModifiedDate":"2025-08-19T21:35:29","isFullCredit":false},{"lineNumber":49,"author":{"gitId":"nghnaomi"},"content":"        }","lastModifiedDate":"2025-08-19T21:35:29","isFullCredit":false},{"lineNumber":50,"author":{"gitId":"nghnaomi"},"content":"        System.out.println(\"\\n\\n«────────── « ⋅ʚ♡ɞ⋅ » ──────────»\");","lastModifiedDate":"2025-08-19T21:35:29","isFullCredit":false},{"lineNumber":51,"author":{"gitId":"nghnaomi"},"content":"    }","lastModifiedDate":"2025-08-19T21:35:29","isFullCredit":false},{"lineNumber":52,"author":{"gitId":"nghnaomi"},"content":"","lastModifiedDate":"2025-08-19T21:35:29","isFullCredit":false},{"lineNumber":53,"author":{"gitId":"nghnaomi"},"content":"    public static void markedDone(Task task) {","lastModifiedDate":"2025-08-19T21:35:29","isFullCredit":false},{"lineNumber":54,"author":{"gitId":"nghnaomi"},"content":"        System.out.println(\"\\n\\n«────────── « ⋅ʚ♡ɞ⋅ » ──────────»\\n\" +","lastModifiedDate":"2025-08-19T21:35:29","isFullCredit":false},{"lineNumber":55,"author":{"gitId":"nghnaomi"},"content":"                            \"\\n\\nmarked as done. nice! (˵ •̀ ᴗ - ˵ )\\n\" +","lastModifiedDate":"2025-08-19T21:35:29","isFullCredit":false},{"lineNumber":56,"author":{"gitId":"nghnaomi"},"content":"                            task +","lastModifiedDate":"2025-08-19T21:35:29","isFullCredit":false},{"lineNumber":57,"author":{"gitId":"nghnaomi"},"content":"                            \"\\n\\n\\n«────────── « ⋅ʚ♡ɞ⋅ » ──────────»\");","lastModifiedDate":"2025-08-19T21:35:29","isFullCredit":false},{"lineNumber":58,"author":{"gitId":"nghnaomi"},"content":"    }","lastModifiedDate":"2025-08-19T21:35:29","isFullCredit":false},{"lineNumber":59,"author":{"gitId":"nghnaomi"},"content":"","lastModifiedDate":"2025-08-19T21:35:29","isFullCredit":false},{"lineNumber":60,"author":{"gitId":"nghnaomi"},"content":"    public static void markedUndone(Task task) {","lastModifiedDate":"2025-08-19T21:35:29","isFullCredit":false},{"lineNumber":61,"author":{"gitId":"nghnaomi"},"content":"        System.out.println(\"\\n\\n«────────── « ⋅ʚ♡ɞ⋅ » ──────────»\\n\" +","lastModifiedDate":"2025-08-19T21:35:29","isFullCredit":false},{"lineNumber":62,"author":{"gitId":"nghnaomi"},"content":"                            \"\\n\\nokay, marked as undone. ( ó﹏ò｡ )\\n\" +","lastModifiedDate":"2025-08-19T21:35:29","isFullCredit":false},{"lineNumber":63,"author":{"gitId":"nghnaomi"},"content":"                            task +","lastModifiedDate":"2025-08-19T21:35:29","isFullCredit":false},{"lineNumber":64,"author":{"gitId":"nghnaomi"},"content":"                            \"\\n\\n\\n«────────── « ⋅ʚ♡ɞ⋅ » ──────────»\");","lastModifiedDate":"2025-08-19T21:35:29","isFullCredit":false},{"lineNumber":65,"author":{"gitId":"nghnaomi"},"content":"    }","lastModifiedDate":"2025-08-19T21:35:29","isFullCredit":false},{"lineNumber":66,"author":{"gitId":"nghnaomi"},"content":"","lastModifiedDate":"2025-08-19T21:35:29","isFullCredit":false},{"lineNumber":67,"author":{"gitId":"nghnaomi"},"content":"    public static void taskNotFound() {","lastModifiedDate":"2025-08-19T21:35:29","isFullCredit":false},{"lineNumber":68,"author":{"gitId":"nghnaomi"},"content":"        System.out.println(\"\\n\\n«────────── « ⋅ʚ♡ɞ⋅ » ──────────»\\n\" +","lastModifiedDate":"2025-08-19T21:35:29","isFullCredit":false},{"lineNumber":69,"author":{"gitId":"nghnaomi"},"content":"                            \"\\n\\ntask does not exist. ∘ ∘ ∘ ( °ヮ° ) ?\" +","lastModifiedDate":"2025-08-19T21:35:29","isFullCredit":false},{"lineNumber":70,"author":{"gitId":"nghnaomi"},"content":"                            \"\\n\\n\\n«────────── « ⋅ʚ♡ɞ⋅ » ──────────»\");","lastModifiedDate":"2025-08-19T21:35:29","isFullCredit":false},{"lineNumber":71,"author":{"gitId":"nghnaomi"},"content":"        return;","lastModifiedDate":"2025-08-19T21:35:29","isFullCredit":false},{"lineNumber":72,"author":{"gitId":"nghnaomi"},"content":"    }","lastModifiedDate":"2025-08-19T21:35:29","isFullCredit":false},{"lineNumber":73,"author":{"gitId":"nghnaomi"},"content":"","lastModifiedDate":"2025-08-19T21:35:29","isFullCredit":false},{"lineNumber":74,"author":{"gitId":"nghnaomi"},"content":"    public static void invalidInput() {","lastModifiedDate":"2025-08-20T11:02:09","isFullCredit":false},{"lineNumber":75,"author":{"gitId":"nghnaomi"},"content":"        System.out.println(\"\\n\\n«────────── « ⋅ʚ♡ɞ⋅ » ──────────»\\n\" +","lastModifiedDate":"2025-08-19T21:35:29","isFullCredit":false},{"lineNumber":76,"author":{"gitId":"nghnaomi"},"content":"                                        \"\\n\\ninvalid input, please try again. ( ╥﹏╥ )\" +","lastModifiedDate":"2025-08-20T11:02:09","isFullCredit":false},{"lineNumber":77,"author":{"gitId":"nghnaomi"},"content":"                                        \"\\n\\n\\n«────────── « ⋅ʚ♡ɞ⋅ » ──────────»\");","lastModifiedDate":"2025-08-19T21:35:29","isFullCredit":false},{"lineNumber":78,"author":{"gitId":"nghnaomi"},"content":"        return;","lastModifiedDate":"2025-08-19T21:35:29","isFullCredit":false},{"lineNumber":79,"author":{"gitId":"nghnaomi"},"content":"    }","lastModifiedDate":"2025-08-19T21:35:29","isFullCredit":false},{"lineNumber":80,"author":{"gitId":"nghnaomi"},"content":"","lastModifiedDate":"2025-08-19T21:35:29","isFullCredit":false},{"lineNumber":81,"author":{"gitId":"nghnaomi"},"content":"    public static void taskAdded(String desc, int count) {","lastModifiedDate":"2025-08-19T21:35:29","isFullCredit":false},{"lineNumber":82,"author":{"gitId":"nghnaomi"},"content":"        System.out.println(\"\\n\\n«────────── « ⋅ʚ♡ɞ⋅ » ──────────»\\n\" +","lastModifiedDate":"2025-08-19T21:35:29","isFullCredit":false},{"lineNumber":83,"author":{"gitId":"nghnaomi"},"content":"                        \"\\n\\nadded: \" + desc +","lastModifiedDate":"2025-08-19T21:35:29","isFullCredit":false},{"lineNumber":84,"author":{"gitId":"nghnaomi"},"content":"                        \"\\nyou have \" + count + \" task(s) now. („• ֊ •„)੭\" +","lastModifiedDate":"2025-08-19T21:35:29","isFullCredit":false},{"lineNumber":85,"author":{"gitId":"nghnaomi"},"content":"                        \"\\n\\n\\n«────────── « ⋅ʚ♡ɞ⋅ » ──────────»\");","lastModifiedDate":"2025-08-19T21:35:29","isFullCredit":false},{"lineNumber":86,"author":{"gitId":"nghnaomi"},"content":"    }","lastModifiedDate":"2025-08-19T21:35:29","isFullCredit":false},{"lineNumber":87,"author":{"gitId":"nghnaomi"},"content":"","lastModifiedDate":"2025-08-19T21:35:29","isFullCredit":false},{"lineNumber":88,"author":{"gitId":"nghnaomi"},"content":"    public static void deletedTask(Task task, int total) {","lastModifiedDate":"2025-08-19T21:35:29","isFullCredit":false},{"lineNumber":89,"author":{"gitId":"nghnaomi"},"content":"        System.out.println(\"\\n\\n«────────── « ⋅ʚ♡ɞ⋅ » ──────────»\\n\" +","lastModifiedDate":"2025-08-19T21:35:29","isFullCredit":false},{"lineNumber":90,"author":{"gitId":"nghnaomi"},"content":"                            \"\\n\\ndeleted: \" + task.getName() +","lastModifiedDate":"2025-08-19T21:35:29","isFullCredit":false},{"lineNumber":91,"author":{"gitId":"nghnaomi"},"content":"                            \"\\nyou have \" + total + \" task(s) now. o(≧∇≦o)\" +","lastModifiedDate":"2025-08-19T21:35:29","isFullCredit":false},{"lineNumber":92,"author":{"gitId":"nghnaomi"},"content":"                            \"\\n\\n\\n«────────── « ⋅ʚ♡ɞ⋅ » ──────────»\");","lastModifiedDate":"2025-08-19T21:35:29","isFullCredit":false},{"lineNumber":93,"author":{"gitId":"nghnaomi"},"content":"    }","lastModifiedDate":"2025-08-19T21:35:29","isFullCredit":false},{"lineNumber":94,"author":{"gitId":"nghnaomi"},"content":"","lastModifiedDate":"2025-08-19T21:35:29","isFullCredit":false},{"lineNumber":95,"author":{"gitId":"nghnaomi"},"content":"    public static void invalidCommand() {","lastModifiedDate":"2025-08-19T21:35:29","isFullCredit":false},{"lineNumber":96,"author":{"gitId":"nghnaomi"},"content":"        System.out.println(\"\\n\\n«────────── « ⋅ʚ♡ɞ⋅ » ──────────»\\n\" +","lastModifiedDate":"2025-08-19T21:35:29","isFullCredit":false},{"lineNumber":97,"author":{"gitId":"nghnaomi"},"content":"                            \"\\n\\ncommand not recognised. ( • ᴖ • ｡)\" +","lastModifiedDate":"2025-08-19T21:35:29","isFullCredit":false},{"lineNumber":98,"author":{"gitId":"nghnaomi"},"content":"                            \"\\n\\n\\n«────────── « ⋅ʚ♡ɞ⋅ » ──────────»\");","lastModifiedDate":"2025-08-19T21:35:29","isFullCredit":false},{"lineNumber":99,"author":{"gitId":"nghnaomi"},"content":"    }","lastModifiedDate":"2025-08-19T21:35:29","isFullCredit":false},{"lineNumber":100,"author":{"gitId":"nghnaomi"},"content":"","lastModifiedDate":"2025-08-19T21:35:29","isFullCredit":false},{"lineNumber":101,"author":{"gitId":"nghnaomi"},"content":"}","lastModifiedDate":"2025-08-19T21:35:29","isFullCredit":false}],"authorContributionMap":{"nghnaomi":101}},{"path":"src/main/java/Task.java","fileType":"java","lines":[{"lineNumber":1,"author":{"gitId":"nghnaomi"},"content":"import java.io.Serializable;","lastModifiedDate":"2025-08-20T11:02:09","isFullCredit":false},{"lineNumber":2,"author":{"gitId":"nghnaomi"},"content":"","lastModifiedDate":"2025-08-20T11:02:09","isFullCredit":false},{"lineNumber":3,"author":{"gitId":"nghnaomi"},"content":"public class Task implements Serializable {","lastModifiedDate":"2025-08-20T11:02:09","isFullCredit":false},{"lineNumber":4,"author":{"gitId":"nghnaomi"},"content":"    protected boolean done \u003d false;","lastModifiedDate":"2025-08-19T18:30:16","isFullCredit":false},{"lineNumber":5,"author":{"gitId":"nghnaomi"},"content":"    protected String name;","lastModifiedDate":"2025-08-19T18:30:16","isFullCredit":false},{"lineNumber":6,"author":{"gitId":"nghnaomi"},"content":"","lastModifiedDate":"2025-08-19T18:30:16","isFullCredit":false},{"lineNumber":7,"author":{"gitId":"nghnaomi"},"content":"    public Task(String name) {","lastModifiedDate":"2025-08-19T18:30:16","isFullCredit":false},{"lineNumber":8,"author":{"gitId":"nghnaomi"},"content":"        this.name \u003d name;","lastModifiedDate":"2025-08-19T18:30:16","isFullCredit":false},{"lineNumber":9,"author":{"gitId":"nghnaomi"},"content":"    }","lastModifiedDate":"2025-08-19T18:30:16","isFullCredit":false},{"lineNumber":10,"author":{"gitId":"nghnaomi"},"content":"","lastModifiedDate":"2025-08-19T18:30:16","isFullCredit":false},{"lineNumber":11,"author":{"gitId":"nghnaomi"},"content":"    public void markDone() {","lastModifiedDate":"2025-08-19T18:30:16","isFullCredit":false},{"lineNumber":12,"author":{"gitId":"nghnaomi"},"content":"        this.done \u003d true;","lastModifiedDate":"2025-08-19T18:30:16","isFullCredit":false},{"lineNumber":13,"author":{"gitId":"nghnaomi"},"content":"        return;","lastModifiedDate":"2025-08-19T18:30:16","isFullCredit":false},{"lineNumber":14,"author":{"gitId":"nghnaomi"},"content":"    }","lastModifiedDate":"2025-08-19T18:30:16","isFullCredit":false},{"lineNumber":15,"author":{"gitId":"nghnaomi"},"content":"","lastModifiedDate":"2025-08-19T18:30:16","isFullCredit":false},{"lineNumber":16,"author":{"gitId":"nghnaomi"},"content":"    public void markUndone() {","lastModifiedDate":"2025-08-19T18:30:16","isFullCredit":false},{"lineNumber":17,"author":{"gitId":"nghnaomi"},"content":"        this.done \u003d false;","lastModifiedDate":"2025-08-19T18:30:16","isFullCredit":false},{"lineNumber":18,"author":{"gitId":"nghnaomi"},"content":"        return;","lastModifiedDate":"2025-08-19T18:30:16","isFullCredit":false},{"lineNumber":19,"author":{"gitId":"nghnaomi"},"content":"    }","lastModifiedDate":"2025-08-19T18:30:16","isFullCredit":false},{"lineNumber":20,"author":{"gitId":"nghnaomi"},"content":"","lastModifiedDate":"2025-08-19T18:30:16","isFullCredit":false},{"lineNumber":21,"author":{"gitId":"nghnaomi"},"content":"    public String getName() {","lastModifiedDate":"2025-08-19T21:35:29","isFullCredit":false},{"lineNumber":22,"author":{"gitId":"nghnaomi"},"content":"        return this.name;","lastModifiedDate":"2025-08-19T21:35:29","isFullCredit":false},{"lineNumber":23,"author":{"gitId":"nghnaomi"},"content":"    }","lastModifiedDate":"2025-08-19T21:35:29","isFullCredit":false},{"lineNumber":24,"author":{"gitId":"nghnaomi"},"content":"","lastModifiedDate":"2025-08-19T21:35:29","isFullCredit":false},{"lineNumber":25,"author":{"gitId":"nghnaomi"},"content":"    @Override","lastModifiedDate":"2025-08-19T18:30:16","isFullCredit":false},{"lineNumber":26,"author":{"gitId":"nghnaomi"},"content":"    public String toString() {","lastModifiedDate":"2025-08-19T18:30:16","isFullCredit":false},{"lineNumber":27,"author":{"gitId":"nghnaomi"},"content":"        return this.done","lastModifiedDate":"2025-08-19T18:30:16","isFullCredit":false},{"lineNumber":28,"author":{"gitId":"nghnaomi"},"content":"            ? \"[X] \" + this.name","lastModifiedDate":"2025-08-19T18:30:16","isFullCredit":false},{"lineNumber":29,"author":{"gitId":"nghnaomi"},"content":"            : \"[ ] \" + this.name;","lastModifiedDate":"2025-08-19T18:30:16","isFullCredit":false},{"lineNumber":30,"author":{"gitId":"nghnaomi"},"content":"    }","lastModifiedDate":"2025-08-19T18:30:16","isFullCredit":false},{"lineNumber":31,"author":{"gitId":"nghnaomi"},"content":"","lastModifiedDate":"2025-08-19T18:30:16","isFullCredit":false},{"lineNumber":32,"author":{"gitId":"nghnaomi"},"content":"}","lastModifiedDate":"2025-08-19T18:30:16","isFullCredit":false}],"authorContributionMap":{"nghnaomi":32}},{"path":"src/main/java/ToDoTask.java","fileType":"java","lines":[{"lineNumber":1,"author":{"gitId":"nghnaomi"},"content":"public class ToDoTask extends Task {","lastModifiedDate":"2025-08-19T19:14:54","isFullCredit":false},{"lineNumber":2,"author":{"gitId":"nghnaomi"},"content":"    public ToDoTask(String name) {","lastModifiedDate":"2025-08-19T19:14:54","isFullCredit":false},{"lineNumber":3,"author":{"gitId":"nghnaomi"},"content":"        super(name);","lastModifiedDate":"2025-08-19T19:14:54","isFullCredit":false},{"lineNumber":4,"author":{"gitId":"nghnaomi"},"content":"    }","lastModifiedDate":"2025-08-19T19:14:54","isFullCredit":false},{"lineNumber":5,"author":{"gitId":"nghnaomi"},"content":"","lastModifiedDate":"2025-08-19T19:14:54","isFullCredit":false},{"lineNumber":6,"author":{"gitId":"nghnaomi"},"content":"    @Override","lastModifiedDate":"2025-08-19T19:14:54","isFullCredit":false},{"lineNumber":7,"author":{"gitId":"nghnaomi"},"content":"    public String toString() {","lastModifiedDate":"2025-08-19T19:14:54","isFullCredit":false},{"lineNumber":8,"author":{"gitId":"nghnaomi"},"content":"        return \"[T]\" + super.toString();","lastModifiedDate":"2025-08-19T19:14:54","isFullCredit":false},{"lineNumber":9,"author":{"gitId":"nghnaomi"},"content":"    }","lastModifiedDate":"2025-08-19T19:14:54","isFullCredit":false},{"lineNumber":10,"author":{"gitId":"nghnaomi"},"content":"}","lastModifiedDate":"2025-08-19T19:14:54","isFullCredit":false}],"authorContributionMap":{"nghnaomi":10}},{"path":"text-ui-test/input.txt","fileType":"txt","lines":[{"lineNumber":1,"author":{"gitId":"nghnaomi"},"content":"todo todotest","lastModifiedDate":"2025-08-20T11:02:09","isFullCredit":false},{"lineNumber":2,"author":{"gitId":"nghnaomi"},"content":"mark 1","lastModifiedDate":"2025-08-20T11:02:09","isFullCredit":false},{"lineNumber":3,"author":{"gitId":"nghnaomi"},"content":"deadline deadlinetest /by sunday","lastModifiedDate":"2025-08-20T11:02:09","isFullCredit":false},{"lineNumber":4,"author":{"gitId":"nghnaomi"},"content":"event eventtest /from 1pm /to 2pm","lastModifiedDate":"2025-08-20T11:02:09","isFullCredit":false},{"lineNumber":5,"author":{"gitId":"nghnaomi"},"content":"list","lastModifiedDate":"2025-08-20T11:02:09","isFullCredit":false}],"authorContributionMap":{"nghnaomi":5}},{"path":"text-ui-test/runtest.sh","fileType":"sh","lines":[{"lineNumber":1,"author":{"gitId":"-"},"content":"#!/usr/bin/env bash","lastModifiedDate":"2020-05-25T00:03:55","isFullCredit":false},{"lineNumber":2,"author":{"gitId":"-"},"content":"","lastModifiedDate":"2020-05-25T00:03:55","isFullCredit":false},{"lineNumber":3,"author":{"gitId":"-"},"content":"# create bin directory if it doesn\u0027t exist","lastModifiedDate":"2020-05-25T00:03:55","isFullCredit":false},{"lineNumber":4,"author":{"gitId":"-"},"content":"if [ ! -d \"../bin\" ]","lastModifiedDate":"2020-05-25T00:03:55","isFullCredit":false},{"lineNumber":5,"author":{"gitId":"-"},"content":"then","lastModifiedDate":"2020-05-25T00:03:55","isFullCredit":false},{"lineNumber":6,"author":{"gitId":"-"},"content":"    mkdir ../bin","lastModifiedDate":"2020-05-25T00:03:55","isFullCredit":false},{"lineNumber":7,"author":{"gitId":"-"},"content":"fi","lastModifiedDate":"2020-05-25T00:03:55","isFullCredit":false},{"lineNumber":8,"author":{"gitId":"-"},"content":"","lastModifiedDate":"2020-05-25T00:03:55","isFullCredit":false},{"lineNumber":9,"author":{"gitId":"-"},"content":"# delete output from previous run","lastModifiedDate":"2020-05-25T00:03:55","isFullCredit":false},{"lineNumber":10,"author":{"gitId":"-"},"content":"if [ -e \"./ACTUAL.TXT\" ]","lastModifiedDate":"2020-05-25T00:03:55","isFullCredit":false},{"lineNumber":11,"author":{"gitId":"-"},"content":"then","lastModifiedDate":"2020-05-25T00:03:55","isFullCredit":false},{"lineNumber":12,"author":{"gitId":"-"},"content":"    rm ACTUAL.TXT","lastModifiedDate":"2020-05-25T00:03:55","isFullCredit":false},{"lineNumber":13,"author":{"gitId":"-"},"content":"fi","lastModifiedDate":"2020-05-25T00:03:55","isFullCredit":false},{"lineNumber":14,"author":{"gitId":"-"},"content":"","lastModifiedDate":"2020-05-25T00:03:55","isFullCredit":false},{"lineNumber":15,"author":{"gitId":"-"},"content":"# compile the code into the bin folder, terminates if error occurred","lastModifiedDate":"2020-05-25T00:03:55","isFullCredit":false},{"lineNumber":16,"author":{"gitId":"-"},"content":"if ! javac -cp ../src/main/java -Xlint:none -d ../bin ../src/main/java/*.java","lastModifiedDate":"2020-08-25T17:23:26","isFullCredit":false},{"lineNumber":17,"author":{"gitId":"-"},"content":"then","lastModifiedDate":"2020-05-25T00:03:55","isFullCredit":false},{"lineNumber":18,"author":{"gitId":"-"},"content":"    echo \"********** BUILD FAILURE **********\"","lastModifiedDate":"2020-05-25T00:03:55","isFullCredit":false},{"lineNumber":19,"author":{"gitId":"-"},"content":"    exit 1","lastModifiedDate":"2020-05-25T00:03:55","isFullCredit":false},{"lineNumber":20,"author":{"gitId":"-"},"content":"fi","lastModifiedDate":"2020-05-25T00:03:55","isFullCredit":false},{"lineNumber":21,"author":{"gitId":"-"},"content":"","lastModifiedDate":"2020-05-25T00:03:55","isFullCredit":false},{"lineNumber":22,"author":{"gitId":"-"},"content":"# run the program, feed commands from input.txt file and redirect the output to the ACTUAL.TXT","lastModifiedDate":"2020-05-25T00:03:55","isFullCredit":false},{"lineNumber":23,"author":{"gitId":"nghnaomi"},"content":"java -classpath ../bin Alune \u003c input.txt \u003e ACTUAL.TXT","lastModifiedDate":"2025-08-19T17:08:20","isFullCredit":false},{"lineNumber":24,"author":{"gitId":"-"},"content":"","lastModifiedDate":"2020-05-25T00:03:55","isFullCredit":false},{"lineNumber":25,"author":{"gitId":"-"},"content":"# convert to UNIX format","lastModifiedDate":"2020-05-25T00:03:55","isFullCredit":false},{"lineNumber":26,"author":{"gitId":"-"},"content":"cp EXPECTED.TXT EXPECTED-UNIX.TXT","lastModifiedDate":"2020-05-25T00:03:55","isFullCredit":false},{"lineNumber":27,"author":{"gitId":"-"},"content":"dos2unix ACTUAL.TXT EXPECTED-UNIX.TXT","lastModifiedDate":"2020-05-25T00:03:55","isFullCredit":false},{"lineNumber":28,"author":{"gitId":"-"},"content":"","lastModifiedDate":"2020-05-25T00:03:55","isFullCredit":false},{"lineNumber":29,"author":{"gitId":"-"},"content":"# compare the output to the expected output","lastModifiedDate":"2020-05-25T00:03:55","isFullCredit":false},{"lineNumber":30,"author":{"gitId":"-"},"content":"diff ACTUAL.TXT EXPECTED-UNIX.TXT","lastModifiedDate":"2020-05-25T00:03:55","isFullCredit":false},{"lineNumber":31,"author":{"gitId":"-"},"content":"if [ $? -eq 0 ]","lastModifiedDate":"2020-05-25T00:03:55","isFullCredit":false},{"lineNumber":32,"author":{"gitId":"-"},"content":"then","lastModifiedDate":"2020-05-25T00:03:55","isFullCredit":false},{"lineNumber":33,"author":{"gitId":"-"},"content":"    echo \"Test result: PASSED\"","lastModifiedDate":"2020-05-25T00:03:55","isFullCredit":false},{"lineNumber":34,"author":{"gitId":"-"},"content":"    exit 0","lastModifiedDate":"2020-05-25T00:03:55","isFullCredit":false},{"lineNumber":35,"author":{"gitId":"-"},"content":"else","lastModifiedDate":"2020-05-25T00:03:55","isFullCredit":false},{"lineNumber":36,"author":{"gitId":"-"},"content":"    echo \"Test result: FAILED\"","lastModifiedDate":"2020-05-25T00:03:55","isFullCredit":false},{"lineNumber":37,"author":{"gitId":"-"},"content":"    exit 1","lastModifiedDate":"2020-05-25T00:03:55","isFullCredit":false},{"lineNumber":38,"author":{"gitId":"-"},"content":"fi","lastModifiedDate":"2020-05-25T00:03:55","isFullCredit":false}],"authorContributionMap":{"-":37,"nghnaomi":1}}]
