{"authorDailyContributionsMap":{"ndhhh":[{"date":"2025-08-17T00:00:00","commitResults":[{"hash":"087d2cbcd6974066449094f0a9d3454baf019fe1","isMergeCommit":false,"messageTitle":"Updated for stage 1","messageBody":"","fileTypesAndContributionMap":{"java":{"insertions":13,"deletions":10}}},{"hash":"d50a89d1592638f1152412cf5baafbe4d8ea6e87","isMergeCommit":false,"messageTitle":"Stage 0","messageBody":"","fileTypesAndContributionMap":{"java":{"insertions":1,"deletions":0}}},{"hash":"33eef601a2d69f6db559f3bdd9668d660cd1183d","isMergeCommit":false,"messageTitle":"Stage 0","messageBody":"","tags":["Level-0"],"fileTypesAndContributionMap":{"java":{"insertions":2,"deletions":0}}},{"hash":"cc36827ba4afce34aa576268753649493094b8fc","isMergeCommit":false,"messageTitle":"Updated to Stage 1 Echo","messageBody":"","tags":["Level-1"],"fileTypesAndContributionMap":{"java":{"insertions":25,"deletions":4}}},{"hash":"d4e821382ef9d7739466efbd88afd23707e762ca","isMergeCommit":false,"messageTitle":"Level 2: List","messageBody":"","tags":["Level-4","Level-3","Level-2"],"fileTypesAndContributionMap":{"java":{"insertions":51,"deletions":5}}},{"hash":"b0db43da2ae0697404ecad8b63617f06df13a9f4","isMergeCommit":false,"messageTitle":"Level 3","messageBody":"","fileTypesAndContributionMap":{"java":{"insertions":56,"deletions":11}}},{"hash":"628171ee8b60a81b38f47ebfc7051f618e36d458","isMergeCommit":false,"messageTitle":"Level 5","messageBody":"","tags":["Level-5"],"fileTypesAndContributionMap":{"java":{"insertions":142,"deletions":10}}},{"hash":"ed5f6d58c88016627e861a3d444740793398ffc3","isMergeCommit":false,"messageTitle":"Level 6 Level 4","messageBody":"","tags":["Level-6","A-TextUITesting"],"fileTypesAndContributionMap":{"java":{"insertions":33,"deletions":4}}},{"hash":"d6847aa648d4208e6d52dd8ef857e4ac5587ec2d","isMergeCommit":false,"messageTitle":"somethjing","messageBody":"","fileTypesAndContributionMap":{"txt":{"insertions":3,"deletions":0},"bat":{"insertions":2,"deletions":2}}}]},{"date":"2025-08-20T00:00:00","commitResults":[{"hash":"04c6be22f25bb419d8b5250348d885ea7da7b0b0","isMergeCommit":false,"messageTitle":"something2","messageBody":"","fileTypesAndContributionMap":{"java":{"insertions":3,"deletions":0}}}]},{"date":"2025-08-22T00:00:00","commitResults":[{"hash":"cf26514425d93fa6acb4646795cffd01877743ed","isMergeCommit":false,"messageTitle":"updated OOP","messageBody":"","fileTypesAndContributionMap":{"txt":{"insertions":4,"deletions":0},"java":{"insertions":149,"deletions":7}}},{"hash":"e97cc1cb9fbc1b3314f48ab4e8d87325950277a1","isMergeCommit":false,"messageTitle":"Updated storage 2","messageBody":"","fileTypesAndContributionMap":{"java":{"insertions":2,"deletions":2}}},{"hash":"bd58abee26fd7ec1b14bb23cfe888a3d9c32d9ec","isMergeCommit":false,"messageTitle":"Completed Storage and Save","messageBody":"","fileTypesAndContributionMap":{"java":{"insertions":1,"deletions":0}}},{"hash":"f6d5082bdec53623b8f9256ec8df474d5739b240","isMergeCommit":true,"messageTitle":"Merge branch \u0027branch-Level-7\u0027","messageBody":"","tags":["Level-7"],"fileTypesAndContributionMap":{}}]},{"date":"2025-08-23T00:00:00","commitResults":[{"hash":"3ab9382ec59b538f19715eaa0bde44a8fc3e86fc","isMergeCommit":false,"messageTitle":"Level-8 implementation + Command + Parser","messageBody":"","fileTypesAndContributionMap":{"txt":{"insertions":2,"deletions":2},"java":{"insertions":671,"deletions":217}}},{"hash":"46ef0bbe86b7095beb7f7f106b97da585394c65d","isMergeCommit":true,"messageTitle":"Merged Level-8 branch into master","messageBody":"","tags":["Level-8"],"fileTypesAndContributionMap":{}},{"hash":"f25a52590e97d8dd9fb05fd4c4a4d58afcd05512","isMergeCommit":false,"messageTitle":"Separated into OOP classes","messageBody":"","fileTypesAndContributionMap":{"txt":{"insertions":1,"deletions":1},"java":{"insertions":5,"deletions":1}}},{"hash":"3863ef1182d21bb19cd1efb7e9051a7a0727dd0b","isMergeCommit":true,"messageTitle":"Merged More-OOP branch into master","messageBody":"","tags":["A-MoreOOP"],"fileTypesAndContributionMap":{}},{"hash":"ebe25a3dc001f667053481e1f7ad55008c1cb963","isMergeCommit":false,"messageTitle":"Separated logic into different packages","messageBody":"","fileTypesAndContributionMap":{"txt":{"insertions":2,"deletions":2},"java":{"insertions":110,"deletions":4}}},{"hash":"228513060a6b18d5c1f91832b26da634ca87128a","isMergeCommit":true,"messageTitle":"Merged packages branch with master","messageBody":"","tags":["A-Packages"],"fileTypesAndContributionMap":{}},{"hash":"eec61ce9988c30976e95e673dc2b5cd1fef87dc3","isMergeCommit":true,"messageTitle":"Merge remote-tracking branch \u0027origin/add-gradle-support\u0027 into branch-AddGradleSupport","messageBody":"","fileTypesAndContributionMap":{}},{"hash":"3c6b7a4c0ff9a52dfc1a693d1ddc64aeb705cce5","isMergeCommit":true,"messageTitle":"Merged Gradle branch into master","messageBody":"","fileTypesAndContributionMap":{}},{"hash":"acba401666843f3b7e80885f733fd3c2bc3cee41","isMergeCommit":false,"messageTitle":"Added gradle and JUnit support","messageBody":"","tags":["A-JUnit","A-Gradle"],"fileTypesAndContributionMap":{"gradle":{"insertions":1,"deletions":1},"java":{"insertions":34,"deletions":0}}},{"hash":"90bba0193ec4504a8fe2706f1470dec8537657d7","isMergeCommit":false,"messageTitle":"Created JAR","messageBody":"","tags":["A-Jar"],"fileTypesAndContributionMap":{"gradle":{"insertions":2,"deletions":2}}}]},{"date":"2025-08-24T00:00:00","commitResults":[{"hash":"3ab1cf012df6f14603a5512942b5343f9a5aab38","isMergeCommit":false,"messageTitle":"Tweak coding style for switch statement in Storage.java","messageBody":"","fileTypesAndContributionMap":{"java":{"insertions":26,"deletions":28}}},{"hash":"5ebfa7b5a1973b45d6b7bb4b172c21e8c96a89e0","isMergeCommit":false,"messageTitle":"Add JavaDoc comments for Storage class","messageBody":"","fileTypesAndContributionMap":{"java":{"insertions":27,"deletions":2}}}]},{"date":"2025-08-28T00:00:00","commitResults":[{"hash":"1b23ed6bd0fae66a68dd6ab18990e48bf9e976cb","isMergeCommit":false,"messageTitle":"Add additional tests for storage and parser","messageBody":"","fileTypesAndContributionMap":{"java":{"insertions":469,"deletions":9}}},{"hash":"b37ca1aaab8ef1be881c17e92bfcf8ba4899ecec","isMergeCommit":true,"messageTitle":"Merge branch \u0027branch-Level-7\u0027","messageBody":"","fileTypesAndContributionMap":{}},{"hash":"99119559eaaca7bad1e7c18d72c241b18ab60d03","isMergeCommit":true,"messageTitle":"Add Javadocs for Storage, tasks, and parser","messageBody":"","fileTypesAndContributionMap":{}},{"hash":"50f6c52091763634edfaa87364eaf8907b08974b","isMergeCommit":false,"messageTitle":"Add Javadocs for Command classes","messageBody":"","fileTypesAndContributionMap":{"java":{"insertions":86,"deletions":15}}},{"hash":"f38afc48a62705c8de1022c5101c830c36b21206","isMergeCommit":false,"messageTitle":"Fix wildcard import in Johnny","messageBody":"","fileTypesAndContributionMap":{"java":{"insertions":39,"deletions":31}}},{"hash":"af2dbcc9fdc1dbeb9db73605ea419e817bb167ed","isMergeCommit":false,"messageTitle":"Add coding standard","messageBody":"","fileTypesAndContributionMap":{"java":{"insertions":0,"deletions":3}}},{"hash":"aa58e8218d0829fad985a7820e7df1a754e1dafd","isMergeCommit":false,"messageTitle":"Add find skeleton code","messageBody":"","fileTypesAndContributionMap":{"java":{"insertions":102,"deletions":14}}}]},{"date":"2025-08-29T00:00:00","commitResults":[{"hash":"2997ccf3978a9438826d5503f8f9683077498a50","isMergeCommit":false,"messageTitle":"Added Find command","messageBody":"","fileTypesAndContributionMap":{"java":{"insertions":4,"deletions":4}}},{"hash":"597e073a1179c11c79ce578258fba34f699d7931","isMergeCommit":true,"messageTitle":"Merge branch \u0027branch-A-JavaDoc\u0027","messageBody":"","tags":["A-JavaDoc"],"fileTypesAndContributionMap":{}},{"hash":"553467bbfc25432b97876e1fbb1960cc0f233a32","isMergeCommit":true,"messageTitle":"Merge branch \u0027branch-A-CodingStandard\u0027","messageBody":"","tags":["A-CodingStandard"],"fileTypesAndContributionMap":{}},{"hash":"5759c63775a7d9c7c262a8ed5ae77f7486050deb","isMergeCommit":true,"messageTitle":"Merge branch \u0027branch-Level-9\u0027","messageBody":"","tags":["Level-9"],"fileTypesAndContributionMap":{}}]},{"date":"2025-09-02T00:00:00","commitResults":[{"hash":"4878b58a8cd5b1eb4387703bd48ccf4781c6c93c","isMergeCommit":false,"messageTitle":"Add checkstyle","messageBody":"","fileTypesAndContributionMap":{"gradle":{"insertions":5,"deletions":0},"txt":{"insertions":2,"deletions":1},"java":{"insertions":1,"deletions":0}}},{"hash":"d7dac42cf8dbebf757f27af09215e6b6983ba4d6","isMergeCommit":false,"messageTitle":"Updated Checkstyle","messageBody":"","fileTypesAndContributionMap":{"java":{"insertions":35,"deletions":51}}},{"hash":"f6a08fc64aa13feca0779d27835faf66568fc985","isMergeCommit":true,"messageTitle":"Merge branch \u0027branch-A-Checkstyle\u0027","messageBody":"","tags":["A-CheckStyle"],"fileTypesAndContributionMap":{}},{"hash":"72fdefd3ad1a0e2761f6d92b3d42d8dde7a59255","isMergeCommit":false,"messageTitle":"Tweaked Javadoc comments","messageBody":"","fileTypesAndContributionMap":{"java":{"insertions":0,"deletions":12}}}]},{"date":"2025-09-03T00:00:00","commitResults":[{"hash":"593f851efda116379b4599b53e017e947c259320","isMergeCommit":false,"messageTitle":"Add skeleton for JavaFX","messageBody":"","fileTypesAndContributionMap":{"gradle":{"insertions":16,"deletions":1},"fxml":{"insertions":65,"deletions":0},"java":{"insertions":281,"deletions":2}}},{"hash":"393a0a160023123afa19e3a58131540c9c6a2b01","isMergeCommit":true,"messageTitle":"Merge branch \u0027master\u0027 of github.com:ndhhh/ip","messageBody":"","fileTypesAndContributionMap":{}}]},{"date":"2025-09-04T00:00:00","commitResults":[{"hash":"7a8a8611f40dfdef06a5d4dea47e659e19bc22ca","isMergeCommit":false,"messageTitle":"Refactor Johnny for GUI","messageBody":"","fileTypesAndContributionMap":{"txt":{"insertions":2,"deletions":4},"java":{"insertions":120,"deletions":122}}},{"hash":"8f8a9f3afcebab6a5fab069bc391c925c658010e","isMergeCommit":false,"messageTitle":"Add Error Command to display on GUI","messageBody":"","fileTypesAndContributionMap":{"java":{"insertions":33,"deletions":0}}},{"hash":"33817e4c63e450551b67f06fee313c9c03632044","isMergeCommit":true,"messageTitle":"Merge branch \u0027branch-Level-10\u0027","messageBody":"","tags":["Level-10"],"fileTypesAndContributionMap":{}}]},{"date":"2025-09-12T00:00:00","commitResults":[{"hash":"a28957ac86b8396f418a0c0a9b9e9169503c45d4","isMergeCommit":false,"messageTitle":"Add Asserts","messageBody":"Add asserts in different parts of code to ensure no null inputs or objects that could throw an unexpected error\n","fileTypesAndContributionMap":{"txt":{"insertions":1,"deletions":1},"java":{"insertions":23,"deletions":96}}}]},{"date":"2025-09-13T00:00:00","commitResults":[{"hash":"5d0553d9d94d4ea1fb012005876a9815eced8459","isMergeCommit":false,"messageTitle":"Update code quality","messageBody":"Make changes to naming and method lengths. Refactor some methods to reduce length\n","fileTypesAndContributionMap":{"java":{"insertions":91,"deletions":164}}},{"hash":"da326252e9c0ef1f6ced3caff8f14b5a9ba828b1","isMergeCommit":true,"messageTitle":"Merge branch \u0027branch-A-Assertions\u0027","messageBody":"","tags":["A-Assertions"],"fileTypesAndContributionMap":{}},{"hash":"27893299e9d1e79ed87fd801a2fcddacca6e1257","isMergeCommit":true,"messageTitle":"Merge branch \u0027master\u0027 into branch-A-CodeQuality","messageBody":"","fileTypesAndContributionMap":{}},{"hash":"2a1109abe867a8bd876502fcbbe7f1886a1a5648","isMergeCommit":true,"messageTitle":"Merge branch-A-CodeQuality into master branch","messageBody":"Update methods and names to adhere to code quality standards\n","tags":["A-FullCommitMessage","A-CodeQuality"],"fileTypesAndContributionMap":{}},{"hash":"a1a945fd7adda6d9b1ee897728ed85475c4831e5","isMergeCommit":false,"messageTitle":"Add tasks for assignments","messageBody":"","fileTypesAndContributionMap":{"txt":{"insertions":4,"deletions":2}}},{"hash":"97395928ba14b99a75ab19e11c2ee406fee392ed","isMergeCommit":false,"messageTitle":"Add do within period tasks","messageBody":"Syntax: period [task name] /between [end date in dd/MM/yyyy] /and [end date in dd/MM/yyyy]\n","fileTypesAndContributionMap":{"txt":{"insertions":2,"deletions":1},"java":{"insertions":192,"deletions":1}}},{"hash":"5c919fe6cac3e46072b12f5bb2176fff9e66d065","isMergeCommit":true,"messageTitle":"Merge branch \u0027branch-B-PeriodTasks\u0027","messageBody":"","tags":["BCD-DoWithinPeriodTasks"],"fileTypesAndContributionMap":{}},{"hash":"1fa62f6fdc91bfd1630b601e7bab926ca878125d","isMergeCommit":false,"messageTitle":"Add help command and greeting","messageBody":"Users can use the help command to view the list of commands, Johnny prints a greeting upon app startup\n","tags":["BCD-Extension"],"fileTypesAndContributionMap":{"java":{"insertions":62,"deletions":16}}}]},{"date":"2025-09-16T00:00:00","commitResults":[{"hash":"1e63ceb156a1b0ac4fde72535ac489938d5a428c","isMergeCommit":false,"messageTitle":"Refactor guielements package","messageBody":"","fileTypesAndContributionMap":{"fxml":{"insertions":1,"deletions":1},"java":{"insertions":23,"deletions":36}}}]}]},"authorFileTypeContributionMap":{"ndhhh":{"java":2130,"md":0,"fxml":65,"sh":0,"bat":2,"gradle":22,"txt":9}},"authorContributionVariance":{"ndhhh":50638.668},"authorDisplayNameMap":{"ndhhh":"CS2103T-T11-2 NG D..HENG"}}
