{"authorDailyContributionsMap":{"Haffner32":[{"date":"2025-08-24T00:00:00","commitResults":[{"hash":"b0c57dc01aad0fb771c1a765e7a23e7fcd2a1d53","isMergeCommit":false,"messageTitle":"Level-0","messageBody":"","tags":["Level-0"],"fileTypesAndContributionMap":{"java":{"insertions":7,"deletions":10}}},{"hash":"2d141efa8fa09411347dd9fb6fc8d484de3b1adb","isMergeCommit":false,"messageTitle":"Level-1","messageBody":"","tags":["Level-1"],"fileTypesAndContributionMap":{"java":{"insertions":13,"deletions":2}}},{"hash":"da43ba7010a64e79d148660e3a456dcf9e0af519","isMergeCommit":false,"messageTitle":"Level-2","messageBody":"","tags":["Level-2"],"fileTypesAndContributionMap":{"java":{"insertions":10,"deletions":1}}},{"hash":"6253c58930eb78d560b6d6ef85d35be94675e54d","isMergeCommit":false,"messageTitle":"Level-3","messageBody":"","tags":["Level-3"],"fileTypesAndContributionMap":{"java":{"insertions":42,"deletions":3}}},{"hash":"c3c9f5735d275028c17e7a6675d465db19452115","isMergeCommit":false,"messageTitle":"Level-4 half-complete","messageBody":"","fileTypesAndContributionMap":{"java":{"insertions":70,"deletions":24}}}]}]},"authorFileTypeContributionMap":{"Haffner32":{"java":112,"md":0,"fxml":0,"sh":0,"bat":0,"gradle":0,"txt":0}},"authorContributionVariance":{"Haffner32":1833.8545},"authorDisplayNameMap":{"Haffner32":"CS2103T-W12-3 CHAN..ADEN"}}
