{"authorDailyContributionsMap":{"robinlogic":[{"date":"2025-08-19T00:00:00","commitResults":[{"hash":"6a154728d011f080e395e0a120f20e9ed1d1f319","isMergeCommit":false,"messageTitle":"level 0","messageBody":"","fileTypesAndContributionMap":{"java":{"insertions":0,"deletions":10}}},{"hash":"de9757b8e9efa02f5ef3a246beb0246af07651af","isMergeCommit":false,"messageTitle":"lvl 0","messageBody":"","fileTypesAndContributionMap":{"java":{"insertions":9,"deletions":0}}}]},{"date":"2025-08-20T00:00:00","commitResults":[{"hash":"f2b1ede0c0bb926b04485eac08af0e8c8714599f","isMergeCommit":false,"messageTitle":"level 1","messageBody":"","fileTypesAndContributionMap":{"java":{"insertions":12,"deletions":0}}},{"hash":"c602d8ec19805a0d8881e63bb620ee57b7c559a0","isMergeCommit":false,"messageTitle":"lvl1","messageBody":"","fileTypesAndContributionMap":{"java":{"insertions":7,"deletions":7}}},{"hash":"34f618b9651a930cd9bdab804f5399568a013869","isMergeCommit":false,"messageTitle":"lvl2","messageBody":"","fileTypesAndContributionMap":{"java":{"insertions":28,"deletions":4}}},{"hash":"b5f98445161455556536dd5edcbb55ad628c0dff","isMergeCommit":false,"messageTitle":"Task class","messageBody":"","fileTypesAndContributionMap":{"java":{"insertions":16,"deletions":0}}},{"hash":"956f833336d3a13abab3068399f92c29905f59d1","isMergeCommit":false,"messageTitle":"library class","messageBody":"","fileTypesAndContributionMap":{"java":{"insertions":38,"deletions":0}}},{"hash":"984ee0ae39a12821f3e08b459a0b4d0a3f4cf083","isMergeCommit":false,"messageTitle":"lvl 3","messageBody":"","fileTypesAndContributionMap":{"java":{"insertions":48,"deletions":25}}},{"hash":"f4baf5e548bec277561c889b03fd507977ec7787","isMergeCommit":false,"messageTitle":"init lvl4","messageBody":"","fileTypesAndContributionMap":{"java":{"insertions":38,"deletions":0}}}]},{"date":"2025-08-21T00:00:00","commitResults":[{"hash":"2a9a9908d89146422c673884a41b7c21ce71c28a","isMergeCommit":false,"messageTitle":"more changes for lvl 4","messageBody":"","fileTypesAndContributionMap":{"java":{"insertions":83,"deletions":11}}},{"hash":"2f457bb64860356170b21b617e04420ae63520ad","isMergeCommit":false,"messageTitle":"lvl 5?","messageBody":"","tags":["A-TextUiTesting"],"fileTypesAndContributionMap":{"txt":{"insertions":5,"deletions":0}}},{"hash":"65b322f494cbc7a90aec0495723ba76f4ee35285","isMergeCommit":false,"messageTitle":"lvl 6","messageBody":"","tags":["Level-4","Level-3","Level-2","Level-1","Level-0"],"fileTypesAndContributionMap":{"java":{"insertions":43,"deletions":6}}},{"hash":"1088196a3a8cb56d36914f71eb13b9d226225ba6","isMergeCommit":false,"messageTitle":"lvl 5 and 6","messageBody":"","tags":["Level-6","Level-5"],"fileTypesAndContributionMap":{"java":{"insertions":55,"deletions":15}}}]},{"date":"2025-08-22T00:00:00","commitResults":[{"hash":"c5da1c975d37fd444f8fef158f9fab4ceba4b960","isMergeCommit":false,"messageTitle":"new enums","messageBody":"","fileTypesAndContributionMap":{"java":{"insertions":117,"deletions":89}}},{"hash":"aa6d51a6cd32600ddea0adc485d774bd98b26dd2","isMergeCommit":false,"messageTitle":"lvl 7","messageBody":"","tags":["A-Enums"],"fileTypesAndContributionMap":{"txt":{"insertions":2,"deletions":2},"java":{"insertions":21,"deletions":24},"sh":{"insertions":1,"deletions":1}}},{"hash":"aa4365a3208f72777818530152381b62cbce8922","isMergeCommit":false,"messageTitle":"everything","messageBody":"","fileTypesAndContributionMap":{"java":{"insertions":1,"deletions":1},"sh":{"insertions":1,"deletions":1}}},{"hash":"e44fc6e20dff349b5b47aa022eecf1bffacfd83f","isMergeCommit":false,"messageTitle":"more edits to HELP command","messageBody":"","fileTypesAndContributionMap":{"txt":{"insertions":1,"deletions":0},"java":{"insertions":14,"deletions":3}}},{"hash":"35013f49237aba73f805e50d2beac06263c40d70","isMergeCommit":false,"messageTitle":"grammar and style edits","messageBody":"","fileTypesAndContributionMap":{"java":{"insertions":12,"deletions":6}}},{"hash":"94a03deee358da26a9530e3745c61f84f61f8af2","isMergeCommit":false,"messageTitle":"bug fix at mark","messageBody":"","fileTypesAndContributionMap":{"java":{"insertions":6,"deletions":4}}},{"hash":"545a505cfa62aa9937832c213109610bfeb23ef7","isMergeCommit":false,"messageTitle":"add comments and fix blank /to case in handleDeadline method in class Dyke","messageBody":"","fileTypesAndContributionMap":{"java":{"insertions":50,"deletions":22}}}]},{"date":"2025-08-23T00:00:00","commitResults":[{"hash":"692b429ed0bbce8acf11e9de80eaef551546faa7","isMergeCommit":false,"messageTitle":"style edits","messageBody":"","fileTypesAndContributionMap":{"java":{"insertions":4,"deletions":4}}}]},{"date":"2025-08-26T00:00:00","commitResults":[{"hash":"fca76d4d3de1d200efc6557c902e50c15cfc7d7f","isMergeCommit":false,"messageTitle":"Add Parser and Storage classes","messageBody":"Parser class supports parsing of commands and Storage class\nsupports the reading and writing of dyke.txt for saving tasks.\n","tags":["Level-7"],"fileTypesAndContributionMap":{"java":{"insertions":306,"deletions":171}}}]},{"date":"2025-08-27T00:00:00","commitResults":[{"hash":"055ccd7c4880993795a785b5b389546a0af4591a","isMergeCommit":false,"messageTitle":"Add DateTimeParser and Datetime support for Task Classes","messageBody":"","tags":["Level-8"],"fileTypesAndContributionMap":{"txt":{"insertions":3,"deletions":2},"java":{"insertions":76,"deletions":21}}},{"hash":"0050e5a5e0d61439cbb65ae3c5bdd24a51f5d0a1","isMergeCommit":true,"messageTitle":"Merge branch \u0027branch-Level-8\u0027","messageBody":"","fileTypesAndContributionMap":{}},{"hash":"dc26748ba9eb9a33ad8379f73542792e1cfcd842","isMergeCommit":false,"messageTitle":"extract Command class and Ui class","messageBody":"","tags":["A-Packages","A-MoreOOP"],"fileTypesAndContributionMap":{"java":{"insertions":296,"deletions":70}}},{"hash":"d859ce1e7be64eea9d84e1c73ebed2a14b0b8c9c","isMergeCommit":false,"messageTitle":"organise classes into packages","messageBody":"","fileTypesAndContributionMap":{"java":{"insertions":136,"deletions":112},"bat":{"insertions":1,"deletions":1},"md":{"insertions":3,"deletions":3}}}]},{"date":"2025-08-28T00:00:00","commitResults":[{"hash":"22084ec6ee72de48f2848c5329ad71fb1d84140c","isMergeCommit":true,"messageTitle":"Merge branch \u0027add-gradle-support\u0027","messageBody":"","tags":["A-Gradle"],"fileTypesAndContributionMap":{}},{"hash":"333eadd1a2534105444b15246e701fce430ea063","isMergeCommit":false,"messageTitle":"add JUnit test classes and Gradle","messageBody":"","tags":["A-Jar","A-JUnit"],"fileTypesAndContributionMap":{"java":{"insertions":153,"deletions":6}}},{"hash":"4f9f6ff4130af8616ff5fb3c6fc011f5fc74dae4","isMergeCommit":false,"messageTitle":"add JavaDoc comments","messageBody":"","tags":["A-JavaDoc"],"fileTypesAndContributionMap":{"gradle":{"insertions":2,"deletions":2},"java":{"insertions":107,"deletions":4}}},{"hash":"104de3bcfcad2ddf12ae089e1df04bbbe8673269","isMergeCommit":false,"messageTitle":"edit Coding Style","messageBody":"","fileTypesAndContributionMap":{"java":{"insertions":56,"deletions":56}}},{"hash":"47e6e6f49a300aed28fea249f3ec3e70c1a99174","isMergeCommit":false,"messageTitle":"add Find command and support","messageBody":"","fileTypesAndContributionMap":{"txt":{"insertions":0,"deletions":0},"java":{"insertions":46,"deletions":2}}},{"hash":"23f842464ca1abe97fa284c90fb5ed07646207f7","isMergeCommit":false,"messageTitle":"edit Style","messageBody":"","fileTypesAndContributionMap":{"java":{"insertions":2,"deletions":2}}},{"hash":"083f0b255430d6fbfce6e4bdfdce6ab6d14f627e","isMergeCommit":true,"messageTitle":"Merge branch \u0027A-CodingStandard\u0027","messageBody":"","tags":["Level-9","A-CodingStandard"],"fileTypesAndContributionMap":{}}]},{"date":"2025-08-29T00:00:00","commitResults":[{"hash":"7f7d6c18e602e6384921eeaf2f2374f48a8d4c6e","isMergeCommit":false,"messageTitle":"Update code to comply with CodingStandards","messageBody":"","fileTypesAndContributionMap":{"java":{"insertions":48,"deletions":1}}}]},{"date":"2025-09-03T00:00:00","commitResults":[{"hash":"c8c61623915ea95e57f6568d1de0e2b298ffb6e1","isMergeCommit":false,"messageTitle":"create GUI base","messageBody":"","fileTypesAndContributionMap":{"gradle":{"insertions":15,"deletions":1},"fxml":{"insertions":55,"deletions":0},"java":{"insertions":167,"deletions":1}}},{"hash":"8fe13126147828a4045b9526f057fcc35bf1965d","isMergeCommit":false,"messageTitle":"initialize new GUI","messageBody":"","fileTypesAndContributionMap":{"java":{"insertions":117,"deletions":51}}},{"hash":"8db0ad4114bcfadc45ff53173e3ceb548f0ba9c7","isMergeCommit":true,"messageTitle":"Merge branch \u0027Level-10\u0027","messageBody":"","fileTypesAndContributionMap":{}},{"hash":"d1e03962849497e329ee93eb2462ea476ada6ccc","isMergeCommit":false,"messageTitle":"refine GUI compatability with Dyke","messageBody":"Changed logic flow from Dyke to GUI to allow Dyke to parse responses from GUI.\n","fileTypesAndContributionMap":{"java":{"insertions":42,"deletions":5}}},{"hash":"520e530f075204e19cb684a5c4085621de3b2781","isMergeCommit":false,"messageTitle":"do minor edit in FindCommand","messageBody":"","tags":["Level-10"],"fileTypesAndContributionMap":{"java":{"insertions":1,"deletions":1}}}]},{"date":"2025-09-04T00:00:00","commitResults":[{"hash":"7da901dc03f65e829e233ff14d6b16043bee2825","isMergeCommit":false,"messageTitle":"edit style for CheckStyle","messageBody":"","fileTypesAndContributionMap":{"gradle":{"insertions":5,"deletions":0},"java":{"insertions":236,"deletions":136}}},{"hash":"b58e7f79cdf58437091587e01abf77c54bcb6694","isMergeCommit":false,"messageTitle":"edit Task class for CodingStandard","messageBody":"","fileTypesAndContributionMap":{"java":{"insertions":5,"deletions":5}}}]},{"date":"2025-09-08T00:00:00","commitResults":[{"hash":"17d41fbb5f76a19ad2b3ffed466c65d5d669272c","isMergeCommit":false,"messageTitle":"Add assertions","messageBody":"","fileTypesAndContributionMap":{"txt":{"insertions":1,"deletions":0},"java":{"insertions":4,"deletions":3}}},{"hash":"530a170545744d96e1e7df489ce94e357a828a11","isMergeCommit":true,"messageTitle":"Merge pull request #1 from robinlogic/branch-A-Assertions","messageBody":"Add assertions","fileTypesAndContributionMap":{}}]},{"date":"2025-09-09T00:00:00","commitResults":[{"hash":"0083cad79e345b344e8ba6de9b36462e791e6716","isMergeCommit":false,"messageTitle":"Refactor code for CodeQuality","messageBody":"Extracted methods for parsing DateOnly and DateTime formats in DateTimeParser Class.\n\nAbstracted exception handling of invalid inputs from User into respective Command\nclasses.\n","fileTypesAndContributionMap":{"java":{"insertions":89,"deletions":84}}},{"hash":"8a311f25fa7a8521a0e67665de00180df4719555","isMergeCommit":true,"messageTitle":"Merge pull request #2 from robinlogic/branch-A-CodeQuality","messageBody":"Refactor code for CodeQuality","tags":["A-CodeQuality","A-Assertions"],"fileTypesAndContributionMap":{}},{"hash":"2adb040585f7c40f4ab18345803bca28fb59703e","isMergeCommit":false,"messageTitle":"Add Stats class","messageBody":"For the C-Stats extension, created Stats class to compute basic\nstatistics of Tasks in the Library.\n\nWill develop methods in the future for deeper statistical analysis.\n","tags":["BCD-Extension","A-FullCommitMessage"],"fileTypesAndContributionMap":{"java":{"insertions":113,"deletions":1}}}]},{"date":"2025-09-11T00:00:00","commitResults":[{"hash":"1d46c5a074f8a18ff91948ec64ae4ea4fa94eccc","isMergeCommit":false,"messageTitle":"Fix bugs in Stats Class","messageBody":"There was a 0 division error thrown from the Stats class during testing.\nFixed method logic in getEventStats method to prevent this bug.\nAdded Assertions in getEventStats and the other similar methods to\ncheck number of Tasks is \u003e\u003d 0.\n","fileTypesAndContributionMap":{"java":{"insertions":5,"deletions":1}}}]},{"date":"2025-09-13T00:00:00","commitResults":[{"hash":"b411ddb939da79dc2730c139575ce230118d209b","isMergeCommit":false,"messageTitle":"Edit header comments to comply with CodingStandard","messageBody":"","fileTypesAndContributionMap":{"java":{"insertions":5,"deletions":5}}}]}]},"authorFileTypeContributionMap":{"robinlogic":{"java":1652,"md":3,"fxml":55,"sh":1,"bat":1,"gradle":21,"txt":8}},"authorContributionVariance":{"robinlogic":34047.02},"authorDisplayNameMap":{"robinlogic":"CS2103-F13-2 ROBI..HOSH"}}
