{"authorDailyContributionsMap":{"tonyvict":[{"date":"2025-08-19T00:00:00","commitResults":[{"hash":"cd1da5348b55151ad7d1ebe69ac53ad8de20c1f6","isMergeCommit":false,"messageTitle":"Level O added","messageBody":"","fileTypesAndContributionMap":{"java":{"insertions":6,"deletions":10}}},{"hash":"c6cf42a066c36cc51c978cd577b1c31a047c45e1","isMergeCommit":false,"messageTitle":"Level 1 added","messageBody":"","fileTypesAndContributionMap":{"java":{"insertions":25,"deletions":3}}}]},{"date":"2025-08-20T00:00:00","commitResults":[{"hash":"c3030010fcedb75aaefc5cce0e20d131ce39a8d1","isMergeCommit":false,"messageTitle":"Level 2 added","messageBody":"","fileTypesAndContributionMap":{"java":{"insertions":33,"deletions":7}}},{"hash":"f189d3f728b8654e777ec5bfaef55eb9472a63f8","isMergeCommit":false,"messageTitle":"level 3","messageBody":"","fileTypesAndContributionMap":{"java":{"insertions":125,"deletions":54}}}]}]},"authorFileTypeContributionMap":{"tonyvict":{"java":125,"md":0,"fxml":0,"sh":0,"bat":0,"gradle":0,"txt":0}},"authorContributionVariance":{"tonyvict":3428.9465},"authorDisplayNameMap":{"tonyvict":"RAYA..CTAR"}}
