{"authorDailyContributionsMap":{"KH-boop-bit":[{"date":"2025-08-19T00:00:00","commitResults":[{"hash":"b8327341105b943df780c9a785deb3230999a39b","isMergeCommit":false,"messageTitle":"Level 0","messageBody":"Rename file to Jamal\nChange print text\n","tags":["Level-0"],"fileTypesAndContributionMap":{"java":{"insertions":12,"deletions":10}}},{"hash":"5cdc137682b812a70546146b3f5d994505193c2f","isMergeCommit":false,"messageTitle":"Level-1","messageBody":"Added inputs for Jamal Bot\n","tags":["Level-1"],"fileTypesAndContributionMap":{"java":{"insertions":31,"deletions":8}}},{"hash":"d957c362aeed2dc5d5c25e7c9fd1ab5a66def076","isMergeCommit":false,"messageTitle":"Level-2","messageBody":"Added list\n","tags":["Level-2"],"fileTypesAndContributionMap":{"java":{"insertions":17,"deletions":1}}}]},{"date":"2025-08-20T00:00:00","commitResults":[{"hash":"0275344f9720fd319f06a2716ad477d45d05c5b9","isMergeCommit":false,"messageTitle":"Level-3","messageBody":"Added mark and unmark\n","tags":["Level-3"],"fileTypesAndContributionMap":{"java":{"insertions":82,"deletions":18}}},{"hash":"91ebcc1fcf7c692ba827043f7d55c3ce60086575","isMergeCommit":false,"messageTitle":"Level-4","messageBody":"Added different tasks\n","tags":["Level-4"],"fileTypesAndContributionMap":{"java":{"insertions":108,"deletions":6}}},{"hash":"93044ace2d346176cc1ab1c0a23d1602fae9c35c","isMergeCommit":false,"messageTitle":"A-TextUITesting","messageBody":"Added some testcases into input, and expected output\n","tags":["A-TextUiTesting"],"fileTypesAndContributionMap":{"txt":{"insertions":10,"deletions":0},"bat":{"insertions":1,"deletions":1},"sh":{"insertions":1,"deletions":1}}},{"hash":"0c890478a08fc660ab839fdd1c081c171501a39e","isMergeCommit":false,"messageTitle":"Level-5","messageBody":"Modified error messages and outcomes, customized bot slightly\n","tags":["Level-5"],"fileTypesAndContributionMap":{"java":{"insertions":29,"deletions":27}}},{"hash":"94597786b2acf5da1adc0fb2d0575e0b05b44a62","isMergeCommit":false,"messageTitle":"Level-6","messageBody":"Added delete, changed array to arraylist\n","tags":["Level-6"],"fileTypesAndContributionMap":{"txt":{"insertions":4,"deletions":0},"java":{"insertions":65,"deletions":45}}}]},{"date":"2025-08-26T00:00:00","commitResults":[{"hash":"1f0d2db27e866eae69dd0a72c5d8c215cddc0919","isMergeCommit":false,"messageTitle":"branch-Level-7","messageBody":"Added FileWrite, Task Classes and FileStorage methods\n","fileTypesAndContributionMap":{"java":{"insertions":165,"deletions":76}}},{"hash":"dfbfe3835eea3e09c5333469663f3769fc3f2b52","isMergeCommit":true,"messageTitle":"Merge branch \u0027branch-Level-7\u0027","messageBody":"As per instructions\n","tags":["Level-7"],"fileTypesAndContributionMap":{}}]},{"date":"2025-08-27T00:00:00","commitResults":[{"hash":"f7d0b66b9bc558c88fd4576bec88b0b557545eca","isMergeCommit":false,"messageTitle":"Add Dates","messageBody":"Added datetime to tasks, methods to list overdue, ongoing and upcoming\ntasks\n","fileTypesAndContributionMap":{"txt":{"insertions":16,"deletions":14},"java":{"insertions":130,"deletions":24}}},{"hash":"b3ef7343e70344c2e2fbf2161fdd89d10b758d25","isMergeCommit":true,"messageTitle":"Merge branch \u0027branch-Level-8\u0027","messageBody":"Merged branch as per iP instructions\n","tags":["Level-8"],"fileTypesAndContributionMap":{}},{"hash":"34f7beb34ffa59c72d82e98d7b3a5f3ac32138a3","isMergeCommit":false,"messageTitle":"A-MoreOOP","messageBody":"Added Classes for Command, Ui, Storage, Parser and Tasklist\n","tags":["A-MoreOOP"],"fileTypesAndContributionMap":{"java":{"insertions":453,"deletions":232}}},{"hash":"46a2d95fbf20069e1bfe6c8d3664bbfca297cc67","isMergeCommit":false,"messageTitle":"A-Packages","messageBody":"Packaged everything into packages\n","tags":["A-Packages"],"fileTypesAndContributionMap":{"java":{"insertions":182,"deletions":61}}},{"hash":"c79ec46687052677e6ddf7ba3ac9880681d32cb3","isMergeCommit":false,"messageTitle":"Force Commit","messageBody":"Forcing a commit to switch branches\n","fileTypesAndContributionMap":{"bat":{"insertions":1,"deletions":1},"md":{"insertions":2,"deletions":2}}},{"hash":"c96ae57c45c21b8fe03aa0c9b904295aaab7e0cd","isMergeCommit":true,"messageTitle":"Merge branch \u0027add-gradle-support\u0027","messageBody":"","tags":["A-Gradle"],"fileTypesAndContributionMap":{}}]},{"date":"2025-08-28T00:00:00","commitResults":[{"hash":"c288d216231fa3bb0905376b6ff9e1aafcaa9df4","isMergeCommit":false,"messageTitle":"A-JUnit","messageBody":"Added test files\n","tags":["A-Jar","A-JUnit"],"fileTypesAndContributionMap":{"java":{"insertions":317,"deletions":22}}}]},{"date":"2025-08-29T00:00:00","commitResults":[{"hash":"0685b04906df9c6a293a26a9e319f4f066ea3a9e","isMergeCommit":false,"messageTitle":"A-JavaDoc","messageBody":"Added Header comments to classes and methods\n","fileTypesAndContributionMap":{"java":{"insertions":421,"deletions":5}}},{"hash":"af08edd1106b04e30a3943ab668c1152f3c72c0e","isMergeCommit":true,"messageTitle":"Merge branch \u0027branch-A-JavaDoc\u0027","messageBody":"","tags":["A-JavaDoc","A-CodingStandard"],"fileTypesAndContributionMap":{}},{"hash":"87d14521c0fb63ec16f892cf825b3596ac03cf6e","isMergeCommit":false,"messageTitle":"Level-9","messageBody":"Add Find method to chatbot\n","fileTypesAndContributionMap":{"java":{"insertions":55,"deletions":1}}},{"hash":"511dd83fce9fc216bd44238da6e18b4960aabce5","isMergeCommit":true,"messageTitle":"Merge branch \u0027branch-Level-9\u0027","messageBody":"","tags":["Level-9"],"fileTypesAndContributionMap":{}}]},{"date":"2025-09-04T00:00:00","commitResults":[{"hash":"1c8cafa1fa48fc5f4c546d60f07d68df5356de59","isMergeCommit":false,"messageTitle":"Level-10","messageBody":"Add GUI to Jamal\nKeep text-UI, reintegrate to work with GUI\n","tags":["Level-10"],"fileTypesAndContributionMap":{"fxml":{"insertions":65,"deletions":0},"java":{"insertions":336,"deletions":124}}},{"hash":"d828a37c214fbf41b64d40f89056cfa3592d4027","isMergeCommit":true,"messageTitle":"Merge branch \u0027branch-Level-10\u0027","messageBody":"","tags":["branch-Level-10"],"fileTypesAndContributionMap":{}},{"hash":"90b039293669ea9a7da072b88b7a8f3e79a5bc97","isMergeCommit":false,"messageTitle":"A-Checkstyle","messageBody":"Apply checks and restyle files to match criteria\n","tags":["A-CheckStyle"],"fileTypesAndContributionMap":{"java":{"insertions":18,"deletions":32}}}]},{"date":"2025-09-09T00:00:00","commitResults":[{"hash":"6a57a5ca22a2f3f30d2f92b52f52f0e64a0c9d79","isMergeCommit":false,"messageTitle":"A-Assertion:","messageBody":"Add assert to FileWrite, Storage and TaskList\n","fileTypesAndContributionMap":{"java":{"insertions":15,"deletions":5}}},{"hash":"4835baae361c45710cb79af23474ee08b73f4510","isMergeCommit":false,"messageTitle":"A-CodeQuality","messageBody":"Refactor code: remove arrowhead, add guard clause\nUse default branch for switch\n\nIf-else statements cause arrowhead throughout the code which reduces\nreadability\n\nRefactoring the code with guard clauses improves user readability by\nreducing arrowhead and create a happy path.\n\nLet\u0027s remove most of the else statement and turn them into guard clause\nunless it defaults the method to an exception.\n","tags":["A-FullCommitMessage"],"fileTypesAndContributionMap":{"java":{"insertions":54,"deletions":42}}},{"hash":"f7a02879c2c4cdf99fc4645874d9d85b707585a3","isMergeCommit":true,"messageTitle":"Merge pull request #1 from KH-boop-bit/branch-A-Assertions","messageBody":"Add Assert to FileWrite, Storage and Tasklist","tags":["branch-A-Assertions","A-Assertions"],"fileTypesAndContributionMap":{}},{"hash":"a805ef21bd6939788fdcd4e8c8ea18fe56cd85e5","isMergeCommit":true,"messageTitle":"Merge branch \u0027master\u0027 into branch-A-CodeQuality","messageBody":"","fileTypesAndContributionMap":{}},{"hash":"2f8ef410ff00a33147b99876425fb4713c62ea66","isMergeCommit":true,"messageTitle":"Merge pull request #2 from KH-boop-bit/branch-A-CodeQuality","messageBody":"A-CodeQuality","tags":["branch-A-CodeQuality","A-CodeQuality"],"fileTypesAndContributionMap":{}}]}]},"authorFileTypeContributionMap":{"KH-boop-bit":{"java":1760,"md":2,"fxml":65,"sh":1,"bat":1,"gradle":0,"txt":16}},"authorContributionVariance":{"KH-boop-bit":55282.008},"authorDisplayNameMap":{"KH-boop-bit":"CS2103T-T15-2 TAN ..HONG"}}
