{"authorDailyContributionsMap":{"KH-boop-bit":[{"date":"2025-08-19T00:00:00","commitResults":[{"hash":"b8327341105b943df780c9a785deb3230999a39b","isMergeCommit":false,"messageTitle":"Level 0","messageBody":"Rename file to Jamal\nChange print text\n","tags":["Level-0"],"fileTypesAndContributionMap":{"java":{"insertions":12,"deletions":10}}},{"hash":"5cdc137682b812a70546146b3f5d994505193c2f","isMergeCommit":false,"messageTitle":"Level-1","messageBody":"Added inputs for Jamal Bot\n","tags":["Level-1"],"fileTypesAndContributionMap":{"java":{"insertions":31,"deletions":8}}},{"hash":"d957c362aeed2dc5d5c25e7c9fd1ab5a66def076","isMergeCommit":false,"messageTitle":"Level-2","messageBody":"Added list\n","tags":["Level-2"],"fileTypesAndContributionMap":{"java":{"insertions":17,"deletions":1}}}]},{"date":"2025-08-20T00:00:00","commitResults":[{"hash":"0275344f9720fd319f06a2716ad477d45d05c5b9","isMergeCommit":false,"messageTitle":"Level-3","messageBody":"Added mark and unmark\n","tags":["Level-3"],"fileTypesAndContributionMap":{"java":{"insertions":82,"deletions":18}}},{"hash":"91ebcc1fcf7c692ba827043f7d55c3ce60086575","isMergeCommit":false,"messageTitle":"Level-4","messageBody":"Added different tasks\n","tags":["Level-4"],"fileTypesAndContributionMap":{"java":{"insertions":108,"deletions":6}}},{"hash":"93044ace2d346176cc1ab1c0a23d1602fae9c35c","isMergeCommit":false,"messageTitle":"A-TextUITesting","messageBody":"Added some testcases into input, and expected output\n","tags":["A-TextUiTesting"],"fileTypesAndContributionMap":{"txt":{"insertions":10,"deletions":0},"bat":{"insertions":1,"deletions":1},"sh":{"insertions":1,"deletions":1}}},{"hash":"0c890478a08fc660ab839fdd1c081c171501a39e","isMergeCommit":false,"messageTitle":"Level-5","messageBody":"Modified error messages and outcomes, customized bot slightly\n","tags":["Level-5"],"fileTypesAndContributionMap":{"java":{"insertions":29,"deletions":27}}},{"hash":"94597786b2acf5da1adc0fb2d0575e0b05b44a62","isMergeCommit":false,"messageTitle":"Level-6","messageBody":"Added delete, changed array to arraylist\n","tags":["Level-6"],"fileTypesAndContributionMap":{"txt":{"insertions":4,"deletions":0},"java":{"insertions":65,"deletions":45}}}]}]},"authorFileTypeContributionMap":{"KH-boop-bit":{"java":239,"md":0,"fxml":0,"sh":1,"bat":1,"gradle":0,"txt":14}},"authorContributionVariance":{"KH-boop-bit":11318.674},"authorDisplayNameMap":{"KH-boop-bit":"CS2103T-T15-2 TAN ..HONG"}}
