{"authorDailyContributionsMap":{"naresh2478":[{"date":"2025-08-20T00:00:00","commitResults":[{"hash":"9ebbbfe055dd8e60c973d075b50f38b9eaf85573","isMergeCommit":false,"messageTitle":"Level-0","messageBody":"","tags":["Level-0"],"fileTypesAndContributionMap":{"java":{"insertions":17,"deletions":10}}},{"hash":"4aa527b502c28d1b5ea65e67776085dc796cf927","isMergeCommit":false,"messageTitle":"Level-1","messageBody":"","tags":["Level-1"],"fileTypesAndContributionMap":{"java":{"insertions":20,"deletions":8}}},{"hash":"1fcdbf768ab07f110d3e455ce49481f6f6e3c414","isMergeCommit":false,"messageTitle":"Level-2","messageBody":"","tags":["Level-2"],"fileTypesAndContributionMap":{"java":{"insertions":17,"deletions":2}}},{"hash":"0a2f6775daf61ce77a0d6a68e7e0caa9c24d38c4","isMergeCommit":false,"messageTitle":"Level-3","messageBody":"","tags":["Level-3"],"fileTypesAndContributionMap":{"java":{"insertions":49,"deletions":3}}}]},{"date":"2025-08-21T00:00:00","commitResults":[{"hash":"b8ab768a20c7a1d5fd35b2622d336f4b983ec74f","isMergeCommit":false,"messageTitle":"Level-4","messageBody":"","tags":["Level-4"],"fileTypesAndContributionMap":{"java":{"insertions":88,"deletions":6}}}]},{"date":"2025-08-22T00:00:00","commitResults":[{"hash":"2e7dd501a9115127f68ae8f1f44f9e299d6d8c2b","isMergeCommit":false,"messageTitle":"A-TextUiTesting","messageBody":"","tags":["A-TextUiTesting"],"fileTypesAndContributionMap":{"txt":{"insertions":6,"deletions":0},"bat":{"insertions":1,"deletions":1}}},{"hash":"37d2d5ea405c2cdd7e2ead2f07e473c57f31a2ec","isMergeCommit":false,"messageTitle":"Level-5","messageBody":"","tags":["Level-5"],"fileTypesAndContributionMap":{"java":{"insertions":47,"deletions":25}}},{"hash":"d9559a17381d1fd342a89d282022031432985c08","isMergeCommit":false,"messageTitle":"Level-6","messageBody":"","tags":["Level-6"],"fileTypesAndContributionMap":{"java":{"insertions":26,"deletions":6}}}]},{"date":"2025-09-01T00:00:00","commitResults":[{"hash":"2db182ecffa33359e03d47a264512540666b5721","isMergeCommit":false,"messageTitle":"Save/Load Tasks","messageBody":"","fileTypesAndContributionMap":{"txt":{"insertions":11,"deletions":0},"java":{"insertions":128,"deletions":3}}},{"hash":"2f29b54dd5178943c106f9cc12e6586bd5e49461","isMergeCommit":true,"messageTitle":"Merge Level-7 branch into master","messageBody":"","tags":["Level-7"],"fileTypesAndContributionMap":{}}]},{"date":"2025-09-02T00:00:00","commitResults":[{"hash":"885aca692cc52ea56d64c24a6539321b86989387","isMergeCommit":false,"messageTitle":"Add command classes","messageBody":"","fileTypesAndContributionMap":{"txt":{"insertions":2,"deletions":1},"java":{"insertions":397,"deletions":153}}},{"hash":"25b909e8645647cb79365b75233ba11f4914546c","isMergeCommit":false,"messageTitle":"Make code more OOP","messageBody":"","tags":["A-MoreOOP"],"fileTypesAndContributionMap":{"txt":{"insertions":3,"deletions":1},"java":{"insertions":224,"deletions":158}}},{"hash":"c23de374ef3e90a599a95e164cfd1c1cbea52125","isMergeCommit":false,"messageTitle":"Add Packaging","messageBody":"","fileTypesAndContributionMap":{"txt":{"insertions":1,"deletions":0},"java":{"insertions":118,"deletions":37}}},{"hash":"0dcd8b18656b5e33844453e9bdb8f5f57d177c65","isMergeCommit":true,"messageTitle":"Merge A-MoreOOP into master","messageBody":"","tags":["A-Packages"],"fileTypesAndContributionMap":{}},{"hash":"262c7d3c08fd3350eb137a7e4d366671909b765d","isMergeCommit":true,"messageTitle":"Merge branch \u0027add-gradle-support\u0027 of https://github.com/naresh2478/ip","messageBody":"","fileTypesAndContributionMap":{}},{"hash":"1c5ae3c168dfc7c097503f1855fb277711220f1b","isMergeCommit":false,"messageTitle":"test","messageBody":"","tags":["A-Gradle"],"fileTypesAndContributionMap":{"txt":{"insertions":1,"deletions":0}}}]},{"date":"2025-09-03T00:00:00","commitResults":[{"hash":"62de57235cf37f9845f87abed8b7db1e321e729a","isMergeCommit":false,"messageTitle":"Add Tests","messageBody":"","fileTypesAndContributionMap":{"txt":{"insertions":1,"deletions":0},"java":{"insertions":198,"deletions":0}}},{"hash":"0c17e173e13ccfc04ce79460697169693f77bcd6","isMergeCommit":false,"messageTitle":"Tests Modified","messageBody":"","fileTypesAndContributionMap":{"java":{"insertions":0,"deletions":13}}},{"hash":"6e0a5a4d874f8b11c4dc054ab79039bcf969aab9","isMergeCommit":true,"messageTitle":"Merge A-JUnit with master","messageBody":"","tags":["A-JUnit"],"fileTypesAndContributionMap":{}},{"hash":"3ad7d23238bf31b13ba4b6349498f62e984c39dc","isMergeCommit":false,"messageTitle":"no changes except jar","messageBody":"","fileTypesAndContributionMap":{"gradle":{"insertions":3,"deletions":2}}},{"hash":"bfe0872a191098b428def5d0c7a8983c2b67d7d9","isMergeCommit":true,"messageTitle":"Merge A-Jar with Master","messageBody":"","tags":["A-Jar"],"fileTypesAndContributionMap":{}},{"hash":"cb0ee0cb68c013034cd4a608be58257f5ee25a64","isMergeCommit":false,"messageTitle":"Add Header","messageBody":"","fileTypesAndContributionMap":{"java":{"insertions":138,"deletions":8}}},{"hash":"5167faf9da2aaec415d08219fa7d57e857045aa0","isMergeCommit":true,"messageTitle":"Merge A-JavaDoc with Master","messageBody":"","tags":["A-JavaDoc","A-CodingStandard"],"fileTypesAndContributionMap":{}}]},{"date":"2025-09-04T00:00:00","commitResults":[{"hash":"d2d4b21b4e51ef0da9b25822928a4eddb53fe94b","isMergeCommit":false,"messageTitle":"Add Find","messageBody":"","fileTypesAndContributionMap":{"txt":{"insertions":5,"deletions":15},"java":{"insertions":91,"deletions":27}}},{"hash":"479135b031290056c9cb0224cc010d9caf04495d","isMergeCommit":true,"messageTitle":"Merge Find into Master","messageBody":"","tags":["Level-9","Find"],"fileTypesAndContributionMap":{}}]},{"date":"2025-09-05T00:00:00","commitResults":[{"hash":"48b4b3c164724171d5e027fdf8bb65bb2fa9fa1d","isMergeCommit":false,"messageTitle":"Add Checkstyle","messageBody":"","fileTypesAndContributionMap":{"gradle":{"insertions":6,"deletions":0}}},{"hash":"be9a16a146764f5b7cf49cdcd08e0ae4fa3bbdcb","isMergeCommit":true,"messageTitle":"Merge with A-CheckStyle","messageBody":"","tags":["A-CheckStyle"],"fileTypesAndContributionMap":{}}]},{"date":"2025-09-11T00:00:00","commitResults":[{"hash":"f9605219c6e73c9aa51bb29d6414a0b63071970e","isMergeCommit":false,"messageTitle":"Add GUI","messageBody":"","fileTypesAndContributionMap":{"gradle":{"insertions":21,"deletions":1},"txt":{"insertions":3,"deletions":0},"fxml":{"insertions":66,"deletions":0},"java":{"insertions":260,"deletions":62},"bat":{"insertions":1,"deletions":1}}},{"hash":"3b4a7eb8ea770888b8a0bbbd5f33328f12451bf3","isMergeCommit":true,"messageTitle":"Merge with branch-Level-10","messageBody":"","tags":["Level-10"],"fileTypesAndContributionMap":{}}]}]},"authorFileTypeContributionMap":{"naresh2478":{"java":1307,"md":0,"fxml":66,"sh":0,"bat":1,"gradle":29,"txt":16}},"authorContributionVariance":{"naresh2478":40122.28},"authorDisplayNameMap":{"naresh2478":"CS2103T-F08b-2 NARE..EHRU"}}
