{"authorDailyContributionsMap":{"naresh2478":[{"date":"2025-08-20T00:00:00","commitResults":[{"hash":"9ebbbfe055dd8e60c973d075b50f38b9eaf85573","isMergeCommit":false,"messageTitle":"Level-0","messageBody":"","tags":["Level-0"],"fileTypesAndContributionMap":{"java":{"insertions":17,"deletions":10}}},{"hash":"4aa527b502c28d1b5ea65e67776085dc796cf927","isMergeCommit":false,"messageTitle":"Level-1","messageBody":"","tags":["Level-1"],"fileTypesAndContributionMap":{"java":{"insertions":20,"deletions":8}}},{"hash":"1fcdbf768ab07f110d3e455ce49481f6f6e3c414","isMergeCommit":false,"messageTitle":"Level-2","messageBody":"","tags":["Level-2"],"fileTypesAndContributionMap":{"java":{"insertions":17,"deletions":2}}},{"hash":"0a2f6775daf61ce77a0d6a68e7e0caa9c24d38c4","isMergeCommit":false,"messageTitle":"Level-3","messageBody":"","tags":["Level-3"],"fileTypesAndContributionMap":{"java":{"insertions":49,"deletions":3}}}]},{"date":"2025-08-21T00:00:00","commitResults":[{"hash":"b8ab768a20c7a1d5fd35b2622d336f4b983ec74f","isMergeCommit":false,"messageTitle":"Level-4","messageBody":"","tags":["Level-4"],"fileTypesAndContributionMap":{"java":{"insertions":88,"deletions":6}}}]},{"date":"2025-08-22T00:00:00","commitResults":[{"hash":"2e7dd501a9115127f68ae8f1f44f9e299d6d8c2b","isMergeCommit":false,"messageTitle":"A-TextUiTesting","messageBody":"","tags":["A-TextUiTesting"],"fileTypesAndContributionMap":{"txt":{"insertions":6,"deletions":0},"bat":{"insertions":1,"deletions":1}}},{"hash":"37d2d5ea405c2cdd7e2ead2f07e473c57f31a2ec","isMergeCommit":false,"messageTitle":"Level-5","messageBody":"","tags":["Level-5"],"fileTypesAndContributionMap":{"java":{"insertions":47,"deletions":25}}},{"hash":"d9559a17381d1fd342a89d282022031432985c08","isMergeCommit":false,"messageTitle":"Level-6","messageBody":"","tags":["Level-6"],"fileTypesAndContributionMap":{"java":{"insertions":26,"deletions":6}}}]}]},"authorFileTypeContributionMap":{"naresh2478":{"java":214,"md":0,"fxml":0,"sh":0,"bat":1,"gradle":0,"txt":6}},"authorContributionVariance":{"naresh2478":1993.849},"authorDisplayNameMap":{"naresh2478":"NARE..EHRU"}}
