{"authorDailyContributionsMap":{"ebt-wu":[{"date":"2025-08-21T00:00:00","commitResults":[{"hash":"1d6de605dd5967437659aa91cd07000bd2236fa0","isMergeCommit":false,"messageTitle":"Level-0","messageBody":"","tags":["Level-0"],"fileTypesAndContributionMap":{"java":{"insertions":9,"deletions":0}}},{"hash":"bcaf925ab2b13291237b84bbc88d3ab5264b9634","isMergeCommit":false,"messageTitle":"Level-1","messageBody":"","tags":["Level-1"],"fileTypesAndContributionMap":{"java":{"insertions":11,"deletions":2}}},{"hash":"10d913a778ff7ac78ad5481962bc74a6c15ae8a8","isMergeCommit":false,"messageTitle":"Level-2","messageBody":"","fileTypesAndContributionMap":{"java":{"insertions":36,"deletions":5}}},{"hash":"c8540876924415b538732b936fc81166e1afe0a8","isMergeCommit":false,"messageTitle":"Level-2","messageBody":"","tags":["Level-2"],"fileTypesAndContributionMap":{"java":{"insertions":2,"deletions":2}}}]},{"date":"2025-08-22T00:00:00","commitResults":[{"hash":"e0aaec8c6bcfa7b87eae7e9747cc05e3f75c2960","isMergeCommit":false,"messageTitle":"Level-3","messageBody":"","tags":["Level-3"],"fileTypesAndContributionMap":{"java":{"insertions":55,"deletions":9}}},{"hash":"a8f3a45e3cabcbba38e18eeb8b77450875e1d272","isMergeCommit":false,"messageTitle":"Level-4","messageBody":"","tags":["Level-4"],"fileTypesAndContributionMap":{"java":{"insertions":86,"deletions":5}}},{"hash":"009bc7a5f9459954374506dc3918886911b427d1","isMergeCommit":false,"messageTitle":"TextUiTesting","messageBody":"","tags":["A-TextUiTesting"],"fileTypesAndContributionMap":{"txt":{"insertions":1,"deletions":0},"bat":{"insertions":3,"deletions":3}}},{"hash":"c09e55b442770b11384bec62711e205b1fd520d8","isMergeCommit":false,"messageTitle":"Level-5","messageBody":"","tags":["Level-5"],"fileTypesAndContributionMap":{"java":{"insertions":62,"deletions":45}}},{"hash":"4a24e36756468905740aee3f30064d87a3bbc38c","isMergeCommit":false,"messageTitle":"Level-6","messageBody":"","tags":["Level-6"],"fileTypesAndContributionMap":{"java":{"insertions":26,"deletions":0}}}]},{"date":"2025-08-29T00:00:00","commitResults":[{"hash":"3e59eecde42fabfb6f839add0f8638442adda274","isMergeCommit":false,"messageTitle":"Implement Level 7: Save/load tasks to file","messageBody":"","fileTypesAndContributionMap":{"java":{"insertions":99,"deletions":0}}},{"hash":"38eaebfe0b68800a1fa3d123c820c167af3d67b9","isMergeCommit":true,"messageTitle":"Merge branch \u0027branch-Level-7\u0027 Merge Level-7 branch to master","messageBody":"","tags":["Level-7"],"fileTypesAndContributionMap":{}},{"hash":"39134a0ccd6812a041d355bc140b3c8aa90b655b","isMergeCommit":false,"messageTitle":"Implement Level 8: Date Parsing","messageBody":"","fileTypesAndContributionMap":{"java":{"insertions":28,"deletions":6}}},{"hash":"b1d66a7154052826bfe2b89bf822aaa861090538","isMergeCommit":true,"messageTitle":"Merge branch \u0027branch-Level-8\u0027 Implement Level 8: Parsing Date","messageBody":"","tags":["Level-8"],"fileTypesAndContributionMap":{}},{"hash":"eb0d7ec35f3ff593fbc36a4ebda0bb45de91cede","isMergeCommit":false,"messageTitle":"Implemented classes for OOP purposes","messageBody":"","tags":["A-MoreOOP"],"fileTypesAndContributionMap":{"java":{"insertions":286,"deletions":226}}}]},{"date":"2025-08-30T00:00:00","commitResults":[{"hash":"58adbd9971b59eacdd7a1ffdca652c6a46654853","isMergeCommit":false,"messageTitle":"Delete irrelevant functions","messageBody":"","fileTypesAndContributionMap":{"java":{"insertions":0,"deletions":4}}},{"hash":"07de26685a778c710fe89125d961bc7eb677d6d1","isMergeCommit":false,"messageTitle":"Create packages","messageBody":"","fileTypesAndContributionMap":{"java":{"insertions":57,"deletions":41}}},{"hash":"c917bb46f30b75c38efef33fae431a112125e6e8","isMergeCommit":true,"messageTitle":"Merge branch \u0027master\u0027 of https://github.com/ebt-wu/ip Trial merge","messageBody":"","tags":["A-Packages"],"fileTypesAndContributionMap":{}},{"hash":"3fac19202ba70fedff6b933c0842f5e645c328a7","isMergeCommit":true,"messageTitle":"Merge remote-tracking branch \u0027origin/add-gradle-support\u0027 Add Gradle Support","messageBody":"","tags":["A-Gradle"],"fileTypesAndContributionMap":{}},{"hash":"dcee30ac97e708aab1f5cd4ec8d11ec7bb62a9d5","isMergeCommit":false,"messageTitle":"Add Gradle support","messageBody":"","fileTypesAndContributionMap":{"gradle":{"insertions":2,"deletions":2},"txt":{"insertions":2,"deletions":0}}},{"hash":"1914a00a317c9a29e450435d588ae97083001f4f","isMergeCommit":false,"messageTitle":"Add Unit Test","messageBody":"","tags":["A-JUnit"],"fileTypesAndContributionMap":{"txt":{"insertions":3,"deletions":2},"java":{"insertions":107,"deletions":0}}},{"hash":"ed6208eb913e3afe10aade06c54c993ae9a5912e","isMergeCommit":false,"messageTitle":"Add JavaDoc to almost all files","messageBody":"","tags":["A-JavaDoc"],"fileTypesAndContributionMap":{"java":{"insertions":260,"deletions":4}}},{"hash":"21b900c735804b6d5ec246828dc3e7ab9dd1505c","isMergeCommit":false,"messageTitle":"Implement find function","messageBody":"","tags":["Level-9"],"fileTypesAndContributionMap":{"txt":{"insertions":3,"deletions":0},"java":{"insertions":35,"deletions":0}}},{"hash":"843f93b76d1242bf04e07655a7055cd55e519571","isMergeCommit":true,"messageTitle":"Merge branch \u0027branch-Level-9\u0027","messageBody":"","fileTypesAndContributionMap":{}}]},{"date":"2025-09-06T00:00:00","commitResults":[{"hash":"ec985adbf81b580160d3694602c63a2b2805cd3e","isMergeCommit":false,"messageTitle":"Add GUI to EGGY","messageBody":"","tags":["Level-10"],"fileTypesAndContributionMap":{"gradle":{"insertions":15,"deletions":1},"txt":{"insertions":1,"deletions":0},"fxml":{"insertions":66,"deletions":0},"java":{"insertions":275,"deletions":30}}}]}]},"authorFileTypeContributionMap":{"ebt-wu":{"java":1075,"md":0,"fxml":66,"sh":0,"bat":3,"gradle":16,"txt":8}},"authorContributionVariance":{"ebt-wu":26935.686},"authorDisplayNameMap":{"ebt-wu":"CS2103T-W12-4 EDBE..BERT"}}
