{"authorDailyContributionsMap":{"enxi-low":[{"date":"2025-08-19T00:00:00","commitResults":[{"hash":"94dfc5d7e8bde7823d961f4bb41374eab357c9ac","isMergeCommit":false,"messageTitle":"Rename chatbot to luna","messageBody":"","fileTypesAndContributionMap":{"java":{"insertions":4,"deletions":10}}},{"hash":"90f0aa507f82903b86fbd5c16a39ad704c61dfa4","isMergeCommit":false,"messageTitle":"Add greeting and exit","messageBody":"","tags":["Level-0"],"fileTypesAndContributionMap":{"java":{"insertions":10,"deletions":0}}},{"hash":"ecfa04e5c2f5a64f91cffd3bf874a4187fb3627e","isMergeCommit":false,"messageTitle":"Implement echo commands","messageBody":"","fileTypesAndContributionMap":{"java":{"insertions":11,"deletions":2}}},{"hash":"04c8b58320973d6dbfbc2bdb1403a4b7a2a17d08","isMergeCommit":false,"messageTitle":"Add bye command to exit chatbot","messageBody":"","tags":["Level-1"],"fileTypesAndContributionMap":{"java":{"insertions":8,"deletions":2}}},{"hash":"1c1adb679fcd6331dbd23f5aa424a6b8e0b8f534","isMergeCommit":false,"messageTitle":"Add storing of tasks","messageBody":"","fileTypesAndContributionMap":{"java":{"insertions":13,"deletions":1}}},{"hash":"a7f12fa4b2c9a0acca08fd3d3aa675e196be41c9","isMergeCommit":false,"messageTitle":"Add command list","messageBody":"","tags":["Level-2"],"fileTypesAndContributionMap":{"java":{"insertions":11,"deletions":3}}},{"hash":"5afa1da77c294b4d3e1153abf7f9246fac4beff4","isMergeCommit":false,"messageTitle":"Add Task class","messageBody":"","fileTypesAndContributionMap":{"java":{"insertions":34,"deletions":19}}},{"hash":"d8931336a3686e96edc69ce01a6f4e83d82c023e","isMergeCommit":false,"messageTitle":"Add ability to mark tasks as done","messageBody":"","fileTypesAndContributionMap":{"java":{"insertions":26,"deletions":4}}},{"hash":"bd320f67bc187dee050ac8eb57de01fc68949bf5","isMergeCommit":false,"messageTitle":"Add ability to unmark tasks as done","messageBody":"","tags":["Level-3"],"fileTypesAndContributionMap":{"java":{"insertions":13,"deletions":0}}},{"hash":"c835736053dcbf304c3266cb95198e952e5d9a69","isMergeCommit":false,"messageTitle":"Add packages","messageBody":"","fileTypesAndContributionMap":{"java":{"insertions":9,"deletions":0}}},{"hash":"ec973467a88fae010a1a432a5bd6af0ca5460707","isMergeCommit":false,"messageTitle":"Add todo tasks","messageBody":"","fileTypesAndContributionMap":{"java":{"insertions":17,"deletions":0}}},{"hash":"8fc8dba214b7824dca1cb8920dff435d2a7409d9","isMergeCommit":false,"messageTitle":"Add deadline","messageBody":"","fileTypesAndContributionMap":{"java":{"insertions":23,"deletions":4}}},{"hash":"d0dc2423993673a6175a67d9ffc0ee62e0d23511","isMergeCommit":false,"messageTitle":"Add event","messageBody":"","tags":["Level-4"],"fileTypesAndContributionMap":{"java":{"insertions":22,"deletions":4}}},{"hash":"4ecd2ba9e692e5e18a069f6df8ee8525bd6d35cc","isMergeCommit":false,"messageTitle":"Add i/o testing","messageBody":"","tags":["A-TextUiTesting"],"fileTypesAndContributionMap":{"txt":{"insertions":11,"deletions":0},"java":{"insertions":0,"deletions":2},"bat":{"insertions":1,"deletions":1}}},{"hash":"1a30994f34d6b9a7a11aead4d1ea13ef93ef7472","isMergeCommit":false,"messageTitle":"Add error handling","messageBody":"","tags":["Level-5"],"fileTypesAndContributionMap":{"java":{"insertions":73,"deletions":23}}},{"hash":"1a7e3d43422340d512bd94b48ce84e86b9b1c317","isMergeCommit":false,"messageTitle":"Add support to delete tasks","messageBody":"","fileTypesAndContributionMap":{"java":{"insertions":16,"deletions":1}}},{"hash":"e072e00db2bea2ef60b38ba8b064c7c190c2802a","isMergeCommit":false,"messageTitle":"Update i/o test case","messageBody":"","tags":["Level-6","A-Enums"],"fileTypesAndContributionMap":{"txt":{"insertions":2,"deletions":0}}}]}]},"authorFileTypeContributionMap":{"enxi-low":{"java":225,"md":0,"fxml":0,"sh":0,"bat":1,"gradle":0,"txt":13}},"authorContributionVariance":{"enxi-low":11030.556},"authorDisplayNameMap":{"enxi-low":"CS2103T-T10-2 LOW ..N XI"}}
