{"authorDailyContributionsMap":{"Bobbodi":[{"date":"2025-08-18T00:00:00","commitResults":[{"hash":"ef7bac57d3757b375aeb4d3969993f81d608fb67","isMergeCommit":false,"messageTitle":"Rename main class to Bobbodi. Added greeting.","messageBody":"","tags":["Level-0"],"fileTypesAndContributionMap":{"java":{"insertions":24,"deletions":10},"bat":{"insertions":1,"deletions":1},"md":{"insertions":3,"deletions":3}}},{"hash":"07161ba3df95cb743e6f3f021da67f2f286cb78e","isMergeCommit":false,"messageTitle":"Add support for echo. Add colors to differentiate chatbot and user text.","messageBody":"","tags":["Level-1"],"fileTypesAndContributionMap":{"java":{"insertions":37,"deletions":8}}},{"hash":"b1e14634ddb96d2d3bba133db5b4d66c2893a51c","isMergeCommit":false,"messageTitle":"Abstract out chatbotSays() to make code neater","messageBody":"","fileTypesAndContributionMap":{"java":{"insertions":10,"deletions":11}}},{"hash":"7ce3f2452bc82651e78fd278bb981aedb2d1fe41","isMergeCommit":false,"messageTitle":"Add list and display with padded numbering","messageBody":"","tags":["Level-2"],"fileTypesAndContributionMap":{"java":{"insertions":20,"deletions":2}}},{"hash":"319a3adb397489f98312d0726204a1e65af6e88f","isMergeCommit":false,"messageTitle":"Add Task class to model list of user\u0027s tasks","messageBody":"","fileTypesAndContributionMap":{"java":{"insertions":28,"deletions":2}}}]},{"date":"2025-08-19T00:00:00","commitResults":[{"hash":"d8ca15e7310136a056cfe145ffd0314fa04507d9","isMergeCommit":false,"messageTitle":"Add mark and unmark of task, and add markDone() and markNotDone() to Task class","messageBody":"","tags":["Level-3"],"fileTypesAndContributionMap":{"java":{"insertions":53,"deletions":0}}},{"hash":"02f39439c4054c5f4d1ac7bcbfebdd49cd03b67b","isMergeCommit":false,"messageTitle":"Add Deadline, Event, Todo classes that extend Task. Move helper functions into Helper.java. Move constants into Constants.java.","messageBody":"","fileTypesAndContributionMap":{"java":{"insertions":34,"deletions":0}}},{"hash":"e7b1d0771c8f9dec37c20f24c954f3464a3165f9","isMergeCommit":false,"messageTitle":"Add logic to check and process todo/deadline/event tasks.","messageBody":"","tags":["Level-4"],"fileTypesAndContributionMap":{"java":{"insertions":174,"deletions":82}}},{"hash":"30db2a3c30c78b9df0875716d3aa8df7ed017105","isMergeCommit":false,"messageTitle":"Semi-automate the testing. Add stripping of ANSI colours and trim spaces in .sh file. Minor changes to Bobbodi file like adding full stop, indentation.","messageBody":"","tags":["A-TextUiTesting"],"fileTypesAndContributionMap":{"txt":{"insertions":6,"deletions":0},"java":{"insertions":20,"deletions":17},"sh":{"insertions":7,"deletions":1}}}]},{"date":"2025-08-20T00:00:00","commitResults":[{"hash":"4a5501b0a65f71bac3ae20113e002c9b637b658c","isMergeCommit":false,"messageTitle":"Handle missing description/argument or formatting errors in userInput for event, deadline, and todo tasks","messageBody":"","fileTypesAndContributionMap":{"java":{"insertions":31,"deletions":0}}},{"hash":"8f37ef74625820f91cd9fecae6ec58f78c77b308","isMergeCommit":false,"messageTitle":"Use try catch block, organise files in packages: Exceptions, Tasks, Resources","messageBody":"","tags":["Level-5"],"fileTypesAndContributionMap":{"java":{"insertions":185,"deletions":99}}},{"hash":"4fc2d7adc1680290019694cdb0bad866ec635674","isMergeCommit":false,"messageTitle":"Add support for deleting tasks from the list. Add EmptyListException class.","messageBody":"","tags":["Level-6"],"fileTypesAndContributionMap":{"java":{"insertions":54,"deletions":6}}},{"hash":"428e8b0da457ab9fd5c8112a6c529bf9111374f8","isMergeCommit":false,"messageTitle":"Personalised chatbot lines and move them to Constants file.","messageBody":"","fileTypesAndContributionMap":{"java":{"insertions":18,"deletions":11}}}]},{"date":"2025-08-26T00:00:00","commitResults":[{"hash":"d08edbb310ed44f523a8079c032544274384ab35","isMergeCommit":false,"messageTitle":"Load file content and add to list of tasks","messageBody":"","tags":["Level-7"],"fileTypesAndContributionMap":{"txt":{"insertions":4,"deletions":0},"java":{"insertions":87,"deletions":1}}}]},{"date":"2025-08-27T00:00:00","commitResults":[{"hash":"382ea21dbd217c885ca844f902e694207de5d90e","isMergeCommit":false,"messageTitle":"Add support for datetime, add support for command to print deadlines/events occurring on a specific date","messageBody":"","tags":["Level-8"],"fileTypesAndContributionMap":{"txt":{"insertions":2,"deletions":2},"java":{"insertions":106,"deletions":15}}},{"hash":"a8580e131ec37d491308d44fff267cba40c5c284","isMergeCommit":false,"messageTitle":"Add gradle files","messageBody":"","fileTypesAndContributionMap":{"gradle":{"insertions":0,"deletions":0}}},{"hash":"dcde604db01558e178cfd39ecb6373dc9ffc0ead","isMergeCommit":false,"messageTitle":"Able to run as gradle file now","messageBody":"","tags":["A-Gradle"],"fileTypesAndContributionMap":{"gradle":{"insertions":11,"deletions":0}}}]},{"date":"2025-08-28T00:00:00","commitResults":[{"hash":"33b61bb8ac8efd0b1dbdc370c4675feb4018d42f","isMergeCommit":false,"messageTitle":"Add Junit test for isNumeric","messageBody":"","fileTypesAndContributionMap":{"gradle":{"insertions":24,"deletions":0},"java":{"insertions":24,"deletions":5}}},{"hash":"f68a6ed34adacb029df178b6645331b85f18a4b8","isMergeCommit":false,"messageTitle":"Add junit tests for taskNumber","messageBody":"","tags":["A-JUnit"],"fileTypesAndContributionMap":{"java":{"insertions":39,"deletions":2}}},{"hash":"5afcd3766cd3ea24c31628f0863014ba4ea088fd","isMergeCommit":false,"messageTitle":"Add support to run jar file and find mainclass","messageBody":"","tags":["A-Jar"],"fileTypesAndContributionMap":{"gradle":{"insertions":8,"deletions":0}}}]}]},"authorFileTypeContributionMap":{"Bobbodi":{"java":683,"md":3,"fxml":0,"sh":7,"bat":1,"gradle":43,"txt":10}},"authorContributionVariance":{"Bobbodi":14400.89},"authorDisplayNameMap":{"Bobbodi":"CS2103T-F10-2 LEE ..XUAN"}}
