{"authorDailyContributionsMap":{"porcupinezzz":[{"date":"2025-08-20T00:00:00","commitResults":[{"hash":"89996ba12137eaabb5b3ce47569a468f8182ad55","isMergeCommit":false,"messageTitle":"completed level 0","messageBody":"","tags":["Level-0"],"fileTypesAndContributionMap":{"java":{"insertions":7,"deletions":10}}},{"hash":"0a88bc9e0bcfdb7699f43397aa0adf47ac09c385","isMergeCommit":false,"messageTitle":"finished level 1","messageBody":"","tags":["Level-1"],"fileTypesAndContributionMap":{"java":{"insertions":11,"deletions":0}}},{"hash":"32635954b1ddc1e108bb2dae07590102a0adf3a9","isMergeCommit":false,"messageTitle":"finished level 2","messageBody":"","tags":["Level-2"],"fileTypesAndContributionMap":{"java":{"insertions":16,"deletions":5}}},{"hash":"74fe6e81c7da4f3c79384c60a23f2c75979db577","isMergeCommit":false,"messageTitle":"added task class and mark ability","messageBody":"","tags":["Level-3"],"fileTypesAndContributionMap":{"java":{"insertions":71,"deletions":3}}},{"hash":"0ac8359c6bfdfbae7e1b1b54501db3a878ef7321","isMergeCommit":false,"messageTitle":"added deadline, event, todo","messageBody":"","fileTypesAndContributionMap":{"txt":{"insertions":5,"deletions":0},"sh":{"insertions":1,"deletions":1}}},{"hash":"91e98d5833c9d406835143a1b0d06e0752161a2b","isMergeCommit":false,"messageTitle":"added deadline, event, todo","messageBody":"","tags":["Level-4"],"fileTypesAndContributionMap":{"java":{"insertions":110,"deletions":7}}},{"hash":"84e0d005756dfbe6670372fdc28158ba87897e2c","isMergeCommit":false,"messageTitle":"added exceptions","messageBody":"","tags":["Level-5"],"fileTypesAndContributionMap":{"java":{"insertions":31,"deletions":11}}}]},{"date":"2025-08-21T00:00:00","commitResults":[{"hash":"e20f51f2a886d0eec210e4483905b1e4125dbacf","isMergeCommit":false,"messageTitle":"changed array to arraylist and added delete","messageBody":"","tags":["Level-6","A-TextUiTesting"],"fileTypesAndContributionMap":{"txt":{"insertions":1,"deletions":0},"java":{"insertions":27,"deletions":6}}}]},{"date":"2025-08-29T00:00:00","commitResults":[{"hash":"f5b912858ae06e4f6ce866a6f8cc7cfccd7232df","isMergeCommit":false,"messageTitle":"add local storage of data","messageBody":"","fileTypesAndContributionMap":{"txt":{"insertions":2,"deletions":0},"java":{"insertions":135,"deletions":17}}},{"hash":"51df485f315342c0055b31ccd94d3c5e05cb218c","isMergeCommit":true,"messageTitle":"Merge branch \u0027branch-Level-7\u0027 add local storage","messageBody":"","tags":["Level-7"],"fileTypesAndContributionMap":{}},{"hash":"a20778070ef48e1871e04e9922955a67777d72e9","isMergeCommit":false,"messageTitle":"add local date time format to deadline","messageBody":"","fileTypesAndContributionMap":{"txt":{"insertions":3,"deletions":0},"java":{"insertions":17,"deletions":3}}},{"hash":"cdaaa1a413a469587a6a82366b65e3d678d6438c","isMergeCommit":true,"messageTitle":"Merge branch \u0027branch-Level-8\u0027 add local date time format to Deadline","messageBody":"","tags":["Level-8"],"fileTypesAndContributionMap":{}},{"hash":"77ab3809e9197d8d5b598c7358960ec63a3448df","isMergeCommit":false,"messageTitle":"add more OOP and classes","messageBody":"","fileTypesAndContributionMap":{"java":{"insertions":0,"deletions":75}}},{"hash":"4846f6607bd528d35a0554663c5074878c3c2144","isMergeCommit":false,"messageTitle":"add more OOP and classes","messageBody":"","fileTypesAndContributionMap":{"txt":{"insertions":9,"deletions":1},"java":{"insertions":286,"deletions":95}}},{"hash":"fd80ae01a26c32cb755a64800036be7225e04df1","isMergeCommit":true,"messageTitle":"Merge branch \u0027branch-A-MoreOOP\u0027 Add more OOP and classes","messageBody":"","tags":["A-MoreOOP"],"fileTypesAndContributionMap":{}},{"hash":"a76f367ebcfb5ffb9b015d86759c4fab5f86ee6f","isMergeCommit":false,"messageTitle":"shift classes to suitable packages","messageBody":"","fileTypesAndContributionMap":{"java":{"insertions":33,"deletions":2}}},{"hash":"986eb143daa5001017958fcf6b3437bcc4d164e4","isMergeCommit":false,"messageTitle":"shift classes to suitable packages","messageBody":"","tags":["A-Packages"],"fileTypesAndContributionMap":{"txt":{"insertions":1,"deletions":1},"java":{"insertions":32,"deletions":28}}},{"hash":"d97bc622ef3606d2b8f2dd8bd82edbeeed21d4c9","isMergeCommit":true,"messageTitle":"Merge branch \u0027add-gradle-support\u0027 add gradle support without customisation","messageBody":"","fileTypesAndContributionMap":{}},{"hash":"211e56c0e5b308ff5921fd2c7ae1e2695fcd306c","isMergeCommit":false,"messageTitle":"add gradle support","messageBody":"","tags":["A-Gradle"],"fileTypesAndContributionMap":{"gradle":{"insertions":2,"deletions":2},"txt":{"insertions":1,"deletions":1},"java":{"insertions":3,"deletions":0}}}]},{"date":"2025-08-30T00:00:00","commitResults":[{"hash":"f5bf481860d6e489e28fb1d873a18eea92430c6a","isMergeCommit":false,"messageTitle":"add simple JUnit Tests","messageBody":"","tags":["A-Jar","A-JUnit"],"fileTypesAndContributionMap":{"txt":{"insertions":2,"deletions":0},"java":{"insertions":77,"deletions":2}}},{"hash":"7018ffa668159636c3c89813805ca663f0171387","isMergeCommit":false,"messageTitle":"add javadoc to most public methods and classes","messageBody":"","fileTypesAndContributionMap":{"java":{"insertions":102,"deletions":35}}},{"hash":"11ac324856ab63ee7b44e93c9fdd8b7a22b13a9a","isMergeCommit":true,"messageTitle":"Merge branch \u0027branch-A-Javadoc\u0027 \"add javadoc to public methods and classes\"","messageBody":"","tags":["A-Javadoc"],"fileTypesAndContributionMap":{}},{"hash":"0f0271f07609578ab35d9a70b7209b3218ddcc11","isMergeCommit":false,"messageTitle":"change code to fit coding standard","messageBody":"","fileTypesAndContributionMap":{"txt":{"insertions":1,"deletions":1},"java":{"insertions":41,"deletions":47}}},{"hash":"c583154164d49e57345d993682f4acae118086b6","isMergeCommit":true,"messageTitle":"change code to fit coding standards","messageBody":"","tags":["A-CodingStandard"],"fileTypesAndContributionMap":{}},{"hash":"b1e0960f3ad82fd23f42e1fbd5d175169c4c3b34","isMergeCommit":false,"messageTitle":"add find functionality","messageBody":"","fileTypesAndContributionMap":{"java":{"insertions":68,"deletions":44}}},{"hash":"78b08554bdda7722e03f16f7c67a3103df279f2c","isMergeCommit":true,"messageTitle":"add find keyword function","messageBody":"","fileTypesAndContributionMap":{}},{"hash":"bd8986b388740944fc2822f9a3ae436f53fe6230","isMergeCommit":false,"messageTitle":"add find keyword function","messageBody":"","tags":["Level-9"],"fileTypesAndContributionMap":{"java":{"insertions":5,"deletions":1}}}]},{"date":"2025-09-05T00:00:00","commitResults":[{"hash":"494a3406452863223a885e1bc84303fd3187ca4b","isMergeCommit":false,"messageTitle":"fix style issues","messageBody":"","fileTypesAndContributionMap":{"gradle":{"insertions":5,"deletions":0},"txt":{"insertions":2,"deletions":11},"java":{"insertions":130,"deletions":79}}},{"hash":"cd9f58455f1c3fdb4788a125a298c7945717b837","isMergeCommit":true,"messageTitle":"fix style issues","messageBody":"","tags":["A-CheckStyle"],"fileTypesAndContributionMap":{}},{"hash":"71fd6beb0169b8418428122f864d03ee8434c6e1","isMergeCommit":false,"messageTitle":"add GUI to chatbot","messageBody":"","fileTypesAndContributionMap":{"gradle":{"insertions":16,"deletions":1},"txt":{"insertions":1,"deletions":0},"fxml":{"insertions":47,"deletions":0},"java":{"insertions":284,"deletions":2}}},{"hash":"bc075f96b0c2d15b0b07aa39f3d11fc58dd8c1cf","isMergeCommit":true,"messageTitle":"add GUI to Tension bot","messageBody":"","tags":["Level-10"],"fileTypesAndContributionMap":{}}]},{"date":"2025-09-13T00:00:00","commitResults":[{"hash":"c52480473eb04233d94a3eb5bf5d080c3fb1a12a","isMergeCommit":false,"messageTitle":"add assert features to the files","messageBody":"There are many assumed properties of some variables, so assert\nis added to confirm that\n\nAdding assertions helps to check that code is running as expected\n\nassert lines are added into areas they are needed manually\n\nmany functions are deoendent on previous functions, so adding\nthem to only necessary functions helps to catch errors early\n","fileTypesAndContributionMap":{"txt":{"insertions":1,"deletions":1},"java":{"insertions":21,"deletions":5}}},{"hash":"47d4a6110ea0d0de08c2ed13822899054efeb408","isMergeCommit":true,"messageTitle":"add assert features to the files","messageBody":"add assert features to the files\n\nThere are many assumed properties of some variables, so assert is added to confirm that\n\nAdding assertions helps to check that code is running as expected\n\nassert lines are added into areas they are needed manually\n\nmany functions are deoendent on previous functions, so adding them to only necessary functions helps to catch errors early","tags":["A-FullCommitMessage","A-Assertions"],"fileTypesAndContributionMap":{}},{"hash":"26813708081d99decf814c4aa77238ebdba3158d","isMergeCommit":false,"messageTitle":"improve quality of code and remove unnecessary methods","messageBody":"There was some arrowhead style code and code blocks that were not\nin use\n\nBoth those factors make it hard to read code when needed\n\nDelete unused methods and abstract code to functions\n\nIt reduces the total lines of code and improves readability\n","fileTypesAndContributionMap":{"txt":{"insertions":2,"deletions":1},"java":{"insertions":24,"deletions":150}}},{"hash":"faa0a8ed0c7895689eb8d50c2fdb1a15d6da10c4","isMergeCommit":true,"messageTitle":"Merge branch \u0027master\u0027 into branch-A-CodeQuality","messageBody":"","fileTypesAndContributionMap":{}},{"hash":"954960ed8e1182798947714ff65127b954af85c6","isMergeCommit":true,"messageTitle":"Merge pull request #2 from porcupinezzz/branch-A-CodeQuality","messageBody":"improve quality of code and remove unnecessary methods","tags":["A-CodeQuality"],"fileTypesAndContributionMap":{}},{"hash":"db1bb6b0802473515c0ad0c127cbdc854f577c33","isMergeCommit":false,"messageTitle":"add tagging ability","messageBody":"","fileTypesAndContributionMap":{"txt":{"insertions":7,"deletions":7},"java":{"insertions":99,"deletions":14}}},{"hash":"513ee0b76129c2136b37e8714bb22139221174bc","isMergeCommit":true,"messageTitle":"Merge branch \u0027branch-C-Tagging\u0027","messageBody":"added tagging feature to master\n","tags":["BCD-Extension"],"fileTypesAndContributionMap":{}}]}]},"authorFileTypeContributionMap":{"porcupinezzz":{"java":1005,"md":0,"fxml":47,"sh":1,"bat":0,"gradle":22,"txt":15}},"authorContributionVariance":{"porcupinezzz":30128.297},"authorDisplayNameMap":{"porcupinezzz":"CS2103T-T15-2 LIM ..MIEN"}}
