{"authorDailyContributionsMap":{"3seastacks":[{"date":"2025-08-21T00:00:00","commitResults":[{"hash":"a9c32c56828b51507ad8cf1e89f23dbfed2214aa","isMergeCommit":false,"messageTitle":"Add Stella.java","messageBody":"","tags":["Level-0"],"fileTypesAndContributionMap":{"java":{"insertions":10,"deletions":10}}},{"hash":"d1abd52f55acfc04f373c642097ddc573244cc7c","isMergeCommit":false,"messageTitle":"Add echo feature","messageBody":"","tags":["Level-1"],"fileTypesAndContributionMap":{"java":{"insertions":14,"deletions":3}}},{"hash":"60fdfd69a94c41b0af6a0c01196a564745c757fa","isMergeCommit":false,"messageTitle":"Add storage and display feature","messageBody":"","tags":["Level-2"],"fileTypesAndContributionMap":{"java":{"insertions":15,"deletions":1}}},{"hash":"c7386cc5263620692425e97b5b522c4ce0246e66","isMergeCommit":false,"messageTitle":"Add mark done and undone feature","messageBody":"","tags":["Level-3"],"fileTypesAndContributionMap":{"java":{"insertions":54,"deletions":3}}},{"hash":"bfe29465c90d78df9392c40ea5fdd7ae4a4ebb16","isMergeCommit":false,"messageTitle":"Add Deadline, Event and ToDo","messageBody":"","tags":["Level-4"],"fileTypesAndContributionMap":{"java":{"insertions":75,"deletions":4}}}]},{"date":"2025-08-22T00:00:00","commitResults":[{"hash":"53ea7741a5ad99079ded2a0ef8be3e1e4117a901","isMergeCommit":false,"messageTitle":"Add automated text UI testing","messageBody":"","tags":["A-TextUiTesting"],"fileTypesAndContributionMap":{"txt":{"insertions":9,"deletions":0},"bat":{"insertions":1,"deletions":1},"sh":{"insertions":1,"deletions":1}}},{"hash":"4b70c2810e8e06c0afe4f9ae3ef8b232d3934428","isMergeCommit":false,"messageTitle":"Handle errors","messageBody":"","tags":["Level-5"],"fileTypesAndContributionMap":{"java":{"insertions":103,"deletions":70}}},{"hash":"3f6995fefd89bd4a60a03769ba71fd23fb48b3d6","isMergeCommit":false,"messageTitle":"Add delete feature","messageBody":"","tags":["Level-6"],"fileTypesAndContributionMap":{"java":{"insertions":37,"deletions":23}}}]},{"date":"2025-08-28T00:00:00","commitResults":[{"hash":"4f4433b712c77567fada3975e156dd96f93a239c","isMergeCommit":false,"messageTitle":"Add feature to retype message","messageBody":"","fileTypesAndContributionMap":{"java":{"insertions":90,"deletions":85}}}]},{"date":"2025-08-31T00:00:00","commitResults":[{"hash":"79f29e07200dc93328e036be827053ebd8ef5da3","isMergeCommit":false,"messageTitle":"Add auto-save feature","messageBody":"","tags":["Level-7"],"fileTypesAndContributionMap":{"java":{"insertions":112,"deletions":10}}},{"hash":"77809f87ec2741ec9c84a6e8a9e2c3c12260a336","isMergeCommit":false,"messageTitle":"Add time converter feature","messageBody":"","tags":["Level-8"],"fileTypesAndContributionMap":{"java":{"insertions":62,"deletions":1}}},{"hash":"991d6e33c6c77e271523c4ccac8b9671afeb641c","isMergeCommit":false,"messageTitle":"Create TaskList and Storage class","messageBody":"","fileTypesAndContributionMap":{"java":{"insertions":59,"deletions":38}}},{"hash":"b08ef5fe57155452cc859202ace43e5305185ad5","isMergeCommit":false,"messageTitle":"Create Parser and Ui class","messageBody":"","tags":["A-MoreOOP"],"fileTypesAndContributionMap":{"java":{"insertions":133,"deletions":116}}},{"hash":"033b31d4015132042a0075419a87eedb81f9d75b","isMergeCommit":false,"messageTitle":"Create package","messageBody":"","tags":["A-Packages"],"fileTypesAndContributionMap":{"java":{"insertions":17,"deletions":1}}},{"hash":"0e5558474453d13ed346457e2f54acade1f61784","isMergeCommit":true,"messageTitle":"Merge branch \u0027add-gradle-support\u0027","messageBody":"Automate build tasks\n","fileTypesAndContributionMap":{}},{"hash":"ea52e9f1cacc98ce2808c34635b2038591b3809a","isMergeCommit":false,"messageTitle":"Modify build.gradle","messageBody":"","tags":["A-Gradle"],"fileTypesAndContributionMap":{"gradle":{"insertions":2,"deletions":2}}},{"hash":"52bb1a3fd06ad39bec1b07cb35e85e6e05c51a2e","isMergeCommit":false,"messageTitle":"Fix time bug","messageBody":"","fileTypesAndContributionMap":{"java":{"insertions":15,"deletions":6}}},{"hash":"501f2bd06636d423c42a58b392f42a5e13bc6aec","isMergeCommit":false,"messageTitle":"Add JUnit tests","messageBody":"","tags":["v0.1","A-JUnit"],"fileTypesAndContributionMap":{"java":{"insertions":87,"deletions":0}}},{"hash":"efc9c5309a982cb73978830ed9c72e9441d2b4d6","isMergeCommit":false,"messageTitle":"Prepare for v0.1 release","messageBody":"","tags":["A-Jar"],"fileTypesAndContributionMap":{"gradle":{"insertions":1,"deletions":0}}}]}]},"authorFileTypeContributionMap":{"3seastacks":{"java":522,"md":0,"fxml":0,"sh":1,"bat":1,"gradle":3,"txt":9}},"authorContributionVariance":{"3seastacks":20737.084},"authorDisplayNameMap":{"3seastacks":"CS2103T-T10-4 LEE ..AINE"}}
