{"authorDailyContributionsMap":{"yycancode":[{"date":"2025-08-20T00:00:00","commitResults":[{"hash":"c4c9e26326a1401f8ea490c3d6e835686e2302ef","isMergeCommit":false,"messageTitle":"Level-0","messageBody":"","tags":["Level-0"],"fileTypesAndContributionMap":{"java":{"insertions":6,"deletions":10}}},{"hash":"ea666902501652bae9fcbf40c2d39a562fae1afe","isMergeCommit":false,"messageTitle":"Level-1","messageBody":"","tags":["Level-1"],"fileTypesAndContributionMap":{"java":{"insertions":23,"deletions":3}}},{"hash":"07005cd307b0839afc5542ee93b88276fb691f1c","isMergeCommit":false,"messageTitle":"Level-2","messageBody":"","tags":["Level-2"],"fileTypesAndContributionMap":{"java":{"insertions":14,"deletions":3}}},{"hash":"9a64282345645dc7b87bb9ba5ab82e81a5032aaa","isMergeCommit":false,"messageTitle":"Level-3","messageBody":"","tags":["Level-3"],"fileTypesAndContributionMap":{"java":{"insertions":54,"deletions":3}}}]},{"date":"2025-08-21T00:00:00","commitResults":[{"hash":"c773b47b8706f519344dc6a2bc309c31d1df7661","isMergeCommit":false,"messageTitle":"Level-4","messageBody":"","tags":["Level-4"],"fileTypesAndContributionMap":{"java":{"insertions":130,"deletions":22}}},{"hash":"12fa3904d01eee4913164181ca0891040ef23935","isMergeCommit":false,"messageTitle":"A-TextUiTesting","messageBody":"","tags":["A-TextUiTesting"],"fileTypesAndContributionMap":{"txt":{"insertions":43,"deletions":0}}},{"hash":"6c03dadf5f96b820e6acb3acdfb8ee57306f6ba7","isMergeCommit":false,"messageTitle":"Level-5","messageBody":"","tags":["Level-5"],"fileTypesAndContributionMap":{"java":{"insertions":28,"deletions":4}}},{"hash":"e685e43f3eeacad4c2e8627b1f92de0b91da996f","isMergeCommit":false,"messageTitle":"Level-6","messageBody":"","tags":["Level-6"],"fileTypesAndContributionMap":{"txt":{"insertions":24,"deletions":6},"java":{"insertions":27,"deletions":0}}},{"hash":"34ebb41d0de810bb53d9613fcbd863f9d989018c","isMergeCommit":false,"messageTitle":"A-Enums","messageBody":"","tags":["A-Enums"],"fileTypesAndContributionMap":{"java":{"insertions":212,"deletions":153}}}]},{"date":"2025-08-27T00:00:00","commitResults":[{"hash":"0ca22a406c6642cdb2a38c041a031bd6bfebe594","isMergeCommit":false,"messageTitle":"Level-7","messageBody":"Implement Storage class to handle reading/writing tasks from data/yy.txt\n\nLoad existing tasks at startup\n\nSave tasks after add, mark/unmark, or delete\n\nEnsure data folder and file are created if missing\n","tags":["Level-7"],"fileTypesAndContributionMap":{"java":{"insertions":140,"deletions":1}}}]},{"date":"2025-08-28T00:00:00","commitResults":[{"hash":"ac1b04326f13a00c559accea707625bb8546505b","isMergeCommit":false,"messageTitle":"Level-8","messageBody":"Refactor Deadline to store `by` as LocalDateTime instead of String\n\nRefactor Event to store `from` and `to` as LocalDateTime instead of String\n\nAdded flexible parsing (ISO date-time, d/M/yyyy HHmm, ISO date)\n\nUpdated Storage to save/load deadlines and events using ISO date-time\n","tags":["Level-8"],"fileTypesAndContributionMap":{"java":{"insertions":76,"deletions":17}}},{"hash":"7678129783fc39d88c8a46c6363306c1bd52789e","isMergeCommit":false,"messageTitle":"A-MoreOOP","messageBody":"Split main YY.java file into UI.java, TaskList.java, Parser.java for better OOP management\n","tags":["A-MoreOOP"],"fileTypesAndContributionMap":{"java":{"insertions":181,"deletions":129}}},{"hash":"7123543a65ce1d361230245e8601734fbb6be78e","isMergeCommit":false,"messageTitle":"A-Packages","messageBody":"Split classes into respective packages for better management\n","tags":["A-Packages"],"fileTypesAndContributionMap":{"java":{"insertions":52,"deletions":27}}},{"hash":"fd31919b7e478ea4c2240803ccacc0c150a8b29d","isMergeCommit":false,"messageTitle":"A-Packages","messageBody":"Patch minor bugs in the various files\n","tags":["A-Packages-New"],"fileTypesAndContributionMap":{"java":{"insertions":11,"deletions":15}}},{"hash":"15bd417ef5b630434caa54e9a84acdec7d239cbf","isMergeCommit":true,"messageTitle":"Merge remote-tracking branch \u0027upstream/add-gradle-support\u0027","messageBody":"","fileTypesAndContributionMap":{}},{"hash":"134a940e1b000bc439e7f64571e403a57d46c6f0","isMergeCommit":false,"messageTitle":"A-Gradle","messageBody":"Set up Gradle to be able to run, clean, check style of Main YY File\n","tags":["A-Gradle"],"fileTypesAndContributionMap":{"gradle":{"insertions":7,"deletions":2},"java":{"insertions":2,"deletions":2}}},{"hash":"3e04cb005333959e3a61dd7408f16b9753327835","isMergeCommit":false,"messageTitle":"A-JUnit","messageBody":"Add JUnit tests for TaskList.java and DeadlineTest.java\n\nModified constructor for original TaskList.java file to accomodate tests\n","tags":["A-JUnit"],"fileTypesAndContributionMap":{"java":{"insertions":44,"deletions":0}}},{"hash":"a0cb07d0282fc2226035d43cc5115f0ef4f9a82e","isMergeCommit":false,"messageTitle":"A-Jar","messageBody":"Modify build.gradle to create jar application of main YY.java\n","tags":["A-Jar"],"fileTypesAndContributionMap":{"gradle":{"insertions":2,"deletions":1}}},{"hash":"979bcaeaf1ff329514d6ee6fa2613efabe29265e","isMergeCommit":false,"messageTitle":"A-JavaDoc","messageBody":"Add JavaDoc documentation for all files\n","tags":["A-JavaDoc"],"fileTypesAndContributionMap":{"java":{"insertions":309,"deletions":0}}},{"hash":"132cb4d5e8b104b49080a90b6ca57ab1bcb8e494","isMergeCommit":false,"messageTitle":"A-CodingStandard","messageBody":"Edit indentation for switch statements in Storage.java\n","tags":["A-CodingStandard"],"fileTypesAndContributionMap":{"java":{"insertions":17,"deletions":17}}}]},{"date":"2025-08-29T00:00:00","commitResults":[{"hash":"8e1486421033b136acafa64709ab27c5629a8303","isMergeCommit":false,"messageTitle":"Level-9","messageBody":"Add support for find keyword\n","tags":["Level-9"],"fileTypesAndContributionMap":{"java":{"insertions":26,"deletions":1}}},{"hash":"61762a0dd51a1e9d3d11f82b8877a11a2d99cc65","isMergeCommit":true,"messageTitle":"Merge branch \u0027branch-A-CodingStandard\u0027","messageBody":"","fileTypesAndContributionMap":{}},{"hash":"1aa70c1fce02e58c1447451a12dd01128a06189a","isMergeCommit":true,"messageTitle":"Merge branch \u0027branch-Level-9\u0027","messageBody":"","fileTypesAndContributionMap":{}}]},{"date":"2025-09-04T00:00:00","commitResults":[{"hash":"93eae209525c6f5fe07ff3b2b2c078995858c6f7","isMergeCommit":false,"messageTitle":"Fix all files in repository according to CheckStyle requirements","messageBody":"","tags":["A-CheckStyle"],"fileTypesAndContributionMap":{"java":{"insertions":309,"deletions":225}}},{"hash":"e23c20fd7653eaea24e6cb08e3e5192cf2d6a8df","isMergeCommit":true,"messageTitle":"Merge tag \u0027A-CheckStyle\u0027","messageBody":"","fileTypesAndContributionMap":{}}]},{"date":"2025-09-05T00:00:00","commitResults":[{"hash":"a7ef39a67e1cc6ccd85800beb6ed8120bd7b3ffa","isMergeCommit":false,"messageTitle":"Add basic JavaFX implementation files Main.java and Launcher.java","messageBody":"","tags":["JavaFX-1"],"fileTypesAndContributionMap":{"gradle":{"insertions":16,"deletions":1},"java":{"insertions":30,"deletions":0}}},{"hash":"11c2356c4fa00f1f385be51d3cda9a6d1e1f393b","isMergeCommit":false,"messageTitle":"Add further implementation for JavaFX files","messageBody":"","tags":["JavaFX-2"],"fileTypesAndContributionMap":{"gradle":{"insertions":1,"deletions":1},"java":{"insertions":101,"deletions":20}}},{"hash":"3281080fda4d94f63a244eff6a700986eaf968ee","isMergeCommit":false,"messageTitle":"Add implementation for Duke.java for further GUI improvements","messageBody":"","tags":["JavaFX-3"],"fileTypesAndContributionMap":{"java":{"insertions":62,"deletions":3}}},{"hash":"bfb737bd359f0eb42196cc61bc4bbe3862083bc9","isMergeCommit":false,"messageTitle":"Add FXML support for JavaFX","messageBody":"","tags":["JavaFX-4"],"fileTypesAndContributionMap":{"fxml":{"insertions":66,"deletions":0},"java":{"insertions":99,"deletions":110}}},{"hash":"ab469a6d1a08779b2a184df2721100832084a074","isMergeCommit":false,"messageTitle":"Add final implementations for JavaFX support of YY","messageBody":"","tags":["Level-10","JavaFX-5"],"fileTypesAndContributionMap":{"fxml":{"insertions":7,"deletions":38},"java":{"insertions":39,"deletions":5}}},{"hash":"d007b2526df7680b9df997e7fd6ee679a35c008d","isMergeCommit":true,"messageTitle":"Merge tag \u0027Level-10\u0027","messageBody":"","fileTypesAndContributionMap":{}},{"hash":"bd07cb146231ed8b3e773ee505bee1eae644bc41","isMergeCommit":false,"messageTitle":"Add Varargs implementation to TaskList.java","messageBody":"","tags":["A-Varargs"],"fileTypesAndContributionMap":{"java":{"insertions":3,"deletions":2}}},{"hash":"8589393faf407b6c5b5670da4ded00acee2dae92","isMergeCommit":true,"messageTitle":"Merge tag \u0027A-Varargs\u0027","messageBody":"","fileTypesAndContributionMap":{}}]}]},"authorFileTypeContributionMap":{"yycancode":{"java":1229,"md":0,"fxml":35,"sh":0,"bat":0,"gradle":23,"txt":61}},"authorContributionVariance":{"yycancode":56156.137},"authorDisplayNameMap":{"yycancode":"CS2103-F13-1 KE Y..YANG"}}
