[{"path":"sources.txt","fileType":"txt","lines":[{"lineNumber":1,"author":{"gitId":"williamoose"},"content":"./src/main/java/ui.Ui.java","lastModifiedDate":"2025-08-20T20:45:41","isFullCredit":false},{"lineNumber":2,"author":{"gitId":"williamoose"},"content":"./src/main/java/parser/Parser.java","lastModifiedDate":"2025-08-20T19:29:33","isFullCredit":false},{"lineNumber":3,"author":{"gitId":"williamoose"},"content":"./src/main/java/task/TaskList.java","lastModifiedDate":"2025-08-20T19:29:33","isFullCredit":false},{"lineNumber":4,"author":{"gitId":"williamoose"},"content":"./src/main/java/task/TodoTask.java","lastModifiedDate":"2025-08-20T19:29:33","isFullCredit":false},{"lineNumber":5,"author":{"gitId":"williamoose"},"content":"./src/main/java/task/EventTask.java","lastModifiedDate":"2025-08-20T19:29:33","isFullCredit":false},{"lineNumber":6,"author":{"gitId":"williamoose"},"content":"./src/main/java/task/DeadlineTask.java","lastModifiedDate":"2025-08-20T19:29:33","isFullCredit":false},{"lineNumber":7,"author":{"gitId":"williamoose"},"content":"./src/main/java/task/Task.java","lastModifiedDate":"2025-08-20T19:29:33","isFullCredit":false},{"lineNumber":8,"author":{"gitId":"williamoose"},"content":"./src/main/java/Jobe.java","lastModifiedDate":"2025-08-20T19:29:33","isFullCredit":false}],"authorContributionMap":{"williamoose":8}},{"path":"src/main/java/Command.java","fileType":"java","lines":[{"lineNumber":1,"author":{"gitId":"williamoose"},"content":"import exception.JobeException;","lastModifiedDate":"2025-08-20T23:49:03","isFullCredit":false},{"lineNumber":2,"author":{"gitId":"williamoose"},"content":"","lastModifiedDate":"2025-08-20T23:49:03","isFullCredit":false},{"lineNumber":3,"author":{"gitId":"williamoose"},"content":"public enum Command {","lastModifiedDate":"2025-08-20T23:49:03","isFullCredit":false},{"lineNumber":4,"author":{"gitId":"williamoose"},"content":"  BYE,","lastModifiedDate":"2025-08-20T23:49:03","isFullCredit":false},{"lineNumber":5,"author":{"gitId":"williamoose"},"content":"  LIST,","lastModifiedDate":"2025-08-20T23:49:03","isFullCredit":false},{"lineNumber":6,"author":{"gitId":"williamoose"},"content":"  MARK,","lastModifiedDate":"2025-08-20T23:49:03","isFullCredit":false},{"lineNumber":7,"author":{"gitId":"williamoose"},"content":"  UNMARK,","lastModifiedDate":"2025-08-20T23:49:03","isFullCredit":false},{"lineNumber":8,"author":{"gitId":"williamoose"},"content":"  TODO,","lastModifiedDate":"2025-08-20T23:49:03","isFullCredit":false},{"lineNumber":9,"author":{"gitId":"williamoose"},"content":"  DEADLINE,","lastModifiedDate":"2025-08-20T23:49:03","isFullCredit":false},{"lineNumber":10,"author":{"gitId":"williamoose"},"content":"  EVENT,","lastModifiedDate":"2025-08-20T23:49:03","isFullCredit":false},{"lineNumber":11,"author":{"gitId":"williamoose"},"content":"  DELETE;","lastModifiedDate":"2025-08-20T23:49:03","isFullCredit":false},{"lineNumber":12,"author":{"gitId":"williamoose"},"content":"  ","lastModifiedDate":"2025-08-20T23:49:03","isFullCredit":false},{"lineNumber":13,"author":{"gitId":"williamoose"},"content":"  public static Command stringToCommand(String input) throws JobeException {","lastModifiedDate":"2025-08-20T23:49:03","isFullCredit":false},{"lineNumber":14,"author":{"gitId":"williamoose"},"content":"    try {","lastModifiedDate":"2025-08-20T23:49:03","isFullCredit":false},{"lineNumber":15,"author":{"gitId":"williamoose"},"content":"      return Command.valueOf(input.toUpperCase());","lastModifiedDate":"2025-08-20T23:49:03","isFullCredit":false},{"lineNumber":16,"author":{"gitId":"williamoose"},"content":"    } catch (IllegalArgumentException e) {","lastModifiedDate":"2025-08-20T23:49:03","isFullCredit":false},{"lineNumber":17,"author":{"gitId":"williamoose"},"content":"      throw new JobeException(\"OOPS!!!! I\u0027m Sorry, but I am not sure what you mean.\");","lastModifiedDate":"2025-08-20T23:56:12","isFullCredit":false},{"lineNumber":18,"author":{"gitId":"williamoose"},"content":"    }","lastModifiedDate":"2025-08-20T23:49:03","isFullCredit":false},{"lineNumber":19,"author":{"gitId":"williamoose"},"content":"  }","lastModifiedDate":"2025-08-20T23:49:03","isFullCredit":false},{"lineNumber":20,"author":{"gitId":"williamoose"},"content":"}","lastModifiedDate":"2025-08-20T23:49:03","isFullCredit":false}],"authorContributionMap":{"williamoose":20}},{"path":"src/main/java/Jobe.java","fileType":"java","lines":[{"lineNumber":1,"author":{"gitId":"williamoose"},"content":"import parser.Parser;","lastModifiedDate":"2025-08-20T17:56:30","isFullCredit":false},{"lineNumber":2,"author":{"gitId":"williamoose"},"content":"import task.*;","lastModifiedDate":"2025-08-20T17:56:30","isFullCredit":false},{"lineNumber":3,"author":{"gitId":"williamoose"},"content":"import ui.Ui;","lastModifiedDate":"2025-08-20T20:45:41","isFullCredit":false},{"lineNumber":4,"author":{"gitId":"williamoose"},"content":"import exception.*;","lastModifiedDate":"2025-08-20T20:45:41","isFullCredit":false},{"lineNumber":5,"author":{"gitId":"williamoose"},"content":"","lastModifiedDate":"2025-08-20T17:44:53","isFullCredit":false},{"lineNumber":6,"author":{"gitId":"williamoose"},"content":"public class Jobe {","lastModifiedDate":"2025-08-20T14:53:05","isFullCredit":false},{"lineNumber":7,"author":{"gitId":"williamoose"},"content":"  private TaskList taskList;","lastModifiedDate":"2025-08-20T16:32:53","isFullCredit":false},{"lineNumber":8,"author":{"gitId":"williamoose"},"content":"  private boolean isExit \u003d false;","lastModifiedDate":"2025-08-20T16:32:53","isFullCredit":false},{"lineNumber":9,"author":{"gitId":"williamoose"},"content":"  ","lastModifiedDate":"2025-08-20T15:42:25","isFullCredit":false},{"lineNumber":10,"author":{"gitId":"williamoose"},"content":"  public Jobe() {","lastModifiedDate":"2025-08-20T15:42:25","isFullCredit":false},{"lineNumber":11,"author":{"gitId":"williamoose"},"content":"    this.taskList \u003d new TaskList();","lastModifiedDate":"2025-08-20T16:32:53","isFullCredit":false},{"lineNumber":12,"author":{"gitId":"williamoose"},"content":"  }","lastModifiedDate":"2025-08-20T15:42:25","isFullCredit":false},{"lineNumber":13,"author":{"gitId":"williamoose"},"content":"  ","lastModifiedDate":"2025-08-20T15:14:20","isFullCredit":false},{"lineNumber":14,"author":{"gitId":"williamoose"},"content":"  public void run() {","lastModifiedDate":"2025-08-20T15:14:20","isFullCredit":false},{"lineNumber":15,"author":{"gitId":"williamoose"},"content":"    Ui.sayHello();","lastModifiedDate":"2025-08-20T20:45:41","isFullCredit":false},{"lineNumber":16,"author":{"gitId":"williamoose"},"content":"    ","lastModifiedDate":"2025-08-20T15:42:25","isFullCredit":false},{"lineNumber":17,"author":{"gitId":"williamoose"},"content":"    while (!this.isExit) {","lastModifiedDate":"2025-08-20T15:42:25","isFullCredit":false},{"lineNumber":18,"author":{"gitId":"williamoose"},"content":"      try {","lastModifiedDate":"2025-08-20T20:45:41","isFullCredit":false},{"lineNumber":19,"author":{"gitId":"williamoose"},"content":"        String input \u003d Ui.readMessage();","lastModifiedDate":"2025-08-20T20:45:41","isFullCredit":false},{"lineNumber":20,"author":{"gitId":"williamoose"},"content":"        ","lastModifiedDate":"2025-08-20T20:45:41","isFullCredit":false},{"lineNumber":21,"author":{"gitId":"williamoose"},"content":"        if (input.isBlank()) {","lastModifiedDate":"2025-08-20T20:45:41","isFullCredit":false},{"lineNumber":22,"author":{"gitId":"williamoose"},"content":"          throw new JobeException(\"OOPS!!!! You forgot to type something!\");","lastModifiedDate":"2025-08-20T20:45:41","isFullCredit":false},{"lineNumber":23,"author":{"gitId":"williamoose"},"content":"        }","lastModifiedDate":"2025-08-20T20:45:41","isFullCredit":false},{"lineNumber":24,"author":{"gitId":"williamoose"},"content":"        ","lastModifiedDate":"2025-08-20T20:45:41","isFullCredit":false},{"lineNumber":25,"author":{"gitId":"williamoose"},"content":"        String[] splitString \u003d input.split(\" \");","lastModifiedDate":"2025-08-20T16:32:53","isFullCredit":false},{"lineNumber":26,"author":{"gitId":"williamoose"},"content":"        Command command \u003d Command.stringToCommand(splitString[0]);","lastModifiedDate":"2025-08-20T23:49:03","isFullCredit":false},{"lineNumber":27,"author":{"gitId":"williamoose"},"content":"        ","lastModifiedDate":"2025-08-20T15:42:25","isFullCredit":false},{"lineNumber":28,"author":{"gitId":"williamoose"},"content":"        switch (command) {","lastModifiedDate":"2025-08-20T23:49:03","isFullCredit":false},{"lineNumber":29,"author":{"gitId":"williamoose"},"content":"          case BYE:","lastModifiedDate":"2025-08-20T23:49:03","isFullCredit":false},{"lineNumber":30,"author":{"gitId":"williamoose"},"content":"            Ui.sayBye();","lastModifiedDate":"2025-08-20T20:45:41","isFullCredit":false},{"lineNumber":31,"author":{"gitId":"williamoose"},"content":"            this.isExit \u003d true;","lastModifiedDate":"2025-08-20T15:42:25","isFullCredit":false},{"lineNumber":32,"author":{"gitId":"williamoose"},"content":"            break;","lastModifiedDate":"2025-08-20T15:42:25","isFullCredit":false},{"lineNumber":33,"author":{"gitId":"williamoose"},"content":"          ","lastModifiedDate":"2025-08-20T16:32:53","isFullCredit":false},{"lineNumber":34,"author":{"gitId":"williamoose"},"content":"          case LIST:","lastModifiedDate":"2025-08-20T23:49:03","isFullCredit":false},{"lineNumber":35,"author":{"gitId":"williamoose"},"content":"            try {","lastModifiedDate":"2025-08-20T20:45:41","isFullCredit":false},{"lineNumber":36,"author":{"gitId":"williamoose"},"content":"              if (this.taskList.size() \u003c\u003d 0) {","lastModifiedDate":"2025-08-20T20:45:41","isFullCredit":false},{"lineNumber":37,"author":{"gitId":"williamoose"},"content":"                throw new JobeException(\"OOPS!!!! You have nothing in your list!\");","lastModifiedDate":"2025-08-20T20:45:41","isFullCredit":false},{"lineNumber":38,"author":{"gitId":"williamoose"},"content":"              }","lastModifiedDate":"2025-08-20T20:45:41","isFullCredit":false},{"lineNumber":39,"author":{"gitId":"williamoose"},"content":"              ","lastModifiedDate":"2025-08-20T20:45:41","isFullCredit":false},{"lineNumber":40,"author":{"gitId":"williamoose"},"content":"              System.out.println(this.taskList.toString());","lastModifiedDate":"2025-08-20T16:32:53","isFullCredit":false},{"lineNumber":41,"author":{"gitId":"williamoose"},"content":"            } catch (JobeException e) {","lastModifiedDate":"2025-08-20T20:45:41","isFullCredit":false},{"lineNumber":42,"author":{"gitId":"williamoose"},"content":"              System.out.println(e.getMessage());","lastModifiedDate":"2025-08-20T20:45:41","isFullCredit":false},{"lineNumber":43,"author":{"gitId":"williamoose"},"content":"            }","lastModifiedDate":"2025-08-20T20:45:41","isFullCredit":false},{"lineNumber":44,"author":{"gitId":"williamoose"},"content":"            break;","lastModifiedDate":"2025-08-20T15:42:25","isFullCredit":false},{"lineNumber":45,"author":{"gitId":"williamoose"},"content":"          ","lastModifiedDate":"2025-08-20T16:32:53","isFullCredit":false},{"lineNumber":46,"author":{"gitId":"williamoose"},"content":"          case MARK: {","lastModifiedDate":"2025-08-20T23:49:03","isFullCredit":false},{"lineNumber":47,"author":{"gitId":"williamoose"},"content":"            try {","lastModifiedDate":"2025-08-20T20:45:41","isFullCredit":false},{"lineNumber":48,"author":{"gitId":"williamoose"},"content":"              int index \u003d Integer.parseInt(splitString[1]) - 1;","lastModifiedDate":"2025-08-20T16:32:53","isFullCredit":false},{"lineNumber":49,"author":{"gitId":"williamoose"},"content":"              ","lastModifiedDate":"2025-08-20T20:45:41","isFullCredit":false},{"lineNumber":50,"author":{"gitId":"williamoose"},"content":"              if (index \u003e this.taskList.size()) {","lastModifiedDate":"2025-08-20T20:45:41","isFullCredit":false},{"lineNumber":51,"author":{"gitId":"williamoose"},"content":"                throw new JobeException(","lastModifiedDate":"2025-08-20T23:21:40","isFullCredit":false},{"lineNumber":52,"author":{"gitId":"williamoose"},"content":"                  \"OOPS!!!! You are trying to mark a task which does not exist!\"","lastModifiedDate":"2025-08-20T23:21:40","isFullCredit":false},{"lineNumber":53,"author":{"gitId":"williamoose"},"content":"                );","lastModifiedDate":"2025-08-20T23:21:40","isFullCredit":false},{"lineNumber":54,"author":{"gitId":"williamoose"},"content":"              }","lastModifiedDate":"2025-08-20T20:45:41","isFullCredit":false},{"lineNumber":55,"author":{"gitId":"williamoose"},"content":"              ","lastModifiedDate":"2025-08-20T20:45:41","isFullCredit":false},{"lineNumber":56,"author":{"gitId":"williamoose"},"content":"              this.taskList.getTask(index).setDone();","lastModifiedDate":"2025-08-20T23:21:40","isFullCredit":false},{"lineNumber":57,"author":{"gitId":"williamoose"},"content":"              System.out.println(\"Nice! I\u0027ve marked this task as done:\");","lastModifiedDate":"2025-08-20T16:32:53","isFullCredit":false},{"lineNumber":58,"author":{"gitId":"williamoose"},"content":"              System.out.println(taskList.getTask(index));","lastModifiedDate":"2025-08-20T16:32:53","isFullCredit":false},{"lineNumber":59,"author":{"gitId":"williamoose"},"content":"            } catch (JobeException e) {","lastModifiedDate":"2025-08-20T20:45:41","isFullCredit":false},{"lineNumber":60,"author":{"gitId":"williamoose"},"content":"              System.out.println(e.getMessage());","lastModifiedDate":"2025-08-20T20:45:41","isFullCredit":false},{"lineNumber":61,"author":{"gitId":"williamoose"},"content":"            } catch (NumberFormatException e) {","lastModifiedDate":"2025-08-20T23:30:15","isFullCredit":false},{"lineNumber":62,"author":{"gitId":"williamoose"},"content":"              throw new JobeException(\"OOPS!!!! The index must be a number!\");","lastModifiedDate":"2025-08-20T23:30:15","isFullCredit":false},{"lineNumber":63,"author":{"gitId":"williamoose"},"content":"            }","lastModifiedDate":"2025-08-20T20:45:41","isFullCredit":false},{"lineNumber":64,"author":{"gitId":"williamoose"},"content":"            break;","lastModifiedDate":"2025-08-20T15:42:25","isFullCredit":false},{"lineNumber":65,"author":{"gitId":"williamoose"},"content":"          }","lastModifiedDate":"2025-08-20T15:42:25","isFullCredit":false},{"lineNumber":66,"author":{"gitId":"williamoose"},"content":"          ","lastModifiedDate":"2025-08-20T16:32:53","isFullCredit":false},{"lineNumber":67,"author":{"gitId":"williamoose"},"content":"          case UNMARK: {","lastModifiedDate":"2025-08-20T23:49:03","isFullCredit":false},{"lineNumber":68,"author":{"gitId":"williamoose"},"content":"            try {","lastModifiedDate":"2025-08-20T20:45:41","isFullCredit":false},{"lineNumber":69,"author":{"gitId":"williamoose"},"content":"              int index \u003d Integer.parseInt(splitString[1]) - 1;","lastModifiedDate":"2025-08-20T16:32:53","isFullCredit":false},{"lineNumber":70,"author":{"gitId":"williamoose"},"content":"              ","lastModifiedDate":"2025-08-20T20:45:41","isFullCredit":false},{"lineNumber":71,"author":{"gitId":"williamoose"},"content":"              if (index \u003e this.taskList.size()) {","lastModifiedDate":"2025-08-20T20:45:41","isFullCredit":false},{"lineNumber":72,"author":{"gitId":"williamoose"},"content":"                throw new JobeException(","lastModifiedDate":"2025-08-20T23:21:40","isFullCredit":false},{"lineNumber":73,"author":{"gitId":"williamoose"},"content":"                  \"OOPS!!!! You are trying to unmark a task which does not exist!\"","lastModifiedDate":"2025-08-20T23:21:40","isFullCredit":false},{"lineNumber":74,"author":{"gitId":"williamoose"},"content":"                );","lastModifiedDate":"2025-08-20T23:21:40","isFullCredit":false},{"lineNumber":75,"author":{"gitId":"williamoose"},"content":"              }","lastModifiedDate":"2025-08-20T20:45:41","isFullCredit":false},{"lineNumber":76,"author":{"gitId":"williamoose"},"content":"              ","lastModifiedDate":"2025-08-20T20:45:41","isFullCredit":false},{"lineNumber":77,"author":{"gitId":"williamoose"},"content":"              this.taskList.getTask(index).setUndone();","lastModifiedDate":"2025-08-20T23:21:40","isFullCredit":false},{"lineNumber":78,"author":{"gitId":"williamoose"},"content":"              System.out.println(\"OK, I\u0027ve marked this task as not done yet:\");","lastModifiedDate":"2025-08-20T16:32:53","isFullCredit":false},{"lineNumber":79,"author":{"gitId":"williamoose"},"content":"              System.out.println(taskList.getTask(index));","lastModifiedDate":"2025-08-20T16:32:53","isFullCredit":false},{"lineNumber":80,"author":{"gitId":"williamoose"},"content":"            } catch (JobeException e) {","lastModifiedDate":"2025-08-20T20:45:41","isFullCredit":false},{"lineNumber":81,"author":{"gitId":"williamoose"},"content":"              System.out.println(e.getMessage());","lastModifiedDate":"2025-08-20T20:45:41","isFullCredit":false},{"lineNumber":82,"author":{"gitId":"williamoose"},"content":"            } catch (NumberFormatException e) {","lastModifiedDate":"2025-08-20T23:30:15","isFullCredit":false},{"lineNumber":83,"author":{"gitId":"williamoose"},"content":"              throw new JobeException(\"OOPS!!!! The index must be a number!\");","lastModifiedDate":"2025-08-20T23:30:15","isFullCredit":false},{"lineNumber":84,"author":{"gitId":"williamoose"},"content":"            }","lastModifiedDate":"2025-08-20T20:45:41","isFullCredit":false},{"lineNumber":85,"author":{"gitId":"williamoose"},"content":"            break;","lastModifiedDate":"2025-08-20T16:32:53","isFullCredit":false},{"lineNumber":86,"author":{"gitId":"williamoose"},"content":"          }","lastModifiedDate":"2025-08-20T15:42:25","isFullCredit":false},{"lineNumber":87,"author":{"gitId":"williamoose"},"content":"          ","lastModifiedDate":"2025-08-20T15:42:25","isFullCredit":false},{"lineNumber":88,"author":{"gitId":"williamoose"},"content":"          case TODO: {","lastModifiedDate":"2025-08-20T23:49:03","isFullCredit":false},{"lineNumber":89,"author":{"gitId":"williamoose"},"content":"            try {","lastModifiedDate":"2025-08-20T20:45:41","isFullCredit":false},{"lineNumber":90,"author":{"gitId":"williamoose"},"content":"              String taskDescription \u003d Parser.removeCommandWord(splitString);","lastModifiedDate":"2025-08-20T17:44:53","isFullCredit":false},{"lineNumber":91,"author":{"gitId":"williamoose"},"content":"              ","lastModifiedDate":"2025-08-20T20:45:41","isFullCredit":false},{"lineNumber":92,"author":{"gitId":"williamoose"},"content":"              if (taskDescription.isBlank()) {","lastModifiedDate":"2025-08-20T20:45:41","isFullCredit":false},{"lineNumber":93,"author":{"gitId":"williamoose"},"content":"                throw new JobeException(\"OOPS!!!! The description of a todo cannot be empty!\");","lastModifiedDate":"2025-08-20T20:45:41","isFullCredit":false},{"lineNumber":94,"author":{"gitId":"williamoose"},"content":"              }","lastModifiedDate":"2025-08-20T20:45:41","isFullCredit":false},{"lineNumber":95,"author":{"gitId":"williamoose"},"content":"              ","lastModifiedDate":"2025-08-20T20:45:41","isFullCredit":false},{"lineNumber":96,"author":{"gitId":"williamoose"},"content":"              Task task \u003d new TodoTask(taskDescription);","lastModifiedDate":"2025-08-20T17:44:53","isFullCredit":false},{"lineNumber":97,"author":{"gitId":"williamoose"},"content":"              this.taskList.addTask(task);","lastModifiedDate":"2025-08-20T17:44:53","isFullCredit":false},{"lineNumber":98,"author":{"gitId":"williamoose"},"content":"              System.out.println(\"Got it. I\u0027ve added this task:\");","lastModifiedDate":"2025-08-20T17:44:53","isFullCredit":false},{"lineNumber":99,"author":{"gitId":"williamoose"},"content":"              System.out.println(task.toString());","lastModifiedDate":"2025-08-20T17:44:53","isFullCredit":false},{"lineNumber":100,"author":{"gitId":"williamoose"},"content":"              System.out.println(\"Now you have \" + this.taskList.size() + \" tasks in the list\");","lastModifiedDate":"2025-08-20T17:44:53","isFullCredit":false},{"lineNumber":101,"author":{"gitId":"williamoose"},"content":"            } catch (JobeException e) {","lastModifiedDate":"2025-08-20T20:45:41","isFullCredit":false},{"lineNumber":102,"author":{"gitId":"williamoose"},"content":"              System.out.println(e.getMessage());","lastModifiedDate":"2025-08-20T20:45:41","isFullCredit":false},{"lineNumber":103,"author":{"gitId":"williamoose"},"content":"            }","lastModifiedDate":"2025-08-20T20:45:41","isFullCredit":false},{"lineNumber":104,"author":{"gitId":"williamoose"},"content":"            break;","lastModifiedDate":"2025-08-20T17:44:53","isFullCredit":false},{"lineNumber":105,"author":{"gitId":"williamoose"},"content":"          }","lastModifiedDate":"2025-08-20T17:44:53","isFullCredit":false},{"lineNumber":106,"author":{"gitId":"williamoose"},"content":"          ","lastModifiedDate":"2025-08-20T17:44:53","isFullCredit":false},{"lineNumber":107,"author":{"gitId":"williamoose"},"content":"          case DEADLINE: {","lastModifiedDate":"2025-08-20T23:49:03","isFullCredit":false},{"lineNumber":108,"author":{"gitId":"williamoose"},"content":"            try {","lastModifiedDate":"2025-08-20T20:45:41","isFullCredit":false},{"lineNumber":109,"author":{"gitId":"williamoose"},"content":"              String[] splitStringBySlash \u003d Parser.removeCommandWord(splitString).split(\"/\");","lastModifiedDate":"2025-08-20T17:44:53","isFullCredit":false},{"lineNumber":110,"author":{"gitId":"williamoose"},"content":"              ","lastModifiedDate":"2025-08-20T20:45:41","isFullCredit":false},{"lineNumber":111,"author":{"gitId":"williamoose"},"content":"              if (splitStringBySlash[0].isBlank()) {","lastModifiedDate":"2025-08-20T20:45:41","isFullCredit":false},{"lineNumber":112,"author":{"gitId":"williamoose"},"content":"                throw new JobeException(","lastModifiedDate":"2025-08-20T23:21:40","isFullCredit":false},{"lineNumber":113,"author":{"gitId":"williamoose"},"content":"                  \"OOPS!!!! The description of a deadline task cannot be empty!\"","lastModifiedDate":"2025-08-20T23:21:40","isFullCredit":false},{"lineNumber":114,"author":{"gitId":"williamoose"},"content":"                );","lastModifiedDate":"2025-08-20T23:21:40","isFullCredit":false},{"lineNumber":115,"author":{"gitId":"williamoose"},"content":"              }","lastModifiedDate":"2025-08-20T20:45:41","isFullCredit":false},{"lineNumber":116,"author":{"gitId":"williamoose"},"content":"              ","lastModifiedDate":"2025-08-20T20:45:41","isFullCredit":false},{"lineNumber":117,"author":{"gitId":"williamoose"},"content":"              if (splitStringBySlash.length \u003c 2) {","lastModifiedDate":"2025-08-20T20:45:41","isFullCredit":false},{"lineNumber":118,"author":{"gitId":"williamoose"},"content":"                throw new JobeException(\"OOPS!!!! You forgot to specify the deadline!\");","lastModifiedDate":"2025-08-20T20:45:41","isFullCredit":false},{"lineNumber":119,"author":{"gitId":"williamoose"},"content":"              }","lastModifiedDate":"2025-08-20T20:45:41","isFullCredit":false},{"lineNumber":120,"author":{"gitId":"williamoose"},"content":"              ","lastModifiedDate":"2025-08-20T20:45:41","isFullCredit":false},{"lineNumber":121,"author":{"gitId":"williamoose"},"content":"              Task task \u003d new DeadlineTask(splitStringBySlash[0], splitStringBySlash[1]);","lastModifiedDate":"2025-08-20T17:44:53","isFullCredit":false},{"lineNumber":122,"author":{"gitId":"williamoose"},"content":"              this.taskList.addTask(task);","lastModifiedDate":"2025-08-20T17:44:53","isFullCredit":false},{"lineNumber":123,"author":{"gitId":"williamoose"},"content":"              System.out.println(\"Got it. I\u0027ve added this task:\");","lastModifiedDate":"2025-08-20T17:44:53","isFullCredit":false},{"lineNumber":124,"author":{"gitId":"williamoose"},"content":"              System.out.println(task.toString());","lastModifiedDate":"2025-08-20T17:44:53","isFullCredit":false},{"lineNumber":125,"author":{"gitId":"williamoose"},"content":"              System.out.println(\"Now you have \" + this.taskList.size() + \" tasks in the list\");","lastModifiedDate":"2025-08-20T17:44:53","isFullCredit":false},{"lineNumber":126,"author":{"gitId":"williamoose"},"content":"            } catch (JobeException e) {","lastModifiedDate":"2025-08-20T20:45:41","isFullCredit":false},{"lineNumber":127,"author":{"gitId":"williamoose"},"content":"              System.out.println(e.getMessage());","lastModifiedDate":"2025-08-20T20:45:41","isFullCredit":false},{"lineNumber":128,"author":{"gitId":"williamoose"},"content":"            }","lastModifiedDate":"2025-08-20T20:45:41","isFullCredit":false},{"lineNumber":129,"author":{"gitId":"williamoose"},"content":"            break;","lastModifiedDate":"2025-08-20T17:44:53","isFullCredit":false},{"lineNumber":130,"author":{"gitId":"williamoose"},"content":"          }","lastModifiedDate":"2025-08-20T17:44:53","isFullCredit":false},{"lineNumber":131,"author":{"gitId":"williamoose"},"content":"          ","lastModifiedDate":"2025-08-20T17:44:53","isFullCredit":false},{"lineNumber":132,"author":{"gitId":"williamoose"},"content":"          case EVENT: {","lastModifiedDate":"2025-08-20T23:49:03","isFullCredit":false},{"lineNumber":133,"author":{"gitId":"williamoose"},"content":"            String[] splitStringBySlash \u003d Parser.removeCommandWord(splitString).split(\"/\");","lastModifiedDate":"2025-08-20T17:44:53","isFullCredit":false},{"lineNumber":134,"author":{"gitId":"williamoose"},"content":"            ","lastModifiedDate":"2025-08-20T20:45:41","isFullCredit":false},{"lineNumber":135,"author":{"gitId":"williamoose"},"content":"            if (splitStringBySlash[0].isBlank()) {","lastModifiedDate":"2025-08-20T20:45:41","isFullCredit":false},{"lineNumber":136,"author":{"gitId":"williamoose"},"content":"              throw new JobeException(","lastModifiedDate":"2025-08-20T23:21:40","isFullCredit":false},{"lineNumber":137,"author":{"gitId":"williamoose"},"content":"                \"OOPS!!!! The description of an event task cannot be empty!\"","lastModifiedDate":"2025-08-20T23:21:40","isFullCredit":false},{"lineNumber":138,"author":{"gitId":"williamoose"},"content":"              );","lastModifiedDate":"2025-08-20T23:21:40","isFullCredit":false},{"lineNumber":139,"author":{"gitId":"williamoose"},"content":"            }","lastModifiedDate":"2025-08-20T20:45:41","isFullCredit":false},{"lineNumber":140,"author":{"gitId":"williamoose"},"content":"            ","lastModifiedDate":"2025-08-20T20:45:41","isFullCredit":false},{"lineNumber":141,"author":{"gitId":"williamoose"},"content":"            if (splitStringBySlash.length \u003c 2) {","lastModifiedDate":"2025-08-20T20:45:41","isFullCredit":false},{"lineNumber":142,"author":{"gitId":"williamoose"},"content":"              throw new JobeException(\"OOPS!!!! You forgot to specify the start date/time!\");","lastModifiedDate":"2025-08-20T20:45:41","isFullCredit":false},{"lineNumber":143,"author":{"gitId":"williamoose"},"content":"            }","lastModifiedDate":"2025-08-20T20:45:41","isFullCredit":false},{"lineNumber":144,"author":{"gitId":"williamoose"},"content":"            ","lastModifiedDate":"2025-08-20T20:45:41","isFullCredit":false},{"lineNumber":145,"author":{"gitId":"williamoose"},"content":"            if (splitStringBySlash.length \u003c 3) {","lastModifiedDate":"2025-08-20T20:45:41","isFullCredit":false},{"lineNumber":146,"author":{"gitId":"williamoose"},"content":"              throw new JobeException(\"OOPS!!!! You forgot to specify the end date/time!\");","lastModifiedDate":"2025-08-20T20:45:41","isFullCredit":false},{"lineNumber":147,"author":{"gitId":"williamoose"},"content":"            }","lastModifiedDate":"2025-08-20T20:45:41","isFullCredit":false},{"lineNumber":148,"author":{"gitId":"williamoose"},"content":"            ","lastModifiedDate":"2025-08-20T20:45:41","isFullCredit":false},{"lineNumber":149,"author":{"gitId":"williamoose"},"content":"            Task task \u003d new EventTask(","lastModifiedDate":"2025-08-20T17:44:53","isFullCredit":false},{"lineNumber":150,"author":{"gitId":"williamoose"},"content":"              splitStringBySlash[0],","lastModifiedDate":"2025-08-20T17:44:53","isFullCredit":false},{"lineNumber":151,"author":{"gitId":"williamoose"},"content":"              splitStringBySlash[1],","lastModifiedDate":"2025-08-20T17:44:53","isFullCredit":false},{"lineNumber":152,"author":{"gitId":"williamoose"},"content":"              splitStringBySlash[2]","lastModifiedDate":"2025-08-20T17:44:53","isFullCredit":false},{"lineNumber":153,"author":{"gitId":"williamoose"},"content":"            );","lastModifiedDate":"2025-08-20T17:44:53","isFullCredit":false},{"lineNumber":154,"author":{"gitId":"williamoose"},"content":"            this.taskList.addTask(task);","lastModifiedDate":"2025-08-20T17:44:53","isFullCredit":false},{"lineNumber":155,"author":{"gitId":"williamoose"},"content":"            System.out.println(\"Got it. I\u0027ve added this task:\");","lastModifiedDate":"2025-08-20T17:44:53","isFullCredit":false},{"lineNumber":156,"author":{"gitId":"williamoose"},"content":"            System.out.println(task.toString());","lastModifiedDate":"2025-08-20T17:44:53","isFullCredit":false},{"lineNumber":157,"author":{"gitId":"williamoose"},"content":"            System.out.println(\"Now you have \" + this.taskList.size() + \" tasks in the list\");","lastModifiedDate":"2025-08-20T17:44:53","isFullCredit":false},{"lineNumber":158,"author":{"gitId":"williamoose"},"content":"            break;","lastModifiedDate":"2025-08-20T17:44:53","isFullCredit":false},{"lineNumber":159,"author":{"gitId":"williamoose"},"content":"          }","lastModifiedDate":"2025-08-20T17:44:53","isFullCredit":false},{"lineNumber":160,"author":{"gitId":"williamoose"},"content":"          ","lastModifiedDate":"2025-08-20T17:44:53","isFullCredit":false},{"lineNumber":161,"author":{"gitId":"williamoose"},"content":"          case DELETE: {","lastModifiedDate":"2025-08-20T23:49:03","isFullCredit":false},{"lineNumber":162,"author":{"gitId":"williamoose"},"content":"            try {","lastModifiedDate":"2025-08-20T23:21:40","isFullCredit":false},{"lineNumber":163,"author":{"gitId":"williamoose"},"content":"              int index \u003d Integer.parseInt(splitString[1]) - 1;","lastModifiedDate":"2025-08-20T23:21:40","isFullCredit":false},{"lineNumber":164,"author":{"gitId":"williamoose"},"content":"              ","lastModifiedDate":"2025-08-20T23:21:40","isFullCredit":false},{"lineNumber":165,"author":{"gitId":"williamoose"},"content":"              if (index \u003e this.taskList.size()) {","lastModifiedDate":"2025-08-20T23:21:40","isFullCredit":false},{"lineNumber":166,"author":{"gitId":"williamoose"},"content":"                throw new JobeException(","lastModifiedDate":"2025-08-20T23:21:40","isFullCredit":false},{"lineNumber":167,"author":{"gitId":"williamoose"},"content":"                  \"OOPS!!!! You are trying to delete a task which does not exist!\"","lastModifiedDate":"2025-08-20T23:21:40","isFullCredit":false},{"lineNumber":168,"author":{"gitId":"williamoose"},"content":"                );","lastModifiedDate":"2025-08-20T23:21:40","isFullCredit":false},{"lineNumber":169,"author":{"gitId":"williamoose"},"content":"              }","lastModifiedDate":"2025-08-20T23:21:40","isFullCredit":false},{"lineNumber":170,"author":{"gitId":"williamoose"},"content":"              ","lastModifiedDate":"2025-08-20T23:21:40","isFullCredit":false},{"lineNumber":171,"author":{"gitId":"williamoose"},"content":"              Task task \u003d this.taskList.getTask(index);","lastModifiedDate":"2025-08-20T23:21:40","isFullCredit":false},{"lineNumber":172,"author":{"gitId":"williamoose"},"content":"              this.taskList.removeTask(index);","lastModifiedDate":"2025-08-20T23:21:40","isFullCredit":false},{"lineNumber":173,"author":{"gitId":"williamoose"},"content":"              System.out.println(\"Noted. I\u0027ve removed this task:\");","lastModifiedDate":"2025-08-20T23:21:40","isFullCredit":false},{"lineNumber":174,"author":{"gitId":"williamoose"},"content":"              System.out.println(task.toString());","lastModifiedDate":"2025-08-20T23:21:40","isFullCredit":false},{"lineNumber":175,"author":{"gitId":"williamoose"},"content":"              System.out.println(\"Now you have \" + this.taskList.size() + \" tasks in the list\");","lastModifiedDate":"2025-08-20T23:21:40","isFullCredit":false},{"lineNumber":176,"author":{"gitId":"williamoose"},"content":"            } catch (JobeException e) {","lastModifiedDate":"2025-08-20T23:21:40","isFullCredit":false},{"lineNumber":177,"author":{"gitId":"williamoose"},"content":"              System.out.println(e.getMessage());","lastModifiedDate":"2025-08-20T23:21:40","isFullCredit":false},{"lineNumber":178,"author":{"gitId":"williamoose"},"content":"            } catch (NumberFormatException e) {","lastModifiedDate":"2025-08-20T23:30:15","isFullCredit":false},{"lineNumber":179,"author":{"gitId":"williamoose"},"content":"              throw new JobeException(\"OOPS!!!! The index must be a number!\");","lastModifiedDate":"2025-08-20T23:30:15","isFullCredit":false},{"lineNumber":180,"author":{"gitId":"williamoose"},"content":"            }","lastModifiedDate":"2025-08-20T23:21:40","isFullCredit":false},{"lineNumber":181,"author":{"gitId":"williamoose"},"content":"            break;","lastModifiedDate":"2025-08-20T23:21:40","isFullCredit":false},{"lineNumber":182,"author":{"gitId":"williamoose"},"content":"          }","lastModifiedDate":"2025-08-20T23:21:40","isFullCredit":false},{"lineNumber":183,"author":{"gitId":"williamoose"},"content":"          ","lastModifiedDate":"2025-08-20T23:21:40","isFullCredit":false},{"lineNumber":184,"author":{"gitId":"williamoose"},"content":"          default:","lastModifiedDate":"2025-08-20T16:32:53","isFullCredit":false},{"lineNumber":185,"author":{"gitId":"williamoose"},"content":"            throw new JobeException(","lastModifiedDate":"2025-08-20T23:21:40","isFullCredit":false},{"lineNumber":186,"author":{"gitId":"williamoose"},"content":"              \"OOPS!!!! I\u0027m Sorry, but I am not sure what you mean.\"","lastModifiedDate":"2025-08-20T23:21:40","isFullCredit":false},{"lineNumber":187,"author":{"gitId":"williamoose"},"content":"            );","lastModifiedDate":"2025-08-20T23:21:40","isFullCredit":false},{"lineNumber":188,"author":{"gitId":"williamoose"},"content":"        }","lastModifiedDate":"2025-08-20T20:45:41","isFullCredit":false},{"lineNumber":189,"author":{"gitId":"williamoose"},"content":"      } catch (JobeException e) {","lastModifiedDate":"2025-08-20T20:45:41","isFullCredit":false},{"lineNumber":190,"author":{"gitId":"williamoose"},"content":"        System.out.println(e.getMessage());","lastModifiedDate":"2025-08-20T20:45:41","isFullCredit":false},{"lineNumber":191,"author":{"gitId":"williamoose"},"content":"      } catch (Exception e) {","lastModifiedDate":"2025-08-20T23:21:40","isFullCredit":false},{"lineNumber":192,"author":{"gitId":"williamoose"},"content":"        System.out.println(\"Something went wrong... Try again later!\");","lastModifiedDate":"2025-08-20T23:21:40","isFullCredit":false},{"lineNumber":193,"author":{"gitId":"williamoose"},"content":"      }","lastModifiedDate":"2025-08-20T16:32:53","isFullCredit":false},{"lineNumber":194,"author":{"gitId":"williamoose"},"content":"    }","lastModifiedDate":"2025-08-20T15:42:25","isFullCredit":false},{"lineNumber":195,"author":{"gitId":"williamoose"},"content":"  }","lastModifiedDate":"2025-08-20T14:53:05","isFullCredit":false},{"lineNumber":196,"author":{"gitId":"williamoose"},"content":"  ","lastModifiedDate":"2025-08-20T15:14:20","isFullCredit":false},{"lineNumber":197,"author":{"gitId":"williamoose"},"content":"  public static void main(String[] args) {","lastModifiedDate":"2025-08-20T15:14:20","isFullCredit":false},{"lineNumber":198,"author":{"gitId":"williamoose"},"content":"    Jobe jobe \u003d new Jobe();","lastModifiedDate":"2025-08-20T15:14:20","isFullCredit":false},{"lineNumber":199,"author":{"gitId":"williamoose"},"content":"    jobe.run();","lastModifiedDate":"2025-08-20T15:14:20","isFullCredit":false},{"lineNumber":200,"author":{"gitId":"williamoose"},"content":"  }","lastModifiedDate":"2025-08-20T15:14:20","isFullCredit":false},{"lineNumber":201,"author":{"gitId":"williamoose"},"content":"}","lastModifiedDate":"2025-08-20T14:53:05","isFullCredit":false}],"authorContributionMap":{"williamoose":201}},{"path":"src/main/java/exception/JobeException.java","fileType":"java","lines":[{"lineNumber":1,"author":{"gitId":"williamoose"},"content":"package exception;","lastModifiedDate":"2025-08-20T20:45:41","isFullCredit":false},{"lineNumber":2,"author":{"gitId":"williamoose"},"content":"","lastModifiedDate":"2025-08-20T20:45:41","isFullCredit":false},{"lineNumber":3,"author":{"gitId":"williamoose"},"content":"public class JobeException extends Exception {","lastModifiedDate":"2025-08-20T20:45:41","isFullCredit":false},{"lineNumber":4,"author":{"gitId":"williamoose"},"content":"  ","lastModifiedDate":"2025-08-20T20:45:41","isFullCredit":false},{"lineNumber":5,"author":{"gitId":"williamoose"},"content":"  public JobeException(String message) {","lastModifiedDate":"2025-08-20T20:45:41","isFullCredit":false},{"lineNumber":6,"author":{"gitId":"williamoose"},"content":"    super(message);","lastModifiedDate":"2025-08-20T20:45:41","isFullCredit":false},{"lineNumber":7,"author":{"gitId":"williamoose"},"content":"  }","lastModifiedDate":"2025-08-20T20:45:41","isFullCredit":false},{"lineNumber":8,"author":{"gitId":"williamoose"},"content":"  ","lastModifiedDate":"2025-08-20T20:45:41","isFullCredit":false},{"lineNumber":9,"author":{"gitId":"williamoose"},"content":"}","lastModifiedDate":"2025-08-20T20:45:41","isFullCredit":false}],"authorContributionMap":{"williamoose":9}},{"path":"src/main/java/parser/Parser.java","fileType":"java","lines":[{"lineNumber":1,"author":{"gitId":"williamoose"},"content":"package parser;","lastModifiedDate":"2025-08-20T17:56:30","isFullCredit":false},{"lineNumber":2,"author":{"gitId":"williamoose"},"content":"","lastModifiedDate":"2025-08-20T17:56:30","isFullCredit":false},{"lineNumber":3,"author":{"gitId":"williamoose"},"content":"import java.util.Arrays;","lastModifiedDate":"2025-08-20T17:44:53","isFullCredit":false},{"lineNumber":4,"author":{"gitId":"williamoose"},"content":"","lastModifiedDate":"2025-08-20T17:44:53","isFullCredit":false},{"lineNumber":5,"author":{"gitId":"williamoose"},"content":"public class Parser {","lastModifiedDate":"2025-08-20T17:44:53","isFullCredit":false},{"lineNumber":6,"author":{"gitId":"williamoose"},"content":"","lastModifiedDate":"2025-08-20T17:44:53","isFullCredit":false},{"lineNumber":7,"author":{"gitId":"williamoose"},"content":"  // Parse user\u0027s input and return the task description without the command","lastModifiedDate":"2025-08-20T17:44:53","isFullCredit":false},{"lineNumber":8,"author":{"gitId":"williamoose"},"content":"  public static String removeCommandWord(String[] input) {","lastModifiedDate":"2025-08-20T17:44:53","isFullCredit":false},{"lineNumber":9,"author":{"gitId":"williamoose"},"content":"    String[] parsedString \u003d Arrays.copyOfRange(input, 1, input.length);","lastModifiedDate":"2025-08-20T17:44:53","isFullCredit":false},{"lineNumber":10,"author":{"gitId":"williamoose"},"content":"    return String.join(\" \", parsedString);","lastModifiedDate":"2025-08-20T17:44:53","isFullCredit":false},{"lineNumber":11,"author":{"gitId":"williamoose"},"content":"  }","lastModifiedDate":"2025-08-20T17:44:53","isFullCredit":false},{"lineNumber":12,"author":{"gitId":"williamoose"},"content":"}","lastModifiedDate":"2025-08-20T17:44:53","isFullCredit":false}],"authorContributionMap":{"williamoose":12}},{"path":"src/main/java/task/DeadlineTask.java","fileType":"java","lines":[{"lineNumber":1,"author":{"gitId":"williamoose"},"content":"package task;","lastModifiedDate":"2025-08-20T17:56:30","isFullCredit":false},{"lineNumber":2,"author":{"gitId":"williamoose"},"content":"","lastModifiedDate":"2025-08-20T17:44:53","isFullCredit":false},{"lineNumber":3,"author":{"gitId":"williamoose"},"content":"import java.util.Arrays;","lastModifiedDate":"2025-08-20T23:49:03","isFullCredit":false},{"lineNumber":4,"author":{"gitId":"williamoose"},"content":"","lastModifiedDate":"2025-08-20T23:49:03","isFullCredit":false},{"lineNumber":5,"author":{"gitId":"williamoose"},"content":"public class DeadlineTask extends Task {","lastModifiedDate":"2025-08-20T17:44:53","isFullCredit":false},{"lineNumber":6,"author":{"gitId":"williamoose"},"content":"  ","lastModifiedDate":"2025-08-20T17:44:53","isFullCredit":false},{"lineNumber":7,"author":{"gitId":"williamoose"},"content":"  private String deadline;","lastModifiedDate":"2025-08-20T17:44:53","isFullCredit":false},{"lineNumber":8,"author":{"gitId":"williamoose"},"content":"  ","lastModifiedDate":"2025-08-20T17:44:53","isFullCredit":false},{"lineNumber":9,"author":{"gitId":"williamoose"},"content":"  public DeadlineTask(String taskDesc, String deadline) {","lastModifiedDate":"2025-08-20T17:44:53","isFullCredit":false},{"lineNumber":10,"author":{"gitId":"williamoose"},"content":"    super(taskDesc);","lastModifiedDate":"2025-08-20T17:44:53","isFullCredit":false},{"lineNumber":11,"author":{"gitId":"williamoose"},"content":"    this.deadline \u003d deadline;","lastModifiedDate":"2025-08-20T17:44:53","isFullCredit":false},{"lineNumber":12,"author":{"gitId":"williamoose"},"content":"  }","lastModifiedDate":"2025-08-20T17:44:53","isFullCredit":false},{"lineNumber":13,"author":{"gitId":"williamoose"},"content":"  ","lastModifiedDate":"2025-08-20T17:44:53","isFullCredit":false},{"lineNumber":14,"author":{"gitId":"williamoose"},"content":"  @Override","lastModifiedDate":"2025-08-20T17:44:53","isFullCredit":false},{"lineNumber":15,"author":{"gitId":"williamoose"},"content":"  public String toString() {","lastModifiedDate":"2025-08-20T17:44:53","isFullCredit":false},{"lineNumber":16,"author":{"gitId":"williamoose"},"content":"    String[] deadlineSplit \u003d this.deadline.split(\" \");","lastModifiedDate":"2025-08-20T23:49:03","isFullCredit":false},{"lineNumber":17,"author":{"gitId":"williamoose"},"content":"    String[] deadlineSliced \u003d Arrays.copyOfRange(deadlineSplit, 1, deadlineSplit.length);","lastModifiedDate":"2025-08-20T23:49:03","isFullCredit":false},{"lineNumber":18,"author":{"gitId":"williamoose"},"content":"    String deadline \u003d String.join(\" \", deadlineSliced);","lastModifiedDate":"2025-08-20T23:49:03","isFullCredit":false},{"lineNumber":19,"author":{"gitId":"williamoose"},"content":"    return \"  [D]\" + super.toString() + \"(by: \" + deadline + \")\";","lastModifiedDate":"2025-08-20T17:44:53","isFullCredit":false},{"lineNumber":20,"author":{"gitId":"williamoose"},"content":"  }","lastModifiedDate":"2025-08-20T17:44:53","isFullCredit":false},{"lineNumber":21,"author":{"gitId":"williamoose"},"content":"}","lastModifiedDate":"2025-08-20T17:44:53","isFullCredit":false}],"authorContributionMap":{"williamoose":21}},{"path":"src/main/java/task/EventTask.java","fileType":"java","lines":[{"lineNumber":1,"author":{"gitId":"williamoose"},"content":"package task;","lastModifiedDate":"2025-08-20T17:56:30","isFullCredit":false},{"lineNumber":2,"author":{"gitId":"williamoose"},"content":"","lastModifiedDate":"2025-08-20T17:56:30","isFullCredit":false},{"lineNumber":3,"author":{"gitId":"williamoose"},"content":"import parser.Parser;","lastModifiedDate":"2025-08-20T17:56:30","isFullCredit":false},{"lineNumber":4,"author":{"gitId":"williamoose"},"content":"","lastModifiedDate":"2025-08-20T17:44:53","isFullCredit":false},{"lineNumber":5,"author":{"gitId":"williamoose"},"content":"public class EventTask extends Task {","lastModifiedDate":"2025-08-20T17:44:53","isFullCredit":false},{"lineNumber":6,"author":{"gitId":"williamoose"},"content":"  ","lastModifiedDate":"2025-08-20T17:44:53","isFullCredit":false},{"lineNumber":7,"author":{"gitId":"williamoose"},"content":"  private String fromDate;","lastModifiedDate":"2025-08-20T17:44:53","isFullCredit":false},{"lineNumber":8,"author":{"gitId":"williamoose"},"content":"  private String toDate;","lastModifiedDate":"2025-08-20T17:44:53","isFullCredit":false},{"lineNumber":9,"author":{"gitId":"williamoose"},"content":"  ","lastModifiedDate":"2025-08-20T17:44:53","isFullCredit":false},{"lineNumber":10,"author":{"gitId":"williamoose"},"content":"  public EventTask(String taskDescription, String fromDate, String toDate) {","lastModifiedDate":"2025-08-20T17:44:53","isFullCredit":false},{"lineNumber":11,"author":{"gitId":"williamoose"},"content":"    super(taskDescription);","lastModifiedDate":"2025-08-20T17:44:53","isFullCredit":false},{"lineNumber":12,"author":{"gitId":"williamoose"},"content":"    this.fromDate \u003d fromDate;","lastModifiedDate":"2025-08-20T17:44:53","isFullCredit":false},{"lineNumber":13,"author":{"gitId":"williamoose"},"content":"    this.toDate \u003d toDate;","lastModifiedDate":"2025-08-20T17:44:53","isFullCredit":false},{"lineNumber":14,"author":{"gitId":"williamoose"},"content":"  }","lastModifiedDate":"2025-08-20T17:44:53","isFullCredit":false},{"lineNumber":15,"author":{"gitId":"williamoose"},"content":"  ","lastModifiedDate":"2025-08-20T17:44:53","isFullCredit":false},{"lineNumber":16,"author":{"gitId":"williamoose"},"content":"  public String toString() {","lastModifiedDate":"2025-08-20T17:44:53","isFullCredit":false},{"lineNumber":17,"author":{"gitId":"williamoose"},"content":"    String fromDate \u003d Parser.removeCommandWord(this.fromDate.split(\" \"));","lastModifiedDate":"2025-08-20T17:44:53","isFullCredit":false},{"lineNumber":18,"author":{"gitId":"williamoose"},"content":"    String toDate \u003d Parser.removeCommandWord(this.toDate.split(\" \"));","lastModifiedDate":"2025-08-20T17:44:53","isFullCredit":false},{"lineNumber":19,"author":{"gitId":"williamoose"},"content":"    return \"  [E]\" + super.toString() + \"(from: \" + fromDate + \" to: \" + toDate + \")\";","lastModifiedDate":"2025-08-20T17:44:53","isFullCredit":false},{"lineNumber":20,"author":{"gitId":"williamoose"},"content":"  }","lastModifiedDate":"2025-08-20T17:44:53","isFullCredit":false},{"lineNumber":21,"author":{"gitId":"williamoose"},"content":"}","lastModifiedDate":"2025-08-20T17:44:53","isFullCredit":false}],"authorContributionMap":{"williamoose":21}},{"path":"src/main/java/task/Task.java","fileType":"java","lines":[{"lineNumber":1,"author":{"gitId":"williamoose"},"content":"package task;","lastModifiedDate":"2025-08-20T17:56:30","isFullCredit":false},{"lineNumber":2,"author":{"gitId":"williamoose"},"content":"","lastModifiedDate":"2025-08-20T17:44:53","isFullCredit":false},{"lineNumber":3,"author":{"gitId":"williamoose"},"content":"public class Task {","lastModifiedDate":"2025-08-20T16:32:53","isFullCredit":false},{"lineNumber":4,"author":{"gitId":"williamoose"},"content":"  private boolean isDone;","lastModifiedDate":"2025-08-20T16:32:53","isFullCredit":false},{"lineNumber":5,"author":{"gitId":"williamoose"},"content":"  private String taskDescription;","lastModifiedDate":"2025-08-20T16:32:53","isFullCredit":false},{"lineNumber":6,"author":{"gitId":"williamoose"},"content":"  ","lastModifiedDate":"2025-08-20T16:32:53","isFullCredit":false},{"lineNumber":7,"author":{"gitId":"williamoose"},"content":"  public Task(String taskDescription) {","lastModifiedDate":"2025-08-20T16:32:53","isFullCredit":false},{"lineNumber":8,"author":{"gitId":"williamoose"},"content":"    this.isDone \u003d false;","lastModifiedDate":"2025-08-20T16:32:53","isFullCredit":false},{"lineNumber":9,"author":{"gitId":"williamoose"},"content":"    this.taskDescription \u003d taskDescription;","lastModifiedDate":"2025-08-20T16:32:53","isFullCredit":false},{"lineNumber":10,"author":{"gitId":"williamoose"},"content":"  }","lastModifiedDate":"2025-08-20T16:32:53","isFullCredit":false},{"lineNumber":11,"author":{"gitId":"williamoose"},"content":"  ","lastModifiedDate":"2025-08-20T16:32:53","isFullCredit":false},{"lineNumber":12,"author":{"gitId":"williamoose"},"content":"  public void setDone() {","lastModifiedDate":"2025-08-20T16:32:53","isFullCredit":false},{"lineNumber":13,"author":{"gitId":"williamoose"},"content":"    this.isDone \u003d true;","lastModifiedDate":"2025-08-20T16:32:53","isFullCredit":false},{"lineNumber":14,"author":{"gitId":"williamoose"},"content":"  }","lastModifiedDate":"2025-08-20T16:32:53","isFullCredit":false},{"lineNumber":15,"author":{"gitId":"williamoose"},"content":"  ","lastModifiedDate":"2025-08-20T16:32:53","isFullCredit":false},{"lineNumber":16,"author":{"gitId":"williamoose"},"content":"  public void setUndone() {","lastModifiedDate":"2025-08-20T16:32:53","isFullCredit":false},{"lineNumber":17,"author":{"gitId":"williamoose"},"content":"    this.isDone \u003d false;","lastModifiedDate":"2025-08-20T16:32:53","isFullCredit":false},{"lineNumber":18,"author":{"gitId":"williamoose"},"content":"  }","lastModifiedDate":"2025-08-20T16:32:53","isFullCredit":false},{"lineNumber":19,"author":{"gitId":"williamoose"},"content":"  ","lastModifiedDate":"2025-08-20T17:44:53","isFullCredit":false},{"lineNumber":20,"author":{"gitId":"williamoose"},"content":"  public String printStatus() {","lastModifiedDate":"2025-08-20T17:44:53","isFullCredit":false},{"lineNumber":21,"author":{"gitId":"williamoose"},"content":"    return isDone ? \"[X]\" : \"[ ]\";","lastModifiedDate":"2025-08-20T17:44:53","isFullCredit":false},{"lineNumber":22,"author":{"gitId":"williamoose"},"content":"  }","lastModifiedDate":"2025-08-20T17:44:53","isFullCredit":false},{"lineNumber":23,"author":{"gitId":"williamoose"},"content":"  ","lastModifiedDate":"2025-08-20T17:44:53","isFullCredit":false},{"lineNumber":24,"author":{"gitId":"williamoose"},"content":"  public String toString() {","lastModifiedDate":"2025-08-20T17:44:53","isFullCredit":false},{"lineNumber":25,"author":{"gitId":"williamoose"},"content":"    return printStatus() + \" \" + this.taskDescription;","lastModifiedDate":"2025-08-20T17:44:53","isFullCredit":false},{"lineNumber":26,"author":{"gitId":"williamoose"},"content":"  }","lastModifiedDate":"2025-08-20T17:44:53","isFullCredit":false},{"lineNumber":27,"author":{"gitId":"williamoose"},"content":"}","lastModifiedDate":"2025-08-20T16:32:53","isFullCredit":false}],"authorContributionMap":{"williamoose":27}},{"path":"src/main/java/task/TaskList.java","fileType":"java","lines":[{"lineNumber":1,"author":{"gitId":"williamoose"},"content":"package task;","lastModifiedDate":"2025-08-20T17:56:30","isFullCredit":false},{"lineNumber":2,"author":{"gitId":"williamoose"},"content":"","lastModifiedDate":"2025-08-20T17:44:53","isFullCredit":false},{"lineNumber":3,"author":{"gitId":"williamoose"},"content":"import java.util.ArrayList;","lastModifiedDate":"2025-08-20T16:32:53","isFullCredit":false},{"lineNumber":4,"author":{"gitId":"williamoose"},"content":"import java.util.List;","lastModifiedDate":"2025-08-20T16:32:53","isFullCredit":false},{"lineNumber":5,"author":{"gitId":"williamoose"},"content":"","lastModifiedDate":"2025-08-20T16:32:53","isFullCredit":false},{"lineNumber":6,"author":{"gitId":"williamoose"},"content":"public class TaskList {","lastModifiedDate":"2025-08-20T16:32:53","isFullCredit":false},{"lineNumber":7,"author":{"gitId":"williamoose"},"content":"  ","lastModifiedDate":"2025-08-20T16:32:53","isFullCredit":false},{"lineNumber":8,"author":{"gitId":"williamoose"},"content":"  private List\u003cTask\u003e listOfTasks;","lastModifiedDate":"2025-08-20T16:32:53","isFullCredit":false},{"lineNumber":9,"author":{"gitId":"williamoose"},"content":"  private int numOfTasks;","lastModifiedDate":"2025-08-20T17:44:53","isFullCredit":false},{"lineNumber":10,"author":{"gitId":"williamoose"},"content":"  ","lastModifiedDate":"2025-08-20T16:32:53","isFullCredit":false},{"lineNumber":11,"author":{"gitId":"williamoose"},"content":"  public TaskList() {","lastModifiedDate":"2025-08-20T16:32:53","isFullCredit":false},{"lineNumber":12,"author":{"gitId":"williamoose"},"content":"    this.listOfTasks \u003d new ArrayList\u003c\u003e();","lastModifiedDate":"2025-08-20T16:32:53","isFullCredit":false},{"lineNumber":13,"author":{"gitId":"williamoose"},"content":"  }","lastModifiedDate":"2025-08-20T16:32:53","isFullCredit":false},{"lineNumber":14,"author":{"gitId":"williamoose"},"content":"  ","lastModifiedDate":"2025-08-20T16:32:53","isFullCredit":false},{"lineNumber":15,"author":{"gitId":"williamoose"},"content":"  public void addTask(Task task) {","lastModifiedDate":"2025-08-20T16:32:53","isFullCredit":false},{"lineNumber":16,"author":{"gitId":"williamoose"},"content":"    this.listOfTasks.add(task);","lastModifiedDate":"2025-08-20T16:32:53","isFullCredit":false},{"lineNumber":17,"author":{"gitId":"williamoose"},"content":"    this.numOfTasks++;","lastModifiedDate":"2025-08-20T17:44:53","isFullCredit":false},{"lineNumber":18,"author":{"gitId":"williamoose"},"content":"  }","lastModifiedDate":"2025-08-20T16:32:53","isFullCredit":false},{"lineNumber":19,"author":{"gitId":"williamoose"},"content":"  ","lastModifiedDate":"2025-08-20T16:32:53","isFullCredit":false},{"lineNumber":20,"author":{"gitId":"williamoose"},"content":"  public Task getTask(int index) {","lastModifiedDate":"2025-08-20T16:32:53","isFullCredit":false},{"lineNumber":21,"author":{"gitId":"williamoose"},"content":"    return this.listOfTasks.get(index);","lastModifiedDate":"2025-08-20T16:32:53","isFullCredit":false},{"lineNumber":22,"author":{"gitId":"williamoose"},"content":"  }","lastModifiedDate":"2025-08-20T16:32:53","isFullCredit":false},{"lineNumber":23,"author":{"gitId":"williamoose"},"content":"  ","lastModifiedDate":"2025-08-20T16:32:53","isFullCredit":false},{"lineNumber":24,"author":{"gitId":"williamoose"},"content":"  public void removeTask(int index) {","lastModifiedDate":"2025-08-20T23:21:40","isFullCredit":false},{"lineNumber":25,"author":{"gitId":"williamoose"},"content":"    this.listOfTasks.remove(index);","lastModifiedDate":"2025-08-20T23:21:40","isFullCredit":false},{"lineNumber":26,"author":{"gitId":"williamoose"},"content":"    this.numOfTasks--;","lastModifiedDate":"2025-08-20T23:21:40","isFullCredit":false},{"lineNumber":27,"author":{"gitId":"williamoose"},"content":"  }","lastModifiedDate":"2025-08-20T23:21:40","isFullCredit":false},{"lineNumber":28,"author":{"gitId":"williamoose"},"content":"  ","lastModifiedDate":"2025-08-20T23:21:40","isFullCredit":false},{"lineNumber":29,"author":{"gitId":"williamoose"},"content":"  public String toString() {","lastModifiedDate":"2025-08-20T16:32:53","isFullCredit":false},{"lineNumber":30,"author":{"gitId":"williamoose"},"content":"    StringBuilder str \u003d new StringBuilder(\"Here are the tasks in your list:\\n\");","lastModifiedDate":"2025-08-20T17:44:53","isFullCredit":false},{"lineNumber":31,"author":{"gitId":"williamoose"},"content":"    int count \u003d 1;","lastModifiedDate":"2025-08-20T16:32:53","isFullCredit":false},{"lineNumber":32,"author":{"gitId":"williamoose"},"content":"    for (Task task : listOfTasks) {","lastModifiedDate":"2025-08-20T16:32:53","isFullCredit":false},{"lineNumber":33,"author":{"gitId":"williamoose"},"content":"      str.append(count).append(\". \").append(task).append(\"\\n\");","lastModifiedDate":"2025-08-20T16:32:53","isFullCredit":false},{"lineNumber":34,"author":{"gitId":"williamoose"},"content":"      count++;","lastModifiedDate":"2025-08-20T16:32:53","isFullCredit":false},{"lineNumber":35,"author":{"gitId":"williamoose"},"content":"    }","lastModifiedDate":"2025-08-20T16:32:53","isFullCredit":false},{"lineNumber":36,"author":{"gitId":"williamoose"},"content":"    ","lastModifiedDate":"2025-08-20T16:32:53","isFullCredit":false},{"lineNumber":37,"author":{"gitId":"williamoose"},"content":"    return str.toString();","lastModifiedDate":"2025-08-20T16:32:53","isFullCredit":false},{"lineNumber":38,"author":{"gitId":"williamoose"},"content":"  }","lastModifiedDate":"2025-08-20T16:32:53","isFullCredit":false},{"lineNumber":39,"author":{"gitId":"williamoose"},"content":"  ","lastModifiedDate":"2025-08-20T17:44:53","isFullCredit":false},{"lineNumber":40,"author":{"gitId":"williamoose"},"content":"  public int size() {","lastModifiedDate":"2025-08-20T17:44:53","isFullCredit":false},{"lineNumber":41,"author":{"gitId":"williamoose"},"content":"    return this.numOfTasks;","lastModifiedDate":"2025-08-20T17:44:53","isFullCredit":false},{"lineNumber":42,"author":{"gitId":"williamoose"},"content":"  }","lastModifiedDate":"2025-08-20T17:44:53","isFullCredit":false},{"lineNumber":43,"author":{"gitId":"williamoose"},"content":"}","lastModifiedDate":"2025-08-20T16:32:53","isFullCredit":false}],"authorContributionMap":{"williamoose":43}},{"path":"src/main/java/task/TodoTask.java","fileType":"java","lines":[{"lineNumber":1,"author":{"gitId":"williamoose"},"content":"package task;","lastModifiedDate":"2025-08-20T17:56:30","isFullCredit":false},{"lineNumber":2,"author":{"gitId":"williamoose"},"content":"","lastModifiedDate":"2025-08-20T17:44:53","isFullCredit":false},{"lineNumber":3,"author":{"gitId":"williamoose"},"content":"public class TodoTask extends Task {","lastModifiedDate":"2025-08-20T17:44:53","isFullCredit":false},{"lineNumber":4,"author":{"gitId":"williamoose"},"content":"","lastModifiedDate":"2025-08-20T17:44:53","isFullCredit":false},{"lineNumber":5,"author":{"gitId":"williamoose"},"content":"  public TodoTask(String taskDescription) {","lastModifiedDate":"2025-08-20T17:44:53","isFullCredit":false},{"lineNumber":6,"author":{"gitId":"williamoose"},"content":"    super(taskDescription);","lastModifiedDate":"2025-08-20T17:44:53","isFullCredit":false},{"lineNumber":7,"author":{"gitId":"williamoose"},"content":"  }","lastModifiedDate":"2025-08-20T17:44:53","isFullCredit":false},{"lineNumber":8,"author":{"gitId":"williamoose"},"content":"  ","lastModifiedDate":"2025-08-20T17:44:53","isFullCredit":false},{"lineNumber":9,"author":{"gitId":"williamoose"},"content":"  @Override","lastModifiedDate":"2025-08-20T17:44:53","isFullCredit":false},{"lineNumber":10,"author":{"gitId":"williamoose"},"content":"  public String toString() {","lastModifiedDate":"2025-08-20T17:44:53","isFullCredit":false},{"lineNumber":11,"author":{"gitId":"williamoose"},"content":"    return \"  [T]\" + super.toString();","lastModifiedDate":"2025-08-20T17:44:53","isFullCredit":false},{"lineNumber":12,"author":{"gitId":"williamoose"},"content":"  }","lastModifiedDate":"2025-08-20T17:44:53","isFullCredit":false},{"lineNumber":13,"author":{"gitId":"williamoose"},"content":"}","lastModifiedDate":"2025-08-20T17:44:53","isFullCredit":false}],"authorContributionMap":{"williamoose":13}},{"path":"src/main/java/ui/Ui.java","fileType":"java","lines":[{"lineNumber":1,"author":{"gitId":"williamoose"},"content":"package ui;","lastModifiedDate":"2025-08-20T20:45:41","isFullCredit":false},{"lineNumber":2,"author":{"gitId":"williamoose"},"content":"","lastModifiedDate":"2025-08-20T20:45:41","isFullCredit":false},{"lineNumber":3,"author":{"gitId":"williamoose"},"content":"import java.util.Scanner;","lastModifiedDate":"2025-08-20T16:32:53","isFullCredit":false},{"lineNumber":4,"author":{"gitId":"williamoose"},"content":"","lastModifiedDate":"2025-08-20T16:32:53","isFullCredit":false},{"lineNumber":5,"author":{"gitId":"williamoose"},"content":"public class Ui {","lastModifiedDate":"2025-08-20T16:32:53","isFullCredit":false},{"lineNumber":6,"author":{"gitId":"williamoose"},"content":"  private static Scanner sc \u003d new Scanner(System.in);","lastModifiedDate":"2025-08-20T20:45:41","isFullCredit":false},{"lineNumber":7,"author":{"gitId":"williamoose"},"content":"  ","lastModifiedDate":"2025-08-20T16:32:53","isFullCredit":false},{"lineNumber":8,"author":{"gitId":"williamoose"},"content":"  public static void sayHello() {","lastModifiedDate":"2025-08-20T20:45:41","isFullCredit":false},{"lineNumber":9,"author":{"gitId":"williamoose"},"content":"    System.out.println(\"Hello! I\u0027m Jobe.\");","lastModifiedDate":"2025-08-20T16:32:53","isFullCredit":false},{"lineNumber":10,"author":{"gitId":"williamoose"},"content":"    System.out.println(\"What can I do for you?\");","lastModifiedDate":"2025-08-20T16:32:53","isFullCredit":false},{"lineNumber":11,"author":{"gitId":"williamoose"},"content":"  }","lastModifiedDate":"2025-08-20T16:32:53","isFullCredit":false},{"lineNumber":12,"author":{"gitId":"williamoose"},"content":"  ","lastModifiedDate":"2025-08-20T16:32:53","isFullCredit":false},{"lineNumber":13,"author":{"gitId":"williamoose"},"content":"  public static String readMessage() {","lastModifiedDate":"2025-08-20T20:45:41","isFullCredit":false},{"lineNumber":14,"author":{"gitId":"williamoose"},"content":"    return sc.nextLine();","lastModifiedDate":"2025-08-20T20:45:41","isFullCredit":false},{"lineNumber":15,"author":{"gitId":"williamoose"},"content":"  }","lastModifiedDate":"2025-08-20T16:32:53","isFullCredit":false},{"lineNumber":16,"author":{"gitId":"williamoose"},"content":"  ","lastModifiedDate":"2025-08-20T16:32:53","isFullCredit":false},{"lineNumber":17,"author":{"gitId":"williamoose"},"content":"  public static void sayBye() {","lastModifiedDate":"2025-08-20T20:45:41","isFullCredit":false},{"lineNumber":18,"author":{"gitId":"williamoose"},"content":"    System.out.println(\"Bye. Hope to see you again soon!\");","lastModifiedDate":"2025-08-20T16:32:53","isFullCredit":false},{"lineNumber":19,"author":{"gitId":"williamoose"},"content":"  }","lastModifiedDate":"2025-08-20T16:32:53","isFullCredit":false},{"lineNumber":20,"author":{"gitId":"williamoose"},"content":"}","lastModifiedDate":"2025-08-20T16:32:53","isFullCredit":false}],"authorContributionMap":{"williamoose":20}},{"path":"text-ui-test/input.txt","fileType":"txt","lines":[{"lineNumber":1,"author":{"gitId":"williamoose"},"content":"todo mark homework","lastModifiedDate":"2025-08-20T19:29:33","isFullCredit":false},{"lineNumber":2,"author":{"gitId":"williamoose"},"content":"deadline teach class /by Monday 12pm","lastModifiedDate":"2025-08-20T19:29:33","isFullCredit":false},{"lineNumber":3,"author":{"gitId":"williamoose"},"content":"event project meeting /from Monday 2pm /to 5pm","lastModifiedDate":"2025-08-20T19:29:33","isFullCredit":false},{"lineNumber":4,"author":{"gitId":"williamoose"},"content":"todo buy groceries","lastModifiedDate":"2025-08-20T19:29:33","isFullCredit":false},{"lineNumber":5,"author":{"gitId":"williamoose"},"content":"list","lastModifiedDate":"2025-08-20T19:29:33","isFullCredit":false},{"lineNumber":6,"author":{"gitId":"williamoose"},"content":"mark 2","lastModifiedDate":"2025-08-20T19:29:33","isFullCredit":false},{"lineNumber":7,"author":{"gitId":"williamoose"},"content":"mark 3","lastModifiedDate":"2025-08-20T19:29:33","isFullCredit":false},{"lineNumber":8,"author":{"gitId":"williamoose"},"content":"unmark 2","lastModifiedDate":"2025-08-20T19:29:33","isFullCredit":false},{"lineNumber":9,"author":{"gitId":"williamoose"},"content":"mark 4","lastModifiedDate":"2025-08-20T19:29:33","isFullCredit":false},{"lineNumber":10,"author":{"gitId":"williamoose"},"content":"list","lastModifiedDate":"2025-08-20T19:29:33","isFullCredit":false},{"lineNumber":11,"author":{"gitId":"williamoose"},"content":"delete 4","lastModifiedDate":"2025-08-20T23:56:12","isFullCredit":false},{"lineNumber":12,"author":{"gitId":"williamoose"},"content":"delete 3","lastModifiedDate":"2025-08-20T23:56:12","isFullCredit":false},{"lineNumber":13,"author":{"gitId":"williamoose"},"content":"list","lastModifiedDate":"2025-08-20T23:56:12","isFullCredit":false},{"lineNumber":14,"author":{"gitId":"williamoose"},"content":"delete 4","lastModifiedDate":"2025-08-20T23:56:12","isFullCredit":false},{"lineNumber":15,"author":{"gitId":"williamoose"},"content":"hello","lastModifiedDate":"2025-08-20T23:56:12","isFullCredit":false},{"lineNumber":16,"author":{"gitId":"williamoose"},"content":"bye","lastModifiedDate":"2025-08-20T19:29:33","isFullCredit":false}],"authorContributionMap":{"williamoose":16}},{"path":"text-ui-test/runtest.sh","fileType":"sh","lines":[{"lineNumber":1,"author":{"gitId":"-"},"content":"#!/usr/bin/env bash","lastModifiedDate":"2020-05-25T00:03:55","isFullCredit":false},{"lineNumber":2,"author":{"gitId":"-"},"content":"","lastModifiedDate":"2020-05-25T00:03:55","isFullCredit":false},{"lineNumber":3,"author":{"gitId":"-"},"content":"# create bin directory if it doesn\u0027t exist","lastModifiedDate":"2020-05-25T00:03:55","isFullCredit":false},{"lineNumber":4,"author":{"gitId":"-"},"content":"if [ ! -d \"../bin\" ]","lastModifiedDate":"2020-05-25T00:03:55","isFullCredit":false},{"lineNumber":5,"author":{"gitId":"-"},"content":"then","lastModifiedDate":"2020-05-25T00:03:55","isFullCredit":false},{"lineNumber":6,"author":{"gitId":"-"},"content":"    mkdir ../bin","lastModifiedDate":"2020-05-25T00:03:55","isFullCredit":false},{"lineNumber":7,"author":{"gitId":"-"},"content":"fi","lastModifiedDate":"2020-05-25T00:03:55","isFullCredit":false},{"lineNumber":8,"author":{"gitId":"-"},"content":"","lastModifiedDate":"2020-05-25T00:03:55","isFullCredit":false},{"lineNumber":9,"author":{"gitId":"-"},"content":"# delete output from previous run","lastModifiedDate":"2020-05-25T00:03:55","isFullCredit":false},{"lineNumber":10,"author":{"gitId":"-"},"content":"if [ -e \"./ACTUAL.TXT\" ]","lastModifiedDate":"2020-05-25T00:03:55","isFullCredit":false},{"lineNumber":11,"author":{"gitId":"-"},"content":"then","lastModifiedDate":"2020-05-25T00:03:55","isFullCredit":false},{"lineNumber":12,"author":{"gitId":"-"},"content":"    rm ACTUAL.TXT","lastModifiedDate":"2020-05-25T00:03:55","isFullCredit":false},{"lineNumber":13,"author":{"gitId":"-"},"content":"fi","lastModifiedDate":"2020-05-25T00:03:55","isFullCredit":false},{"lineNumber":14,"author":{"gitId":"-"},"content":"","lastModifiedDate":"2020-05-25T00:03:55","isFullCredit":false},{"lineNumber":15,"author":{"gitId":"williamoose"},"content":"# Find all .java files recursively under src/main/java","lastModifiedDate":"2025-08-20T19:29:33","isFullCredit":false},{"lineNumber":16,"author":{"gitId":"williamoose"},"content":"find ../src/main/java -name \"*.java\" \u003e sources.txt","lastModifiedDate":"2025-08-20T19:29:33","isFullCredit":false},{"lineNumber":17,"author":{"gitId":"williamoose"},"content":"","lastModifiedDate":"2025-08-20T19:29:33","isFullCredit":false},{"lineNumber":18,"author":{"gitId":"-"},"content":"# compile the code into the bin folder, terminates if error occurred","lastModifiedDate":"2020-05-25T00:03:55","isFullCredit":false},{"lineNumber":19,"author":{"gitId":"williamoose"},"content":"if ! javac -cp ../src/main/java -Xlint:none -d ../bin @sources.txt","lastModifiedDate":"2025-08-20T19:29:33","isFullCredit":false},{"lineNumber":20,"author":{"gitId":"-"},"content":"then","lastModifiedDate":"2020-05-25T00:03:55","isFullCredit":false},{"lineNumber":21,"author":{"gitId":"-"},"content":"    echo \"********** BUILD FAILURE **********\"","lastModifiedDate":"2020-05-25T00:03:55","isFullCredit":false},{"lineNumber":22,"author":{"gitId":"-"},"content":"    exit 1","lastModifiedDate":"2020-05-25T00:03:55","isFullCredit":false},{"lineNumber":23,"author":{"gitId":"-"},"content":"fi","lastModifiedDate":"2020-05-25T00:03:55","isFullCredit":false},{"lineNumber":24,"author":{"gitId":"-"},"content":"","lastModifiedDate":"2020-05-25T00:03:55","isFullCredit":false},{"lineNumber":25,"author":{"gitId":"williamoose"},"content":"echo \"********** BUILD SUCCESS **********\"","lastModifiedDate":"2025-08-20T19:29:33","isFullCredit":false},{"lineNumber":26,"author":{"gitId":"williamoose"},"content":"","lastModifiedDate":"2025-08-20T19:29:33","isFullCredit":false},{"lineNumber":27,"author":{"gitId":"-"},"content":"# run the program, feed commands from input.txt file and redirect the output to the ACTUAL.TXT","lastModifiedDate":"2020-05-25T00:03:55","isFullCredit":false},{"lineNumber":28,"author":{"gitId":"williamoose"},"content":"java -classpath ../bin Jobe \u003c ../text-ui-test/input.txt \u003e ../text-ui-test/ACTUAL.TXT","lastModifiedDate":"2025-08-20T19:29:33","isFullCredit":false},{"lineNumber":29,"author":{"gitId":"-"},"content":"","lastModifiedDate":"2020-05-25T00:03:55","isFullCredit":false},{"lineNumber":30,"author":{"gitId":"-"},"content":"# convert to UNIX format","lastModifiedDate":"2020-05-25T00:03:55","isFullCredit":false},{"lineNumber":31,"author":{"gitId":"-"},"content":"cp EXPECTED.TXT EXPECTED-UNIX.TXT","lastModifiedDate":"2020-05-25T00:03:55","isFullCredit":false},{"lineNumber":32,"author":{"gitId":"-"},"content":"dos2unix ACTUAL.TXT EXPECTED-UNIX.TXT","lastModifiedDate":"2020-05-25T00:03:55","isFullCredit":false},{"lineNumber":33,"author":{"gitId":"-"},"content":"","lastModifiedDate":"2020-05-25T00:03:55","isFullCredit":false},{"lineNumber":34,"author":{"gitId":"-"},"content":"# compare the output to the expected output","lastModifiedDate":"2020-05-25T00:03:55","isFullCredit":false},{"lineNumber":35,"author":{"gitId":"-"},"content":"diff ACTUAL.TXT EXPECTED-UNIX.TXT","lastModifiedDate":"2020-05-25T00:03:55","isFullCredit":false},{"lineNumber":36,"author":{"gitId":"-"},"content":"if [ $? -eq 0 ]","lastModifiedDate":"2020-05-25T00:03:55","isFullCredit":false},{"lineNumber":37,"author":{"gitId":"-"},"content":"then","lastModifiedDate":"2020-05-25T00:03:55","isFullCredit":false},{"lineNumber":38,"author":{"gitId":"-"},"content":"    echo \"Test result: PASSED\"","lastModifiedDate":"2020-05-25T00:03:55","isFullCredit":false},{"lineNumber":39,"author":{"gitId":"-"},"content":"    exit 0","lastModifiedDate":"2020-05-25T00:03:55","isFullCredit":false},{"lineNumber":40,"author":{"gitId":"-"},"content":"else","lastModifiedDate":"2020-05-25T00:03:55","isFullCredit":false},{"lineNumber":41,"author":{"gitId":"-"},"content":"    echo \"Test result: FAILED\"","lastModifiedDate":"2020-05-25T00:03:55","isFullCredit":false},{"lineNumber":42,"author":{"gitId":"-"},"content":"    exit 1","lastModifiedDate":"2020-05-25T00:03:55","isFullCredit":false},{"lineNumber":43,"author":{"gitId":"-"},"content":"fi","lastModifiedDate":"2020-05-25T00:03:55","isFullCredit":false}],"authorContributionMap":{"williamoose":7,"-":36}},{"path":"text-ui-test/sources.txt","fileType":"txt","lines":[{"lineNumber":1,"author":{"gitId":"williamoose"},"content":"../src/main/java/ui/Ui.java","lastModifiedDate":"2025-08-20T23:56:12","isFullCredit":false},{"lineNumber":2,"author":{"gitId":"williamoose"},"content":"../src/main/java/Command.java","lastModifiedDate":"2025-08-20T23:56:12","isFullCredit":false},{"lineNumber":3,"author":{"gitId":"williamoose"},"content":"../src/main/java/parser/Parser.java","lastModifiedDate":"2025-08-20T19:29:33","isFullCredit":false},{"lineNumber":4,"author":{"gitId":"williamoose"},"content":"../src/main/java/task/TaskList.java","lastModifiedDate":"2025-08-20T19:29:33","isFullCredit":false},{"lineNumber":5,"author":{"gitId":"williamoose"},"content":"../src/main/java/task/TodoTask.java","lastModifiedDate":"2025-08-20T19:29:33","isFullCredit":false},{"lineNumber":6,"author":{"gitId":"williamoose"},"content":"../src/main/java/task/EventTask.java","lastModifiedDate":"2025-08-20T19:29:33","isFullCredit":false},{"lineNumber":7,"author":{"gitId":"williamoose"},"content":"../src/main/java/task/DeadlineTask.java","lastModifiedDate":"2025-08-20T19:29:33","isFullCredit":false},{"lineNumber":8,"author":{"gitId":"williamoose"},"content":"../src/main/java/task/Task.java","lastModifiedDate":"2025-08-20T19:29:33","isFullCredit":false},{"lineNumber":9,"author":{"gitId":"williamoose"},"content":"../src/main/java/exception/JobeException.java","lastModifiedDate":"2025-08-20T23:56:12","isFullCredit":false},{"lineNumber":10,"author":{"gitId":"williamoose"},"content":"../src/main/java/Jobe.java","lastModifiedDate":"2025-08-20T19:29:33","isFullCredit":false}],"authorContributionMap":{"williamoose":10}}]
