{"authorDailyContributionsMap":{"Glenn-Chiang":[{"date":"2025-08-16T00:00:00","commitResults":[{"hash":"c673c075673974c05bdf0e2773c68c5ad90ec506","isMergeCommit":false,"messageTitle":"Rename to Glendon","messageBody":"","tags":["Level-0"],"fileTypesAndContributionMap":{"java":{"insertions":9,"deletions":10},"bat":{"insertions":1,"deletions":1}}},{"hash":"bfd79d78739deec8b76f4040919e5aeef60f6c40","isMergeCommit":false,"messageTitle":"Implement echo","messageBody":"","tags":["Level-1"],"fileTypesAndContributionMap":{"java":{"insertions":14,"deletions":0}}},{"hash":"3a8ec16249978da3002195085a42fc9a7a61bc4b","isMergeCommit":false,"messageTitle":"Implement add to list","messageBody":"","tags":["Level-2"],"fileTypesAndContributionMap":{"java":{"insertions":11,"deletions":1}}},{"hash":"6b58fe3e3159cd2cb142b1a9ddbd08bb9ce9bf9e","isMergeCommit":false,"messageTitle":"Implement tasks","messageBody":"","tags":["Level-3"],"fileTypesAndContributionMap":{"java":{"insertions":45,"deletions":4}}}]},{"date":"2025-08-17T00:00:00","commitResults":[{"hash":"d5841f173cd8d55828a3ac1d4073c96c3643020c","isMergeCommit":false,"messageTitle":"Implement todos, events, deadlines","messageBody":"","tags":["Level-4"],"fileTypesAndContributionMap":{"java":{"insertions":75,"deletions":6}}},{"hash":"42148fc53ef0076c0cc749297ffb02fc5cfce1c6","isMergeCommit":false,"messageTitle":"Add automated io testing","messageBody":"","tags":["A-TextUiTesting"],"fileTypesAndContributionMap":{"txt":{"insertions":11,"deletions":0},"sh":{"insertions":1,"deletions":1}}},{"hash":"6a0cc4a6f89b9fef9fa199b549baed42de45bb68","isMergeCommit":false,"messageTitle":"Implement error handling","messageBody":"","tags":["Level-5"],"fileTypesAndContributionMap":{"java":{"insertions":82,"deletions":36}}},{"hash":"26770dedacfb95c6f20d863875ace2e27346815d","isMergeCommit":false,"messageTitle":"Refactor","messageBody":"","fileTypesAndContributionMap":{"java":{"insertions":75,"deletions":60}}},{"hash":"c3dfd993d9b2bd1a90e239bff8d858277b3bd7ba","isMergeCommit":false,"messageTitle":"Implement deletion","messageBody":"","tags":["Level-6"],"fileTypesAndContributionMap":{"java":{"insertions":12,"deletions":1}}},{"hash":"6c3f698b2f8066d22047d37ac6f50fd1b258cb12","isMergeCommit":false,"messageTitle":"Implement enums","messageBody":"","tags":["A-Enums"],"fileTypesAndContributionMap":{"java":{"insertions":36,"deletions":11}}}]},{"date":"2025-08-23T00:00:00","commitResults":[{"hash":"6bcfdb085699b7d0eb8bad9f3b6d266ea33cc36b","isMergeCommit":false,"messageTitle":"Add Persistence class to handle save/load","messageBody":"","fileTypesAndContributionMap":{"java":{"insertions":156,"deletions":65}}}]},{"date":"2025-08-24T00:00:00","commitResults":[{"hash":"df1a3082fb740d1646091ece26c878790084b350","isMergeCommit":false,"messageTitle":"Implement save and load","messageBody":"","fileTypesAndContributionMap":{"java":{"insertions":99,"deletions":13}}},{"hash":"595de02846cd38273f8bd28ed10d8b1caa14ff1c","isMergeCommit":true,"messageTitle":"Merge branch \u0027branch-Level-7\u0027","messageBody":"","tags":["Level-7"],"fileTypesAndContributionMap":{}},{"hash":"5f2e0d0f3363657974184545f8887d8e02a036ab","isMergeCommit":false,"messageTitle":"Implement datetime","messageBody":"","fileTypesAndContributionMap":{"java":{"insertions":67,"deletions":38}}},{"hash":"06dea8d5687ec037f2d8de7de3165f2a49a3323f","isMergeCommit":true,"messageTitle":"Merge branch \u0027branch-Level-8\u0027","messageBody":"","tags":["Level-8"],"fileTypesAndContributionMap":{}},{"hash":"efc79018dc69d9ae3469614f40c2a0ff39627f44","isMergeCommit":false,"messageTitle":"Extract out Glendon instance and run function","messageBody":"","fileTypesAndContributionMap":{"java":{"insertions":38,"deletions":34}}},{"hash":"aa339f4d642cd3f882710b8d8f25ec22bc418650","isMergeCommit":false,"messageTitle":"Extract TaskList","messageBody":"","fileTypesAndContributionMap":{"java":{"insertions":65,"deletions":17}}},{"hash":"2045dd920f9742761aa6c37ad082a38f680e487c","isMergeCommit":false,"messageTitle":"Extract Parser","messageBody":"","fileTypesAndContributionMap":{"java":{"insertions":93,"deletions":89}}},{"hash":"39b20c1e392249ef885154ff75a2c79e30f480db","isMergeCommit":false,"messageTitle":"Extract Ui","messageBody":"","fileTypesAndContributionMap":{"java":{"insertions":67,"deletions":33}}},{"hash":"2e62bdc6279eff03682ed7cb48baa61b19d330e3","isMergeCommit":false,"messageTitle":"Fix Ui for add and delete","messageBody":"","fileTypesAndContributionMap":{"java":{"insertions":2,"deletions":2}}},{"hash":"0a7c0310343042b685db8d7f38e85273965c02a5","isMergeCommit":true,"messageTitle":"Merge branch \u0027branch-A-MoreOOP\u0027","messageBody":"","tags":["A-MoreOOP"],"fileTypesAndContributionMap":{}},{"hash":"e555a5ef4eab2c5c20eee7c8d5dc5e5794f91f02","isMergeCommit":false,"messageTitle":"Add packages","messageBody":"","fileTypesAndContributionMap":{"java":{"insertions":50,"deletions":3},"bat":{"insertions":1,"deletions":1}}},{"hash":"bdb6437cb1aebb194a30783aea6a1258b4a10668","isMergeCommit":true,"messageTitle":"Merge branch \u0027branch-A-Packages\u0027","messageBody":"","tags":["A-Packages"],"fileTypesAndContributionMap":{}},{"hash":"747e8c66bbe0bc04781a29e92c17e16a04f79474","isMergeCommit":true,"messageTitle":"Merge branch \u0027add-gradle-support\u0027","messageBody":"","fileTypesAndContributionMap":{}},{"hash":"733305069c5dadb185939f3a144ef928dac50fa7","isMergeCommit":false,"messageTitle":"Set up gradle","messageBody":"","fileTypesAndContributionMap":{"gradle":{"insertions":3,"deletions":3},"java":{"insertions":1,"deletions":2}}},{"hash":"7a7010ac45ea7054950089ec9b5f621b34915699","isMergeCommit":true,"messageTitle":"Merge branch \u0027branch-A-Gradle\u0027","messageBody":"","tags":["A-Gradle"],"fileTypesAndContributionMap":{}},{"hash":"247d9b2277d537b2870284aa0433f07b68d7361e","isMergeCommit":false,"messageTitle":"Add ParserTest","messageBody":"","fileTypesAndContributionMap":{"java":{"insertions":107,"deletions":12}}},{"hash":"905be13fa89a9215b1c4c49dd960f6185f7013b0","isMergeCommit":false,"messageTitle":"Add StorageTest","messageBody":"","fileTypesAndContributionMap":{"java":{"insertions":50,"deletions":15}}},{"hash":"dbff938ba369469be378f14286d8a58ef61469b0","isMergeCommit":true,"messageTitle":"Merge branch \u0027branch-A-JUnit\u0027","messageBody":"","tags":["A-JUnit"],"fileTypesAndContributionMap":{}},{"hash":"28949b25c7e132fe764f0543d24628d50debccc0","isMergeCommit":false,"messageTitle":"Change behaviour to recover from command errors","messageBody":"","fileTypesAndContributionMap":{"java":{"insertions":35,"deletions":28}}},{"hash":"d4d80ca18a9125ba0a0164f865588defc19c3a8b","isMergeCommit":true,"messageTitle":"Merge branch \u0027branch-A-Jar\u0027","messageBody":"","tags":["A-Jar"],"fileTypesAndContributionMap":{}},{"hash":"5e7c4132b7a02b3fa12816ebff9693ca99c2d9b1","isMergeCommit":false,"messageTitle":"Add comments for Glendon, Parser, Storage","messageBody":"","fileTypesAndContributionMap":{"java":{"insertions":79,"deletions":2}}},{"hash":"18b64c9116702a02628ed3ca00faed7f19d7e04b","isMergeCommit":false,"messageTitle":"Add comments for TaskList, Ui, etc","messageBody":"","fileTypesAndContributionMap":{"java":{"insertions":45,"deletions":0}}},{"hash":"bf414f57108b9b185f3c1b697b7efa2ba55b2078","isMergeCommit":true,"messageTitle":"Merge branch \u0027branch-A-JavaDoc\u0027","messageBody":"","tags":["A-JavaDoc"],"fileTypesAndContributionMap":{}},{"hash":"589c72cd934a66da840d93f3d3e53ce4592a4b8b","isMergeCommit":false,"messageTitle":"Fix import order","messageBody":"","fileTypesAndContributionMap":{"java":{"insertions":122,"deletions":120}}},{"hash":"44c976a4b8afad1f8955cabb330895e851e833a9","isMergeCommit":false,"messageTitle":"Implement Find operation","messageBody":"","fileTypesAndContributionMap":{"java":{"insertions":60,"deletions":15}}},{"hash":"b68b43273016fff9bd260cd1886d618f154a9b98","isMergeCommit":true,"messageTitle":"Merge branch \u0027branch-A-CodingStandard\u0027","messageBody":"","tags":["A-CodingStandard"],"fileTypesAndContributionMap":{}},{"hash":"5baf2cb2b1d9a776978f047fe158a9cc3dc2d5b3","isMergeCommit":true,"messageTitle":"Merge branch \u0027branch-Level-9\u0027","messageBody":"","tags":["Level-9"],"fileTypesAndContributionMap":{}}]},{"date":"2025-08-31T00:00:00","commitResults":[{"hash":"493a462490d735c744d52bc0b4ce5c38a5db5795","isMergeCommit":false,"messageTitle":"Add checkstyle","messageBody":"","fileTypesAndContributionMap":{"gradle":{"insertions":5,"deletions":0},"java":{"insertions":4,"deletions":4}}},{"hash":"77d217350e9dbf41e5ea7be1d3b55179abdf9547","isMergeCommit":true,"messageTitle":"Merge branch \u0027branch-A-CheckStyle\u0027","messageBody":"","tags":["A-CheckStyle"],"fileTypesAndContributionMap":{}}]},{"date":"2025-09-04T00:00:00","commitResults":[{"hash":"851b5332959ba91ea8b472f59882d0d43ca88308","isMergeCommit":false,"messageTitle":"Delete io redirection testing","messageBody":"","fileTypesAndContributionMap":{"txt":{"insertions":0,"deletions":11},"bat":{"insertions":0,"deletions":21},"sh":{"insertions":0,"deletions":38}}},{"hash":"fc00ac7c393cbf7c25a0f00f043d6491e6247271","isMergeCommit":false,"messageTitle":"Add GUI","messageBody":"","fileTypesAndContributionMap":{"gradle":{"insertions":18,"deletions":1},"fxml":{"insertions":65,"deletions":0},"java":{"insertions":232,"deletions":152}}},{"hash":"430a34f4101152e9c52190080024422f0a83dd4b","isMergeCommit":false,"messageTitle":"Add exit on bye command","messageBody":"","fileTypesAndContributionMap":{"java":{"insertions":1,"deletions":1}}},{"hash":"49749100f58bd125911c3d10e951e22520d5a740","isMergeCommit":true,"messageTitle":"Merge branch \u0027branch-Level-10\u0027","messageBody":"","tags":["Level-10"],"fileTypesAndContributionMap":{}}]},{"date":"2025-09-07T00:00:00","commitResults":[{"hash":"f3963674f0d1ae1f64bb305d7798dfb77d52ab9d","isMergeCommit":false,"messageTitle":"Add assertions to check taskList invariant","messageBody":"Adds assertions when adding or deleting tasks to check that the TaskList\ngetCount method returns a value matching the actual list size.\n","tags":["A-FullCommitMessage"],"fileTypesAndContributionMap":{"java":{"insertions":2,"deletions":0}}},{"hash":"f680e1d41e8e63b72bf6fd24c38c48fd13fdc367","isMergeCommit":false,"messageTitle":"Improve code quality","messageBody":"","fileTypesAndContributionMap":{"java":{"insertions":31,"deletions":25}}},{"hash":"ba65294458542a4f61e136527279fa142114fe5a","isMergeCommit":false,"messageTitle":"Use stream for TaskList find method","messageBody":"","fileTypesAndContributionMap":{"java":{"insertions":1,"deletions":7}}},{"hash":"d0cbe7a45579b176a5ffc437d89bb2c82857eefa","isMergeCommit":true,"messageTitle":"Merge pull request #1 from Glenn-Chiang/branch-A-Assertions","messageBody":"Add assertions to check taskList invariant","tags":["A-Assertions"],"fileTypesAndContributionMap":{}},{"hash":"36eff96e4da6e71af91c980634113741c64b111c","isMergeCommit":true,"messageTitle":"Merge branch \u0027master\u0027 into branch-A-CodeQuality","messageBody":"","fileTypesAndContributionMap":{}},{"hash":"c2e8dccb4981f52ee6f203112fa58f984704ea5b","isMergeCommit":true,"messageTitle":"Merge pull request #2 from Glenn-Chiang/branch-A-CodeQuality","messageBody":"Improve code quality","tags":["A-CodeQuality"],"fileTypesAndContributionMap":{}},{"hash":"c3504570522dc0039169999383a3e56fd3a58f7a","isMergeCommit":true,"messageTitle":"Merge branch \u0027master\u0027 into branch-A-Streams","messageBody":"","fileTypesAndContributionMap":{}},{"hash":"841bccd8dc4b3c1daee00b7e34cc866dc4a5b469","isMergeCommit":true,"messageTitle":"Merge pull request #3 from Glenn-Chiang/branch-A-Streams","messageBody":"Use stream for TaskList find method","tags":["A-Streams"],"fileTypesAndContributionMap":{}}]},{"date":"2025-09-10T00:00:00","commitResults":[{"hash":"6c2ea28c2ffcbb9bacaed825dcd31f1b1bf7d7ad","isMergeCommit":false,"messageTitle":"Implement sorting deadlines","messageBody":"","fileTypesAndContributionMap":{"java":{"insertions":45,"deletions":4}}},{"hash":"26f809018d964d7c2603ee16f222b474b73383c8","isMergeCommit":true,"messageTitle":"Merge branch \u0027branch-C-Sort\u0027","messageBody":"","tags":["BCD-Extension"],"fileTypesAndContributionMap":{}}]},{"date":"2025-09-15T00:00:00","commitResults":[{"hash":"0f06ea045533713a311ff1d56bd79057049a4630","isMergeCommit":false,"messageTitle":"Implement resizing window","messageBody":"","fileTypesAndContributionMap":{"fxml":{"insertions":13,"deletions":3}}},{"hash":"c9558fc66b849ff0239b243c490e345d57770614","isMergeCommit":false,"messageTitle":"Adjust padding and colors","messageBody":"","fileTypesAndContributionMap":{"fxml":{"insertions":25,"deletions":62},"java":{"insertions":1,"deletions":0}}}]},{"date":"2025-09-16T00:00:00","commitResults":[{"hash":"e6dab3ed16b860ed4d57a249313522b4541e1813","isMergeCommit":false,"messageTitle":"Make profile images circular","messageBody":"","fileTypesAndContributionMap":{"fxml":{"insertions":2,"deletions":1},"java":{"insertions":4,"deletions":2}}},{"hash":"259dcaf84327814ef0bedd15293876b6aed29651","isMergeCommit":false,"messageTitle":"Add app title","messageBody":"","fileTypesAndContributionMap":{"java":{"insertions":4,"deletions":0}}},{"hash":"10c861fa2094cab44d8fb51e1ba74333751dd331","isMergeCommit":false,"messageTitle":"Fix display for empty task list","messageBody":"","fileTypesAndContributionMap":{"java":{"insertions":5,"deletions":0}}},{"hash":"43298a2b1b3475834fd6ff9b825d15f749305a3c","isMergeCommit":true,"messageTitle":"Merge branch \u0027branch-A-BetterGui\u0027","messageBody":"","tags":["A-BetterGui"],"fileTypesAndContributionMap":{}},{"hash":"df376f3e5ccbb31d9dedf11ecc747c284faa41ed","isMergeCommit":false,"messageTitle":"Fix saving tasks","messageBody":"","fileTypesAndContributionMap":{"java":{"insertions":7,"deletions":6}}},{"hash":"b7811808c51ca5f64f4619c26b5d180c113ba97e","isMergeCommit":false,"messageTitle":"Add error handling for out of bounds indices","messageBody":"","fileTypesAndContributionMap":{"java":{"insertions":24,"deletions":6}}},{"hash":"dc9fb585cca39afa54a7db3f2394d21ca24d9157","isMergeCommit":false,"messageTitle":"Add error handling for parseIndex","messageBody":"","fileTypesAndContributionMap":{"java":{"insertions":10,"deletions":2}}},{"hash":"ec2851387fa3e3359bf1afa91f8e722cf6e15539","isMergeCommit":false,"messageTitle":"Add validation for event start and end time","messageBody":"","fileTypesAndContributionMap":{"java":{"insertions":4,"deletions":0}}},{"hash":"65247bd426b434a4cb0eb26b7cb6b68b75a40768","isMergeCommit":true,"messageTitle":"Merge branch \u0027branch-A-MoreErrorHandling\u0027","messageBody":"","tags":["A-MoreErrorHandling"],"fileTypesAndContributionMap":{}},{"hash":"4dff9cf28b0bc83e55cd8165b312de62892f0ae8","isMergeCommit":false,"messageTitle":"Change profile pictures","messageBody":"","fileTypesAndContributionMap":{"java":{"insertions":2,"deletions":2}}},{"hash":"587854bb65dabf6dc2c2037d0f7a2109e4548c9c","isMergeCommit":false,"messageTitle":"Add javadoc comments for ParserTest","messageBody":"","fileTypesAndContributionMap":{"java":{"insertions":36,"deletions":12}}},{"hash":"f2c3528903dabef58f8f12703b175eafcd6b98fb","isMergeCommit":false,"messageTitle":"Add javadoc comments for StorageTest","messageBody":"","fileTypesAndContributionMap":{"java":{"insertions":14,"deletions":0}}},{"hash":"3f21da7b6d0b2a5d4e6a6d975a399f847c372fac","isMergeCommit":false,"messageTitle":"Add javadoc comments","messageBody":"","fileTypesAndContributionMap":{"java":{"insertions":33,"deletions":1}}},{"hash":"8e1ce5716f346c7c02b5c9ab503a2a12a64d895c","isMergeCommit":true,"messageTitle":"Merge branch \u0027branch-A-MoreTesting\u0027","messageBody":"","tags":["A-MoreTesting"],"fileTypesAndContributionMap":{}},{"hash":"b002563337af19c5ce6d6ce7e870b98a28b3d3fd","isMergeCommit":false,"messageTitle":"Add AI.md","messageBody":"","tags":["A-AiAssisted"],"fileTypesAndContributionMap":{"md":{"insertions":4,"deletions":0}}}]}]},"authorFileTypeContributionMap":{"Glenn-Chiang":{"java":1128,"md":4,"fxml":39,"sh":0,"bat":0,"gradle":24,"txt":0}},"authorContributionVariance":{"Glenn-Chiang":57958.406},"authorDisplayNameMap":{"Glenn-Chiang":"CS2103T-T12-3 CHIA..LENN"}}
