{"authorDailyContributionsMap":{"Puntart":[{"date":"2025-08-21T00:00:00","commitResults":[{"hash":"63a58105868fd56a24fe157565445a45dabcbe6e","isMergeCommit":false,"messageTitle":"Rename Main Class","messageBody":"","fileTypesAndContributionMap":{"java":{"insertions":1,"deletions":1},"bat":{"insertions":1,"deletions":1},"md":{"insertions":3,"deletions":3}}},{"hash":"a1c01f8c522ef3f383a812c25001aabff5085fba","isMergeCommit":false,"messageTitle":"Implemented Greeting and Exit","messageBody":"","tags":["Level-0"],"fileTypesAndContributionMap":{"java":{"insertions":11,"deletions":6}}},{"hash":"d57360700123e2508e51bde3b5cd9640e5ede240","isMergeCommit":false,"messageTitle":"Added Echo Feature","messageBody":"","tags":["Level-1"],"fileTypesAndContributionMap":{"java":{"insertions":16,"deletions":4}}},{"hash":"02db505a5a21f8e2b2fd0cba61e9ac7174e41c0f","isMergeCommit":false,"messageTitle":"Implemented Add,List Feature","messageBody":"","tags":["Level-2"],"fileTypesAndContributionMap":{"java":{"insertions":18,"deletions":1}}},{"hash":"a199ebfa2087cdcbcfaaf0dd7c20ce6c001baff8","isMergeCommit":false,"messageTitle":"Created New Task Class","messageBody":"","fileTypesAndContributionMap":{"java":{"insertions":24,"deletions":1}}},{"hash":"3ec6366af26964ef1114c96d7abecda1e6f5aee3","isMergeCommit":false,"messageTitle":"Implemented Mark as Done Feature","messageBody":"","tags":["Level-3"],"fileTypesAndContributionMap":{"java":{"insertions":32,"deletions":7}}}]},{"date":"2025-08-22T00:00:00","commitResults":[{"hash":"d9cae938e6d5920c673c3fbfdd28238b325640ac","isMergeCommit":false,"messageTitle":"Created New Subclasses of Task","messageBody":"","fileTypesAndContributionMap":{"java":{"insertions":42,"deletions":0}}},{"hash":"82bcd1d97b2620a964bfc6b885e3488e81a545bf","isMergeCommit":false,"messageTitle":"Implemented ToDo, Deadline and Events Features","messageBody":"","tags":["Level-4"],"fileTypesAndContributionMap":{"java":{"insertions":53,"deletions":11}}},{"hash":"af7f444bd3384d8d5b4d206819382ed61a0949be","isMergeCommit":false,"messageTitle":"Implemented Exception for ToDo, Mark, Unmark and Wrong Prompt","messageBody":"","tags":["Level-5","A-TextUiTesting"],"fileTypesAndContributionMap":{"txt":{"insertions":8,"deletions":0},"java":{"insertions":68,"deletions":63}}}]},{"date":"2025-08-23T00:00:00","commitResults":[{"hash":"4af77d9fca70a3a2242dd4d746dbe758ab547c15","isMergeCommit":false,"messageTitle":"Implemented Delete Feature","messageBody":"","tags":["Level-6"],"fileTypesAndContributionMap":{"java":{"insertions":19,"deletions":9}}}]},{"date":"2025-08-25T00:00:00","commitResults":[{"hash":"23def74738decb5e1f15dae1fd04ff570e5d5c2f","isMergeCommit":false,"messageTitle":"Implement Read File Feature","messageBody":"","fileTypesAndContributionMap":{"txt":{"insertions":3,"deletions":0},"java":{"insertions":41,"deletions":0}}},{"hash":"8a3f972fdeb3336fd321b48f814ddd00faba4ae9","isMergeCommit":false,"messageTitle":"Update Read File","messageBody":"","fileTypesAndContributionMap":{"txt":{"insertions":3,"deletions":3},"java":{"insertions":35,"deletions":10}}},{"hash":"bdd4c00ee8fbff49eb50061dbe38f9f7d83ef991","isMergeCommit":false,"messageTitle":"Implement Update File Feature","messageBody":"","fileTypesAndContributionMap":{"java":{"insertions":15,"deletions":1}}},{"hash":"599fa24d2c4db327f4a4cbfb971c72ad3ae6bb3a","isMergeCommit":true,"messageTitle":"Merge branch \u0027branch-Level-7\u0027","messageBody":"","tags":["Level-7"],"fileTypesAndContributionMap":{}}]}]},"authorFileTypeContributionMap":{"Puntart":{"java":268,"md":3,"fxml":0,"sh":0,"bat":1,"gradle":0,"txt":11}},"authorContributionVariance":{"Puntart":4186.2476},"authorDisplayNameMap":{"Puntart":"MUHA..AIRI"}}
