{"authorDailyContributionsMap":{"genehern":[{"date":"2025-08-14T00:00:00","commitResults":[{"hash":"fd84f9bc0afadbe878d82753788578a61b1b6080","isMergeCommit":false,"messageTitle":"Change chatbot name and corresponding text","messageBody":"","tags":["Level-0"],"fileTypesAndContributionMap":{"java":{"insertions":11,"deletions":10}}},{"hash":"e8e884a3a68af9ef82340d2af404aa1ac04bdae2","isMergeCommit":false,"messageTitle":"Prints out user input and exit on bye","messageBody":"","tags":["Level-1"],"fileTypesAndContributionMap":{"java":{"insertions":32,"deletions":7}}},{"hash":"d64d5696b0124668bf847a54fcf19cb00855a850","isMergeCommit":false,"messageTitle":"Create task object to do operations","messageBody":"","tags":["Level-2"],"fileTypesAndContributionMap":{"java":{"insertions":40,"deletions":16}}},{"hash":"5b52ca54a9c2dc464b5fe802d858f4a76fa34fc1","isMergeCommit":false,"messageTitle":"Create new Task object","messageBody":"","fileTypesAndContributionMap":{"java":{"insertions":39,"deletions":7}}},{"hash":"52d6bd1ad29ed5a956d0ffc39c2e5c3e45522338","isMergeCommit":false,"messageTitle":"Read userinput to mark and unmark task","messageBody":"","fileTypesAndContributionMap":{"java":{"insertions":14,"deletions":3}}},{"hash":"aa03e4370e4a969842f1739b67cde5f0863e8384","isMergeCommit":false,"messageTitle":"Refactor Tasks to Gene","messageBody":"","fileTypesAndContributionMap":{"java":{"insertions":39,"deletions":40}}}]},{"date":"2025-08-15T00:00:00","commitResults":[{"hash":"087ce4a9b1b5477fa2176a06d91e597bdb3950a1","isMergeCommit":false,"messageTitle":"Extend task to 3 objects to handle new task requirements","messageBody":"","fileTypesAndContributionMap":{"java":{"insertions":66,"deletions":6}}},{"hash":"f368791ffd779860084443622523dd07e02f54c3","isMergeCommit":false,"messageTitle":"Add test cases","messageBody":"","tags":["Level-4","A-TextUiTesting"],"fileTypesAndContributionMap":{"txt":{"insertions":9,"deletions":0},"sh":{"insertions":1,"deletions":1}}}]},{"date":"2025-08-16T00:00:00","commitResults":[{"hash":"78a4886f4f9855479506dec48a4770ac51192f64","isMergeCommit":false,"messageTitle":"Handle Exceptions","messageBody":"","tags":["Level-5"],"fileTypesAndContributionMap":{"java":{"insertions":64,"deletions":40}}},{"hash":"ce9f6d31c078664be0f45852207ef512594eea3b","isMergeCommit":false,"messageTitle":"Store Task in Arraylist and implement delete","messageBody":"","tags":["Level-6"],"fileTypesAndContributionMap":{"java":{"insertions":36,"deletions":20}}},{"hash":"87b58989f599f672aeeba6b09833c39fd0de17d9","isMergeCommit":false,"messageTitle":":Use enum for commands","messageBody":"","tags":["A-Enums"],"fileTypesAndContributionMap":{"java":{"insertions":56,"deletions":35}}}]},{"date":"2025-08-26T00:00:00","commitResults":[{"hash":"8d9ab2014ab1631f3d2e554609fc1666e1c97fa0","isMergeCommit":false,"messageTitle":"Add ability to configure isDone of task","messageBody":"","fileTypesAndContributionMap":{"java":{"insertions":15,"deletions":15}}},{"hash":"e066cb67bd7a8d97dedbe571e7b7e003202a111e","isMergeCommit":false,"messageTitle":"Able to read tasks from txt file","messageBody":"","fileTypesAndContributionMap":{"txt":{"insertions":4,"deletions":0},"java":{"insertions":43,"deletions":0}}},{"hash":"00067da898985b3e559a80e6e8a33c3b9636eaeb","isMergeCommit":false,"messageTitle":"Refactor task addition logic to simplify logic","messageBody":"","fileTypesAndContributionMap":{"java":{"insertions":7,"deletions":3}}},{"hash":"385949319ecfa9764275178e3b30121dfb7c26e4","isMergeCommit":false,"messageTitle":"Add class methods to output the string to save to txt file","messageBody":"","fileTypesAndContributionMap":{"java":{"insertions":19,"deletions":1}}},{"hash":"e5116fee408da079c9c57834786fd67f36c6103e","isMergeCommit":false,"messageTitle":"Refactor code to create functions to write to database file","messageBody":"","fileTypesAndContributionMap":{"txt":{"insertions":0,"deletions":4},"java":{"insertions":17,"deletions":2}}},{"hash":"1840e236e6d1346b1e269194fbb8165975d68279","isMergeCommit":true,"messageTitle":"Merge branch \u0027branch_Level-7\u0027","messageBody":"","tags":["Level-7"],"fileTypesAndContributionMap":{}},{"hash":"ab4a7ccb535b7f45a7ecb6bf1787ee10e3294a8f","isMergeCommit":false,"messageTitle":"Add date time compatability for tasks","messageBody":"","fileTypesAndContributionMap":{"java":{"insertions":33,"deletions":10}}}]},{"date":"2025-08-27T00:00:00","commitResults":[{"hash":"c43d8a4a2c89ec04558b541bf54b3345ed385cd4","isMergeCommit":false,"messageTitle":"Abstract logic to TaskList class and Ui class as they are related to each other","messageBody":"","fileTypesAndContributionMap":{"txt":{"insertions":1,"deletions":0},"java":{"insertions":115,"deletions":67}}},{"hash":"33b76766695568c31a2347bb0f89ddf80699615d","isMergeCommit":false,"messageTitle":"Create run function and move logic there","messageBody":"","fileTypesAndContributionMap":{"java":{"insertions":18,"deletions":14}}},{"hash":"a60106ad37ea63f1e88e262c2348918730353a6e","isMergeCommit":false,"messageTitle":"Abstract file reading to Storage class for better OOP","messageBody":"","fileTypesAndContributionMap":{"txt":{"insertions":2,"deletions":0},"java":{"insertions":101,"deletions":69}}},{"hash":"a0c2c76f618422e38ed28ad6626d88586825f295","isMergeCommit":false,"messageTitle":"Refactor exception and group them to Create Task Exception","messageBody":"","fileTypesAndContributionMap":{"java":{"insertions":13,"deletions":6}}},{"hash":"95b420eb0fe5fda6b4d6935ea29787115c9635e0","isMergeCommit":false,"messageTitle":"Add command class to use with Parser","messageBody":"","tags":["A-Packages","A-MoreOOP"],"fileTypesAndContributionMap":{"txt":{"insertions":3,"deletions":0},"java":{"insertions":279,"deletions":119}}}]},{"date":"2025-08-30T00:00:00","commitResults":[{"hash":"484c2eed46044f9e4b86138bb45b295c8f0ee241","isMergeCommit":true,"messageTitle":"Merge remote-tracking branch \u0027origin/add-gradle-support\u0027","messageBody":"","tags":["A-Gradle"],"fileTypesAndContributionMap":{}},{"hash":"dec413e85f8ad9375625cb3bc70d17be818854bb","isMergeCommit":false,"messageTitle":"Add unit test for Parser","messageBody":"","fileTypesAndContributionMap":{"gradle":{"insertions":2,"deletions":2},"txt":{"insertions":1,"deletions":0},"java":{"insertions":143,"deletions":3}}},{"hash":"1099ab40807797ae4673e29f4a1239ca5408684f","isMergeCommit":false,"messageTitle":"Add unit test to TaskList toString method","messageBody":"","tags":["A-JUnit"],"fileTypesAndContributionMap":{"java":{"insertions":26,"deletions":13}}},{"hash":"26a4cdcfdc7c04826adfb9834cef8d884a081f93","isMergeCommit":false,"messageTitle":"Modify build file name","messageBody":"","tags":["A-jar"],"fileTypesAndContributionMap":{"gradle":{"insertions":15,"deletions":1}}}]},{"date":"2025-09-01T00:00:00","commitResults":[{"hash":"6830f973b22a086ad56704e0d11c9b0b635b624f","isMergeCommit":false,"messageTitle":"Add documentation to methods","messageBody":"","tags":["A-JavaDoc"],"fileTypesAndContributionMap":{"java":{"insertions":74,"deletions":1}}},{"hash":"3c9eb02b8d6e087fb6e199961abcdb11e09140b7","isMergeCommit":false,"messageTitle":"Change style to follow guide","messageBody":"","fileTypesAndContributionMap":{"java":{"insertions":68,"deletions":60}}},{"hash":"069c0163d2a0d75cd7329f907a09f53cae4f5f94","isMergeCommit":false,"messageTitle":"Add find functionality","messageBody":"","fileTypesAndContributionMap":{"txt":{"insertions":3,"deletions":0},"java":{"insertions":108,"deletions":42}}},{"hash":"d02ba43f4fee22ffa1009d5dc8e5980ee49a89ac","isMergeCommit":true,"messageTitle":"Resolve conflict in Parser on merge","messageBody":"","tags":["Level-9"],"fileTypesAndContributionMap":{}}]},{"date":"2025-09-03T00:00:00","commitResults":[{"hash":"741e5cb1d613d13cbc4a64330a6b24687f530f87","isMergeCommit":false,"messageTitle":"Change package name to align to coding standards","messageBody":"","tags":["A-CheckStyle"],"fileTypesAndContributionMap":{"gradle":{"insertions":1,"deletions":1},"txt":{"insertions":3,"deletions":2},"java":{"insertions":86,"deletions":87}}}]},{"date":"2025-09-06T00:00:00","commitResults":[{"hash":"80d9f91e08aa51db8f8f8852fde162da9d8c6fba","isMergeCommit":false,"messageTitle":"Add GUI boilerplate to code","messageBody":"","fileTypesAndContributionMap":{"gradle":{"insertions":1,"deletions":1},"fxml":{"insertions":56,"deletions":0},"java":{"insertions":162,"deletions":1},"md":{"insertions":16,"deletions":8}}},{"hash":"53c9d4bebe725b331d4dbdfcfe17013950ee318a","isMergeCommit":false,"messageTitle":"Add GUI boilerplate to code","messageBody":"","fileTypesAndContributionMap":{"java":{"insertions":3,"deletions":0}}},{"hash":"bc5c87e91b9958573ddabddbdfad0d8f6bc10ac1","isMergeCommit":false,"messageTitle":"Refactor code to put gui code into Packages","messageBody":"","fileTypesAndContributionMap":{"gradle":{"insertions":1,"deletions":1},"fxml":{"insertions":1,"deletions":1},"java":{"insertions":6,"deletions":3}}}]},{"date":"2025-09-10T00:00:00","commitResults":[{"hash":"4f2f803ee517852c41b66da2f9d38d0c5b5693a4","isMergeCommit":false,"messageTitle":"Add in initial greeting msg for GUI","messageBody":"GUI does not have initial greeting message. Let\u0027s update it to meet the\nrequirements.\n","fileTypesAndContributionMap":{"txt":{"insertions":2,"deletions":0},"java":{"insertions":31,"deletions":33}}},{"hash":"eb9ca59d332849fd1ff368ad76ce7cedb43765f1","isMergeCommit":false,"messageTitle":"Add assertions to catch bug early","messageBody":"Current code has no assertions.\n\nAdded assertion to command, task, and taskList\n\nAlso added some safeguards to check input in parser as it is more suitable than assert\n","fileTypesAndContributionMap":{"txt":{"insertions":0,"deletions":11},"java":{"insertions":21,"deletions":4}}},{"hash":"3125179c274b49018d03f504803c527b8d0b3c5f","isMergeCommit":false,"messageTitle":"Add code refactor to implement SLAP principle","messageBody":"This is required for long term readability of code\n\nAdded comments to explain why default case is not handelled\n","fileTypesAndContributionMap":{"txt":{"insertions":1,"deletions":1},"java":{"insertions":70,"deletions":40}}},{"hash":"60c9f0c9d8c7ea4ddc82270050d9ad9cda195fc8","isMergeCommit":true,"messageTitle":"Merge pull request #2 from genehern/A-Assertions","messageBody":"Assertions implemented in the codebase","tags":["A-Assertions"],"fileTypesAndContributionMap":{}},{"hash":"35ed8b49fa260e450c305d4b6b3f87f1769e0efb","isMergeCommit":true,"messageTitle":"Merge branch \u0027master\u0027 into A-CodeQuality","messageBody":"","fileTypesAndContributionMap":{}},{"hash":"7fe34eb3f4cd263b14c3e67a73459e6e4c5ff49a","isMergeCommit":true,"messageTitle":"Merge pull request #1 from genehern/A-CodeQuality","messageBody":"A code quality","tags":["A-FullCommitMessage","A-CodeQuality"],"fileTypesAndContributionMap":{}}]},{"date":"2025-09-11T00:00:00","commitResults":[{"hash":"6dbf8e4d1af612f6deeed99ad115f7f8370b7ea9","isMergeCommit":false,"messageTitle":"Add reminders functionality so users can see what task is due  by that day","messageBody":"Implemented new command and method within tasklist so that parser can call on them\n","tags":["B-Reminders"],"fileTypesAndContributionMap":{"txt":{"insertions":2,"deletions":0},"java":{"insertions":86,"deletions":16}}}]}]},"authorFileTypeContributionMap":{"genehern":{"java":1156,"md":13,"fxml":56,"sh":1,"bat":0,"gradle":16,"txt":13}},"authorContributionVariance":{"genehern":25851.705},"authorDisplayNameMap":{"genehern":"CS2103T-F10-4 LEE ..HERN"}}
