{"authorDailyContributionsMap":{"weixianuni":[{"date":"2025-08-21T00:00:00","commitResults":[{"hash":"0b107e158e5ef3ad4094a3bd487f79828f56343d","isMergeCommit":false,"messageTitle":"Update .gitignore to include .class files","messageBody":"","fileTypesAndContributionMap":{"java":{"insertions":0,"deletions":0}}},{"hash":"4da32907d6aa63ad696baed4e3c45be7d5c1511a","isMergeCommit":false,"messageTitle":"Implement an initial skeleton version of Yappy","messageBody":"","tags":["Level-0"],"fileTypesAndContributionMap":{"java":{"insertions":16,"deletions":10}}}]},{"date":"2025-08-22T00:00:00","commitResults":[{"hash":"34ba6ed5d8fe007638db3191e5d16b1652de7289","isMergeCommit":false,"messageTitle":"Improve skeletal structure of Yappy to echo commands by user","messageBody":"","tags":["Level-1"],"fileTypesAndContributionMap":{"java":{"insertions":18,"deletions":2}}},{"hash":"ea891bdf72293f92e307897897c7d0ee770b09a1","isMergeCommit":false,"messageTitle":"Add the ability to store whatever text entered by the user and display them back to the user when requested","messageBody":"","tags":["Level-2"],"fileTypesAndContributionMap":{"java":{"insertions":17,"deletions":7}}},{"hash":"fc78a5f59cd84ade80227c084f18439d467d2078","isMergeCommit":false,"messageTitle":"Add the ability to mark tasks as completed and not completed","messageBody":"","tags":["Level-3"],"fileTypesAndContributionMap":{"java":{"insertions":54,"deletions":13}}},{"hash":"42925f64caca51c5eb4ef00d595025bbaddd06c5","isMergeCommit":false,"messageTitle":"Add ToDos, Deadlines, Events class","messageBody":"","fileTypesAndContributionMap":{"java":{"insertions":65,"deletions":25}}},{"hash":"f8aba4f9d38763fdd309f0214d0f149dc47556d7","isMergeCommit":false,"messageTitle":"rename task files to singular","messageBody":"","fileTypesAndContributionMap":{"java":{"insertions":0,"deletions":0}}},{"hash":"ee5fb6b4e0eb15b4894ccf01381d13973d110b4a","isMergeCommit":false,"messageTitle":"Add support for tracking three types of tasks","messageBody":"","tags":["Level-4"],"fileTypesAndContributionMap":{"java":{"insertions":24,"deletions":12}}},{"hash":"cea493694638fde5a3c1b769d3528c3cec6a08b0","isMergeCommit":false,"messageTitle":"Automated Text UI Testing","messageBody":"","tags":["A-TextUiTesting"],"fileTypesAndContributionMap":{"txt":{"insertions":4,"deletions":0},"sh":{"insertions":1,"deletions":1}}},{"hash":"07c8e359d5e9cca7d1bf1bc267a63c12e4dc05c6","isMergeCommit":false,"messageTitle":"Create YappyException file for exception handling","messageBody":"","fileTypesAndContributionMap":{"java":{"insertions":10,"deletions":0}}},{"hash":"174095484749201ac13b05da4b676181d0711379","isMergeCommit":false,"messageTitle":"Abstract formatting of print statements into function","messageBody":"","fileTypesAndContributionMap":{"java":{"insertions":32,"deletions":24}}},{"hash":"1b3dc65d4d4d14f49f65102e82b8c36dadeda053","isMergeCommit":false,"messageTitle":"Fix formatting issue of toString","messageBody":"","fileTypesAndContributionMap":{"java":{"insertions":1,"deletions":1}}},{"hash":"f837202b41be849c79e834267321be19e1173c78","isMergeCommit":false,"messageTitle":"Add error handling and abstract readInput logic to function","messageBody":"","tags":["Level-5"],"fileTypesAndContributionMap":{"java":{"insertions":67,"deletions":48}}},{"hash":"17a8f0f25515f781a1c2a63bc55c7696da527bb5","isMergeCommit":false,"messageTitle":"Add support for deleting tasks from the list","messageBody":"","tags":["Level-6"],"fileTypesAndContributionMap":{"java":{"insertions":20,"deletions":10}}},{"hash":"33809b222bb2104a6073eb48555c4be1fc9acc85","isMergeCommit":false,"messageTitle":"Update EXPECTED.txt and input.txt for testing","messageBody":"","fileTypesAndContributionMap":{"txt":{"insertions":7,"deletions":1}}}]},{"date":"2025-08-26T00:00:00","commitResults":[{"hash":"c1fa04ecbd7d1d3a90fe993f5a496c802ebd1375","isMergeCommit":false,"messageTitle":"Improve java syntax","messageBody":"","fileTypesAndContributionMap":{"java":{"insertions":24,"deletions":17}}},{"hash":"4644aff2625ab3e84c979645867ae388a1cf4d95","isMergeCommit":false,"messageTitle":"Create function loadTasks to load tasks from file","messageBody":"","fileTypesAndContributionMap":{"java":{"insertions":34,"deletions":1}}},{"hash":"01f4a4de31257907d265d3001fcfa28de1c91bc8","isMergeCommit":false,"messageTitle":"Add OS independent file path reading","messageBody":"","fileTypesAndContributionMap":{"java":{"insertions":6,"deletions":4}}},{"hash":"b859f67968dd7ac852874fcbc54be906459ea2d1","isMergeCommit":false,"messageTitle":"Update Yappy.java to write to storage file","messageBody":"","fileTypesAndContributionMap":{"java":{"insertions":25,"deletions":3}}}]},{"date":"2025-08-27T00:00:00","commitResults":[{"hash":"04c415921993fa21dd6414879c73d7cab4b94152","isMergeCommit":false,"messageTitle":"Add Boolean isCompleted and fileString method to Tasks","messageBody":"","fileTypesAndContributionMap":{"java":{"insertions":43,"deletions":12}}},{"hash":"f77a9bb66dabce58b35d197b4ea269c444a3fc62","isMergeCommit":false,"messageTitle":"Update fileString method to remove whitespace","messageBody":"","fileTypesAndContributionMap":{"java":{"insertions":3,"deletions":3}}},{"hash":"03e6071f6da643667f3050414aa046289d043326","isMergeCommit":false,"messageTitle":"Update Yappy to save task in disk","messageBody":"","fileTypesAndContributionMap":{"java":{"insertions":75,"deletions":60}}},{"hash":"550e1ad9fde8af6d34553f1fdb486c963c24f746","isMergeCommit":false,"messageTitle":"Fix bug in delete command","messageBody":"","fileTypesAndContributionMap":{"java":{"insertions":13,"deletions":7}}},{"hash":"642fadb03cbfcc5a30a8945b03194d1127bec11f","isMergeCommit":true,"messageTitle":"Merge branch \u0027branch-level-7\u0027","messageBody":"","tags":["Level-7"],"fileTypesAndContributionMap":{}},{"hash":"e4864e8ad45a582a2696926c6f7d28fb90219450","isMergeCommit":true,"messageTitle":"Merge branch \u0027master\u0027 of https://github.com/weixianuni/ip","messageBody":"","fileTypesAndContributionMap":{}}]},{"date":"2025-08-28T00:00:00","commitResults":[{"hash":"817a74cf40b15736becc7a60ce10bfc2573ef48a","isMergeCommit":false,"messageTitle":"Update date for Deadline and Event","messageBody":"","fileTypesAndContributionMap":{"java":{"insertions":28,"deletions":12}}},{"hash":"9d70512a5f61a83641f9e2049e92f03e069fd49e","isMergeCommit":false,"messageTitle":"Update EXPECTED and input txt files for new date format","messageBody":"","fileTypesAndContributionMap":{"txt":{"insertions":2,"deletions":2}}},{"hash":"a2a70f428760c8f3ccad5bb845bffa299282356a","isMergeCommit":false,"messageTitle":"Update Yappy to read date","messageBody":"","fileTypesAndContributionMap":{"java":{"insertions":13,"deletions":9}}}]},{"date":"2025-08-29T00:00:00","commitResults":[{"hash":"3f9013ac1eac141ddeb5b80214c1fc2d94b2325f","isMergeCommit":false,"messageTitle":"Update events to use LocalDateTime","messageBody":"","fileTypesAndContributionMap":{"java":{"insertions":14,"deletions":11}}},{"hash":"f7dbaa12cfb8a3af50e5c67d0f2cbfed6491c913","isMergeCommit":false,"messageTitle":"Update Yappy to read date and time","messageBody":"","fileTypesAndContributionMap":{"java":{"insertions":22,"deletions":13}}},{"hash":"e5ae166a55945b2a5b80a0b87780b74be41134c2","isMergeCommit":true,"messageTitle":"Merge branch \u0027branch-level-8\u0027","messageBody":"","tags":["Level-8"],"fileTypesAndContributionMap":{}},{"hash":"763a52721b5001ab103db74962a75bc1dee8e4b9","isMergeCommit":false,"messageTitle":"Create Storage class to abstract saving tasks","messageBody":"","fileTypesAndContributionMap":{"java":{"insertions":31,"deletions":0}}},{"hash":"788be033e6052e7fbf713b397a4bd8ef6830b3e0","isMergeCommit":false,"messageTitle":"Create Ui class to abstract user interactions","messageBody":"","fileTypesAndContributionMap":{"java":{"insertions":17,"deletions":0}}},{"hash":"55e034a3c3fb3c03e314c472012f55bde12fe25c","isMergeCommit":false,"messageTitle":"Create TaskList class to store tasks","messageBody":"","fileTypesAndContributionMap":{"java":{"insertions":28,"deletions":0}}},{"hash":"ef27e25ea6b78011c9e10932833b5bf93b2aa8c0","isMergeCommit":false,"messageTitle":"Add Parser class to parse commands","messageBody":"","fileTypesAndContributionMap":{"java":{"insertions":61,"deletions":0}}},{"hash":"48d6e9d8831e5414c00cb574f7bb42d27aeb7787","isMergeCommit":false,"messageTitle":"Create abstract Command class","messageBody":"","fileTypesAndContributionMap":{"java":{"insertions":20,"deletions":0}}},{"hash":"93d7111997c0ea34174c3a81d7a858a73245ceef","isMergeCommit":false,"messageTitle":"Create child class for different commands","messageBody":"","fileTypesAndContributionMap":{"java":{"insertions":96,"deletions":0}}},{"hash":"aac97b7335c86510c19d58d57a52f79e4e468cda","isMergeCommit":false,"messageTitle":"Set FORMATTER to be final","messageBody":"","fileTypesAndContributionMap":{"java":{"insertions":7,"deletions":2}}},{"hash":"92fbd686de7e4d4a9edb2dad7bb3e54ec356fbad","isMergeCommit":false,"messageTitle":"Update methods and use ArrayList","messageBody":"","fileTypesAndContributionMap":{"java":{"insertions":22,"deletions":4}}},{"hash":"97cf6002a2a458d406fe912a6f4c1f5356acf311","isMergeCommit":false,"messageTitle":"Add methods for printing to console","messageBody":"","fileTypesAndContributionMap":{"java":{"insertions":62,"deletions":3}}},{"hash":"11043b1383d894946e2eb57dfa20c62a3e2759c5","isMergeCommit":false,"messageTitle":"Update methods to use index","messageBody":"","fileTypesAndContributionMap":{"java":{"insertions":46,"deletions":9}}},{"hash":"2751f39ad83f8395917aa5450e7a3e3ad182ffdc","isMergeCommit":false,"messageTitle":"Edit Yappy.java to work with new classes","messageBody":"","fileTypesAndContributionMap":{"java":{"insertions":117,"deletions":209}}},{"hash":"78573a1fba4e368bb2af637a8600c12afd757297","isMergeCommit":false,"messageTitle":"Fix bug in Yappy to write and read from disk","messageBody":"","fileTypesAndContributionMap":{"java":{"insertions":52,"deletions":20}}},{"hash":"b57c65ee6e5aaf8c6154a41f86536bdcfa8a95ec","isMergeCommit":true,"messageTitle":"Merge branch \u0027branch-more-oop\u0027","messageBody":"","tags":["A-MoreOOP"],"fileTypesAndContributionMap":{}},{"hash":"e05f71504704d615c1b9e647bad5d2ca8895854d","isMergeCommit":false,"messageTitle":"Refactor code base to use packages","messageBody":"","fileTypesAndContributionMap":{"java":{"insertions":101,"deletions":9}}},{"hash":"352d3764c442dd1e06eb176cc43af849cc74db49","isMergeCommit":true,"messageTitle":"Merge branch \u0027branch-packages\u0027","messageBody":"","tags":["A-Packages"],"fileTypesAndContributionMap":{}},{"hash":"fd3a8f275648ab76e0b1e976b06d2bf7d73f273f","isMergeCommit":false,"messageTitle":"Update build.gradle file entry point","messageBody":"","fileTypesAndContributionMap":{"gradle":{"insertions":1,"deletions":1},"txt":{"insertions":0,"deletions":0}}},{"hash":"48f8e0ff5e5c66d7effb6ad79a6261e41d81c26f","isMergeCommit":true,"messageTitle":"Merge branch \u0027add-gradle-support\u0027","messageBody":"","tags":["A-Gradle"],"fileTypesAndContributionMap":{}},{"hash":"99b6e2a9fe929f81ae1825a332d4e500612abcef","isMergeCommit":false,"messageTitle":"Change package name to yappy","messageBody":"","fileTypesAndContributionMap":{"java":{"insertions":4,"deletions":0}}},{"hash":"aea647b5c54fc896f69da553909e79dcafabbe77","isMergeCommit":false,"messageTitle":"Add jUnit test for loadTasks method","messageBody":"","fileTypesAndContributionMap":{"java":{"insertions":72,"deletions":0}}},{"hash":"052c3a75e1fd55c867203b16f8f8fcf883d89632","isMergeCommit":false,"messageTitle":"Refactor package name in files","messageBody":"","fileTypesAndContributionMap":{"gradle":{"insertions":1,"deletions":1},"txt":{"insertions":1,"deletions":0},"java":{"insertions":86,"deletions":66}}},{"hash":"c9361168bebc5a584d26d35855ac4f23e5c24ac0","isMergeCommit":false,"messageTitle":"Update build.gradle file","messageBody":"","fileTypesAndContributionMap":{"gradle":{"insertions":1,"deletions":1}}},{"hash":"4bf814aabbcf967e012da1593bf8c76a8e8bc7d8","isMergeCommit":false,"messageTitle":"Add JUnit test for parse method","messageBody":"","fileTypesAndContributionMap":{"java":{"insertions":28,"deletions":0}}},{"hash":"da731aff6e3e08959e513c3a1d880a40e0d119b1","isMergeCommit":true,"messageTitle":"Merge branch \u0027add-junit\u0027","messageBody":"","tags":["A-JUnit"],"fileTypesAndContributionMap":{}},{"hash":"f8da807716db44e780a3c35700b11085d0dcfcc8","isMergeCommit":false,"messageTitle":"Fix archiveBaseName to yappy","messageBody":"","fileTypesAndContributionMap":{"gradle":{"insertions":1,"deletions":1}}},{"hash":"4780da64b2146cdecd0f6960c9bfa4c68c723d6b","isMergeCommit":false,"messageTitle":"Fix minor typo in Yappy","messageBody":"","fileTypesAndContributionMap":{"java":{"insertions":2,"deletions":2}}}]},{"date":"2025-08-30T00:00:00","commitResults":[{"hash":"1514f6ac7154bf3daaab7153028ad0aac48ccd2d","isMergeCommit":false,"messageTitle":"Add JavaDocs for Storage class","messageBody":"","fileTypesAndContributionMap":{"java":{"insertions":8,"deletions":3}}},{"hash":"00f9f81674829155a1ff513e4c21ff3c80832be0","isMergeCommit":false,"messageTitle":"Add JavaDocs for TaskList class","messageBody":"","fileTypesAndContributionMap":{"java":{"insertions":25,"deletions":9}}},{"hash":"bdc8770d81f67b20251ef8640e45b925de971b44","isMergeCommit":false,"messageTitle":"Add JavaDoc for AddCommand","messageBody":"","fileTypesAndContributionMap":{"java":{"insertions":7,"deletions":1}}},{"hash":"7da9aa1916b775c45101b7d17be5e1b34e24aa40","isMergeCommit":false,"messageTitle":"Add JavaDocs comments for all command classes","messageBody":"","fileTypesAndContributionMap":{"java":{"insertions":81,"deletions":9}}},{"hash":"b1d2c94a140cafd306052dbfe4bbffc7f6b6f157","isMergeCommit":false,"messageTitle":"Add JavaDocs comments fofr YappyException class","messageBody":"","fileTypesAndContributionMap":{"java":{"insertions":10,"deletions":4}}},{"hash":"6f45e88b4ada0ff540e9f7c140047109f5057fbd","isMergeCommit":false,"messageTitle":"Add JavaDocs comments for YappyException","messageBody":"","fileTypesAndContributionMap":{"java":{"insertions":1,"deletions":1}}},{"hash":"7c45d1e1ba8807c4150d8f1965977eb7e4de2be9","isMergeCommit":false,"messageTitle":"Add JavaDocs comments for Task classes","messageBody":"","fileTypesAndContributionMap":{"java":{"insertions":76,"deletions":4}}},{"hash":"ea08f8c6adbc7e7fe6f718fdaeaa6fe4e7bc0d52","isMergeCommit":false,"messageTitle":"Add JavaDocs comments for ui classes","messageBody":"","fileTypesAndContributionMap":{"java":{"insertions":58,"deletions":22}}},{"hash":"a31aa418de14ed72d6eb85ee3c590e6ae360a670","isMergeCommit":true,"messageTitle":"Merge branch \u0027branch-A-JavaDoc\u0027","messageBody":"","tags":["A-JavaDoc"],"fileTypesAndContributionMap":{}},{"hash":"394dd39f621cc8dafe087d14010b9a3957993182","isMergeCommit":false,"messageTitle":"Change method name toFileString as verb","messageBody":"","fileTypesAndContributionMap":{"java":{"insertions":4,"deletions":4}}},{"hash":"73da2222e3949ed6941fc6a06f076dc577ce4d65","isMergeCommit":true,"messageTitle":"Merge branch \u0027branch-A-CodingStandard\u0027","messageBody":"","tags":["A-CodingStandard"],"fileTypesAndContributionMap":{}},{"hash":"7747d3e951c613fa56f1af5d1fdc385bc68d9c33","isMergeCommit":false,"messageTitle":"Fix toFileString usage in Storage class","messageBody":"","fileTypesAndContributionMap":{"java":{"insertions":1,"deletions":1}}},{"hash":"0e49f2d113d9e1727cf35469899073992eeec4a8","isMergeCommit":false,"messageTitle":"Add FindCommand class","messageBody":"","fileTypesAndContributionMap":{"java":{"insertions":59,"deletions":0}}},{"hash":"e2e22c15a7b00bc814e4de02056e76e0166143ad","isMergeCommit":false,"messageTitle":"Add conditional messaging for execute method","messageBody":"","fileTypesAndContributionMap":{"java":{"insertions":6,"deletions":2}}},{"hash":"7a19710902180a6983e06be8f3676169828566ae","isMergeCommit":false,"messageTitle":"Remove message printing from showTasks method","messageBody":"","fileTypesAndContributionMap":{"java":{"insertions":0,"deletions":3}}},{"hash":"c8e9bee84db9afce29e2e1dd653c55a16fe6db03","isMergeCommit":false,"messageTitle":"Add find command to parse method","messageBody":"","fileTypesAndContributionMap":{"java":{"insertions":6,"deletions":1}}},{"hash":"7f4299431a85e23dad896707faaf878f9d37c004","isMergeCommit":false,"messageTitle":"Formatting of print statement in execute","messageBody":"","fileTypesAndContributionMap":{"java":{"insertions":1,"deletions":1}}},{"hash":"3c4a05d058de1ae190ff057ad15ed23d623a2176","isMergeCommit":true,"messageTitle":"Merge branch \u0027branch-level-9\u0027","messageBody":"","tags":["Level-9"],"fileTypesAndContributionMap":{}}]},{"date":"2025-09-04T00:00:00","commitResults":[{"hash":"c438029f9045916466099703bfbeb0a9208e54d8","isMergeCommit":false,"messageTitle":"Add checkstyle files to run checkstyle","messageBody":"","fileTypesAndContributionMap":{"gradle":{"insertions":6,"deletions":1}}},{"hash":"c163ab1ace22f6b5007b379559f789d7324a1bcc","isMergeCommit":false,"messageTitle":"Edit files according to checkstyle script","messageBody":"","fileTypesAndContributionMap":{"txt":{"insertions":2,"deletions":0},"java":{"insertions":22,"deletions":12}}},{"hash":"9d624471ecf668ed7938d18112e7d2e0d47d8e1c","isMergeCommit":true,"messageTitle":"Merge branch \u0027A-CheckStyle\u0027","messageBody":"","tags":["A-CheckStyle"],"fileTypesAndContributionMap":{}}]},{"date":"2025-09-05T00:00:00","commitResults":[{"hash":"6aaeee10141d911525056545d31b5d6aea692f2d","isMergeCommit":false,"messageTitle":"Update build.gradle file mainClass","messageBody":"","fileTypesAndContributionMap":{"gradle":{"insertions":1,"deletions":1},"fxml":{"insertions":42,"deletions":0},"java":{"insertions":163,"deletions":0}}},{"hash":"1fd3e8b87d046b39dd4e3062d13f90874e7f6426","isMergeCommit":false,"messageTitle":"Update Commands to work with ui","messageBody":"","fileTypesAndContributionMap":{"java":{"insertions":20,"deletions":22}}},{"hash":"02876d00916edb15cde18b69efdd9462c536bc42","isMergeCommit":false,"messageTitle":"Add JavaFX implementation for ui","messageBody":"","fileTypesAndContributionMap":{"java":{"insertions":65,"deletions":35}}},{"hash":"b631343ae6d8dd029004a6eb5a7b1dd5ab54ebf3","isMergeCommit":true,"messageTitle":"Merge branch \u0027branch-level-10\u0027","messageBody":"","tags":["Level-10"],"fileTypesAndContributionMap":{}}]},{"date":"2025-09-06T00:00:00","commitResults":[{"hash":"b5d089a99c1ad572678e77adc3c39f38824cf390","isMergeCommit":false,"messageTitle":"Use varargs for find command","messageBody":"","fileTypesAndContributionMap":{"java":{"insertions":9,"deletions":6}}},{"hash":"51985dda1e4cc1b40482bab8aea50cdc8afc7f0b","isMergeCommit":true,"messageTitle":"Merge branch \u0027branch-A-Varargs\u0027","messageBody":"","tags":["A-Varargs"],"fileTypesAndContributionMap":{}},{"hash":"bff873899d7648b1261049969cd73c3a27f2c072","isMergeCommit":false,"messageTitle":"Fix bug in findCommand","messageBody":"","fileTypesAndContributionMap":{"java":{"insertions":4,"deletions":4}}}]}]},"authorFileTypeContributionMap":{"weixianuni":{"java":1333,"md":0,"fxml":42,"sh":1,"bat":0,"gradle":7,"txt":13}},"authorContributionVariance":{"weixianuni":60992.574},"authorDisplayNameMap":{"weixianuni":"CS2103T-W12-4 TAN ..XIAN"}}
