{"authorDailyContributionsMap":{"ziheng119":[{"date":"2025-08-20T00:00:00","commitResults":[{"hash":"b275e13e9eaa708ec9fe8658bd1cc1d162e6d89a","isMergeCommit":false,"messageTitle":"Rename, Greet, Exit","messageBody":"","fileTypesAndContributionMap":{"java":{"insertions":10,"deletions":10}}},{"hash":"9ac22481f911212469989060a9c94a5d6e390d52","isMergeCommit":false,"messageTitle":"Echo","messageBody":"","tags":["Level-2","Level-1"],"fileTypesAndContributionMap":{"java":{"insertions":23,"deletions":10}}},{"hash":"7121a8aaa85e2448e29caf6ae96dfa879f3fb2cd","isMergeCommit":false,"messageTitle":"Add, List","messageBody":"","fileTypesAndContributionMap":{"java":{"insertions":13,"deletions":5},"bat":{"insertions":1,"deletions":1},"md":{"insertions":3,"deletions":3}}},{"hash":"e0122b3a413e573d7386f363f51202a692ca7673","isMergeCommit":false,"messageTitle":"Mark as Done","messageBody":"","fileTypesAndContributionMap":{"java":{"insertions":4,"deletions":0}}},{"hash":"77203f88f6bd82d7d43ef3709712624103965ec8","isMergeCommit":false,"messageTitle":"Mark as Done","messageBody":"","tags":["Level-3"],"fileTypesAndContributionMap":{"java":{"insertions":55,"deletions":8}}},{"hash":"4787ec5c0b863dc859d10e8ad3368b01bb0ecb76","isMergeCommit":false,"messageTitle":"ToDos, Events, Deadlines","messageBody":"","fileTypesAndContributionMap":{"txt":{"insertions":1,"deletions":0},"java":{"insertions":12,"deletions":0}}},{"hash":"43e8967c3661cfcad844575a723e6906bef5a7d6","isMergeCommit":false,"messageTitle":"ToDos, Events, Deadlines","messageBody":"","tags":["Level-4"],"fileTypesAndContributionMap":{"java":{"insertions":86,"deletions":17},"sh":{"insertions":1,"deletions":1}}},{"hash":"83d9789fcfc59073b7bb82e26a74aec2c56557d4","isMergeCommit":false,"messageTitle":"Automated Text UI Testing","messageBody":"","tags":["A-TextUiTesting"],"fileTypesAndContributionMap":{"txt":{"insertions":1,"deletions":0},"java":{"insertions":3,"deletions":10},"sh":{"insertions":3,"deletions":3}}},{"hash":"0b672dfcec15ceae0e9c45ea76f54686bbeae9c2","isMergeCommit":false,"messageTitle":"Handle Errors","messageBody":"","tags":["Level-5"],"fileTypesAndContributionMap":{"java":{"insertions":21,"deletions":4}}},{"hash":"558cd69f5e474868e9c3d326063d95ba4b4a666f","isMergeCommit":false,"messageTitle":"Delete","messageBody":"","tags":["Level-6"],"fileTypesAndContributionMap":{"java":{"insertions":25,"deletions":17}}}]},{"date":"2025-08-21T00:00:00","commitResults":[{"hash":"d0d5c7957786807d19ba75e7716127ff1c56a862","isMergeCommit":false,"messageTitle":"Added Exception","messageBody":"","fileTypesAndContributionMap":{"txt":{"insertions":16,"deletions":2},"java":{"insertions":69,"deletions":59},"sh":{"insertions":3,"deletions":3}}}]}]},"authorFileTypeContributionMap":{"ziheng119":{"java":191,"md":3,"fxml":0,"sh":3,"bat":1,"gradle":0,"txt":16}},"authorContributionVariance":{"ziheng119":9159.495},"authorDisplayNameMap":{"ziheng119":"GAN ..HENG"}}
