{"authorDailyContributionsMap":{"XJie97":[{"date":"2025-08-20T00:00:00","commitResults":[{"hash":"fa7abeaac28e8aca844ad2599909aa6969f6fc1c","isMergeCommit":false,"messageTitle":"Level-1-Echo","messageBody":"","fileTypesAndContributionMap":{"java":{"insertions":30,"deletions":10}}}]},{"date":"2025-08-21T00:00:00","commitResults":[{"hash":"bda526a2d7260b1c8bdc527e27019f8a52803b19","isMergeCommit":false,"messageTitle":"Level-1-Echo","messageBody":"","tags":["Level-2-Add,-List"],"fileTypesAndContributionMap":{"java":{"insertions":30,"deletions":10}}},{"hash":"bd95313a3d1b6dd4a1e3d5c7e9baad391fab1cb3","isMergeCommit":false,"messageTitle":"Level-2-Add,-List","messageBody":"","fileTypesAndContributionMap":{"java":{"insertions":35,"deletions":8}}},{"hash":"438aa7b877146d216fdd4b6eea25ebd0aea14ef2","isMergeCommit":false,"messageTitle":"Level-2-Add,-List","messageBody":"","fileTypesAndContributionMap":{"java":{"insertions":0,"deletions":6}}},{"hash":"b8a449c16043e7f2257486f788163ffdeeacc602","isMergeCommit":true,"messageTitle":"Merge branch \u0027master\u0027 of https://github.com/XJie97/ip","messageBody":"","tags":["Level-3-Mark-as-Done"],"fileTypesAndContributionMap":{}},{"hash":"3506aa839e9ba2df647790642cb896c969579f1a","isMergeCommit":false,"messageTitle":"Level-3-Mark-as-Done","messageBody":"","fileTypesAndContributionMap":{"java":{"insertions":55,"deletions":12}}},{"hash":"012b494a4a8808ef33daa26383ea150cf8518414","isMergeCommit":false,"messageTitle":"Level-3-Mark-as-Done","messageBody":"","tags":["Level-4-ToDos-Events-Deadlines"],"fileTypesAndContributionMap":{"java":{"insertions":28,"deletions":8}}},{"hash":"7969a5a10082018d906d9846b1eae4eb5e9757b7","isMergeCommit":false,"messageTitle":"Level-4-ToDos-Events-Deadlines","messageBody":"","tags":["Level-5-Handle-Errors"],"fileTypesAndContributionMap":{"java":{"insertions":134,"deletions":41}}},{"hash":"ddd9d0501dd0e3c90362b4b263df3eaef2ba3833","isMergeCommit":false,"messageTitle":"Level-5-Handle-Errors","messageBody":"","tags":["Level-6"],"fileTypesAndContributionMap":{"java":{"insertions":86,"deletions":73}}},{"hash":"b54ecd77ae674a82cb63f78172e334dd36758c77","isMergeCommit":false,"messageTitle":"Level-6-Delete","messageBody":"","tags":["A-Enums"],"fileTypesAndContributionMap":{"java":{"insertions":17,"deletions":2}}},{"hash":"d10bda10233af2af943d11bb98939d293fed635b","isMergeCommit":false,"messageTitle":"A-Enums","messageBody":"","fileTypesAndContributionMap":{"java":{"insertions":348,"deletions":131}}}]}]},"authorFileTypeContributionMap":{"XJie97":{"java":452,"md":0,"fxml":0,"sh":0,"bat":0,"gradle":0,"txt":0}},"authorContributionVariance":{"XJie97":69236.57},"authorDisplayNameMap":{"XJie97":"LOH .. JIE"}}
