{"authorDailyContributionsMap":{"GuoGangQuan":[{"date":"2025-08-19T00:00:00","commitResults":[{"hash":"0a54e2056064cb82ac50e3e811bde71a96154173","isMergeCommit":false,"messageTitle":"Add Gloqi.java","messageBody":"Let\u0027s rename the chatbot to Gloqi, greet, and exit\n","fileTypesAndContributionMap":{"java":{"insertions":10,"deletions":10}}},{"hash":"0e258a81cba2c3d6d98fedb60c367dde1714c461","isMergeCommit":false,"messageTitle":"Make methods for greeting and ending messages","messageBody":"The code in the main method is chunky, considering future addon\nfeature, I should simplify main.\n\nLet\u0027s make methods for greeting and ending messages, so that the\nmain method will look clean and easy to read\n","fileTypesAndContributionMap":{"java":{"insertions":18,"deletions":5}}},{"hash":"685ea8e6870d84d74c25ece011220eea399930a5","isMergeCommit":false,"messageTitle":"Modify printInPrompt to include a separator","messageBody":"The messages in the prompt are crowded and difficult to read.\n\nLet\u0027s include a separator to improve readability.\n","tags":["Level-0"],"fileTypesAndContributionMap":{"java":{"insertions":1,"deletions":0}}}]}]},"authorFileTypeContributionMap":{"GuoGangQuan":{"java":24,"md":0,"fxml":0,"sh":0,"bat":0,"gradle":0,"txt":0}},"authorContributionVariance":{"GuoGangQuan":147.88887},"authorDisplayNameMap":{"GuoGangQuan":"GUO ..QUAN"}}
