{"authorDailyContributionsMap":{"Kimberlee97":[{"date":"2025-08-18T00:00:00","commitResults":[{"hash":"0a68a05c0b74b36f20d9fe6f66e4d18a27884148","isMergeCommit":false,"messageTitle":"Implement Level-0 Features","messageBody":"","fileTypesAndContributionMap":{"java":{"insertions":1,"deletions":0}}},{"hash":"2d6e712e6ad6e66135d442361d64fd666eb0e466","isMergeCommit":false,"messageTitle":"Implement Greet and Goodbye Features","messageBody":"","tags":["Level-0"],"fileTypesAndContributionMap":{"java":{"insertions":15,"deletions":8}}},{"hash":"ac6aa9cdc907b43bff5a1300d742cd32f346c994","isMergeCommit":false,"messageTitle":"Add Echo feature","messageBody":"","fileTypesAndContributionMap":{"java":{"insertions":9,"deletions":1}}},{"hash":"e6da75e95ef32d7be2774c60f97c5ae9174d1568","isMergeCommit":false,"messageTitle":"Add termination feature","messageBody":"","tags":["Level-1"],"fileTypesAndContributionMap":{"java":{"insertions":9,"deletions":5}}},{"hash":"58eb436bf0228c75d2534c5ae3976be36bc7a3de","isMergeCommit":false,"messageTitle":"Add Add and List features","messageBody":"","tags":["Level-2"],"fileTypesAndContributionMap":{"java":{"insertions":10,"deletions":1}}}]},{"date":"2025-08-20T00:00:00","commitResults":[{"hash":"19e22daae3d98cd6a74462d70f0d054f1392c917","isMergeCommit":false,"messageTitle":"Add message for empty list","messageBody":"","fileTypesAndContributionMap":{"java":{"insertions":4,"deletions":1}}}]}]},"authorFileTypeContributionMap":{"Kimberlee97":{"java":39,"md":0,"fxml":0,"sh":0,"bat":0,"gradle":0,"txt":0}},"authorContributionVariance":{"Kimberlee97":245.45563},"authorDisplayNameMap":{"Kimberlee97":"KIMB.. RAE"}}
