[{"path":"src/main/java/Deadline.java","fileType":"java","lines":[{"lineNumber":1,"author":{"gitId":"timothyleejin"},"content":"public class Deadline extends Task {","lastModifiedDate":"2025-08-22T01:17:08","isFullCredit":false},{"lineNumber":2,"author":{"gitId":"timothyleejin"},"content":"    protected String by;","lastModifiedDate":"2025-08-22T01:17:08","isFullCredit":false},{"lineNumber":3,"author":{"gitId":"timothyleejin"},"content":"","lastModifiedDate":"2025-08-22T01:17:08","isFullCredit":false},{"lineNumber":4,"author":{"gitId":"timothyleejin"},"content":"    public Deadline(String description, String by) {","lastModifiedDate":"2025-08-22T01:17:08","isFullCredit":false},{"lineNumber":5,"author":{"gitId":"timothyleejin"},"content":"        super(description);","lastModifiedDate":"2025-08-22T01:17:08","isFullCredit":false},{"lineNumber":6,"author":{"gitId":"timothyleejin"},"content":"        this.by \u003d by;","lastModifiedDate":"2025-08-22T01:17:08","isFullCredit":false},{"lineNumber":7,"author":{"gitId":"timothyleejin"},"content":"    }","lastModifiedDate":"2025-08-22T01:17:08","isFullCredit":false},{"lineNumber":8,"author":{"gitId":"timothyleejin"},"content":"","lastModifiedDate":"2025-08-22T01:17:08","isFullCredit":false},{"lineNumber":9,"author":{"gitId":"timothyleejin"},"content":"    @Override","lastModifiedDate":"2025-08-22T01:17:08","isFullCredit":false},{"lineNumber":10,"author":{"gitId":"timothyleejin"},"content":"    public String toString() {","lastModifiedDate":"2025-08-22T01:17:08","isFullCredit":false},{"lineNumber":11,"author":{"gitId":"timothyleejin"},"content":"        return \"[D]\" + super.toString() + \" (by: \" + by + \")\";","lastModifiedDate":"2025-08-22T01:17:08","isFullCredit":false},{"lineNumber":12,"author":{"gitId":"timothyleejin"},"content":"    }","lastModifiedDate":"2025-08-22T01:17:08","isFullCredit":false},{"lineNumber":13,"author":{"gitId":"timothyleejin"},"content":"}","lastModifiedDate":"2025-08-22T01:17:08","isFullCredit":false}],"authorContributionMap":{"timothyleejin":13}},{"path":"src/main/java/Event.java","fileType":"java","lines":[{"lineNumber":1,"author":{"gitId":"timothyleejin"},"content":"public class Event extends Task {","lastModifiedDate":"2025-08-22T01:17:08","isFullCredit":false},{"lineNumber":2,"author":{"gitId":"timothyleejin"},"content":"    protected String from;","lastModifiedDate":"2025-08-22T01:17:08","isFullCredit":false},{"lineNumber":3,"author":{"gitId":"timothyleejin"},"content":"    protected String to;","lastModifiedDate":"2025-08-22T01:17:08","isFullCredit":false},{"lineNumber":4,"author":{"gitId":"timothyleejin"},"content":"","lastModifiedDate":"2025-08-22T01:17:08","isFullCredit":false},{"lineNumber":5,"author":{"gitId":"timothyleejin"},"content":"    public Event(String description, String from, String to) {","lastModifiedDate":"2025-08-22T01:17:08","isFullCredit":false},{"lineNumber":6,"author":{"gitId":"timothyleejin"},"content":"        super(description);","lastModifiedDate":"2025-08-22T01:17:08","isFullCredit":false},{"lineNumber":7,"author":{"gitId":"timothyleejin"},"content":"        this.from \u003d from;","lastModifiedDate":"2025-08-22T01:17:08","isFullCredit":false},{"lineNumber":8,"author":{"gitId":"timothyleejin"},"content":"        this.to \u003d to;","lastModifiedDate":"2025-08-22T01:17:08","isFullCredit":false},{"lineNumber":9,"author":{"gitId":"timothyleejin"},"content":"    }","lastModifiedDate":"2025-08-22T01:17:08","isFullCredit":false},{"lineNumber":10,"author":{"gitId":"timothyleejin"},"content":"","lastModifiedDate":"2025-08-22T01:17:08","isFullCredit":false},{"lineNumber":11,"author":{"gitId":"timothyleejin"},"content":"    @Override","lastModifiedDate":"2025-08-22T01:17:08","isFullCredit":false},{"lineNumber":12,"author":{"gitId":"timothyleejin"},"content":"    public String toString() {","lastModifiedDate":"2025-08-22T01:17:08","isFullCredit":false},{"lineNumber":13,"author":{"gitId":"timothyleejin"},"content":"        return \"[E]\" + super.toString() + \" (from: \" + from + \" to: \" + to + \")\";","lastModifiedDate":"2025-08-22T01:17:08","isFullCredit":false},{"lineNumber":14,"author":{"gitId":"timothyleejin"},"content":"    }","lastModifiedDate":"2025-08-22T01:17:08","isFullCredit":false},{"lineNumber":15,"author":{"gitId":"timothyleejin"},"content":"}","lastModifiedDate":"2025-08-22T01:17:08","isFullCredit":false}],"authorContributionMap":{"timothyleejin":15}},{"path":"src/main/java/Siri.java","fileType":"java","lines":[{"lineNumber":1,"author":{"gitId":"timothyleejin"},"content":"import java.util.ArrayList;","lastModifiedDate":"2025-08-22T02:27:30","isFullCredit":false},{"lineNumber":2,"author":{"gitId":"timothyleejin"},"content":"import java.util.Scanner;","lastModifiedDate":"2025-08-21T23:52:19","isFullCredit":false},{"lineNumber":3,"author":{"gitId":"timothyleejin"},"content":"","lastModifiedDate":"2025-08-21T23:52:19","isFullCredit":false},{"lineNumber":4,"author":{"gitId":"timothyleejin"},"content":"public class Siri {","lastModifiedDate":"2025-08-21T23:36:20","isFullCredit":false},{"lineNumber":5,"author":{"gitId":"timothyleejin"},"content":"    private static ArrayList\u003cTask\u003e tasks \u003d new ArrayList\u003c\u003e();","lastModifiedDate":"2025-08-22T02:27:30","isFullCredit":false},{"lineNumber":6,"author":{"gitId":"timothyleejin"},"content":"","lastModifiedDate":"2025-08-22T01:17:08","isFullCredit":false},{"lineNumber":7,"author":{"gitId":"timothyleejin"},"content":"    public static void main(String[] args) {","lastModifiedDate":"2025-08-21T23:36:20","isFullCredit":false},{"lineNumber":8,"author":{"gitId":"timothyleejin"},"content":"        Scanner scanner \u003d new Scanner(System.in);","lastModifiedDate":"2025-08-21T23:52:19","isFullCredit":false},{"lineNumber":9,"author":{"gitId":"timothyleejin"},"content":"","lastModifiedDate":"2025-08-21T23:52:19","isFullCredit":false},{"lineNumber":10,"author":{"gitId":"timothyleejin"},"content":"        System.out.println(\"Hello! I\u0027m Siri!\\n\");","lastModifiedDate":"2025-08-21T23:52:19","isFullCredit":false},{"lineNumber":11,"author":{"gitId":"timothyleejin"},"content":"        System.out.println(\"What can I do for you?\\n\");","lastModifiedDate":"2025-08-21T23:52:19","isFullCredit":false},{"lineNumber":12,"author":{"gitId":"timothyleejin"},"content":"","lastModifiedDate":"2025-08-21T23:52:19","isFullCredit":false},{"lineNumber":13,"author":{"gitId":"timothyleejin"},"content":"        while (true) {","lastModifiedDate":"2025-08-21T23:52:19","isFullCredit":false},{"lineNumber":14,"author":{"gitId":"timothyleejin"},"content":"            String command \u003d scanner.nextLine();","lastModifiedDate":"2025-08-21T23:52:19","isFullCredit":false},{"lineNumber":15,"author":{"gitId":"timothyleejin"},"content":"            try {","lastModifiedDate":"2025-08-22T02:27:30","isFullCredit":false},{"lineNumber":16,"author":{"gitId":"timothyleejin"},"content":"                executeCommand(command);","lastModifiedDate":"2025-08-22T02:27:30","isFullCredit":false},{"lineNumber":17,"author":{"gitId":"timothyleejin"},"content":"            } catch (SiriException e) {","lastModifiedDate":"2025-08-22T02:27:30","isFullCredit":false},{"lineNumber":18,"author":{"gitId":"timothyleejin"},"content":"                System.out.println(\"____________________________________________________________\");","lastModifiedDate":"2025-08-22T02:27:30","isFullCredit":false},{"lineNumber":19,"author":{"gitId":"timothyleejin"},"content":"                System.out.println(\" \" + e.getMessage());","lastModifiedDate":"2025-08-22T02:27:30","isFullCredit":false},{"lineNumber":20,"author":{"gitId":"timothyleejin"},"content":"                System.out.println(\"____________________________________________________________\");","lastModifiedDate":"2025-08-22T02:27:30","isFullCredit":false},{"lineNumber":21,"author":{"gitId":"timothyleejin"},"content":"            }","lastModifiedDate":"2025-08-22T02:27:30","isFullCredit":false},{"lineNumber":22,"author":{"gitId":"timothyleejin"},"content":"        }","lastModifiedDate":"2025-08-22T02:27:30","isFullCredit":false},{"lineNumber":23,"author":{"gitId":"timothyleejin"},"content":"    }","lastModifiedDate":"2025-08-22T02:27:30","isFullCredit":false},{"lineNumber":24,"author":{"gitId":"timothyleejin"},"content":"","lastModifiedDate":"2025-08-22T00:25:19","isFullCredit":false},{"lineNumber":25,"author":{"gitId":"timothyleejin"},"content":"    private static void executeCommand(String command) throws SiriException {","lastModifiedDate":"2025-08-22T02:27:30","isFullCredit":false},{"lineNumber":26,"author":{"gitId":"timothyleejin"},"content":"            if (command.equalsIgnoreCase(\"bye\")) {","lastModifiedDate":"2025-08-21T23:52:19","isFullCredit":false},{"lineNumber":27,"author":{"gitId":"timothyleejin"},"content":"                System.out.println(\"____________________________________________________________\");","lastModifiedDate":"2025-08-22T02:27:30","isFullCredit":false},{"lineNumber":28,"author":{"gitId":"timothyleejin"},"content":"                System.out.println(\"Bye. Hope to see you again soon!\");","lastModifiedDate":"2025-08-21T23:52:19","isFullCredit":false},{"lineNumber":29,"author":{"gitId":"timothyleejin"},"content":"                System.out.println(\"____________________________________________________________\");","lastModifiedDate":"2025-08-22T02:27:30","isFullCredit":false},{"lineNumber":30,"author":{"gitId":"timothyleejin"},"content":"                System.exit(0);","lastModifiedDate":"2025-08-22T02:27:30","isFullCredit":false},{"lineNumber":31,"author":{"gitId":"timothyleejin"},"content":"            } else if (command.equalsIgnoreCase(\"list\")) {","lastModifiedDate":"2025-08-22T01:17:08","isFullCredit":false},{"lineNumber":32,"author":{"gitId":"timothyleejin"},"content":"                print();","lastModifiedDate":"2025-08-22T01:17:08","isFullCredit":false},{"lineNumber":33,"author":{"gitId":"timothyleejin"},"content":"            } else if (command.startsWith(\"mark \")) {","lastModifiedDate":"2025-08-22T01:17:08","isFullCredit":false},{"lineNumber":34,"author":{"gitId":"timothyleejin"},"content":"                System.out.println(\"____________________________________________________________\");","lastModifiedDate":"2025-08-22T02:27:30","isFullCredit":false},{"lineNumber":35,"author":{"gitId":"timothyleejin"},"content":"                String[] word \u003d command.split(\" \");","lastModifiedDate":"2025-08-22T00:25:19","isFullCredit":false},{"lineNumber":36,"author":{"gitId":"timothyleejin"},"content":"                int index \u003d Integer.parseInt(word[1]) - 1;","lastModifiedDate":"2025-08-22T00:25:19","isFullCredit":false},{"lineNumber":37,"author":{"gitId":"timothyleejin"},"content":"                tasks.get(index).markDone();","lastModifiedDate":"2025-08-22T02:27:30","isFullCredit":false},{"lineNumber":38,"author":{"gitId":"timothyleejin"},"content":"                System.out.println(\"Nice! I\u0027ve marked this task as done:\\n \" + tasks.get(index));","lastModifiedDate":"2025-08-22T02:27:30","isFullCredit":false},{"lineNumber":39,"author":{"gitId":"timothyleejin"},"content":"                System.out.println(\"____________________________________________________________\");","lastModifiedDate":"2025-08-22T02:27:30","isFullCredit":false},{"lineNumber":40,"author":{"gitId":"timothyleejin"},"content":"            } else if (command.startsWith(\"unmark \")) {","lastModifiedDate":"2025-08-22T01:17:08","isFullCredit":false},{"lineNumber":41,"author":{"gitId":"timothyleejin"},"content":"                System.out.println(\"____________________________________________________________\");","lastModifiedDate":"2025-08-22T02:27:30","isFullCredit":false},{"lineNumber":42,"author":{"gitId":"timothyleejin"},"content":"                String[] word \u003d command.split(\" \");","lastModifiedDate":"2025-08-22T00:25:19","isFullCredit":false},{"lineNumber":43,"author":{"gitId":"timothyleejin"},"content":"                int index \u003d Integer.parseInt(word[1]) - 1;","lastModifiedDate":"2025-08-22T00:25:19","isFullCredit":false},{"lineNumber":44,"author":{"gitId":"timothyleejin"},"content":"                tasks.get(index).markUndone();","lastModifiedDate":"2025-08-22T02:27:30","isFullCredit":false},{"lineNumber":45,"author":{"gitId":"timothyleejin"},"content":"                System.out.println(\"OK, I\u0027ve marked this task as not done yet:\\n \" + tasks.get(index));","lastModifiedDate":"2025-08-22T02:27:30","isFullCredit":false},{"lineNumber":46,"author":{"gitId":"timothyleejin"},"content":"                System.out.println(\"____________________________________________________________\");","lastModifiedDate":"2025-08-22T02:27:30","isFullCredit":false},{"lineNumber":47,"author":{"gitId":"timothyleejin"},"content":"            } else if (command.startsWith(\"todo\")) {","lastModifiedDate":"2025-08-22T01:17:08","isFullCredit":false},{"lineNumber":48,"author":{"gitId":"timothyleejin"},"content":"                String description \u003d command.substring(4).trim();;","lastModifiedDate":"2025-08-22T02:27:30","isFullCredit":false},{"lineNumber":49,"author":{"gitId":"timothyleejin"},"content":"                if (description.isEmpty()) {","lastModifiedDate":"2025-08-22T02:27:30","isFullCredit":false},{"lineNumber":50,"author":{"gitId":"timothyleejin"},"content":"                    throw new SiriException(\"What is your todo task?\");","lastModifiedDate":"2025-08-22T02:27:30","isFullCredit":false},{"lineNumber":51,"author":{"gitId":"timothyleejin"},"content":"                }","lastModifiedDate":"2025-08-22T02:27:30","isFullCredit":false},{"lineNumber":52,"author":{"gitId":"timothyleejin"},"content":"                Task task \u003d new ToDo(description);","lastModifiedDate":"2025-08-22T01:17:08","isFullCredit":false},{"lineNumber":53,"author":{"gitId":"timothyleejin"},"content":"                addTask(task);","lastModifiedDate":"2025-08-22T01:17:08","isFullCredit":false},{"lineNumber":54,"author":{"gitId":"timothyleejin"},"content":"            } else if (command.startsWith(\"event\")) {","lastModifiedDate":"2025-08-22T01:17:08","isFullCredit":false},{"lineNumber":55,"author":{"gitId":"timothyleejin"},"content":"                String[] word \u003d command.split(\"/from|/to\");","lastModifiedDate":"2025-08-22T01:17:08","isFullCredit":false},{"lineNumber":56,"author":{"gitId":"timothyleejin"},"content":"                String description \u003d word[0].substring(5).trim();","lastModifiedDate":"2025-08-22T02:27:30","isFullCredit":false},{"lineNumber":57,"author":{"gitId":"timothyleejin"},"content":"                if (description.isEmpty()) {","lastModifiedDate":"2025-08-22T02:27:30","isFullCredit":false},{"lineNumber":58,"author":{"gitId":"timothyleejin"},"content":"                    throw new SiriException(\"What is your event task?\");","lastModifiedDate":"2025-08-22T02:27:30","isFullCredit":false},{"lineNumber":59,"author":{"gitId":"timothyleejin"},"content":"                }","lastModifiedDate":"2025-08-22T02:27:30","isFullCredit":false},{"lineNumber":60,"author":{"gitId":"timothyleejin"},"content":"                String from \u003d word[1].trim();","lastModifiedDate":"2025-08-22T01:17:08","isFullCredit":false},{"lineNumber":61,"author":{"gitId":"timothyleejin"},"content":"                String to \u003d word[2].trim();","lastModifiedDate":"2025-08-22T01:17:08","isFullCredit":false},{"lineNumber":62,"author":{"gitId":"timothyleejin"},"content":"                Task task \u003d new Event(description, from, to);","lastModifiedDate":"2025-08-22T01:17:08","isFullCredit":false},{"lineNumber":63,"author":{"gitId":"timothyleejin"},"content":"                addTask(task);","lastModifiedDate":"2025-08-22T01:17:08","isFullCredit":false},{"lineNumber":64,"author":{"gitId":"timothyleejin"},"content":"            } else if (command.startsWith(\"deadline\")) {","lastModifiedDate":"2025-08-22T01:17:08","isFullCredit":false},{"lineNumber":65,"author":{"gitId":"timothyleejin"},"content":"                String[] words \u003d command.split(\"/by\", 2);","lastModifiedDate":"2025-08-22T01:17:08","isFullCredit":false},{"lineNumber":66,"author":{"gitId":"timothyleejin"},"content":"                String description \u003d words[0].substring(8).trim();","lastModifiedDate":"2025-08-22T02:27:30","isFullCredit":false},{"lineNumber":67,"author":{"gitId":"timothyleejin"},"content":"                if (description.isEmpty()) {","lastModifiedDate":"2025-08-22T02:27:30","isFullCredit":false},{"lineNumber":68,"author":{"gitId":"timothyleejin"},"content":"                    throw new SiriException(\"What is your deadline task?\");","lastModifiedDate":"2025-08-22T02:27:30","isFullCredit":false},{"lineNumber":69,"author":{"gitId":"timothyleejin"},"content":"                }","lastModifiedDate":"2025-08-22T02:27:30","isFullCredit":false},{"lineNumber":70,"author":{"gitId":"timothyleejin"},"content":"                String by \u003d words[1].trim();","lastModifiedDate":"2025-08-22T01:17:08","isFullCredit":false},{"lineNumber":71,"author":{"gitId":"timothyleejin"},"content":"                Task task \u003d new Deadline(description, by);","lastModifiedDate":"2025-08-22T01:17:08","isFullCredit":false},{"lineNumber":72,"author":{"gitId":"timothyleejin"},"content":"                addTask(task);","lastModifiedDate":"2025-08-22T01:17:08","isFullCredit":false},{"lineNumber":73,"author":{"gitId":"timothyleejin"},"content":"            } else if (command.startsWith(\"delete\")) {","lastModifiedDate":"2025-08-22T02:27:30","isFullCredit":false},{"lineNumber":74,"author":{"gitId":"timothyleejin"},"content":"                System.out.println(\"____________________________________________________________\");","lastModifiedDate":"2025-08-22T02:27:30","isFullCredit":false},{"lineNumber":75,"author":{"gitId":"timothyleejin"},"content":"                int index \u003d Integer.parseInt(command.split(\" \")[1]) - 1;","lastModifiedDate":"2025-08-22T02:27:30","isFullCredit":false},{"lineNumber":76,"author":{"gitId":"timothyleejin"},"content":"                Task removedTask \u003d tasks.remove(index);","lastModifiedDate":"2025-08-22T02:27:30","isFullCredit":false},{"lineNumber":77,"author":{"gitId":"timothyleejin"},"content":"                System.out.println(\"Gotcha :) I\u0027ve removed this task:\\n \" + removedTask);","lastModifiedDate":"2025-08-22T02:27:30","isFullCredit":false},{"lineNumber":78,"author":{"gitId":"timothyleejin"},"content":"                System.out.println(\"Now you have \" + tasks.size() + \" tasks in the list.\");","lastModifiedDate":"2025-08-22T02:27:30","isFullCredit":false},{"lineNumber":79,"author":{"gitId":"timothyleejin"},"content":"                System.out.println(\"____________________________________________________________\");","lastModifiedDate":"2025-08-22T02:27:30","isFullCredit":false},{"lineNumber":80,"author":{"gitId":"timothyleejin"},"content":"            } else {","lastModifiedDate":"2025-08-22T01:17:08","isFullCredit":false},{"lineNumber":81,"author":{"gitId":"timothyleejin"},"content":"                throw new SiriException(\"Sorry :((( I don\u0027t know what that means\");","lastModifiedDate":"2025-08-22T02:27:30","isFullCredit":false},{"lineNumber":82,"author":{"gitId":"timothyleejin"},"content":"            }","lastModifiedDate":"2025-08-22T00:25:19","isFullCredit":false},{"lineNumber":83,"author":{"gitId":"timothyleejin"},"content":"    }","lastModifiedDate":"2025-08-21T23:52:19","isFullCredit":false},{"lineNumber":84,"author":{"gitId":"timothyleejin"},"content":"","lastModifiedDate":"2025-08-22T00:25:19","isFullCredit":false},{"lineNumber":85,"author":{"gitId":"timothyleejin"},"content":"    private static void print() {","lastModifiedDate":"2025-08-22T01:17:08","isFullCredit":false},{"lineNumber":86,"author":{"gitId":"timothyleejin"},"content":"        System.out.println(\"____________________________________________________________\");","lastModifiedDate":"2025-08-22T02:27:30","isFullCredit":false},{"lineNumber":87,"author":{"gitId":"timothyleejin"},"content":"        System.out.println(\"Here are the tasks in your list:\");","lastModifiedDate":"2025-08-22T01:17:08","isFullCredit":false},{"lineNumber":88,"author":{"gitId":"timothyleejin"},"content":"        for (int i \u003d 0; i \u003c tasks.size(); i++) {","lastModifiedDate":"2025-08-22T02:27:30","isFullCredit":false},{"lineNumber":89,"author":{"gitId":"timothyleejin"},"content":"            System.out.println((i + 1) + \".\" + tasks.get(i));","lastModifiedDate":"2025-08-22T02:27:30","isFullCredit":false},{"lineNumber":90,"author":{"gitId":"timothyleejin"},"content":"        }","lastModifiedDate":"2025-08-22T01:17:08","isFullCredit":false},{"lineNumber":91,"author":{"gitId":"timothyleejin"},"content":"        System.out.println(\"____________________________________________________________\");","lastModifiedDate":"2025-08-22T02:27:30","isFullCredit":false},{"lineNumber":92,"author":{"gitId":"timothyleejin"},"content":"    }","lastModifiedDate":"2025-08-21T23:52:19","isFullCredit":false},{"lineNumber":93,"author":{"gitId":"timothyleejin"},"content":"","lastModifiedDate":"2025-08-22T01:17:08","isFullCredit":false},{"lineNumber":94,"author":{"gitId":"timothyleejin"},"content":"    private static void addTask(Task task) {","lastModifiedDate":"2025-08-22T01:17:08","isFullCredit":false},{"lineNumber":95,"author":{"gitId":"timothyleejin"},"content":"        System.out.println(\"____________________________________________________________\");","lastModifiedDate":"2025-08-22T02:27:30","isFullCredit":false},{"lineNumber":96,"author":{"gitId":"timothyleejin"},"content":"        tasks.add(task);","lastModifiedDate":"2025-08-22T02:27:30","isFullCredit":false},{"lineNumber":97,"author":{"gitId":"timothyleejin"},"content":"        System.out.println(\"Got it :)) I\u0027ve added this task:\\n \" + task);","lastModifiedDate":"2025-08-22T02:27:30","isFullCredit":false},{"lineNumber":98,"author":{"gitId":"timothyleejin"},"content":"        System.out.println(\"Now you have \" + tasks.size() + \" task(s) in the list.\");","lastModifiedDate":"2025-08-22T02:27:30","isFullCredit":false},{"lineNumber":99,"author":{"gitId":"timothyleejin"},"content":"        System.out.println(\"____________________________________________________________\");","lastModifiedDate":"2025-08-22T02:27:30","isFullCredit":false},{"lineNumber":100,"author":{"gitId":"timothyleejin"},"content":"    }","lastModifiedDate":"2025-08-21T23:36:20","isFullCredit":false},{"lineNumber":101,"author":{"gitId":"timothyleejin"},"content":"}","lastModifiedDate":"2025-08-21T23:36:20","isFullCredit":false}],"authorContributionMap":{"timothyleejin":101}},{"path":"src/main/java/SiriException.java","fileType":"java","lines":[{"lineNumber":1,"author":{"gitId":"timothyleejin"},"content":"public class SiriException extends Exception{","lastModifiedDate":"2025-08-22T02:27:30","isFullCredit":false},{"lineNumber":2,"author":{"gitId":"timothyleejin"},"content":"    public SiriException(String message) {","lastModifiedDate":"2025-08-22T02:27:30","isFullCredit":false},{"lineNumber":3,"author":{"gitId":"timothyleejin"},"content":"            super(message);","lastModifiedDate":"2025-08-22T02:27:30","isFullCredit":false},{"lineNumber":4,"author":{"gitId":"timothyleejin"},"content":"    }","lastModifiedDate":"2025-08-22T02:27:30","isFullCredit":false},{"lineNumber":5,"author":{"gitId":"timothyleejin"},"content":"}","lastModifiedDate":"2025-08-22T02:06:52","isFullCredit":false}],"authorContributionMap":{"timothyleejin":5}},{"path":"src/main/java/Task.java","fileType":"java","lines":[{"lineNumber":1,"author":{"gitId":"timothyleejin"},"content":"public class Task {","lastModifiedDate":"2025-08-22T00:25:19","isFullCredit":false},{"lineNumber":2,"author":{"gitId":"timothyleejin"},"content":"    protected String description;","lastModifiedDate":"2025-08-22T00:25:19","isFullCredit":false},{"lineNumber":3,"author":{"gitId":"timothyleejin"},"content":"    protected boolean isDone;","lastModifiedDate":"2025-08-22T00:25:19","isFullCredit":false},{"lineNumber":4,"author":{"gitId":"timothyleejin"},"content":"","lastModifiedDate":"2025-08-22T00:25:19","isFullCredit":false},{"lineNumber":5,"author":{"gitId":"timothyleejin"},"content":"    public Task(String description) {","lastModifiedDate":"2025-08-22T00:25:19","isFullCredit":false},{"lineNumber":6,"author":{"gitId":"timothyleejin"},"content":"        this.description \u003d description;","lastModifiedDate":"2025-08-22T00:25:19","isFullCredit":false},{"lineNumber":7,"author":{"gitId":"timothyleejin"},"content":"        this.isDone \u003d false;","lastModifiedDate":"2025-08-22T00:25:19","isFullCredit":false},{"lineNumber":8,"author":{"gitId":"timothyleejin"},"content":"    }","lastModifiedDate":"2025-08-22T00:25:19","isFullCredit":false},{"lineNumber":9,"author":{"gitId":"timothyleejin"},"content":"","lastModifiedDate":"2025-08-22T00:25:19","isFullCredit":false},{"lineNumber":10,"author":{"gitId":"timothyleejin"},"content":"    public String getStatusIcon() {","lastModifiedDate":"2025-08-22T00:25:19","isFullCredit":false},{"lineNumber":11,"author":{"gitId":"timothyleejin"},"content":"        return (isDone ? \"X\" : \" \"); // mark done task with X","lastModifiedDate":"2025-08-22T00:25:19","isFullCredit":false},{"lineNumber":12,"author":{"gitId":"timothyleejin"},"content":"    }","lastModifiedDate":"2025-08-22T00:25:19","isFullCredit":false},{"lineNumber":13,"author":{"gitId":"timothyleejin"},"content":"","lastModifiedDate":"2025-08-22T00:25:19","isFullCredit":false},{"lineNumber":14,"author":{"gitId":"timothyleejin"},"content":"    public void markDone() {","lastModifiedDate":"2025-08-22T00:25:19","isFullCredit":false},{"lineNumber":15,"author":{"gitId":"timothyleejin"},"content":"        isDone \u003d true;","lastModifiedDate":"2025-08-22T00:25:19","isFullCredit":false},{"lineNumber":16,"author":{"gitId":"timothyleejin"},"content":"    }","lastModifiedDate":"2025-08-22T00:25:19","isFullCredit":false},{"lineNumber":17,"author":{"gitId":"timothyleejin"},"content":"","lastModifiedDate":"2025-08-22T00:25:19","isFullCredit":false},{"lineNumber":18,"author":{"gitId":"timothyleejin"},"content":"    public void markUndone() {","lastModifiedDate":"2025-08-22T00:25:19","isFullCredit":false},{"lineNumber":19,"author":{"gitId":"timothyleejin"},"content":"        isDone \u003d false;","lastModifiedDate":"2025-08-22T00:25:19","isFullCredit":false},{"lineNumber":20,"author":{"gitId":"timothyleejin"},"content":"    }","lastModifiedDate":"2025-08-22T00:25:19","isFullCredit":false},{"lineNumber":21,"author":{"gitId":"timothyleejin"},"content":"","lastModifiedDate":"2025-08-22T00:25:19","isFullCredit":false},{"lineNumber":22,"author":{"gitId":"timothyleejin"},"content":"    @Override","lastModifiedDate":"2025-08-22T00:25:19","isFullCredit":false},{"lineNumber":23,"author":{"gitId":"timothyleejin"},"content":"    public String toString() {","lastModifiedDate":"2025-08-22T00:25:19","isFullCredit":false},{"lineNumber":24,"author":{"gitId":"timothyleejin"},"content":"        return \"[\" + getStatusIcon() + \"] \" + description;","lastModifiedDate":"2025-08-22T00:25:19","isFullCredit":false},{"lineNumber":25,"author":{"gitId":"timothyleejin"},"content":"    }","lastModifiedDate":"2025-08-22T00:25:19","isFullCredit":false},{"lineNumber":26,"author":{"gitId":"timothyleejin"},"content":"}","lastModifiedDate":"2025-08-22T00:25:19","isFullCredit":false}],"authorContributionMap":{"timothyleejin":26}},{"path":"src/main/java/ToDo.java","fileType":"java","lines":[{"lineNumber":1,"author":{"gitId":"timothyleejin"},"content":"public class ToDo extends Task {","lastModifiedDate":"2025-08-22T01:17:08","isFullCredit":false},{"lineNumber":2,"author":{"gitId":"timothyleejin"},"content":"    public ToDo(String description) {","lastModifiedDate":"2025-08-22T01:17:08","isFullCredit":false},{"lineNumber":3,"author":{"gitId":"timothyleejin"},"content":"        super(description);","lastModifiedDate":"2025-08-22T01:17:08","isFullCredit":false},{"lineNumber":4,"author":{"gitId":"timothyleejin"},"content":"    }","lastModifiedDate":"2025-08-22T01:17:08","isFullCredit":false},{"lineNumber":5,"author":{"gitId":"timothyleejin"},"content":"","lastModifiedDate":"2025-08-22T01:17:08","isFullCredit":false},{"lineNumber":6,"author":{"gitId":"timothyleejin"},"content":"    @Override","lastModifiedDate":"2025-08-22T01:17:08","isFullCredit":false},{"lineNumber":7,"author":{"gitId":"timothyleejin"},"content":"    public String toString() {","lastModifiedDate":"2025-08-22T01:17:08","isFullCredit":false},{"lineNumber":8,"author":{"gitId":"timothyleejin"},"content":"        return \"[T]\" + super.toString();","lastModifiedDate":"2025-08-22T01:17:08","isFullCredit":false},{"lineNumber":9,"author":{"gitId":"timothyleejin"},"content":"    }","lastModifiedDate":"2025-08-22T01:17:08","isFullCredit":false},{"lineNumber":10,"author":{"gitId":"timothyleejin"},"content":"}","lastModifiedDate":"2025-08-22T01:17:08","isFullCredit":false}],"authorContributionMap":{"timothyleejin":10}},{"path":"text-ui-test/runtest.bat","fileType":"bat","lines":[{"lineNumber":1,"author":{"gitId":"-"},"content":"@ECHO OFF","lastModifiedDate":"2020-05-25T00:03:55","isFullCredit":false},{"lineNumber":2,"author":{"gitId":"-"},"content":"","lastModifiedDate":"2020-05-25T00:03:55","isFullCredit":false},{"lineNumber":3,"author":{"gitId":"-"},"content":"REM create bin directory if it doesn\u0027t exist","lastModifiedDate":"2020-05-25T00:03:55","isFullCredit":false},{"lineNumber":4,"author":{"gitId":"-"},"content":"if not exist ..\\bin mkdir ..\\bin","lastModifiedDate":"2020-05-25T00:03:55","isFullCredit":false},{"lineNumber":5,"author":{"gitId":"-"},"content":"","lastModifiedDate":"2020-05-25T00:03:55","isFullCredit":false},{"lineNumber":6,"author":{"gitId":"-"},"content":"REM delete output from previous run","lastModifiedDate":"2020-05-25T00:03:55","isFullCredit":false},{"lineNumber":7,"author":{"gitId":"-"},"content":"if exist ACTUAL.TXT del ACTUAL.TXT","lastModifiedDate":"2020-08-25T17:23:26","isFullCredit":false},{"lineNumber":8,"author":{"gitId":"-"},"content":"","lastModifiedDate":"2020-05-25T00:03:55","isFullCredit":false},{"lineNumber":9,"author":{"gitId":"-"},"content":"REM compile the code into the bin folder","lastModifiedDate":"2020-05-25T00:03:55","isFullCredit":false},{"lineNumber":10,"author":{"gitId":"-"},"content":"javac  -cp ..\\src\\main\\java -Xlint:none -d ..\\bin ..\\src\\main\\java\\*.java","lastModifiedDate":"2020-08-25T17:23:26","isFullCredit":false},{"lineNumber":11,"author":{"gitId":"-"},"content":"IF ERRORLEVEL 1 (","lastModifiedDate":"2020-05-25T00:03:55","isFullCredit":false},{"lineNumber":12,"author":{"gitId":"-"},"content":"    echo ********** BUILD FAILURE **********","lastModifiedDate":"2020-05-25T00:03:55","isFullCredit":false},{"lineNumber":13,"author":{"gitId":"-"},"content":"    exit /b 1","lastModifiedDate":"2020-05-25T00:03:55","isFullCredit":false},{"lineNumber":14,"author":{"gitId":"-"},"content":")","lastModifiedDate":"2020-05-25T00:03:55","isFullCredit":false},{"lineNumber":15,"author":{"gitId":"-"},"content":"REM no error here, errorlevel \u003d\u003d 0","lastModifiedDate":"2020-05-25T00:03:55","isFullCredit":false},{"lineNumber":16,"author":{"gitId":"-"},"content":"","lastModifiedDate":"2020-05-25T00:03:55","isFullCredit":false},{"lineNumber":17,"author":{"gitId":"-"},"content":"REM run the program, feed commands from input.txt file and redirect the output to the ACTUAL.TXT","lastModifiedDate":"2020-05-25T00:03:55","isFullCredit":false},{"lineNumber":18,"author":{"gitId":"timothyleejin"},"content":"java -classpath ..\\bin Siri \u003c input.txt \u003e ACTUAL.TXT","lastModifiedDate":"2025-08-22T01:39:39","isFullCredit":false},{"lineNumber":19,"author":{"gitId":"-"},"content":"","lastModifiedDate":"2020-05-25T00:03:55","isFullCredit":false},{"lineNumber":20,"author":{"gitId":"-"},"content":"REM compare the output to the expected output","lastModifiedDate":"2020-05-25T00:03:55","isFullCredit":false},{"lineNumber":21,"author":{"gitId":"-"},"content":"FC ACTUAL.TXT EXPECTED.TXT","lastModifiedDate":"2020-05-25T00:03:55","isFullCredit":false}],"authorContributionMap":{"-":20,"timothyleejin":1}},{"path":"text-ui-test/runtest.sh","fileType":"sh","lines":[{"lineNumber":1,"author":{"gitId":"-"},"content":"#!/usr/bin/env bash","lastModifiedDate":"2020-05-25T00:03:55","isFullCredit":false},{"lineNumber":2,"author":{"gitId":"-"},"content":"","lastModifiedDate":"2020-05-25T00:03:55","isFullCredit":false},{"lineNumber":3,"author":{"gitId":"-"},"content":"# create bin directory if it doesn\u0027t exist","lastModifiedDate":"2020-05-25T00:03:55","isFullCredit":false},{"lineNumber":4,"author":{"gitId":"-"},"content":"if [ ! -d \"../bin\" ]","lastModifiedDate":"2020-05-25T00:03:55","isFullCredit":false},{"lineNumber":5,"author":{"gitId":"-"},"content":"then","lastModifiedDate":"2020-05-25T00:03:55","isFullCredit":false},{"lineNumber":6,"author":{"gitId":"-"},"content":"    mkdir ../bin","lastModifiedDate":"2020-05-25T00:03:55","isFullCredit":false},{"lineNumber":7,"author":{"gitId":"-"},"content":"fi","lastModifiedDate":"2020-05-25T00:03:55","isFullCredit":false},{"lineNumber":8,"author":{"gitId":"-"},"content":"","lastModifiedDate":"2020-05-25T00:03:55","isFullCredit":false},{"lineNumber":9,"author":{"gitId":"-"},"content":"# delete output from previous run","lastModifiedDate":"2020-05-25T00:03:55","isFullCredit":false},{"lineNumber":10,"author":{"gitId":"-"},"content":"if [ -e \"./ACTUAL.TXT\" ]","lastModifiedDate":"2020-05-25T00:03:55","isFullCredit":false},{"lineNumber":11,"author":{"gitId":"-"},"content":"then","lastModifiedDate":"2020-05-25T00:03:55","isFullCredit":false},{"lineNumber":12,"author":{"gitId":"-"},"content":"    rm ACTUAL.TXT","lastModifiedDate":"2020-05-25T00:03:55","isFullCredit":false},{"lineNumber":13,"author":{"gitId":"-"},"content":"fi","lastModifiedDate":"2020-05-25T00:03:55","isFullCredit":false},{"lineNumber":14,"author":{"gitId":"-"},"content":"","lastModifiedDate":"2020-05-25T00:03:55","isFullCredit":false},{"lineNumber":15,"author":{"gitId":"-"},"content":"# compile the code into the bin folder, terminates if error occurred","lastModifiedDate":"2020-05-25T00:03:55","isFullCredit":false},{"lineNumber":16,"author":{"gitId":"-"},"content":"if ! javac -cp ../src/main/java -Xlint:none -d ../bin ../src/main/java/*.java","lastModifiedDate":"2020-08-25T17:23:26","isFullCredit":false},{"lineNumber":17,"author":{"gitId":"-"},"content":"then","lastModifiedDate":"2020-05-25T00:03:55","isFullCredit":false},{"lineNumber":18,"author":{"gitId":"-"},"content":"    echo \"********** BUILD FAILURE **********\"","lastModifiedDate":"2020-05-25T00:03:55","isFullCredit":false},{"lineNumber":19,"author":{"gitId":"-"},"content":"    exit 1","lastModifiedDate":"2020-05-25T00:03:55","isFullCredit":false},{"lineNumber":20,"author":{"gitId":"-"},"content":"fi","lastModifiedDate":"2020-05-25T00:03:55","isFullCredit":false},{"lineNumber":21,"author":{"gitId":"-"},"content":"","lastModifiedDate":"2020-05-25T00:03:55","isFullCredit":false},{"lineNumber":22,"author":{"gitId":"-"},"content":"# run the program, feed commands from input.txt file and redirect the output to the ACTUAL.TXT","lastModifiedDate":"2020-05-25T00:03:55","isFullCredit":false},{"lineNumber":23,"author":{"gitId":"timothyleejin"},"content":"java -classpath ../bin Siri \u003c input.txt \u003e ACTUAL.TXT","lastModifiedDate":"2025-08-22T01:39:39","isFullCredit":false},{"lineNumber":24,"author":{"gitId":"-"},"content":"","lastModifiedDate":"2020-05-25T00:03:55","isFullCredit":false},{"lineNumber":25,"author":{"gitId":"-"},"content":"# convert to UNIX format","lastModifiedDate":"2020-05-25T00:03:55","isFullCredit":false},{"lineNumber":26,"author":{"gitId":"-"},"content":"cp EXPECTED.TXT EXPECTED-UNIX.TXT","lastModifiedDate":"2020-05-25T00:03:55","isFullCredit":false},{"lineNumber":27,"author":{"gitId":"-"},"content":"dos2unix ACTUAL.TXT EXPECTED-UNIX.TXT","lastModifiedDate":"2020-05-25T00:03:55","isFullCredit":false},{"lineNumber":28,"author":{"gitId":"-"},"content":"","lastModifiedDate":"2020-05-25T00:03:55","isFullCredit":false},{"lineNumber":29,"author":{"gitId":"-"},"content":"# compare the output to the expected output","lastModifiedDate":"2020-05-25T00:03:55","isFullCredit":false},{"lineNumber":30,"author":{"gitId":"-"},"content":"diff ACTUAL.TXT EXPECTED-UNIX.TXT","lastModifiedDate":"2020-05-25T00:03:55","isFullCredit":false},{"lineNumber":31,"author":{"gitId":"-"},"content":"if [ $? -eq 0 ]","lastModifiedDate":"2020-05-25T00:03:55","isFullCredit":false},{"lineNumber":32,"author":{"gitId":"-"},"content":"then","lastModifiedDate":"2020-05-25T00:03:55","isFullCredit":false},{"lineNumber":33,"author":{"gitId":"-"},"content":"    echo \"Test result: PASSED\"","lastModifiedDate":"2020-05-25T00:03:55","isFullCredit":false},{"lineNumber":34,"author":{"gitId":"-"},"content":"    exit 0","lastModifiedDate":"2020-05-25T00:03:55","isFullCredit":false},{"lineNumber":35,"author":{"gitId":"-"},"content":"else","lastModifiedDate":"2020-05-25T00:03:55","isFullCredit":false},{"lineNumber":36,"author":{"gitId":"-"},"content":"    echo \"Test result: FAILED\"","lastModifiedDate":"2020-05-25T00:03:55","isFullCredit":false},{"lineNumber":37,"author":{"gitId":"-"},"content":"    exit 1","lastModifiedDate":"2020-05-25T00:03:55","isFullCredit":false},{"lineNumber":38,"author":{"gitId":"-"},"content":"fi","lastModifiedDate":"2020-05-25T00:03:55","isFullCredit":false}],"authorContributionMap":{"-":37,"timothyleejin":1}}]
