{"authorDailyContributionsMap":{"timothyleejin":[{"date":"2025-08-21T00:00:00","commitResults":[{"hash":"eb82d989714b9d1ca6acf0d6c9bc42bcc7706fd5","isMergeCommit":false,"messageTitle":"Level-0: Rename, Greet, Exit","messageBody":"","tags":["Level-0"],"fileTypesAndContributionMap":{"java":{"insertions":8,"deletions":10}}},{"hash":"30dfb9dc5165fdd025cdd39b2816ee867220ac1c","isMergeCommit":false,"messageTitle":"Added echo function","messageBody":"","tags":["Level-1"],"fileTypesAndContributionMap":{"java":{"insertions":17,"deletions":4}}}]},{"date":"2025-08-22T00:00:00","commitResults":[{"hash":"458589ddc2409face0d98044c7b76519f2772a51","isMergeCommit":false,"messageTitle":"Added store and list function","messageBody":"","tags":["Level-2"],"fileTypesAndContributionMap":{"java":{"insertions":9,"deletions":1}}},{"hash":"178bbd490959d5adf4e1a9cc02210a3b33250ced","isMergeCommit":false,"messageTitle":"Added mark task as done function","messageBody":"","tags":["Level-3"],"fileTypesAndContributionMap":{"java":{"insertions":53,"deletions":4}}},{"hash":"c316b9449625aa23665dfa3b62d510f229143ac7","isMergeCommit":false,"messageTitle":"Added todos, events, deadlines","messageBody":"","tags":["Level-4"],"fileTypesAndContributionMap":{"java":{"insertions":79,"deletions":26}}},{"hash":"2f418dd304b586fdf3faf06ff2b1578324969f9c","isMergeCommit":false,"messageTitle":"Added text UI testing","messageBody":"","tags":["A-TextUiTesting"],"fileTypesAndContributionMap":{"bat":{"insertions":1,"deletions":1},"sh":{"insertions":1,"deletions":1}}},{"hash":"39e02ea514e513db5ad77f58d2016f07667127b3","isMergeCommit":false,"messageTitle":"Handled errors","messageBody":"","tags":["Level-5"],"fileTypesAndContributionMap":{"java":{"insertions":4,"deletions":0}}},{"hash":"b2d4b74e37cdb4eadc3d307b337c3ebf79bb1e22","isMergeCommit":false,"messageTitle":"Added support for deleting tasks","messageBody":"","tags":["Level-6"],"fileTypesAndContributionMap":{"java":{"insertions":56,"deletions":21}}}]},{"date":"2025-08-29T00:00:00","commitResults":[{"hash":"caf4e0fa01a85dca1e901a9937671557b1dda2ff","isMergeCommit":false,"messageTitle":"Standardise code","messageBody":"","fileTypesAndContributionMap":{"java":{"insertions":0,"deletions":1}}}]}]},"authorFileTypeContributionMap":{"timothyleejin":{"java":169,"md":0,"fxml":0,"sh":1,"bat":1,"gradle":0,"txt":0}},"authorContributionVariance":{"timothyleejin":2889.1592},"authorDisplayNameMap":{"timothyleejin":"CS2103T-F13-2 LEE ..OTHY"}}
