{"authorDailyContributionsMap":{"timothyleejin":[{"date":"2025-08-21T00:00:00","commitResults":[{"hash":"eb82d989714b9d1ca6acf0d6c9bc42bcc7706fd5","isMergeCommit":false,"messageTitle":"Level-0: Rename, Greet, Exit","messageBody":"","tags":["Level-0"],"fileTypesAndContributionMap":{"java":{"insertions":8,"deletions":10}}},{"hash":"30dfb9dc5165fdd025cdd39b2816ee867220ac1c","isMergeCommit":false,"messageTitle":"Added echo function","messageBody":"","tags":["Level-1"],"fileTypesAndContributionMap":{"java":{"insertions":17,"deletions":4}}}]},{"date":"2025-08-22T00:00:00","commitResults":[{"hash":"458589ddc2409face0d98044c7b76519f2772a51","isMergeCommit":false,"messageTitle":"Added store and list function","messageBody":"","tags":["Level-2"],"fileTypesAndContributionMap":{"java":{"insertions":9,"deletions":1}}},{"hash":"178bbd490959d5adf4e1a9cc02210a3b33250ced","isMergeCommit":false,"messageTitle":"Added mark task as done function","messageBody":"","tags":["Level-3"],"fileTypesAndContributionMap":{"java":{"insertions":53,"deletions":4}}},{"hash":"c316b9449625aa23665dfa3b62d510f229143ac7","isMergeCommit":false,"messageTitle":"Added todos, events, deadlines","messageBody":"","tags":["Level-4"],"fileTypesAndContributionMap":{"java":{"insertions":79,"deletions":26}}},{"hash":"2f418dd304b586fdf3faf06ff2b1578324969f9c","isMergeCommit":false,"messageTitle":"Added text UI testing","messageBody":"","tags":["A-TextUiTesting"],"fileTypesAndContributionMap":{"bat":{"insertions":1,"deletions":1},"sh":{"insertions":1,"deletions":1}}},{"hash":"39e02ea514e513db5ad77f58d2016f07667127b3","isMergeCommit":false,"messageTitle":"Handled errors","messageBody":"","tags":["Level-5"],"fileTypesAndContributionMap":{"java":{"insertions":4,"deletions":0}}},{"hash":"b2d4b74e37cdb4eadc3d307b337c3ebf79bb1e22","isMergeCommit":false,"messageTitle":"Added support for deleting tasks","messageBody":"","tags":["Level-6"],"fileTypesAndContributionMap":{"java":{"insertions":56,"deletions":21}}}]},{"date":"2025-08-29T00:00:00","commitResults":[{"hash":"caf4e0fa01a85dca1e901a9937671557b1dda2ff","isMergeCommit":false,"messageTitle":"Standardise code","messageBody":"","fileTypesAndContributionMap":{"java":{"insertions":0,"deletions":1}}},{"hash":"c3984d687bb8915aba98f27d94d17995ebe35c00","isMergeCommit":false,"messageTitle":"Standardise code layout","messageBody":"","fileTypesAndContributionMap":{"java":{"insertions":1,"deletions":1}}},{"hash":"a3777a95edf38902e2e8da6c4f931ed7de7a9e6f","isMergeCommit":false,"messageTitle":"Place classes into different packages","messageBody":"","fileTypesAndContributionMap":{"java":{"insertions":18,"deletions":0},"bat":{"insertions":1,"deletions":1}}},{"hash":"0e90edb56059b23f079682253c96cbf576fd5699","isMergeCommit":false,"messageTitle":"Add feature to load and save tasks in hard disk","messageBody":"","fileTypesAndContributionMap":{"txt":{"insertions":2,"deletions":0},"java":{"insertions":119,"deletions":3}}},{"hash":"31a700870b53ed36975bdc64dcb3be7149d383ea","isMergeCommit":true,"messageTitle":"Merge branch \u0027branch-Level-7\u0027","messageBody":"","tags":["Level-7"],"fileTypesAndContributionMap":{}},{"hash":"5b27066d7c559afb4761e16c2ac77c5d7d5c83ff","isMergeCommit":false,"messageTitle":"Standardise code layout","messageBody":"","fileTypesAndContributionMap":{"java":{"insertions":8,"deletions":8}}},{"hash":"c249e8739fcff74e2cbc613c1218373a7b9a8973","isMergeCommit":false,"messageTitle":"Teach the chatbot how to understand dates and times","messageBody":"","fileTypesAndContributionMap":{"txt":{"insertions":1,"deletions":2},"java":{"insertions":25,"deletions":7}}},{"hash":"0db880b0fe3ea8bc0d0c229cc046662bcc8d2d6d","isMergeCommit":true,"messageTitle":"Merge branch \u0027branch-Level-8\u0027","messageBody":"","tags":["Level-8"],"fileTypesAndContributionMap":{}},{"hash":"e6611fd71f9984c247e5b316e8272d62254a5b4d","isMergeCommit":false,"messageTitle":"Add empty Ui, Parser, TaskList classes","messageBody":"","fileTypesAndContributionMap":{"txt":{"insertions":1,"deletions":0},"java":{"insertions":67,"deletions":0}}},{"hash":"b76d7c4728126d487f6e44274a67948bc8137585","isMergeCommit":false,"messageTitle":"Implement Ui, Parser, TaskList, Storage classes","messageBody":"","fileTypesAndContributionMap":{"java":{"insertions":72,"deletions":48}}},{"hash":"2c0c7ba721ef96423e0f67b744b8d13e0a0eb095","isMergeCommit":false,"messageTitle":"Add more exceptions","messageBody":"","fileTypesAndContributionMap":{"txt":{"insertions":1,"deletions":1},"java":{"insertions":62,"deletions":27}}},{"hash":"2e44f9e97a9629898e7542a31effc2822911237c","isMergeCommit":false,"messageTitle":"Extract Parser out and make Siri more OOP","messageBody":"","fileTypesAndContributionMap":{"txt":{"insertions":1,"deletions":1},"java":{"insertions":132,"deletions":84}}},{"hash":"6d8179165f3b52cb14965b597f33f6155b4adf66","isMergeCommit":true,"messageTitle":"Merge branch \u0027branch-A-MoreOOP\u0027","messageBody":"","tags":["A-Packages","A-MoreOOP"],"fileTypesAndContributionMap":{}},{"hash":"4fbf9b4bea3ffc1bef6d647dfc4a85dc65b2b522","isMergeCommit":true,"messageTitle":"Merge branch \u0027branch-add-gradle-support\u0027","messageBody":"","tags":["A-Gradle"],"fileTypesAndContributionMap":{}}]},{"date":"2025-08-30T00:00:00","commitResults":[{"hash":"06419c9de6c8554ff4dd0a6fe80c6ec220ea5417","isMergeCommit":false,"messageTitle":"Add JUnit tests","messageBody":"","tags":["A-JUnit"],"fileTypesAndContributionMap":{"txt":{"insertions":1,"deletions":1},"java":{"insertions":82,"deletions":6}}},{"hash":"82a511b7472405778ae2e8bcf9fb6c419002dd1f","isMergeCommit":false,"messageTitle":"Add ParserTest file","messageBody":"","fileTypesAndContributionMap":{"java":{"insertions":29,"deletions":23}}}]}]},"authorFileTypeContributionMap":{"timothyleejin":{"java":577,"md":0,"fxml":0,"sh":1,"bat":1,"gradle":0,"txt":2}},"authorContributionVariance":{"timothyleejin":22388.977},"authorDisplayNameMap":{"timothyleejin":"CS2103T-F13-2 LEE ..OTHY"}}
