{"authorDailyContributionsMap":{"timothyleejin":[{"date":"2025-08-21T00:00:00","commitResults":[{"hash":"eb82d989714b9d1ca6acf0d6c9bc42bcc7706fd5","isMergeCommit":false,"messageTitle":"Level-0: Rename, Greet, Exit","messageBody":"","tags":["Level-0"],"fileTypesAndContributionMap":{"java":{"insertions":8,"deletions":10}}},{"hash":"30dfb9dc5165fdd025cdd39b2816ee867220ac1c","isMergeCommit":false,"messageTitle":"Added echo function","messageBody":"","tags":["Level-1"],"fileTypesAndContributionMap":{"java":{"insertions":17,"deletions":4}}}]},{"date":"2025-08-22T00:00:00","commitResults":[{"hash":"458589ddc2409face0d98044c7b76519f2772a51","isMergeCommit":false,"messageTitle":"Added store and list function","messageBody":"","tags":["Level-2"],"fileTypesAndContributionMap":{"java":{"insertions":9,"deletions":1}}},{"hash":"178bbd490959d5adf4e1a9cc02210a3b33250ced","isMergeCommit":false,"messageTitle":"Added mark task as done function","messageBody":"","tags":["Level-3"],"fileTypesAndContributionMap":{"java":{"insertions":53,"deletions":4}}},{"hash":"c316b9449625aa23665dfa3b62d510f229143ac7","isMergeCommit":false,"messageTitle":"Added todos, events, deadlines","messageBody":"","tags":["Level-4"],"fileTypesAndContributionMap":{"java":{"insertions":79,"deletions":26}}},{"hash":"2f418dd304b586fdf3faf06ff2b1578324969f9c","isMergeCommit":false,"messageTitle":"Added text UI testing","messageBody":"","tags":["A-TextUiTesting"],"fileTypesAndContributionMap":{"bat":{"insertions":1,"deletions":1},"sh":{"insertions":1,"deletions":1}}},{"hash":"39e02ea514e513db5ad77f58d2016f07667127b3","isMergeCommit":false,"messageTitle":"Handled errors","messageBody":"","tags":["Level-5"],"fileTypesAndContributionMap":{"java":{"insertions":4,"deletions":0}}},{"hash":"b2d4b74e37cdb4eadc3d307b337c3ebf79bb1e22","isMergeCommit":false,"messageTitle":"Added support for deleting tasks","messageBody":"","tags":["Level-6"],"fileTypesAndContributionMap":{"java":{"insertions":56,"deletions":21}}}]},{"date":"2025-08-29T00:00:00","commitResults":[{"hash":"caf4e0fa01a85dca1e901a9937671557b1dda2ff","isMergeCommit":false,"messageTitle":"Standardise code","messageBody":"","fileTypesAndContributionMap":{"java":{"insertions":0,"deletions":1}}},{"hash":"c3984d687bb8915aba98f27d94d17995ebe35c00","isMergeCommit":false,"messageTitle":"Standardise code layout","messageBody":"","fileTypesAndContributionMap":{"java":{"insertions":1,"deletions":1}}},{"hash":"a3777a95edf38902e2e8da6c4f931ed7de7a9e6f","isMergeCommit":false,"messageTitle":"Place classes into different packages","messageBody":"","fileTypesAndContributionMap":{"java":{"insertions":18,"deletions":0},"bat":{"insertions":1,"deletions":1}}},{"hash":"0e90edb56059b23f079682253c96cbf576fd5699","isMergeCommit":false,"messageTitle":"Add feature to load and save tasks in hard disk","messageBody":"","fileTypesAndContributionMap":{"txt":{"insertions":2,"deletions":0},"java":{"insertions":119,"deletions":3}}},{"hash":"31a700870b53ed36975bdc64dcb3be7149d383ea","isMergeCommit":true,"messageTitle":"Merge branch \u0027branch-Level-7\u0027","messageBody":"","tags":["Level-7"],"fileTypesAndContributionMap":{}},{"hash":"5b27066d7c559afb4761e16c2ac77c5d7d5c83ff","isMergeCommit":false,"messageTitle":"Standardise code layout","messageBody":"","fileTypesAndContributionMap":{"java":{"insertions":8,"deletions":8}}},{"hash":"c249e8739fcff74e2cbc613c1218373a7b9a8973","isMergeCommit":false,"messageTitle":"Teach the chatbot how to understand dates and times","messageBody":"","fileTypesAndContributionMap":{"txt":{"insertions":1,"deletions":2},"java":{"insertions":25,"deletions":7}}},{"hash":"0db880b0fe3ea8bc0d0c229cc046662bcc8d2d6d","isMergeCommit":true,"messageTitle":"Merge branch \u0027branch-Level-8\u0027","messageBody":"","tags":["Level-8"],"fileTypesAndContributionMap":{}},{"hash":"e6611fd71f9984c247e5b316e8272d62254a5b4d","isMergeCommit":false,"messageTitle":"Add empty Ui, Parser, TaskList classes","messageBody":"","fileTypesAndContributionMap":{"txt":{"insertions":1,"deletions":0},"java":{"insertions":67,"deletions":0}}},{"hash":"b76d7c4728126d487f6e44274a67948bc8137585","isMergeCommit":false,"messageTitle":"Implement Ui, Parser, TaskList, Storage classes","messageBody":"","fileTypesAndContributionMap":{"java":{"insertions":72,"deletions":48}}},{"hash":"2c0c7ba721ef96423e0f67b744b8d13e0a0eb095","isMergeCommit":false,"messageTitle":"Add more exceptions","messageBody":"","fileTypesAndContributionMap":{"txt":{"insertions":1,"deletions":1},"java":{"insertions":62,"deletions":27}}},{"hash":"2e44f9e97a9629898e7542a31effc2822911237c","isMergeCommit":false,"messageTitle":"Extract Parser out and make Siri more OOP","messageBody":"","fileTypesAndContributionMap":{"txt":{"insertions":1,"deletions":1},"java":{"insertions":132,"deletions":84}}},{"hash":"6d8179165f3b52cb14965b597f33f6155b4adf66","isMergeCommit":true,"messageTitle":"Merge branch \u0027branch-A-MoreOOP\u0027","messageBody":"","tags":["A-Packages","A-MoreOOP"],"fileTypesAndContributionMap":{}},{"hash":"4fbf9b4bea3ffc1bef6d647dfc4a85dc65b2b522","isMergeCommit":true,"messageTitle":"Merge branch \u0027branch-add-gradle-support\u0027","messageBody":"","tags":["A-Gradle"],"fileTypesAndContributionMap":{}}]},{"date":"2025-08-30T00:00:00","commitResults":[{"hash":"06419c9de6c8554ff4dd0a6fe80c6ec220ea5417","isMergeCommit":false,"messageTitle":"Add JUnit tests","messageBody":"","tags":["A-JUnit"],"fileTypesAndContributionMap":{"txt":{"insertions":1,"deletions":1},"java":{"insertions":82,"deletions":6}}},{"hash":"82a511b7472405778ae2e8bcf9fb6c419002dd1f","isMergeCommit":false,"messageTitle":"Add ParserTest file","messageBody":"","fileTypesAndContributionMap":{"java":{"insertions":29,"deletions":23}}},{"hash":"3a574033588a272881f7034172c3a90264ec09c1","isMergeCommit":false,"messageTitle":"Edit build.gradle to create JAR file","messageBody":"","tags":["A-Jar"],"fileTypesAndContributionMap":{"gradle":{"insertions":2,"deletions":2}}},{"hash":"cabcf780c507ddb4fd4dd187d20a9edc4a4ffe58","isMergeCommit":false,"messageTitle":"Fix code layout issues","messageBody":"","fileTypesAndContributionMap":{"java":{"insertions":1,"deletions":0}}},{"hash":"7c27a5632f4f841553cec641d6146b006b35ad9a","isMergeCommit":false,"messageTitle":"Add JavaDoc comments for exception classes","messageBody":"","fileTypesAndContributionMap":{"java":{"insertions":59,"deletions":1}}},{"hash":"ea14316ab33976adee2fadb4752f3a9a552f5f09","isMergeCommit":false,"messageTitle":"Add JavaDoc comments to Storage class","messageBody":"","fileTypesAndContributionMap":{"java":{"insertions":45,"deletions":10}}},{"hash":"4c21227f796bd7d7cde617048e7e90e44a0c1cc6","isMergeCommit":false,"messageTitle":"Tweak the code to comply with a coding standard","messageBody":"","fileTypesAndContributionMap":{"txt":{"insertions":0,"deletions":1}}},{"hash":"9c98498927ec77b715ced15d6647d39a78f7ee2a","isMergeCommit":true,"messageTitle":"Merge branch \u0027branch-A-CodingStandard\u0027","messageBody":"","tags":["A-CodingStandard"],"fileTypesAndContributionMap":{}},{"hash":"8384d6580e32ce1d091a033c58f036145ac4e858","isMergeCommit":false,"messageTitle":"Add JavaDoc comments for tasktype classes","messageBody":"","fileTypesAndContributionMap":{"java":{"insertions":196,"deletions":11}}},{"hash":"7b2a068e924a962c895634ea287c76ed7ac5db86","isMergeCommit":true,"messageTitle":"Merge branch \u0027branch-A-JavaDoc\u0027 with JavaDoc additions","messageBody":"","tags":["A-JavaDoc"],"fileTypesAndContributionMap":{}},{"hash":"92ff915b998522087aeb076732852e4a9088297d","isMergeCommit":true,"messageTitle":"Merge branch \u0027master\u0027 into branch-Level-9 to bring in latest code to branch-Level-9","messageBody":"","fileTypesAndContributionMap":{}},{"hash":"b49b57a049b2fdd8c3f7c0ddf10804a5d3e2537f","isMergeCommit":false,"messageTitle":"Give users a way to find task by keying in keyword","messageBody":"","fileTypesAndContributionMap":{"txt":{"insertions":2,"deletions":1},"java":{"insertions":75,"deletions":12}}},{"hash":"2e00ef84025cdd6291cab40393d8426ac2aea69e","isMergeCommit":true,"messageTitle":"Merge branch \u0027branch-Level-9\u0027","messageBody":"","tags":["Level-9"],"fileTypesAndContributionMap":{}}]},{"date":"2025-09-06T00:00:00","commitResults":[{"hash":"6863702b268ca89d478810f4c9f0bb971c75255d","isMergeCommit":false,"messageTitle":"Edit method names to follow java standard","messageBody":"","fileTypesAndContributionMap":{"txt":{"insertions":1,"deletions":1},"java":{"insertions":15,"deletions":15}}},{"hash":"fe44fec6568e7ba2da62fae6b80d1122fb1303d1","isMergeCommit":false,"messageTitle":"Add GUI to chatbot","messageBody":"","fileTypesAndContributionMap":{"gradle":{"insertions":16,"deletions":1},"txt":{"insertions":1,"deletions":2},"fxml":{"insertions":65,"deletions":0},"java":{"insertions":271,"deletions":110}}},{"hash":"2a79345e5d6b4dafcfbba22869563903ffc7e76c","isMergeCommit":false,"messageTitle":"Change code to follow coding standard","messageBody":"","fileTypesAndContributionMap":{"java":{"insertions":0,"deletions":1}}},{"hash":"dabe6247b9f627b6cd68123e00ca85aa35f7a2cd","isMergeCommit":true,"messageTitle":"Merge branch \u0027branch-Level-10\u0027","messageBody":"","tags":["Level-10"],"fileTypesAndContributionMap":{}}]},{"date":"2025-09-12T00:00:00","commitResults":[{"hash":"0ab8126cd4197ef5832e50489c840dc7b8a7e573","isMergeCommit":false,"messageTitle":"Edit build.gradle to allow creation of jar file","messageBody":"","fileTypesAndContributionMap":{"gradle":{"insertions":2,"deletions":0},"txt":{"insertions":1,"deletions":1}}},{"hash":"fe529b171aa317c8634fc4799e3703c6669c9a75","isMergeCommit":false,"messageTitle":"Add assertions to document important assumptions","messageBody":"Many classes (Siri, Task, TaskList, Storage, Parser, UI) rely on\nassumptions that are implicit in the code. Without explicit\nchecks, invalid states could cause runtime error or unexpected\noutcomes.\n\nLet\u0027s add assert statements to capture and verify these\nassumptions. They are added in these classes:\n\nSiri: Ensure task descriptions and arguments are not null.\nTaskList: Ensure indexes are valid and task descriptions and\narguments are not null.\nTask: Ensure task descriptions are valid and are not null.\nStorage: Ensure file paths and task objects are valid.\nParser: Check that user input is not null.\n\nUsing assertions helps to define assumptions about the program\nstate so that the runtime can verify them.\n","tags":["A-FullCommitMessage"],"fileTypesAndContributionMap":{"gradle":{"insertions":4,"deletions":0},"java":{"insertions":67,"deletions":3}}},{"hash":"b76da9a5cffef0ae47f41ce7e4a517317747dd69","isMergeCommit":true,"messageTitle":"Merge pull request #1 from timothyleejin/branch-A-Assertions","messageBody":"Add assertions to document important assumptions","tags":["A-Assertions"],"fileTypesAndContributionMap":{}}]},{"date":"2025-09-13T00:00:00","commitResults":[{"hash":"847e5143668fcf3f4196ad2f291c7a40fe3a8b84","isMergeCommit":false,"messageTitle":"Improve code quality in different classes","messageBody":"The Storage, Ui, and Siri classes contained nested logic, long\nmethods, repeated string concatenations, not prominent happy\npaths, and multiple levels of abstraction within specifc code\nfragments which reduced readability.\n\nThe code needed to be more slap-friendly with a clear happy path.\nThis will make the code easier to read.\n\nLet\u0027s refactor these classes by using extract methods so that\nthe code is not too long and it is written to the highest level\nof abstraction.\n","fileTypesAndContributionMap":{"txt":{"insertions":1,"deletions":1},"java":{"insertions":94,"deletions":64}}},{"hash":"69323da614bb086c0b81fe3a070185ff8cfb57b4","isMergeCommit":true,"messageTitle":"Merge pull request #2 from timothyleejin/branch-A-CodeQuality","messageBody":"Improve code quality in different classes","tags":["A-CodeQuality"],"fileTypesAndContributionMap":{}},{"hash":"05437b1a4e2b467f3a9232298d60af9f80f2acb0","isMergeCommit":false,"messageTitle":"Add detect scheduling anomalies function","messageBody":"","tags":["BCD-Extension"],"fileTypesAndContributionMap":{"txt":{"insertions":2,"deletions":0},"java":{"insertions":87,"deletions":34}}}]}]},"authorFileTypeContributionMap":{"timothyleejin":{"java":1225,"md":0,"fxml":65,"sh":1,"bat":1,"gradle":23,"txt":3}},"authorContributionVariance":{"timothyleejin":28169.275},"authorDisplayNameMap":{"timothyleejin":"CS2103T-F13-2 LEE ..OTHY"}}
