[{"path":"README.md","fileType":"md","lines":[{"lineNumber":1,"author":{"gitId":"Dominique-DP9"},"content":"# Klee project template","lastModifiedDate":"2025-08-19T17:25:24","isFullCredit":false},{"lineNumber":2,"author":{"gitId":"-"},"content":"","lastModifiedDate":"2020-05-25T00:03:55","isFullCredit":false},{"lineNumber":3,"author":{"gitId":"-"},"content":"This is a project template for a greenfield Java project. It\u0027s named after the Java mascot _Duke_. Given below are instructions on how to use it.","lastModifiedDate":"2020-05-25T00:03:55","isFullCredit":false},{"lineNumber":4,"author":{"gitId":"-"},"content":"","lastModifiedDate":"2020-05-25T00:03:55","isFullCredit":false},{"lineNumber":5,"author":{"gitId":"-"},"content":"## Setting up in Intellij","lastModifiedDate":"2020-05-25T00:03:55","isFullCredit":false},{"lineNumber":6,"author":{"gitId":"-"},"content":"","lastModifiedDate":"2020-05-25T00:03:55","isFullCredit":false},{"lineNumber":7,"author":{"gitId":"-"},"content":"Prerequisites: JDK 17, update Intellij to the most recent version.","lastModifiedDate":"2024-07-11T16:50:14","isFullCredit":false},{"lineNumber":8,"author":{"gitId":"-"},"content":"","lastModifiedDate":"2020-05-25T00:03:55","isFullCredit":false},{"lineNumber":9,"author":{"gitId":"-"},"content":"1. Open Intellij (if you are not in the welcome screen, click `File` \u003e `Close Project` to close the existing project first)","lastModifiedDate":"2021-01-17T12:25:53","isFullCredit":false},{"lineNumber":10,"author":{"gitId":"-"},"content":"1. Open the project into Intellij as follows:","lastModifiedDate":"2021-01-17T12:25:53","isFullCredit":false},{"lineNumber":11,"author":{"gitId":"-"},"content":"   1. Click `Open`.","lastModifiedDate":"2021-01-17T12:25:53","isFullCredit":false},{"lineNumber":12,"author":{"gitId":"-"},"content":"   1. Select the project directory, and click `OK`.","lastModifiedDate":"2021-01-17T12:25:53","isFullCredit":false},{"lineNumber":13,"author":{"gitId":"-"},"content":"   1. If there are any further prompts, accept the defaults.","lastModifiedDate":"2020-05-25T00:03:55","isFullCredit":false},{"lineNumber":14,"author":{"gitId":"-"},"content":"1. Configure the project to use **JDK 17** (not other versions) as explained in [here](https://www.jetbrains.com/help/idea/sdk.html#set-up-jdk).\u003cbr\u003e","lastModifiedDate":"2024-07-11T16:50:14","isFullCredit":false},{"lineNumber":15,"author":{"gitId":"-"},"content":"   In the same dialog, set the **Project language level** field to the `SDK default` option.","lastModifiedDate":"2021-07-29T20:29:39","isFullCredit":false},{"lineNumber":16,"author":{"gitId":"Dominique-DP9"},"content":"1. After that, locate the `src/main/java/KleeBot.java` file, right-click it, and choose `Run KleeBot.main()` (if the code editor is showing compile errors, try restarting the IDE). If the setup is correct, you should see something like the below as the output:","lastModifiedDate":"2025-08-19T17:25:24","isFullCredit":false},{"lineNumber":17,"author":{"gitId":"-"},"content":"   ```","lastModifiedDate":"2020-05-25T00:03:55","isFullCredit":false},{"lineNumber":18,"author":{"gitId":"-"},"content":"   Hello from","lastModifiedDate":"2020-05-25T00:03:55","isFullCredit":false},{"lineNumber":19,"author":{"gitId":"-"},"content":"    ____        _        ","lastModifiedDate":"2020-05-25T00:03:55","isFullCredit":false},{"lineNumber":20,"author":{"gitId":"-"},"content":"   |  _ \\ _   _| | _____ ","lastModifiedDate":"2020-05-25T00:03:55","isFullCredit":false},{"lineNumber":21,"author":{"gitId":"-"},"content":"   | | | | | | | |/ / _ \\","lastModifiedDate":"2020-05-25T00:03:55","isFullCredit":false},{"lineNumber":22,"author":{"gitId":"-"},"content":"   | |_| | |_| |   \u003c  __/","lastModifiedDate":"2020-05-25T00:03:55","isFullCredit":false},{"lineNumber":23,"author":{"gitId":"-"},"content":"   |____/ \\__,_|_|\\_\\___|","lastModifiedDate":"2020-05-25T00:03:55","isFullCredit":false},{"lineNumber":24,"author":{"gitId":"-"},"content":"   ```","lastModifiedDate":"2020-05-25T00:03:55","isFullCredit":false},{"lineNumber":25,"author":{"gitId":"-"},"content":"","lastModifiedDate":"2025-01-04T21:44:28","isFullCredit":false},{"lineNumber":26,"author":{"gitId":"-"},"content":"**Warning:** Keep the `src\\main\\java` folder as the root folder for Java files (i.e., don\u0027t rename those folders or move Java files to another folder outside of this folder path), as this is the default location some tools (e.g., Gradle) expect to find Java files.","lastModifiedDate":"2025-01-04T21:44:28","isFullCredit":false}],"authorContributionMap":{"Dominique-DP9":2,"-":24}},{"path":"docs/README.md","fileType":"md","lines":[{"lineNumber":1,"author":{"gitId":"Dominique-DP9"},"content":"# KleeBot User Guide","lastModifiedDate":"2025-08-19T17:25:24","isFullCredit":false},{"lineNumber":2,"author":{"gitId":"-"},"content":"","lastModifiedDate":"2019-07-29T17:14:46","isFullCredit":false},{"lineNumber":3,"author":{"gitId":"-"},"content":"// Update the title above to match the actual product name","lastModifiedDate":"2024-01-07T18:33:52","isFullCredit":false},{"lineNumber":4,"author":{"gitId":"-"},"content":"","lastModifiedDate":"2019-07-29T17:14:46","isFullCredit":false},{"lineNumber":5,"author":{"gitId":"-"},"content":"// Product screenshot goes here","lastModifiedDate":"2024-01-07T18:33:52","isFullCredit":false},{"lineNumber":6,"author":{"gitId":"-"},"content":"","lastModifiedDate":"2021-07-17T16:49:07","isFullCredit":false},{"lineNumber":7,"author":{"gitId":"-"},"content":"// Product intro goes here","lastModifiedDate":"2024-01-07T18:33:52","isFullCredit":false},{"lineNumber":8,"author":{"gitId":"-"},"content":"","lastModifiedDate":"2021-07-17T16:49:07","isFullCredit":false},{"lineNumber":9,"author":{"gitId":"-"},"content":"## Adding deadlines","lastModifiedDate":"2024-01-07T18:33:52","isFullCredit":false},{"lineNumber":10,"author":{"gitId":"-"},"content":"","lastModifiedDate":"2021-07-17T16:49:07","isFullCredit":false},{"lineNumber":11,"author":{"gitId":"-"},"content":"// Describe the action and its outcome.","lastModifiedDate":"2024-01-07T18:33:52","isFullCredit":false},{"lineNumber":12,"author":{"gitId":"-"},"content":"","lastModifiedDate":"2019-07-29T17:14:46","isFullCredit":false},{"lineNumber":13,"author":{"gitId":"-"},"content":"// Give examples of usage","lastModifiedDate":"2024-01-07T18:33:52","isFullCredit":false},{"lineNumber":14,"author":{"gitId":"-"},"content":"","lastModifiedDate":"2019-07-29T17:14:46","isFullCredit":false},{"lineNumber":15,"author":{"gitId":"-"},"content":"Example: `keyword (optional arguments)`","lastModifiedDate":"2024-01-07T18:33:52","isFullCredit":false},{"lineNumber":16,"author":{"gitId":"-"},"content":"","lastModifiedDate":"2019-07-29T17:14:46","isFullCredit":false},{"lineNumber":17,"author":{"gitId":"-"},"content":"// A description of the expected outcome goes here","lastModifiedDate":"2024-01-07T18:33:52","isFullCredit":false},{"lineNumber":18,"author":{"gitId":"-"},"content":"","lastModifiedDate":"2019-07-29T17:14:46","isFullCredit":false},{"lineNumber":19,"author":{"gitId":"-"},"content":"```","lastModifiedDate":"2024-01-07T18:33:52","isFullCredit":false},{"lineNumber":20,"author":{"gitId":"-"},"content":"expected output","lastModifiedDate":"2024-01-07T18:33:52","isFullCredit":false},{"lineNumber":21,"author":{"gitId":"-"},"content":"```","lastModifiedDate":"2024-01-07T18:33:52","isFullCredit":false},{"lineNumber":22,"author":{"gitId":"-"},"content":"","lastModifiedDate":"2019-07-29T17:14:46","isFullCredit":false},{"lineNumber":23,"author":{"gitId":"-"},"content":"## Feature ABC","lastModifiedDate":"2024-01-07T18:33:52","isFullCredit":false},{"lineNumber":24,"author":{"gitId":"-"},"content":"","lastModifiedDate":"2019-07-29T17:14:46","isFullCredit":false},{"lineNumber":25,"author":{"gitId":"-"},"content":"// Feature details","lastModifiedDate":"2024-01-07T18:33:52","isFullCredit":false},{"lineNumber":26,"author":{"gitId":"-"},"content":"","lastModifiedDate":"2019-07-29T17:14:46","isFullCredit":false},{"lineNumber":27,"author":{"gitId":"-"},"content":"","lastModifiedDate":"2021-07-17T16:49:07","isFullCredit":false},{"lineNumber":28,"author":{"gitId":"-"},"content":"## Feature XYZ","lastModifiedDate":"2024-01-07T18:33:52","isFullCredit":false},{"lineNumber":29,"author":{"gitId":"-"},"content":"","lastModifiedDate":"2024-01-07T18:33:52","isFullCredit":false},{"lineNumber":30,"author":{"gitId":"-"},"content":"// Feature details","lastModifiedDate":"2024-01-07T18:33:52","isFullCredit":false}],"authorContributionMap":{"Dominique-DP9":1,"-":29}},{"path":"src/main/java/KleeBot.java","fileType":"java","lines":[{"lineNumber":1,"author":{"gitId":"Dominique-DP9"},"content":"import java.sql.SQLOutput;","lastModifiedDate":"2025-08-19T17:25:24","isFullCredit":false},{"lineNumber":2,"author":{"gitId":"Dominique-DP9"},"content":"import java.util.ArrayList;","lastModifiedDate":"2025-08-20T13:30:23","isFullCredit":false},{"lineNumber":3,"author":{"gitId":"Dominique-DP9"},"content":"import java.util.Scanner;","lastModifiedDate":"2025-08-20T12:39:34","isFullCredit":false},{"lineNumber":4,"author":{"gitId":"Dominique-DP9"},"content":"","lastModifiedDate":"2025-08-19T17:25:24","isFullCredit":false},{"lineNumber":5,"author":{"gitId":"Dominique-DP9"},"content":"public class KleeBot {","lastModifiedDate":"2025-08-19T17:25:24","isFullCredit":false},{"lineNumber":6,"author":{"gitId":"Dominique-DP9"},"content":"","lastModifiedDate":"2025-08-20T12:39:34","isFullCredit":false},{"lineNumber":7,"author":{"gitId":"Dominique-DP9"},"content":"    public String lineBreak \u003d \"____________________________________________________________\";","lastModifiedDate":"2025-08-20T12:39:34","isFullCredit":false},{"lineNumber":8,"author":{"gitId":"Dominique-DP9"},"content":"    public String kleeLogo \u003d","lastModifiedDate":"2025-08-20T12:39:34","isFullCredit":false},{"lineNumber":9,"author":{"gitId":"Dominique-DP9"},"content":"            \"⠈⢃⠢⠀⠀⠀⠀⢸⠀⠀⠀⣀⣠⣤⣤⣧⣦⣤⣄⡀⠀⠀⠀⠀⢢⠀⠀⠐⡄\\n\" +","lastModifiedDate":"2025-08-19T17:25:24","isFullCredit":false},{"lineNumber":10,"author":{"gitId":"Dominique-DP9"},"content":"                    \"⠀⠀⡆⠀⣇⠀⠀⢈⣷⣶⡿⣟⣷⣻⣞⡶⣟⡶⣭⣟⠷⣦⣀⣠⠂⠀⢀⢠⠓\\n\" +","lastModifiedDate":"2025-08-19T17:25:24","isFullCredit":false},{"lineNumber":11,"author":{"gitId":"Dominique-DP9"},"content":"                    \"⠀⠀⠤⣀⢸⡴⠾⣟⣿⢾⣽⣻⣞⡷⣯⣿⣽⣿⣿⣿⡿⢟⣋⣁⡀⡌⣀⠊⠈\\n\" +","lastModifiedDate":"2025-08-19T17:25:24","isFullCredit":false},{"lineNumber":12,"author":{"gitId":"Dominique-DP9"},"content":"                    \"⠀⠀⠈⣶⠋⡐⠆⣹⣾⣟⣾⠷⠛⠋⠉⠉⠉⠉⠉⣉⠙⠳⢾⣶⣿⡎⠁⠀⠀\\n\" +","lastModifiedDate":"2025-08-19T17:25:24","isFullCredit":false},{"lineNumber":13,"author":{"gitId":"Dominique-DP9"},"content":"                    \"⠀⠀⢰⡇⠤⢁⣾⣯⡿⠋⠀⠀⠀⠈⡜⠀⠀⠀⠀⠈⢧⡀⠀⠉⠻⣷⠀⠀⠀\\n\" +","lastModifiedDate":"2025-08-19T17:25:24","isFullCredit":false},{"lineNumber":14,"author":{"gitId":"Dominique-DP9"},"content":"                    \"⠀⠀⠘⣷⣮⣽⣻⡟⠀⠀⠀⢀⡟⠀⡇⠀⠀⠈⠀⠀⠈⣷⢆⠀⠀⠘⢧⠀⠀\\n\" +","lastModifiedDate":"2025-08-19T17:25:24","isFullCredit":false},{"lineNumber":15,"author":{"gitId":"Dominique-DP9"},"content":"                    \"⠀⠀⠀⣿⣟⣿⣿⠀⠀⡀⠀⣾⣠⢐⡥⠖⠋⡀⠡⠀⠚⡿⣜⡆⠠⠀⢌⣧⠀\\n\" +","lastModifiedDate":"2025-08-19T17:25:24","isFullCredit":false},{"lineNumber":16,"author":{"gitId":"Dominique-DP9"},"content":"                    \"⠀⠀⠀⠸⣿⣿⣿⡀⠀⡀⢰⡟⠁⣩⣾⣧⣶⠀⠁⢨⣤⣏⢸⡇⢀⠁⢸⣿⠀\\n\" +","lastModifiedDate":"2025-08-19T17:25:24","isFullCredit":false},{"lineNumber":17,"author":{"gitId":"Dominique-DP9"},"content":"                    \"⠀⠀⠀⠀⢻⣿⡽⣶⡄⠀⢸⣿⡿⢹⣿⣧⡏⠑⢤⣸⣿⣿⢷⡇⢀⠊⣼⠏⠀\\n\" +","lastModifiedDate":"2025-08-19T17:25:24","isFullCredit":false},{"lineNumber":18,"author":{"gitId":"Dominique-DP9"},"content":"                    \"⠀⠀⠀⣠⠾⢶⣦⣤⣿⣦⣌⣉⠓⠚⠯⠿⠃⠀⠀⢻⣿⠏⣾⣓⣤⡾⠃⠀⠀\\n\" +","lastModifiedDate":"2025-08-19T17:25:24","isFullCredit":false},{"lineNumber":19,"author":{"gitId":"Dominique-DP9"},"content":"                    \"⠀⣰⠞⣁⣼⠯⣼⡉⠑⠶⡮⣍⠁⠀⠀⢸⡟⣳⡶⠀⠀⠈⣻⠏⠻⣆⠀⠀⠀\\n\" +","lastModifiedDate":"2025-08-19T17:25:24","isFullCredit":false},{"lineNumber":20,"author":{"gitId":"Dominique-DP9"},"content":"                    \"⣴⠋⠐⣾⢣⢏⡖⣷⡀⠄⠙⠪⣟⡷⢶⣦⣯⣭⣤⣴⠖⡻⣝⡆⠡⠈⢷⡀⠀\\n\" +","lastModifiedDate":"2025-08-19T17:25:24","isFullCredit":false},{"lineNumber":21,"author":{"gitId":"Dominique-DP9"},"content":"                    \"⡣⢸⠰⣧⢋⡞⣼⣿⣷⣌⠀⣥⠞⠀⢐⣾⡏⢭⠙⣾⣔⠀⠜⣿⠀⡄⣧⡧⠀\\n\" +","lastModifiedDate":"2025-08-19T17:25:24","isFullCredit":false},{"lineNumber":22,"author":{"gitId":"Dominique-DP9"},"content":"                    \"⠀⠲⠾⢧⣯⡜⣿⣿⣿⣿⠿⣿⣿⣶⣷⠿⣌⣒⣼⢾⣷⣶⣶⣾⣆⡼⠃⠀⠀\\n\" +","lastModifiedDate":"2025-08-19T17:25:24","isFullCredit":false},{"lineNumber":23,"author":{"gitId":"Dominique-DP9"},"content":"                    \"⠀⠀⠀⠀⠈⢛⣿⣿⣿⡇⠀⠀⠀⠉⢻⣶⡟⠹⣷⣎⠉⠉⠉⠉⢻⠄⠀⠀⠀\";","lastModifiedDate":"2025-08-19T17:25:24","isFullCredit":false},{"lineNumber":24,"author":{"gitId":"Dominique-DP9"},"content":"","lastModifiedDate":"2025-08-19T17:25:24","isFullCredit":false},{"lineNumber":25,"author":{"gitId":"Dominique-DP9"},"content":"    void greet() {","lastModifiedDate":"2025-08-20T12:39:34","isFullCredit":false},{"lineNumber":26,"author":{"gitId":"Dominique-DP9"},"content":"        System.out.println(lineBreak);","lastModifiedDate":"2025-08-19T17:25:24","isFullCredit":false},{"lineNumber":27,"author":{"gitId":"Dominique-DP9"},"content":"        System.out.println(kleeLogo);","lastModifiedDate":"2025-08-19T17:25:24","isFullCredit":false},{"lineNumber":28,"author":{"gitId":"Dominique-DP9"},"content":"        System.out.println(\"Hello, I\u0027m Klee, your bestest elf-friend! (◕‿◕✿) \\nWhat can I do for you today? :3\");","lastModifiedDate":"2025-08-19T17:25:24","isFullCredit":false},{"lineNumber":29,"author":{"gitId":"Dominique-DP9"},"content":"        System.out.println(lineBreak);","lastModifiedDate":"2025-08-19T17:25:24","isFullCredit":false},{"lineNumber":30,"author":{"gitId":"Dominique-DP9"},"content":"    }","lastModifiedDate":"2025-08-20T12:39:34","isFullCredit":false},{"lineNumber":31,"author":{"gitId":"Dominique-DP9"},"content":"    void exit() {","lastModifiedDate":"2025-08-20T12:39:34","isFullCredit":false},{"lineNumber":32,"author":{"gitId":"Dominique-DP9"},"content":"        System.out.println(lineBreak);","lastModifiedDate":"2025-08-20T12:39:34","isFullCredit":false},{"lineNumber":33,"author":{"gitId":"Dominique-DP9"},"content":"        System.out.println(\"Aww mann, you\u0027re leaving already?? (╥﹏╥) ...Well!! Come back soon to play with me again alright!!\");","lastModifiedDate":"2025-08-19T17:25:24","isFullCredit":false},{"lineNumber":34,"author":{"gitId":"Dominique-DP9"},"content":"        System.out.println(lineBreak);","lastModifiedDate":"2025-08-19T17:25:24","isFullCredit":false},{"lineNumber":35,"author":{"gitId":"Dominique-DP9"},"content":"    }","lastModifiedDate":"2025-08-20T12:39:34","isFullCredit":false},{"lineNumber":36,"author":{"gitId":"Dominique-DP9"},"content":"","lastModifiedDate":"2025-08-19T17:25:24","isFullCredit":false},{"lineNumber":37,"author":{"gitId":"Dominique-DP9"},"content":"    // Impt stuff","lastModifiedDate":"2025-08-20T13:30:23","isFullCredit":false},{"lineNumber":38,"author":{"gitId":"Dominique-DP9"},"content":"","lastModifiedDate":"2025-08-20T13:30:23","isFullCredit":false},{"lineNumber":39,"author":{"gitId":"Dominique-DP9"},"content":"    public ArrayList\u003cTask\u003e list \u003d new ArrayList\u003c\u003e();","lastModifiedDate":"2025-08-20T13:32:37","isFullCredit":false},{"lineNumber":40,"author":{"gitId":"Dominique-DP9"},"content":"","lastModifiedDate":"2025-08-20T13:30:23","isFullCredit":false},{"lineNumber":41,"author":{"gitId":"Dominique-DP9"},"content":"    void echo(String input) {","lastModifiedDate":"2025-08-20T12:39:34","isFullCredit":false},{"lineNumber":42,"author":{"gitId":"Dominique-DP9"},"content":"        System.out.println(lineBreak);","lastModifiedDate":"2025-08-20T12:39:34","isFullCredit":false},{"lineNumber":43,"author":{"gitId":"Dominique-DP9"},"content":"        System.out.println(\"\\\"\" + input + \"\\\"\" + \", hehee!\");","lastModifiedDate":"2025-08-20T12:39:34","isFullCredit":false},{"lineNumber":44,"author":{"gitId":"Dominique-DP9"},"content":"        System.out.println(lineBreak);","lastModifiedDate":"2025-08-20T12:39:34","isFullCredit":false},{"lineNumber":45,"author":{"gitId":"Dominique-DP9"},"content":"    }","lastModifiedDate":"2025-08-20T12:39:34","isFullCredit":false},{"lineNumber":46,"author":{"gitId":"Dominique-DP9"},"content":"","lastModifiedDate":"2025-08-20T12:39:34","isFullCredit":false},{"lineNumber":47,"author":{"gitId":"Dominique-DP9"},"content":"    void addToList(String input) {","lastModifiedDate":"2025-08-20T13:30:23","isFullCredit":false},{"lineNumber":48,"author":{"gitId":"Dominique-DP9"},"content":"        System.out.println(lineBreak);","lastModifiedDate":"2025-08-20T13:30:23","isFullCredit":false},{"lineNumber":49,"author":{"gitId":"Dominique-DP9"},"content":"        list.add(new Task(input));","lastModifiedDate":"2025-08-20T13:32:37","isFullCredit":false},{"lineNumber":50,"author":{"gitId":"Dominique-DP9"},"content":"        System.out.println(\"OK! Adding to your list!: \" + input);","lastModifiedDate":"2025-08-20T13:30:23","isFullCredit":false},{"lineNumber":51,"author":{"gitId":"Dominique-DP9"},"content":"        System.out.println(lineBreak);","lastModifiedDate":"2025-08-20T13:30:23","isFullCredit":false},{"lineNumber":52,"author":{"gitId":"Dominique-DP9"},"content":"    }","lastModifiedDate":"2025-08-20T13:30:23","isFullCredit":false},{"lineNumber":53,"author":{"gitId":"Dominique-DP9"},"content":"","lastModifiedDate":"2025-08-20T12:39:34","isFullCredit":false},{"lineNumber":54,"author":{"gitId":"Dominique-DP9"},"content":"    void markItem(String[] input) {","lastModifiedDate":"2025-08-20T13:32:37","isFullCredit":false},{"lineNumber":55,"author":{"gitId":"Dominique-DP9"},"content":"        System.out.println(lineBreak); System.out.println(\"You\u0027re amazing, friend!! I\u0027ve marked this task as DHONE!!:\");","lastModifiedDate":"2025-08-20T13:32:37","isFullCredit":false},{"lineNumber":56,"author":{"gitId":"Dominique-DP9"},"content":"        Task task \u003d list.get(Integer.parseInt(input[1]) - 1);","lastModifiedDate":"2025-08-20T13:32:37","isFullCredit":false},{"lineNumber":57,"author":{"gitId":"Dominique-DP9"},"content":"        task.markAsDone();","lastModifiedDate":"2025-08-20T13:32:37","isFullCredit":false},{"lineNumber":58,"author":{"gitId":"Dominique-DP9"},"content":"        System.out.println(\"\\t[\" + task.getStatusIcon() + \"] \" + task.getDescription());","lastModifiedDate":"2025-08-20T13:32:37","isFullCredit":false},{"lineNumber":59,"author":{"gitId":"Dominique-DP9"},"content":"        System.out.println(lineBreak);","lastModifiedDate":"2025-08-20T13:32:37","isFullCredit":false},{"lineNumber":60,"author":{"gitId":"Dominique-DP9"},"content":"    }","lastModifiedDate":"2025-08-20T13:32:37","isFullCredit":false},{"lineNumber":61,"author":{"gitId":"Dominique-DP9"},"content":"","lastModifiedDate":"2025-08-20T13:32:37","isFullCredit":false},{"lineNumber":62,"author":{"gitId":"Dominique-DP9"},"content":"    void unmarkItem(String[] input) {","lastModifiedDate":"2025-08-20T13:32:37","isFullCredit":false},{"lineNumber":63,"author":{"gitId":"Dominique-DP9"},"content":"        System.out.println(lineBreak); System.out.println(\"AWW, it\u0027s alright! You can work on this the next time!:\");","lastModifiedDate":"2025-08-20T13:32:37","isFullCredit":false},{"lineNumber":64,"author":{"gitId":"Dominique-DP9"},"content":"        Task task \u003d list.get(Integer.parseInt(input[1]) - 1);","lastModifiedDate":"2025-08-20T13:32:37","isFullCredit":false},{"lineNumber":65,"author":{"gitId":"Dominique-DP9"},"content":"        task.unmarkAsDone();","lastModifiedDate":"2025-08-20T13:32:37","isFullCredit":false},{"lineNumber":66,"author":{"gitId":"Dominique-DP9"},"content":"        System.out.println(\"\\t[\" + task.getStatusIcon() + \"] \" + task.getDescription()); System.out.println(lineBreak);","lastModifiedDate":"2025-08-20T13:32:37","isFullCredit":false},{"lineNumber":67,"author":{"gitId":"Dominique-DP9"},"content":"    }","lastModifiedDate":"2025-08-20T13:32:37","isFullCredit":false},{"lineNumber":68,"author":{"gitId":"Dominique-DP9"},"content":"","lastModifiedDate":"2025-08-20T13:32:37","isFullCredit":false},{"lineNumber":69,"author":{"gitId":"Dominique-DP9"},"content":"    void readList() {","lastModifiedDate":"2025-08-20T13:30:23","isFullCredit":false},{"lineNumber":70,"author":{"gitId":"Dominique-DP9"},"content":"        System.out.println(lineBreak + \"\\nHere are a list of things you\u0027ve made!!\");","lastModifiedDate":"2025-08-20T13:30:23","isFullCredit":false},{"lineNumber":71,"author":{"gitId":"Dominique-DP9"},"content":"        for (int i\u003d0; i\u003clist.size(); i++) {","lastModifiedDate":"2025-08-20T13:30:23","isFullCredit":false},{"lineNumber":72,"author":{"gitId":"Dominique-DP9"},"content":"            Task task \u003d list.get(i);","lastModifiedDate":"2025-08-20T13:32:37","isFullCredit":false},{"lineNumber":73,"author":{"gitId":"Dominique-DP9"},"content":"            System.out.println(i+1 + \". [\" + task.getStatusIcon() + \"] \" + task.getDescription());","lastModifiedDate":"2025-08-20T13:32:37","isFullCredit":false},{"lineNumber":74,"author":{"gitId":"Dominique-DP9"},"content":"        }","lastModifiedDate":"2025-08-20T13:30:23","isFullCredit":false},{"lineNumber":75,"author":{"gitId":"Dominique-DP9"},"content":"        System.out.println(lineBreak);","lastModifiedDate":"2025-08-20T13:30:23","isFullCredit":false},{"lineNumber":76,"author":{"gitId":"Dominique-DP9"},"content":"    }","lastModifiedDate":"2025-08-20T13:30:23","isFullCredit":false},{"lineNumber":77,"author":{"gitId":"Dominique-DP9"},"content":"","lastModifiedDate":"2025-08-20T13:30:23","isFullCredit":false},{"lineNumber":78,"author":{"gitId":"Dominique-DP9"},"content":"","lastModifiedDate":"2025-08-20T13:30:23","isFullCredit":false},{"lineNumber":79,"author":{"gitId":"Dominique-DP9"},"content":"","lastModifiedDate":"2025-08-20T13:30:23","isFullCredit":false},{"lineNumber":80,"author":{"gitId":"Dominique-DP9"},"content":"","lastModifiedDate":"2025-08-20T13:30:23","isFullCredit":false},{"lineNumber":81,"author":{"gitId":"Dominique-DP9"},"content":"    public static void main(String[] args) {","lastModifiedDate":"2025-08-20T13:30:23","isFullCredit":false},{"lineNumber":82,"author":{"gitId":"Dominique-DP9"},"content":"        // Initialise the klee","lastModifiedDate":"2025-08-20T13:30:23","isFullCredit":false},{"lineNumber":83,"author":{"gitId":"Dominique-DP9"},"content":"        KleeBot klee \u003d new KleeBot();","lastModifiedDate":"2025-08-20T12:39:34","isFullCredit":false},{"lineNumber":84,"author":{"gitId":"Dominique-DP9"},"content":"        Scanner textScanner \u003d new Scanner(System.in);","lastModifiedDate":"2025-08-20T12:39:34","isFullCredit":false},{"lineNumber":85,"author":{"gitId":"Dominique-DP9"},"content":"","lastModifiedDate":"2025-08-20T12:39:34","isFullCredit":false},{"lineNumber":86,"author":{"gitId":"Dominique-DP9"},"content":"        // Program Entry","lastModifiedDate":"2025-08-20T12:39:34","isFullCredit":false},{"lineNumber":87,"author":{"gitId":"Dominique-DP9"},"content":"        klee.greet();","lastModifiedDate":"2025-08-20T12:39:34","isFullCredit":false},{"lineNumber":88,"author":{"gitId":"Dominique-DP9"},"content":"","lastModifiedDate":"2025-08-20T12:39:34","isFullCredit":false},{"lineNumber":89,"author":{"gitId":"Dominique-DP9"},"content":"        loop: while (true) { // need to label the loop a name to break out of it w switch-case","lastModifiedDate":"2025-08-20T13:30:23","isFullCredit":false},{"lineNumber":90,"author":{"gitId":"Dominique-DP9"},"content":"            String userInput \u003d textScanner.nextLine();","lastModifiedDate":"2025-08-20T12:39:34","isFullCredit":false},{"lineNumber":91,"author":{"gitId":"Dominique-DP9"},"content":"            String[] splitted \u003d userInput.split(\" \");","lastModifiedDate":"2025-08-20T13:30:23","isFullCredit":false},{"lineNumber":92,"author":{"gitId":"Dominique-DP9"},"content":"            switch (splitted[0]) {","lastModifiedDate":"2025-08-20T13:30:23","isFullCredit":false},{"lineNumber":93,"author":{"gitId":"Dominique-DP9"},"content":"                case \"bye\":","lastModifiedDate":"2025-08-20T13:30:23","isFullCredit":false},{"lineNumber":94,"author":{"gitId":"Dominique-DP9"},"content":"                    break loop;","lastModifiedDate":"2025-08-20T13:30:23","isFullCredit":false},{"lineNumber":95,"author":{"gitId":"Dominique-DP9"},"content":"                case \"list\":","lastModifiedDate":"2025-08-20T13:30:23","isFullCredit":false},{"lineNumber":96,"author":{"gitId":"Dominique-DP9"},"content":"                    klee.readList();","lastModifiedDate":"2025-08-20T13:30:23","isFullCredit":false},{"lineNumber":97,"author":{"gitId":"Dominique-DP9"},"content":"                    break;","lastModifiedDate":"2025-08-20T13:30:23","isFullCredit":false},{"lineNumber":98,"author":{"gitId":"Dominique-DP9"},"content":"                case \"mark\":","lastModifiedDate":"2025-08-20T13:32:37","isFullCredit":false},{"lineNumber":99,"author":{"gitId":"Dominique-DP9"},"content":"                    klee.markItem(splitted);","lastModifiedDate":"2025-08-20T13:32:37","isFullCredit":false},{"lineNumber":100,"author":{"gitId":"Dominique-DP9"},"content":"                    break;","lastModifiedDate":"2025-08-20T13:32:37","isFullCredit":false},{"lineNumber":101,"author":{"gitId":"Dominique-DP9"},"content":"                case \"unmark\":","lastModifiedDate":"2025-08-20T13:32:37","isFullCredit":false},{"lineNumber":102,"author":{"gitId":"Dominique-DP9"},"content":"                    klee.unmarkItem(splitted);","lastModifiedDate":"2025-08-20T13:32:37","isFullCredit":false},{"lineNumber":103,"author":{"gitId":"Dominique-DP9"},"content":"                    break;","lastModifiedDate":"2025-08-20T13:32:37","isFullCredit":false},{"lineNumber":104,"author":{"gitId":"Dominique-DP9"},"content":"                default:","lastModifiedDate":"2025-08-20T13:30:23","isFullCredit":false},{"lineNumber":105,"author":{"gitId":"Dominique-DP9"},"content":"                    // klee.echo(userInput);","lastModifiedDate":"2025-08-20T13:30:23","isFullCredit":false},{"lineNumber":106,"author":{"gitId":"Dominique-DP9"},"content":"                    klee.addToList(userInput);","lastModifiedDate":"2025-08-20T13:30:23","isFullCredit":false},{"lineNumber":107,"author":{"gitId":"Dominique-DP9"},"content":"            }","lastModifiedDate":"2025-08-20T13:30:23","isFullCredit":false},{"lineNumber":108,"author":{"gitId":"Dominique-DP9"},"content":"        }","lastModifiedDate":"2025-08-20T12:39:34","isFullCredit":false},{"lineNumber":109,"author":{"gitId":"Dominique-DP9"},"content":"","lastModifiedDate":"2025-08-20T12:39:34","isFullCredit":false},{"lineNumber":110,"author":{"gitId":"Dominique-DP9"},"content":"        // Program Exit","lastModifiedDate":"2025-08-20T12:39:34","isFullCredit":false},{"lineNumber":111,"author":{"gitId":"Dominique-DP9"},"content":"        klee.exit();","lastModifiedDate":"2025-08-20T12:39:34","isFullCredit":false},{"lineNumber":112,"author":{"gitId":"Dominique-DP9"},"content":"","lastModifiedDate":"2025-08-19T17:25:24","isFullCredit":false},{"lineNumber":113,"author":{"gitId":"Dominique-DP9"},"content":"    }","lastModifiedDate":"2025-08-19T17:25:24","isFullCredit":false},{"lineNumber":114,"author":{"gitId":"Dominique-DP9"},"content":"}","lastModifiedDate":"2025-08-19T17:25:24","isFullCredit":false}],"authorContributionMap":{"Dominique-DP9":114}},{"path":"src/main/java/Task.java","fileType":"java","lines":[{"lineNumber":1,"author":{"gitId":"Dominique-DP9"},"content":"public class Task {","lastModifiedDate":"2025-08-20T13:32:37","isFullCredit":false},{"lineNumber":2,"author":{"gitId":"Dominique-DP9"},"content":"    protected String description;","lastModifiedDate":"2025-08-20T13:32:37","isFullCredit":false},{"lineNumber":3,"author":{"gitId":"Dominique-DP9"},"content":"    protected boolean isDone;","lastModifiedDate":"2025-08-20T13:32:37","isFullCredit":false},{"lineNumber":4,"author":{"gitId":"Dominique-DP9"},"content":"","lastModifiedDate":"2025-08-20T13:32:37","isFullCredit":false},{"lineNumber":5,"author":{"gitId":"Dominique-DP9"},"content":"    public Task(String description) {","lastModifiedDate":"2025-08-20T13:32:37","isFullCredit":false},{"lineNumber":6,"author":{"gitId":"Dominique-DP9"},"content":"        this.description \u003d description;","lastModifiedDate":"2025-08-20T13:32:37","isFullCredit":false},{"lineNumber":7,"author":{"gitId":"Dominique-DP9"},"content":"        this.isDone \u003d false;","lastModifiedDate":"2025-08-20T13:32:37","isFullCredit":false},{"lineNumber":8,"author":{"gitId":"Dominique-DP9"},"content":"    }","lastModifiedDate":"2025-08-20T13:32:37","isFullCredit":false},{"lineNumber":9,"author":{"gitId":"Dominique-DP9"},"content":"","lastModifiedDate":"2025-08-20T13:32:37","isFullCredit":false},{"lineNumber":10,"author":{"gitId":"Dominique-DP9"},"content":"    public String getStatusIcon() {","lastModifiedDate":"2025-08-20T13:32:37","isFullCredit":false},{"lineNumber":11,"author":{"gitId":"Dominique-DP9"},"content":"        return isDone ? \"X\" : \" \";","lastModifiedDate":"2025-08-20T13:32:37","isFullCredit":false},{"lineNumber":12,"author":{"gitId":"Dominique-DP9"},"content":"    }","lastModifiedDate":"2025-08-20T13:32:37","isFullCredit":false},{"lineNumber":13,"author":{"gitId":"Dominique-DP9"},"content":"","lastModifiedDate":"2025-08-20T13:32:37","isFullCredit":false},{"lineNumber":14,"author":{"gitId":"Dominique-DP9"},"content":"    public String getDescription() {","lastModifiedDate":"2025-08-20T13:32:37","isFullCredit":false},{"lineNumber":15,"author":{"gitId":"Dominique-DP9"},"content":"        return this.description;","lastModifiedDate":"2025-08-20T13:32:37","isFullCredit":false},{"lineNumber":16,"author":{"gitId":"Dominique-DP9"},"content":"    }","lastModifiedDate":"2025-08-20T13:32:37","isFullCredit":false},{"lineNumber":17,"author":{"gitId":"Dominique-DP9"},"content":"","lastModifiedDate":"2025-08-20T13:32:37","isFullCredit":false},{"lineNumber":18,"author":{"gitId":"Dominique-DP9"},"content":"    public void markAsDone() {","lastModifiedDate":"2025-08-20T13:32:37","isFullCredit":false},{"lineNumber":19,"author":{"gitId":"Dominique-DP9"},"content":"        this.isDone \u003d true;","lastModifiedDate":"2025-08-20T13:32:37","isFullCredit":false},{"lineNumber":20,"author":{"gitId":"Dominique-DP9"},"content":"    }","lastModifiedDate":"2025-08-20T13:32:37","isFullCredit":false},{"lineNumber":21,"author":{"gitId":"Dominique-DP9"},"content":"","lastModifiedDate":"2025-08-20T13:32:37","isFullCredit":false},{"lineNumber":22,"author":{"gitId":"Dominique-DP9"},"content":"    public void unmarkAsDone() {","lastModifiedDate":"2025-08-20T13:32:37","isFullCredit":false},{"lineNumber":23,"author":{"gitId":"Dominique-DP9"},"content":"        this.isDone \u003d false;","lastModifiedDate":"2025-08-20T13:32:37","isFullCredit":false},{"lineNumber":24,"author":{"gitId":"Dominique-DP9"},"content":"    }","lastModifiedDate":"2025-08-20T13:32:37","isFullCredit":false},{"lineNumber":25,"author":{"gitId":"Dominique-DP9"},"content":"}","lastModifiedDate":"2025-08-20T13:32:37","isFullCredit":false}],"authorContributionMap":{"Dominique-DP9":25}},{"path":"text-ui-test/runtest.bat","fileType":"bat","lines":[{"lineNumber":1,"author":{"gitId":"-"},"content":"@ECHO OFF","lastModifiedDate":"2020-05-25T00:03:55","isFullCredit":false},{"lineNumber":2,"author":{"gitId":"-"},"content":"","lastModifiedDate":"2020-05-25T00:03:55","isFullCredit":false},{"lineNumber":3,"author":{"gitId":"-"},"content":"REM create bin directory if it doesn\u0027t exist","lastModifiedDate":"2020-05-25T00:03:55","isFullCredit":false},{"lineNumber":4,"author":{"gitId":"-"},"content":"if not exist ..\\bin mkdir ..\\bin","lastModifiedDate":"2020-05-25T00:03:55","isFullCredit":false},{"lineNumber":5,"author":{"gitId":"-"},"content":"","lastModifiedDate":"2020-05-25T00:03:55","isFullCredit":false},{"lineNumber":6,"author":{"gitId":"-"},"content":"REM delete output from previous run","lastModifiedDate":"2020-05-25T00:03:55","isFullCredit":false},{"lineNumber":7,"author":{"gitId":"-"},"content":"if exist ACTUAL.TXT del ACTUAL.TXT","lastModifiedDate":"2020-08-25T17:23:26","isFullCredit":false},{"lineNumber":8,"author":{"gitId":"-"},"content":"","lastModifiedDate":"2020-05-25T00:03:55","isFullCredit":false},{"lineNumber":9,"author":{"gitId":"-"},"content":"REM compile the code into the bin folder","lastModifiedDate":"2020-05-25T00:03:55","isFullCredit":false},{"lineNumber":10,"author":{"gitId":"-"},"content":"javac  -cp ..\\src\\main\\java -Xlint:none -d ..\\bin ..\\src\\main\\java\\*.java","lastModifiedDate":"2020-08-25T17:23:26","isFullCredit":false},{"lineNumber":11,"author":{"gitId":"-"},"content":"IF ERRORLEVEL 1 (","lastModifiedDate":"2020-05-25T00:03:55","isFullCredit":false},{"lineNumber":12,"author":{"gitId":"-"},"content":"    echo ********** BUILD FAILURE **********","lastModifiedDate":"2020-05-25T00:03:55","isFullCredit":false},{"lineNumber":13,"author":{"gitId":"-"},"content":"    exit /b 1","lastModifiedDate":"2020-05-25T00:03:55","isFullCredit":false},{"lineNumber":14,"author":{"gitId":"-"},"content":")","lastModifiedDate":"2020-05-25T00:03:55","isFullCredit":false},{"lineNumber":15,"author":{"gitId":"-"},"content":"REM no error here, errorlevel \u003d\u003d 0","lastModifiedDate":"2020-05-25T00:03:55","isFullCredit":false},{"lineNumber":16,"author":{"gitId":"-"},"content":"","lastModifiedDate":"2020-05-25T00:03:55","isFullCredit":false},{"lineNumber":17,"author":{"gitId":"-"},"content":"REM run the program, feed commands from input.txt file and redirect the output to the ACTUAL.TXT","lastModifiedDate":"2020-05-25T00:03:55","isFullCredit":false},{"lineNumber":18,"author":{"gitId":"Dominique-DP9"},"content":"java -classpath ..\\bin KleeBot \u003c input.txt \u003e ACTUAL.TXT","lastModifiedDate":"2025-08-19T17:25:24","isFullCredit":false},{"lineNumber":19,"author":{"gitId":"-"},"content":"","lastModifiedDate":"2020-05-25T00:03:55","isFullCredit":false},{"lineNumber":20,"author":{"gitId":"-"},"content":"REM compare the output to the expected output","lastModifiedDate":"2020-05-25T00:03:55","isFullCredit":false},{"lineNumber":21,"author":{"gitId":"-"},"content":"FC ACTUAL.TXT EXPECTED.TXT","lastModifiedDate":"2020-05-25T00:03:55","isFullCredit":false}],"authorContributionMap":{"Dominique-DP9":1,"-":20}}]
