{"authorDailyContributionsMap":{"polyrhythmas":[{"date":"2025-08-22T00:00:00","commitResults":[{"hash":"5372e04af456e8777907b192802a562a2a73a9ac","isMergeCommit":false,"messageTitle":"Removed stock code","messageBody":"","fileTypesAndContributionMap":{"java":{"insertions":1,"deletions":6}}},{"hash":"cd1d67a12ce151b402fd6d0ac12f80fe74f972a8","isMergeCommit":false,"messageTitle":"Renamed Duke class to Diablo","messageBody":"","fileTypesAndContributionMap":{"java":{"insertions":1,"deletions":1}}},{"hash":"783f7c111307b40bf270bbbb0dda1f8829a90d88","isMergeCommit":false,"messageTitle":"Added horizontal line function","messageBody":"","fileTypesAndContributionMap":{"java":{"insertions":11,"deletions":0}}},{"hash":"46f37c507f056a6bb49784cf25ecc3d154ee530a","isMergeCommit":false,"messageTitle":"Added greetings","messageBody":"","tags":["Level-0"],"fileTypesAndContributionMap":{"java":{"insertions":9,"deletions":1}}},{"hash":"5d8a2d77507d1650357f0d967f79e580e8b7e7f6","isMergeCommit":false,"messageTitle":"Added echo functionality","messageBody":"","fileTypesAndContributionMap":{"java":{"insertions":17,"deletions":1}}},{"hash":"bb2303d7c0acb268204b450cb08950bc862e8fb1","isMergeCommit":false,"messageTitle":"Added indentation to bot lines","messageBody":"","tags":["Level-1"],"fileTypesAndContributionMap":{"java":{"insertions":4,"deletions":3}}},{"hash":"00fce6100f2fed01e33a186fd9b4bc4e99c85fa9","isMergeCommit":false,"messageTitle":"Added list functionality with ArrayList","messageBody":"","tags":["Level-2"],"fileTypesAndContributionMap":{"java":{"insertions":9,"deletions":1}}},{"hash":"c1967da05e646dddc4278f9b11e29d3b9cc5223b","isMergeCommit":false,"messageTitle":"Added Task class","messageBody":"","fileTypesAndContributionMap":{"java":{"insertions":2,"deletions":0}}},{"hash":"fdd9736461b84044f36ee43da5b2dd44ccbf6425","isMergeCommit":false,"messageTitle":"Added Task class functionality","messageBody":"","fileTypesAndContributionMap":{"java":{"insertions":15,"deletions":0}}},{"hash":"f518970674eb2a7d62aedca970ed475c92c3e26e","isMergeCommit":false,"messageTitle":"Added toString function to Task class","messageBody":"","fileTypesAndContributionMap":{"java":{"insertions":4,"deletions":0}}},{"hash":"df3b00cc569fabe6e155ad11cca7728a0f937b59","isMergeCommit":false,"messageTitle":"Fixed toString output","messageBody":"","fileTypesAndContributionMap":{"java":{"insertions":1,"deletions":1}}},{"hash":"90bdc454c1491a920879f489d58cebfa0ce89857","isMergeCommit":false,"messageTitle":"Added task completing functionality","messageBody":"","tags":["Level-3"],"fileTypesAndContributionMap":{"java":{"insertions":11,"deletions":3}}},{"hash":"98ca933d12302d62609aff619f8a8d072defb597","isMergeCommit":false,"messageTitle":"Added Deadline class","messageBody":"","fileTypesAndContributionMap":{"java":{"insertions":2,"deletions":0}}},{"hash":"543c13c39f76877e0d72129977caa6ab5886c300","isMergeCommit":false,"messageTitle":"Added ToDo class","messageBody":"","fileTypesAndContributionMap":{"java":{"insertions":2,"deletions":0}}},{"hash":"f7a62cb909841faec7ee5542bb344a8eac8f37af","isMergeCommit":false,"messageTitle":"Added Event class","messageBody":"","fileTypesAndContributionMap":{"java":{"insertions":2,"deletions":0}}},{"hash":"4e01f357d6a9fb412f8757b86d784b6af1297e19","isMergeCommit":false,"messageTitle":"Added Override decorator to Task class","messageBody":"","fileTypesAndContributionMap":{"java":{"insertions":1,"deletions":0}}},{"hash":"215d0c3b90ace07225a1241605a005a55a0f0190","isMergeCommit":false,"messageTitle":"Added subtasks\u0027 bodies","messageBody":"","fileTypesAndContributionMap":{"java":{"insertions":36,"deletions":3}}},{"hash":"55b8331ed5a5a4015a48e3bd0d987878496366d2","isMergeCommit":false,"messageTitle":"Changed toString for Deadline and Event","messageBody":"","fileTypesAndContributionMap":{"java":{"insertions":2,"deletions":2}}},{"hash":"c8482c95bd074f5fa15d6d8bf55032a1704f6ad3","isMergeCommit":false,"messageTitle":"Added functionality for 3 new subtasks","messageBody":"","fileTypesAndContributionMap":{"java":{"insertions":28,"deletions":4}}},{"hash":"54d55838b9c737e361e30bc89f33475da26ddf0d","isMergeCommit":false,"messageTitle":"Added semicolon to task addition","messageBody":"","fileTypesAndContributionMap":{"java":{"insertions":1,"deletions":1}}},{"hash":"2b6ff8557f8c885bcc49a529eb605f7fd399715f","isMergeCommit":false,"messageTitle":"Added indentation to task addition","messageBody":"","tags":["Level-4"],"fileTypesAndContributionMap":{"java":{"insertions":1,"deletions":1}}},{"hash":"1e898d1220c37477b0c90eb29ae704347340a207","isMergeCommit":false,"messageTitle":"Changed filenames for testing files","messageBody":"","fileTypesAndContributionMap":{"bat":{"insertions":1,"deletions":1},"sh":{"insertions":1,"deletions":1}}},{"hash":"64ceb04b585cc3a6aeada930fc4edeac58373d1f","isMergeCommit":false,"messageTitle":"Added test inputs and expected output for testing","messageBody":"","tags":["A-TextUiTesting"],"fileTypesAndContributionMap":{"txt":{"insertions":8,"deletions":0},"bat":{"insertions":1,"deletions":1}}},{"hash":"adc02b1017b28c3170a613d07b3d495cf6a906e6","isMergeCommit":false,"messageTitle":"Added DukeException Class","messageBody":"","fileTypesAndContributionMap":{"java":{"insertions":5,"deletions":0}}},{"hash":"ae6d4ca1410cba5e1b27fccc445921a9620b882b","isMergeCommit":false,"messageTitle":"Added error handling for some wrong inputs","messageBody":"","tags":["Level-5"],"fileTypesAndContributionMap":{"java":{"insertions":57,"deletions":19}}},{"hash":"164c9079b3e06bf44d2a17f494ed7dae5d5f12f8","isMergeCommit":false,"messageTitle":"Added delete functionality","messageBody":"","tags":["Level-6"],"fileTypesAndContributionMap":{"java":{"insertions":11,"deletions":4}}}]},{"date":"2025-08-27T00:00:00","commitResults":[{"hash":"3848ce3cafd44c9e1251a574a0de4bdc3c4ddd51","isMergeCommit":false,"messageTitle":"Replace most if-else statements with switch","messageBody":"","fileTypesAndContributionMap":{"java":{"insertions":34,"deletions":25}}},{"hash":"dfb72285d65b1a0f99c37ce8cc3a1bb88f7e6998","isMergeCommit":false,"messageTitle":"Implement addTask function","messageBody":"","fileTypesAndContributionMap":{"java":{"insertions":18,"deletions":12}}},{"hash":"248fa1d269432a45bf1e4ef3e372edcbbd0fd07f","isMergeCommit":false,"messageTitle":"Update logical flow of Diablo","messageBody":"","fileTypesAndContributionMap":{"java":{"insertions":4,"deletions":8}}},{"hash":"377d617e0ccc78fdbce1260d49552668f0891952","isMergeCommit":false,"messageTitle":"Update edge case where list is empty","messageBody":"","fileTypesAndContributionMap":{"java":{"insertions":2,"deletions":3}}}]},{"date":"2025-08-28T00:00:00","commitResults":[{"hash":"c02a93d1b70411eb4d1585f0ed5a9110e319e937","isMergeCommit":false,"messageTitle":"Update task classes and subclasses","messageBody":"These classes were unable to provide information\npertaining to their specific descriptions and\ndetails. This is required for the file reading\nand writing capability of the program.\n\nTo solve this, let\u0027s add getters and setters\nspecific to the task class and its subclasses.\n","fileTypesAndContributionMap":{"java":{"insertions":34,"deletions":0}}},{"hash":"515a5e0dd629d8ea93e98c3d5f8ba966d6d40d92","isMergeCommit":false,"messageTitle":"Add data directory for data saving","messageBody":"","fileTypesAndContributionMap":{"txt":{"insertions":0,"deletions":0},"java":{"insertions":0,"deletions":136}}},{"hash":"e2739395e2af194364aa940069b4410bf1049d84","isMergeCommit":false,"messageTitle":"Add task saving capability","messageBody":"","tags":["Level-7"],"fileTypesAndContributionMap":{"java":{"insertions":275,"deletions":0}}}]}]},"authorFileTypeContributionMap":{"polyrhythmas":{"java":375,"md":0,"fxml":0,"sh":1,"bat":2,"gradle":0,"txt":8}},"authorContributionVariance":{"polyrhythmas":12559.103},"authorDisplayNameMap":{"polyrhythmas":"CS2103T-T15-1 TRIS..SEOW"}}
