{"authorDailyContributionsMap":{"polyrhythmas":[{"date":"2025-08-22T00:00:00","commitResults":[{"hash":"5372e04af456e8777907b192802a562a2a73a9ac","isMergeCommit":false,"messageTitle":"Removed stock code","messageBody":"","fileTypesAndContributionMap":{"java":{"insertions":1,"deletions":6}}},{"hash":"cd1d67a12ce151b402fd6d0ac12f80fe74f972a8","isMergeCommit":false,"messageTitle":"Renamed Duke class to Diablo","messageBody":"","fileTypesAndContributionMap":{"java":{"insertions":1,"deletions":1}}},{"hash":"783f7c111307b40bf270bbbb0dda1f8829a90d88","isMergeCommit":false,"messageTitle":"Added horizontal line function","messageBody":"","fileTypesAndContributionMap":{"java":{"insertions":11,"deletions":0}}},{"hash":"46f37c507f056a6bb49784cf25ecc3d154ee530a","isMergeCommit":false,"messageTitle":"Added greetings","messageBody":"","tags":["Level-0"],"fileTypesAndContributionMap":{"java":{"insertions":9,"deletions":1}}},{"hash":"5d8a2d77507d1650357f0d967f79e580e8b7e7f6","isMergeCommit":false,"messageTitle":"Added echo functionality","messageBody":"","fileTypesAndContributionMap":{"java":{"insertions":17,"deletions":1}}},{"hash":"bb2303d7c0acb268204b450cb08950bc862e8fb1","isMergeCommit":false,"messageTitle":"Added indentation to bot lines","messageBody":"","tags":["Level-1"],"fileTypesAndContributionMap":{"java":{"insertions":4,"deletions":3}}},{"hash":"00fce6100f2fed01e33a186fd9b4bc4e99c85fa9","isMergeCommit":false,"messageTitle":"Added list functionality with ArrayList","messageBody":"","tags":["Level-2"],"fileTypesAndContributionMap":{"java":{"insertions":9,"deletions":1}}},{"hash":"c1967da05e646dddc4278f9b11e29d3b9cc5223b","isMergeCommit":false,"messageTitle":"Added Task class","messageBody":"","fileTypesAndContributionMap":{"java":{"insertions":2,"deletions":0}}},{"hash":"fdd9736461b84044f36ee43da5b2dd44ccbf6425","isMergeCommit":false,"messageTitle":"Added Task class functionality","messageBody":"","fileTypesAndContributionMap":{"java":{"insertions":15,"deletions":0}}},{"hash":"f518970674eb2a7d62aedca970ed475c92c3e26e","isMergeCommit":false,"messageTitle":"Added toString function to Task class","messageBody":"","fileTypesAndContributionMap":{"java":{"insertions":4,"deletions":0}}},{"hash":"df3b00cc569fabe6e155ad11cca7728a0f937b59","isMergeCommit":false,"messageTitle":"Fixed toString output","messageBody":"","fileTypesAndContributionMap":{"java":{"insertions":1,"deletions":1}}},{"hash":"90bdc454c1491a920879f489d58cebfa0ce89857","isMergeCommit":false,"messageTitle":"Added task completing functionality","messageBody":"","tags":["Level-3"],"fileTypesAndContributionMap":{"java":{"insertions":11,"deletions":3}}},{"hash":"98ca933d12302d62609aff619f8a8d072defb597","isMergeCommit":false,"messageTitle":"Added Deadline class","messageBody":"","fileTypesAndContributionMap":{"java":{"insertions":2,"deletions":0}}},{"hash":"543c13c39f76877e0d72129977caa6ab5886c300","isMergeCommit":false,"messageTitle":"Added ToDo class","messageBody":"","fileTypesAndContributionMap":{"java":{"insertions":2,"deletions":0}}},{"hash":"f7a62cb909841faec7ee5542bb344a8eac8f37af","isMergeCommit":false,"messageTitle":"Added Event class","messageBody":"","fileTypesAndContributionMap":{"java":{"insertions":2,"deletions":0}}},{"hash":"4e01f357d6a9fb412f8757b86d784b6af1297e19","isMergeCommit":false,"messageTitle":"Added Override decorator to Task class","messageBody":"","fileTypesAndContributionMap":{"java":{"insertions":1,"deletions":0}}},{"hash":"215d0c3b90ace07225a1241605a005a55a0f0190","isMergeCommit":false,"messageTitle":"Added subtasks\u0027 bodies","messageBody":"","fileTypesAndContributionMap":{"java":{"insertions":36,"deletions":3}}},{"hash":"55b8331ed5a5a4015a48e3bd0d987878496366d2","isMergeCommit":false,"messageTitle":"Changed toString for Deadline and Event","messageBody":"","fileTypesAndContributionMap":{"java":{"insertions":2,"deletions":2}}},{"hash":"c8482c95bd074f5fa15d6d8bf55032a1704f6ad3","isMergeCommit":false,"messageTitle":"Added functionality for 3 new subtasks","messageBody":"","fileTypesAndContributionMap":{"java":{"insertions":28,"deletions":4}}},{"hash":"54d55838b9c737e361e30bc89f33475da26ddf0d","isMergeCommit":false,"messageTitle":"Added semicolon to task addition","messageBody":"","fileTypesAndContributionMap":{"java":{"insertions":1,"deletions":1}}},{"hash":"2b6ff8557f8c885bcc49a529eb605f7fd399715f","isMergeCommit":false,"messageTitle":"Added indentation to task addition","messageBody":"","tags":["Level-4"],"fileTypesAndContributionMap":{"java":{"insertions":1,"deletions":1}}},{"hash":"1e898d1220c37477b0c90eb29ae704347340a207","isMergeCommit":false,"messageTitle":"Changed filenames for testing files","messageBody":"","fileTypesAndContributionMap":{"bat":{"insertions":1,"deletions":1},"sh":{"insertions":1,"deletions":1}}},{"hash":"64ceb04b585cc3a6aeada930fc4edeac58373d1f","isMergeCommit":false,"messageTitle":"Added test inputs and expected output for testing","messageBody":"","tags":["A-TextUiTesting"],"fileTypesAndContributionMap":{"txt":{"insertions":8,"deletions":0},"bat":{"insertions":1,"deletions":1}}},{"hash":"adc02b1017b28c3170a613d07b3d495cf6a906e6","isMergeCommit":false,"messageTitle":"Added DukeException Class","messageBody":"","fileTypesAndContributionMap":{"java":{"insertions":5,"deletions":0}}},{"hash":"ae6d4ca1410cba5e1b27fccc445921a9620b882b","isMergeCommit":false,"messageTitle":"Added error handling for some wrong inputs","messageBody":"","tags":["Level-5"],"fileTypesAndContributionMap":{"java":{"insertions":57,"deletions":19}}},{"hash":"164c9079b3e06bf44d2a17f494ed7dae5d5f12f8","isMergeCommit":false,"messageTitle":"Added delete functionality","messageBody":"","tags":["Level-6"],"fileTypesAndContributionMap":{"java":{"insertions":11,"deletions":4}}}]},{"date":"2025-08-27T00:00:00","commitResults":[{"hash":"3848ce3cafd44c9e1251a574a0de4bdc3c4ddd51","isMergeCommit":false,"messageTitle":"Replace most if-else statements with switch","messageBody":"","fileTypesAndContributionMap":{"java":{"insertions":34,"deletions":25}}},{"hash":"dfb72285d65b1a0f99c37ce8cc3a1bb88f7e6998","isMergeCommit":false,"messageTitle":"Implement addTask function","messageBody":"","fileTypesAndContributionMap":{"java":{"insertions":18,"deletions":12}}},{"hash":"248fa1d269432a45bf1e4ef3e372edcbbd0fd07f","isMergeCommit":false,"messageTitle":"Update logical flow of Diablo","messageBody":"","fileTypesAndContributionMap":{"java":{"insertions":4,"deletions":8}}},{"hash":"377d617e0ccc78fdbce1260d49552668f0891952","isMergeCommit":false,"messageTitle":"Update edge case where list is empty","messageBody":"","fileTypesAndContributionMap":{"java":{"insertions":2,"deletions":3}}}]},{"date":"2025-08-28T00:00:00","commitResults":[{"hash":"c02a93d1b70411eb4d1585f0ed5a9110e319e937","isMergeCommit":false,"messageTitle":"Update task classes and subclasses","messageBody":"These classes were unable to provide information\npertaining to their specific descriptions and\ndetails. This is required for the file reading\nand writing capability of the program.\n\nTo solve this, let\u0027s add getters and setters\nspecific to the task class and its subclasses.\n","fileTypesAndContributionMap":{"java":{"insertions":34,"deletions":0}}},{"hash":"515a5e0dd629d8ea93e98c3d5f8ba966d6d40d92","isMergeCommit":false,"messageTitle":"Add data directory for data saving","messageBody":"","fileTypesAndContributionMap":{"txt":{"insertions":0,"deletions":0},"java":{"insertions":0,"deletions":136}}},{"hash":"e2739395e2af194364aa940069b4410bf1049d84","isMergeCommit":false,"messageTitle":"Add task saving capability","messageBody":"","tags":["Level-7"],"fileTypesAndContributionMap":{"java":{"insertions":275,"deletions":0}}},{"hash":"ab7e55c701593678cbd29128ea8fc2aeda1d4266","isMergeCommit":false,"messageTitle":"Update ToDo and Event classes to store date object","messageBody":"","tags":["Level-8"],"fileTypesAndContributionMap":{"java":{"insertions":23,"deletions":11}}},{"hash":"5ad908f98198b0307ee49b9af3ad669aa83de54d","isMergeCommit":false,"messageTitle":"Add more OOP functionality into Diablo","messageBody":"Create new classes Ui, Parser, Storage and\nTaskList to improve OOP functionality of Diablo.\n","tags":["A-MoreOOP"],"fileTypesAndContributionMap":{"java":{"insertions":375,"deletions":205}}},{"hash":"170203ed08673e537e81aed736b74cdceaeeb21a","isMergeCommit":false,"messageTitle":"Move all java classes to packages","messageBody":"","tags":["A-Packages"],"fileTypesAndContributionMap":{"java":{"insertions":58,"deletions":24}}}]},{"date":"2025-08-29T00:00:00","commitResults":[{"hash":"6061015cec8402134fbb542550fdaaad8a9f40ee","isMergeCommit":false,"messageTitle":"Edit miscellaneous files","messageBody":"","fileTypesAndContributionMap":{"txt":{"insertions":1,"deletions":0},"bat":{"insertions":1,"deletions":0}}},{"hash":"b71e1d750b227adad43f7e4f60adb6d8f7a13e53","isMergeCommit":true,"messageTitle":"Merge branch \u0027add-gradle-support\u0027","messageBody":"","fileTypesAndContributionMap":{}},{"hash":"33ccb905b5a1120b91a0531d26a77d14175b7333","isMergeCommit":false,"messageTitle":"Add correct path to build.gradle","messageBody":"","tags":["A-Gradle"],"fileTypesAndContributionMap":{"gradle":{"insertions":1,"deletions":1}}},{"hash":"8a869a1287d93d579420d5da73f649b318976e96","isMergeCommit":false,"messageTitle":"Add edge case for wrong date format in Parser class","messageBody":"","fileTypesAndContributionMap":{"java":{"insertions":16,"deletions":0}}},{"hash":"4524ba808e1c928ee6ee25e713cdee9ced20444e","isMergeCommit":false,"messageTitle":"Add JUnit test cases","messageBody":"","tags":["A-JUnit"],"fileTypesAndContributionMap":{"java":{"insertions":76,"deletions":0}}},{"hash":"e7b2e227cfecb5193628f72274011bf1e1b9fd69","isMergeCommit":false,"messageTitle":"Change archiveBaseName in shadowJar to diablo","messageBody":"","tags":["A-Jar"],"fileTypesAndContributionMap":{"gradle":{"insertions":1,"deletions":1}}},{"hash":"af0d3871436a7df001842801f7a7e81c4c7b2051","isMergeCommit":false,"messageTitle":"Add printFileErrorMessage method to Ui class","messageBody":"","fileTypesAndContributionMap":{"java":{"insertions":8,"deletions":4}}},{"hash":"36a06fcc655ac1e1924127c8323ec5a458b1b54d","isMergeCommit":false,"messageTitle":"Tweak code to adhere to coding standard","messageBody":"","fileTypesAndContributionMap":{"java":{"insertions":85,"deletions":85}}},{"hash":"bde35ada05a22fb66a9f85ec253be1009b59ad30","isMergeCommit":false,"messageTitle":"Add JavaDoc headers","messageBody":"","fileTypesAndContributionMap":{"txt":{"insertions":1,"deletions":0},"java":{"insertions":208,"deletions":11}}},{"hash":"236cb2de72174f919955a74ad5f80a98f33afe48","isMergeCommit":true,"messageTitle":"Add JavaDoc headers","messageBody":"","tags":["A-JavaDoc"],"fileTypesAndContributionMap":{}},{"hash":"6d50bf7577c350bf9c1b7234e87c300d54411886","isMergeCommit":false,"messageTitle":"Tweak Storage class to coding standard","messageBody":"","fileTypesAndContributionMap":{"java":{"insertions":14,"deletions":14}}},{"hash":"2b746d34a8d71c080bdb32d361ca5d52ef32e5f1","isMergeCommit":true,"messageTitle":"Merge branch \u0027branch-A-CodingStandard\u0027","messageBody":"","tags":["A-CodingStandard"],"fileTypesAndContributionMap":{}},{"hash":"ce9f4f9a1a73f61680feac20509f5f82070885fa","isMergeCommit":false,"messageTitle":"Add functionality for find input","messageBody":"","fileTypesAndContributionMap":{"java":{"insertions":27,"deletions":0}}},{"hash":"d4cbf4e94d107e92150488e669e19cb0e7a10ae7","isMergeCommit":false,"messageTitle":"Change storage file","messageBody":"","fileTypesAndContributionMap":{"txt":{"insertions":5,"deletions":0}}},{"hash":"d30298e7117b75f0a18a41050501bf8d1d0d4b18","isMergeCommit":true,"messageTitle":"Merge branch \u0027branch-Level-9\u0027","messageBody":"","tags":["Level-9"],"fileTypesAndContributionMap":{}},{"hash":"69b4d78d3ebc5446db588cfbf071f91be59834f6","isMergeCommit":false,"messageTitle":"Add JavaDoc header to formatForStorage method","messageBody":"","fileTypesAndContributionMap":{"java":{"insertions":6,"deletions":1}}},{"hash":"65ea9b130b8cca6d303ae5f719bb121408e48d25","isMergeCommit":false,"messageTitle":"Update test case names to follow convention","messageBody":"","fileTypesAndContributionMap":{"java":{"insertions":5,"deletions":5}}}]},{"date":"2025-09-06T00:00:00","commitResults":[{"hash":"146c193d2731bdf690785aba24c9f2339a636bf8","isMergeCommit":false,"messageTitle":"Add GUI to Diablo","messageBody":"","tags":["Level-10"],"fileTypesAndContributionMap":{"gradle":{"insertions":16,"deletions":1},"txt":{"insertions":1,"deletions":4},"fxml":{"insertions":68,"deletions":0},"java":{"insertions":247,"deletions":113}}}]},{"date":"2025-09-11T00:00:00","commitResults":[{"hash":"5302b88d5b99f0c3fcd9329d47e3dfd2a0423f3f","isMergeCommit":false,"messageTitle":"Shorten main function in Diablo","messageBody":"The main function in Diablo has weak SLAP, has\nnesting issues and is too long.\n\nLet\u0027s,\n* introduce new functions for each switch case\n* replace blocks of code with respective functions\n\nThis allows us to avoid lengthy code and reduce\nthe level of abstraction in the main function.\n","tags":["A-FullCommitMessage"],"fileTypesAndContributionMap":{"java":{"insertions":103,"deletions":64}}}]},{"date":"2025-09-12T00:00:00","commitResults":[{"hash":"b9aa27821b36be34ec69fb9dac0afea9d862ad7e","isMergeCommit":false,"messageTitle":"Shorten main function in Diablo","messageBody":"The getOutput function in Diablo has weak SLAP,\nhas nesting issues and is too long.\n\nLet\u0027s,\n* introduce new functions for each switch case\n* replace blocks of code with respective functions\n\nThis allows us to avoid lengthy code and reduce\nthe level of abstraction in the getOutput\nfunction.\n","fileTypesAndContributionMap":{"java":{"insertions":103,"deletions":64}}},{"hash":"0491aa06df6a19304b583a918b692d01c82994be","isMergeCommit":false,"messageTitle":"Add assertions to classes","messageBody":"Some conditions are necessary at certain points\nof execution in the code.\n\nLet\u0027s\n* add assertions to the MainWindow class\n* add assertions to Diablo class\n\nWe are able to ensure that the userinput is not null before parsing the\ninput, and we can also ensure that the parsed input contains the\nappropriate fields to run conditionals on.\n","fileTypesAndContributionMap":{"java":{"insertions":6,"deletions":0}}},{"hash":"4fbe50b680b546e1f1e3f55189ffbc1346e76112","isMergeCommit":false,"messageTitle":"Update functionality of find command","messageBody":"","fileTypesAndContributionMap":{"java":{"insertions":4,"deletions":3}}},{"hash":"0bfa64ebf8d7c453ed3521abc62d50b54cdcb60d","isMergeCommit":false,"messageTitle":"Improve code quality","messageBody":"","fileTypesAndContributionMap":{"java":{"insertions":114,"deletions":67}}},{"hash":"e61a48ca5f02bb1c62deb7148020b956ffce8d82","isMergeCommit":true,"messageTitle":"Merge pull request #1 from polyrhythmas/branch-A-Assertions","messageBody":"Branch a assertions","tags":["A-Assertions"],"fileTypesAndContributionMap":{}},{"hash":"9d7235adc96b9995b577c7d04efe72a4a070e6e9","isMergeCommit":true,"messageTitle":"Merge branch \u0027branch-A-CodeQuality\u0027","messageBody":"","tags":["A-CodeQuality"],"fileTypesAndContributionMap":{}},{"hash":"8d0676f1740b947068fcb6c89b01cbdaca1b6331","isMergeCommit":false,"messageTitle":"Add help command","messageBody":"","tags":["BCD-Extension","A-AiAssisted"],"fileTypesAndContributionMap":{"java":{"insertions":101,"deletions":6}}}]},{"date":"2025-09-18T00:00:00","commitResults":[{"hash":"7fd2e1186d758c98eda07a3366f7e5debac896c6","isMergeCommit":false,"messageTitle":"Add GUI closing feature with AI","messageBody":"","tags":["A-BetterGUI"],"fileTypesAndContributionMap":{"java":{"insertions":14,"deletions":17}}},{"hash":"b1139c91494198c53dd9203b4f3d4d0503d56ced","isMergeCommit":false,"messageTitle":"Beautify GUI with ChatGPT prompts","messageBody":"","fileTypesAndContributionMap":{"fxml":{"insertions":68,"deletions":31},"java":{"insertions":20,"deletions":3},"md":{"insertions":5,"deletions":0}}},{"hash":"321d5f9ca9285ab4384eeedffcf11a761f366448","isMergeCommit":false,"messageTitle":"Redo Storage class constructor","messageBody":"","fileTypesAndContributionMap":{"java":{"insertions":14,"deletions":6},"md":{"insertions":2,"deletions":1}}},{"hash":"486196cbbffa3400ec0054e4e392b870a5727194","isMergeCommit":false,"messageTitle":"Fix text truncation issue","messageBody":"","fileTypesAndContributionMap":{"txt":{"insertions":2,"deletions":0},"fxml":{"insertions":2,"deletions":1},"java":{"insertions":15,"deletions":6}}},{"hash":"e0f5ba015c2ae363f74061de8d89c51602d49093","isMergeCommit":false,"messageTitle":"Change bot message for unknown input","messageBody":"","fileTypesAndContributionMap":{"java":{"insertions":1,"deletions":1}}},{"hash":"bb1534010a6f1039e4dc39822b352e881b75ac7a","isMergeCommit":false,"messageTitle":"Add GUI png image","messageBody":"","fileTypesAndContributionMap":{"txt":{"insertions":2,"deletions":0}}},{"hash":"77635a91c05c60fa2a46523f68964f5db54662c6","isMergeCommit":false,"messageTitle":"Update test cases","messageBody":"","tags":["A-UserGuide"],"fileTypesAndContributionMap":{"java":{"insertions":5,"deletions":8},"md":{"insertions":3,"deletions":5}}},{"hash":"d37510fc8811ab07ea4707a05cf5460e74a93f94","isMergeCommit":false,"messageTitle":"Add user guide","messageBody":"","fileTypesAndContributionMap":{"txt":{"insertions":3,"deletions":1},"java":{"insertions":0,"deletions":3},"md":{"insertions":122,"deletions":9}}},{"hash":"c38c3b96dcc165c745e6833082c8f1c5a85a2495","isMergeCommit":false,"messageTitle":"Tweak storage constructor","messageBody":"","tags":["A-Release"],"fileTypesAndContributionMap":{"java":{"insertions":14,"deletions":3},"md":{"insertions":2,"deletions":1}}}]}]},"authorFileTypeContributionMap":{"polyrhythmas":{"java":1272,"md":127,"fxml":106,"sh":1,"bat":2,"gradle":17,"txt":18}},"authorContributionVariance":{"polyrhythmas":48293.016},"authorDisplayNameMap":{"polyrhythmas":"CS2103T-T15-1 TRIS..SEOW"}}
