[{"path":"src/main/java/Locky.java","fileType":"java","lines":[{"lineNumber":1,"author":{"gitId":"Promist-Moon"},"content":"import java.util.Objects;","lastModifiedDate":"2025-08-20T06:13:02","isFullCredit":false},{"lineNumber":2,"author":{"gitId":"Promist-Moon"},"content":"import java.util.Scanner;","lastModifiedDate":"2025-08-20T06:13:02","isFullCredit":false},{"lineNumber":3,"author":{"gitId":"Promist-Moon"},"content":"import java.util.ArrayList;","lastModifiedDate":"2025-08-20T14:02:40","isFullCredit":false},{"lineNumber":4,"author":{"gitId":"Promist-Moon"},"content":"","lastModifiedDate":"2025-08-20T06:13:02","isFullCredit":false},{"lineNumber":5,"author":{"gitId":"Promist-Moon"},"content":"public class Locky {","lastModifiedDate":"2025-08-19T17:53:49","isFullCredit":false},{"lineNumber":6,"author":{"gitId":"Promist-Moon"},"content":"    public static void main(String[] args) {","lastModifiedDate":"2025-08-19T17:53:49","isFullCredit":false},{"lineNumber":7,"author":{"gitId":"Promist-Moon"},"content":"        String divider \u003d \"____________________________________________________________\\n\";","lastModifiedDate":"2025-08-20T14:02:40","isFullCredit":false},{"lineNumber":8,"author":{"gitId":"Promist-Moon"},"content":"        String logo \u003d \"     __________ \\n\" +","lastModifiedDate":"2025-08-19T17:53:49","isFullCredit":false},{"lineNumber":9,"author":{"gitId":"Promist-Moon"},"content":"                \"    / .------. \\\\\\n\" +","lastModifiedDate":"2025-08-19T17:53:49","isFullCredit":false},{"lineNumber":10,"author":{"gitId":"Promist-Moon"},"content":"                \"   / /        \\\\ \\\\\\n\" +","lastModifiedDate":"2025-08-19T17:53:49","isFullCredit":false},{"lineNumber":11,"author":{"gitId":"Promist-Moon"},"content":"                \"  _| |________| |_\\n\" +","lastModifiedDate":"2025-08-19T17:53:49","isFullCredit":false},{"lineNumber":12,"author":{"gitId":"Promist-Moon"},"content":"                \".\u0027 |_|        |_| \u0027.\\n\" +","lastModifiedDate":"2025-08-19T17:53:49","isFullCredit":false},{"lineNumber":13,"author":{"gitId":"Promist-Moon"},"content":"                \"\u0027._____ ____ _____.\u0027\\n\" +","lastModifiedDate":"2025-08-19T17:53:49","isFullCredit":false},{"lineNumber":14,"author":{"gitId":"Promist-Moon"},"content":"                \"|     .\u0027    \u0027.     |\\n\" +","lastModifiedDate":"2025-08-19T17:53:49","isFullCredit":false},{"lineNumber":15,"author":{"gitId":"Promist-Moon"},"content":"                \"\u0027.  .\u0027.      .\u0027.  .\u0027\\n\" +","lastModifiedDate":"2025-08-19T17:53:49","isFullCredit":false},{"lineNumber":16,"author":{"gitId":"Promist-Moon"},"content":"                \"\u0027       LOCKY      \u0027\\n\" +","lastModifiedDate":"2025-08-19T17:53:49","isFullCredit":false},{"lineNumber":17,"author":{"gitId":"Promist-Moon"},"content":"                \"|   \u0027. .    . .\u0027   |\\n\" +","lastModifiedDate":"2025-08-19T17:53:49","isFullCredit":false},{"lineNumber":18,"author":{"gitId":"Promist-Moon"},"content":"                \"\u0027.________________.\u0027\\n\";","lastModifiedDate":"2025-08-19T17:53:49","isFullCredit":false},{"lineNumber":19,"author":{"gitId":"Promist-Moon"},"content":"        String intro \u003d divider","lastModifiedDate":"2025-08-20T14:02:40","isFullCredit":false},{"lineNumber":20,"author":{"gitId":"Promist-Moon"},"content":"        + \"Hello! I\u0027m Locky\\n\"","lastModifiedDate":"2025-08-19T17:53:49","isFullCredit":false},{"lineNumber":21,"author":{"gitId":"Promist-Moon"},"content":"        + \"Reminding you to Lock In!\\n\"","lastModifiedDate":"2025-08-19T17:53:49","isFullCredit":false},{"lineNumber":22,"author":{"gitId":"Promist-Moon"},"content":"        + \"What can I do for you?\\n\";","lastModifiedDate":"2025-08-20T06:13:02","isFullCredit":false},{"lineNumber":23,"author":{"gitId":"Promist-Moon"},"content":"","lastModifiedDate":"2025-08-20T14:02:40","isFullCredit":false},{"lineNumber":24,"author":{"gitId":"Promist-Moon"},"content":"        ArrayList\u003cString\u003e list \u003d new ArrayList\u003c\u003e();","lastModifiedDate":"2025-08-20T14:02:40","isFullCredit":false},{"lineNumber":25,"author":{"gitId":"Promist-Moon"},"content":"","lastModifiedDate":"2025-08-20T14:02:40","isFullCredit":false},{"lineNumber":26,"author":{"gitId":"Promist-Moon"},"content":"        System.out.println(logo + intro);","lastModifiedDate":"2025-08-19T17:53:49","isFullCredit":false},{"lineNumber":27,"author":{"gitId":"Promist-Moon"},"content":"        Scanner scanner \u003d new Scanner(System.in);","lastModifiedDate":"2025-08-20T06:13:02","isFullCredit":false},{"lineNumber":28,"author":{"gitId":"Promist-Moon"},"content":"        String command \u003d scanner.nextLine();","lastModifiedDate":"2025-08-20T06:13:02","isFullCredit":false},{"lineNumber":29,"author":{"gitId":"Promist-Moon"},"content":"        while (!Objects.equals(command, \"bye\")) {","lastModifiedDate":"2025-08-20T06:13:02","isFullCredit":false},{"lineNumber":30,"author":{"gitId":"Promist-Moon"},"content":"            System.out.println(divider);","lastModifiedDate":"2025-08-20T14:02:40","isFullCredit":false},{"lineNumber":31,"author":{"gitId":"Promist-Moon"},"content":"            if (Objects.equals(command, \"list\")) {","lastModifiedDate":"2025-08-20T14:02:40","isFullCredit":false},{"lineNumber":32,"author":{"gitId":"Promist-Moon"},"content":"                for (int i \u003d 0; i \u003c list.size(); i++) {","lastModifiedDate":"2025-08-20T14:02:40","isFullCredit":false},{"lineNumber":33,"author":{"gitId":"Promist-Moon"},"content":"                    System.out.println((i + 1) + \". \" + list.get(i));","lastModifiedDate":"2025-08-20T14:02:40","isFullCredit":false},{"lineNumber":34,"author":{"gitId":"Promist-Moon"},"content":"                }","lastModifiedDate":"2025-08-20T14:02:40","isFullCredit":false},{"lineNumber":35,"author":{"gitId":"Promist-Moon"},"content":"                System.out.println(\"\\n\");","lastModifiedDate":"2025-08-20T14:02:40","isFullCredit":false},{"lineNumber":36,"author":{"gitId":"Promist-Moon"},"content":"                command \u003d scanner.nextLine();","lastModifiedDate":"2025-08-20T14:02:40","isFullCredit":false},{"lineNumber":37,"author":{"gitId":"Promist-Moon"},"content":"                continue;","lastModifiedDate":"2025-08-20T14:02:40","isFullCredit":false},{"lineNumber":38,"author":{"gitId":"Promist-Moon"},"content":"            }","lastModifiedDate":"2025-08-20T14:02:40","isFullCredit":false},{"lineNumber":39,"author":{"gitId":"Promist-Moon"},"content":"            System.out.println(\"added: \"","lastModifiedDate":"2025-08-20T14:02:40","isFullCredit":false},{"lineNumber":40,"author":{"gitId":"Promist-Moon"},"content":"                    + command","lastModifiedDate":"2025-08-20T06:13:02","isFullCredit":false},{"lineNumber":41,"author":{"gitId":"Promist-Moon"},"content":"                    + \"\\n\");","lastModifiedDate":"2025-08-20T06:13:02","isFullCredit":false},{"lineNumber":42,"author":{"gitId":"Promist-Moon"},"content":"            list.add(command);","lastModifiedDate":"2025-08-20T14:02:40","isFullCredit":false},{"lineNumber":43,"author":{"gitId":"Promist-Moon"},"content":"            command \u003d scanner.nextLine();","lastModifiedDate":"2025-08-20T06:13:02","isFullCredit":false},{"lineNumber":44,"author":{"gitId":"Promist-Moon"},"content":"        }","lastModifiedDate":"2025-08-20T06:13:02","isFullCredit":false},{"lineNumber":45,"author":{"gitId":"Promist-Moon"},"content":"        System.out.println(divider","lastModifiedDate":"2025-08-20T14:02:40","isFullCredit":false},{"lineNumber":46,"author":{"gitId":"Promist-Moon"},"content":"                + \"You better Lock In!\\n\"","lastModifiedDate":"2025-08-20T06:13:02","isFullCredit":false},{"lineNumber":47,"author":{"gitId":"Promist-Moon"},"content":"                + divider);","lastModifiedDate":"2025-08-20T14:02:40","isFullCredit":false},{"lineNumber":48,"author":{"gitId":"Promist-Moon"},"content":"        scanner.close();","lastModifiedDate":"2025-08-20T06:13:02","isFullCredit":false},{"lineNumber":49,"author":{"gitId":"Promist-Moon"},"content":"    }","lastModifiedDate":"2025-08-19T17:53:49","isFullCredit":false},{"lineNumber":50,"author":{"gitId":"Promist-Moon"},"content":"}","lastModifiedDate":"2025-08-19T17:53:49","isFullCredit":false}],"authorContributionMap":{"Promist-Moon":50}},{"path":"text-ui-test/runtest.bat","fileType":"bat","lines":[{"lineNumber":1,"author":{"gitId":"-"},"content":"@ECHO OFF","lastModifiedDate":"2020-05-25T00:03:55","isFullCredit":false},{"lineNumber":2,"author":{"gitId":"-"},"content":"","lastModifiedDate":"2020-05-25T00:03:55","isFullCredit":false},{"lineNumber":3,"author":{"gitId":"-"},"content":"REM create bin directory if it doesn\u0027t exist","lastModifiedDate":"2020-05-25T00:03:55","isFullCredit":false},{"lineNumber":4,"author":{"gitId":"-"},"content":"if not exist ..\\bin mkdir ..\\bin","lastModifiedDate":"2020-05-25T00:03:55","isFullCredit":false},{"lineNumber":5,"author":{"gitId":"-"},"content":"","lastModifiedDate":"2020-05-25T00:03:55","isFullCredit":false},{"lineNumber":6,"author":{"gitId":"-"},"content":"REM delete output from previous run","lastModifiedDate":"2020-05-25T00:03:55","isFullCredit":false},{"lineNumber":7,"author":{"gitId":"-"},"content":"if exist ACTUAL.TXT del ACTUAL.TXT","lastModifiedDate":"2020-08-25T17:23:26","isFullCredit":false},{"lineNumber":8,"author":{"gitId":"-"},"content":"","lastModifiedDate":"2020-05-25T00:03:55","isFullCredit":false},{"lineNumber":9,"author":{"gitId":"-"},"content":"REM compile the code into the bin folder","lastModifiedDate":"2020-05-25T00:03:55","isFullCredit":false},{"lineNumber":10,"author":{"gitId":"-"},"content":"javac  -cp ..\\src\\main\\java -Xlint:none -d ..\\bin ..\\src\\main\\java\\*.java","lastModifiedDate":"2020-08-25T17:23:26","isFullCredit":false},{"lineNumber":11,"author":{"gitId":"-"},"content":"IF ERRORLEVEL 1 (","lastModifiedDate":"2020-05-25T00:03:55","isFullCredit":false},{"lineNumber":12,"author":{"gitId":"-"},"content":"    echo ********** BUILD FAILURE **********","lastModifiedDate":"2020-05-25T00:03:55","isFullCredit":false},{"lineNumber":13,"author":{"gitId":"-"},"content":"    exit /b 1","lastModifiedDate":"2020-05-25T00:03:55","isFullCredit":false},{"lineNumber":14,"author":{"gitId":"-"},"content":")","lastModifiedDate":"2020-05-25T00:03:55","isFullCredit":false},{"lineNumber":15,"author":{"gitId":"-"},"content":"REM no error here, errorlevel \u003d\u003d 0","lastModifiedDate":"2020-05-25T00:03:55","isFullCredit":false},{"lineNumber":16,"author":{"gitId":"-"},"content":"","lastModifiedDate":"2020-05-25T00:03:55","isFullCredit":false},{"lineNumber":17,"author":{"gitId":"-"},"content":"REM run the program, feed commands from input.txt file and redirect the output to the ACTUAL.TXT","lastModifiedDate":"2020-05-25T00:03:55","isFullCredit":false},{"lineNumber":18,"author":{"gitId":"Promist-Moon"},"content":"java -classpath ..\\bin Locky \u003c input.txt \u003e ACTUAL.TXT","lastModifiedDate":"2025-08-19T17:53:49","isFullCredit":false},{"lineNumber":19,"author":{"gitId":"-"},"content":"","lastModifiedDate":"2020-05-25T00:03:55","isFullCredit":false},{"lineNumber":20,"author":{"gitId":"-"},"content":"REM compare the output to the expected output","lastModifiedDate":"2020-05-25T00:03:55","isFullCredit":false},{"lineNumber":21,"author":{"gitId":"-"},"content":"FC ACTUAL.TXT EXPECTED.TXT","lastModifiedDate":"2020-05-25T00:03:55","isFullCredit":false}],"authorContributionMap":{"Promist-Moon":1,"-":20}},{"path":"text-ui-test/runtest.sh","fileType":"sh","lines":[{"lineNumber":1,"author":{"gitId":"-"},"content":"#!/usr/bin/env bash","lastModifiedDate":"2020-05-25T00:03:55","isFullCredit":false},{"lineNumber":2,"author":{"gitId":"-"},"content":"","lastModifiedDate":"2020-05-25T00:03:55","isFullCredit":false},{"lineNumber":3,"author":{"gitId":"-"},"content":"# create bin directory if it doesn\u0027t exist","lastModifiedDate":"2020-05-25T00:03:55","isFullCredit":false},{"lineNumber":4,"author":{"gitId":"-"},"content":"if [ ! -d \"../bin\" ]","lastModifiedDate":"2020-05-25T00:03:55","isFullCredit":false},{"lineNumber":5,"author":{"gitId":"-"},"content":"then","lastModifiedDate":"2020-05-25T00:03:55","isFullCredit":false},{"lineNumber":6,"author":{"gitId":"-"},"content":"    mkdir ../bin","lastModifiedDate":"2020-05-25T00:03:55","isFullCredit":false},{"lineNumber":7,"author":{"gitId":"-"},"content":"fi","lastModifiedDate":"2020-05-25T00:03:55","isFullCredit":false},{"lineNumber":8,"author":{"gitId":"-"},"content":"","lastModifiedDate":"2020-05-25T00:03:55","isFullCredit":false},{"lineNumber":9,"author":{"gitId":"-"},"content":"# delete output from previous run","lastModifiedDate":"2020-05-25T00:03:55","isFullCredit":false},{"lineNumber":10,"author":{"gitId":"-"},"content":"if [ -e \"./ACTUAL.TXT\" ]","lastModifiedDate":"2020-05-25T00:03:55","isFullCredit":false},{"lineNumber":11,"author":{"gitId":"-"},"content":"then","lastModifiedDate":"2020-05-25T00:03:55","isFullCredit":false},{"lineNumber":12,"author":{"gitId":"-"},"content":"    rm ACTUAL.TXT","lastModifiedDate":"2020-05-25T00:03:55","isFullCredit":false},{"lineNumber":13,"author":{"gitId":"-"},"content":"fi","lastModifiedDate":"2020-05-25T00:03:55","isFullCredit":false},{"lineNumber":14,"author":{"gitId":"-"},"content":"","lastModifiedDate":"2020-05-25T00:03:55","isFullCredit":false},{"lineNumber":15,"author":{"gitId":"-"},"content":"# compile the code into the bin folder, terminates if error occurred","lastModifiedDate":"2020-05-25T00:03:55","isFullCredit":false},{"lineNumber":16,"author":{"gitId":"-"},"content":"if ! javac -cp ../src/main/java -Xlint:none -d ../bin ../src/main/java/*.java","lastModifiedDate":"2020-08-25T17:23:26","isFullCredit":false},{"lineNumber":17,"author":{"gitId":"-"},"content":"then","lastModifiedDate":"2020-05-25T00:03:55","isFullCredit":false},{"lineNumber":18,"author":{"gitId":"-"},"content":"    echo \"********** BUILD FAILURE **********\"","lastModifiedDate":"2020-05-25T00:03:55","isFullCredit":false},{"lineNumber":19,"author":{"gitId":"-"},"content":"    exit 1","lastModifiedDate":"2020-05-25T00:03:55","isFullCredit":false},{"lineNumber":20,"author":{"gitId":"-"},"content":"fi","lastModifiedDate":"2020-05-25T00:03:55","isFullCredit":false},{"lineNumber":21,"author":{"gitId":"-"},"content":"","lastModifiedDate":"2020-05-25T00:03:55","isFullCredit":false},{"lineNumber":22,"author":{"gitId":"-"},"content":"# run the program, feed commands from input.txt file and redirect the output to the ACTUAL.TXT","lastModifiedDate":"2020-05-25T00:03:55","isFullCredit":false},{"lineNumber":23,"author":{"gitId":"Promist-Moon"},"content":"java -classpath ../bin Locky \u003c input.txt \u003e ACTUAL.TXT","lastModifiedDate":"2025-08-19T17:53:49","isFullCredit":false},{"lineNumber":24,"author":{"gitId":"-"},"content":"","lastModifiedDate":"2020-05-25T00:03:55","isFullCredit":false},{"lineNumber":25,"author":{"gitId":"-"},"content":"# convert to UNIX format","lastModifiedDate":"2020-05-25T00:03:55","isFullCredit":false},{"lineNumber":26,"author":{"gitId":"-"},"content":"cp EXPECTED.TXT EXPECTED-UNIX.TXT","lastModifiedDate":"2020-05-25T00:03:55","isFullCredit":false},{"lineNumber":27,"author":{"gitId":"-"},"content":"dos2unix ACTUAL.TXT EXPECTED-UNIX.TXT","lastModifiedDate":"2020-05-25T00:03:55","isFullCredit":false},{"lineNumber":28,"author":{"gitId":"-"},"content":"","lastModifiedDate":"2020-05-25T00:03:55","isFullCredit":false},{"lineNumber":29,"author":{"gitId":"-"},"content":"# compare the output to the expected output","lastModifiedDate":"2020-05-25T00:03:55","isFullCredit":false},{"lineNumber":30,"author":{"gitId":"-"},"content":"diff ACTUAL.TXT EXPECTED-UNIX.TXT","lastModifiedDate":"2020-05-25T00:03:55","isFullCredit":false},{"lineNumber":31,"author":{"gitId":"-"},"content":"if [ $? -eq 0 ]","lastModifiedDate":"2020-05-25T00:03:55","isFullCredit":false},{"lineNumber":32,"author":{"gitId":"-"},"content":"then","lastModifiedDate":"2020-05-25T00:03:55","isFullCredit":false},{"lineNumber":33,"author":{"gitId":"-"},"content":"    echo \"Test result: PASSED\"","lastModifiedDate":"2020-05-25T00:03:55","isFullCredit":false},{"lineNumber":34,"author":{"gitId":"-"},"content":"    exit 0","lastModifiedDate":"2020-05-25T00:03:55","isFullCredit":false},{"lineNumber":35,"author":{"gitId":"-"},"content":"else","lastModifiedDate":"2020-05-25T00:03:55","isFullCredit":false},{"lineNumber":36,"author":{"gitId":"-"},"content":"    echo \"Test result: FAILED\"","lastModifiedDate":"2020-05-25T00:03:55","isFullCredit":false},{"lineNumber":37,"author":{"gitId":"-"},"content":"    exit 1","lastModifiedDate":"2020-05-25T00:03:55","isFullCredit":false},{"lineNumber":38,"author":{"gitId":"-"},"content":"fi","lastModifiedDate":"2020-05-25T00:03:55","isFullCredit":false}],"authorContributionMap":{"Promist-Moon":1,"-":37}}]
