[{"path":"src/main/java/MeowTheCat.java","fileType":"java","lines":[{"lineNumber":1,"author":{"gitId":"RandomNerd01"},"content":"import java.util.ArrayList;","lastModifiedDate":"2025-08-19T14:39:26","isFullCredit":false},{"lineNumber":2,"author":{"gitId":"RandomNerd01"},"content":"import java.util.Scanner;","lastModifiedDate":"2025-08-19T10:09:12","isFullCredit":false},{"lineNumber":3,"author":{"gitId":"RandomNerd01"},"content":"","lastModifiedDate":"2025-08-19T10:09:12","isFullCredit":false},{"lineNumber":4,"author":{"gitId":"RandomNerd01"},"content":"public class MeowTheCat {","lastModifiedDate":"2025-08-19T16:19:19","isFullCredit":false},{"lineNumber":5,"author":{"gitId":"RandomNerd01"},"content":"    public static void main(String[] args) {","lastModifiedDate":"2025-08-18T14:31:10","isFullCredit":false},{"lineNumber":6,"author":{"gitId":"RandomNerd01"},"content":"        Scanner sc \u003d new Scanner(System.in);","lastModifiedDate":"2025-08-19T10:09:12","isFullCredit":false},{"lineNumber":7,"author":{"gitId":"RandomNerd01"},"content":"        ArrayList\u003cTask\u003e lol \u003d new ArrayList\u003c\u003e();","lastModifiedDate":"2025-08-19T16:19:19","isFullCredit":false},{"lineNumber":8,"author":{"gitId":"RandomNerd01"},"content":"","lastModifiedDate":"2025-08-19T10:09:12","isFullCredit":false},{"lineNumber":9,"author":{"gitId":"RandomNerd01"},"content":"        System.out.println(\"____________________________________________________________\");","lastModifiedDate":"2025-08-18T14:31:10","isFullCredit":false},{"lineNumber":10,"author":{"gitId":"RandomNerd01"},"content":"        System.out.println(\"Hello! I\u0027m MeowTheCat\");","lastModifiedDate":"2025-08-18T14:31:10","isFullCredit":false},{"lineNumber":11,"author":{"gitId":"RandomNerd01"},"content":"        System.out.println(\"What can I do for you?\");","lastModifiedDate":"2025-08-18T14:31:10","isFullCredit":false},{"lineNumber":12,"author":{"gitId":"RandomNerd01"},"content":"        System.out.println(\"____________________________________________________________\");","lastModifiedDate":"2025-08-18T14:31:10","isFullCredit":false},{"lineNumber":13,"author":{"gitId":"RandomNerd01"},"content":"","lastModifiedDate":"2025-08-19T10:09:12","isFullCredit":false},{"lineNumber":14,"author":{"gitId":"RandomNerd01"},"content":"        while (true) {","lastModifiedDate":"2025-08-19T10:09:12","isFullCredit":false},{"lineNumber":15,"author":{"gitId":"RandomNerd01"},"content":"            String line \u003d sc.nextLine().trim();","lastModifiedDate":"2025-08-19T10:09:12","isFullCredit":false},{"lineNumber":16,"author":{"gitId":"RandomNerd01"},"content":"            if (line.equals(\"bye\")) {","lastModifiedDate":"2025-08-19T16:19:19","isFullCredit":false},{"lineNumber":17,"author":{"gitId":"RandomNerd01"},"content":"                printGoodbye();","lastModifiedDate":"2025-08-19T16:19:19","isFullCredit":false},{"lineNumber":18,"author":{"gitId":"RandomNerd01"},"content":"                break;","lastModifiedDate":"2025-08-19T16:19:19","isFullCredit":false},{"lineNumber":19,"author":{"gitId":"RandomNerd01"},"content":"            } else if (line.equals(\"list\")) {","lastModifiedDate":"2025-08-19T16:19:19","isFullCredit":false},{"lineNumber":20,"author":{"gitId":"RandomNerd01"},"content":"                printList(lol);","lastModifiedDate":"2025-08-19T16:19:19","isFullCredit":false},{"lineNumber":21,"author":{"gitId":"RandomNerd01"},"content":"            } else if (line.startsWith(\"mark \")) {","lastModifiedDate":"2025-08-19T16:19:19","isFullCredit":false},{"lineNumber":22,"author":{"gitId":"RandomNerd01"},"content":"                int idx \u003d Integer.parseInt(line.substring(5).trim()) - 1;","lastModifiedDate":"2025-08-19T16:19:19","isFullCredit":false},{"lineNumber":23,"author":{"gitId":"RandomNerd01"},"content":"                if (idx \u003c 0 || idx \u003e\u003d lol.size()) {","lastModifiedDate":"2025-08-19T16:19:19","isFullCredit":false},{"lineNumber":24,"author":{"gitId":"RandomNerd01"},"content":"                    System.out.println(\"You put a number that doesn\u0027t align with the tasks you have.\");","lastModifiedDate":"2025-08-19T16:19:19","isFullCredit":false},{"lineNumber":25,"author":{"gitId":"RandomNerd01"},"content":"                } else {","lastModifiedDate":"2025-08-19T16:19:19","isFullCredit":false},{"lineNumber":26,"author":{"gitId":"RandomNerd01"},"content":"                    lol.get(idx).markDone();","lastModifiedDate":"2025-08-19T16:19:19","isFullCredit":false},{"lineNumber":27,"author":{"gitId":"RandomNerd01"},"content":"                    System.out.println(\"____________________________________________________________\");","lastModifiedDate":"2025-08-19T10:09:12","isFullCredit":false},{"lineNumber":28,"author":{"gitId":"RandomNerd01"},"content":"                    System.out.println(\"Nice! I\u0027ve marked this task as done:\");","lastModifiedDate":"2025-08-19T16:19:19","isFullCredit":false},{"lineNumber":29,"author":{"gitId":"RandomNerd01"},"content":"                    System.out.println(\"  \" + lol.get(idx));","lastModifiedDate":"2025-08-19T16:19:19","isFullCredit":false},{"lineNumber":30,"author":{"gitId":"RandomNerd01"},"content":"                    System.out.println(\"____________________________________________________________\");","lastModifiedDate":"2025-08-18T14:31:10","isFullCredit":false},{"lineNumber":31,"author":{"gitId":"RandomNerd01"},"content":"                }","lastModifiedDate":"2025-08-19T16:19:19","isFullCredit":false},{"lineNumber":32,"author":{"gitId":"RandomNerd01"},"content":"            } else if (line.startsWith(\"unmark \")) {","lastModifiedDate":"2025-08-19T16:19:19","isFullCredit":false},{"lineNumber":33,"author":{"gitId":"RandomNerd01"},"content":"                int idx \u003d Integer.parseInt(line.substring(7).trim()) - 1;","lastModifiedDate":"2025-08-19T16:19:19","isFullCredit":false},{"lineNumber":34,"author":{"gitId":"RandomNerd01"},"content":"                if (idx \u003c 0 || idx \u003e\u003d lol.size()) {","lastModifiedDate":"2025-08-19T16:19:19","isFullCredit":false},{"lineNumber":35,"author":{"gitId":"RandomNerd01"},"content":"                    System.out.println(\"You put a number that doesn\u0027t align with the tasks you have.\");","lastModifiedDate":"2025-08-19T16:19:19","isFullCredit":false},{"lineNumber":36,"author":{"gitId":"RandomNerd01"},"content":"                } else {","lastModifiedDate":"2025-08-19T16:19:19","isFullCredit":false},{"lineNumber":37,"author":{"gitId":"RandomNerd01"},"content":"                    lol.get(idx).markUndone();","lastModifiedDate":"2025-08-19T16:19:19","isFullCredit":false},{"lineNumber":38,"author":{"gitId":"RandomNerd01"},"content":"                    System.out.println(\"____________________________________________________________\");","lastModifiedDate":"2025-08-19T16:19:19","isFullCredit":false},{"lineNumber":39,"author":{"gitId":"RandomNerd01"},"content":"                    System.out.println(\"OK, I\u0027ve marked this task as not done yet:\");","lastModifiedDate":"2025-08-19T16:19:19","isFullCredit":false},{"lineNumber":40,"author":{"gitId":"RandomNerd01"},"content":"                    System.out.println(\"  \" + lol.get(idx));","lastModifiedDate":"2025-08-19T16:19:19","isFullCredit":false},{"lineNumber":41,"author":{"gitId":"RandomNerd01"},"content":"                    System.out.println(\"____________________________________________________________\");","lastModifiedDate":"2025-08-19T16:19:19","isFullCredit":false},{"lineNumber":42,"author":{"gitId":"RandomNerd01"},"content":"                }","lastModifiedDate":"2025-08-19T16:19:19","isFullCredit":false},{"lineNumber":43,"author":{"gitId":"RandomNerd01"},"content":"            } else {","lastModifiedDate":"2025-08-19T16:19:19","isFullCredit":false},{"lineNumber":44,"author":{"gitId":"RandomNerd01"},"content":"                if (!line.isEmpty()) {","lastModifiedDate":"2025-08-19T16:19:19","isFullCredit":false},{"lineNumber":45,"author":{"gitId":"RandomNerd01"},"content":"                    Task t \u003d Task.createToDo(line);","lastModifiedDate":"2025-08-19T16:19:19","isFullCredit":false},{"lineNumber":46,"author":{"gitId":"RandomNerd01"},"content":"                    lol.add(t);","lastModifiedDate":"2025-08-19T16:19:19","isFullCredit":false},{"lineNumber":47,"author":{"gitId":"RandomNerd01"},"content":"                    System.out.println(\"____________________________________________________________\");","lastModifiedDate":"2025-08-19T16:19:19","isFullCredit":false},{"lineNumber":48,"author":{"gitId":"RandomNerd01"},"content":"                    System.out.println(\"added: \" + line);","lastModifiedDate":"2025-08-19T16:19:19","isFullCredit":false},{"lineNumber":49,"author":{"gitId":"RandomNerd01"},"content":"                    System.out.println(\"____________________________________________________________\");","lastModifiedDate":"2025-08-19T16:19:19","isFullCredit":false},{"lineNumber":50,"author":{"gitId":"RandomNerd01"},"content":"                }","lastModifiedDate":"2025-08-19T16:19:19","isFullCredit":false},{"lineNumber":51,"author":{"gitId":"RandomNerd01"},"content":"            }","lastModifiedDate":"2025-08-19T16:19:19","isFullCredit":false},{"lineNumber":52,"author":{"gitId":"RandomNerd01"},"content":"        }","lastModifiedDate":"2025-08-19T16:19:19","isFullCredit":false},{"lineNumber":53,"author":{"gitId":"RandomNerd01"},"content":"","lastModifiedDate":"2025-08-19T16:19:19","isFullCredit":false},{"lineNumber":54,"author":{"gitId":"RandomNerd01"},"content":"        sc.close();","lastModifiedDate":"2025-08-19T16:19:19","isFullCredit":false},{"lineNumber":55,"author":{"gitId":"RandomNerd01"},"content":"    }","lastModifiedDate":"2025-08-19T16:19:19","isFullCredit":false},{"lineNumber":56,"author":{"gitId":"RandomNerd01"},"content":"","lastModifiedDate":"2025-08-19T16:19:19","isFullCredit":false},{"lineNumber":57,"author":{"gitId":"RandomNerd01"},"content":"    private static void printList(ArrayList\u003cTask\u003e lol) {","lastModifiedDate":"2025-08-19T16:19:19","isFullCredit":false},{"lineNumber":58,"author":{"gitId":"RandomNerd01"},"content":"        System.out.println(\"____________________________________________________________\");","lastModifiedDate":"2025-08-19T14:39:26","isFullCredit":false},{"lineNumber":59,"author":{"gitId":"RandomNerd01"},"content":"        if (lol.isEmpty()) {","lastModifiedDate":"2025-08-19T14:39:26","isFullCredit":false},{"lineNumber":60,"author":{"gitId":"RandomNerd01"},"content":"            System.out.println(\"Here are the tasks in your list:\");","lastModifiedDate":"2025-08-19T16:19:19","isFullCredit":false},{"lineNumber":61,"author":{"gitId":"RandomNerd01"},"content":"        } else {","lastModifiedDate":"2025-08-19T14:39:26","isFullCredit":false},{"lineNumber":62,"author":{"gitId":"RandomNerd01"},"content":"            System.out.println(\"Here are the tasks in your list:\");","lastModifiedDate":"2025-08-19T16:19:19","isFullCredit":false},{"lineNumber":63,"author":{"gitId":"RandomNerd01"},"content":"            for (int i \u003d 0; i \u003c lol.size(); i++) {","lastModifiedDate":"2025-08-19T14:39:26","isFullCredit":false},{"lineNumber":64,"author":{"gitId":"RandomNerd01"},"content":"                System.out.printf(\"%d.%s%n\", i + 1, lol.get(i));","lastModifiedDate":"2025-08-19T14:39:26","isFullCredit":false},{"lineNumber":65,"author":{"gitId":"RandomNerd01"},"content":"            }","lastModifiedDate":"2025-08-19T14:39:26","isFullCredit":false},{"lineNumber":66,"author":{"gitId":"RandomNerd01"},"content":"        }","lastModifiedDate":"2025-08-19T14:39:26","isFullCredit":false},{"lineNumber":67,"author":{"gitId":"RandomNerd01"},"content":"        System.out.println(\"____________________________________________________________\");","lastModifiedDate":"2025-08-19T14:39:26","isFullCredit":false},{"lineNumber":68,"author":{"gitId":"RandomNerd01"},"content":"    }","lastModifiedDate":"2025-08-19T16:19:19","isFullCredit":false},{"lineNumber":69,"author":{"gitId":"RandomNerd01"},"content":"","lastModifiedDate":"2025-08-19T16:19:19","isFullCredit":false},{"lineNumber":70,"author":{"gitId":"RandomNerd01"},"content":"    private static void printGoodbye() {","lastModifiedDate":"2025-08-19T16:19:19","isFullCredit":false},{"lineNumber":71,"author":{"gitId":"RandomNerd01"},"content":"        System.out.println(\"____________________________________________________________\");","lastModifiedDate":"2025-08-19T10:09:12","isFullCredit":false},{"lineNumber":72,"author":{"gitId":"RandomNerd01"},"content":"        System.out.println(\"Bye. Hope to see you again soon!\");","lastModifiedDate":"2025-08-19T16:19:19","isFullCredit":false},{"lineNumber":73,"author":{"gitId":"RandomNerd01"},"content":"        System.out.println(\"____________________________________________________________\");","lastModifiedDate":"2025-08-19T10:09:12","isFullCredit":false},{"lineNumber":74,"author":{"gitId":"RandomNerd01"},"content":"    }","lastModifiedDate":"2025-08-19T10:09:12","isFullCredit":false},{"lineNumber":75,"author":{"gitId":"RandomNerd01"},"content":"}","lastModifiedDate":"2025-08-19T10:09:12","isFullCredit":false},{"lineNumber":76,"author":{"gitId":"RandomNerd01"},"content":"","lastModifiedDate":"2025-08-19T10:09:12","isFullCredit":false},{"lineNumber":77,"author":{"gitId":"RandomNerd01"},"content":"class Task {","lastModifiedDate":"2025-08-19T16:19:19","isFullCredit":false},{"lineNumber":78,"author":{"gitId":"RandomNerd01"},"content":"    private String description;","lastModifiedDate":"2025-08-19T16:19:19","isFullCredit":false},{"lineNumber":79,"author":{"gitId":"RandomNerd01"},"content":"    private boolean isDone \u003d false;","lastModifiedDate":"2025-08-19T16:19:19","isFullCredit":false},{"lineNumber":80,"author":{"gitId":"RandomNerd01"},"content":"","lastModifiedDate":"2025-08-19T16:19:19","isFullCredit":false},{"lineNumber":81,"author":{"gitId":"RandomNerd01"},"content":"    private Task(String desc) {","lastModifiedDate":"2025-08-19T16:19:19","isFullCredit":false},{"lineNumber":82,"author":{"gitId":"RandomNerd01"},"content":"        this.description \u003d desc;","lastModifiedDate":"2025-08-19T16:19:19","isFullCredit":false},{"lineNumber":83,"author":{"gitId":"RandomNerd01"},"content":"    }","lastModifiedDate":"2025-08-19T16:19:19","isFullCredit":false},{"lineNumber":84,"author":{"gitId":"RandomNerd01"},"content":"","lastModifiedDate":"2025-08-19T16:19:19","isFullCredit":false},{"lineNumber":85,"author":{"gitId":"RandomNerd01"},"content":"    public static Task createToDo(String desc) {","lastModifiedDate":"2025-08-19T16:19:19","isFullCredit":false},{"lineNumber":86,"author":{"gitId":"RandomNerd01"},"content":"        return new Task(desc);","lastModifiedDate":"2025-08-19T16:19:19","isFullCredit":false},{"lineNumber":87,"author":{"gitId":"RandomNerd01"},"content":"    }","lastModifiedDate":"2025-08-19T16:19:19","isFullCredit":false},{"lineNumber":88,"author":{"gitId":"RandomNerd01"},"content":"","lastModifiedDate":"2025-08-19T16:19:19","isFullCredit":false},{"lineNumber":89,"author":{"gitId":"RandomNerd01"},"content":"    public void markDone() { isDone \u003d true; }","lastModifiedDate":"2025-08-19T16:19:19","isFullCredit":false},{"lineNumber":90,"author":{"gitId":"RandomNerd01"},"content":"    public void markUndone() { isDone \u003d false; }","lastModifiedDate":"2025-08-19T16:19:19","isFullCredit":false},{"lineNumber":91,"author":{"gitId":"RandomNerd01"},"content":"","lastModifiedDate":"2025-08-19T16:19:19","isFullCredit":false},{"lineNumber":92,"author":{"gitId":"RandomNerd01"},"content":"    private String status() { return isDone ? \"[X]\" : \"[ ]\"; }","lastModifiedDate":"2025-08-19T16:19:19","isFullCredit":false},{"lineNumber":93,"author":{"gitId":"RandomNerd01"},"content":"","lastModifiedDate":"2025-08-19T16:19:19","isFullCredit":false},{"lineNumber":94,"author":{"gitId":"RandomNerd01"},"content":"    @Override","lastModifiedDate":"2025-08-19T16:19:19","isFullCredit":false},{"lineNumber":95,"author":{"gitId":"RandomNerd01"},"content":"    public String toString() {","lastModifiedDate":"2025-08-19T16:19:19","isFullCredit":false},{"lineNumber":96,"author":{"gitId":"RandomNerd01"},"content":"        return \"[T]\" + status() + \" \" + description;","lastModifiedDate":"2025-08-19T16:19:19","isFullCredit":false},{"lineNumber":97,"author":{"gitId":"RandomNerd01"},"content":"    }","lastModifiedDate":"2025-08-18T14:31:10","isFullCredit":false},{"lineNumber":98,"author":{"gitId":"RandomNerd01"},"content":"}","lastModifiedDate":"2025-08-18T14:31:10","isFullCredit":false}],"authorContributionMap":{"RandomNerd01":98}}]
