[{"path":"README.md","fileType":"md","lines":[{"lineNumber":1,"author":{"gitId":"IvorKhan"},"content":"# YapPal project template","lastModifiedDate":"2025-08-18T09:31:53","isFullCredit":false},{"lineNumber":2,"author":{"gitId":"-"},"content":"","lastModifiedDate":"2020-05-25T00:03:55","isFullCredit":false},{"lineNumber":3,"author":{"gitId":"-"},"content":"This is a project template for a greenfield Java project. It\u0027s named after the Java mascot _Duke_. Given below are instructions on how to use it.","lastModifiedDate":"2020-05-25T00:03:55","isFullCredit":false},{"lineNumber":4,"author":{"gitId":"-"},"content":"","lastModifiedDate":"2020-05-25T00:03:55","isFullCredit":false},{"lineNumber":5,"author":{"gitId":"-"},"content":"## Setting up in Intellij","lastModifiedDate":"2020-05-25T00:03:55","isFullCredit":false},{"lineNumber":6,"author":{"gitId":"-"},"content":"","lastModifiedDate":"2020-05-25T00:03:55","isFullCredit":false},{"lineNumber":7,"author":{"gitId":"-"},"content":"Prerequisites: JDK 17, update Intellij to the most recent version.","lastModifiedDate":"2024-07-11T16:50:14","isFullCredit":false},{"lineNumber":8,"author":{"gitId":"-"},"content":"","lastModifiedDate":"2020-05-25T00:03:55","isFullCredit":false},{"lineNumber":9,"author":{"gitId":"-"},"content":"1. Open Intellij (if you are not in the welcome screen, click `File` \u003e `Close Project` to close the existing project first)","lastModifiedDate":"2021-01-17T12:25:53","isFullCredit":false},{"lineNumber":10,"author":{"gitId":"-"},"content":"1. Open the project into Intellij as follows:","lastModifiedDate":"2021-01-17T12:25:53","isFullCredit":false},{"lineNumber":11,"author":{"gitId":"-"},"content":"   1. Click `Open`.","lastModifiedDate":"2021-01-17T12:25:53","isFullCredit":false},{"lineNumber":12,"author":{"gitId":"-"},"content":"   1. Select the project directory, and click `OK`.","lastModifiedDate":"2021-01-17T12:25:53","isFullCredit":false},{"lineNumber":13,"author":{"gitId":"-"},"content":"   1. If there are any further prompts, accept the defaults.","lastModifiedDate":"2020-05-25T00:03:55","isFullCredit":false},{"lineNumber":14,"author":{"gitId":"-"},"content":"1. Configure the project to use **JDK 17** (not other versions) as explained in [here](https://www.jetbrains.com/help/idea/sdk.html#set-up-jdk).\u003cbr\u003e","lastModifiedDate":"2024-07-11T16:50:14","isFullCredit":false},{"lineNumber":15,"author":{"gitId":"-"},"content":"   In the same dialog, set the **Project language level** field to the `SDK default` option.","lastModifiedDate":"2021-07-29T20:29:39","isFullCredit":false},{"lineNumber":16,"author":{"gitId":"IvorKhan"},"content":"1. After that, locate the `src/main/java/YapPal.java` file, right-click it, and choose `Run YapPal.main()` (if the code editor is showing compile errors, try restarting the IDE). If the setup is correct, you should see something like the below as the output:","lastModifiedDate":"2025-08-18T09:31:53","isFullCredit":false},{"lineNumber":17,"author":{"gitId":"-"},"content":"   ```","lastModifiedDate":"2020-05-25T00:03:55","isFullCredit":false},{"lineNumber":18,"author":{"gitId":"-"},"content":"   Hello from","lastModifiedDate":"2020-05-25T00:03:55","isFullCredit":false},{"lineNumber":19,"author":{"gitId":"-"},"content":"    ____        _        ","lastModifiedDate":"2020-05-25T00:03:55","isFullCredit":false},{"lineNumber":20,"author":{"gitId":"-"},"content":"   |  _ \\ _   _| | _____ ","lastModifiedDate":"2020-05-25T00:03:55","isFullCredit":false},{"lineNumber":21,"author":{"gitId":"-"},"content":"   | | | | | | | |/ / _ \\","lastModifiedDate":"2020-05-25T00:03:55","isFullCredit":false},{"lineNumber":22,"author":{"gitId":"-"},"content":"   | |_| | |_| |   \u003c  __/","lastModifiedDate":"2020-05-25T00:03:55","isFullCredit":false},{"lineNumber":23,"author":{"gitId":"-"},"content":"   |____/ \\__,_|_|\\_\\___|","lastModifiedDate":"2020-05-25T00:03:55","isFullCredit":false},{"lineNumber":24,"author":{"gitId":"-"},"content":"   ```","lastModifiedDate":"2020-05-25T00:03:55","isFullCredit":false},{"lineNumber":25,"author":{"gitId":"-"},"content":"","lastModifiedDate":"2025-01-04T21:44:28","isFullCredit":false},{"lineNumber":26,"author":{"gitId":"-"},"content":"**Warning:** Keep the `src\\main\\java` folder as the root folder for Java files (i.e., don\u0027t rename those folders or move Java files to another folder outside of this folder path), as this is the default location some tools (e.g., Gradle) expect to find Java files.","lastModifiedDate":"2025-01-04T21:44:28","isFullCredit":false}],"authorContributionMap":{"IvorKhan":2,"-":24}},{"path":"data/save.txt","fileType":"txt","lines":[{"lineNumber":1,"author":{"gitId":"IvorKhan"},"content":"todo test todo  /mark","lastModifiedDate":"2025-08-29T17:33:00","isFullCredit":false},{"lineNumber":2,"author":{"gitId":"IvorKhan"},"content":"todo test todo 2  /mark","lastModifiedDate":"2025-08-29T17:33:00","isFullCredit":false},{"lineNumber":3,"author":{"gitId":"IvorKhan"},"content":"deadline test deadline  /mark /by: tomorrow","lastModifiedDate":"2025-08-29T17:33:00","isFullCredit":false},{"lineNumber":4,"author":{"gitId":"IvorKhan"},"content":"event test event  /mark /from: now /to tomorrow","lastModifiedDate":"2025-08-29T17:33:00","isFullCredit":false}],"authorContributionMap":{"IvorKhan":4}},{"path":"docs/README.md","fileType":"md","lines":[{"lineNumber":1,"author":{"gitId":"IvorKhan"},"content":"# YapPal User Guide","lastModifiedDate":"2025-08-18T09:31:53","isFullCredit":false},{"lineNumber":2,"author":{"gitId":"-"},"content":"","lastModifiedDate":"2019-07-29T17:14:46","isFullCredit":false},{"lineNumber":3,"author":{"gitId":"-"},"content":"// Update the title above to match the actual product name","lastModifiedDate":"2024-01-07T18:33:52","isFullCredit":false},{"lineNumber":4,"author":{"gitId":"-"},"content":"","lastModifiedDate":"2019-07-29T17:14:46","isFullCredit":false},{"lineNumber":5,"author":{"gitId":"-"},"content":"// Product screenshot goes here","lastModifiedDate":"2024-01-07T18:33:52","isFullCredit":false},{"lineNumber":6,"author":{"gitId":"-"},"content":"","lastModifiedDate":"2021-07-17T16:49:07","isFullCredit":false},{"lineNumber":7,"author":{"gitId":"-"},"content":"// Product intro goes here","lastModifiedDate":"2024-01-07T18:33:52","isFullCredit":false},{"lineNumber":8,"author":{"gitId":"-"},"content":"","lastModifiedDate":"2021-07-17T16:49:07","isFullCredit":false},{"lineNumber":9,"author":{"gitId":"-"},"content":"## Adding deadlines","lastModifiedDate":"2024-01-07T18:33:52","isFullCredit":false},{"lineNumber":10,"author":{"gitId":"-"},"content":"","lastModifiedDate":"2021-07-17T16:49:07","isFullCredit":false},{"lineNumber":11,"author":{"gitId":"-"},"content":"// Describe the action and its outcome.","lastModifiedDate":"2024-01-07T18:33:52","isFullCredit":false},{"lineNumber":12,"author":{"gitId":"-"},"content":"","lastModifiedDate":"2019-07-29T17:14:46","isFullCredit":false},{"lineNumber":13,"author":{"gitId":"-"},"content":"// Give examples of usage","lastModifiedDate":"2024-01-07T18:33:52","isFullCredit":false},{"lineNumber":14,"author":{"gitId":"-"},"content":"","lastModifiedDate":"2019-07-29T17:14:46","isFullCredit":false},{"lineNumber":15,"author":{"gitId":"-"},"content":"Example: `keyword (optional arguments)`","lastModifiedDate":"2024-01-07T18:33:52","isFullCredit":false},{"lineNumber":16,"author":{"gitId":"-"},"content":"","lastModifiedDate":"2019-07-29T17:14:46","isFullCredit":false},{"lineNumber":17,"author":{"gitId":"-"},"content":"// A description of the expected outcome goes here","lastModifiedDate":"2024-01-07T18:33:52","isFullCredit":false},{"lineNumber":18,"author":{"gitId":"-"},"content":"","lastModifiedDate":"2019-07-29T17:14:46","isFullCredit":false},{"lineNumber":19,"author":{"gitId":"-"},"content":"```","lastModifiedDate":"2024-01-07T18:33:52","isFullCredit":false},{"lineNumber":20,"author":{"gitId":"-"},"content":"expected output","lastModifiedDate":"2024-01-07T18:33:52","isFullCredit":false},{"lineNumber":21,"author":{"gitId":"-"},"content":"```","lastModifiedDate":"2024-01-07T18:33:52","isFullCredit":false},{"lineNumber":22,"author":{"gitId":"-"},"content":"","lastModifiedDate":"2019-07-29T17:14:46","isFullCredit":false},{"lineNumber":23,"author":{"gitId":"-"},"content":"## Feature ABC","lastModifiedDate":"2024-01-07T18:33:52","isFullCredit":false},{"lineNumber":24,"author":{"gitId":"-"},"content":"","lastModifiedDate":"2019-07-29T17:14:46","isFullCredit":false},{"lineNumber":25,"author":{"gitId":"-"},"content":"// Feature details","lastModifiedDate":"2024-01-07T18:33:52","isFullCredit":false},{"lineNumber":26,"author":{"gitId":"-"},"content":"","lastModifiedDate":"2019-07-29T17:14:46","isFullCredit":false},{"lineNumber":27,"author":{"gitId":"-"},"content":"","lastModifiedDate":"2021-07-17T16:49:07","isFullCredit":false},{"lineNumber":28,"author":{"gitId":"-"},"content":"## Feature XYZ","lastModifiedDate":"2024-01-07T18:33:52","isFullCredit":false},{"lineNumber":29,"author":{"gitId":"-"},"content":"","lastModifiedDate":"2024-01-07T18:33:52","isFullCredit":false},{"lineNumber":30,"author":{"gitId":"-"},"content":"// Feature details","lastModifiedDate":"2024-01-07T18:33:52","isFullCredit":false}],"authorContributionMap":{"IvorKhan":1,"-":29}},{"path":"src/main/java/Deadline.java","fileType":"java","lines":[{"lineNumber":1,"author":{"gitId":"IvorKhan"},"content":"public class Deadline extends Task {","lastModifiedDate":"2025-08-19T15:17:58","isFullCredit":false},{"lineNumber":2,"author":{"gitId":"IvorKhan"},"content":"    private String deadline;","lastModifiedDate":"2025-08-19T15:17:58","isFullCredit":false},{"lineNumber":3,"author":{"gitId":"IvorKhan"},"content":"","lastModifiedDate":"2025-08-19T15:17:58","isFullCredit":false},{"lineNumber":4,"author":{"gitId":"IvorKhan"},"content":"    public Deadline(String command) throws YapPalException {","lastModifiedDate":"2025-08-29T12:42:13","isFullCredit":false},{"lineNumber":5,"author":{"gitId":"IvorKhan"},"content":"        super(command, 9);","lastModifiedDate":"2025-08-29T12:42:13","isFullCredit":false},{"lineNumber":6,"author":{"gitId":"IvorKhan"},"content":"        int DEADLINE_DEADLINE_OFFSET \u003d 4;","lastModifiedDate":"2025-08-29T12:42:13","isFullCredit":false},{"lineNumber":7,"author":{"gitId":"IvorKhan"},"content":"","lastModifiedDate":"2025-08-29T12:42:13","isFullCredit":false},{"lineNumber":8,"author":{"gitId":"IvorKhan"},"content":"        int deadlineIndex \u003d command.indexOf(\"/by\");","lastModifiedDate":"2025-08-29T12:42:13","isFullCredit":false},{"lineNumber":9,"author":{"gitId":"IvorKhan"},"content":"        if (deadlineIndex \u003d\u003d -1) {","lastModifiedDate":"2025-08-29T12:42:13","isFullCredit":false},{"lineNumber":10,"author":{"gitId":"IvorKhan"},"content":"            throw new YapPalException(\"No /by variable specified, please try again!\");","lastModifiedDate":"2025-08-29T12:42:13","isFullCredit":false},{"lineNumber":11,"author":{"gitId":"IvorKhan"},"content":"        }","lastModifiedDate":"2025-08-29T12:42:13","isFullCredit":false},{"lineNumber":12,"author":{"gitId":"IvorKhan"},"content":"        if (deadlineIndex + DEADLINE_DEADLINE_OFFSET \u003e\u003d command.length()) {","lastModifiedDate":"2025-08-29T12:42:13","isFullCredit":false},{"lineNumber":13,"author":{"gitId":"IvorKhan"},"content":"            throw new YapPalException(\"No deadline specified, please try again!\");","lastModifiedDate":"2025-08-29T12:42:13","isFullCredit":false},{"lineNumber":14,"author":{"gitId":"IvorKhan"},"content":"        }","lastModifiedDate":"2025-08-29T12:42:13","isFullCredit":false},{"lineNumber":15,"author":{"gitId":"IvorKhan"},"content":"        this.deadline \u003d command.substring(deadlineIndex + DEADLINE_DEADLINE_OFFSET);","lastModifiedDate":"2025-08-29T12:42:13","isFullCredit":false},{"lineNumber":16,"author":{"gitId":"IvorKhan"},"content":"    }","lastModifiedDate":"2025-08-19T15:17:58","isFullCredit":false},{"lineNumber":17,"author":{"gitId":"IvorKhan"},"content":"","lastModifiedDate":"2025-08-19T15:17:58","isFullCredit":false},{"lineNumber":18,"author":{"gitId":"IvorKhan"},"content":"    @Override","lastModifiedDate":"2025-08-28T14:08:07","isFullCredit":false},{"lineNumber":19,"author":{"gitId":"IvorKhan"},"content":"    public String saveString() {","lastModifiedDate":"2025-08-28T14:08:07","isFullCredit":false},{"lineNumber":20,"author":{"gitId":"IvorKhan"},"content":"        return \"deadline \" + super.saveString() + \" /by: \" + this.deadline;","lastModifiedDate":"2025-08-29T12:42:13","isFullCredit":false},{"lineNumber":21,"author":{"gitId":"IvorKhan"},"content":"    }","lastModifiedDate":"2025-08-28T14:08:07","isFullCredit":false},{"lineNumber":22,"author":{"gitId":"IvorKhan"},"content":"","lastModifiedDate":"2025-08-28T14:08:07","isFullCredit":false},{"lineNumber":23,"author":{"gitId":"IvorKhan"},"content":"    @Override","lastModifiedDate":"2025-08-19T15:17:58","isFullCredit":false},{"lineNumber":24,"author":{"gitId":"IvorKhan"},"content":"    public String toString() {","lastModifiedDate":"2025-08-19T15:17:58","isFullCredit":false},{"lineNumber":25,"author":{"gitId":"IvorKhan"},"content":"        return \"[D]\" + super.toString() + \" (by \" + this.deadline + \")\";","lastModifiedDate":"2025-08-19T15:17:58","isFullCredit":false},{"lineNumber":26,"author":{"gitId":"IvorKhan"},"content":"    }","lastModifiedDate":"2025-08-19T15:17:58","isFullCredit":false},{"lineNumber":27,"author":{"gitId":"IvorKhan"},"content":"}","lastModifiedDate":"2025-08-19T15:17:58","isFullCredit":false}],"authorContributionMap":{"IvorKhan":27}},{"path":"src/main/java/Event.java","fileType":"java","lines":[{"lineNumber":1,"author":{"gitId":"IvorKhan"},"content":"public class Event extends Task{","lastModifiedDate":"2025-08-19T15:17:58","isFullCredit":false},{"lineNumber":2,"author":{"gitId":"IvorKhan"},"content":"    private String start;","lastModifiedDate":"2025-08-19T15:17:58","isFullCredit":false},{"lineNumber":3,"author":{"gitId":"IvorKhan"},"content":"    private String end;","lastModifiedDate":"2025-08-19T15:17:58","isFullCredit":false},{"lineNumber":4,"author":{"gitId":"IvorKhan"},"content":"","lastModifiedDate":"2025-08-19T15:17:58","isFullCredit":false},{"lineNumber":5,"author":{"gitId":"IvorKhan"},"content":"    public Event(String command) throws YapPalException{","lastModifiedDate":"2025-08-29T12:42:13","isFullCredit":false},{"lineNumber":6,"author":{"gitId":"IvorKhan"},"content":"        super(command, 6);","lastModifiedDate":"2025-08-29T12:42:13","isFullCredit":false},{"lineNumber":7,"author":{"gitId":"IvorKhan"},"content":"        this.start \u003d start;","lastModifiedDate":"2025-08-19T15:17:58","isFullCredit":false},{"lineNumber":8,"author":{"gitId":"IvorKhan"},"content":"        this.end \u003d end;","lastModifiedDate":"2025-08-19T15:17:58","isFullCredit":false},{"lineNumber":9,"author":{"gitId":"IvorKhan"},"content":"        int EVENT_START_OFFSET \u003d 6;","lastModifiedDate":"2025-08-29T12:42:13","isFullCredit":false},{"lineNumber":10,"author":{"gitId":"IvorKhan"},"content":"        int EVENT_END_OFFSET \u003d 4;","lastModifiedDate":"2025-08-29T12:42:13","isFullCredit":false},{"lineNumber":11,"author":{"gitId":"IvorKhan"},"content":"","lastModifiedDate":"2025-08-29T12:42:13","isFullCredit":false},{"lineNumber":12,"author":{"gitId":"IvorKhan"},"content":"        int startIndex \u003d command.indexOf(\"/from\");","lastModifiedDate":"2025-08-29T12:42:13","isFullCredit":false},{"lineNumber":13,"author":{"gitId":"IvorKhan"},"content":"        if (startIndex \u003d\u003d -1) {","lastModifiedDate":"2025-08-29T12:42:13","isFullCredit":false},{"lineNumber":14,"author":{"gitId":"IvorKhan"},"content":"            throw new YapPalException(\"No /from flag specified, please try again!\");","lastModifiedDate":"2025-08-29T12:42:13","isFullCredit":false},{"lineNumber":15,"author":{"gitId":"IvorKhan"},"content":"        }","lastModifiedDate":"2025-08-29T12:42:13","isFullCredit":false},{"lineNumber":16,"author":{"gitId":"IvorKhan"},"content":"        int endIndex \u003d command.indexOf(\"/to\");","lastModifiedDate":"2025-08-29T12:42:13","isFullCredit":false},{"lineNumber":17,"author":{"gitId":"IvorKhan"},"content":"        if (endIndex \u003d\u003d -1) {","lastModifiedDate":"2025-08-29T12:42:13","isFullCredit":false},{"lineNumber":18,"author":{"gitId":"IvorKhan"},"content":"            throw new YapPalException(\"No /to flag specified, please try again!\");","lastModifiedDate":"2025-08-29T12:42:13","isFullCredit":false},{"lineNumber":19,"author":{"gitId":"IvorKhan"},"content":"        }","lastModifiedDate":"2025-08-29T12:42:13","isFullCredit":false},{"lineNumber":20,"author":{"gitId":"IvorKhan"},"content":"","lastModifiedDate":"2025-08-29T12:42:13","isFullCredit":false},{"lineNumber":21,"author":{"gitId":"IvorKhan"},"content":"        if (startIndex \u003c endIndex) {","lastModifiedDate":"2025-08-29T12:42:13","isFullCredit":false},{"lineNumber":22,"author":{"gitId":"IvorKhan"},"content":"            if (endIndex \u003c\u003d startIndex + EVENT_START_OFFSET) {","lastModifiedDate":"2025-08-29T12:42:13","isFullCredit":false},{"lineNumber":23,"author":{"gitId":"IvorKhan"},"content":"                throw new YapPalException(\"No /from field specified, please try again!\");","lastModifiedDate":"2025-08-29T12:42:13","isFullCredit":false},{"lineNumber":24,"author":{"gitId":"IvorKhan"},"content":"            }","lastModifiedDate":"2025-08-29T12:42:13","isFullCredit":false},{"lineNumber":25,"author":{"gitId":"IvorKhan"},"content":"            if (endIndex + EVENT_END_OFFSET \u003e\u003d command.length()) {","lastModifiedDate":"2025-08-29T12:42:13","isFullCredit":false},{"lineNumber":26,"author":{"gitId":"IvorKhan"},"content":"                throw new YapPalException(\"No /to specified, please try again!\");","lastModifiedDate":"2025-08-29T12:42:13","isFullCredit":false},{"lineNumber":27,"author":{"gitId":"IvorKhan"},"content":"            }","lastModifiedDate":"2025-08-29T12:42:13","isFullCredit":false},{"lineNumber":28,"author":{"gitId":"IvorKhan"},"content":"            this.start \u003d command.substring(startIndex + EVENT_START_OFFSET, endIndex - 1);","lastModifiedDate":"2025-08-29T12:42:13","isFullCredit":false},{"lineNumber":29,"author":{"gitId":"IvorKhan"},"content":"            this.end \u003d command.substring(endIndex + EVENT_END_OFFSET);","lastModifiedDate":"2025-08-29T12:42:13","isFullCredit":false},{"lineNumber":30,"author":{"gitId":"IvorKhan"},"content":"        } else {","lastModifiedDate":"2025-08-29T12:42:13","isFullCredit":false},{"lineNumber":31,"author":{"gitId":"IvorKhan"},"content":"            if (startIndex \u003c\u003d endIndex + EVENT_END_OFFSET) {","lastModifiedDate":"2025-08-29T12:42:13","isFullCredit":false},{"lineNumber":32,"author":{"gitId":"IvorKhan"},"content":"                throw new YapPalException(\"No /to field specified, please try again!\");","lastModifiedDate":"2025-08-29T12:42:13","isFullCredit":false},{"lineNumber":33,"author":{"gitId":"IvorKhan"},"content":"            }","lastModifiedDate":"2025-08-29T12:42:13","isFullCredit":false},{"lineNumber":34,"author":{"gitId":"IvorKhan"},"content":"            if (startIndex + EVENT_START_OFFSET \u003e\u003d command.length()) {","lastModifiedDate":"2025-08-29T12:42:13","isFullCredit":false},{"lineNumber":35,"author":{"gitId":"IvorKhan"},"content":"                throw new YapPalException(\"No /from specified, please try again!\");","lastModifiedDate":"2025-08-29T12:42:13","isFullCredit":false},{"lineNumber":36,"author":{"gitId":"IvorKhan"},"content":"            }","lastModifiedDate":"2025-08-29T12:42:13","isFullCredit":false},{"lineNumber":37,"author":{"gitId":"IvorKhan"},"content":"            this.end \u003d command.substring(endIndex + EVENT_END_OFFSET, startIndex - 1);","lastModifiedDate":"2025-08-29T12:42:13","isFullCredit":false},{"lineNumber":38,"author":{"gitId":"IvorKhan"},"content":"            this.start \u003d command.substring(startIndex + EVENT_START_OFFSET);","lastModifiedDate":"2025-08-29T12:42:13","isFullCredit":false},{"lineNumber":39,"author":{"gitId":"IvorKhan"},"content":"        }","lastModifiedDate":"2025-08-29T12:42:13","isFullCredit":false},{"lineNumber":40,"author":{"gitId":"IvorKhan"},"content":"    }","lastModifiedDate":"2025-08-19T15:17:58","isFullCredit":false},{"lineNumber":41,"author":{"gitId":"IvorKhan"},"content":"","lastModifiedDate":"2025-08-19T15:17:58","isFullCredit":false},{"lineNumber":42,"author":{"gitId":"IvorKhan"},"content":"    @Override","lastModifiedDate":"2025-08-28T14:08:07","isFullCredit":false},{"lineNumber":43,"author":{"gitId":"IvorKhan"},"content":"    public String saveString() {","lastModifiedDate":"2025-08-28T14:08:07","isFullCredit":false},{"lineNumber":44,"author":{"gitId":"IvorKhan"},"content":"        return \"event \" + super.saveString() + \" /from: \" + this.start + \" /to \" + this.end;","lastModifiedDate":"2025-08-29T12:42:13","isFullCredit":false},{"lineNumber":45,"author":{"gitId":"IvorKhan"},"content":"    }","lastModifiedDate":"2025-08-28T14:08:07","isFullCredit":false},{"lineNumber":46,"author":{"gitId":"IvorKhan"},"content":"","lastModifiedDate":"2025-08-28T14:08:07","isFullCredit":false},{"lineNumber":47,"author":{"gitId":"IvorKhan"},"content":"    @Override","lastModifiedDate":"2025-08-19T15:17:58","isFullCredit":false},{"lineNumber":48,"author":{"gitId":"IvorKhan"},"content":"    public String toString() {","lastModifiedDate":"2025-08-19T15:17:58","isFullCredit":false},{"lineNumber":49,"author":{"gitId":"IvorKhan"},"content":"        return \"[E]\" + super.toString() + \"(from: \" + this.start + \" to: \" + this.end + \")\";","lastModifiedDate":"2025-08-19T15:17:58","isFullCredit":false},{"lineNumber":50,"author":{"gitId":"IvorKhan"},"content":"    }","lastModifiedDate":"2025-08-19T15:17:58","isFullCredit":false},{"lineNumber":51,"author":{"gitId":"IvorKhan"},"content":"}","lastModifiedDate":"2025-08-19T15:17:58","isFullCredit":false}],"authorContributionMap":{"IvorKhan":51}},{"path":"src/main/java/Task.java","fileType":"java","lines":[{"lineNumber":1,"author":{"gitId":"IvorKhan"},"content":"public abstract class Task {","lastModifiedDate":"2025-08-19T15:17:58","isFullCredit":false},{"lineNumber":2,"author":{"gitId":"IvorKhan"},"content":"    private String name;","lastModifiedDate":"2025-08-18T15:07:34","isFullCredit":false},{"lineNumber":3,"author":{"gitId":"IvorKhan"},"content":"    private boolean marked;","lastModifiedDate":"2025-08-18T15:24:21","isFullCredit":false},{"lineNumber":4,"author":{"gitId":"IvorKhan"},"content":"","lastModifiedDate":"2025-08-18T15:07:34","isFullCredit":false},{"lineNumber":5,"author":{"gitId":"IvorKhan"},"content":"    public Task(String command, int offset) throws YapPalException{","lastModifiedDate":"2025-08-29T12:42:13","isFullCredit":false},{"lineNumber":6,"author":{"gitId":"IvorKhan"},"content":"        int nameEndIndex \u003d command.indexOf(\u0027/\u0027);","lastModifiedDate":"2025-08-29T12:42:13","isFullCredit":false},{"lineNumber":7,"author":{"gitId":"IvorKhan"},"content":"        if (nameEndIndex \u003d\u003d -1) {","lastModifiedDate":"2025-08-29T12:42:13","isFullCredit":false},{"lineNumber":8,"author":{"gitId":"IvorKhan"},"content":"            this.name \u003d command.substring(offset);","lastModifiedDate":"2025-08-29T12:42:13","isFullCredit":false},{"lineNumber":9,"author":{"gitId":"IvorKhan"},"content":"        }","lastModifiedDate":"2025-08-29T12:42:13","isFullCredit":false},{"lineNumber":10,"author":{"gitId":"IvorKhan"},"content":"        else {","lastModifiedDate":"2025-08-29T12:42:13","isFullCredit":false},{"lineNumber":11,"author":{"gitId":"IvorKhan"},"content":"            if (nameEndIndex \u003c\u003d offset) {","lastModifiedDate":"2025-08-29T12:42:13","isFullCredit":false},{"lineNumber":12,"author":{"gitId":"IvorKhan"},"content":"                throw new YapPalException(\"No task name specified, please try again!\");","lastModifiedDate":"2025-08-29T12:42:13","isFullCredit":false},{"lineNumber":13,"author":{"gitId":"IvorKhan"},"content":"            }","lastModifiedDate":"2025-08-29T12:42:13","isFullCredit":false},{"lineNumber":14,"author":{"gitId":"IvorKhan"},"content":"            this.name \u003d command.substring(offset, nameEndIndex);","lastModifiedDate":"2025-08-29T12:42:13","isFullCredit":false},{"lineNumber":15,"author":{"gitId":"IvorKhan"},"content":"        }","lastModifiedDate":"2025-08-29T12:42:13","isFullCredit":false},{"lineNumber":16,"author":{"gitId":"IvorKhan"},"content":"        this.marked \u003d command.contains(\"/mark\");","lastModifiedDate":"2025-08-29T12:42:13","isFullCredit":false},{"lineNumber":17,"author":{"gitId":"IvorKhan"},"content":"    }","lastModifiedDate":"2025-08-18T15:07:34","isFullCredit":false},{"lineNumber":18,"author":{"gitId":"IvorKhan"},"content":"","lastModifiedDate":"2025-08-18T15:07:34","isFullCredit":false},{"lineNumber":19,"author":{"gitId":"IvorKhan"},"content":"    public void mark() {","lastModifiedDate":"2025-08-18T15:07:34","isFullCredit":false},{"lineNumber":20,"author":{"gitId":"IvorKhan"},"content":"        this.marked \u003d true;","lastModifiedDate":"2025-08-18T15:24:21","isFullCredit":false},{"lineNumber":21,"author":{"gitId":"IvorKhan"},"content":"    }","lastModifiedDate":"2025-08-18T15:07:34","isFullCredit":false},{"lineNumber":22,"author":{"gitId":"IvorKhan"},"content":"","lastModifiedDate":"2025-08-18T15:07:34","isFullCredit":false},{"lineNumber":23,"author":{"gitId":"IvorKhan"},"content":"    public void unmark() {","lastModifiedDate":"2025-08-18T15:07:34","isFullCredit":false},{"lineNumber":24,"author":{"gitId":"IvorKhan"},"content":"        this.marked \u003d false;","lastModifiedDate":"2025-08-18T15:24:21","isFullCredit":false},{"lineNumber":25,"author":{"gitId":"IvorKhan"},"content":"    }","lastModifiedDate":"2025-08-18T15:07:34","isFullCredit":false},{"lineNumber":26,"author":{"gitId":"IvorKhan"},"content":"","lastModifiedDate":"2025-08-18T15:07:34","isFullCredit":false},{"lineNumber":27,"author":{"gitId":"IvorKhan"},"content":"    public boolean isMarked() {","lastModifiedDate":"2025-08-18T15:07:34","isFullCredit":false},{"lineNumber":28,"author":{"gitId":"IvorKhan"},"content":"        return this.marked;","lastModifiedDate":"2025-08-18T15:24:21","isFullCredit":false},{"lineNumber":29,"author":{"gitId":"IvorKhan"},"content":"    }","lastModifiedDate":"2025-08-18T15:07:34","isFullCredit":false},{"lineNumber":30,"author":{"gitId":"IvorKhan"},"content":"","lastModifiedDate":"2025-08-18T15:07:34","isFullCredit":false},{"lineNumber":31,"author":{"gitId":"IvorKhan"},"content":"    public String saveString() {","lastModifiedDate":"2025-08-28T14:08:07","isFullCredit":false},{"lineNumber":32,"author":{"gitId":"IvorKhan"},"content":"        if (this.isMarked()) {","lastModifiedDate":"2025-08-29T12:42:13","isFullCredit":false},{"lineNumber":33,"author":{"gitId":"IvorKhan"},"content":"            return this.name + \" /mark\";","lastModifiedDate":"2025-08-29T12:42:13","isFullCredit":false},{"lineNumber":34,"author":{"gitId":"IvorKhan"},"content":"        }","lastModifiedDate":"2025-08-29T12:42:13","isFullCredit":false},{"lineNumber":35,"author":{"gitId":"IvorKhan"},"content":"        return name;","lastModifiedDate":"2025-08-29T12:42:13","isFullCredit":false},{"lineNumber":36,"author":{"gitId":"IvorKhan"},"content":"    }","lastModifiedDate":"2025-08-28T14:08:07","isFullCredit":false},{"lineNumber":37,"author":{"gitId":"IvorKhan"},"content":"","lastModifiedDate":"2025-08-28T14:08:07","isFullCredit":false},{"lineNumber":38,"author":{"gitId":"IvorKhan"},"content":"    @Override","lastModifiedDate":"2025-08-18T15:07:34","isFullCredit":false},{"lineNumber":39,"author":{"gitId":"IvorKhan"},"content":"    public String toString() {","lastModifiedDate":"2025-08-18T15:07:34","isFullCredit":false},{"lineNumber":40,"author":{"gitId":"IvorKhan"},"content":"        if (this.isMarked()) {","lastModifiedDate":"2025-08-18T15:24:21","isFullCredit":false},{"lineNumber":41,"author":{"gitId":"IvorKhan"},"content":"            return \"[X] \" + this.name;","lastModifiedDate":"2025-08-18T15:24:21","isFullCredit":false},{"lineNumber":42,"author":{"gitId":"IvorKhan"},"content":"        }","lastModifiedDate":"2025-08-18T15:24:21","isFullCredit":false},{"lineNumber":43,"author":{"gitId":"IvorKhan"},"content":"        return \"[ ] \" + this.name;","lastModifiedDate":"2025-08-18T15:24:21","isFullCredit":false},{"lineNumber":44,"author":{"gitId":"IvorKhan"},"content":"    }","lastModifiedDate":"2025-08-18T15:07:34","isFullCredit":false},{"lineNumber":45,"author":{"gitId":"IvorKhan"},"content":"}","lastModifiedDate":"2025-08-18T15:07:34","isFullCredit":false}],"authorContributionMap":{"IvorKhan":45}},{"path":"src/main/java/ToDo.java","fileType":"java","lines":[{"lineNumber":1,"author":{"gitId":"IvorKhan"},"content":"public class ToDo extends Task {","lastModifiedDate":"2025-08-19T15:17:58","isFullCredit":false},{"lineNumber":2,"author":{"gitId":"IvorKhan"},"content":"    public ToDo(String command) throws YapPalException{","lastModifiedDate":"2025-08-29T12:42:13","isFullCredit":false},{"lineNumber":3,"author":{"gitId":"IvorKhan"},"content":"        super(command, 5);","lastModifiedDate":"2025-08-29T12:42:13","isFullCredit":false},{"lineNumber":4,"author":{"gitId":"IvorKhan"},"content":"    }","lastModifiedDate":"2025-08-19T15:17:58","isFullCredit":false},{"lineNumber":5,"author":{"gitId":"IvorKhan"},"content":"","lastModifiedDate":"2025-08-19T15:17:58","isFullCredit":false},{"lineNumber":6,"author":{"gitId":"IvorKhan"},"content":"    @Override","lastModifiedDate":"2025-08-28T14:08:07","isFullCredit":false},{"lineNumber":7,"author":{"gitId":"IvorKhan"},"content":"    public String saveString() {","lastModifiedDate":"2025-08-28T14:08:07","isFullCredit":false},{"lineNumber":8,"author":{"gitId":"IvorKhan"},"content":"        return \"todo \" + super.saveString();","lastModifiedDate":"2025-08-29T12:42:13","isFullCredit":false},{"lineNumber":9,"author":{"gitId":"IvorKhan"},"content":"    }","lastModifiedDate":"2025-08-28T14:08:07","isFullCredit":false},{"lineNumber":10,"author":{"gitId":"IvorKhan"},"content":"","lastModifiedDate":"2025-08-28T14:08:07","isFullCredit":false},{"lineNumber":11,"author":{"gitId":"IvorKhan"},"content":"    @Override","lastModifiedDate":"2025-08-19T15:17:58","isFullCredit":false},{"lineNumber":12,"author":{"gitId":"IvorKhan"},"content":"    public String toString() {","lastModifiedDate":"2025-08-19T15:17:58","isFullCredit":false},{"lineNumber":13,"author":{"gitId":"IvorKhan"},"content":"        return \"[T]\" + super.toString();","lastModifiedDate":"2025-08-19T15:17:58","isFullCredit":false},{"lineNumber":14,"author":{"gitId":"IvorKhan"},"content":"    }","lastModifiedDate":"2025-08-19T15:17:58","isFullCredit":false},{"lineNumber":15,"author":{"gitId":"IvorKhan"},"content":"}","lastModifiedDate":"2025-08-19T15:17:58","isFullCredit":false}],"authorContributionMap":{"IvorKhan":15}},{"path":"src/main/java/YapPal.java","fileType":"java","lines":[{"lineNumber":1,"author":{"gitId":"IvorKhan"},"content":"import java.io.FileNotFoundException;","lastModifiedDate":"2025-08-29T10:16:55","isFullCredit":false},{"lineNumber":2,"author":{"gitId":"IvorKhan"},"content":"import java.util.ArrayList;","lastModifiedDate":"2025-08-21T14:27:16","isFullCredit":false},{"lineNumber":3,"author":{"gitId":"IvorKhan"},"content":"import java.util.Scanner;","lastModifiedDate":"2025-08-18T10:51:56","isFullCredit":false},{"lineNumber":4,"author":{"gitId":"IvorKhan"},"content":"import java.util.concurrent.atomic.AtomicInteger;","lastModifiedDate":"2025-08-21T14:27:16","isFullCredit":false},{"lineNumber":5,"author":{"gitId":"IvorKhan"},"content":"import java.io.File;","lastModifiedDate":"2025-08-28T14:08:07","isFullCredit":false},{"lineNumber":6,"author":{"gitId":"IvorKhan"},"content":"import java.io.FileWriter;","lastModifiedDate":"2025-08-28T14:08:07","isFullCredit":false},{"lineNumber":7,"author":{"gitId":"IvorKhan"},"content":"import java.io.IOException;","lastModifiedDate":"2025-08-28T14:08:07","isFullCredit":false},{"lineNumber":8,"author":{"gitId":"IvorKhan"},"content":"","lastModifiedDate":"2025-08-18T10:51:56","isFullCredit":false},{"lineNumber":9,"author":{"gitId":"IvorKhan"},"content":"public class YapPal {","lastModifiedDate":"2025-08-18T09:31:53","isFullCredit":false},{"lineNumber":10,"author":{"gitId":"IvorKhan"},"content":"    // chatbot constants","lastModifiedDate":"2025-08-18T10:51:56","isFullCredit":false},{"lineNumber":11,"author":{"gitId":"IvorKhan"},"content":"    public static final String SAVE_DIRECTORY \u003d \"data\\\\save.txt\";","lastModifiedDate":"2025-08-29T12:42:13","isFullCredit":false},{"lineNumber":12,"author":{"gitId":"IvorKhan"},"content":"    public static final String BOT_NAME \u003d \"YapPal\";","lastModifiedDate":"2025-08-18T10:51:56","isFullCredit":false},{"lineNumber":13,"author":{"gitId":"IvorKhan"},"content":"    public static final String INTRO_MSG \u003d","lastModifiedDate":"2025-08-18T10:51:56","isFullCredit":false},{"lineNumber":14,"author":{"gitId":"IvorKhan"},"content":"        \"Hello! I\u0027m \" + BOT_NAME + \"\\n\" +","lastModifiedDate":"2025-08-18T10:51:56","isFullCredit":false},{"lineNumber":15,"author":{"gitId":"IvorKhan"},"content":"        \"What can I do for you?\";","lastModifiedDate":"2025-08-18T10:33:14","isFullCredit":false},{"lineNumber":16,"author":{"gitId":"IvorKhan"},"content":"    public static final String GOODBYE_MSG \u003d","lastModifiedDate":"2025-08-18T10:51:56","isFullCredit":false},{"lineNumber":17,"author":{"gitId":"IvorKhan"},"content":"        \"Hope to see you again soon!\";","lastModifiedDate":"2025-08-18T10:33:14","isFullCredit":false},{"lineNumber":18,"author":{"gitId":"IvorKhan"},"content":"    public static Scanner scanner \u003d new Scanner(System.in);","lastModifiedDate":"2025-08-18T10:51:56","isFullCredit":false},{"lineNumber":19,"author":{"gitId":"IvorKhan"},"content":"","lastModifiedDate":"2025-08-18T10:51:56","isFullCredit":false},{"lineNumber":20,"author":{"gitId":"IvorKhan"},"content":"    // state constants","lastModifiedDate":"2025-08-18T10:51:56","isFullCredit":false},{"lineNumber":21,"author":{"gitId":"IvorKhan"},"content":"    private enum State {","lastModifiedDate":"2025-08-18T14:54:59","isFullCredit":false},{"lineNumber":22,"author":{"gitId":"IvorKhan"},"content":"        LISTENING,","lastModifiedDate":"2025-08-18T14:54:59","isFullCredit":false},{"lineNumber":23,"author":{"gitId":"IvorKhan"},"content":"        TERMINATE,","lastModifiedDate":"2025-08-18T14:54:59","isFullCredit":false},{"lineNumber":24,"author":{"gitId":"IvorKhan"},"content":"    }","lastModifiedDate":"2025-08-18T14:54:59","isFullCredit":false},{"lineNumber":25,"author":{"gitId":"IvorKhan"},"content":"","lastModifiedDate":"2025-08-18T10:33:14","isFullCredit":false},{"lineNumber":26,"author":{"gitId":"IvorKhan"},"content":"    // operation constants","lastModifiedDate":"2025-08-18T14:52:19","isFullCredit":false},{"lineNumber":27,"author":{"gitId":"IvorKhan"},"content":"    private static final int MAX_LIST_LEN \u003d 100;","lastModifiedDate":"2025-08-18T15:07:34","isFullCredit":false},{"lineNumber":28,"author":{"gitId":"IvorKhan"},"content":"    private static ArrayList\u003cTask\u003e tasks \u003d new ArrayList\u003cTask\u003e(YapPal.MAX_LIST_LEN);","lastModifiedDate":"2025-08-29T10:16:55","isFullCredit":false},{"lineNumber":29,"author":{"gitId":"IvorKhan"},"content":"","lastModifiedDate":"2025-08-18T14:52:19","isFullCredit":false},{"lineNumber":30,"author":{"gitId":"IvorKhan"},"content":"    public static void main(String[] args) {","lastModifiedDate":"2025-08-18T10:33:14","isFullCredit":false},{"lineNumber":31,"author":{"gitId":"IvorKhan"},"content":"        // initialisation","lastModifiedDate":"2025-08-18T14:52:19","isFullCredit":false},{"lineNumber":32,"author":{"gitId":"IvorKhan"},"content":"        YapPal.printMsg(YapPal.INTRO_MSG);","lastModifiedDate":"2025-08-18T10:51:56","isFullCredit":false},{"lineNumber":33,"author":{"gitId":"IvorKhan"},"content":"        State state \u003d YapPal.State.LISTENING;","lastModifiedDate":"2025-08-18T14:54:59","isFullCredit":false},{"lineNumber":34,"author":{"gitId":"IvorKhan"},"content":"        try {","lastModifiedDate":"2025-08-29T10:16:55","isFullCredit":false},{"lineNumber":35,"author":{"gitId":"IvorKhan"},"content":"            YapPal.tasks \u003d YapPal.load();","lastModifiedDate":"2025-08-29T10:16:55","isFullCredit":false},{"lineNumber":36,"author":{"gitId":"IvorKhan"},"content":"        } catch (YapPalException exception) {","lastModifiedDate":"2025-08-29T10:16:55","isFullCredit":false},{"lineNumber":37,"author":{"gitId":"IvorKhan"},"content":"            System.out.printf(exception.toString());","lastModifiedDate":"2025-08-29T10:16:55","isFullCredit":false},{"lineNumber":38,"author":{"gitId":"IvorKhan"},"content":"        }","lastModifiedDate":"2025-08-29T10:16:55","isFullCredit":false},{"lineNumber":39,"author":{"gitId":"IvorKhan"},"content":"","lastModifiedDate":"2025-08-18T14:52:19","isFullCredit":false},{"lineNumber":40,"author":{"gitId":"IvorKhan"},"content":"        // listening loop","lastModifiedDate":"2025-08-18T14:52:19","isFullCredit":false},{"lineNumber":41,"author":{"gitId":"IvorKhan"},"content":"        while (state !\u003d YapPal.State.TERMINATE) {","lastModifiedDate":"2025-08-18T14:54:59","isFullCredit":false},{"lineNumber":42,"author":{"gitId":"IvorKhan"},"content":"            state \u003d YapPal.listen();","lastModifiedDate":"2025-08-18T10:51:56","isFullCredit":false},{"lineNumber":43,"author":{"gitId":"IvorKhan"},"content":"        }","lastModifiedDate":"2025-08-18T10:51:56","isFullCredit":false},{"lineNumber":44,"author":{"gitId":"IvorKhan"},"content":"","lastModifiedDate":"2025-08-18T14:52:19","isFullCredit":false},{"lineNumber":45,"author":{"gitId":"IvorKhan"},"content":"        // termination","lastModifiedDate":"2025-08-18T14:52:19","isFullCredit":false},{"lineNumber":46,"author":{"gitId":"IvorKhan"},"content":"        YapPal.printMsg(YapPal.GOODBYE_MSG);","lastModifiedDate":"2025-08-18T10:51:56","isFullCredit":false},{"lineNumber":47,"author":{"gitId":"IvorKhan"},"content":"    }","lastModifiedDate":"2025-08-18T10:51:56","isFullCredit":false},{"lineNumber":48,"author":{"gitId":"IvorKhan"},"content":"","lastModifiedDate":"2025-08-18T10:51:56","isFullCredit":false},{"lineNumber":49,"author":{"gitId":"IvorKhan"},"content":"    private static State listen() {","lastModifiedDate":"2025-08-18T14:54:59","isFullCredit":false},{"lineNumber":50,"author":{"gitId":"IvorKhan"},"content":"        String command \u003d YapPal.scanner.nextLine();","lastModifiedDate":"2025-08-18T10:51:56","isFullCredit":false},{"lineNumber":51,"author":{"gitId":"IvorKhan"},"content":"        if (command.equals(\"bye\")) {","lastModifiedDate":"2025-08-18T10:51:56","isFullCredit":false},{"lineNumber":52,"author":{"gitId":"IvorKhan"},"content":"            return YapPal.State.TERMINATE;","lastModifiedDate":"2025-08-18T14:54:59","isFullCredit":false},{"lineNumber":53,"author":{"gitId":"IvorKhan"},"content":"        }","lastModifiedDate":"2025-08-18T10:51:56","isFullCredit":false},{"lineNumber":54,"author":{"gitId":"IvorKhan"},"content":"        if (command.equals(\"list\")) {","lastModifiedDate":"2025-08-18T14:52:19","isFullCredit":false},{"lineNumber":55,"author":{"gitId":"IvorKhan"},"content":"            YapPal.list();","lastModifiedDate":"2025-08-18T14:52:19","isFullCredit":false},{"lineNumber":56,"author":{"gitId":"IvorKhan"},"content":"        } else if (command.length() \u003e 4 \u0026\u0026 command.startsWith(\"mark\")) {","lastModifiedDate":"2025-08-18T15:24:21","isFullCredit":false},{"lineNumber":57,"author":{"gitId":"IvorKhan"},"content":"            int taskIndex \u003d Integer.parseInt(command.substring(5));","lastModifiedDate":"2025-08-18T15:24:21","isFullCredit":false},{"lineNumber":58,"author":{"gitId":"IvorKhan"},"content":"            try {","lastModifiedDate":"2025-08-21T14:10:58","isFullCredit":false},{"lineNumber":59,"author":{"gitId":"IvorKhan"},"content":"                YapPal.mark(taskIndex);","lastModifiedDate":"2025-08-18T15:24:21","isFullCredit":false},{"lineNumber":60,"author":{"gitId":"IvorKhan"},"content":"            } catch (YapPalException exception) {","lastModifiedDate":"2025-08-21T14:10:58","isFullCredit":false},{"lineNumber":61,"author":{"gitId":"IvorKhan"},"content":"                YapPal.printMsg(exception.toString());","lastModifiedDate":"2025-08-21T14:10:58","isFullCredit":false},{"lineNumber":62,"author":{"gitId":"IvorKhan"},"content":"            }","lastModifiedDate":"2025-08-21T14:10:58","isFullCredit":false},{"lineNumber":63,"author":{"gitId":"IvorKhan"},"content":"        } else if (command.length() \u003e 6 \u0026\u0026 command.startsWith(\"unmark\")) {","lastModifiedDate":"2025-08-18T15:24:21","isFullCredit":false},{"lineNumber":64,"author":{"gitId":"IvorKhan"},"content":"            int taskIndex \u003d Integer.parseInt(command.substring(7));","lastModifiedDate":"2025-08-18T15:24:21","isFullCredit":false},{"lineNumber":65,"author":{"gitId":"IvorKhan"},"content":"            try {","lastModifiedDate":"2025-08-21T14:10:58","isFullCredit":false},{"lineNumber":66,"author":{"gitId":"IvorKhan"},"content":"                YapPal.unmark(taskIndex);","lastModifiedDate":"2025-08-18T15:24:21","isFullCredit":false},{"lineNumber":67,"author":{"gitId":"IvorKhan"},"content":"            } catch (YapPalException exception) {","lastModifiedDate":"2025-08-21T14:10:58","isFullCredit":false},{"lineNumber":68,"author":{"gitId":"IvorKhan"},"content":"                YapPal.printMsg(exception.toString());","lastModifiedDate":"2025-08-21T14:10:58","isFullCredit":false},{"lineNumber":69,"author":{"gitId":"IvorKhan"},"content":"            }","lastModifiedDate":"2025-08-21T14:10:58","isFullCredit":false},{"lineNumber":70,"author":{"gitId":"IvorKhan"},"content":"        } else if (command.length() \u003e 6 \u0026\u0026 command.startsWith(\"delete\")) {","lastModifiedDate":"2025-08-21T14:34:58","isFullCredit":false},{"lineNumber":71,"author":{"gitId":"IvorKhan"},"content":"            int taskIndex \u003d Integer.parseInt(command.substring(7));","lastModifiedDate":"2025-08-21T14:34:58","isFullCredit":false},{"lineNumber":72,"author":{"gitId":"IvorKhan"},"content":"            try {","lastModifiedDate":"2025-08-21T14:34:58","isFullCredit":false},{"lineNumber":73,"author":{"gitId":"IvorKhan"},"content":"                YapPal.delete(taskIndex);","lastModifiedDate":"2025-08-21T14:34:58","isFullCredit":false},{"lineNumber":74,"author":{"gitId":"IvorKhan"},"content":"            } catch (YapPalException exception) {","lastModifiedDate":"2025-08-21T14:34:58","isFullCredit":false},{"lineNumber":75,"author":{"gitId":"IvorKhan"},"content":"                YapPal.printMsg(exception.toString());","lastModifiedDate":"2025-08-21T14:34:58","isFullCredit":false},{"lineNumber":76,"author":{"gitId":"IvorKhan"},"content":"            }","lastModifiedDate":"2025-08-21T14:34:58","isFullCredit":false},{"lineNumber":77,"author":{"gitId":"IvorKhan"},"content":"        } else {","lastModifiedDate":"2025-08-18T14:52:19","isFullCredit":false},{"lineNumber":78,"author":{"gitId":"IvorKhan"},"content":"            try {","lastModifiedDate":"2025-08-21T14:10:58","isFullCredit":false},{"lineNumber":79,"author":{"gitId":"IvorKhan"},"content":"                YapPal.addToList(command);","lastModifiedDate":"2025-08-18T14:52:19","isFullCredit":false},{"lineNumber":80,"author":{"gitId":"IvorKhan"},"content":"            } catch (YapPalException exception) {","lastModifiedDate":"2025-08-21T14:10:58","isFullCredit":false},{"lineNumber":81,"author":{"gitId":"IvorKhan"},"content":"                YapPal.printMsg(exception.toString());","lastModifiedDate":"2025-08-21T14:10:58","isFullCredit":false},{"lineNumber":82,"author":{"gitId":"IvorKhan"},"content":"            }","lastModifiedDate":"2025-08-21T14:10:58","isFullCredit":false},{"lineNumber":83,"author":{"gitId":"IvorKhan"},"content":"        }","lastModifiedDate":"2025-08-18T14:52:19","isFullCredit":false},{"lineNumber":84,"author":{"gitId":"IvorKhan"},"content":"        return YapPal.State.LISTENING;","lastModifiedDate":"2025-08-18T14:54:59","isFullCredit":false},{"lineNumber":85,"author":{"gitId":"IvorKhan"},"content":"    }","lastModifiedDate":"2025-08-18T10:33:14","isFullCredit":false},{"lineNumber":86,"author":{"gitId":"IvorKhan"},"content":"","lastModifiedDate":"2025-08-18T10:33:14","isFullCredit":false},{"lineNumber":87,"author":{"gitId":"IvorKhan"},"content":"    private static void list() {","lastModifiedDate":"2025-08-18T14:54:59","isFullCredit":false},{"lineNumber":88,"author":{"gitId":"IvorKhan"},"content":"        StringBuilder output \u003d new StringBuilder();","lastModifiedDate":"2025-08-19T19:03:55","isFullCredit":false},{"lineNumber":89,"author":{"gitId":"IvorKhan"},"content":"        AtomicInteger index \u003d new AtomicInteger(1);","lastModifiedDate":"2025-08-21T14:27:16","isFullCredit":false},{"lineNumber":90,"author":{"gitId":"IvorKhan"},"content":"        YapPal.tasks.forEach(task -\u003e {","lastModifiedDate":"2025-08-28T14:08:07","isFullCredit":false},{"lineNumber":91,"author":{"gitId":"IvorKhan"},"content":"            output.append(index.get()).append(\". \").append(task).append(\"\\n\");","lastModifiedDate":"2025-08-21T14:27:16","isFullCredit":false},{"lineNumber":92,"author":{"gitId":"IvorKhan"},"content":"            index.incrementAndGet();","lastModifiedDate":"2025-08-21T14:27:16","isFullCredit":false},{"lineNumber":93,"author":{"gitId":"IvorKhan"},"content":"        });","lastModifiedDate":"2025-08-21T14:27:16","isFullCredit":false},{"lineNumber":94,"author":{"gitId":"IvorKhan"},"content":"        YapPal.printMsg(output.toString());","lastModifiedDate":"2025-08-19T19:03:55","isFullCredit":false},{"lineNumber":95,"author":{"gitId":"IvorKhan"},"content":"    }","lastModifiedDate":"2025-08-18T14:52:19","isFullCredit":false},{"lineNumber":96,"author":{"gitId":"IvorKhan"},"content":"","lastModifiedDate":"2025-08-18T14:52:19","isFullCredit":false},{"lineNumber":97,"author":{"gitId":"IvorKhan"},"content":"    private static void addToList(String command) throws YapPalException{","lastModifiedDate":"2025-08-21T14:10:58","isFullCredit":false},{"lineNumber":98,"author":{"gitId":"IvorKhan"},"content":"        Task toAdd \u003d determineTask(command);","lastModifiedDate":"2025-08-19T16:12:07","isFullCredit":false},{"lineNumber":99,"author":{"gitId":"IvorKhan"},"content":"        if (toAdd \u003d\u003d null) {","lastModifiedDate":"2025-08-19T16:12:07","isFullCredit":false},{"lineNumber":100,"author":{"gitId":"IvorKhan"},"content":"            return;","lastModifiedDate":"2025-08-19T16:12:07","isFullCredit":false},{"lineNumber":101,"author":{"gitId":"IvorKhan"},"content":"        }","lastModifiedDate":"2025-08-19T16:12:07","isFullCredit":false},{"lineNumber":102,"author":{"gitId":"IvorKhan"},"content":"        YapPal.tasks.add(toAdd);","lastModifiedDate":"2025-08-28T14:08:07","isFullCredit":false},{"lineNumber":103,"author":{"gitId":"IvorKhan"},"content":"        YapPal.save();","lastModifiedDate":"2025-08-29T10:16:55","isFullCredit":false},{"lineNumber":104,"author":{"gitId":"IvorKhan"},"content":"        YapPal.printMsg(\"OK, I\u0027ve added the following task: \" + toAdd);","lastModifiedDate":"2025-08-19T19:03:55","isFullCredit":false},{"lineNumber":105,"author":{"gitId":"IvorKhan"},"content":"    }","lastModifiedDate":"2025-08-19T16:12:07","isFullCredit":false},{"lineNumber":106,"author":{"gitId":"IvorKhan"},"content":"","lastModifiedDate":"2025-08-19T16:12:07","isFullCredit":false},{"lineNumber":107,"author":{"gitId":"IvorKhan"},"content":"    private static Task determineTask (String command) throws YapPalException{","lastModifiedDate":"2025-08-21T14:10:58","isFullCredit":false},{"lineNumber":108,"author":{"gitId":"IvorKhan"},"content":"        if (command.length() \u003e 4 \u0026\u0026 command.startsWith(\"todo\")) {","lastModifiedDate":"2025-08-21T13:14:21","isFullCredit":false},{"lineNumber":109,"author":{"gitId":"IvorKhan"},"content":"            return new ToDo(command);","lastModifiedDate":"2025-08-29T12:42:13","isFullCredit":false},{"lineNumber":110,"author":{"gitId":"IvorKhan"},"content":"        } else if (command.length() \u003e 8 \u0026\u0026 command.startsWith(\"deadline\")) {","lastModifiedDate":"2025-08-21T13:14:21","isFullCredit":false},{"lineNumber":111,"author":{"gitId":"IvorKhan"},"content":"            return new Deadline(command);","lastModifiedDate":"2025-08-29T12:42:13","isFullCredit":false},{"lineNumber":112,"author":{"gitId":"IvorKhan"},"content":"        } else if (command.length() \u003e 5 \u0026\u0026 command.startsWith(\"event\")) {","lastModifiedDate":"2025-08-21T13:14:21","isFullCredit":false},{"lineNumber":113,"author":{"gitId":"IvorKhan"},"content":"            return new Event(command);","lastModifiedDate":"2025-08-29T12:42:13","isFullCredit":false},{"lineNumber":114,"author":{"gitId":"IvorKhan"},"content":"        }","lastModifiedDate":"2025-08-21T13:14:21","isFullCredit":false},{"lineNumber":115,"author":{"gitId":"IvorKhan"},"content":"        // if none of the above:","lastModifiedDate":"2025-08-21T13:14:21","isFullCredit":false},{"lineNumber":116,"author":{"gitId":"IvorKhan"},"content":"        throw new YapPalException(\"Invalid task, please try again!\");","lastModifiedDate":"2025-08-21T14:10:58","isFullCredit":false},{"lineNumber":117,"author":{"gitId":"IvorKhan"},"content":"    }","lastModifiedDate":"2025-08-21T13:14:21","isFullCredit":false},{"lineNumber":118,"author":{"gitId":"IvorKhan"},"content":"","lastModifiedDate":"2025-08-21T13:14:21","isFullCredit":false},{"lineNumber":119,"author":{"gitId":"IvorKhan"},"content":"    private static void mark(int ptr) throws YapPalException {","lastModifiedDate":"2025-08-21T14:10:58","isFullCredit":false},{"lineNumber":120,"author":{"gitId":"IvorKhan"},"content":"        if (ptr \u003e YapPal.tasks.size() || ptr \u003c 1) {","lastModifiedDate":"2025-08-28T14:08:07","isFullCredit":false},{"lineNumber":121,"author":{"gitId":"IvorKhan"},"content":"            throw new YapPalException(\"Task not in list, please try again!\");","lastModifiedDate":"2025-08-21T14:10:58","isFullCredit":false},{"lineNumber":122,"author":{"gitId":"IvorKhan"},"content":"        }","lastModifiedDate":"2025-08-21T14:10:58","isFullCredit":false},{"lineNumber":123,"author":{"gitId":"IvorKhan"},"content":"        Task targetedTask \u003d YapPal.tasks.get(ptr - 1);","lastModifiedDate":"2025-08-28T14:08:07","isFullCredit":false},{"lineNumber":124,"author":{"gitId":"IvorKhan"},"content":"        targetedTask.mark();","lastModifiedDate":"2025-08-21T14:27:16","isFullCredit":false},{"lineNumber":125,"author":{"gitId":"IvorKhan"},"content":"        YapPal.save();","lastModifiedDate":"2025-08-29T12:42:13","isFullCredit":false},{"lineNumber":126,"author":{"gitId":"IvorKhan"},"content":"        YapPal.printMsg(","lastModifiedDate":"2025-08-18T15:24:21","isFullCredit":false},{"lineNumber":127,"author":{"gitId":"IvorKhan"},"content":"            \"Nice! I\u0027ve marked this task as done: \\n\" +","lastModifiedDate":"2025-08-18T15:24:21","isFullCredit":false},{"lineNumber":128,"author":{"gitId":"IvorKhan"},"content":"            targetedTask","lastModifiedDate":"2025-08-21T14:27:16","isFullCredit":false},{"lineNumber":129,"author":{"gitId":"IvorKhan"},"content":"        );","lastModifiedDate":"2025-08-18T15:24:21","isFullCredit":false},{"lineNumber":130,"author":{"gitId":"IvorKhan"},"content":"    }","lastModifiedDate":"2025-08-18T15:24:21","isFullCredit":false},{"lineNumber":131,"author":{"gitId":"IvorKhan"},"content":"","lastModifiedDate":"2025-08-18T15:24:21","isFullCredit":false},{"lineNumber":132,"author":{"gitId":"IvorKhan"},"content":"    private static void unmark(int ptr) throws YapPalException {","lastModifiedDate":"2025-08-21T14:10:58","isFullCredit":false},{"lineNumber":133,"author":{"gitId":"IvorKhan"},"content":"        if (ptr \u003e YapPal.tasks.size() || ptr \u003c 1) {","lastModifiedDate":"2025-08-28T14:08:07","isFullCredit":false},{"lineNumber":134,"author":{"gitId":"IvorKhan"},"content":"            throw new YapPalException(\"Task not in list, please try again!\");","lastModifiedDate":"2025-08-21T14:10:58","isFullCredit":false},{"lineNumber":135,"author":{"gitId":"IvorKhan"},"content":"        }","lastModifiedDate":"2025-08-21T14:10:58","isFullCredit":false},{"lineNumber":136,"author":{"gitId":"IvorKhan"},"content":"        Task targetedTask \u003d YapPal.tasks.get(ptr - 1);","lastModifiedDate":"2025-08-28T14:08:07","isFullCredit":false},{"lineNumber":137,"author":{"gitId":"IvorKhan"},"content":"        targetedTask.unmark();","lastModifiedDate":"2025-08-21T14:27:16","isFullCredit":false},{"lineNumber":138,"author":{"gitId":"IvorKhan"},"content":"        YapPal.save();","lastModifiedDate":"2025-08-29T12:42:13","isFullCredit":false},{"lineNumber":139,"author":{"gitId":"IvorKhan"},"content":"        YapPal.printMsg(","lastModifiedDate":"2025-08-18T15:24:21","isFullCredit":false},{"lineNumber":140,"author":{"gitId":"IvorKhan"},"content":"            \"OK, I\u0027ve marked this task as not done yet: \\n\" +","lastModifiedDate":"2025-08-18T15:24:21","isFullCredit":false},{"lineNumber":141,"author":{"gitId":"IvorKhan"},"content":"            targetedTask","lastModifiedDate":"2025-08-21T14:27:16","isFullCredit":false},{"lineNumber":142,"author":{"gitId":"IvorKhan"},"content":"        );","lastModifiedDate":"2025-08-18T15:24:21","isFullCredit":false},{"lineNumber":143,"author":{"gitId":"IvorKhan"},"content":"    }","lastModifiedDate":"2025-08-18T15:24:21","isFullCredit":false},{"lineNumber":144,"author":{"gitId":"IvorKhan"},"content":"","lastModifiedDate":"2025-08-18T15:24:21","isFullCredit":false},{"lineNumber":145,"author":{"gitId":"IvorKhan"},"content":"    private static void delete(int ptr) throws YapPalException {","lastModifiedDate":"2025-08-21T14:34:58","isFullCredit":false},{"lineNumber":146,"author":{"gitId":"IvorKhan"},"content":"        if (ptr \u003e YapPal.tasks.size() || ptr \u003c 1) {","lastModifiedDate":"2025-08-28T14:08:07","isFullCredit":false},{"lineNumber":147,"author":{"gitId":"IvorKhan"},"content":"            throw new YapPalException(\"Task not in list, please try again!\");","lastModifiedDate":"2025-08-21T14:34:58","isFullCredit":false},{"lineNumber":148,"author":{"gitId":"IvorKhan"},"content":"        }","lastModifiedDate":"2025-08-21T14:34:58","isFullCredit":false},{"lineNumber":149,"author":{"gitId":"IvorKhan"},"content":"        Task targetedTask \u003d YapPal.tasks.get(ptr - 1);","lastModifiedDate":"2025-08-28T14:08:07","isFullCredit":false},{"lineNumber":150,"author":{"gitId":"IvorKhan"},"content":"        YapPal.tasks.remove(ptr - 1);","lastModifiedDate":"2025-08-28T14:08:07","isFullCredit":false},{"lineNumber":151,"author":{"gitId":"IvorKhan"},"content":"        YapPal.printMsg(","lastModifiedDate":"2025-08-21T14:34:58","isFullCredit":false},{"lineNumber":152,"author":{"gitId":"IvorKhan"},"content":"            \"OK, I\u0027ve removed this task: \\n\" +","lastModifiedDate":"2025-08-21T14:34:58","isFullCredit":false},{"lineNumber":153,"author":{"gitId":"IvorKhan"},"content":"            targetedTask","lastModifiedDate":"2025-08-21T14:34:58","isFullCredit":false},{"lineNumber":154,"author":{"gitId":"IvorKhan"},"content":"        );","lastModifiedDate":"2025-08-21T14:34:58","isFullCredit":false},{"lineNumber":155,"author":{"gitId":"IvorKhan"},"content":"    }","lastModifiedDate":"2025-08-21T14:34:58","isFullCredit":false},{"lineNumber":156,"author":{"gitId":"IvorKhan"},"content":"","lastModifiedDate":"2025-08-21T14:34:58","isFullCredit":false},{"lineNumber":157,"author":{"gitId":"IvorKhan"},"content":"    private static void save() {","lastModifiedDate":"2025-08-28T14:08:07","isFullCredit":false},{"lineNumber":158,"author":{"gitId":"IvorKhan"},"content":"        try {","lastModifiedDate":"2025-08-28T14:08:07","isFullCredit":false},{"lineNumber":159,"author":{"gitId":"IvorKhan"},"content":"            FileWriter saveFileWriter \u003d new FileWriter(YapPal.SAVE_DIRECTORY);","lastModifiedDate":"2025-08-29T12:42:13","isFullCredit":false},{"lineNumber":160,"author":{"gitId":"IvorKhan"},"content":"            for (int i \u003d 0; i \u003c tasks.size(); ++i) {","lastModifiedDate":"2025-08-28T14:08:07","isFullCredit":false},{"lineNumber":161,"author":{"gitId":"IvorKhan"},"content":"                saveFileWriter.write(tasks.get(i).saveString() + \"\\n\");","lastModifiedDate":"2025-08-29T12:42:13","isFullCredit":false},{"lineNumber":162,"author":{"gitId":"IvorKhan"},"content":"            }","lastModifiedDate":"2025-08-28T14:08:07","isFullCredit":false},{"lineNumber":163,"author":{"gitId":"IvorKhan"},"content":"            saveFileWriter.close();","lastModifiedDate":"2025-08-28T14:08:07","isFullCredit":false},{"lineNumber":164,"author":{"gitId":"IvorKhan"},"content":"        } catch (IOException error) {","lastModifiedDate":"2025-08-28T14:08:07","isFullCredit":false},{"lineNumber":165,"author":{"gitId":"IvorKhan"},"content":"            YapPal.printMsg(error.toString());","lastModifiedDate":"2025-08-29T10:16:55","isFullCredit":false},{"lineNumber":166,"author":{"gitId":"IvorKhan"},"content":"        }","lastModifiedDate":"2025-08-29T10:16:55","isFullCredit":false},{"lineNumber":167,"author":{"gitId":"IvorKhan"},"content":"    }","lastModifiedDate":"2025-08-29T10:16:55","isFullCredit":false},{"lineNumber":168,"author":{"gitId":"IvorKhan"},"content":"","lastModifiedDate":"2025-08-29T10:16:55","isFullCredit":false},{"lineNumber":169,"author":{"gitId":"IvorKhan"},"content":"    private static ArrayList\u003cTask\u003e load() throws YapPalException {","lastModifiedDate":"2025-08-29T10:16:55","isFullCredit":false},{"lineNumber":170,"author":{"gitId":"IvorKhan"},"content":"        File saveFile \u003d new File(YapPal.SAVE_DIRECTORY);","lastModifiedDate":"2025-08-29T12:42:13","isFullCredit":false},{"lineNumber":171,"author":{"gitId":"IvorKhan"},"content":"        ArrayList\u003cTask\u003e tasks \u003d new ArrayList\u003c\u003e(YapPal.MAX_LIST_LEN);","lastModifiedDate":"2025-08-29T10:16:55","isFullCredit":false},{"lineNumber":172,"author":{"gitId":"IvorKhan"},"content":"        try {","lastModifiedDate":"2025-08-29T10:16:55","isFullCredit":false},{"lineNumber":173,"author":{"gitId":"IvorKhan"},"content":"            Scanner saveReader \u003d new Scanner(saveFile);","lastModifiedDate":"2025-08-29T10:16:55","isFullCredit":false},{"lineNumber":174,"author":{"gitId":"IvorKhan"},"content":"            while (saveReader.hasNextLine()) {","lastModifiedDate":"2025-08-29T10:16:55","isFullCredit":false},{"lineNumber":175,"author":{"gitId":"IvorKhan"},"content":"                String command \u003d saveReader.nextLine();","lastModifiedDate":"2025-08-29T10:16:55","isFullCredit":false},{"lineNumber":176,"author":{"gitId":"IvorKhan"},"content":"                Task task \u003d determineTask(command);","lastModifiedDate":"2025-08-29T10:16:55","isFullCredit":false},{"lineNumber":177,"author":{"gitId":"IvorKhan"},"content":"                tasks.add(task);","lastModifiedDate":"2025-08-29T10:16:55","isFullCredit":false},{"lineNumber":178,"author":{"gitId":"IvorKhan"},"content":"            }","lastModifiedDate":"2025-08-29T10:16:55","isFullCredit":false},{"lineNumber":179,"author":{"gitId":"IvorKhan"},"content":"            saveReader.close();","lastModifiedDate":"2025-08-29T10:16:55","isFullCredit":false},{"lineNumber":180,"author":{"gitId":"IvorKhan"},"content":"        } catch (FileNotFoundException exception) {","lastModifiedDate":"2025-08-29T10:16:55","isFullCredit":false},{"lineNumber":181,"author":{"gitId":"IvorKhan"},"content":"            System.out.println(\"Save file not found - creating new save\");","lastModifiedDate":"2025-08-29T10:16:55","isFullCredit":false},{"lineNumber":182,"author":{"gitId":"IvorKhan"},"content":"            try {","lastModifiedDate":"2025-08-29T10:16:55","isFullCredit":false},{"lineNumber":183,"author":{"gitId":"IvorKhan"},"content":"                saveFile.getParentFile().mkdir();","lastModifiedDate":"2025-08-29T10:16:55","isFullCredit":false},{"lineNumber":184,"author":{"gitId":"IvorKhan"},"content":"                saveFile.createNewFile();","lastModifiedDate":"2025-08-29T10:16:55","isFullCredit":false},{"lineNumber":185,"author":{"gitId":"IvorKhan"},"content":"            } catch (IOException fileCreateException) {","lastModifiedDate":"2025-08-29T10:16:55","isFullCredit":false},{"lineNumber":186,"author":{"gitId":"IvorKhan"},"content":"                System.out.println(\"An error occurred\");","lastModifiedDate":"2025-08-29T10:16:55","isFullCredit":false},{"lineNumber":187,"author":{"gitId":"IvorKhan"},"content":"            }","lastModifiedDate":"2025-08-29T10:16:55","isFullCredit":false},{"lineNumber":188,"author":{"gitId":"IvorKhan"},"content":"        }","lastModifiedDate":"2025-08-28T14:08:07","isFullCredit":false},{"lineNumber":189,"author":{"gitId":"IvorKhan"},"content":"        return tasks;","lastModifiedDate":"2025-08-29T10:16:55","isFullCredit":false},{"lineNumber":190,"author":{"gitId":"IvorKhan"},"content":"    }","lastModifiedDate":"2025-08-28T14:08:07","isFullCredit":false},{"lineNumber":191,"author":{"gitId":"IvorKhan"},"content":"","lastModifiedDate":"2025-08-28T14:08:07","isFullCredit":false},{"lineNumber":192,"author":{"gitId":"IvorKhan"},"content":"    private static void printMsg(String msg) {","lastModifiedDate":"2025-08-18T14:54:59","isFullCredit":false},{"lineNumber":193,"author":{"gitId":"IvorKhan"},"content":"        System.out.println(","lastModifiedDate":"2025-08-18T10:33:14","isFullCredit":false},{"lineNumber":194,"author":{"gitId":"IvorKhan"},"content":"            \"____________________________________________________________ \\n\" +","lastModifiedDate":"2025-08-18T10:20:34","isFullCredit":false},{"lineNumber":195,"author":{"gitId":"IvorKhan"},"content":"            msg + \" \\n\" +","lastModifiedDate":"2025-08-18T10:33:14","isFullCredit":false},{"lineNumber":196,"author":{"gitId":"IvorKhan"},"content":"            \"____________________________________________________________ \\n\"","lastModifiedDate":"2025-08-18T10:33:14","isFullCredit":false},{"lineNumber":197,"author":{"gitId":"IvorKhan"},"content":"        );","lastModifiedDate":"2025-08-18T10:33:14","isFullCredit":false},{"lineNumber":198,"author":{"gitId":"-"},"content":"    }","lastModifiedDate":"2019-07-29T17:14:46","isFullCredit":false},{"lineNumber":199,"author":{"gitId":"-"},"content":"}","lastModifiedDate":"2019-07-29T17:14:46","isFullCredit":false}],"authorContributionMap":{"IvorKhan":197,"-":2}},{"path":"src/main/java/YapPalException.java","fileType":"java","lines":[{"lineNumber":1,"author":{"gitId":"IvorKhan"},"content":"public class YapPalException extends Exception {","lastModifiedDate":"2025-08-21T13:14:21","isFullCredit":false},{"lineNumber":2,"author":{"gitId":"IvorKhan"},"content":"    public YapPalException(String message) {","lastModifiedDate":"2025-08-21T14:10:58","isFullCredit":false},{"lineNumber":3,"author":{"gitId":"IvorKhan"},"content":"        super(message);","lastModifiedDate":"2025-08-21T14:10:58","isFullCredit":false},{"lineNumber":4,"author":{"gitId":"IvorKhan"},"content":"    }","lastModifiedDate":"2025-08-21T14:10:58","isFullCredit":false},{"lineNumber":5,"author":{"gitId":"IvorKhan"},"content":"}","lastModifiedDate":"2025-08-21T13:14:21","isFullCredit":false}],"authorContributionMap":{"IvorKhan":5}},{"path":"text-ui-test/input.txt","fileType":"txt","lines":[{"lineNumber":1,"author":{"gitId":"IvorKhan"},"content":"todo test","lastModifiedDate":"2025-08-19T19:34:17","isFullCredit":false},{"lineNumber":2,"author":{"gitId":"IvorKhan"},"content":"list","lastModifiedDate":"2025-08-19T19:34:17","isFullCredit":false},{"lineNumber":3,"author":{"gitId":"IvorKhan"},"content":"deadline deadline /by some time","lastModifiedDate":"2025-08-19T19:34:17","isFullCredit":false},{"lineNumber":4,"author":{"gitId":"IvorKhan"},"content":"event event /from now /to another time","lastModifiedDate":"2025-08-19T19:34:17","isFullCredit":false},{"lineNumber":5,"author":{"gitId":"IvorKhan"},"content":"list","lastModifiedDate":"2025-08-19T19:34:17","isFullCredit":false},{"lineNumber":6,"author":{"gitId":"IvorKhan"},"content":"mark 1","lastModifiedDate":"2025-08-19T19:34:17","isFullCredit":false},{"lineNumber":7,"author":{"gitId":"IvorKhan"},"content":"mark 2","lastModifiedDate":"2025-08-19T19:34:17","isFullCredit":false},{"lineNumber":8,"author":{"gitId":"IvorKhan"},"content":"mark 3","lastModifiedDate":"2025-08-19T19:34:17","isFullCredit":false},{"lineNumber":9,"author":{"gitId":"IvorKhan"},"content":"list","lastModifiedDate":"2025-08-19T19:34:17","isFullCredit":false},{"lineNumber":10,"author":{"gitId":"IvorKhan"},"content":"unmark 1","lastModifiedDate":"2025-08-19T19:34:17","isFullCredit":false},{"lineNumber":11,"author":{"gitId":"IvorKhan"},"content":"unmark 2","lastModifiedDate":"2025-08-19T19:34:17","isFullCredit":false},{"lineNumber":12,"author":{"gitId":"IvorKhan"},"content":"unmark 3","lastModifiedDate":"2025-08-19T19:34:17","isFullCredit":false},{"lineNumber":13,"author":{"gitId":"IvorKhan"},"content":"list","lastModifiedDate":"2025-08-19T19:34:17","isFullCredit":false},{"lineNumber":14,"author":{"gitId":"IvorKhan"},"content":"bye","lastModifiedDate":"2025-08-19T19:34:17","isFullCredit":false}],"authorContributionMap":{"IvorKhan":14}},{"path":"text-ui-test/runtest.bat","fileType":"bat","lines":[{"lineNumber":1,"author":{"gitId":"-"},"content":"@ECHO OFF","lastModifiedDate":"2020-05-25T00:03:55","isFullCredit":false},{"lineNumber":2,"author":{"gitId":"-"},"content":"","lastModifiedDate":"2020-05-25T00:03:55","isFullCredit":false},{"lineNumber":3,"author":{"gitId":"-"},"content":"REM create bin directory if it doesn\u0027t exist","lastModifiedDate":"2020-05-25T00:03:55","isFullCredit":false},{"lineNumber":4,"author":{"gitId":"-"},"content":"if not exist ..\\bin mkdir ..\\bin","lastModifiedDate":"2020-05-25T00:03:55","isFullCredit":false},{"lineNumber":5,"author":{"gitId":"-"},"content":"","lastModifiedDate":"2020-05-25T00:03:55","isFullCredit":false},{"lineNumber":6,"author":{"gitId":"-"},"content":"REM delete output from previous run","lastModifiedDate":"2020-05-25T00:03:55","isFullCredit":false},{"lineNumber":7,"author":{"gitId":"-"},"content":"if exist ACTUAL.TXT del ACTUAL.TXT","lastModifiedDate":"2020-08-25T17:23:26","isFullCredit":false},{"lineNumber":8,"author":{"gitId":"-"},"content":"","lastModifiedDate":"2020-05-25T00:03:55","isFullCredit":false},{"lineNumber":9,"author":{"gitId":"-"},"content":"REM compile the code into the bin folder","lastModifiedDate":"2020-05-25T00:03:55","isFullCredit":false},{"lineNumber":10,"author":{"gitId":"-"},"content":"javac  -cp ..\\src\\main\\java -Xlint:none -d ..\\bin ..\\src\\main\\java\\*.java","lastModifiedDate":"2020-08-25T17:23:26","isFullCredit":false},{"lineNumber":11,"author":{"gitId":"-"},"content":"IF ERRORLEVEL 1 (","lastModifiedDate":"2020-05-25T00:03:55","isFullCredit":false},{"lineNumber":12,"author":{"gitId":"-"},"content":"    echo ********** BUILD FAILURE **********","lastModifiedDate":"2020-05-25T00:03:55","isFullCredit":false},{"lineNumber":13,"author":{"gitId":"-"},"content":"    exit /b 1","lastModifiedDate":"2020-05-25T00:03:55","isFullCredit":false},{"lineNumber":14,"author":{"gitId":"-"},"content":")","lastModifiedDate":"2020-05-25T00:03:55","isFullCredit":false},{"lineNumber":15,"author":{"gitId":"-"},"content":"REM no error here, errorlevel \u003d\u003d 0","lastModifiedDate":"2020-05-25T00:03:55","isFullCredit":false},{"lineNumber":16,"author":{"gitId":"-"},"content":"","lastModifiedDate":"2020-05-25T00:03:55","isFullCredit":false},{"lineNumber":17,"author":{"gitId":"-"},"content":"REM run the program, feed commands from input.txt file and redirect the output to the ACTUAL.TXT","lastModifiedDate":"2020-05-25T00:03:55","isFullCredit":false},{"lineNumber":18,"author":{"gitId":"IvorKhan"},"content":"java -classpath ..\\bin YapPal \u003c input.txt \u003e ACTUAL.TXT","lastModifiedDate":"2025-08-18T09:31:53","isFullCredit":false},{"lineNumber":19,"author":{"gitId":"-"},"content":"","lastModifiedDate":"2020-05-25T00:03:55","isFullCredit":false},{"lineNumber":20,"author":{"gitId":"-"},"content":"REM compare the output to the expected output","lastModifiedDate":"2020-05-25T00:03:55","isFullCredit":false},{"lineNumber":21,"author":{"gitId":"-"},"content":"FC ACTUAL.TXT EXPECTED.TXT","lastModifiedDate":"2020-05-25T00:03:55","isFullCredit":false}],"authorContributionMap":{"IvorKhan":1,"-":20}}]
