{"authorDailyContributionsMap":{"IvorKhan":[{"date":"2025-08-18T00:00:00","commitResults":[{"hash":"7d94e5883f8d6c809506a77072cd71aa36e04953","isMergeCommit":false,"messageTitle":"Renamed all instances of \"Duke\" to \"YapPal\"","messageBody":"","fileTypesAndContributionMap":{"java":{"insertions":1,"deletions":1},"bat":{"insertions":1,"deletions":1},"md":{"insertions":3,"deletions":3}}},{"hash":"2e5a6b8347f83922cf6aeaf0fdad62397f68191d","isMergeCommit":false,"messageTitle":"Added intro and goodbye messages","messageBody":"","fileTypesAndContributionMap":{"java":{"insertions":12,"deletions":6}}},{"hash":"721f1da9911508792843ae4ad930d5a3eeca8007","isMergeCommit":false,"messageTitle":"Refactored code to follow OOP principles","messageBody":"","tags":["Level-0"],"fileTypesAndContributionMap":{"java":{"insertions":17,"deletions":11}}},{"hash":"ee6e2dd1f035f9fc021d8d929e17c9de86fc5949","isMergeCommit":false,"messageTitle":"Added echo functionality","messageBody":"","tags":["Level-1"],"fileTypesAndContributionMap":{"java":{"insertions":27,"deletions":7}}},{"hash":"aa3ff062335f7d0610fe5f0b45ad0823cd0108d8","isMergeCommit":false,"messageTitle":"Added list functionality","messageBody":"","tags":["Level-2"],"fileTypesAndContributionMap":{"java":{"insertions":28,"deletions":1}}},{"hash":"8eb7c8fda2fee1d2355533f599aae67fd9543cde","isMergeCommit":false,"messageTitle":"Modified state to use enums instead of ints","messageBody":"","tags":["A-Enums"],"fileTypesAndContributionMap":{"java":{"insertions":12,"deletions":10}}},{"hash":"9dd74405405f022db94c74bd71ae97fb38689802","isMergeCommit":false,"messageTitle":"Refactored code to have Task as a class","messageBody":"","tags":["A-Classes"],"fileTypesAndContributionMap":{"java":{"insertions":35,"deletions":7}}},{"hash":"602f3c28d624b8ef075bfecbf589628169b77eeb","isMergeCommit":false,"messageTitle":"Implemented marking feature","messageBody":"","tags":["Level-3"],"fileTypesAndContributionMap":{"java":{"insertions":31,"deletions":6}}}]},{"date":"2025-08-19T00:00:00","commitResults":[{"hash":"f4b9c6f76d20e4dff5df0e12e07f21d30d2c50d8","isMergeCommit":false,"messageTitle":"Added ToDo, Deadline and Event classes","messageBody":"","fileTypesAndContributionMap":{"java":{"insertions":43,"deletions":5}}},{"hash":"3e85abe38fdd4d6c18ca15e6c3a9185c6f591716","isMergeCommit":false,"messageTitle":"Implemented command parsing for various tasks","messageBody":"","tags":["Level-4"],"fileTypesAndContributionMap":{"java":{"insertions":28,"deletions":5}}},{"hash":"b50b4198dce796fa9a258f41131e6e4e78ac7365","isMergeCommit":false,"messageTitle":"Fixed flag-finding mechanism, made offsets named constants","messageBody":"","fileTypesAndContributionMap":{"java":{"insertions":21,"deletions":13}}},{"hash":"e5d70a3b7fdae25a32d1365b98bbbd29dc467aa9","isMergeCommit":false,"messageTitle":"Added Text UI Testing","messageBody":"","tags":["A-TextUiTesting"],"fileTypesAndContributionMap":{"txt":{"insertions":14,"deletions":0}}}]},{"date":"2025-08-21T00:00:00","commitResults":[{"hash":"63822f7b8c8a8acf716ef3ae90005f17bb355b89","isMergeCommit":false,"messageTitle":"Created exception file and refactored task creation","messageBody":"","fileTypesAndContributionMap":{"java":{"insertions":35,"deletions":18}}},{"hash":"02ee9ad35ddcbd1115398097dd01f99f44292c91","isMergeCommit":false,"messageTitle":"Added exception handling for invalid inputs","messageBody":"","tags":["Level-5","A-Exceptions"],"fileTypesAndContributionMap":{"java":{"insertions":71,"deletions":14}}},{"hash":"2d1982aa9e20a5bca4ccd6ca3f3cdf3070fd4fba","isMergeCommit":false,"messageTitle":"Modified code to use ArrayList","messageBody":"","tags":["A-Collections"],"fileTypesAndContributionMap":{"java":{"insertions":20,"deletions":13}}},{"hash":"c33d561591f0f4acfbdbf0b7dabef3ebbc66c811","isMergeCommit":false,"messageTitle":"Added delete function","messageBody":"","tags":["Level-6"],"fileTypesAndContributionMap":{"java":{"insertions":19,"deletions":0}}},{"hash":"f2d561bdbe6e86e1d50a947fddb17b9c95ab031b","isMergeCommit":false,"messageTitle":"Cleared commented code","messageBody":"","fileTypesAndContributionMap":{"java":{"insertions":0,"deletions":3}}}]},{"date":"2025-08-28T00:00:00","commitResults":[{"hash":"30cf5039d9af1a35d5ebc7a5e6194a6ae50dec0f","isMergeCommit":false,"messageTitle":"Add save functionality","messageBody":"","fileTypesAndContributionMap":{"java":{"insertions":45,"deletions":10}}}]},{"date":"2025-08-29T00:00:00","commitResults":[{"hash":"50fe4d5c1f52290cb2fbf050906cc1a5f712c5a4","isMergeCommit":false,"messageTitle":"Add load function","messageBody":"","fileTypesAndContributionMap":{"java":{"insertions":35,"deletions":5}}},{"hash":"2219c0a82bc25f8dd033feb0e8a58f6d24e8f03c","isMergeCommit":false,"messageTitle":"Refactor task generation","messageBody":"","fileTypesAndContributionMap":{"java":{"insertions":75,"deletions":88}}},{"hash":"3b26d010c0b544d5bdfd5db2d7962d21aef1a718","isMergeCommit":false,"messageTitle":"Merge Level-7 branch","messageBody":"","tags":["Level-7"],"fileTypesAndContributionMap":{"txt":{"insertions":4,"deletions":0}}}]},{"date":"2025-09-01T00:00:00","commitResults":[{"hash":"90d3bf1b8da84f03029c8114f728987787b56ed4","isMergeCommit":false,"messageTitle":"Add LocalDate functionality","messageBody":"","fileTypesAndContributionMap":{"txt":{"insertions":2,"deletions":4},"java":{"insertions":38,"deletions":14}}},{"hash":"86960d1e822528a72e62068e9b50a8ffe22c1d22","isMergeCommit":false,"messageTitle":"Merge Level 8 Branch","messageBody":"","tags":["Level-8"],"fileTypesAndContributionMap":{"txt":{"insertions":0,"deletions":2}}},{"hash":"2cd5af87830eb8c043c30900e8b86b803ae69965","isMergeCommit":false,"messageTitle":"Make Ui Class for OOP","messageBody":"","fileTypesAndContributionMap":{"java":{"insertions":37,"deletions":27}}},{"hash":"5592bb61d00765c787390c43896b14d6286a1c4d","isMergeCommit":false,"messageTitle":"Make Storage class for more OOP","messageBody":"","fileTypesAndContributionMap":{"java":{"insertions":48,"deletions":39}}},{"hash":"dbca7b3e516ae92ec7c342452c0dcac187a8cdf5","isMergeCommit":false,"messageTitle":"Make Parser class for more OOP","messageBody":"","fileTypesAndContributionMap":{"java":{"insertions":52,"deletions":51}}},{"hash":"75ec5c3f7be9f21af6f5a09f90558798c53c8784","isMergeCommit":false,"messageTitle":"Make TaskList class for more OOP","messageBody":"","fileTypesAndContributionMap":{"java":{"insertions":81,"deletions":65}}},{"hash":"f9b3d63058dab11f346272b422a46aaab56d1d54","isMergeCommit":false,"messageTitle":"Fix broken references from refactor","messageBody":"","tags":["A-MoreOOP"],"fileTypesAndContributionMap":{"txt":{"insertions":1,"deletions":0},"java":{"insertions":153,"deletions":94}}},{"hash":"95ecd108b2125a5295571817a5c3a3df240abfbb","isMergeCommit":false,"messageTitle":"Reorganise class files into packages","messageBody":"","fileTypesAndContributionMap":{"txt":{"insertions":3,"deletions":0},"java":{"insertions":43,"deletions":9}}},{"hash":"5392e825fd1904931ca8e75435fa2e7a9ea292a5","isMergeCommit":false,"messageTitle":"Merge packages branch","messageBody":"","tags":["A-Packages"],"fileTypesAndContributionMap":{"txt":{"insertions":4,"deletions":3}}},{"hash":"908485fb0238712db14515c482c430d3c086ebac","isMergeCommit":true,"messageTitle":"Merge remote-tracking branch \u0027origin/add-gradle-support\u0027","messageBody":"","fileTypesAndContributionMap":{}},{"hash":"2dd8b216ccd66efaa04e5fbaa05d0758444b21cb","isMergeCommit":false,"messageTitle":"Merge gradle branch","messageBody":"","tags":["A-Gradle"],"fileTypesAndContributionMap":{"gradle":{"insertions":1,"deletions":0}}}]},{"date":"2025-09-02T00:00:00","commitResults":[{"hash":"e0ff1ff9fdb2091c7f33eedd208b16e83ca8fc39","isMergeCommit":false,"messageTitle":"Make TaskListTest","messageBody":"","fileTypesAndContributionMap":{"gradle":{"insertions":2,"deletions":2},"java":{"insertions":97,"deletions":0}}},{"hash":"6d65fb87e87d924f1b01261698a586c4d1cfca76","isMergeCommit":false,"messageTitle":"Make ParserTest","messageBody":"","fileTypesAndContributionMap":{"java":{"insertions":141,"deletions":0}}},{"hash":"ec15ebf803e02a28e508bced6faefce3f861025a","isMergeCommit":false,"messageTitle":"Merge JUnit branch","messageBody":"","fileTypesAndContributionMap":{"txt":{"insertions":4,"deletions":4}}}]},{"date":"2025-09-03T00:00:00","commitResults":[{"hash":"bf730609a7ad138b8589204d47c36d1595a08c9e","isMergeCommit":false,"messageTitle":"Fix parser test bug","messageBody":"","fileTypesAndContributionMap":{"gradle":{"insertions":1,"deletions":0},"txt":{"insertions":5,"deletions":4},"java":{"insertions":189,"deletions":50}}},{"hash":"940c8ff39ef91a69acff965cd602158a1b5466a8","isMergeCommit":false,"messageTitle":"Merge JavaDoc branch","messageBody":"","tags":["A-JavaDoc","A-Jar","A-JUnit"],"fileTypesAndContributionMap":{"txt":{"insertions":4,"deletions":5}}},{"hash":"f47655ea57b650167219e066ceca84d1f80a8a70","isMergeCommit":false,"messageTitle":"Add CheckStyle Files","messageBody":"","fileTypesAndContributionMap":{"java":{"insertions":26,"deletions":24}}},{"hash":"2f70a0c59954455c7d7b9109f55c8f17702d9670","isMergeCommit":false,"messageTitle":"Fix Coding Standard","messageBody":"","fileTypesAndContributionMap":{"java":{"insertions":80,"deletions":53}}},{"hash":"ca8f60f97cf4c42fd521f5a47e652627bbc27ce1","isMergeCommit":false,"messageTitle":"Add find functionality","messageBody":"","fileTypesAndContributionMap":{"txt":{"insertions":4,"deletions":4},"java":{"insertions":24,"deletions":0}}},{"hash":"c07c01519a9e23367200d76abfa7a78597e549e6","isMergeCommit":true,"messageTitle":"Merge branch \u0027branch-A-CodingStandard\u0027","messageBody":"","tags":["A-CodingStandard"],"fileTypesAndContributionMap":{}},{"hash":"f16a4cbe648d66cd20d47416cf70916d19299c09","isMergeCommit":true,"messageTitle":"Merge branch \u0027branch-Level-9\u0027","messageBody":"","tags":["Level-9"],"fileTypesAndContributionMap":{}}]},{"date":"2025-09-04T00:00:00","commitResults":[{"hash":"51e95511a1cb7af4dd5bde4d007c7046a307bee4","isMergeCommit":true,"messageTitle":"Merge branch \u0027branch-A-CheckStyle\u0027","messageBody":"","tags":["A-CheckStyle"],"fileTypesAndContributionMap":{}},{"hash":"329da428c902840b9f3bf12c3e3d4de50178f8e3","isMergeCommit":false,"messageTitle":"Fix merge error","messageBody":"","fileTypesAndContributionMap":{"txt":{"insertions":5,"deletions":4},"java":{"insertions":0,"deletions":6}}}]}]},"authorFileTypeContributionMap":{"IvorKhan":{"java":924,"md":3,"fxml":0,"sh":0,"bat":1,"gradle":4,"txt":20}},"authorContributionVariance":{"IvorKhan":29928.168},"authorDisplayNameMap":{"IvorKhan":"CS2103T-W09-1 KHO ..FONG"}}
