[{"path":"src/main/java/Deadline.java","fileType":"java","lines":[{"lineNumber":1,"author":{"gitId":"louist3ng"},"content":"public class Deadline extends Task {","lastModifiedDate":"2025-08-18T23:28:01","isFullCredit":false},{"lineNumber":2,"author":{"gitId":"louist3ng"},"content":"    protected String time;","lastModifiedDate":"2025-08-18T23:51:15","isFullCredit":false},{"lineNumber":3,"author":{"gitId":"louist3ng"},"content":"    ","lastModifiedDate":"2025-08-18T23:28:01","isFullCredit":false},{"lineNumber":4,"author":{"gitId":"louist3ng"},"content":"    public Deadline(String description, String time) {","lastModifiedDate":"2025-08-18T23:51:15","isFullCredit":false},{"lineNumber":5,"author":{"gitId":"louist3ng"},"content":"        super(description);","lastModifiedDate":"2025-08-18T23:28:01","isFullCredit":false},{"lineNumber":6,"author":{"gitId":"louist3ng"},"content":"        this.time \u003d time;","lastModifiedDate":"2025-08-18T23:51:15","isFullCredit":false},{"lineNumber":7,"author":{"gitId":"louist3ng"},"content":"    }","lastModifiedDate":"2025-08-18T23:28:01","isFullCredit":false},{"lineNumber":8,"author":{"gitId":"louist3ng"},"content":"","lastModifiedDate":"2025-08-18T23:28:01","isFullCredit":false},{"lineNumber":9,"author":{"gitId":"louist3ng"},"content":"    @Override","lastModifiedDate":"2025-08-18T23:28:01","isFullCredit":false},{"lineNumber":10,"author":{"gitId":"louist3ng"},"content":"    public String getDescription() {","lastModifiedDate":"2025-08-18T23:28:01","isFullCredit":false},{"lineNumber":11,"author":{"gitId":"louist3ng"},"content":"         return (isDone ? \"[D][X] \" : \"[D][ ] \") + description + \" (by: \" + time + \")\";","lastModifiedDate":"2025-08-18T23:51:15","isFullCredit":false},{"lineNumber":12,"author":{"gitId":"louist3ng"},"content":"    }","lastModifiedDate":"2025-08-18T23:28:01","isFullCredit":false},{"lineNumber":13,"author":{"gitId":"louist3ng"},"content":"","lastModifiedDate":"2025-08-18T23:28:01","isFullCredit":false},{"lineNumber":14,"author":{"gitId":"louist3ng"},"content":"   ","lastModifiedDate":"2025-08-18T23:28:01","isFullCredit":false},{"lineNumber":15,"author":{"gitId":"louist3ng"},"content":"}","lastModifiedDate":"2025-08-18T23:28:01","isFullCredit":false}],"authorContributionMap":{"louist3ng":15}},{"path":"src/main/java/EmptyException.java","fileType":"java","lines":[{"lineNumber":1,"author":{"gitId":"louist3ng"},"content":"public class EmptyException extends ParentException {","lastModifiedDate":"2025-08-21T02:02:12","isFullCredit":false},{"lineNumber":2,"author":{"gitId":"louist3ng"},"content":"    public EmptyException() {","lastModifiedDate":"2025-08-21T02:02:12","isFullCredit":false},{"lineNumber":3,"author":{"gitId":"louist3ng"},"content":"        super(\"No such command exists!\");","lastModifiedDate":"2025-08-21T02:02:12","isFullCredit":false},{"lineNumber":4,"author":{"gitId":"louist3ng"},"content":"    }","lastModifiedDate":"2025-08-21T02:02:12","isFullCredit":false},{"lineNumber":5,"author":{"gitId":"louist3ng"},"content":"}   ","lastModifiedDate":"2025-08-21T02:02:12","isFullCredit":false}],"authorContributionMap":{"louist3ng":5}},{"path":"src/main/java/Event.java","fileType":"java","lines":[{"lineNumber":1,"author":{"gitId":"louist3ng"},"content":"public class Event extends Task {","lastModifiedDate":"2025-08-18T23:28:01","isFullCredit":false},{"lineNumber":2,"author":{"gitId":"louist3ng"},"content":"    protected String from;","lastModifiedDate":"2025-08-18T23:51:15","isFullCredit":false},{"lineNumber":3,"author":{"gitId":"louist3ng"},"content":"    protected String to;","lastModifiedDate":"2025-08-18T23:51:15","isFullCredit":false},{"lineNumber":4,"author":{"gitId":"louist3ng"},"content":"","lastModifiedDate":"2025-08-18T23:28:01","isFullCredit":false},{"lineNumber":5,"author":{"gitId":"louist3ng"},"content":"    public Event(String description, String from, String to) {","lastModifiedDate":"2025-08-18T23:51:15","isFullCredit":false},{"lineNumber":6,"author":{"gitId":"louist3ng"},"content":"        super(description);","lastModifiedDate":"2025-08-18T23:28:01","isFullCredit":false},{"lineNumber":7,"author":{"gitId":"louist3ng"},"content":"        this.from \u003d from;","lastModifiedDate":"2025-08-18T23:51:15","isFullCredit":false},{"lineNumber":8,"author":{"gitId":"louist3ng"},"content":"        this.to \u003d to;","lastModifiedDate":"2025-08-18T23:51:15","isFullCredit":false},{"lineNumber":9,"author":{"gitId":"louist3ng"},"content":"    }","lastModifiedDate":"2025-08-18T23:28:01","isFullCredit":false},{"lineNumber":10,"author":{"gitId":"louist3ng"},"content":"","lastModifiedDate":"2025-08-18T23:28:01","isFullCredit":false},{"lineNumber":11,"author":{"gitId":"louist3ng"},"content":"    @Override","lastModifiedDate":"2025-08-18T23:28:01","isFullCredit":false},{"lineNumber":12,"author":{"gitId":"louist3ng"},"content":"    public String getDescription() {","lastModifiedDate":"2025-08-18T23:28:01","isFullCredit":false},{"lineNumber":13,"author":{"gitId":"louist3ng"},"content":"         return (isDone ? \"[E][X] \" : \"[E][ ] \")","lastModifiedDate":"2025-08-18T23:51:15","isFullCredit":false},{"lineNumber":14,"author":{"gitId":"louist3ng"},"content":"            + description + \" (from: \" + from + \" to: \" + to + \")\";","lastModifiedDate":"2025-08-18T23:51:15","isFullCredit":false},{"lineNumber":15,"author":{"gitId":"louist3ng"},"content":"    }","lastModifiedDate":"2025-08-18T23:28:01","isFullCredit":false},{"lineNumber":16,"author":{"gitId":"louist3ng"},"content":"","lastModifiedDate":"2025-08-18T23:28:01","isFullCredit":false},{"lineNumber":17,"author":{"gitId":"louist3ng"},"content":"","lastModifiedDate":"2025-08-18T23:28:01","isFullCredit":false},{"lineNumber":18,"author":{"gitId":"louist3ng"},"content":"}","lastModifiedDate":"2025-08-18T23:28:01","isFullCredit":false}],"authorContributionMap":{"louist3ng":18}},{"path":"src/main/java/IncorrectInputException.java","fileType":"java","lines":[{"lineNumber":1,"author":{"gitId":"louist3ng"},"content":"public class IncorrectInputException extends ParentException {","lastModifiedDate":"2025-08-21T02:02:12","isFullCredit":false},{"lineNumber":2,"author":{"gitId":"louist3ng"},"content":"    public IncorrectInputException() {","lastModifiedDate":"2025-08-21T02:02:12","isFullCredit":false},{"lineNumber":3,"author":{"gitId":"louist3ng"},"content":"        super(\"No such command exists. Try again\");","lastModifiedDate":"2025-08-21T02:02:12","isFullCredit":false},{"lineNumber":4,"author":{"gitId":"louist3ng"},"content":"    }","lastModifiedDate":"2025-08-21T02:02:12","isFullCredit":false},{"lineNumber":5,"author":{"gitId":"louist3ng"},"content":"","lastModifiedDate":"2025-08-21T02:02:12","isFullCredit":false},{"lineNumber":6,"author":{"gitId":"louist3ng"},"content":"}","lastModifiedDate":"2025-08-21T02:02:12","isFullCredit":false}],"authorContributionMap":{"louist3ng":6}},{"path":"src/main/java/Jason.java","fileType":"java","lines":[{"lineNumber":1,"author":{"gitId":"louist3ng"},"content":"import java.util.ArrayList;","lastModifiedDate":"2025-08-23T11:04:49","isFullCredit":false},{"lineNumber":2,"author":{"gitId":"louist3ng"},"content":"import java.util.Scanner;","lastModifiedDate":"2025-08-18T20:08:54","isFullCredit":false},{"lineNumber":3,"author":{"gitId":"louist3ng"},"content":"","lastModifiedDate":"2025-08-18T20:08:54","isFullCredit":false},{"lineNumber":4,"author":{"gitId":"louist3ng"},"content":"","lastModifiedDate":"2025-08-23T11:04:49","isFullCredit":false},{"lineNumber":5,"author":{"gitId":"louist3ng"},"content":"public class Jason {","lastModifiedDate":"2025-08-18T02:26:17","isFullCredit":false},{"lineNumber":6,"author":{"gitId":"louist3ng"},"content":"    private static String intro \u003d \"Hello, my name is Jason\";","lastModifiedDate":"2025-08-18T20:08:54","isFullCredit":false},{"lineNumber":7,"author":{"gitId":"louist3ng"},"content":"    private static ArrayList\u003cTask\u003e items \u003d new ArrayList\u003c\u003e();","lastModifiedDate":"2025-08-23T11:04:49","isFullCredit":false},{"lineNumber":8,"author":{"gitId":"louist3ng"},"content":"    private static int itemPointer \u003d 0;","lastModifiedDate":"2025-08-18T20:53:01","isFullCredit":false},{"lineNumber":9,"author":{"gitId":"louist3ng"},"content":"","lastModifiedDate":"2025-08-18T02:39:07","isFullCredit":false},{"lineNumber":10,"author":{"gitId":"louist3ng"},"content":"    private static void intro() {","lastModifiedDate":"2025-08-18T23:55:56","isFullCredit":false},{"lineNumber":11,"author":{"gitId":"louist3ng"},"content":"        System.out.println(\"─\".repeat(50));","lastModifiedDate":"2025-08-18T23:55:56","isFullCredit":false},{"lineNumber":12,"author":{"gitId":"louist3ng"},"content":"        System.out.println(intro);","lastModifiedDate":"2025-08-18T23:55:56","isFullCredit":false},{"lineNumber":13,"author":{"gitId":"louist3ng"},"content":"        System.out.println(\"─\".repeat(50));","lastModifiedDate":"2025-08-21T02:02:12","isFullCredit":false},{"lineNumber":14,"author":{"gitId":"louist3ng"},"content":"    }","lastModifiedDate":"2025-08-18T23:55:56","isFullCredit":false},{"lineNumber":15,"author":{"gitId":"louist3ng"},"content":"","lastModifiedDate":"2025-08-18T23:55:56","isFullCredit":false},{"lineNumber":16,"author":{"gitId":"-"},"content":"    public static void main(String[] args) {","lastModifiedDate":"2019-07-29T17:14:46","isFullCredit":false},{"lineNumber":17,"author":{"gitId":"louist3ng"},"content":"        Scanner sc \u003d new Scanner(System.in);","lastModifiedDate":"2025-08-18T20:08:54","isFullCredit":false},{"lineNumber":18,"author":{"gitId":"louist3ng"},"content":"        String userInput \u003d \"\";","lastModifiedDate":"2025-08-18T20:08:54","isFullCredit":false},{"lineNumber":19,"author":{"gitId":"louist3ng"},"content":"","lastModifiedDate":"2025-08-18T20:08:54","isFullCredit":false},{"lineNumber":20,"author":{"gitId":"louist3ng"},"content":"        intro();","lastModifiedDate":"2025-08-18T23:55:56","isFullCredit":false},{"lineNumber":21,"author":{"gitId":"louist3ng"},"content":"        // ensures that chatbot does not close until \"bye\" string is inputted by user","lastModifiedDate":"2025-08-18T23:51:15","isFullCredit":false},{"lineNumber":22,"author":{"gitId":"louist3ng"},"content":"        while (!userInput.equalsIgnoreCase(\"bye\")) {","lastModifiedDate":"2025-08-18T20:08:54","isFullCredit":false},{"lineNumber":23,"author":{"gitId":"louist3ng"},"content":"            // System.out.println(\"Enter: \"); include this for future use","lastModifiedDate":"2025-08-21T02:02:12","isFullCredit":false},{"lineNumber":24,"author":{"gitId":"louist3ng"},"content":"            userInput \u003d sc.nextLine();","lastModifiedDate":"2025-08-18T20:08:54","isFullCredit":false},{"lineNumber":25,"author":{"gitId":"louist3ng"},"content":"","lastModifiedDate":"2025-08-18T20:08:54","isFullCredit":false},{"lineNumber":26,"author":{"gitId":"louist3ng"},"content":"            try {","lastModifiedDate":"2025-08-21T02:02:12","isFullCredit":false},{"lineNumber":27,"author":{"gitId":"louist3ng"},"content":"                if (userInput.equalsIgnoreCase(\"bye\")) {","lastModifiedDate":"2025-08-18T20:08:54","isFullCredit":false},{"lineNumber":28,"author":{"gitId":"louist3ng"},"content":"                    System.out.println(\"─\".repeat(50));","lastModifiedDate":"2025-08-23T11:04:49","isFullCredit":false},{"lineNumber":29,"author":{"gitId":"louist3ng"},"content":"                    System.out.println(\"Bye. Hope to see you again soon!\");","lastModifiedDate":"2025-08-18T02:39:07","isFullCredit":false},{"lineNumber":30,"author":{"gitId":"louist3ng"},"content":"                    System.out.println(\"─\".repeat(50));","lastModifiedDate":"2025-08-23T11:04:49","isFullCredit":false},{"lineNumber":31,"author":{"gitId":"louist3ng"},"content":"                    break;","lastModifiedDate":"2025-08-18T20:08:54","isFullCredit":false},{"lineNumber":32,"author":{"gitId":"louist3ng"},"content":"","lastModifiedDate":"2025-08-18T20:53:01","isFullCredit":false},{"lineNumber":33,"author":{"gitId":"louist3ng"},"content":"                } else if (userInput.toLowerCase().equalsIgnoreCase(\"list\")) {","lastModifiedDate":"2025-08-18T20:53:01","isFullCredit":false},{"lineNumber":34,"author":{"gitId":"louist3ng"},"content":"                    System.out.println(\"─\".repeat(50));","lastModifiedDate":"2025-08-23T11:04:49","isFullCredit":false},{"lineNumber":35,"author":{"gitId":"louist3ng"},"content":"                    for (int i \u003d 0; i \u003c itemPointer; i++) {","lastModifiedDate":"2025-08-18T20:53:01","isFullCredit":false},{"lineNumber":36,"author":{"gitId":"louist3ng"},"content":"                        System.out.println((i + 1) + \". \" + items.get(i).getDescription());","lastModifiedDate":"2025-08-23T11:04:49","isFullCredit":false},{"lineNumber":37,"author":{"gitId":"louist3ng"},"content":"                    }","lastModifiedDate":"2025-08-18T20:53:01","isFullCredit":false},{"lineNumber":38,"author":{"gitId":"louist3ng"},"content":"                    System.out.println(\"─\".repeat(50));","lastModifiedDate":"2025-08-23T11:04:49","isFullCredit":false},{"lineNumber":39,"author":{"gitId":"louist3ng"},"content":"","lastModifiedDate":"2025-08-18T20:53:01","isFullCredit":false},{"lineNumber":40,"author":{"gitId":"louist3ng"},"content":"                } else if (userInput.toLowerCase().startsWith(\"mark\")) {","lastModifiedDate":"2025-08-18T21:52:05","isFullCredit":false},{"lineNumber":41,"author":{"gitId":"louist3ng"},"content":"                    if (userInput.length() \u003d\u003d 4) {","lastModifiedDate":"2025-08-21T02:02:12","isFullCredit":false},{"lineNumber":42,"author":{"gitId":"louist3ng"},"content":"                        throw new EmptyException();","lastModifiedDate":"2025-08-21T02:02:12","isFullCredit":false},{"lineNumber":43,"author":{"gitId":"louist3ng"},"content":"                    }","lastModifiedDate":"2025-08-21T02:02:12","isFullCredit":false},{"lineNumber":44,"author":{"gitId":"louist3ng"},"content":"","lastModifiedDate":"2025-08-21T02:02:12","isFullCredit":false},{"lineNumber":45,"author":{"gitId":"louist3ng"},"content":"                    String target \u003d userInput.substring(4)","lastModifiedDate":"2025-08-21T02:02:12","isFullCredit":false},{"lineNumber":46,"author":{"gitId":"louist3ng"},"content":"                            .replaceAll(\"\\\\s+\", \"\");","lastModifiedDate":"2025-08-21T02:02:12","isFullCredit":false},{"lineNumber":47,"author":{"gitId":"louist3ng"},"content":"                    int itemPosition \u003d Integer.parseInt(target) - 1;","lastModifiedDate":"2025-08-18T21:52:05","isFullCredit":false},{"lineNumber":48,"author":{"gitId":"louist3ng"},"content":"","lastModifiedDate":"2025-08-18T21:52:05","isFullCredit":false},{"lineNumber":49,"author":{"gitId":"louist3ng"},"content":"                    if (itemPosition \u003e\u003d itemPointer || itemPosition \u003c 0) {","lastModifiedDate":"2025-08-21T02:02:12","isFullCredit":false},{"lineNumber":50,"author":{"gitId":"louist3ng"},"content":"                        throw new OobIndexException();","lastModifiedDate":"2025-08-21T02:02:12","isFullCredit":false},{"lineNumber":51,"author":{"gitId":"louist3ng"},"content":"                    }","lastModifiedDate":"2025-08-21T02:02:12","isFullCredit":false},{"lineNumber":52,"author":{"gitId":"louist3ng"},"content":"","lastModifiedDate":"2025-08-21T02:02:12","isFullCredit":false},{"lineNumber":53,"author":{"gitId":"louist3ng"},"content":"                    System.out.println(\"─\".repeat(50));","lastModifiedDate":"2025-08-23T11:04:49","isFullCredit":false},{"lineNumber":54,"author":{"gitId":"louist3ng"},"content":"                    System.out.println(\"Nice! I\u0027ve marked this task as done:\");","lastModifiedDate":"2025-08-18T21:52:05","isFullCredit":false},{"lineNumber":55,"author":{"gitId":"louist3ng"},"content":"                    System.out.println(\"  \" + items.get(itemPosition).mark().getDescription());","lastModifiedDate":"2025-08-23T11:04:49","isFullCredit":false},{"lineNumber":56,"author":{"gitId":"louist3ng"},"content":"                    System.out.println(\"─\".repeat(50));","lastModifiedDate":"2025-08-23T11:04:49","isFullCredit":false},{"lineNumber":57,"author":{"gitId":"louist3ng"},"content":"","lastModifiedDate":"2025-08-18T21:52:05","isFullCredit":false},{"lineNumber":58,"author":{"gitId":"louist3ng"},"content":"                } else if (userInput.toLowerCase().startsWith(\"unmark\")) {","lastModifiedDate":"2025-08-18T21:52:05","isFullCredit":false},{"lineNumber":59,"author":{"gitId":"louist3ng"},"content":"                    if (userInput.length() \u003d\u003d 5) {","lastModifiedDate":"2025-08-21T02:02:12","isFullCredit":false},{"lineNumber":60,"author":{"gitId":"louist3ng"},"content":"                        throw new EmptyException();","lastModifiedDate":"2025-08-21T02:02:12","isFullCredit":false},{"lineNumber":61,"author":{"gitId":"louist3ng"},"content":"                    }","lastModifiedDate":"2025-08-21T02:02:12","isFullCredit":false},{"lineNumber":62,"author":{"gitId":"louist3ng"},"content":"","lastModifiedDate":"2025-08-21T02:02:12","isFullCredit":false},{"lineNumber":63,"author":{"gitId":"louist3ng"},"content":"                    String target \u003d userInput.substring(6)","lastModifiedDate":"2025-08-21T02:02:12","isFullCredit":false},{"lineNumber":64,"author":{"gitId":"louist3ng"},"content":"                            .replaceAll(\"\\\\s+\", \"\");","lastModifiedDate":"2025-08-21T02:02:12","isFullCredit":false},{"lineNumber":65,"author":{"gitId":"louist3ng"},"content":"                    int itemPosition \u003d Integer.parseInt(target) - 1;","lastModifiedDate":"2025-08-18T21:52:05","isFullCredit":false},{"lineNumber":66,"author":{"gitId":"louist3ng"},"content":"","lastModifiedDate":"2025-08-18T21:52:05","isFullCredit":false},{"lineNumber":67,"author":{"gitId":"louist3ng"},"content":"                    if (itemPosition \u003e\u003d itemPointer || itemPosition \u003c 0) {","lastModifiedDate":"2025-08-21T02:02:12","isFullCredit":false},{"lineNumber":68,"author":{"gitId":"louist3ng"},"content":"                        throw new OobIndexException();","lastModifiedDate":"2025-08-21T02:02:12","isFullCredit":false},{"lineNumber":69,"author":{"gitId":"louist3ng"},"content":"                    }","lastModifiedDate":"2025-08-21T02:02:12","isFullCredit":false},{"lineNumber":70,"author":{"gitId":"louist3ng"},"content":"","lastModifiedDate":"2025-08-21T02:02:12","isFullCredit":false},{"lineNumber":71,"author":{"gitId":"louist3ng"},"content":"                    System.out.println(\"─\".repeat(50));","lastModifiedDate":"2025-08-23T11:04:49","isFullCredit":false},{"lineNumber":72,"author":{"gitId":"louist3ng"},"content":"                    System.out.println(\"OK, I\u0027ve marked this task as not done yet:\");","lastModifiedDate":"2025-08-18T21:52:05","isFullCredit":false},{"lineNumber":73,"author":{"gitId":"louist3ng"},"content":"                    System.out.println(\"  \" + items.get(itemPosition).unmark().getDescription());","lastModifiedDate":"2025-08-23T11:04:49","isFullCredit":false},{"lineNumber":74,"author":{"gitId":"louist3ng"},"content":"                    System.out.println(\"─\".repeat(50));","lastModifiedDate":"2025-08-23T11:04:49","isFullCredit":false},{"lineNumber":75,"author":{"gitId":"louist3ng"},"content":"","lastModifiedDate":"2025-08-18T21:52:05","isFullCredit":false},{"lineNumber":76,"author":{"gitId":"louist3ng"},"content":"                } else if (userInput.toLowerCase().startsWith(\"todo\")) {","lastModifiedDate":"2025-08-18T23:28:01","isFullCredit":false},{"lineNumber":77,"author":{"gitId":"louist3ng"},"content":"                    if (userInput.length() \u003d\u003d 4) {","lastModifiedDate":"2025-08-21T02:02:12","isFullCredit":false},{"lineNumber":78,"author":{"gitId":"louist3ng"},"content":"                        throw new EmptyException();","lastModifiedDate":"2025-08-21T02:02:12","isFullCredit":false},{"lineNumber":79,"author":{"gitId":"louist3ng"},"content":"                    }","lastModifiedDate":"2025-08-21T02:02:12","isFullCredit":false},{"lineNumber":80,"author":{"gitId":"louist3ng"},"content":"","lastModifiedDate":"2025-08-21T02:02:12","isFullCredit":false},{"lineNumber":81,"author":{"gitId":"louist3ng"},"content":"                    String target \u003d userInput.substring(5);","lastModifiedDate":"2025-08-23T11:04:49","isFullCredit":false},{"lineNumber":82,"author":{"gitId":"louist3ng"},"content":"                    Todo todoTask \u003d new Todo(target);","lastModifiedDate":"2025-08-18T23:28:01","isFullCredit":false},{"lineNumber":83,"author":{"gitId":"louist3ng"},"content":"","lastModifiedDate":"2025-08-18T23:28:01","isFullCredit":false},{"lineNumber":84,"author":{"gitId":"louist3ng"},"content":"                    System.out.println(\"─\".repeat(50));","lastModifiedDate":"2025-08-23T11:04:49","isFullCredit":false},{"lineNumber":85,"author":{"gitId":"louist3ng"},"content":"                    System.out.println(\"Got it. I\u0027ve added this task:\");","lastModifiedDate":"2025-08-23T11:04:49","isFullCredit":false},{"lineNumber":86,"author":{"gitId":"louist3ng"},"content":"                    System.out.println(todoTask.getDescription());","lastModifiedDate":"2025-08-18T23:28:01","isFullCredit":false},{"lineNumber":87,"author":{"gitId":"louist3ng"},"content":"                    System.out.printf(\"Now you have %d tasks in the list.\\n\", itemPointer + 1);","lastModifiedDate":"2025-08-18T23:28:01","isFullCredit":false},{"lineNumber":88,"author":{"gitId":"louist3ng"},"content":"                    System.out.println(\"─\".repeat(50));","lastModifiedDate":"2025-08-23T11:04:49","isFullCredit":false},{"lineNumber":89,"author":{"gitId":"louist3ng"},"content":"                    items.add(itemPointer, todoTask);","lastModifiedDate":"2025-08-23T11:04:49","isFullCredit":false},{"lineNumber":90,"author":{"gitId":"louist3ng"},"content":"                    itemPointer++;","lastModifiedDate":"2025-08-18T23:28:01","isFullCredit":false},{"lineNumber":91,"author":{"gitId":"louist3ng"},"content":"","lastModifiedDate":"2025-08-18T23:51:15","isFullCredit":false},{"lineNumber":92,"author":{"gitId":"louist3ng"},"content":"                } else if (userInput.toLowerCase().startsWith(\"event\")) {","lastModifiedDate":"2025-08-18T23:28:01","isFullCredit":false},{"lineNumber":93,"author":{"gitId":"louist3ng"},"content":"                    if (userInput.length() \u003d\u003d 5) {","lastModifiedDate":"2025-08-21T02:02:12","isFullCredit":false},{"lineNumber":94,"author":{"gitId":"louist3ng"},"content":"                        throw new EmptyException();","lastModifiedDate":"2025-08-21T02:02:12","isFullCredit":false},{"lineNumber":95,"author":{"gitId":"louist3ng"},"content":"                    }","lastModifiedDate":"2025-08-21T02:02:12","isFullCredit":false},{"lineNumber":96,"author":{"gitId":"louist3ng"},"content":"","lastModifiedDate":"2025-08-21T02:02:12","isFullCredit":false},{"lineNumber":97,"author":{"gitId":"louist3ng"},"content":"                    String parts \u003d userInput.substring(6).trim(); // after \"event \"","lastModifiedDate":"2025-08-18T23:51:15","isFullCredit":false},{"lineNumber":98,"author":{"gitId":"louist3ng"},"content":"                    int fromIdx \u003d parts.toLowerCase().indexOf(\"/from\");","lastModifiedDate":"2025-08-18T23:51:15","isFullCredit":false},{"lineNumber":99,"author":{"gitId":"louist3ng"},"content":"                    int toIdx \u003d parts.toLowerCase().indexOf(\"/to\", Math.max(fromIdx, 0) + 5);","lastModifiedDate":"2025-08-18T23:51:15","isFullCredit":false},{"lineNumber":100,"author":{"gitId":"louist3ng"},"content":"                    String description \u003d parts.substring(0, fromIdx).trim();","lastModifiedDate":"2025-08-18T23:51:15","isFullCredit":false},{"lineNumber":101,"author":{"gitId":"louist3ng"},"content":"                    String from \u003d parts.substring(fromIdx + 5, toIdx).trim(); // 5 \u003d len(\"/from\")","lastModifiedDate":"2025-08-18T23:51:15","isFullCredit":false},{"lineNumber":102,"author":{"gitId":"louist3ng"},"content":"                    String to \u003d parts.substring(toIdx + 3).trim(); // 3 \u003d len(\"/to\")","lastModifiedDate":"2025-08-18T23:51:15","isFullCredit":false},{"lineNumber":103,"author":{"gitId":"louist3ng"},"content":"","lastModifiedDate":"2025-08-18T23:51:15","isFullCredit":false},{"lineNumber":104,"author":{"gitId":"louist3ng"},"content":"                    Event eventTask \u003d new Event(description, from, to);","lastModifiedDate":"2025-08-18T23:51:15","isFullCredit":false},{"lineNumber":105,"author":{"gitId":"louist3ng"},"content":"","lastModifiedDate":"2025-08-18T23:51:15","isFullCredit":false},{"lineNumber":106,"author":{"gitId":"louist3ng"},"content":"                    System.out.println(\"─\".repeat(50));","lastModifiedDate":"2025-08-23T11:04:49","isFullCredit":false},{"lineNumber":107,"author":{"gitId":"louist3ng"},"content":"                    System.out.println(\"Got it. I\u0027ve added this task:\");","lastModifiedDate":"2025-08-23T11:04:49","isFullCredit":false},{"lineNumber":108,"author":{"gitId":"louist3ng"},"content":"                    System.out.println(eventTask.getDescription());","lastModifiedDate":"2025-08-18T23:51:15","isFullCredit":false},{"lineNumber":109,"author":{"gitId":"louist3ng"},"content":"                    System.out.printf(\"Now you have %d tasks in the list.\\n\", itemPointer + 1);","lastModifiedDate":"2025-08-18T23:28:01","isFullCredit":false},{"lineNumber":110,"author":{"gitId":"louist3ng"},"content":"                    System.out.println(\"─\".repeat(50));","lastModifiedDate":"2025-08-23T11:04:49","isFullCredit":false},{"lineNumber":111,"author":{"gitId":"louist3ng"},"content":"                    items.add(itemPointer, eventTask);","lastModifiedDate":"2025-08-23T11:04:49","isFullCredit":false},{"lineNumber":112,"author":{"gitId":"louist3ng"},"content":"                    itemPointer++;","lastModifiedDate":"2025-08-18T23:28:01","isFullCredit":false},{"lineNumber":113,"author":{"gitId":"louist3ng"},"content":"","lastModifiedDate":"2025-08-18T23:28:01","isFullCredit":false},{"lineNumber":114,"author":{"gitId":"louist3ng"},"content":"                } else if (userInput.toLowerCase().startsWith(\"deadline\")) {","lastModifiedDate":"2025-08-18T23:28:01","isFullCredit":false},{"lineNumber":115,"author":{"gitId":"louist3ng"},"content":"                    if (userInput.length() \u003d\u003d 8) {","lastModifiedDate":"2025-08-21T02:02:12","isFullCredit":false},{"lineNumber":116,"author":{"gitId":"louist3ng"},"content":"                        throw new EmptyException();","lastModifiedDate":"2025-08-21T02:02:12","isFullCredit":false},{"lineNumber":117,"author":{"gitId":"louist3ng"},"content":"                    }","lastModifiedDate":"2025-08-21T02:02:12","isFullCredit":false},{"lineNumber":118,"author":{"gitId":"louist3ng"},"content":"","lastModifiedDate":"2025-08-21T02:02:12","isFullCredit":false},{"lineNumber":119,"author":{"gitId":"louist3ng"},"content":"                    String[] parts \u003d userInput.substring(9).split(\"/by\", 2);","lastModifiedDate":"2025-08-18T23:51:15","isFullCredit":false},{"lineNumber":120,"author":{"gitId":"louist3ng"},"content":"                    String description \u003d parts[0].trim();","lastModifiedDate":"2025-08-18T23:51:15","isFullCredit":false},{"lineNumber":121,"author":{"gitId":"louist3ng"},"content":"                    String by \u003d parts[1].trim();","lastModifiedDate":"2025-08-18T23:51:15","isFullCredit":false},{"lineNumber":122,"author":{"gitId":"louist3ng"},"content":"                    Task deadlineTask \u003d new Deadline(description, by);","lastModifiedDate":"2025-08-23T11:04:49","isFullCredit":false},{"lineNumber":123,"author":{"gitId":"louist3ng"},"content":"","lastModifiedDate":"2025-08-18T23:28:01","isFullCredit":false},{"lineNumber":124,"author":{"gitId":"louist3ng"},"content":"                    System.out.println(\"─\".repeat(50));","lastModifiedDate":"2025-08-23T11:04:49","isFullCredit":false},{"lineNumber":125,"author":{"gitId":"louist3ng"},"content":"                    System.out.println(\"Got it. I\u0027ve added this task:\");","lastModifiedDate":"2025-08-23T11:04:49","isFullCredit":false},{"lineNumber":126,"author":{"gitId":"louist3ng"},"content":"                    System.out.println(deadlineTask.getDescription());","lastModifiedDate":"2025-08-23T11:04:49","isFullCredit":false},{"lineNumber":127,"author":{"gitId":"louist3ng"},"content":"                    System.out.printf(\"Now you have %d tasks in the list.\\n\", itemPointer + 1);","lastModifiedDate":"2025-08-18T23:28:01","isFullCredit":false},{"lineNumber":128,"author":{"gitId":"louist3ng"},"content":"                    System.out.println(\"─\".repeat(50));","lastModifiedDate":"2025-08-23T11:04:49","isFullCredit":false},{"lineNumber":129,"author":{"gitId":"louist3ng"},"content":"","lastModifiedDate":"2025-08-18T23:51:15","isFullCredit":false},{"lineNumber":130,"author":{"gitId":"louist3ng"},"content":"                    items.add(itemPointer, deadlineTask);","lastModifiedDate":"2025-08-23T11:04:49","isFullCredit":false},{"lineNumber":131,"author":{"gitId":"louist3ng"},"content":"                    itemPointer++;","lastModifiedDate":"2025-08-18T20:53:01","isFullCredit":false},{"lineNumber":132,"author":{"gitId":"louist3ng"},"content":"                } else if (userInput.toLowerCase().startsWith(\"delete\")) {","lastModifiedDate":"2025-08-23T11:04:49","isFullCredit":false},{"lineNumber":133,"author":{"gitId":"louist3ng"},"content":"                    if (userInput.length() \u003d\u003d 6) {","lastModifiedDate":"2025-08-23T11:04:49","isFullCredit":false},{"lineNumber":134,"author":{"gitId":"louist3ng"},"content":"                        throw new EmptyException();","lastModifiedDate":"2025-08-23T11:04:49","isFullCredit":false},{"lineNumber":135,"author":{"gitId":"louist3ng"},"content":"                    }","lastModifiedDate":"2025-08-23T11:04:49","isFullCredit":false},{"lineNumber":136,"author":{"gitId":"louist3ng"},"content":"","lastModifiedDate":"2025-08-23T11:04:49","isFullCredit":false},{"lineNumber":137,"author":{"gitId":"louist3ng"},"content":"                    String target \u003d userInput.substring(6)","lastModifiedDate":"2025-08-23T11:04:49","isFullCredit":false},{"lineNumber":138,"author":{"gitId":"louist3ng"},"content":"                            .replaceAll(\"\\\\s+\", \"\");","lastModifiedDate":"2025-08-23T11:04:49","isFullCredit":false},{"lineNumber":139,"author":{"gitId":"louist3ng"},"content":"                    int itemPosition \u003d Integer.parseInt(target) - 1;","lastModifiedDate":"2025-08-23T11:04:49","isFullCredit":false},{"lineNumber":140,"author":{"gitId":"louist3ng"},"content":"","lastModifiedDate":"2025-08-23T11:04:49","isFullCredit":false},{"lineNumber":141,"author":{"gitId":"louist3ng"},"content":"                    if (itemPosition \u003e\u003d itemPointer || itemPosition \u003c 0) {","lastModifiedDate":"2025-08-23T11:04:49","isFullCredit":false},{"lineNumber":142,"author":{"gitId":"louist3ng"},"content":"                        throw new OobIndexException();","lastModifiedDate":"2025-08-23T11:04:49","isFullCredit":false},{"lineNumber":143,"author":{"gitId":"louist3ng"},"content":"                    }","lastModifiedDate":"2025-08-23T11:04:49","isFullCredit":false},{"lineNumber":144,"author":{"gitId":"louist3ng"},"content":"","lastModifiedDate":"2025-08-23T11:04:49","isFullCredit":false},{"lineNumber":145,"author":{"gitId":"louist3ng"},"content":"                    System.out.println(\"─\".repeat(50));","lastModifiedDate":"2025-08-23T11:04:49","isFullCredit":false},{"lineNumber":146,"author":{"gitId":"louist3ng"},"content":"                    System.out.println(\"Noted. I\u0027ve removed this task:\");","lastModifiedDate":"2025-08-23T11:04:49","isFullCredit":false},{"lineNumber":147,"author":{"gitId":"louist3ng"},"content":"                    System.out.println(\"  \" + items.get(itemPosition).getDescription());","lastModifiedDate":"2025-08-23T11:04:49","isFullCredit":false},{"lineNumber":148,"author":{"gitId":"louist3ng"},"content":"                    items.remove(itemPosition);","lastModifiedDate":"2025-08-23T11:04:49","isFullCredit":false},{"lineNumber":149,"author":{"gitId":"louist3ng"},"content":"                    itemPointer--;","lastModifiedDate":"2025-08-23T11:04:49","isFullCredit":false},{"lineNumber":150,"author":{"gitId":"louist3ng"},"content":"                    System.out.printf(\"Now you have %d tasks in the list.\\n\", itemPointer);","lastModifiedDate":"2025-08-23T11:04:49","isFullCredit":false},{"lineNumber":151,"author":{"gitId":"louist3ng"},"content":"                    System.out.println(\"─\".repeat(50));","lastModifiedDate":"2025-08-23T11:04:49","isFullCredit":false},{"lineNumber":152,"author":{"gitId":"louist3ng"},"content":"","lastModifiedDate":"2025-08-23T11:04:49","isFullCredit":false},{"lineNumber":153,"author":{"gitId":"louist3ng"},"content":"                } else {","lastModifiedDate":"2025-08-21T02:02:12","isFullCredit":false},{"lineNumber":154,"author":{"gitId":"louist3ng"},"content":"                    throw new IncorrectInputException();","lastModifiedDate":"2025-08-21T02:02:12","isFullCredit":false},{"lineNumber":155,"author":{"gitId":"louist3ng"},"content":"                }","lastModifiedDate":"2025-08-21T02:02:12","isFullCredit":false},{"lineNumber":156,"author":{"gitId":"louist3ng"},"content":"            } catch (EmptyException e) {","lastModifiedDate":"2025-08-21T02:02:12","isFullCredit":false},{"lineNumber":157,"author":{"gitId":"louist3ng"},"content":"                System.out.println(e);","lastModifiedDate":"2025-08-21T02:02:12","isFullCredit":false},{"lineNumber":158,"author":{"gitId":"louist3ng"},"content":"            } catch (OobIndexException e) {","lastModifiedDate":"2025-08-21T02:02:12","isFullCredit":false},{"lineNumber":159,"author":{"gitId":"louist3ng"},"content":"                System.out.println(e);","lastModifiedDate":"2025-08-21T02:02:12","isFullCredit":false},{"lineNumber":160,"author":{"gitId":"louist3ng"},"content":"            } catch (IncorrectInputException e) {","lastModifiedDate":"2025-08-21T02:02:12","isFullCredit":false},{"lineNumber":161,"author":{"gitId":"louist3ng"},"content":"                System.out.println(e);","lastModifiedDate":"2025-08-21T02:02:12","isFullCredit":false},{"lineNumber":162,"author":{"gitId":"louist3ng"},"content":"            }","lastModifiedDate":"2025-08-18T20:08:54","isFullCredit":false},{"lineNumber":163,"author":{"gitId":"louist3ng"},"content":"","lastModifiedDate":"2025-08-18T23:28:01","isFullCredit":false},{"lineNumber":164,"author":{"gitId":"louist3ng"},"content":"        }","lastModifiedDate":"2025-08-18T20:08:54","isFullCredit":false},{"lineNumber":165,"author":{"gitId":"louist3ng"},"content":"        sc.close();","lastModifiedDate":"2025-08-18T20:08:54","isFullCredit":false},{"lineNumber":166,"author":{"gitId":"-"},"content":"    }","lastModifiedDate":"2019-07-29T17:14:46","isFullCredit":false},{"lineNumber":167,"author":{"gitId":"-"},"content":"}","lastModifiedDate":"2019-07-29T17:14:46","isFullCredit":false}],"authorContributionMap":{"louist3ng":164,"-":3}},{"path":"src/main/java/OobIndexException.java","fileType":"java","lines":[{"lineNumber":1,"author":{"gitId":"louist3ng"},"content":"public class OobIndexException extends ParentException {","lastModifiedDate":"2025-08-21T02:02:12","isFullCredit":false},{"lineNumber":2,"author":{"gitId":"louist3ng"},"content":"    public OobIndexException() {","lastModifiedDate":"2025-08-21T02:02:12","isFullCredit":false},{"lineNumber":3,"author":{"gitId":"louist3ng"},"content":"        super(\"No such task exists!\");","lastModifiedDate":"2025-08-21T02:02:12","isFullCredit":false},{"lineNumber":4,"author":{"gitId":"louist3ng"},"content":"    }","lastModifiedDate":"2025-08-21T02:02:12","isFullCredit":false},{"lineNumber":5,"author":{"gitId":"louist3ng"},"content":"}","lastModifiedDate":"2025-08-21T02:02:12","isFullCredit":false}],"authorContributionMap":{"louist3ng":5}},{"path":"src/main/java/ParentException.java","fileType":"java","lines":[{"lineNumber":1,"author":{"gitId":"louist3ng"},"content":"public class ParentException extends RuntimeException {","lastModifiedDate":"2025-08-21T02:02:12","isFullCredit":false},{"lineNumber":2,"author":{"gitId":"louist3ng"},"content":"    public ParentException(String message) { ","lastModifiedDate":"2025-08-21T02:02:12","isFullCredit":false},{"lineNumber":3,"author":{"gitId":"louist3ng"},"content":"        super(message); }","lastModifiedDate":"2025-08-21T02:02:12","isFullCredit":false},{"lineNumber":4,"author":{"gitId":"louist3ng"},"content":"}","lastModifiedDate":"2025-08-21T02:02:12","isFullCredit":false}],"authorContributionMap":{"louist3ng":4}},{"path":"src/main/java/Task.java","fileType":"java","lines":[{"lineNumber":1,"author":{"gitId":"louist3ng"},"content":"public class Task {","lastModifiedDate":"2025-08-18T21:52:05","isFullCredit":false},{"lineNumber":2,"author":{"gitId":"louist3ng"},"content":"    protected String description;","lastModifiedDate":"2025-08-18T23:28:01","isFullCredit":false},{"lineNumber":3,"author":{"gitId":"louist3ng"},"content":"    protected boolean isDone;","lastModifiedDate":"2025-08-18T23:28:01","isFullCredit":false},{"lineNumber":4,"author":{"gitId":"louist3ng"},"content":"","lastModifiedDate":"2025-08-18T21:52:05","isFullCredit":false},{"lineNumber":5,"author":{"gitId":"louist3ng"},"content":"    public Task(String description) {","lastModifiedDate":"2025-08-18T21:52:05","isFullCredit":false},{"lineNumber":6,"author":{"gitId":"louist3ng"},"content":"        this.description \u003d description;","lastModifiedDate":"2025-08-18T21:52:05","isFullCredit":false},{"lineNumber":7,"author":{"gitId":"louist3ng"},"content":"        isDone \u003d false;","lastModifiedDate":"2025-08-18T21:52:05","isFullCredit":false},{"lineNumber":8,"author":{"gitId":"louist3ng"},"content":"    }","lastModifiedDate":"2025-08-18T21:52:05","isFullCredit":false},{"lineNumber":9,"author":{"gitId":"louist3ng"},"content":"","lastModifiedDate":"2025-08-18T21:52:05","isFullCredit":false},{"lineNumber":10,"author":{"gitId":"louist3ng"},"content":"    public String getDescription() {","lastModifiedDate":"2025-08-18T21:52:05","isFullCredit":false},{"lineNumber":11,"author":{"gitId":"louist3ng"},"content":"         return (isDone ? \"[X] \" : \"[ ] \") + description;","lastModifiedDate":"2025-08-18T23:28:01","isFullCredit":false},{"lineNumber":12,"author":{"gitId":"louist3ng"},"content":"    }","lastModifiedDate":"2025-08-18T21:52:05","isFullCredit":false},{"lineNumber":13,"author":{"gitId":"louist3ng"},"content":"","lastModifiedDate":"2025-08-18T21:52:05","isFullCredit":false},{"lineNumber":14,"author":{"gitId":"louist3ng"},"content":"    public Task mark() {","lastModifiedDate":"2025-08-18T23:28:01","isFullCredit":false},{"lineNumber":15,"author":{"gitId":"louist3ng"},"content":"        isDone \u003d true;","lastModifiedDate":"2025-08-18T21:52:05","isFullCredit":false},{"lineNumber":16,"author":{"gitId":"louist3ng"},"content":"        return this;","lastModifiedDate":"2025-08-18T23:28:01","isFullCredit":false},{"lineNumber":17,"author":{"gitId":"louist3ng"},"content":"    }","lastModifiedDate":"2025-08-18T21:52:05","isFullCredit":false},{"lineNumber":18,"author":{"gitId":"louist3ng"},"content":"","lastModifiedDate":"2025-08-18T21:52:05","isFullCredit":false},{"lineNumber":19,"author":{"gitId":"louist3ng"},"content":"    public Task unmark() {","lastModifiedDate":"2025-08-18T23:28:01","isFullCredit":false},{"lineNumber":20,"author":{"gitId":"louist3ng"},"content":"        isDone \u003d false;","lastModifiedDate":"2025-08-18T21:52:05","isFullCredit":false},{"lineNumber":21,"author":{"gitId":"louist3ng"},"content":"        return this;","lastModifiedDate":"2025-08-18T23:28:01","isFullCredit":false},{"lineNumber":22,"author":{"gitId":"louist3ng"},"content":"    }","lastModifiedDate":"2025-08-18T21:52:05","isFullCredit":false},{"lineNumber":23,"author":{"gitId":"louist3ng"},"content":"","lastModifiedDate":"2025-08-18T21:52:05","isFullCredit":false},{"lineNumber":24,"author":{"gitId":"louist3ng"},"content":"}","lastModifiedDate":"2025-08-18T21:52:05","isFullCredit":false}],"authorContributionMap":{"louist3ng":24}},{"path":"src/main/java/Todo.java","fileType":"java","lines":[{"lineNumber":1,"author":{"gitId":"louist3ng"},"content":"public class Todo extends Task {","lastModifiedDate":"2025-08-18T23:28:01","isFullCredit":false},{"lineNumber":2,"author":{"gitId":"louist3ng"},"content":"","lastModifiedDate":"2025-08-18T23:28:01","isFullCredit":false},{"lineNumber":3,"author":{"gitId":"louist3ng"},"content":"    public Todo(String description) {","lastModifiedDate":"2025-08-18T23:28:01","isFullCredit":false},{"lineNumber":4,"author":{"gitId":"louist3ng"},"content":"        super(description);","lastModifiedDate":"2025-08-18T23:28:01","isFullCredit":false},{"lineNumber":5,"author":{"gitId":"louist3ng"},"content":"    }","lastModifiedDate":"2025-08-18T23:28:01","isFullCredit":false},{"lineNumber":6,"author":{"gitId":"louist3ng"},"content":"","lastModifiedDate":"2025-08-18T23:28:01","isFullCredit":false},{"lineNumber":7,"author":{"gitId":"louist3ng"},"content":"    @Override","lastModifiedDate":"2025-08-18T23:28:01","isFullCredit":false},{"lineNumber":8,"author":{"gitId":"louist3ng"},"content":"    public String getDescription() {","lastModifiedDate":"2025-08-18T23:28:01","isFullCredit":false},{"lineNumber":9,"author":{"gitId":"louist3ng"},"content":"         return (isDone ? \"[T][X] \" : \"[T][ ] \") + description;","lastModifiedDate":"2025-08-18T23:28:01","isFullCredit":false},{"lineNumber":10,"author":{"gitId":"louist3ng"},"content":"    }","lastModifiedDate":"2025-08-18T23:28:01","isFullCredit":false},{"lineNumber":11,"author":{"gitId":"louist3ng"},"content":"","lastModifiedDate":"2025-08-18T23:28:01","isFullCredit":false},{"lineNumber":12,"author":{"gitId":"louist3ng"},"content":"   ","lastModifiedDate":"2025-08-18T23:28:01","isFullCredit":false},{"lineNumber":13,"author":{"gitId":"louist3ng"},"content":"}","lastModifiedDate":"2025-08-18T23:28:01","isFullCredit":false}],"authorContributionMap":{"louist3ng":13}},{"path":"text-ui-test/input.txt","fileType":"txt","lines":[{"lineNumber":1,"author":{"gitId":"louist3ng"},"content":"todo borrow book","lastModifiedDate":"2025-08-21T02:25:39","isFullCredit":false},{"lineNumber":2,"author":{"gitId":"louist3ng"},"content":"deadline return book /by Sunday","lastModifiedDate":"2025-08-21T02:25:39","isFullCredit":false},{"lineNumber":3,"author":{"gitId":"louist3ng"},"content":"event project meeting /from Mon 2pm /to 4pm","lastModifiedDate":"2025-08-21T02:25:39","isFullCredit":false},{"lineNumber":4,"author":{"gitId":"louist3ng"},"content":"mark 2","lastModifiedDate":"2025-08-21T02:25:39","isFullCredit":false},{"lineNumber":5,"author":{"gitId":"louist3ng"},"content":"delete 3","lastModifiedDate":"2025-08-21T02:25:39","isFullCredit":false},{"lineNumber":6,"author":{"gitId":"louist3ng"},"content":"list","lastModifiedDate":"2025-08-21T02:25:39","isFullCredit":false},{"lineNumber":7,"author":{"gitId":"louist3ng"},"content":"delete 99","lastModifiedDate":"2025-08-21T02:25:39","isFullCredit":false},{"lineNumber":8,"author":{"gitId":"louist3ng"},"content":"bye","lastModifiedDate":"2025-08-21T02:25:39","isFullCredit":false}],"authorContributionMap":{"louist3ng":8}},{"path":"text-ui-test/runtest.bat","fileType":"bat","lines":[{"lineNumber":1,"author":{"gitId":"-"},"content":"@ECHO OFF","lastModifiedDate":"2020-05-25T00:03:55","isFullCredit":false},{"lineNumber":2,"author":{"gitId":"-"},"content":"","lastModifiedDate":"2020-05-25T00:03:55","isFullCredit":false},{"lineNumber":3,"author":{"gitId":"-"},"content":"REM create bin directory if it doesn\u0027t exist","lastModifiedDate":"2020-05-25T00:03:55","isFullCredit":false},{"lineNumber":4,"author":{"gitId":"-"},"content":"if not exist ..\\bin mkdir ..\\bin","lastModifiedDate":"2020-05-25T00:03:55","isFullCredit":false},{"lineNumber":5,"author":{"gitId":"-"},"content":"","lastModifiedDate":"2020-05-25T00:03:55","isFullCredit":false},{"lineNumber":6,"author":{"gitId":"-"},"content":"REM delete output from previous run","lastModifiedDate":"2020-05-25T00:03:55","isFullCredit":false},{"lineNumber":7,"author":{"gitId":"-"},"content":"if exist ACTUAL.TXT del ACTUAL.TXT","lastModifiedDate":"2020-08-25T17:23:26","isFullCredit":false},{"lineNumber":8,"author":{"gitId":"-"},"content":"","lastModifiedDate":"2020-05-25T00:03:55","isFullCredit":false},{"lineNumber":9,"author":{"gitId":"-"},"content":"REM compile the code into the bin folder","lastModifiedDate":"2020-05-25T00:03:55","isFullCredit":false},{"lineNumber":10,"author":{"gitId":"-"},"content":"javac  -cp ..\\src\\main\\java -Xlint:none -d ..\\bin ..\\src\\main\\java\\*.java","lastModifiedDate":"2020-08-25T17:23:26","isFullCredit":false},{"lineNumber":11,"author":{"gitId":"-"},"content":"IF ERRORLEVEL 1 (","lastModifiedDate":"2020-05-25T00:03:55","isFullCredit":false},{"lineNumber":12,"author":{"gitId":"-"},"content":"    echo ********** BUILD FAILURE **********","lastModifiedDate":"2020-05-25T00:03:55","isFullCredit":false},{"lineNumber":13,"author":{"gitId":"-"},"content":"    exit /b 1","lastModifiedDate":"2020-05-25T00:03:55","isFullCredit":false},{"lineNumber":14,"author":{"gitId":"-"},"content":")","lastModifiedDate":"2020-05-25T00:03:55","isFullCredit":false},{"lineNumber":15,"author":{"gitId":"-"},"content":"REM no error here, errorlevel \u003d\u003d 0","lastModifiedDate":"2020-05-25T00:03:55","isFullCredit":false},{"lineNumber":16,"author":{"gitId":"-"},"content":"","lastModifiedDate":"2020-05-25T00:03:55","isFullCredit":false},{"lineNumber":17,"author":{"gitId":"-"},"content":"REM run the program, feed commands from input.txt file and redirect the output to the ACTUAL.TXT","lastModifiedDate":"2020-05-25T00:03:55","isFullCredit":false},{"lineNumber":18,"author":{"gitId":"louist3ng"},"content":"java -classpath ..\\bin Jason \u003c input.txt \u003e ACTUAL.TXT","lastModifiedDate":"2025-08-21T02:25:39","isFullCredit":false},{"lineNumber":19,"author":{"gitId":"-"},"content":"","lastModifiedDate":"2020-05-25T00:03:55","isFullCredit":false},{"lineNumber":20,"author":{"gitId":"-"},"content":"REM compare the output to the expected output","lastModifiedDate":"2020-05-25T00:03:55","isFullCredit":false},{"lineNumber":21,"author":{"gitId":"-"},"content":"FC ACTUAL.TXT EXPECTED.TXT","lastModifiedDate":"2020-05-25T00:03:55","isFullCredit":false}],"authorContributionMap":{"louist3ng":1,"-":20}},{"path":"text-ui-test/runtest.sh","fileType":"sh","lines":[{"lineNumber":1,"author":{"gitId":"-"},"content":"#!/usr/bin/env bash","lastModifiedDate":"2020-05-25T00:03:55","isFullCredit":false},{"lineNumber":2,"author":{"gitId":"-"},"content":"","lastModifiedDate":"2020-05-25T00:03:55","isFullCredit":false},{"lineNumber":3,"author":{"gitId":"-"},"content":"# create bin directory if it doesn\u0027t exist","lastModifiedDate":"2020-05-25T00:03:55","isFullCredit":false},{"lineNumber":4,"author":{"gitId":"-"},"content":"if [ ! -d \"../bin\" ]","lastModifiedDate":"2020-05-25T00:03:55","isFullCredit":false},{"lineNumber":5,"author":{"gitId":"-"},"content":"then","lastModifiedDate":"2020-05-25T00:03:55","isFullCredit":false},{"lineNumber":6,"author":{"gitId":"-"},"content":"    mkdir ../bin","lastModifiedDate":"2020-05-25T00:03:55","isFullCredit":false},{"lineNumber":7,"author":{"gitId":"-"},"content":"fi","lastModifiedDate":"2020-05-25T00:03:55","isFullCredit":false},{"lineNumber":8,"author":{"gitId":"-"},"content":"","lastModifiedDate":"2020-05-25T00:03:55","isFullCredit":false},{"lineNumber":9,"author":{"gitId":"-"},"content":"# delete output from previous run","lastModifiedDate":"2020-05-25T00:03:55","isFullCredit":false},{"lineNumber":10,"author":{"gitId":"-"},"content":"if [ -e \"./ACTUAL.TXT\" ]","lastModifiedDate":"2020-05-25T00:03:55","isFullCredit":false},{"lineNumber":11,"author":{"gitId":"-"},"content":"then","lastModifiedDate":"2020-05-25T00:03:55","isFullCredit":false},{"lineNumber":12,"author":{"gitId":"-"},"content":"    rm ACTUAL.TXT","lastModifiedDate":"2020-05-25T00:03:55","isFullCredit":false},{"lineNumber":13,"author":{"gitId":"-"},"content":"fi","lastModifiedDate":"2020-05-25T00:03:55","isFullCredit":false},{"lineNumber":14,"author":{"gitId":"-"},"content":"","lastModifiedDate":"2020-05-25T00:03:55","isFullCredit":false},{"lineNumber":15,"author":{"gitId":"-"},"content":"# compile the code into the bin folder, terminates if error occurred","lastModifiedDate":"2020-05-25T00:03:55","isFullCredit":false},{"lineNumber":16,"author":{"gitId":"-"},"content":"if ! javac -cp ../src/main/java -Xlint:none -d ../bin ../src/main/java/*.java","lastModifiedDate":"2020-08-25T17:23:26","isFullCredit":false},{"lineNumber":17,"author":{"gitId":"-"},"content":"then","lastModifiedDate":"2020-05-25T00:03:55","isFullCredit":false},{"lineNumber":18,"author":{"gitId":"-"},"content":"    echo \"********** BUILD FAILURE **********\"","lastModifiedDate":"2020-05-25T00:03:55","isFullCredit":false},{"lineNumber":19,"author":{"gitId":"-"},"content":"    exit 1","lastModifiedDate":"2020-05-25T00:03:55","isFullCredit":false},{"lineNumber":20,"author":{"gitId":"-"},"content":"fi","lastModifiedDate":"2020-05-25T00:03:55","isFullCredit":false},{"lineNumber":21,"author":{"gitId":"-"},"content":"","lastModifiedDate":"2020-05-25T00:03:55","isFullCredit":false},{"lineNumber":22,"author":{"gitId":"-"},"content":"# run the program, feed commands from input.txt file and redirect the output to the ACTUAL.TXT","lastModifiedDate":"2020-05-25T00:03:55","isFullCredit":false},{"lineNumber":23,"author":{"gitId":"louist3ng"},"content":"java -classpath ../bin Jason \u003c input.txt \u003e ACTUAL.TXT","lastModifiedDate":"2025-08-21T02:25:39","isFullCredit":false},{"lineNumber":24,"author":{"gitId":"-"},"content":"","lastModifiedDate":"2020-05-25T00:03:55","isFullCredit":false},{"lineNumber":25,"author":{"gitId":"-"},"content":"# convert to UNIX format","lastModifiedDate":"2020-05-25T00:03:55","isFullCredit":false},{"lineNumber":26,"author":{"gitId":"-"},"content":"cp EXPECTED.TXT EXPECTED-UNIX.TXT","lastModifiedDate":"2020-05-25T00:03:55","isFullCredit":false},{"lineNumber":27,"author":{"gitId":"louist3ng"},"content":"# dos2unix ACTUAL.TXT EXPECTED-UNIX.TXT","lastModifiedDate":"2025-08-21T02:25:39","isFullCredit":false},{"lineNumber":28,"author":{"gitId":"louist3ng"},"content":"# normalize line endings (remove Windows carriage returns)","lastModifiedDate":"2025-08-21T02:25:39","isFullCredit":false},{"lineNumber":29,"author":{"gitId":"louist3ng"},"content":"sed -i \u0027s/\\r$//\u0027 ACTUAL.TXT","lastModifiedDate":"2025-08-21T02:25:39","isFullCredit":false},{"lineNumber":30,"author":{"gitId":"louist3ng"},"content":"sed -i \u0027s/\\r$//\u0027 EXPECTED.TXT","lastModifiedDate":"2025-08-21T02:25:39","isFullCredit":false},{"lineNumber":31,"author":{"gitId":"louist3ng"},"content":"","lastModifiedDate":"2025-08-21T02:25:39","isFullCredit":false},{"lineNumber":32,"author":{"gitId":"-"},"content":"","lastModifiedDate":"2020-05-25T00:03:55","isFullCredit":false},{"lineNumber":33,"author":{"gitId":"-"},"content":"# compare the output to the expected output","lastModifiedDate":"2020-05-25T00:03:55","isFullCredit":false},{"lineNumber":34,"author":{"gitId":"-"},"content":"diff ACTUAL.TXT EXPECTED-UNIX.TXT","lastModifiedDate":"2020-05-25T00:03:55","isFullCredit":false},{"lineNumber":35,"author":{"gitId":"-"},"content":"if [ $? -eq 0 ]","lastModifiedDate":"2020-05-25T00:03:55","isFullCredit":false},{"lineNumber":36,"author":{"gitId":"-"},"content":"then","lastModifiedDate":"2020-05-25T00:03:55","isFullCredit":false},{"lineNumber":37,"author":{"gitId":"-"},"content":"    echo \"Test result: PASSED\"","lastModifiedDate":"2020-05-25T00:03:55","isFullCredit":false},{"lineNumber":38,"author":{"gitId":"-"},"content":"    exit 0","lastModifiedDate":"2020-05-25T00:03:55","isFullCredit":false},{"lineNumber":39,"author":{"gitId":"-"},"content":"else","lastModifiedDate":"2020-05-25T00:03:55","isFullCredit":false},{"lineNumber":40,"author":{"gitId":"-"},"content":"    echo \"Test result: FAILED\"","lastModifiedDate":"2020-05-25T00:03:55","isFullCredit":false},{"lineNumber":41,"author":{"gitId":"-"},"content":"    exit 1","lastModifiedDate":"2020-05-25T00:03:55","isFullCredit":false},{"lineNumber":42,"author":{"gitId":"-"},"content":"fi","lastModifiedDate":"2020-05-25T00:03:55","isFullCredit":false}],"authorContributionMap":{"louist3ng":6,"-":36}}]
