{"authorDailyContributionsMap":{"TeeJinSeng":[{"date":"2025-08-25T00:00:00","commitResults":[{"hash":"56d183f968b394235119e989a8aa74ec22627d2b","isMergeCommit":false,"messageTitle":"ApunableBot.java: Rename the chatbot, send greet message and exit","messageBody":"","fileTypesAndContributionMap":{"java":{"insertions":37,"deletions":10}}},{"hash":"1820d627995e8247a0447cd62744b4cf3974a1ff","isMergeCommit":false,"messageTitle":"ApunableBot.java: Echo message from user, exit after receiving bye","messageBody":"","tags":["Level-1"],"fileTypesAndContributionMap":{"java":{"insertions":19,"deletions":14}}},{"hash":"be75bc320429d836cf369e08de8840d8ad31b7fc","isMergeCommit":false,"messageTitle":"ApunableBot.java: Store user inputs as list and display them when requested","messageBody":"","tags":["Level-2"],"fileTypesAndContributionMap":{"java":{"insertions":20,"deletions":13}}},{"hash":"4d67b0bcad38e7fbef7a34cf108070ad19b09bf0","isMergeCommit":false,"messageTitle":"src\\main\\java: Add ability to mark and unmark tasks","messageBody":"","tags":["Level-3"],"fileTypesAndContributionMap":{"java":{"insertions":82,"deletions":21}}},{"hash":"5fa04b647d98fe206656d8216c14a8e61eecd866","isMergeCommit":false,"messageTitle":"src\\main\\java: Add support for tracking three types of tasks","messageBody":"Those tasks are:\n- Todos\n- Deadlines\n- Events\n","tags":["Level-4"],"fileTypesAndContributionMap":{"java":{"insertions":66,"deletions":4}}}]},{"date":"2025-08-26T00:00:00","commitResults":[{"hash":"f26a9e4ce7b9ca996506c547eaa04d6de0f1ec1f","isMergeCommit":false,"messageTitle":"ApunableBot.java: Handle incorrect inputs entered by the user","messageBody":"","tags":["Level-5"],"fileTypesAndContributionMap":{"java":{"insertions":101,"deletions":11}}},{"hash":"fe0ebbe00db8972af9a5649fb447b12301cfc2a2","isMergeCommit":false,"messageTitle":"ApunableBot.java: Add delete feature and modularize the code","messageBody":"User can input \"delete \u003cindex\u003e\" to delete the task.\n\nThe switch in main function is too long, make it difficult to add new\nfeatures, need to abstract away some part of it.\n\nAdd helper functions to abstract away the essential part of switch, can\nshorten the code and make it easier to maintain.\n","tags":["Level-6"],"fileTypesAndContributionMap":{"java":{"insertions":126,"deletions":113}}}]},{"date":"2025-09-05T00:00:00","commitResults":[{"hash":"2453bca6cb4302971b7c5ab11d1442b75b5bbda2","isMergeCommit":false,"messageTitle":"src/main/java: Enable saving tasklist into file after exit","messageBody":"","tags":["Level-7"],"fileTypesAndContributionMap":{"java":{"insertions":119,"deletions":6}}}]},{"date":"2025-09-07T00:00:00","commitResults":[{"hash":"c4a77c20d48605d817f7b74f61920efc8d7f9aff","isMergeCommit":false,"messageTitle":"src\\main\\java: Reorganize into classes/objects for clearer workflow","messageBody":"The code is reorganized for clearer workflow, easier for future\ndevelopment and for others to understand the code.\n\nThe code is split into:\n1. `utils` folder\n- `DataSaver`: load and save tasklist from and to hardisk\n- `InputProcessor`: handle user input and turn into standard format\n- `CommandHandler`: handle various commands(list, mark, unmark etc.)\n\n1. `tasks` folder\n- store different type of tasks(`todo`, `event`, `deadline`)\n\n1. `types` folder\n- important types that will be used frequently, such as\n  - `CommandEnum`: enum that store types of available commands\n  - `FormattedInput`: datatype that user input will be refactored into\n","fileTypesAndContributionMap":{"java":{"insertions":402,"deletions":199}}},{"hash":"df916e13e33b0f9f9b278efe4064f8611ed661d6","isMergeCommit":true,"messageTitle":"Merge branch \u0027branch-Level-7\u0027","messageBody":"","fileTypesAndContributionMap":{}}]},{"date":"2025-09-08T00:00:00","commitResults":[{"hash":"849ae562c33251235e21698fad9e31fc77620cb4","isMergeCommit":false,"messageTitle":"Add date time support(for Event and Deadline) and check-occur command","messageBody":"With this support, the code can has more flexibility and do more things\nwith the times stored in tasks(e.g. find out tasks that occur at certain\ntime).\n\nLet\u0027s change the datatype of date-related attributes into LocalDateTime,\nand parse the user input into date time for every task creation, and\noutput it in certain format. Also add one more command to check which\ntasks are occuring at some time.\n","fileTypesAndContributionMap":{"java":{"insertions":157,"deletions":23}}},{"hash":"b20eab54a6c3269477592dc1f448cda89503b98f","isMergeCommit":true,"messageTitle":"Merge branch \u0027branch-Level-8\u0027","messageBody":"","tags":["Level-8"],"fileTypesAndContributionMap":{}}]}]},"authorFileTypeContributionMap":{"TeeJinSeng":{"java":725,"md":0,"fxml":0,"sh":0,"bat":0,"gradle":0,"txt":0}},"authorContributionVariance":{"TeeJinSeng":16869.42},"authorDisplayNameMap":{"TeeJinSeng":"CS2103-F12-4 TEE ..SENG"}}
