{"authorDailyContributionsMap":{"rahulmllvrp":[{"date":"2025-08-21T00:00:00","commitResults":[{"hash":"aa04a062921b211f49a777baa8e8eaf85fe94066","isMergeCommit":false,"messageTitle":"Sage can greet and upon exiting interact with user; Level 0 completed","messageBody":"","tags":["level-0"],"fileTypesAndContributionMap":{"java":{"insertions":27,"deletions":10}}},{"hash":"30f3987c0c039759f33fc527ea592bfe426505d5","isMergeCommit":false,"messageTitle":"Sage has convo with user in a simon says fashion","messageBody":"","tags":["level-1"],"fileTypesAndContributionMap":{"java":{"insertions":31,"deletions":4}}},{"hash":"25d42361640007d9102ad21dfaf0cc7bea4768e3","isMergeCommit":false,"messageTitle":"Added, List also work with the chatbot now","messageBody":"","tags":["level-2"],"fileTypesAndContributionMap":{"java":{"insertions":34,"deletions":14}}},{"hash":"751539641e5192b9005f80c6a7586cb0e41b6ace","isMergeCommit":false,"messageTitle":"Mark tasks as done and clean up of the code","messageBody":"","tags":["level-3"],"fileTypesAndContributionMap":{"java":{"insertions":84,"deletions":17}}},{"hash":"7efdad75ff5876f0b70547b4a4f60279243c6782","isMergeCommit":false,"messageTitle":"ToDo, Event, Deadline","messageBody":"","tags":["level-4"],"fileTypesAndContributionMap":{"java":{"insertions":74,"deletions":13}}},{"hash":"ce3727afb2c3b70759e16d45a782e967626e5f72","isMergeCommit":false,"messageTitle":"A-TextUiTesting","messageBody":"","tags":["A-TextUiTesting"],"fileTypesAndContributionMap":{"txt":{"insertions":10,"deletions":0},"java":{"insertions":1,"deletions":0},"sh":{"insertions":2,"deletions":5}}},{"hash":"a7114473a6ad9d1cd41b60f0e83b8a6759c4138a","isMergeCommit":false,"messageTitle":"Handle Errors","messageBody":"","tags":["level-5"],"fileTypesAndContributionMap":{"java":{"insertions":106,"deletions":75}}},{"hash":"417d4eaedc1404558792fe27ecda045d06b4de30","isMergeCommit":false,"messageTitle":"delete","messageBody":"","tags":["level-6"],"fileTypesAndContributionMap":{"java":{"insertions":38,"deletions":22}}},{"hash":"a4951c238ecb1f413a3f72244a207e032002d17e","isMergeCommit":false,"messageTitle":"enums","messageBody":"","tags":["A-Enums"],"fileTypesAndContributionMap":{"java":{"insertions":44,"deletions":10}}}]},{"date":"2025-08-30T00:00:00","commitResults":[{"hash":"08a235cb9e7b51fcdc91d34816a61d81919bf1bd","isMergeCommit":false,"messageTitle":"Save","messageBody":"","fileTypesAndContributionMap":{"txt":{"insertions":3,"deletions":0},"java":{"insertions":128,"deletions":32}}},{"hash":"fbe27ae75dfebc2139dcb0b98d07c876fa3e762d","isMergeCommit":true,"messageTitle":"Merge pull request #1 from rahulmllvrp/branch-Level-7","messageBody":"Save","tags":["level-7"],"fileTypesAndContributionMap":{}},{"hash":"f25e62648a06172176487bb69ea0f9349602ed83","isMergeCommit":false,"messageTitle":"dates and times","messageBody":"","fileTypesAndContributionMap":{"txt":{"insertions":2,"deletions":2},"java":{"insertions":38,"deletions":16}}},{"hash":"cf244afb4a9be6525bc92b7b0bfc0bc44e0b26ff","isMergeCommit":true,"messageTitle":"Merge pull request #2 from rahulmllvrp/branch-Level-8","messageBody":"dates and times","tags":["level-8"],"fileTypesAndContributionMap":{}},{"hash":"4ed7ed806c9a36d60763ad1f5e8200d79a3944de","isMergeCommit":false,"messageTitle":"A-MoreOOP","messageBody":"","tags":["A-MoreOOP"],"fileTypesAndContributionMap":{"java":{"insertions":318,"deletions":212}}}]},{"date":"2025-08-31T00:00:00","commitResults":[{"hash":"4af858b631544caa78c3ce3ffe3b9736d0c4cdcf","isMergeCommit":false,"messageTitle":"add into packages","messageBody":"","tags":["A-Packages"],"fileTypesAndContributionMap":{"java":{"insertions":105,"deletions":0}}},{"hash":"00b292c5a931bc879ecc7765cdfe13f155dd8579","isMergeCommit":true,"messageTitle":"Merge branch \u0027add-gradle-support\u0027 of https://github.com/nus-cs2103-AY2526S1/ip","messageBody":"","fileTypesAndContributionMap":{}},{"hash":"beeb1886113106f570619a4254feb13852c470bd","isMergeCommit":false,"messageTitle":" use gradle","messageBody":"","tags":["A-Gradle"],"fileTypesAndContributionMap":{"gradle":{"insertions":2,"deletions":23},"java":{"insertions":1,"deletions":1}}},{"hash":"da07b3db54916123b910b6aa84459ec433db3534","isMergeCommit":false,"messageTitle":"added tests","messageBody":"","tags":["A-JUnit"],"fileTypesAndContributionMap":{"gradle":{"insertions":16,"deletions":1}}},{"hash":"96ba02da76be3d160552f1834c6c35995641b7a3","isMergeCommit":false,"messageTitle":"Create a JAR File","messageBody":"","tags":["A-Jar"],"fileTypesAndContributionMap":{"gradle":{"insertions":6,"deletions":0}}},{"hash":"33be5f36ea464d0466a49677efd20ed79a12fddb","isMergeCommit":false,"messageTitle":"added doccumentation","messageBody":"","tags":["A-JavaDoc"],"fileTypesAndContributionMap":{"java":{"insertions":417,"deletions":22}}},{"hash":"a0b363a7f3dd009def8fe7d9b2dab16be5162519","isMergeCommit":false,"messageTitle":"find","messageBody":"","tags":["Level-9"],"fileTypesAndContributionMap":{"java":{"insertions":61,"deletions":0}}},{"hash":"8e146fb724f222cfe3d8dd904c81626247dec3ec","isMergeCommit":true,"messageTitle":"Merge pull request #3 from rahulmllvrp/branch-A-JavaDoc","messageBody":"added doccumentation","fileTypesAndContributionMap":{}},{"hash":"a6efa15bf139d02e088274275ce98d0c55cdca88","isMergeCommit":true,"messageTitle":"Merge pull request #4 from rahulmllvrp/branch-A-CodingStandard","messageBody":"coding standards","fileTypesAndContributionMap":{}},{"hash":"cba6f6772de4ee469f1f74d007fa1f9af53a64dc","isMergeCommit":true,"messageTitle":"Merge branch \u0027master\u0027 into branch-Level-9","messageBody":"","fileTypesAndContributionMap":{}},{"hash":"af786d6781635a63a2cfd7b6543134ffafce5777","isMergeCommit":true,"messageTitle":"Merge pull request #5 from rahulmllvrp/branch-Level-9","messageBody":"find","fileTypesAndContributionMap":{}}]},{"date":"2025-09-11T00:00:00","commitResults":[{"hash":"ddff13957ec1e0cc914a00cf08d5c7a48ef8094b","isMergeCommit":false,"messageTitle":"Covert into GUI","messageBody":"","tags":["Level-10"],"fileTypesAndContributionMap":{"gradle":{"insertions":7,"deletions":1},"txt":{"insertions":3,"deletions":1},"fxml":{"insertions":38,"deletions":0},"java":{"insertions":341,"deletions":145}}},{"hash":"9152c96bc4282e1c2e84e5d866a26db2c054035a","isMergeCommit":false,"messageTitle":"Use assert feature (not JUnit assertions) to document important assumptions that should hold at various points in the code.","messageBody":"This is to allow the code to function/look better\n","fileTypesAndContributionMap":{"java":{"insertions":18,"deletions":1}}},{"hash":"1c59da9563f0c854c7fa6f18fe9587cd2ff6ed1d","isMergeCommit":false,"messageTitle":"Refactor code to enhance code quality","messageBody":" I\u0027ve refactored Parser.java, Ui.java, and main/Sage.java by using constants, extracting common logic, centralizing messages, and renaming methods\n  for improved code quality. I\u0027m done.I have completed the refactoring of the code. I have improved the code quality by:\n   - Using constants for magic strings, improving readability and maintainability.\n   - Extracting common validation logic into helper methods, reducing code duplication.\n   - Centralizing error messages and UI messages, making them easier to manage.\n   - Renaming methods for better clarity and conciseness.\n","fileTypesAndContributionMap":{"java":{"insertions":166,"deletions":26}}},{"hash":"24d0a198c3cf8780ee337e5e5688b0fff4606035","isMergeCommit":false,"messageTitle":"A-CodeQuality","messageBody":"","fileTypesAndContributionMap":{"java":{"insertions":6,"deletions":3}}},{"hash":"50f5e0004dc82120f7da860c7e50e27ceda76927","isMergeCommit":false,"messageTitle":"add streams","messageBody":"","fileTypesAndContributionMap":{"java":{"insertions":10,"deletions":8}}},{"hash":"e89ce888c4734cb04f749975fff4b43c5c343c93","isMergeCommit":true,"messageTitle":"Merge pull request #6 from rahulmllvrp/branch-A-Assertions","messageBody":"Use assert feature (not JUnit assertions) to document important assum…","fileTypesAndContributionMap":{}},{"hash":"6b21b6eed20eab65000bc1d829033b9d40457164","isMergeCommit":true,"messageTitle":"Merge branch \u0027master\u0027 into branch-A-CodeQuality","messageBody":"","fileTypesAndContributionMap":{}},{"hash":"b9f3ff9bf2f9edb0b93f6f59a28679904e196b43","isMergeCommit":true,"messageTitle":"Merge pull request #7 from rahulmllvrp/branch-A-CodeQuality","messageBody":"Branch a code quality","fileTypesAndContributionMap":{}},{"hash":"ffaa1004ef15378f7a3025b7d1433feddde4d92a","isMergeCommit":true,"messageTitle":"Merge branch \u0027master\u0027 into branch-A-Streams","messageBody":"","fileTypesAndContributionMap":{}},{"hash":"fc646570e186f2681bc230082a5f71f2fc6b1c28","isMergeCommit":true,"messageTitle":"Merge pull request #8 from rahulmllvrp/branch-A-Streams","messageBody":"add streams","fileTypesAndContributionMap":{}},{"hash":"8a67df0c54fdc43ee280275472b59d7e15068750","isMergeCommit":false,"messageTitle":"Add Reminders","messageBody":"","tags":["BCD-Extension"],"fileTypesAndContributionMap":{"java":{"insertions":37,"deletions":0}}}]}]},"authorFileTypeContributionMap":{"rahulmllvrp":{"java":1470,"md":0,"fxml":38,"sh":2,"bat":0,"gradle":29,"txt":15}},"authorContributionVariance":{"rahulmllvrp":51607.62},"authorDisplayNameMap":{"rahulmllvrp":"CS2103T-T12-4 RAHU..RAPU"}}
