{"authorDailyContributionsMap":{"udonzzz":[{"date":"2025-08-16T00:00:00","commitResults":[{"hash":"4595954b52c89f1d44f2435b7e03db081ed3e296","isMergeCommit":false,"messageTitle":"Rename class and add exit statement","messageBody":"","tags":["Level-0"],"fileTypesAndContributionMap":{"java":{"insertions":16,"deletions":10}}}]},{"date":"2025-08-17T00:00:00","commitResults":[{"hash":"b22da3d264aa546c974da9f160509bfd82d567de","isMergeCommit":false,"messageTitle":"Add echo functionality","messageBody":"","tags":["Level-1"],"fileTypesAndContributionMap":{"java":{"insertions":17,"deletions":2}}},{"hash":"0fb57991f423b3bc9bec5d7ea3d3de8e8e55d49a","isMergeCommit":false,"messageTitle":"Add TaskList.java","messageBody":"New class created to manage the list of tasks.\n\nFunctions include addTask(), as well as overriding toString().\n","fileTypesAndContributionMap":{"java":{"insertions":22,"deletions":0}}},{"hash":"7e9a1681d7fda5cdb020fd9eb57589ce18d8b217","isMergeCommit":false,"messageTitle":"Modify Panda.java","messageBody":"Modified such that tasks received are passed to TaskList Object to\nhandle.\n","fileTypesAndContributionMap":{"java":{"insertions":12,"deletions":1}}},{"hash":"8163425b4b2f7eab576c302414422c201f410f9f","isMergeCommit":false,"messageTitle":"Fix Typo in TaskList.java","messageBody":"","tags":["Level-2"],"fileTypesAndContributionMap":{"java":{"insertions":2,"deletions":2}}},{"hash":"9ca6ce617d345bfb3680fcefe540f635e9de51d7","isMergeCommit":false,"messageTitle":"Add Task.class","messageBody":"The Task class encapsulates the details regarding tasks, which includes\nit\u0027s description and status.\n","fileTypesAndContributionMap":{"java":{"insertions":22,"deletions":0}}},{"hash":"0c557f9ab333b0211e7d9bdd52af7666c87bd039","isMergeCommit":false,"messageTitle":"Modify TaskList.java","messageBody":"Modify TaskList Class to hold Task Objects instead of Strings.\n","fileTypesAndContributionMap":{"java":{"insertions":5,"deletions":5}}},{"hash":"132d37aa21bd8de37877e5fb507cf8c0becd0ec6","isMergeCommit":false,"messageTitle":"Modify Panda.java","messageBody":"Modify Panda Class so that reply Method takes generic input instead, so\nthat it can take String, as well as Objects of TaskList Class and Task\nClass as well.\n\nTo account for more actions from command line, switch will be used\ninstead of else-if.\n\nCertain Methods in Panda.java are not defined yet, and TaskList class\nwill be modified afterwards to define those Methods to be used.\n","fileTypesAndContributionMap":{"java":{"insertions":24,"deletions":16}}},{"hash":"0473b624e346bd967d61bc9bdb36ea5a012972a1","isMergeCommit":false,"messageTitle":"Modify TaskList.java","messageBody":"","fileTypesAndContributionMap":{"java":{"insertions":12,"deletions":0}}},{"hash":"210aaefc640af973583d889c96be38832934d8f1","isMergeCommit":false,"messageTitle":"Task.java: Modify changeStatus method","messageBody":"","fileTypesAndContributionMap":{"java":{"insertions":4,"deletions":4}}},{"hash":"d69acb43876f45bfaf571ac44256ca9fe8a0f500","isMergeCommit":false,"messageTitle":"Fix bugs in Panda.java","messageBody":"","fileTypesAndContributionMap":{"java":{"insertions":6,"deletions":6}}},{"hash":"569ddc669a7bf59e09e450dd0b65f86aa076030a","isMergeCommit":false,"messageTitle":"Remove whitespace in output","messageBody":"","fileTypesAndContributionMap":{"java":{"insertions":1,"deletions":1}}},{"hash":"7ca04b9b2f6c2fa3eb549232585ba9e962709708","isMergeCommit":false,"messageTitle":"Fix bug in Panda.java","messageBody":"Correct the use of switch, and fix bug which prevent program from\nending, due to only breaking inner loop.\n","tags":["Level-3"],"fileTypesAndContributionMap":{"java":{"insertions":5,"deletions":4}}}]},{"date":"2025-08-18T00:00:00","commitResults":[{"hash":"e90b5dd4d56d21977ff86036ed7f35a7c37b4e04","isMergeCommit":false,"messageTitle":"Add ToDo.java","messageBody":"","fileTypesAndContributionMap":{"java":{"insertions":13,"deletions":0}}},{"hash":"8e4d77f7db3e650a6b21bf283541e597431889ec","isMergeCommit":false,"messageTitle":"Edit typo in ToDo.java","messageBody":"","fileTypesAndContributionMap":{"java":{"insertions":1,"deletions":1}}},{"hash":"fd00c2477f88cf4d33728be8846fa1f44575e912","isMergeCommit":false,"messageTitle":"Add Deadline.java","messageBody":"","fileTypesAndContributionMap":{"java":{"insertions":15,"deletions":0}}},{"hash":"902e7497808283f113061a5da3cf9892feabe723","isMergeCommit":false,"messageTitle":"Add Event.java","messageBody":"","fileTypesAndContributionMap":{"java":{"insertions":17,"deletions":0}}},{"hash":"c4efc3cec6705eea8b9a0808cba4a118d87594f6","isMergeCommit":false,"messageTitle":"Modify subclasses of Task.java","messageBody":"Modify subclasses to utilise toString() of Task Class.\n","fileTypesAndContributionMap":{"java":{"insertions":4,"deletions":4}}},{"hash":"8347e81fa13e6c5bb2836f8404397685c9c1ae78","isMergeCommit":false,"messageTitle":"Modify Panda.java","messageBody":"Modify for specific scenarios regarding todo, deadline and event.\n","fileTypesAndContributionMap":{"java":{"insertions":19,"deletions":3}}},{"hash":"400deac29b414aca1be8690ddfb6d418d82ed1cb","isMergeCommit":false,"messageTitle":"Modify TaskList.java","messageBody":"Change addTask argument type from String to Task.\n\nAdd size() method.\n","fileTypesAndContributionMap":{"java":{"insertions":6,"deletions":2}}},{"hash":"e3d60fe5b71599238e6b92ab6b4ccd2f970b98ec","isMergeCommit":false,"messageTitle":"Fix bug in Panda.java","messageBody":"","fileTypesAndContributionMap":{"java":{"insertions":6,"deletions":4}}},{"hash":"473f532d1f35dddd1877cbc01091cd96f2cf3b4d","isMergeCommit":false,"messageTitle":"Fix typos","messageBody":"","tags":["Level-4"],"fileTypesAndContributionMap":{"java":{"insertions":3,"deletions":3}}},{"hash":"26cbce354e9552bcb505edbeab406b5e43705dd1","isMergeCommit":false,"messageTitle":"Modify Panda.java and TaskList.java","messageBody":"Change the output of Panda.\n\nAdd check for TaskList toString() to not have \"\\n\" for last Task.\n","fileTypesAndContributionMap":{"java":{"insertions":7,"deletions":12}}},{"hash":"6af27764f274dca5a3f535d89fa5064fba252493","isMergeCommit":false,"messageTitle":"Stop tracking text-ui-test files","messageBody":"","fileTypesAndContributionMap":{"txt":{"insertions":0,"deletions":0},"bat":{"insertions":0,"deletions":21}}},{"hash":"8ba832db181ffef65cfd0b239069c414f35e9aea","isMergeCommit":false,"messageTitle":"Modify Task marking","messageBody":"","tags":["A-TextUiTesting"],"fileTypesAndContributionMap":{"java":{"insertions":6,"deletions":6}}}]},{"date":"2025-08-20T00:00:00","commitResults":[{"hash":"96c4bf889e6d906fd5b7ba25527515c4ee506ad7","isMergeCommit":false,"messageTitle":"Create PandaException.java","messageBody":"PandaException will be used to manage the error message that is sent,\nbased on the input provided and type of action requested.\n","fileTypesAndContributionMap":{"java":{"insertions":33,"deletions":0}}},{"hash":"f5172b06f3a78474c0bb5d91bb7bf270bf92e8ef","isMergeCommit":false,"messageTitle":"Modify Panda.java","messageBody":"Allow Panda to throw and catch PandaException.\n\nStructure of code was switched back from switch to using if, so as\nto reduce duplicate code for detecting exceptions.\n","fileTypesAndContributionMap":{"java":{"insertions":45,"deletions":22}}},{"hash":"0f7b2ef8cc3094a9368273c56de7207ec7e4d7c8","isMergeCommit":false,"messageTitle":"Modify TaskList.java","messageBody":"To account for cases where a non-integer is provided to changeStatus,\ncode will catch NumberFormatException and throw PandaException.\n","tags":["Level-5"],"fileTypesAndContributionMap":{"java":{"insertions":6,"deletions":2}}},{"hash":"6044c4f55e9a9fb42aca4de68a622f144d868cb9","isMergeCommit":false,"messageTitle":"Modify TaskList.java","messageBody":"Add functionality to support task deletion.\n\nChange the return type for multiple methods to return Task.\n","fileTypesAndContributionMap":{"java":{"insertions":18,"deletions":6}}},{"hash":"924ddcc88d93f40008952c9730bee26d3e93237a","isMergeCommit":false,"messageTitle":"Modify Panda.java and PandaException.java","messageBody":"","tags":["Level-6"],"fileTypesAndContributionMap":{"java":{"insertions":17,"deletions":16}}}]},{"date":"2025-08-28T00:00:00","commitResults":[{"hash":"137e3d81d2368962dbcf7978c431368b8f7c391c","isMergeCommit":false,"messageTitle":"Modify TaskList and Task and its subclasses","messageBody":"Create new constructor for Task and its subclasses so that they can\nsave status into data.\n\nModify Task into abstract class to include abstract writeToFile()\nmethod that is implemented in its subclasses, allowing them to save\ndata into the text file in a suitable format.\n","fileTypesAndContributionMap":{"java":{"insertions":47,"deletions":1}}}]},{"date":"2025-08-29T00:00:00","commitResults":[{"hash":"eae4ab729b9cdeca2d7798637046d2105e67ab44","isMergeCommit":false,"messageTitle":"Modify Panda.java","messageBody":"Modify Panda.java to read and write data file to load and save tasks.\n","fileTypesAndContributionMap":{"java":{"insertions":52,"deletions":4}}},{"hash":"ec71f789c78adad29c9c152fdf91e17611e3707f","isMergeCommit":true,"messageTitle":"Merge branch \u0027branch-Level-7\u0027","messageBody":"","tags":["Level-7"],"fileTypesAndContributionMap":{}},{"hash":"a3b3902d7f593711bb7b9a1985e41357bae9a8dd","isMergeCommit":false,"messageTitle":"Modify dates in tasks to be LocalDate type","messageBody":"Deadline and Event tasks will now handle dates as LocalDate instead\nof a String, and format them to the specified format.\n\nPanda.java will also catch DateTimeParseException if date format\nprovided is wrong.\n","fileTypesAndContributionMap":{"java":{"insertions":31,"deletions":13}}},{"hash":"ced0f49cb253f29655fa34bf01769e2787c4d2c3","isMergeCommit":true,"messageTitle":"Merge branch \u0027branch-Level-8\u0027","messageBody":"","tags":["Level-8"],"fileTypesAndContributionMap":{}},{"hash":"f8a048145104c73ea9cbd61613d44513545db9a0","isMergeCommit":false,"messageTitle":"Add PandaUi.java","messageBody":"PandaUi.java will abstract out the user interactions from Panda.java,\nand handle it instead.\n","fileTypesAndContributionMap":{"java":{"insertions":79,"deletions":25}}},{"hash":"f05df9e202022ad8aad51fb343a607a6859e09bd","isMergeCommit":false,"messageTitle":"Modify PandaUi.java","messageBody":"Add the method to receive user input.\n","fileTypesAndContributionMap":{"java":{"insertions":6,"deletions":3}}},{"hash":"6491c49170c4145f6797a3c388875ca477abe0ed","isMergeCommit":false,"messageTitle":"Add FileManager.java","messageBody":"FileManager.java will abstract out the loading and storing of tasks\nfrom Panda.java.\n","fileTypesAndContributionMap":{"java":{"insertions":68,"deletions":48}}},{"hash":"90f5b0a03eb19a5aada1f5b55c812b1a029765bc","isMergeCommit":false,"messageTitle":"Add exception throwing in Deadline and Event","messageBody":"","fileTypesAndContributionMap":{"java":{"insertions":15,"deletions":5}}},{"hash":"0bc44dca1cec7b2583c21dd941cabf8a246560aa","isMergeCommit":false,"messageTitle":"Add Action.java and its subclasses","messageBody":"Subclasses of Action.java will execute their respective actions,\nwhere tasks are updated and ui will provide the necessary output,\nand the tasks will be saved by fileManager.\n","fileTypesAndContributionMap":{"java":{"insertions":90,"deletions":0}}},{"hash":"0af0e6ae2a78b7505ed0d5d2082e13c779b0a14e","isMergeCommit":false,"messageTitle":"Add inputParser.java","messageBody":"InputParser.java will parse user input and pass the information to\nthe respective Action subclasses.\n","fileTypesAndContributionMap":{"java":{"insertions":38,"deletions":0}}},{"hash":"ceb33b43cd1462b01fd7b558e9f633bf61c8b815","isMergeCommit":false,"messageTitle":"Modify FileManager.java, PandaException.java, PandaUi.java","messageBody":"","fileTypesAndContributionMap":{"java":{"insertions":30,"deletions":30}}},{"hash":"e91680d1e95e49fcf2f56e311a7bada05a7c7a09","isMergeCommit":false,"messageTitle":"Modify Panda.java","messageBody":"With the new classes, the bulk of code in Panda.java previously has\nbeen abstracted out.\n\nPanda class will now have ui, fileManager, parser and tasks as its\nvariables, which will perform their respective roles.\n","fileTypesAndContributionMap":{"java":{"insertions":21,"deletions":69}}},{"hash":"9d98b014a8b50fff41407505aba702f57a52d6a0","isMergeCommit":true,"messageTitle":"Merge branch \u0027branch-MoreOOP\u0027","messageBody":"","tags":["A-MoreOOP"],"fileTypesAndContributionMap":{}}]},{"date":"2025-08-30T00:00:00","commitResults":[{"hash":"9cbc0c965fd6df5f4805ce04e003096a88d96219","isMergeCommit":false,"messageTitle":"Move files to respective packages","messageBody":"","fileTypesAndContributionMap":{"java":{"insertions":90,"deletions":5}}},{"hash":"4091bea5da15149a56d00991d4c1bfcb7a3f9c18","isMergeCommit":true,"messageTitle":"Merge branch \u0027branch-Packages\u0027","messageBody":"","tags":["A-Packages"],"fileTypesAndContributionMap":{}},{"hash":"d8301876b61f5260d8a2aed5a27ce7c2fda7d3b5","isMergeCommit":true,"messageTitle":"Merge branch \u0027add-gradle-support\u0027","messageBody":"","fileTypesAndContributionMap":{}},{"hash":"e8dfd66d2b87bb0f57acbee8a55969cab549934f","isMergeCommit":false,"messageTitle":"Modify build.gradle and enable checkstyle","messageBody":"","tags":["A-Gradle"],"fileTypesAndContributionMap":{"gradle":{"insertions":8,"deletions":2}}}]}]},"authorFileTypeContributionMap":{"udonzzz":{"java":606,"md":0,"fxml":0,"sh":0,"bat":0,"gradle":8,"txt":0}},"authorContributionVariance":{"udonzzz":18024.238},"authorDisplayNameMap":{"udonzzz":"CS2103-F09-2 ADON.. YAP"}}
