[{"path":"src/main/java/Deadline.java","fileType":"java","lines":[{"lineNumber":1,"author":{"gitId":"christopherchong"},"content":"public class Deadline extends Task {","lastModifiedDate":"2025-08-20T18:32:25","isFullCredit":false},{"lineNumber":2,"author":{"gitId":"christopherchong"},"content":"    protected String by;","lastModifiedDate":"2025-08-20T18:50:06","isFullCredit":false},{"lineNumber":3,"author":{"gitId":"christopherchong"},"content":"","lastModifiedDate":"2025-08-20T18:50:06","isFullCredit":false},{"lineNumber":4,"author":{"gitId":"christopherchong"},"content":"    public Deadline(String description, String by) {","lastModifiedDate":"2025-08-20T18:50:06","isFullCredit":false},{"lineNumber":5,"author":{"gitId":"christopherchong"},"content":"        super(description, \u0027D\u0027);","lastModifiedDate":"2025-08-20T18:32:25","isFullCredit":false},{"lineNumber":6,"author":{"gitId":"christopherchong"},"content":"        this.by \u003d by;","lastModifiedDate":"2025-08-20T18:50:06","isFullCredit":false},{"lineNumber":7,"author":{"gitId":"christopherchong"},"content":"    }","lastModifiedDate":"2025-08-20T18:50:06","isFullCredit":false},{"lineNumber":8,"author":{"gitId":"christopherchong"},"content":"","lastModifiedDate":"2025-08-20T18:50:06","isFullCredit":false},{"lineNumber":9,"author":{"gitId":"christopherchong"},"content":"    @Override","lastModifiedDate":"2025-08-20T18:50:06","isFullCredit":false},{"lineNumber":10,"author":{"gitId":"christopherchong"},"content":"    public String getTaskInfo() {","lastModifiedDate":"2025-08-20T18:50:06","isFullCredit":false},{"lineNumber":11,"author":{"gitId":"christopherchong"},"content":"        return super.getTaskInfo() + \" (by: \" + by + \")\";","lastModifiedDate":"2025-08-20T18:50:06","isFullCredit":false},{"lineNumber":12,"author":{"gitId":"christopherchong"},"content":"    }","lastModifiedDate":"2025-08-20T18:32:25","isFullCredit":false},{"lineNumber":13,"author":{"gitId":"christopherchong"},"content":"}","lastModifiedDate":"2025-08-20T18:32:25","isFullCredit":false}],"authorContributionMap":{"christopherchong":13}},{"path":"src/main/java/Event.java","fileType":"java","lines":[{"lineNumber":1,"author":{"gitId":"christopherchong"},"content":"public class Event extends Task {","lastModifiedDate":"2025-08-20T18:32:25","isFullCredit":false},{"lineNumber":2,"author":{"gitId":"christopherchong"},"content":"    protected String startDateTime;","lastModifiedDate":"2025-08-20T18:58:18","isFullCredit":false},{"lineNumber":3,"author":{"gitId":"christopherchong"},"content":"    protected String endDateTime;","lastModifiedDate":"2025-08-20T18:58:18","isFullCredit":false},{"lineNumber":4,"author":{"gitId":"christopherchong"},"content":"","lastModifiedDate":"2025-08-20T18:58:18","isFullCredit":false},{"lineNumber":5,"author":{"gitId":"christopherchong"},"content":"    public Event(String description, String startDateTime, String endDateTime) {","lastModifiedDate":"2025-08-20T18:58:18","isFullCredit":false},{"lineNumber":6,"author":{"gitId":"christopherchong"},"content":"        super(description, \u0027E\u0027);","lastModifiedDate":"2025-08-20T18:32:25","isFullCredit":false},{"lineNumber":7,"author":{"gitId":"christopherchong"},"content":"        this.startDateTime \u003d startDateTime;","lastModifiedDate":"2025-08-20T18:58:18","isFullCredit":false},{"lineNumber":8,"author":{"gitId":"christopherchong"},"content":"        this.endDateTime \u003d endDateTime;","lastModifiedDate":"2025-08-20T18:58:18","isFullCredit":false},{"lineNumber":9,"author":{"gitId":"christopherchong"},"content":"    }","lastModifiedDate":"2025-08-20T18:58:18","isFullCredit":false},{"lineNumber":10,"author":{"gitId":"christopherchong"},"content":"","lastModifiedDate":"2025-08-20T18:58:18","isFullCredit":false},{"lineNumber":11,"author":{"gitId":"christopherchong"},"content":"    @Override","lastModifiedDate":"2025-08-20T18:58:18","isFullCredit":false},{"lineNumber":12,"author":{"gitId":"christopherchong"},"content":"    public String getTaskInfo() {","lastModifiedDate":"2025-08-20T18:58:18","isFullCredit":false},{"lineNumber":13,"author":{"gitId":"christopherchong"},"content":"        return super.getTaskInfo() + \" (from: \" + startDateTime + \" to: \" + endDateTime + \")\";","lastModifiedDate":"2025-08-20T18:58:18","isFullCredit":false},{"lineNumber":14,"author":{"gitId":"christopherchong"},"content":"    }","lastModifiedDate":"2025-08-20T18:32:25","isFullCredit":false},{"lineNumber":15,"author":{"gitId":"christopherchong"},"content":"}","lastModifiedDate":"2025-08-20T18:32:25","isFullCredit":false}],"authorContributionMap":{"christopherchong":15}},{"path":"src/main/java/Haru.java","fileType":"java","lines":[{"lineNumber":1,"author":{"gitId":"christopherchong"},"content":"import java.util.Scanner;","lastModifiedDate":"2025-08-20T14:25:52","isFullCredit":false},{"lineNumber":2,"author":{"gitId":"christopherchong"},"content":"import java.util.ArrayList;","lastModifiedDate":"2025-08-21T12:15:03","isFullCredit":false},{"lineNumber":3,"author":{"gitId":"christopherchong"},"content":"","lastModifiedDate":"2025-08-20T14:25:52","isFullCredit":false},{"lineNumber":4,"author":{"gitId":"christopherchong"},"content":"public class Haru {","lastModifiedDate":"2025-08-19T22:40:50","isFullCredit":false},{"lineNumber":5,"author":{"gitId":"christopherchong"},"content":"    private static final String LINE \u003d \"____________________________________________________________\";","lastModifiedDate":"2025-08-21T12:47:11","isFullCredit":false},{"lineNumber":6,"author":{"gitId":"christopherchong"},"content":"    private static final String LINEN \u003d \"____________________________________________________________\\n\";","lastModifiedDate":"2025-08-21T12:47:11","isFullCredit":false},{"lineNumber":7,"author":{"gitId":"christopherchong"},"content":"","lastModifiedDate":"2025-08-21T12:47:11","isFullCredit":false},{"lineNumber":8,"author":{"gitId":"christopherchong"},"content":"    public static void main(String[] args) {","lastModifiedDate":"2025-08-19T22:40:50","isFullCredit":false},{"lineNumber":9,"author":{"gitId":"christopherchong"},"content":"        ArrayList\u003cTask\u003e tasks \u003d new ArrayList\u003c\u003e();","lastModifiedDate":"2025-08-21T12:15:03","isFullCredit":false},{"lineNumber":10,"author":{"gitId":"christopherchong"},"content":"        Scanner sc \u003d new Scanner(System.in);","lastModifiedDate":"2025-08-20T17:59:00","isFullCredit":false},{"lineNumber":11,"author":{"gitId":"christopherchong"},"content":"","lastModifiedDate":"2025-08-20T17:59:00","isFullCredit":false},{"lineNumber":12,"author":{"gitId":"christopherchong"},"content":"        greet();","lastModifiedDate":"2025-08-20T17:59:00","isFullCredit":false},{"lineNumber":13,"author":{"gitId":"christopherchong"},"content":"","lastModifiedDate":"2025-08-20T17:59:00","isFullCredit":false},{"lineNumber":14,"author":{"gitId":"christopherchong"},"content":"        while (true) {","lastModifiedDate":"2025-08-20T17:59:00","isFullCredit":false},{"lineNumber":15,"author":{"gitId":"christopherchong"},"content":"            try {","lastModifiedDate":"2025-08-21T02:28:53","isFullCredit":false},{"lineNumber":16,"author":{"gitId":"christopherchong"},"content":"                String input \u003d sc.nextLine();","lastModifiedDate":"2025-08-20T17:59:00","isFullCredit":false},{"lineNumber":17,"author":{"gitId":"christopherchong"},"content":"                String command;","lastModifiedDate":"2025-08-20T17:59:00","isFullCredit":false},{"lineNumber":18,"author":{"gitId":"christopherchong"},"content":"                String arguments \u003d \"\";","lastModifiedDate":"2025-08-20T17:59:00","isFullCredit":false},{"lineNumber":19,"author":{"gitId":"christopherchong"},"content":"                int taskIndex;","lastModifiedDate":"2025-08-21T02:28:53","isFullCredit":false},{"lineNumber":20,"author":{"gitId":"christopherchong"},"content":"","lastModifiedDate":"2025-08-20T17:59:00","isFullCredit":false},{"lineNumber":21,"author":{"gitId":"christopherchong"},"content":"                if (input.contains(\" \")) {","lastModifiedDate":"2025-08-20T17:59:00","isFullCredit":false},{"lineNumber":22,"author":{"gitId":"christopherchong"},"content":"                    String[] inputArray \u003d input.split(\" \", 2);","lastModifiedDate":"2025-08-20T17:59:00","isFullCredit":false},{"lineNumber":23,"author":{"gitId":"christopherchong"},"content":"                    command \u003d inputArray[0];","lastModifiedDate":"2025-08-20T17:59:00","isFullCredit":false},{"lineNumber":24,"author":{"gitId":"christopherchong"},"content":"                    arguments \u003d inputArray[1];","lastModifiedDate":"2025-08-20T17:59:00","isFullCredit":false},{"lineNumber":25,"author":{"gitId":"christopherchong"},"content":"                }","lastModifiedDate":"2025-08-20T17:59:00","isFullCredit":false},{"lineNumber":26,"author":{"gitId":"christopherchong"},"content":"                else {","lastModifiedDate":"2025-08-20T17:59:00","isFullCredit":false},{"lineNumber":27,"author":{"gitId":"christopherchong"},"content":"                    command \u003d input;","lastModifiedDate":"2025-08-20T17:59:00","isFullCredit":false},{"lineNumber":28,"author":{"gitId":"christopherchong"},"content":"                }","lastModifiedDate":"2025-08-20T17:59:00","isFullCredit":false},{"lineNumber":29,"author":{"gitId":"christopherchong"},"content":"","lastModifiedDate":"2025-08-20T17:59:00","isFullCredit":false},{"lineNumber":30,"author":{"gitId":"christopherchong"},"content":"                switch (command) {","lastModifiedDate":"2025-08-20T17:59:00","isFullCredit":false},{"lineNumber":31,"author":{"gitId":"christopherchong"},"content":"                    case \"list\":","lastModifiedDate":"2025-08-20T17:59:00","isFullCredit":false},{"lineNumber":32,"author":{"gitId":"christopherchong"},"content":"                        if (tasks.isEmpty()) {","lastModifiedDate":"2025-08-21T12:15:03","isFullCredit":false},{"lineNumber":33,"author":{"gitId":"christopherchong"},"content":"                            throw new HaruException.NoTasksException();","lastModifiedDate":"2025-08-21T02:28:53","isFullCredit":false},{"lineNumber":34,"author":{"gitId":"christopherchong"},"content":"                        }","lastModifiedDate":"2025-08-21T02:28:53","isFullCredit":false},{"lineNumber":35,"author":{"gitId":"christopherchong"},"content":"                        list(tasks);","lastModifiedDate":"2025-08-20T17:59:00","isFullCredit":false},{"lineNumber":36,"author":{"gitId":"christopherchong"},"content":"                        break;","lastModifiedDate":"2025-08-20T17:59:00","isFullCredit":false},{"lineNumber":37,"author":{"gitId":"christopherchong"},"content":"","lastModifiedDate":"2025-08-21T02:28:53","isFullCredit":false},{"lineNumber":38,"author":{"gitId":"christopherchong"},"content":"                    case \"mark\":","lastModifiedDate":"2025-08-20T17:59:00","isFullCredit":false},{"lineNumber":39,"author":{"gitId":"christopherchong"},"content":"                    case \"unmark\":","lastModifiedDate":"2025-08-21T11:25:21","isFullCredit":false},{"lineNumber":40,"author":{"gitId":"christopherchong"},"content":"                        if (arguments.isEmpty() || !arguments.matches(\"\\\\d+\")) {","lastModifiedDate":"2025-08-21T11:25:21","isFullCredit":false},{"lineNumber":41,"author":{"gitId":"christopherchong"},"content":"                            throw new HaruException.NumberFormatException();","lastModifiedDate":"2025-08-21T11:25:21","isFullCredit":false},{"lineNumber":42,"author":{"gitId":"christopherchong"},"content":"                        }","lastModifiedDate":"2025-08-21T11:25:21","isFullCredit":false},{"lineNumber":43,"author":{"gitId":"christopherchong"},"content":"                        taskIndex \u003d Integer.parseInt(arguments) - 1;","lastModifiedDate":"2025-08-21T02:28:53","isFullCredit":false},{"lineNumber":44,"author":{"gitId":"christopherchong"},"content":"                        if (taskIndex \u003e\u003d tasks.size()) {","lastModifiedDate":"2025-08-21T12:15:03","isFullCredit":false},{"lineNumber":45,"author":{"gitId":"christopherchong"},"content":"                            throw new HaruException.InvalidIndexException();","lastModifiedDate":"2025-08-21T02:28:53","isFullCredit":false},{"lineNumber":46,"author":{"gitId":"christopherchong"},"content":"                        }","lastModifiedDate":"2025-08-21T02:28:53","isFullCredit":false},{"lineNumber":47,"author":{"gitId":"christopherchong"},"content":"","lastModifiedDate":"2025-08-21T11:25:21","isFullCredit":false},{"lineNumber":48,"author":{"gitId":"christopherchong"},"content":"                        if (command.equals(\"mark\")) {","lastModifiedDate":"2025-08-21T11:25:21","isFullCredit":false},{"lineNumber":49,"author":{"gitId":"christopherchong"},"content":"                            if (tasks.get(taskIndex).getStatus().equals(\"X\")) {","lastModifiedDate":"2025-08-21T12:15:03","isFullCredit":false},{"lineNumber":50,"author":{"gitId":"christopherchong"},"content":"                                throw new HaruException.MarkException();","lastModifiedDate":"2025-08-21T02:28:53","isFullCredit":false},{"lineNumber":51,"author":{"gitId":"christopherchong"},"content":"                            }","lastModifiedDate":"2025-08-21T02:28:53","isFullCredit":false},{"lineNumber":52,"author":{"gitId":"christopherchong"},"content":"                            mark(tasks, taskIndex);","lastModifiedDate":"2025-08-21T02:28:53","isFullCredit":false},{"lineNumber":53,"author":{"gitId":"christopherchong"},"content":"                        }","lastModifiedDate":"2025-08-21T02:28:53","isFullCredit":false},{"lineNumber":54,"author":{"gitId":"christopherchong"},"content":"                        else {","lastModifiedDate":"2025-08-21T11:25:21","isFullCredit":false},{"lineNumber":55,"author":{"gitId":"christopherchong"},"content":"                            if (tasks.get(taskIndex).getStatus().equals(\" \")) {","lastModifiedDate":"2025-08-21T12:15:03","isFullCredit":false},{"lineNumber":56,"author":{"gitId":"christopherchong"},"content":"                                throw new HaruException.UnmarkException();","lastModifiedDate":"2025-08-21T02:28:53","isFullCredit":false},{"lineNumber":57,"author":{"gitId":"christopherchong"},"content":"                            }","lastModifiedDate":"2025-08-21T02:28:53","isFullCredit":false},{"lineNumber":58,"author":{"gitId":"christopherchong"},"content":"                            unmark(tasks, taskIndex);","lastModifiedDate":"2025-08-21T02:28:53","isFullCredit":false},{"lineNumber":59,"author":{"gitId":"christopherchong"},"content":"                        }","lastModifiedDate":"2025-08-21T02:28:53","isFullCredit":false},{"lineNumber":60,"author":{"gitId":"christopherchong"},"content":"                        break;","lastModifiedDate":"2025-08-20T17:59:00","isFullCredit":false},{"lineNumber":61,"author":{"gitId":"christopherchong"},"content":"","lastModifiedDate":"2025-08-21T02:28:53","isFullCredit":false},{"lineNumber":62,"author":{"gitId":"christopherchong"},"content":"                    case \"todo\":","lastModifiedDate":"2025-08-20T18:32:25","isFullCredit":false},{"lineNumber":63,"author":{"gitId":"christopherchong"},"content":"                        if (arguments.isEmpty()) {","lastModifiedDate":"2025-08-21T11:54:02","isFullCredit":false},{"lineNumber":64,"author":{"gitId":"christopherchong"},"content":"                            throw new HaruException.InvalidTodoException();","lastModifiedDate":"2025-08-21T11:54:02","isFullCredit":false},{"lineNumber":65,"author":{"gitId":"christopherchong"},"content":"                        }","lastModifiedDate":"2025-08-21T11:54:02","isFullCredit":false},{"lineNumber":66,"author":{"gitId":"christopherchong"},"content":"                        toDo(tasks, arguments);","lastModifiedDate":"2025-08-21T12:15:03","isFullCredit":false},{"lineNumber":67,"author":{"gitId":"christopherchong"},"content":"                        break;","lastModifiedDate":"2025-08-20T18:32:25","isFullCredit":false},{"lineNumber":68,"author":{"gitId":"christopherchong"},"content":"","lastModifiedDate":"2025-08-21T02:28:53","isFullCredit":false},{"lineNumber":69,"author":{"gitId":"christopherchong"},"content":"                    case \"deadline\":","lastModifiedDate":"2025-08-20T18:32:25","isFullCredit":false},{"lineNumber":70,"author":{"gitId":"christopherchong"},"content":"                        if (!arguments.contains(\" /by \")) {","lastModifiedDate":"2025-08-21T11:54:02","isFullCredit":false},{"lineNumber":71,"author":{"gitId":"christopherchong"},"content":"                            throw new HaruException.InvalidDeadlineException();","lastModifiedDate":"2025-08-21T11:54:02","isFullCredit":false},{"lineNumber":72,"author":{"gitId":"christopherchong"},"content":"                        }","lastModifiedDate":"2025-08-21T11:54:02","isFullCredit":false},{"lineNumber":73,"author":{"gitId":"christopherchong"},"content":"                        String[] deadlineArg \u003d arguments.split(\" /by \", 2);","lastModifiedDate":"2025-08-20T18:58:18","isFullCredit":false},{"lineNumber":74,"author":{"gitId":"christopherchong"},"content":"                        String deadlineDesc \u003d deadlineArg[0];","lastModifiedDate":"2025-08-20T18:58:18","isFullCredit":false},{"lineNumber":75,"author":{"gitId":"christopherchong"},"content":"                        String by \u003d deadlineArg[1];","lastModifiedDate":"2025-08-20T18:58:18","isFullCredit":false},{"lineNumber":76,"author":{"gitId":"christopherchong"},"content":"                        deadline(tasks, deadlineDesc, by);","lastModifiedDate":"2025-08-21T12:15:03","isFullCredit":false},{"lineNumber":77,"author":{"gitId":"christopherchong"},"content":"                        break;","lastModifiedDate":"2025-08-20T18:32:25","isFullCredit":false},{"lineNumber":78,"author":{"gitId":"christopherchong"},"content":"","lastModifiedDate":"2025-08-21T02:28:53","isFullCredit":false},{"lineNumber":79,"author":{"gitId":"christopherchong"},"content":"                    case \"event\":","lastModifiedDate":"2025-08-20T18:32:25","isFullCredit":false},{"lineNumber":80,"author":{"gitId":"christopherchong"},"content":"                        if (!arguments.contains(\" /from \") || !arguments.contains(\" /to \") ||","lastModifiedDate":"2025-08-21T11:54:02","isFullCredit":false},{"lineNumber":81,"author":{"gitId":"christopherchong"},"content":"                                arguments.lastIndexOf(\" /to \") \u003c arguments.lastIndexOf(\" /from \")) {","lastModifiedDate":"2025-08-21T11:54:02","isFullCredit":false},{"lineNumber":82,"author":{"gitId":"christopherchong"},"content":"                            throw new HaruException.InvalidEventException();","lastModifiedDate":"2025-08-21T11:54:02","isFullCredit":false},{"lineNumber":83,"author":{"gitId":"christopherchong"},"content":"                        }","lastModifiedDate":"2025-08-21T11:54:02","isFullCredit":false},{"lineNumber":84,"author":{"gitId":"christopherchong"},"content":"                        String[] eventArg \u003d arguments.split(\" /from \", 2);","lastModifiedDate":"2025-08-20T18:58:18","isFullCredit":false},{"lineNumber":85,"author":{"gitId":"christopherchong"},"content":"                        String eventDesc \u003d eventArg[0];","lastModifiedDate":"2025-08-20T18:58:18","isFullCredit":false},{"lineNumber":86,"author":{"gitId":"christopherchong"},"content":"                        String dates \u003d eventArg[1];","lastModifiedDate":"2025-08-20T18:58:18","isFullCredit":false},{"lineNumber":87,"author":{"gitId":"christopherchong"},"content":"                        String[] datesArray \u003d dates.split(\" /to \", 2);","lastModifiedDate":"2025-08-20T18:58:18","isFullCredit":false},{"lineNumber":88,"author":{"gitId":"christopherchong"},"content":"                        String startDateTime \u003d datesArray[0];","lastModifiedDate":"2025-08-20T18:58:18","isFullCredit":false},{"lineNumber":89,"author":{"gitId":"christopherchong"},"content":"                        String endDateTime \u003d datesArray[1];","lastModifiedDate":"2025-08-20T18:58:18","isFullCredit":false},{"lineNumber":90,"author":{"gitId":"christopherchong"},"content":"                        event(tasks, eventDesc, startDateTime, endDateTime);","lastModifiedDate":"2025-08-21T12:15:03","isFullCredit":false},{"lineNumber":91,"author":{"gitId":"christopherchong"},"content":"                        break;","lastModifiedDate":"2025-08-20T18:32:25","isFullCredit":false},{"lineNumber":92,"author":{"gitId":"christopherchong"},"content":"","lastModifiedDate":"2025-08-21T02:28:53","isFullCredit":false},{"lineNumber":93,"author":{"gitId":"christopherchong"},"content":"                    case \"delete\":","lastModifiedDate":"2025-08-21T12:21:36","isFullCredit":false},{"lineNumber":94,"author":{"gitId":"christopherchong"},"content":"                        if (arguments.isEmpty() || !arguments.matches(\"\\\\d+\")) {","lastModifiedDate":"2025-08-21T12:21:36","isFullCredit":false},{"lineNumber":95,"author":{"gitId":"christopherchong"},"content":"                            throw new HaruException.NumberFormatException();","lastModifiedDate":"2025-08-21T12:21:36","isFullCredit":false},{"lineNumber":96,"author":{"gitId":"christopherchong"},"content":"                        }","lastModifiedDate":"2025-08-21T12:21:36","isFullCredit":false},{"lineNumber":97,"author":{"gitId":"christopherchong"},"content":"                        taskIndex \u003d Integer.parseInt(arguments) - 1;","lastModifiedDate":"2025-08-21T12:21:36","isFullCredit":false},{"lineNumber":98,"author":{"gitId":"christopherchong"},"content":"                        if (taskIndex \u003e\u003d tasks.size()) {","lastModifiedDate":"2025-08-21T12:21:36","isFullCredit":false},{"lineNumber":99,"author":{"gitId":"christopherchong"},"content":"                            throw new HaruException.InvalidIndexException();","lastModifiedDate":"2025-08-21T12:21:36","isFullCredit":false},{"lineNumber":100,"author":{"gitId":"christopherchong"},"content":"                        }","lastModifiedDate":"2025-08-21T12:21:36","isFullCredit":false},{"lineNumber":101,"author":{"gitId":"christopherchong"},"content":"                        delete(tasks, taskIndex);","lastModifiedDate":"2025-08-21T12:21:36","isFullCredit":false},{"lineNumber":102,"author":{"gitId":"christopherchong"},"content":"                        break;","lastModifiedDate":"2025-08-21T12:21:36","isFullCredit":false},{"lineNumber":103,"author":{"gitId":"christopherchong"},"content":"","lastModifiedDate":"2025-08-21T12:21:36","isFullCredit":false},{"lineNumber":104,"author":{"gitId":"christopherchong"},"content":"                    case \"bye\":","lastModifiedDate":"2025-08-20T17:59:00","isFullCredit":false},{"lineNumber":105,"author":{"gitId":"christopherchong"},"content":"                        bye();","lastModifiedDate":"2025-08-20T17:59:00","isFullCredit":false},{"lineNumber":106,"author":{"gitId":"christopherchong"},"content":"                        return;","lastModifiedDate":"2025-08-21T12:47:11","isFullCredit":false},{"lineNumber":107,"author":{"gitId":"christopherchong"},"content":"","lastModifiedDate":"2025-08-21T02:28:53","isFullCredit":false},{"lineNumber":108,"author":{"gitId":"christopherchong"},"content":"                    default:","lastModifiedDate":"2025-08-21T02:28:53","isFullCredit":false},{"lineNumber":109,"author":{"gitId":"christopherchong"},"content":"                        throw new HaruException.InvalidCommandException();","lastModifiedDate":"2025-08-21T02:28:53","isFullCredit":false},{"lineNumber":110,"author":{"gitId":"christopherchong"},"content":"                }","lastModifiedDate":"2025-08-21T02:28:53","isFullCredit":false},{"lineNumber":111,"author":{"gitId":"christopherchong"},"content":"            } catch (HaruException e) {","lastModifiedDate":"2025-08-21T02:28:53","isFullCredit":false},{"lineNumber":112,"author":{"gitId":"christopherchong"},"content":"                System.out.println(e.getMessage());","lastModifiedDate":"2025-08-21T02:28:53","isFullCredit":false},{"lineNumber":113,"author":{"gitId":"christopherchong"},"content":"            }","lastModifiedDate":"2025-08-20T17:59:00","isFullCredit":false},{"lineNumber":114,"author":{"gitId":"christopherchong"},"content":"        }","lastModifiedDate":"2025-08-20T17:59:00","isFullCredit":false},{"lineNumber":115,"author":{"gitId":"christopherchong"},"content":"    }","lastModifiedDate":"2025-08-20T17:59:00","isFullCredit":false},{"lineNumber":116,"author":{"gitId":"christopherchong"},"content":"","lastModifiedDate":"2025-08-20T14:52:48","isFullCredit":false},{"lineNumber":117,"author":{"gitId":"christopherchong"},"content":"    public static void greet() {","lastModifiedDate":"2025-08-20T17:59:00","isFullCredit":false},{"lineNumber":118,"author":{"gitId":"christopherchong"},"content":"        System.out.println(\"\"\"","lastModifiedDate":"2025-08-21T02:41:16","isFullCredit":false},{"lineNumber":119,"author":{"gitId":"christopherchong"},"content":"        ____________________________________________________________","lastModifiedDate":"2025-08-21T02:41:16","isFullCredit":false},{"lineNumber":120,"author":{"gitId":"christopherchong"},"content":"        Hello! I\u0027m Haru","lastModifiedDate":"2025-08-21T02:41:16","isFullCredit":false},{"lineNumber":121,"author":{"gitId":"christopherchong"},"content":"        What can I do for you?","lastModifiedDate":"2025-08-21T02:41:16","isFullCredit":false},{"lineNumber":122,"author":{"gitId":"christopherchong"},"content":"        ____________________________________________________________","lastModifiedDate":"2025-08-21T02:41:16","isFullCredit":false},{"lineNumber":123,"author":{"gitId":"christopherchong"},"content":"        \"\"\");","lastModifiedDate":"2025-08-21T02:41:16","isFullCredit":false},{"lineNumber":124,"author":{"gitId":"christopherchong"},"content":"    }","lastModifiedDate":"2025-08-20T17:59:00","isFullCredit":false},{"lineNumber":125,"author":{"gitId":"christopherchong"},"content":"","lastModifiedDate":"2025-08-20T14:25:52","isFullCredit":false},{"lineNumber":126,"author":{"gitId":"christopherchong"},"content":"    public static void bye() {","lastModifiedDate":"2025-08-20T17:59:00","isFullCredit":false},{"lineNumber":127,"author":{"gitId":"christopherchong"},"content":"        System.out.println(\"\"\"","lastModifiedDate":"2025-08-21T02:41:16","isFullCredit":false},{"lineNumber":128,"author":{"gitId":"christopherchong"},"content":"        ____________________________________________________________","lastModifiedDate":"2025-08-21T02:41:16","isFullCredit":false},{"lineNumber":129,"author":{"gitId":"christopherchong"},"content":"        Bye. Hope to see you again soon!","lastModifiedDate":"2025-08-21T02:41:16","isFullCredit":false},{"lineNumber":130,"author":{"gitId":"christopherchong"},"content":"        ____________________________________________________________","lastModifiedDate":"2025-08-21T02:41:16","isFullCredit":false},{"lineNumber":131,"author":{"gitId":"christopherchong"},"content":"        \"\"\");","lastModifiedDate":"2025-08-21T02:41:16","isFullCredit":false},{"lineNumber":132,"author":{"gitId":"christopherchong"},"content":"    }","lastModifiedDate":"2025-08-20T17:59:00","isFullCredit":false},{"lineNumber":133,"author":{"gitId":"christopherchong"},"content":"","lastModifiedDate":"2025-08-20T14:25:52","isFullCredit":false},{"lineNumber":134,"author":{"gitId":"christopherchong"},"content":"    public static void list(ArrayList\u003cTask\u003e tasks) {","lastModifiedDate":"2025-08-21T12:15:03","isFullCredit":false},{"lineNumber":135,"author":{"gitId":"christopherchong"},"content":"        System.out.println(LINE);","lastModifiedDate":"2025-08-21T12:47:11","isFullCredit":false},{"lineNumber":136,"author":{"gitId":"christopherchong"},"content":"        System.out.println(\"Here are the tasks that you\u0027ve set:\");","lastModifiedDate":"2025-08-20T15:31:00","isFullCredit":false},{"lineNumber":137,"author":{"gitId":"christopherchong"},"content":"        for (int i \u003d 0; i \u003c tasks.size(); i++) {","lastModifiedDate":"2025-08-21T12:15:03","isFullCredit":false},{"lineNumber":138,"author":{"gitId":"christopherchong"},"content":"            System.out.println((i + 1) + \". \" + tasks.get(i).getTaskInfo());","lastModifiedDate":"2025-08-21T12:15:03","isFullCredit":false},{"lineNumber":139,"author":{"gitId":"christopherchong"},"content":"        }","lastModifiedDate":"2025-08-20T14:52:48","isFullCredit":false},{"lineNumber":140,"author":{"gitId":"christopherchong"},"content":"        System.out.println(LINEN);","lastModifiedDate":"2025-08-21T12:47:11","isFullCredit":false},{"lineNumber":141,"author":{"gitId":"christopherchong"},"content":"    }","lastModifiedDate":"2025-08-20T14:52:48","isFullCredit":false},{"lineNumber":142,"author":{"gitId":"christopherchong"},"content":"","lastModifiedDate":"2025-08-20T17:59:00","isFullCredit":false},{"lineNumber":143,"author":{"gitId":"christopherchong"},"content":"    public static void mark(ArrayList\u003cTask\u003e tasks, int taskIndex) {","lastModifiedDate":"2025-08-21T12:15:03","isFullCredit":false},{"lineNumber":144,"author":{"gitId":"christopherchong"},"content":"        tasks.get(taskIndex).markDone();","lastModifiedDate":"2025-08-21T12:15:03","isFullCredit":false},{"lineNumber":145,"author":{"gitId":"christopherchong"},"content":"        System.out.println(LINE);","lastModifiedDate":"2025-08-21T12:47:11","isFullCredit":false},{"lineNumber":146,"author":{"gitId":"christopherchong"},"content":"        System.out.println(\"Nice! I\u0027ve marked this task as done:\");","lastModifiedDate":"2025-08-20T15:31:00","isFullCredit":false},{"lineNumber":147,"author":{"gitId":"christopherchong"},"content":"        System.out.println(tasks.get(taskIndex).getTaskInfo());","lastModifiedDate":"2025-08-21T12:15:03","isFullCredit":false},{"lineNumber":148,"author":{"gitId":"christopherchong"},"content":"        System.out.println(LINEN);    }","lastModifiedDate":"2025-08-21T12:47:11","isFullCredit":false},{"lineNumber":149,"author":{"gitId":"christopherchong"},"content":"","lastModifiedDate":"2025-08-20T17:59:00","isFullCredit":false},{"lineNumber":150,"author":{"gitId":"christopherchong"},"content":"    public static void unmark(ArrayList\u003cTask\u003e tasks, int taskIndex) {","lastModifiedDate":"2025-08-21T12:15:03","isFullCredit":false},{"lineNumber":151,"author":{"gitId":"christopherchong"},"content":"        tasks.get(taskIndex).markUndone();","lastModifiedDate":"2025-08-21T12:15:03","isFullCredit":false},{"lineNumber":152,"author":{"gitId":"christopherchong"},"content":"        System.out.println(LINE);","lastModifiedDate":"2025-08-21T12:47:11","isFullCredit":false},{"lineNumber":153,"author":{"gitId":"christopherchong"},"content":"        System.out.println(\"Got it! I\u0027ve marked this task as not done yet:\");","lastModifiedDate":"2025-08-20T15:31:00","isFullCredit":false},{"lineNumber":154,"author":{"gitId":"christopherchong"},"content":"        System.out.println(tasks.get(taskIndex).getTaskInfo());","lastModifiedDate":"2025-08-21T12:15:03","isFullCredit":false},{"lineNumber":155,"author":{"gitId":"christopherchong"},"content":"        System.out.println(LINEN);","lastModifiedDate":"2025-08-21T12:47:11","isFullCredit":false},{"lineNumber":156,"author":{"gitId":"christopherchong"},"content":"    }","lastModifiedDate":"2025-08-20T18:32:25","isFullCredit":false},{"lineNumber":157,"author":{"gitId":"christopherchong"},"content":"","lastModifiedDate":"2025-08-20T18:32:25","isFullCredit":false},{"lineNumber":158,"author":{"gitId":"christopherchong"},"content":"    public static void toDo(ArrayList\u003cTask\u003e tasks, String taskDescription) {","lastModifiedDate":"2025-08-21T12:15:03","isFullCredit":false},{"lineNumber":159,"author":{"gitId":"christopherchong"},"content":"        tasks.add(new Todo(taskDescription));","lastModifiedDate":"2025-08-21T12:15:03","isFullCredit":false},{"lineNumber":160,"author":{"gitId":"christopherchong"},"content":"        displayTask(tasks, tasks.size() - 1);","lastModifiedDate":"2025-08-21T12:15:03","isFullCredit":false},{"lineNumber":161,"author":{"gitId":"christopherchong"},"content":"    }","lastModifiedDate":"2025-08-20T18:32:25","isFullCredit":false},{"lineNumber":162,"author":{"gitId":"christopherchong"},"content":"","lastModifiedDate":"2025-08-20T18:32:25","isFullCredit":false},{"lineNumber":163,"author":{"gitId":"christopherchong"},"content":"    public static void deadline(ArrayList\u003cTask\u003e tasks, String description, String by) {","lastModifiedDate":"2025-08-21T12:15:03","isFullCredit":false},{"lineNumber":164,"author":{"gitId":"christopherchong"},"content":"        tasks.add(new Deadline(description, by));","lastModifiedDate":"2025-08-21T12:15:03","isFullCredit":false},{"lineNumber":165,"author":{"gitId":"christopherchong"},"content":"        displayTask(tasks, tasks.size() - 1);","lastModifiedDate":"2025-08-21T12:15:03","isFullCredit":false},{"lineNumber":166,"author":{"gitId":"christopherchong"},"content":"    }","lastModifiedDate":"2025-08-20T15:31:00","isFullCredit":false},{"lineNumber":167,"author":{"gitId":"christopherchong"},"content":"","lastModifiedDate":"2025-08-20T17:59:00","isFullCredit":false},{"lineNumber":168,"author":{"gitId":"christopherchong"},"content":"    public static void event(ArrayList\u003cTask\u003e tasks, String description, String startDateTime, String endDateTime) {","lastModifiedDate":"2025-08-21T12:15:03","isFullCredit":false},{"lineNumber":169,"author":{"gitId":"christopherchong"},"content":"        tasks.add(new Event(description, startDateTime, endDateTime));","lastModifiedDate":"2025-08-21T12:15:03","isFullCredit":false},{"lineNumber":170,"author":{"gitId":"christopherchong"},"content":"        displayTask(tasks, tasks.size() - 1);","lastModifiedDate":"2025-08-21T12:15:03","isFullCredit":false},{"lineNumber":171,"author":{"gitId":"christopherchong"},"content":"    }","lastModifiedDate":"2025-08-20T19:16:05","isFullCredit":false},{"lineNumber":172,"author":{"gitId":"christopherchong"},"content":"","lastModifiedDate":"2025-08-20T19:16:05","isFullCredit":false},{"lineNumber":173,"author":{"gitId":"christopherchong"},"content":"    public static void delete(ArrayList\u003cTask\u003e tasks, int taskIndex) {","lastModifiedDate":"2025-08-21T12:21:36","isFullCredit":false},{"lineNumber":174,"author":{"gitId":"christopherchong"},"content":"        String taskInfo \u003d tasks.get(taskIndex).getTaskInfo();","lastModifiedDate":"2025-08-21T12:21:36","isFullCredit":false},{"lineNumber":175,"author":{"gitId":"christopherchong"},"content":"        tasks.remove(taskIndex);","lastModifiedDate":"2025-08-21T12:21:36","isFullCredit":false},{"lineNumber":176,"author":{"gitId":"christopherchong"},"content":"        System.out.println(LINE);","lastModifiedDate":"2025-08-21T12:47:11","isFullCredit":false},{"lineNumber":177,"author":{"gitId":"christopherchong"},"content":"        System.out.println(\"Understood! I\u0027ve removed this task:\\n\" + taskInfo);","lastModifiedDate":"2025-08-21T12:21:36","isFullCredit":false},{"lineNumber":178,"author":{"gitId":"christopherchong"},"content":"        System.out.println(\"There are now \" + tasks.size() + \" task(s)!\");","lastModifiedDate":"2025-08-21T12:21:36","isFullCredit":false},{"lineNumber":179,"author":{"gitId":"christopherchong"},"content":"        System.out.println(LINEN);","lastModifiedDate":"2025-08-21T12:47:11","isFullCredit":false},{"lineNumber":180,"author":{"gitId":"christopherchong"},"content":"    }","lastModifiedDate":"2025-08-21T12:21:36","isFullCredit":false},{"lineNumber":181,"author":{"gitId":"christopherchong"},"content":"","lastModifiedDate":"2025-08-21T12:21:36","isFullCredit":false},{"lineNumber":182,"author":{"gitId":"christopherchong"},"content":"    public static void displayTask(ArrayList\u003cTask\u003e tasks, int taskIndex) {","lastModifiedDate":"2025-08-21T12:15:03","isFullCredit":false},{"lineNumber":183,"author":{"gitId":"christopherchong"},"content":"        System.out.println(LINE);","lastModifiedDate":"2025-08-21T12:47:11","isFullCredit":false},{"lineNumber":184,"author":{"gitId":"christopherchong"},"content":"        System.out.println(\"Got it. I\u0027ve added this task:\");","lastModifiedDate":"2025-08-20T18:58:18","isFullCredit":false},{"lineNumber":185,"author":{"gitId":"christopherchong"},"content":"        System.out.println(tasks.get(taskIndex).getTaskInfo());","lastModifiedDate":"2025-08-21T12:15:03","isFullCredit":false},{"lineNumber":186,"author":{"gitId":"christopherchong"},"content":"        System.out.println(\"There are now \" + tasks.size() + \" task(s)!\");","lastModifiedDate":"2025-08-21T12:15:03","isFullCredit":false},{"lineNumber":187,"author":{"gitId":"christopherchong"},"content":"        System.out.println(LINEN);","lastModifiedDate":"2025-08-21T12:47:11","isFullCredit":false},{"lineNumber":188,"author":{"gitId":"christopherchong"},"content":"    }","lastModifiedDate":"2025-08-20T14:25:52","isFullCredit":false},{"lineNumber":189,"author":{"gitId":"christopherchong"},"content":"}","lastModifiedDate":"2025-08-19T22:40:50","isFullCredit":false}],"authorContributionMap":{"christopherchong":189}},{"path":"src/main/java/HaruException.java","fileType":"java","lines":[{"lineNumber":1,"author":{"gitId":"christopherchong"},"content":"public class HaruException extends Exception {","lastModifiedDate":"2025-08-21T02:28:53","isFullCredit":false},{"lineNumber":2,"author":{"gitId":"christopherchong"},"content":"    public HaruException(String message) {","lastModifiedDate":"2025-08-21T02:28:53","isFullCredit":false},{"lineNumber":3,"author":{"gitId":"christopherchong"},"content":"        super(message);","lastModifiedDate":"2025-08-21T02:28:53","isFullCredit":false},{"lineNumber":4,"author":{"gitId":"christopherchong"},"content":"    }","lastModifiedDate":"2025-08-21T02:28:53","isFullCredit":false},{"lineNumber":5,"author":{"gitId":"christopherchong"},"content":"","lastModifiedDate":"2025-08-21T02:28:53","isFullCredit":false},{"lineNumber":6,"author":{"gitId":"christopherchong"},"content":"    public static class InvalidCommandException extends HaruException {","lastModifiedDate":"2025-08-21T02:28:53","isFullCredit":false},{"lineNumber":7,"author":{"gitId":"christopherchong"},"content":"        private static final String message \u003d \"\"\"","lastModifiedDate":"2025-08-21T11:54:02","isFullCredit":false},{"lineNumber":8,"author":{"gitId":"christopherchong"},"content":"                ____________________________________________________________","lastModifiedDate":"2025-08-21T02:28:53","isFullCredit":false},{"lineNumber":9,"author":{"gitId":"christopherchong"},"content":"                I don\u0027t recognize that command :(","lastModifiedDate":"2025-08-21T02:28:53","isFullCredit":false},{"lineNumber":10,"author":{"gitId":"christopherchong"},"content":"                ____________________________________________________________","lastModifiedDate":"2025-08-21T02:28:53","isFullCredit":false},{"lineNumber":11,"author":{"gitId":"christopherchong"},"content":"                \"\"\";","lastModifiedDate":"2025-08-21T02:28:53","isFullCredit":false},{"lineNumber":12,"author":{"gitId":"christopherchong"},"content":"","lastModifiedDate":"2025-08-21T02:28:53","isFullCredit":false},{"lineNumber":13,"author":{"gitId":"christopherchong"},"content":"        public InvalidCommandException() {","lastModifiedDate":"2025-08-21T02:28:53","isFullCredit":false},{"lineNumber":14,"author":{"gitId":"christopherchong"},"content":"            super(message);","lastModifiedDate":"2025-08-21T02:28:53","isFullCredit":false},{"lineNumber":15,"author":{"gitId":"christopherchong"},"content":"        }","lastModifiedDate":"2025-08-21T02:28:53","isFullCredit":false},{"lineNumber":16,"author":{"gitId":"christopherchong"},"content":"    }","lastModifiedDate":"2025-08-21T02:28:53","isFullCredit":false},{"lineNumber":17,"author":{"gitId":"christopherchong"},"content":"","lastModifiedDate":"2025-08-21T02:28:53","isFullCredit":false},{"lineNumber":18,"author":{"gitId":"christopherchong"},"content":"    public static class NumberFormatException extends HaruException {","lastModifiedDate":"2025-08-21T11:25:21","isFullCredit":false},{"lineNumber":19,"author":{"gitId":"christopherchong"},"content":"        private static final String message \u003d \"\"\"","lastModifiedDate":"2025-08-21T11:54:02","isFullCredit":false},{"lineNumber":20,"author":{"gitId":"christopherchong"},"content":"                ____________________________________________________________","lastModifiedDate":"2025-08-21T11:25:21","isFullCredit":false},{"lineNumber":21,"author":{"gitId":"christopherchong"},"content":"                A number was not entered! :(","lastModifiedDate":"2025-08-21T11:25:21","isFullCredit":false},{"lineNumber":22,"author":{"gitId":"christopherchong"},"content":"                ____________________________________________________________","lastModifiedDate":"2025-08-21T11:25:21","isFullCredit":false},{"lineNumber":23,"author":{"gitId":"christopherchong"},"content":"                \"\"\";","lastModifiedDate":"2025-08-21T11:25:21","isFullCredit":false},{"lineNumber":24,"author":{"gitId":"christopherchong"},"content":"","lastModifiedDate":"2025-08-21T11:25:21","isFullCredit":false},{"lineNumber":25,"author":{"gitId":"christopherchong"},"content":"        public NumberFormatException() {","lastModifiedDate":"2025-08-21T11:25:21","isFullCredit":false},{"lineNumber":26,"author":{"gitId":"christopherchong"},"content":"            super(message);","lastModifiedDate":"2025-08-21T11:25:21","isFullCredit":false},{"lineNumber":27,"author":{"gitId":"christopherchong"},"content":"        }","lastModifiedDate":"2025-08-21T11:25:21","isFullCredit":false},{"lineNumber":28,"author":{"gitId":"christopherchong"},"content":"    }","lastModifiedDate":"2025-08-21T11:25:21","isFullCredit":false},{"lineNumber":29,"author":{"gitId":"christopherchong"},"content":"","lastModifiedDate":"2025-08-21T11:25:21","isFullCredit":false},{"lineNumber":30,"author":{"gitId":"christopherchong"},"content":"    public static class NoTasksException extends HaruException {","lastModifiedDate":"2025-08-21T02:28:53","isFullCredit":false},{"lineNumber":31,"author":{"gitId":"christopherchong"},"content":"        private static final String message \u003d \"\"\"","lastModifiedDate":"2025-08-21T11:54:02","isFullCredit":false},{"lineNumber":32,"author":{"gitId":"christopherchong"},"content":"                ____________________________________________________________","lastModifiedDate":"2025-08-21T02:28:53","isFullCredit":false},{"lineNumber":33,"author":{"gitId":"christopherchong"},"content":"                There are no tasks!","lastModifiedDate":"2025-08-21T02:28:53","isFullCredit":false},{"lineNumber":34,"author":{"gitId":"christopherchong"},"content":"                ____________________________________________________________","lastModifiedDate":"2025-08-21T02:28:53","isFullCredit":false},{"lineNumber":35,"author":{"gitId":"christopherchong"},"content":"                \"\"\";","lastModifiedDate":"2025-08-21T02:28:53","isFullCredit":false},{"lineNumber":36,"author":{"gitId":"christopherchong"},"content":"","lastModifiedDate":"2025-08-21T02:28:53","isFullCredit":false},{"lineNumber":37,"author":{"gitId":"christopherchong"},"content":"        public NoTasksException() {","lastModifiedDate":"2025-08-21T02:28:53","isFullCredit":false},{"lineNumber":38,"author":{"gitId":"christopherchong"},"content":"            super(message);","lastModifiedDate":"2025-08-21T02:28:53","isFullCredit":false},{"lineNumber":39,"author":{"gitId":"christopherchong"},"content":"        }","lastModifiedDate":"2025-08-21T02:28:53","isFullCredit":false},{"lineNumber":40,"author":{"gitId":"christopherchong"},"content":"    }","lastModifiedDate":"2025-08-21T02:28:53","isFullCredit":false},{"lineNumber":41,"author":{"gitId":"christopherchong"},"content":"","lastModifiedDate":"2025-08-21T02:28:53","isFullCredit":false},{"lineNumber":42,"author":{"gitId":"christopherchong"},"content":"    public static class InvalidIndexException extends HaruException {","lastModifiedDate":"2025-08-21T02:28:53","isFullCredit":false},{"lineNumber":43,"author":{"gitId":"christopherchong"},"content":"        private static final String message \u003d \"\"\"","lastModifiedDate":"2025-08-21T11:54:02","isFullCredit":false},{"lineNumber":44,"author":{"gitId":"christopherchong"},"content":"                ____________________________________________________________","lastModifiedDate":"2025-08-21T02:28:53","isFullCredit":false},{"lineNumber":45,"author":{"gitId":"christopherchong"},"content":"                Number entered was invalid!","lastModifiedDate":"2025-08-21T02:28:53","isFullCredit":false},{"lineNumber":46,"author":{"gitId":"christopherchong"},"content":"                ____________________________________________________________","lastModifiedDate":"2025-08-21T02:28:53","isFullCredit":false},{"lineNumber":47,"author":{"gitId":"christopherchong"},"content":"                \"\"\";","lastModifiedDate":"2025-08-21T02:28:53","isFullCredit":false},{"lineNumber":48,"author":{"gitId":"christopherchong"},"content":"","lastModifiedDate":"2025-08-21T02:28:53","isFullCredit":false},{"lineNumber":49,"author":{"gitId":"christopherchong"},"content":"        public InvalidIndexException() {","lastModifiedDate":"2025-08-21T02:28:53","isFullCredit":false},{"lineNumber":50,"author":{"gitId":"christopherchong"},"content":"            super(message);","lastModifiedDate":"2025-08-21T02:28:53","isFullCredit":false},{"lineNumber":51,"author":{"gitId":"christopherchong"},"content":"        }","lastModifiedDate":"2025-08-21T02:28:53","isFullCredit":false},{"lineNumber":52,"author":{"gitId":"christopherchong"},"content":"    }","lastModifiedDate":"2025-08-21T02:28:53","isFullCredit":false},{"lineNumber":53,"author":{"gitId":"christopherchong"},"content":"","lastModifiedDate":"2025-08-21T02:28:53","isFullCredit":false},{"lineNumber":54,"author":{"gitId":"christopherchong"},"content":"    public static class MarkException extends HaruException {","lastModifiedDate":"2025-08-21T02:28:53","isFullCredit":false},{"lineNumber":55,"author":{"gitId":"christopherchong"},"content":"        private static final String message \u003d \"\"\"","lastModifiedDate":"2025-08-21T11:54:02","isFullCredit":false},{"lineNumber":56,"author":{"gitId":"christopherchong"},"content":"                ____________________________________________________________","lastModifiedDate":"2025-08-21T02:28:53","isFullCredit":false},{"lineNumber":57,"author":{"gitId":"christopherchong"},"content":"                Task is already marked!","lastModifiedDate":"2025-08-21T02:28:53","isFullCredit":false},{"lineNumber":58,"author":{"gitId":"christopherchong"},"content":"                ____________________________________________________________","lastModifiedDate":"2025-08-21T02:28:53","isFullCredit":false},{"lineNumber":59,"author":{"gitId":"christopherchong"},"content":"                \"\"\";","lastModifiedDate":"2025-08-21T02:28:53","isFullCredit":false},{"lineNumber":60,"author":{"gitId":"christopherchong"},"content":"","lastModifiedDate":"2025-08-21T02:28:53","isFullCredit":false},{"lineNumber":61,"author":{"gitId":"christopherchong"},"content":"        public MarkException() {","lastModifiedDate":"2025-08-21T02:28:53","isFullCredit":false},{"lineNumber":62,"author":{"gitId":"christopherchong"},"content":"            super(message);","lastModifiedDate":"2025-08-21T02:28:53","isFullCredit":false},{"lineNumber":63,"author":{"gitId":"christopherchong"},"content":"        }","lastModifiedDate":"2025-08-21T02:28:53","isFullCredit":false},{"lineNumber":64,"author":{"gitId":"christopherchong"},"content":"    }","lastModifiedDate":"2025-08-21T02:28:53","isFullCredit":false},{"lineNumber":65,"author":{"gitId":"christopherchong"},"content":"","lastModifiedDate":"2025-08-21T02:28:53","isFullCredit":false},{"lineNumber":66,"author":{"gitId":"christopherchong"},"content":"    public static class UnmarkException extends HaruException {","lastModifiedDate":"2025-08-21T02:28:53","isFullCredit":false},{"lineNumber":67,"author":{"gitId":"christopherchong"},"content":"        private static final String message \u003d \"\"\"","lastModifiedDate":"2025-08-21T11:54:02","isFullCredit":false},{"lineNumber":68,"author":{"gitId":"christopherchong"},"content":"                ____________________________________________________________","lastModifiedDate":"2025-08-21T02:28:53","isFullCredit":false},{"lineNumber":69,"author":{"gitId":"christopherchong"},"content":"                Task is already unmarked!","lastModifiedDate":"2025-08-21T02:28:53","isFullCredit":false},{"lineNumber":70,"author":{"gitId":"christopherchong"},"content":"                ____________________________________________________________","lastModifiedDate":"2025-08-21T02:28:53","isFullCredit":false},{"lineNumber":71,"author":{"gitId":"christopherchong"},"content":"                \"\"\";","lastModifiedDate":"2025-08-21T02:28:53","isFullCredit":false},{"lineNumber":72,"author":{"gitId":"christopherchong"},"content":"","lastModifiedDate":"2025-08-21T02:28:53","isFullCredit":false},{"lineNumber":73,"author":{"gitId":"christopherchong"},"content":"        public UnmarkException() {","lastModifiedDate":"2025-08-21T02:28:53","isFullCredit":false},{"lineNumber":74,"author":{"gitId":"christopherchong"},"content":"            super(message);","lastModifiedDate":"2025-08-21T02:28:53","isFullCredit":false},{"lineNumber":75,"author":{"gitId":"christopherchong"},"content":"        }","lastModifiedDate":"2025-08-21T02:28:53","isFullCredit":false},{"lineNumber":76,"author":{"gitId":"christopherchong"},"content":"    }","lastModifiedDate":"2025-08-21T02:28:53","isFullCredit":false},{"lineNumber":77,"author":{"gitId":"christopherchong"},"content":"","lastModifiedDate":"2025-08-21T11:54:02","isFullCredit":false},{"lineNumber":78,"author":{"gitId":"christopherchong"},"content":"    public static class InvalidTodoException extends HaruException {","lastModifiedDate":"2025-08-21T11:54:02","isFullCredit":false},{"lineNumber":79,"author":{"gitId":"christopherchong"},"content":"        private static final String message \u003d \"\"\"","lastModifiedDate":"2025-08-21T11:54:02","isFullCredit":false},{"lineNumber":80,"author":{"gitId":"christopherchong"},"content":"                ____________________________________________________________","lastModifiedDate":"2025-08-21T11:54:02","isFullCredit":false},{"lineNumber":81,"author":{"gitId":"christopherchong"},"content":"                The task was not entered correctly!","lastModifiedDate":"2025-08-21T11:54:02","isFullCredit":false},{"lineNumber":82,"author":{"gitId":"christopherchong"},"content":"                Try doing \"todo \u003ctask\u003e\"","lastModifiedDate":"2025-08-21T11:54:02","isFullCredit":false},{"lineNumber":83,"author":{"gitId":"christopherchong"},"content":"                ____________________________________________________________","lastModifiedDate":"2025-08-21T11:54:02","isFullCredit":false},{"lineNumber":84,"author":{"gitId":"christopherchong"},"content":"                \"\"\";","lastModifiedDate":"2025-08-21T11:54:02","isFullCredit":false},{"lineNumber":85,"author":{"gitId":"christopherchong"},"content":"","lastModifiedDate":"2025-08-21T11:54:02","isFullCredit":false},{"lineNumber":86,"author":{"gitId":"christopherchong"},"content":"        public InvalidTodoException() {","lastModifiedDate":"2025-08-21T11:54:02","isFullCredit":false},{"lineNumber":87,"author":{"gitId":"christopherchong"},"content":"            super(message);","lastModifiedDate":"2025-08-21T11:54:02","isFullCredit":false},{"lineNumber":88,"author":{"gitId":"christopherchong"},"content":"        }","lastModifiedDate":"2025-08-21T11:54:02","isFullCredit":false},{"lineNumber":89,"author":{"gitId":"christopherchong"},"content":"    }","lastModifiedDate":"2025-08-21T11:54:02","isFullCredit":false},{"lineNumber":90,"author":{"gitId":"christopherchong"},"content":"","lastModifiedDate":"2025-08-21T11:54:02","isFullCredit":false},{"lineNumber":91,"author":{"gitId":"christopherchong"},"content":"    public static class InvalidDeadlineException extends HaruException {","lastModifiedDate":"2025-08-21T11:54:02","isFullCredit":false},{"lineNumber":92,"author":{"gitId":"christopherchong"},"content":"        private static final String message \u003d \"\"\"","lastModifiedDate":"2025-08-21T11:54:02","isFullCredit":false},{"lineNumber":93,"author":{"gitId":"christopherchong"},"content":"                ____________________________________________________________","lastModifiedDate":"2025-08-21T11:54:02","isFullCredit":false},{"lineNumber":94,"author":{"gitId":"christopherchong"},"content":"                The task was not entered correctly!","lastModifiedDate":"2025-08-21T11:54:02","isFullCredit":false},{"lineNumber":95,"author":{"gitId":"christopherchong"},"content":"                Try doing \"deadline \u003ctask\u003e /by \u003cdate/time\u003e\"","lastModifiedDate":"2025-08-21T11:54:02","isFullCredit":false},{"lineNumber":96,"author":{"gitId":"christopherchong"},"content":"                ____________________________________________________________","lastModifiedDate":"2025-08-21T11:54:02","isFullCredit":false},{"lineNumber":97,"author":{"gitId":"christopherchong"},"content":"                \"\"\";","lastModifiedDate":"2025-08-21T11:54:02","isFullCredit":false},{"lineNumber":98,"author":{"gitId":"christopherchong"},"content":"","lastModifiedDate":"2025-08-21T11:54:02","isFullCredit":false},{"lineNumber":99,"author":{"gitId":"christopherchong"},"content":"        public InvalidDeadlineException() {","lastModifiedDate":"2025-08-21T11:54:02","isFullCredit":false},{"lineNumber":100,"author":{"gitId":"christopherchong"},"content":"            super(message);","lastModifiedDate":"2025-08-21T11:54:02","isFullCredit":false},{"lineNumber":101,"author":{"gitId":"christopherchong"},"content":"        }","lastModifiedDate":"2025-08-21T11:54:02","isFullCredit":false},{"lineNumber":102,"author":{"gitId":"christopherchong"},"content":"    }","lastModifiedDate":"2025-08-21T11:54:02","isFullCredit":false},{"lineNumber":103,"author":{"gitId":"christopherchong"},"content":"","lastModifiedDate":"2025-08-21T11:54:02","isFullCredit":false},{"lineNumber":104,"author":{"gitId":"christopherchong"},"content":"    public static class InvalidEventException extends HaruException {","lastModifiedDate":"2025-08-21T11:54:02","isFullCredit":false},{"lineNumber":105,"author":{"gitId":"christopherchong"},"content":"        private static final String message \u003d \"\"\"","lastModifiedDate":"2025-08-21T11:54:02","isFullCredit":false},{"lineNumber":106,"author":{"gitId":"christopherchong"},"content":"                ____________________________________________________________","lastModifiedDate":"2025-08-21T11:54:02","isFullCredit":false},{"lineNumber":107,"author":{"gitId":"christopherchong"},"content":"                The task was not entered correctly!","lastModifiedDate":"2025-08-21T11:54:02","isFullCredit":false},{"lineNumber":108,"author":{"gitId":"christopherchong"},"content":"                Try doing \"event \u003ctask\u003e /from \u003cdate/time\u003e /to \u003cdate/time\u003e\"","lastModifiedDate":"2025-08-21T11:54:02","isFullCredit":false},{"lineNumber":109,"author":{"gitId":"christopherchong"},"content":"                ____________________________________________________________","lastModifiedDate":"2025-08-21T11:54:02","isFullCredit":false},{"lineNumber":110,"author":{"gitId":"christopherchong"},"content":"                \"\"\";","lastModifiedDate":"2025-08-21T11:54:02","isFullCredit":false},{"lineNumber":111,"author":{"gitId":"christopherchong"},"content":"","lastModifiedDate":"2025-08-21T11:54:02","isFullCredit":false},{"lineNumber":112,"author":{"gitId":"christopherchong"},"content":"        public InvalidEventException() {","lastModifiedDate":"2025-08-21T11:54:02","isFullCredit":false},{"lineNumber":113,"author":{"gitId":"christopherchong"},"content":"            super(message);","lastModifiedDate":"2025-08-21T11:54:02","isFullCredit":false},{"lineNumber":114,"author":{"gitId":"christopherchong"},"content":"        }","lastModifiedDate":"2025-08-21T11:54:02","isFullCredit":false},{"lineNumber":115,"author":{"gitId":"christopherchong"},"content":"    }","lastModifiedDate":"2025-08-21T11:54:02","isFullCredit":false},{"lineNumber":116,"author":{"gitId":"christopherchong"},"content":"}","lastModifiedDate":"2025-08-21T02:28:53","isFullCredit":false}],"authorContributionMap":{"christopherchong":116}},{"path":"src/main/java/Task.java","fileType":"java","lines":[{"lineNumber":1,"author":{"gitId":"christopherchong"},"content":"public class Task {","lastModifiedDate":"2025-08-20T15:31:00","isFullCredit":false},{"lineNumber":2,"author":{"gitId":"christopherchong"},"content":"    protected String description;","lastModifiedDate":"2025-08-20T15:31:00","isFullCredit":false},{"lineNumber":3,"author":{"gitId":"christopherchong"},"content":"    protected boolean isDone;","lastModifiedDate":"2025-08-20T19:07:47","isFullCredit":false},{"lineNumber":4,"author":{"gitId":"christopherchong"},"content":"    protected char type;","lastModifiedDate":"2025-08-20T18:32:25","isFullCredit":false},{"lineNumber":5,"author":{"gitId":"christopherchong"},"content":"","lastModifiedDate":"2025-08-20T15:31:00","isFullCredit":false},{"lineNumber":6,"author":{"gitId":"christopherchong"},"content":"    public Task(String description, char type) {","lastModifiedDate":"2025-08-20T18:32:25","isFullCredit":false},{"lineNumber":7,"author":{"gitId":"christopherchong"},"content":"        this.description \u003d description;","lastModifiedDate":"2025-08-20T15:31:00","isFullCredit":false},{"lineNumber":8,"author":{"gitId":"christopherchong"},"content":"        this.isDone \u003d false;","lastModifiedDate":"2025-08-20T19:07:47","isFullCredit":false},{"lineNumber":9,"author":{"gitId":"christopherchong"},"content":"        this.type \u003d type;","lastModifiedDate":"2025-08-20T18:32:25","isFullCredit":false},{"lineNumber":10,"author":{"gitId":"christopherchong"},"content":"    }","lastModifiedDate":"2025-08-20T15:31:00","isFullCredit":false},{"lineNumber":11,"author":{"gitId":"christopherchong"},"content":"","lastModifiedDate":"2025-08-20T15:31:00","isFullCredit":false},{"lineNumber":12,"author":{"gitId":"christopherchong"},"content":"    public String getStatus() {","lastModifiedDate":"2025-08-20T15:31:00","isFullCredit":false},{"lineNumber":13,"author":{"gitId":"christopherchong"},"content":"        return (isDone ? \"X\" : \" \");","lastModifiedDate":"2025-08-20T19:07:47","isFullCredit":false},{"lineNumber":14,"author":{"gitId":"christopherchong"},"content":"    }","lastModifiedDate":"2025-08-20T15:31:00","isFullCredit":false},{"lineNumber":15,"author":{"gitId":"christopherchong"},"content":"","lastModifiedDate":"2025-08-20T15:31:00","isFullCredit":false},{"lineNumber":16,"author":{"gitId":"christopherchong"},"content":"    public String getTaskInfo() {","lastModifiedDate":"2025-08-20T18:32:25","isFullCredit":false},{"lineNumber":17,"author":{"gitId":"christopherchong"},"content":"        return \"[\" + this.type + \"] [\" + this.getStatus() + \"] \" + this.description;","lastModifiedDate":"2025-08-20T18:32:25","isFullCredit":false},{"lineNumber":18,"author":{"gitId":"christopherchong"},"content":"    }","lastModifiedDate":"2025-08-20T18:32:25","isFullCredit":false},{"lineNumber":19,"author":{"gitId":"christopherchong"},"content":"","lastModifiedDate":"2025-08-20T18:32:25","isFullCredit":false},{"lineNumber":20,"author":{"gitId":"christopherchong"},"content":"    public void markDone() {","lastModifiedDate":"2025-08-20T15:31:00","isFullCredit":false},{"lineNumber":21,"author":{"gitId":"christopherchong"},"content":"        this.isDone \u003d true;","lastModifiedDate":"2025-08-20T19:07:47","isFullCredit":false},{"lineNumber":22,"author":{"gitId":"christopherchong"},"content":"    }","lastModifiedDate":"2025-08-20T15:31:00","isFullCredit":false},{"lineNumber":23,"author":{"gitId":"christopherchong"},"content":"","lastModifiedDate":"2025-08-20T15:31:00","isFullCredit":false},{"lineNumber":24,"author":{"gitId":"christopherchong"},"content":"    public void markUndone() {","lastModifiedDate":"2025-08-20T15:31:00","isFullCredit":false},{"lineNumber":25,"author":{"gitId":"christopherchong"},"content":"        this.isDone \u003d false;","lastModifiedDate":"2025-08-20T19:07:47","isFullCredit":false},{"lineNumber":26,"author":{"gitId":"christopherchong"},"content":"    }","lastModifiedDate":"2025-08-20T15:31:00","isFullCredit":false},{"lineNumber":27,"author":{"gitId":"christopherchong"},"content":"}","lastModifiedDate":"2025-08-20T15:31:00","isFullCredit":false}],"authorContributionMap":{"christopherchong":27}},{"path":"src/main/java/Todo.java","fileType":"java","lines":[{"lineNumber":1,"author":{"gitId":"christopherchong"},"content":"public class Todo extends Task {","lastModifiedDate":"2025-08-20T18:32:25","isFullCredit":false},{"lineNumber":2,"author":{"gitId":"christopherchong"},"content":"    public Todo(String description) {","lastModifiedDate":"2025-08-20T18:32:25","isFullCredit":false},{"lineNumber":3,"author":{"gitId":"christopherchong"},"content":"        super(description, \u0027T\u0027);","lastModifiedDate":"2025-08-20T18:32:25","isFullCredit":false},{"lineNumber":4,"author":{"gitId":"christopherchong"},"content":"    }","lastModifiedDate":"2025-08-20T18:32:25","isFullCredit":false},{"lineNumber":5,"author":{"gitId":"christopherchong"},"content":"}","lastModifiedDate":"2025-08-20T18:32:25","isFullCredit":false}],"authorContributionMap":{"christopherchong":5}},{"path":"text-ui-test/input.txt","fileType":"txt","lines":[{"lineNumber":1,"author":{"gitId":"christopherchong"},"content":"list","lastModifiedDate":"2025-08-20T23:02:03","isFullCredit":false},{"lineNumber":2,"author":{"gitId":"christopherchong"},"content":"todo study for test","lastModifiedDate":"2025-08-20T23:02:03","isFullCredit":false},{"lineNumber":3,"author":{"gitId":"christopherchong"},"content":"deadline tutorial 2 /by next Monday","lastModifiedDate":"2025-08-20T23:02:03","isFullCredit":false},{"lineNumber":4,"author":{"gitId":"christopherchong"},"content":"event project meeting /from Aug 26th 11am /to 12pm","lastModifiedDate":"2025-08-20T23:02:03","isFullCredit":false},{"lineNumber":5,"author":{"gitId":"christopherchong"},"content":"list","lastModifiedDate":"2025-08-20T23:02:03","isFullCredit":false},{"lineNumber":6,"author":{"gitId":"christopherchong"},"content":"mark 1","lastModifiedDate":"2025-08-20T23:02:03","isFullCredit":false},{"lineNumber":7,"author":{"gitId":"christopherchong"},"content":"mark 2","lastModifiedDate":"2025-08-20T23:02:03","isFullCredit":false},{"lineNumber":8,"author":{"gitId":"christopherchong"},"content":"list","lastModifiedDate":"2025-08-20T23:02:03","isFullCredit":false},{"lineNumber":9,"author":{"gitId":"christopherchong"},"content":"unmark 2","lastModifiedDate":"2025-08-20T23:02:03","isFullCredit":false},{"lineNumber":10,"author":{"gitId":"christopherchong"},"content":"mark 3","lastModifiedDate":"2025-08-20T23:02:03","isFullCredit":false},{"lineNumber":11,"author":{"gitId":"christopherchong"},"content":"list","lastModifiedDate":"2025-08-20T23:02:03","isFullCredit":false},{"lineNumber":12,"author":{"gitId":"christopherchong"},"content":"bye","lastModifiedDate":"2025-08-20T23:02:03","isFullCredit":false}],"authorContributionMap":{"christopherchong":12}},{"path":"text-ui-test/runtest.bat","fileType":"bat","lines":[{"lineNumber":1,"author":{"gitId":"-"},"content":"@ECHO OFF","lastModifiedDate":"2020-05-25T00:03:55","isFullCredit":false},{"lineNumber":2,"author":{"gitId":"-"},"content":"","lastModifiedDate":"2020-05-25T00:03:55","isFullCredit":false},{"lineNumber":3,"author":{"gitId":"-"},"content":"REM create bin directory if it doesn\u0027t exist","lastModifiedDate":"2020-05-25T00:03:55","isFullCredit":false},{"lineNumber":4,"author":{"gitId":"-"},"content":"if not exist ..\\bin mkdir ..\\bin","lastModifiedDate":"2020-05-25T00:03:55","isFullCredit":false},{"lineNumber":5,"author":{"gitId":"-"},"content":"","lastModifiedDate":"2020-05-25T00:03:55","isFullCredit":false},{"lineNumber":6,"author":{"gitId":"-"},"content":"REM delete output from previous run","lastModifiedDate":"2020-05-25T00:03:55","isFullCredit":false},{"lineNumber":7,"author":{"gitId":"-"},"content":"if exist ACTUAL.TXT del ACTUAL.TXT","lastModifiedDate":"2020-08-25T17:23:26","isFullCredit":false},{"lineNumber":8,"author":{"gitId":"-"},"content":"","lastModifiedDate":"2020-05-25T00:03:55","isFullCredit":false},{"lineNumber":9,"author":{"gitId":"-"},"content":"REM compile the code into the bin folder","lastModifiedDate":"2020-05-25T00:03:55","isFullCredit":false},{"lineNumber":10,"author":{"gitId":"-"},"content":"javac  -cp ..\\src\\main\\java -Xlint:none -d ..\\bin ..\\src\\main\\java\\*.java","lastModifiedDate":"2020-08-25T17:23:26","isFullCredit":false},{"lineNumber":11,"author":{"gitId":"-"},"content":"IF ERRORLEVEL 1 (","lastModifiedDate":"2020-05-25T00:03:55","isFullCredit":false},{"lineNumber":12,"author":{"gitId":"-"},"content":"    echo ********** BUILD FAILURE **********","lastModifiedDate":"2020-05-25T00:03:55","isFullCredit":false},{"lineNumber":13,"author":{"gitId":"-"},"content":"    exit /b 1","lastModifiedDate":"2020-05-25T00:03:55","isFullCredit":false},{"lineNumber":14,"author":{"gitId":"-"},"content":")","lastModifiedDate":"2020-05-25T00:03:55","isFullCredit":false},{"lineNumber":15,"author":{"gitId":"-"},"content":"REM no error here, errorlevel \u003d\u003d 0","lastModifiedDate":"2020-05-25T00:03:55","isFullCredit":false},{"lineNumber":16,"author":{"gitId":"-"},"content":"","lastModifiedDate":"2020-05-25T00:03:55","isFullCredit":false},{"lineNumber":17,"author":{"gitId":"-"},"content":"REM run the program, feed commands from input.txt file and redirect the output to the ACTUAL.TXT","lastModifiedDate":"2020-05-25T00:03:55","isFullCredit":false},{"lineNumber":18,"author":{"gitId":"christopherchong"},"content":"java -classpath ..\\bin Haru \u003c input.txt \u003e ACTUAL.TXT","lastModifiedDate":"2025-08-20T23:02:03","isFullCredit":false},{"lineNumber":19,"author":{"gitId":"-"},"content":"","lastModifiedDate":"2020-05-25T00:03:55","isFullCredit":false},{"lineNumber":20,"author":{"gitId":"-"},"content":"REM compare the output to the expected output","lastModifiedDate":"2020-05-25T00:03:55","isFullCredit":false},{"lineNumber":21,"author":{"gitId":"-"},"content":"FC ACTUAL.TXT EXPECTED.TXT","lastModifiedDate":"2020-05-25T00:03:55","isFullCredit":false}],"authorContributionMap":{"christopherchong":1,"-":20}}]
