{"authorDailyContributionsMap":{"simantak-dabhade":[{"date":"2025-08-19T00:00:00","commitResults":[{"hash":"673ab37831261207e8f9ecd8f10845b8e981ebf0","isMergeCommit":false,"messageTitle":"feat: renamed the project to lebron and added the welcome and goodbye message","messageBody":"","tags":["Level-0"],"fileTypesAndContributionMap":{"java":{"insertions":19,"deletions":10},"bat":{"insertions":1,"deletions":1},"md":{"insertions":3,"deletions":3}}},{"hash":"368919ca3b55bf618008923c8e3db27ab33e48c3","isMergeCommit":false,"messageTitle":"feat: lebron now echos messages until you say bye then the program exits, we use the scanner library to do this","messageBody":"","tags":["Level-1"],"fileTypesAndContributionMap":{"java":{"insertions":34,"deletions":1}}},{"hash":"802ad29bdb86ed14e491d23e188190367b6df96a","isMergeCommit":false,"messageTitle":"feat: created new ItemStore class to store items in the list","messageBody":"","fileTypesAndContributionMap":{"java":{"insertions":19,"deletions":0}}},{"hash":"3cf88fc4a0efd052def4a974d2115c4b206d8440","isMergeCommit":false,"messageTitle":"feat: updated lebron to use list store to suppourt read and list operations","messageBody":"","tags":["Level-2"],"fileTypesAndContributionMap":{"java":{"insertions":34,"deletions":6}}},{"hash":"dd8ad4abb036f72aa39eab3ecbd760e5d4586b2d","isMergeCommit":false,"messageTitle":"feat: using the new task calss using the lebron class and the task store class to manage how we deal with tasks","messageBody":"","fileTypesAndContributionMap":{"java":{"insertions":54,"deletions":24}}},{"hash":"4605690cd68b00b5d3a73e260771101ba538c25c","isMergeCommit":false,"messageTitle":"added the mark and unmark commands","messageBody":"","tags":["Level-3"],"fileTypesAndContributionMap":{"java":{"insertions":52,"deletions":0}}},{"hash":"3c6e4206c2919a8fb1324a68484331538ea521bb","isMergeCommit":false,"messageTitle":"feat: created child classes for Event, Deadline and Todo; then implmemnted the commands that uses these in lebron","messageBody":"","tags":["Level-4"],"fileTypesAndContributionMap":{"java":{"insertions":131,"deletions":6}}},{"hash":"3abf08677142aa4bc745e56ff2d743f4c4741571","isMergeCommit":false,"messageTitle":"docs: created the AI.md to explain AI usagsage in project","messageBody":"","fileTypesAndContributionMap":{"md":{"insertions":6,"deletions":0}}},{"hash":"6af41ee725ca3e4a83bf461692345a7282ee2276","isMergeCommit":false,"messageTitle":"tests: added testing again the output of our chatbot","messageBody":"","tags":["A-TextUiTesting"],"fileTypesAndContributionMap":{"txt":{"insertions":14,"deletions":0},"sh":{"insertions":2,"deletions":6}}},{"hash":"b03129183f87b71250dabedd074082c90dcdd7bb","isMergeCommit":false,"messageTitle":"feat: added better handling of error cases","messageBody":"","fileTypesAndContributionMap":{"java":{"insertions":134,"deletions":15}}},{"hash":"1ef0d8b03a7cbd7cd2f8d755058c808cdd9c564d","isMergeCommit":false,"messageTitle":"tests: updated tests with new error handling stuff","messageBody":"","tags":["Level-5"],"fileTypesAndContributionMap":{"txt":{"insertions":125,"deletions":1}}},{"hash":"beb5372600459482d40b04b402b00fe449cd3466","isMergeCommit":false,"messageTitle":"feat: added the delete command to lebron:","messageBody":"","fileTypesAndContributionMap":{"java":{"insertions":49,"deletions":1}}},{"hash":"09fb92b0637b4cb3664c2e1b761db9d78630f093","isMergeCommit":false,"messageTitle":"test: updated the tests for the new delete command","messageBody":"","tags":["Level-6"],"fileTypesAndContributionMap":{"txt":{"insertions":5,"deletions":0}}}]},{"date":"2025-08-28T00:00:00","commitResults":[{"hash":"8dbef06ddcce16ff7b3dded04238c8d7dabb06d4","isMergeCommit":false,"messageTitle":"feat: added save functionality as now the task list is saved on every modification","messageBody":"","fileTypesAndContributionMap":{"java":{"insertions":100,"deletions":1}}},{"hash":"1dd3e5bd501da2e811ce5d37cd8de5444662582b","isMergeCommit":true,"messageTitle":"Merge pull request #1 from simantak-dabhade/branch-Level-7","messageBody":"feat: added save functionality as now the task list is saved on every…","tags":["Level-7"],"fileTypesAndContributionMap":{}},{"hash":"1c679937fb794c676ed48a24cec48da25e0b516a","isMergeCommit":false,"messageTitle":"feat: better support for dates and times in the lebron cli","messageBody":"","fileTypesAndContributionMap":{"java":{"insertions":205,"deletions":40}}},{"hash":"6ffa59d0db0b0dbefae00a80c2b7341ff1fdf8e9","isMergeCommit":true,"messageTitle":"Merge pull request #2 from simantak-dabhade/branch-Level-8","messageBody":"feat: better support for dates and times in the lebron cli","tags":["Level-8"],"fileTypesAndContributionMap":{}},{"hash":"1eecf83796097f65720fc073c256038252d14114","isMergeCommit":false,"messageTitle":"refactor: Major refactor to create new Parser, Storage, TaskList and Ui classes and using them in lebron","messageBody":"","tags":["A-MoreOOP"],"fileTypesAndContributionMap":{"java":{"insertions":407,"deletions":325},"md":{"insertions":3,"deletions":1}}},{"hash":"f2cfeedd82fb9c9a96b12b8bf481ee10ef8b2599","isMergeCommit":false,"messageTitle":"refactor: arragenged everything in packages","messageBody":"","tags":["A-Packages"],"fileTypesAndContributionMap":{"java":{"insertions":27,"deletions":0}}},{"hash":"3ecd72ba93c32c668e590edf558c53cf07a9722a","isMergeCommit":true,"messageTitle":"Merge branch \u0027add-gradle-support\u0027","messageBody":"","tags":["A-Gradle"],"fileTypesAndContributionMap":{}},{"hash":"9a202a3aae3cf868f0cc2a6206cb66f73da5ac57","isMergeCommit":false,"messageTitle":"test: added tasting for the compponents","messageBody":"","tags":["A-Jar","A-JUnit"],"fileTypesAndContributionMap":{"gradle":{"insertions":1,"deletions":1},"java":{"insertions":400,"deletions":1}}},{"hash":"9ec327751e5540eb1722368146d404966e955a4d","isMergeCommit":false,"messageTitle":"feat: added find command","messageBody":"","fileTypesAndContributionMap":{"java":{"insertions":199,"deletions":2}}},{"hash":"47c5d5a2f37526a602519a304c311c06bf477620","isMergeCommit":false,"messageTitle":"docs: added javadocs to some classes","messageBody":"","fileTypesAndContributionMap":{"java":{"insertions":280,"deletions":2}}},{"hash":"d4c4dc39902a5e43048d56fcc71186a56598a397","isMergeCommit":false,"messageTitle":"cleanup: making fields that are not changed final","messageBody":"","fileTypesAndContributionMap":{"java":{"insertions":8,"deletions":8}}},{"hash":"919638e869ac9f98845638aa5704625e19f9a143","isMergeCommit":true,"messageTitle":"Merge pull request #3 from simantak-dabhade/branch-Level-9","messageBody":"feat: added find command","fileTypesAndContributionMap":{}},{"hash":"e7acab9bf2b5b36d0484a00b0a3fdb18ea4b00d7","isMergeCommit":true,"messageTitle":"Merge branch \u0027master\u0027 into branch-A-JavaDoc","messageBody":"","fileTypesAndContributionMap":{}},{"hash":"d8adc5153e119c61449307a0c1f6aee64c1b9ae3","isMergeCommit":true,"messageTitle":"Merge pull request #4 from simantak-dabhade/branch-A-JavaDoc","messageBody":"docs: added javadocs to some classes","fileTypesAndContributionMap":{}},{"hash":"53ac003b3da19aa7cf1a3653bff2ca9462abcbfa","isMergeCommit":true,"messageTitle":"Merge pull request #5 from simantak-dabhade/branch-A-CodingStandard","messageBody":"cleanup: making fields that are not changed final","tags":["Level-9","A-JavaDoc","A-CodingStandard"],"fileTypesAndContributionMap":{}}]}]},"authorFileTypeContributionMap":{"simantak-dabhade":{"java":1694,"md":11,"fxml":0,"sh":2,"bat":1,"gradle":1,"txt":143}},"authorContributionVariance":{"simantak-dabhade":202431.97},"authorDisplayNameMap":{"simantak-dabhade":"CS2103T-F13-3 SIMA..HADE"}}
