{"authorDailyContributionsMap":{"jj55j7":[{"date":"2025-08-20T00:00:00","commitResults":[{"hash":"fdb2171a909a8481c598beb593f949847168a186","isMergeCommit":false,"messageTitle":"Add chatbot Shrek with greeting \u0026 exit","messageBody":"","fileTypesAndContributionMap":{"java":{"insertions":24,"deletions":10}}},{"hash":"f9edd95c8eb87201935c6c72ab6bc51ae23a4cc8","isMergeCommit":false,"messageTitle":"Add chatbot Shrek with greeting \u0026 exit","messageBody":"","tags":["Level-0"],"fileTypesAndContributionMap":{"java":{"insertions":0,"deletions":10}}}]},{"date":"2025-08-21T00:00:00","commitResults":[{"hash":"9204fc235b19f75c4eee1b69b9cc818e79419722","isMergeCommit":false,"messageTitle":"Add echo functionality and bye command","messageBody":"","tags":["Level-1"],"fileTypesAndContributionMap":{"java":{"insertions":25,"deletions":8}}},{"hash":"c8377ee4bbaea35ef9154c2b8d914ac09ba6d574","isMergeCommit":false,"messageTitle":"Add list and add functionality","messageBody":"","tags":["Level-2"],"fileTypesAndContributionMap":{"java":{"insertions":13,"deletions":4}}}]}]},"authorFileTypeContributionMap":{"jj55j7":{"java":40,"md":0,"fxml":0,"sh":0,"bat":0,"gradle":0,"txt":0}},"authorContributionVariance":{"jj55j7":271.77548},"authorDisplayNameMap":{"jj55j7":"JHAN..SAHU"}}
