[{"path":"src/main/java/Bug.java","fileType":"java","lines":[{"lineNumber":1,"author":{"gitId":"mellowfarm"},"content":"import java.util.*;","lastModifiedDate":"2025-08-20T18:15:03","isFullCredit":false},{"lineNumber":2,"author":{"gitId":"mellowfarm"},"content":"","lastModifiedDate":"2025-08-20T18:15:03","isFullCredit":false},{"lineNumber":3,"author":{"gitId":"mellowfarm"},"content":"public class Bug {","lastModifiedDate":"2025-08-20T17:53:30","isFullCredit":false},{"lineNumber":4,"author":{"gitId":"mellowfarm"},"content":"    public static void main(String[] args) {","lastModifiedDate":"2025-08-20T17:53:30","isFullCredit":false},{"lineNumber":5,"author":{"gitId":"mellowfarm"},"content":"        String name \u003d \"Bug\";","lastModifiedDate":"2025-08-20T17:53:30","isFullCredit":false},{"lineNumber":6,"author":{"gitId":"mellowfarm"},"content":"        Scanner sc \u003d new Scanner(System.in);","lastModifiedDate":"2025-08-20T18:15:03","isFullCredit":false},{"lineNumber":7,"author":{"gitId":"mellowfarm"},"content":"        ArrayList\u003cTask\u003e tasks \u003d new ArrayList\u003c\u003e();","lastModifiedDate":"2025-08-21T15:44:54","isFullCredit":false},{"lineNumber":8,"author":{"gitId":"mellowfarm"},"content":"","lastModifiedDate":"2025-08-20T18:15:03","isFullCredit":false},{"lineNumber":9,"author":{"gitId":"mellowfarm"},"content":"        // greetings","lastModifiedDate":"2025-08-20T18:15:03","isFullCredit":false},{"lineNumber":10,"author":{"gitId":"mellowfarm"},"content":"        System.out.println(\"____________________________________________________________\");","lastModifiedDate":"2025-08-20T17:53:30","isFullCredit":false},{"lineNumber":11,"author":{"gitId":"mellowfarm"},"content":"        System.out.println(\"Hello! I\u0027m \" + name + \"\\nWhat can I do for you?\");","lastModifiedDate":"2025-08-20T17:53:30","isFullCredit":false},{"lineNumber":12,"author":{"gitId":"mellowfarm"},"content":"        System.out.println(\"____________________________________________________________\");","lastModifiedDate":"2025-08-20T18:15:03","isFullCredit":false},{"lineNumber":13,"author":{"gitId":"mellowfarm"},"content":"","lastModifiedDate":"2025-08-20T18:15:03","isFullCredit":false},{"lineNumber":14,"author":{"gitId":"mellowfarm"},"content":"        // input and processing input","lastModifiedDate":"2025-08-20T18:15:03","isFullCredit":false},{"lineNumber":15,"author":{"gitId":"mellowfarm"},"content":"        while (sc.hasNextLine()) {","lastModifiedDate":"2025-08-20T18:15:03","isFullCredit":false},{"lineNumber":16,"author":{"gitId":"mellowfarm"},"content":"            String input \u003d sc.nextLine();","lastModifiedDate":"2025-08-20T18:15:03","isFullCredit":false},{"lineNumber":17,"author":{"gitId":"mellowfarm"},"content":"            String[] split \u003d input.split(\"\\\\s+\", 2);","lastModifiedDate":"2025-08-20T23:44:39","isFullCredit":false},{"lineNumber":18,"author":{"gitId":"mellowfarm"},"content":"            String instruction \u003d split[0];","lastModifiedDate":"2025-08-20T23:44:39","isFullCredit":false},{"lineNumber":19,"author":{"gitId":"mellowfarm"},"content":"            String contents \u003d (split.length \u003e 1) ? split[1] : \"\";","lastModifiedDate":"2025-08-20T23:44:39","isFullCredit":false},{"lineNumber":20,"author":{"gitId":"mellowfarm"},"content":"","lastModifiedDate":"2025-08-20T18:15:03","isFullCredit":false},{"lineNumber":21,"author":{"gitId":"mellowfarm"},"content":"            try {","lastModifiedDate":"2025-08-21T10:14:45","isFullCredit":false},{"lineNumber":22,"author":{"gitId":"mellowfarm"},"content":"                if (\"bye\".equals(instruction)) {","lastModifiedDate":"2025-08-20T23:44:39","isFullCredit":false},{"lineNumber":23,"author":{"gitId":"mellowfarm"},"content":"                    break;","lastModifiedDate":"2025-08-20T18:15:03","isFullCredit":false},{"lineNumber":24,"author":{"gitId":"mellowfarm"},"content":"                }","lastModifiedDate":"2025-08-20T18:15:03","isFullCredit":false},{"lineNumber":25,"author":{"gitId":"mellowfarm"},"content":"","lastModifiedDate":"2025-08-20T18:15:03","isFullCredit":false},{"lineNumber":26,"author":{"gitId":"mellowfarm"},"content":"                if (\"list\".equals(instruction)) {","lastModifiedDate":"2025-08-20T23:44:39","isFullCredit":false},{"lineNumber":27,"author":{"gitId":"mellowfarm"},"content":"                    System.out.println(\"____________________________________________________________\");","lastModifiedDate":"2025-08-21T15:44:54","isFullCredit":false},{"lineNumber":28,"author":{"gitId":"mellowfarm"},"content":"                    for (int i \u003d 1; i \u003c\u003d tasks.size(); i++) {","lastModifiedDate":"2025-08-21T15:44:54","isFullCredit":false},{"lineNumber":29,"author":{"gitId":"mellowfarm"},"content":"                        System.out.println(i + \".\" + tasks.get(i - 1).toString());","lastModifiedDate":"2025-08-21T15:44:54","isFullCredit":false},{"lineNumber":30,"author":{"gitId":"mellowfarm"},"content":"                    }","lastModifiedDate":"2025-08-20T18:26:57","isFullCredit":false},{"lineNumber":31,"author":{"gitId":"mellowfarm"},"content":"                    System.out.println(\"____________________________________________________________\");","lastModifiedDate":"2025-08-20T18:26:57","isFullCredit":false},{"lineNumber":32,"author":{"gitId":"mellowfarm"},"content":"                } else if (\"mark\".equals(instruction)) {","lastModifiedDate":"2025-08-20T23:44:39","isFullCredit":false},{"lineNumber":33,"author":{"gitId":"mellowfarm"},"content":"                    System.out.println(\"____________________________________________________________\");","lastModifiedDate":"2025-08-21T15:44:54","isFullCredit":false},{"lineNumber":34,"author":{"gitId":"mellowfarm"},"content":"                    int taskNum \u003d Integer.parseInt(contents) - 1;","lastModifiedDate":"2025-08-20T23:44:39","isFullCredit":false},{"lineNumber":35,"author":{"gitId":"mellowfarm"},"content":"                    tasks.get(taskNum).markAsDone();","lastModifiedDate":"2025-08-21T15:44:54","isFullCredit":false},{"lineNumber":36,"author":{"gitId":"mellowfarm"},"content":"                    System.out.println(\"Nice! I\u0027ve marked this task as done:\\n[\" + tasks.get(taskNum).getStatusIcon() + \"] \" +","lastModifiedDate":"2025-08-21T15:44:54","isFullCredit":false},{"lineNumber":37,"author":{"gitId":"mellowfarm"},"content":"                            tasks.get(taskNum).getDescription());","lastModifiedDate":"2025-08-21T15:44:54","isFullCredit":false},{"lineNumber":38,"author":{"gitId":"mellowfarm"},"content":"                    System.out.println(\"____________________________________________________________\");","lastModifiedDate":"2025-08-20T18:57:36","isFullCredit":false},{"lineNumber":39,"author":{"gitId":"mellowfarm"},"content":"                } else if (\"unmark\".equals(instruction)) {","lastModifiedDate":"2025-08-20T23:44:39","isFullCredit":false},{"lineNumber":40,"author":{"gitId":"mellowfarm"},"content":"                    System.out.println(\"____________________________________________________________\");","lastModifiedDate":"2025-08-21T15:44:54","isFullCredit":false},{"lineNumber":41,"author":{"gitId":"mellowfarm"},"content":"                    int taskNum \u003d Integer.parseInt(contents) - 1;","lastModifiedDate":"2025-08-21T15:44:54","isFullCredit":false},{"lineNumber":42,"author":{"gitId":"mellowfarm"},"content":"                    tasks.get(taskNum).markAsUndone();","lastModifiedDate":"2025-08-21T15:44:54","isFullCredit":false},{"lineNumber":43,"author":{"gitId":"mellowfarm"},"content":"                    System.out.println(\"OK, I\u0027ve marked this task as not done yet:\\n[\" + tasks.get(taskNum).getStatusIcon() + \"] \" +","lastModifiedDate":"2025-08-21T15:44:54","isFullCredit":false},{"lineNumber":44,"author":{"gitId":"mellowfarm"},"content":"                            tasks.get(taskNum).getDescription());","lastModifiedDate":"2025-08-21T15:44:54","isFullCredit":false},{"lineNumber":45,"author":{"gitId":"mellowfarm"},"content":"                    System.out.println(\"____________________________________________________________\");","lastModifiedDate":"2025-08-21T15:44:54","isFullCredit":false},{"lineNumber":46,"author":{"gitId":"mellowfarm"},"content":"                } else if (\"delete\".equals(instruction)) {","lastModifiedDate":"2025-08-21T15:44:54","isFullCredit":false},{"lineNumber":47,"author":{"gitId":"mellowfarm"},"content":"                    System.out.println(\"____________________________________________________________\");","lastModifiedDate":"2025-08-21T15:44:54","isFullCredit":false},{"lineNumber":48,"author":{"gitId":"mellowfarm"},"content":"                    int taskNum \u003d Integer.parseInt(contents) - 1;","lastModifiedDate":"2025-08-20T23:44:39","isFullCredit":false},{"lineNumber":49,"author":{"gitId":"mellowfarm"},"content":"                    Task rem \u003d tasks.get(taskNum);","lastModifiedDate":"2025-08-21T15:44:54","isFullCredit":false},{"lineNumber":50,"author":{"gitId":"mellowfarm"},"content":"                    tasks.remove(rem);","lastModifiedDate":"2025-08-21T15:44:54","isFullCredit":false},{"lineNumber":51,"author":{"gitId":"mellowfarm"},"content":"                    System.out.println(\"Ok! I\u0027ve removed this task:\\n\" + rem.toString() + \"\\nNow you have \" + tasks.size() +","lastModifiedDate":"2025-08-21T15:44:54","isFullCredit":false},{"lineNumber":52,"author":{"gitId":"mellowfarm"},"content":"                            \" tasks in the list.\");","lastModifiedDate":"2025-08-21T15:44:54","isFullCredit":false},{"lineNumber":53,"author":{"gitId":"mellowfarm"},"content":"                    System.out.println(\"____________________________________________________________\");","lastModifiedDate":"2025-08-20T18:57:36","isFullCredit":false},{"lineNumber":54,"author":{"gitId":"mellowfarm"},"content":"                } else {","lastModifiedDate":"2025-08-20T18:26:57","isFullCredit":false},{"lineNumber":55,"author":{"gitId":"mellowfarm"},"content":"                    if (\"todo\".equals(instruction)) {","lastModifiedDate":"2025-08-20T23:44:39","isFullCredit":false},{"lineNumber":56,"author":{"gitId":"mellowfarm"},"content":"                        if (\"\".equals(contents)) {","lastModifiedDate":"2025-08-21T10:14:45","isFullCredit":false},{"lineNumber":57,"author":{"gitId":"mellowfarm"},"content":"                            throw new BugException(\":(! a todo task must have a description!\");","lastModifiedDate":"2025-08-21T10:14:45","isFullCredit":false},{"lineNumber":58,"author":{"gitId":"mellowfarm"},"content":"                        }","lastModifiedDate":"2025-08-21T10:14:45","isFullCredit":false},{"lineNumber":59,"author":{"gitId":"mellowfarm"},"content":"                        Task todo \u003d new ToDos(contents);","lastModifiedDate":"2025-08-21T15:44:54","isFullCredit":false},{"lineNumber":60,"author":{"gitId":"mellowfarm"},"content":"                        tasks.add(todo);","lastModifiedDate":"2025-08-21T15:44:54","isFullCredit":false},{"lineNumber":61,"author":{"gitId":"mellowfarm"},"content":"                        System.out.println(\"____________________________________________________________\");","lastModifiedDate":"2025-08-20T23:44:39","isFullCredit":false},{"lineNumber":62,"author":{"gitId":"mellowfarm"},"content":"                        System.out.println(\"Ok! I\u0027ve added this task:\\n\" + todo.toString() +","lastModifiedDate":"2025-08-21T15:44:54","isFullCredit":false},{"lineNumber":63,"author":{"gitId":"mellowfarm"},"content":"                                \"\\nNow you have \" + tasks.size() + \" tasks in the list.\");","lastModifiedDate":"2025-08-21T15:44:54","isFullCredit":false},{"lineNumber":64,"author":{"gitId":"mellowfarm"},"content":"                        System.out.println(\"____________________________________________________________\");","lastModifiedDate":"2025-08-20T23:44:39","isFullCredit":false},{"lineNumber":65,"author":{"gitId":"mellowfarm"},"content":"                    } else if (\"deadline\".equals(instruction)) {","lastModifiedDate":"2025-08-20T23:44:39","isFullCredit":false},{"lineNumber":66,"author":{"gitId":"mellowfarm"},"content":"                        String[] parts \u003d contents.split(\"/\", 2);","lastModifiedDate":"2025-08-20T23:44:39","isFullCredit":false},{"lineNumber":67,"author":{"gitId":"mellowfarm"},"content":"                        String desc \u003d parts[0];","lastModifiedDate":"2025-08-20T23:44:39","isFullCredit":false},{"lineNumber":68,"author":{"gitId":"mellowfarm"},"content":"                        if (\"\".equals(desc)) {","lastModifiedDate":"2025-08-21T10:14:45","isFullCredit":false},{"lineNumber":69,"author":{"gitId":"mellowfarm"},"content":"                            throw new BugException(\":(! a deadline task must have a description!\");","lastModifiedDate":"2025-08-21T10:14:45","isFullCredit":false},{"lineNumber":70,"author":{"gitId":"mellowfarm"},"content":"                        }","lastModifiedDate":"2025-08-21T10:14:45","isFullCredit":false},{"lineNumber":71,"author":{"gitId":"mellowfarm"},"content":"                        String by \u003d parts[1].trim().split(\"\\\\s+\", 2)[1];","lastModifiedDate":"2025-08-20T23:44:39","isFullCredit":false},{"lineNumber":72,"author":{"gitId":"mellowfarm"},"content":"                        if (\"\".equals(by)) {","lastModifiedDate":"2025-08-21T10:14:45","isFullCredit":false},{"lineNumber":73,"author":{"gitId":"mellowfarm"},"content":"                            throw new BugException(\":(! a deadline task must have a due date!\");","lastModifiedDate":"2025-08-21T10:14:45","isFullCredit":false},{"lineNumber":74,"author":{"gitId":"mellowfarm"},"content":"                        }","lastModifiedDate":"2025-08-21T10:14:45","isFullCredit":false},{"lineNumber":75,"author":{"gitId":"mellowfarm"},"content":"                        Task deadline \u003d new Deadlines(desc, by);","lastModifiedDate":"2025-08-21T15:44:54","isFullCredit":false},{"lineNumber":76,"author":{"gitId":"mellowfarm"},"content":"                        tasks.add(deadline);","lastModifiedDate":"2025-08-21T15:44:54","isFullCredit":false},{"lineNumber":77,"author":{"gitId":"mellowfarm"},"content":"                        System.out.println(\"____________________________________________________________\");","lastModifiedDate":"2025-08-20T23:44:39","isFullCredit":false},{"lineNumber":78,"author":{"gitId":"mellowfarm"},"content":"                        System.out.println(\"Ok! I\u0027ve added this task:\\n\" + deadline.toString() +","lastModifiedDate":"2025-08-21T15:44:54","isFullCredit":false},{"lineNumber":79,"author":{"gitId":"mellowfarm"},"content":"                                \"\\nNow you have \" + tasks.size() + \" tasks in the list.\");","lastModifiedDate":"2025-08-21T15:44:54","isFullCredit":false},{"lineNumber":80,"author":{"gitId":"mellowfarm"},"content":"                        System.out.println(\"____________________________________________________________\");","lastModifiedDate":"2025-08-20T18:15:03","isFullCredit":false},{"lineNumber":81,"author":{"gitId":"mellowfarm"},"content":"                    } else if (\"event\".equals(instruction)) {","lastModifiedDate":"2025-08-21T10:14:45","isFullCredit":false},{"lineNumber":82,"author":{"gitId":"mellowfarm"},"content":"                        String[] parts \u003d contents.split(\"/\", 3);","lastModifiedDate":"2025-08-20T23:44:39","isFullCredit":false},{"lineNumber":83,"author":{"gitId":"mellowfarm"},"content":"                        String desc \u003d parts[0];","lastModifiedDate":"2025-08-20T23:44:39","isFullCredit":false},{"lineNumber":84,"author":{"gitId":"mellowfarm"},"content":"                        if (\"\".equals(desc)) {","lastModifiedDate":"2025-08-21T10:14:45","isFullCredit":false},{"lineNumber":85,"author":{"gitId":"mellowfarm"},"content":"                            throw new BugException(\":(! an event task must have a description!\");","lastModifiedDate":"2025-08-21T10:14:45","isFullCredit":false},{"lineNumber":86,"author":{"gitId":"mellowfarm"},"content":"                        }","lastModifiedDate":"2025-08-21T10:14:45","isFullCredit":false},{"lineNumber":87,"author":{"gitId":"mellowfarm"},"content":"                        String start \u003d parts[1].trim().split(\"\\\\s+\", 2)[1];","lastModifiedDate":"2025-08-20T23:44:39","isFullCredit":false},{"lineNumber":88,"author":{"gitId":"mellowfarm"},"content":"                        if (\"\".equals(start)) {","lastModifiedDate":"2025-08-21T10:14:45","isFullCredit":false},{"lineNumber":89,"author":{"gitId":"mellowfarm"},"content":"                            throw new BugException(\":(! an event task must have a start date!\");","lastModifiedDate":"2025-08-21T10:14:45","isFullCredit":false},{"lineNumber":90,"author":{"gitId":"mellowfarm"},"content":"                        }","lastModifiedDate":"2025-08-21T10:14:45","isFullCredit":false},{"lineNumber":91,"author":{"gitId":"mellowfarm"},"content":"                        String end \u003d parts[2].trim().split(\"\\\\s+\", 2)[1];","lastModifiedDate":"2025-08-20T23:44:39","isFullCredit":false},{"lineNumber":92,"author":{"gitId":"mellowfarm"},"content":"                        if (\"\".equals(end)) {","lastModifiedDate":"2025-08-21T10:14:45","isFullCredit":false},{"lineNumber":93,"author":{"gitId":"mellowfarm"},"content":"                            throw new BugException(\":(! an event task must have an end date!\");","lastModifiedDate":"2025-08-21T10:14:45","isFullCredit":false},{"lineNumber":94,"author":{"gitId":"mellowfarm"},"content":"                        }","lastModifiedDate":"2025-08-21T10:14:45","isFullCredit":false},{"lineNumber":95,"author":{"gitId":"mellowfarm"},"content":"                        Task event \u003d new Events(desc, start, end);","lastModifiedDate":"2025-08-21T15:44:54","isFullCredit":false},{"lineNumber":96,"author":{"gitId":"mellowfarm"},"content":"                        tasks.add(new Events(desc, start, end));","lastModifiedDate":"2025-08-21T15:44:54","isFullCredit":false},{"lineNumber":97,"author":{"gitId":"mellowfarm"},"content":"                        System.out.println(\"____________________________________________________________\");","lastModifiedDate":"2025-08-20T23:44:39","isFullCredit":false},{"lineNumber":98,"author":{"gitId":"mellowfarm"},"content":"                        System.out.println(\"Ok! I\u0027ve added this task:\\n\" + event.toString() +","lastModifiedDate":"2025-08-21T15:44:54","isFullCredit":false},{"lineNumber":99,"author":{"gitId":"mellowfarm"},"content":"                                \"\\nNow you have \" + tasks.size() + \" tasks in the list.\");","lastModifiedDate":"2025-08-21T15:44:54","isFullCredit":false},{"lineNumber":100,"author":{"gitId":"mellowfarm"},"content":"                        System.out.println(\"____________________________________________________________\");","lastModifiedDate":"2025-08-20T18:15:03","isFullCredit":false},{"lineNumber":101,"author":{"gitId":"mellowfarm"},"content":"                    } else {","lastModifiedDate":"2025-08-21T10:14:45","isFullCredit":false},{"lineNumber":102,"author":{"gitId":"mellowfarm"},"content":"                        throw new BugException(\":(! i don\u0027t know what you mean! please re-enter your task :)!\");","lastModifiedDate":"2025-08-21T10:14:45","isFullCredit":false},{"lineNumber":103,"author":{"gitId":"mellowfarm"},"content":"                    }","lastModifiedDate":"2025-08-20T23:44:39","isFullCredit":false},{"lineNumber":104,"author":{"gitId":"mellowfarm"},"content":"","lastModifiedDate":"2025-08-20T18:57:36","isFullCredit":false},{"lineNumber":105,"author":{"gitId":"mellowfarm"},"content":"                }","lastModifiedDate":"2025-08-21T10:14:45","isFullCredit":false},{"lineNumber":106,"author":{"gitId":"mellowfarm"},"content":"            } catch (BugException e) {","lastModifiedDate":"2025-08-21T10:14:45","isFullCredit":false},{"lineNumber":107,"author":{"gitId":"mellowfarm"},"content":"                System.out.println(\"____________________________________________________________\");","lastModifiedDate":"2025-08-21T10:14:45","isFullCredit":false},{"lineNumber":108,"author":{"gitId":"mellowfarm"},"content":"                System.out.println(e.getMessage());","lastModifiedDate":"2025-08-21T10:14:45","isFullCredit":false},{"lineNumber":109,"author":{"gitId":"mellowfarm"},"content":"                System.out.println(\"____________________________________________________________\");","lastModifiedDate":"2025-08-21T10:14:45","isFullCredit":false},{"lineNumber":110,"author":{"gitId":"mellowfarm"},"content":"            }","lastModifiedDate":"2025-08-21T10:14:45","isFullCredit":false},{"lineNumber":111,"author":{"gitId":"mellowfarm"},"content":"","lastModifiedDate":"2025-08-20T18:57:36","isFullCredit":false},{"lineNumber":112,"author":{"gitId":"mellowfarm"},"content":"        }","lastModifiedDate":"2025-08-20T18:26:57","isFullCredit":false},{"lineNumber":113,"author":{"gitId":"mellowfarm"},"content":"","lastModifiedDate":"2025-08-20T18:15:03","isFullCredit":false},{"lineNumber":114,"author":{"gitId":"mellowfarm"},"content":"        System.out.println(\"____________________________________________________________\");","lastModifiedDate":"2025-08-20T17:53:30","isFullCredit":false},{"lineNumber":115,"author":{"gitId":"mellowfarm"},"content":"        System.out.println(\"Bye. Hope to see you again soon!\");","lastModifiedDate":"2025-08-20T17:53:30","isFullCredit":false},{"lineNumber":116,"author":{"gitId":"mellowfarm"},"content":"        System.out.println(\"____________________________________________________________\");","lastModifiedDate":"2025-08-20T18:15:03","isFullCredit":false},{"lineNumber":117,"author":{"gitId":"mellowfarm"},"content":"    }","lastModifiedDate":"2025-08-20T17:53:30","isFullCredit":false},{"lineNumber":118,"author":{"gitId":"mellowfarm"},"content":"}","lastModifiedDate":"2025-08-20T17:53:30","isFullCredit":false}],"authorContributionMap":{"mellowfarm":118}},{"path":"src/main/java/BugException.java","fileType":"java","lines":[{"lineNumber":1,"author":{"gitId":"mellowfarm"},"content":"public class BugException extends Exception {","lastModifiedDate":"2025-08-21T10:14:45","isFullCredit":false},{"lineNumber":2,"author":{"gitId":"mellowfarm"},"content":"    public BugException(String message) {","lastModifiedDate":"2025-08-21T10:14:45","isFullCredit":false},{"lineNumber":3,"author":{"gitId":"mellowfarm"},"content":"        super(message);","lastModifiedDate":"2025-08-21T10:14:45","isFullCredit":false},{"lineNumber":4,"author":{"gitId":"mellowfarm"},"content":"    }","lastModifiedDate":"2025-08-21T10:14:45","isFullCredit":false},{"lineNumber":5,"author":{"gitId":"mellowfarm"},"content":"}","lastModifiedDate":"2025-08-21T10:14:45","isFullCredit":false}],"authorContributionMap":{"mellowfarm":5}},{"path":"src/main/java/Deadlines.java","fileType":"java","lines":[{"lineNumber":1,"author":{"gitId":"mellowfarm"},"content":"public class Deadlines extends Task{","lastModifiedDate":"2025-08-20T23:44:39","isFullCredit":false},{"lineNumber":2,"author":{"gitId":"mellowfarm"},"content":"","lastModifiedDate":"2025-08-20T23:44:39","isFullCredit":false},{"lineNumber":3,"author":{"gitId":"mellowfarm"},"content":"    protected String by;","lastModifiedDate":"2025-08-20T23:44:39","isFullCredit":false},{"lineNumber":4,"author":{"gitId":"mellowfarm"},"content":"","lastModifiedDate":"2025-08-20T23:44:39","isFullCredit":false},{"lineNumber":5,"author":{"gitId":"mellowfarm"},"content":"    public Deadlines(String description, String by) {","lastModifiedDate":"2025-08-20T23:44:39","isFullCredit":false},{"lineNumber":6,"author":{"gitId":"mellowfarm"},"content":"        super(description);","lastModifiedDate":"2025-08-20T23:44:39","isFullCredit":false},{"lineNumber":7,"author":{"gitId":"mellowfarm"},"content":"        this.by \u003d by;","lastModifiedDate":"2025-08-20T23:44:39","isFullCredit":false},{"lineNumber":8,"author":{"gitId":"mellowfarm"},"content":"    }","lastModifiedDate":"2025-08-20T23:44:39","isFullCredit":false},{"lineNumber":9,"author":{"gitId":"mellowfarm"},"content":"","lastModifiedDate":"2025-08-20T23:44:39","isFullCredit":false},{"lineNumber":10,"author":{"gitId":"mellowfarm"},"content":"    @Override","lastModifiedDate":"2025-08-20T23:44:39","isFullCredit":false},{"lineNumber":11,"author":{"gitId":"mellowfarm"},"content":"    public String toString() {","lastModifiedDate":"2025-08-20T23:44:39","isFullCredit":false},{"lineNumber":12,"author":{"gitId":"mellowfarm"},"content":"        return \"[D]\" + super.toString() + \"(by: \" + by + \")\";","lastModifiedDate":"2025-08-20T23:44:39","isFullCredit":false},{"lineNumber":13,"author":{"gitId":"mellowfarm"},"content":"    }","lastModifiedDate":"2025-08-20T23:44:39","isFullCredit":false},{"lineNumber":14,"author":{"gitId":"mellowfarm"},"content":"}","lastModifiedDate":"2025-08-20T23:44:39","isFullCredit":false}],"authorContributionMap":{"mellowfarm":14}},{"path":"src/main/java/Events.java","fileType":"java","lines":[{"lineNumber":1,"author":{"gitId":"mellowfarm"},"content":"public class Events extends Task {","lastModifiedDate":"2025-08-20T23:44:39","isFullCredit":false},{"lineNumber":2,"author":{"gitId":"mellowfarm"},"content":"    protected String start;","lastModifiedDate":"2025-08-20T23:44:39","isFullCredit":false},{"lineNumber":3,"author":{"gitId":"mellowfarm"},"content":"    protected String end;","lastModifiedDate":"2025-08-20T23:44:39","isFullCredit":false},{"lineNumber":4,"author":{"gitId":"mellowfarm"},"content":"","lastModifiedDate":"2025-08-20T23:44:39","isFullCredit":false},{"lineNumber":5,"author":{"gitId":"mellowfarm"},"content":"    public Events(String description, String start, String end) {","lastModifiedDate":"2025-08-20T23:44:39","isFullCredit":false},{"lineNumber":6,"author":{"gitId":"mellowfarm"},"content":"        super(description);","lastModifiedDate":"2025-08-20T23:44:39","isFullCredit":false},{"lineNumber":7,"author":{"gitId":"mellowfarm"},"content":"        this.start \u003d start;","lastModifiedDate":"2025-08-20T23:44:39","isFullCredit":false},{"lineNumber":8,"author":{"gitId":"mellowfarm"},"content":"        this.end \u003d end;","lastModifiedDate":"2025-08-20T23:44:39","isFullCredit":false},{"lineNumber":9,"author":{"gitId":"mellowfarm"},"content":"    }","lastModifiedDate":"2025-08-20T23:44:39","isFullCredit":false},{"lineNumber":10,"author":{"gitId":"mellowfarm"},"content":"","lastModifiedDate":"2025-08-20T23:44:39","isFullCredit":false},{"lineNumber":11,"author":{"gitId":"mellowfarm"},"content":"    @Override","lastModifiedDate":"2025-08-20T23:44:39","isFullCredit":false},{"lineNumber":12,"author":{"gitId":"mellowfarm"},"content":"    public String toString() {","lastModifiedDate":"2025-08-20T23:44:39","isFullCredit":false},{"lineNumber":13,"author":{"gitId":"mellowfarm"},"content":"        return \"[E]\" + super.toString() + \" (from: \" + start + \" to: \" + end + \")\";","lastModifiedDate":"2025-08-20T23:44:39","isFullCredit":false},{"lineNumber":14,"author":{"gitId":"mellowfarm"},"content":"    }","lastModifiedDate":"2025-08-20T23:44:39","isFullCredit":false},{"lineNumber":15,"author":{"gitId":"mellowfarm"},"content":"}","lastModifiedDate":"2025-08-20T23:44:39","isFullCredit":false}],"authorContributionMap":{"mellowfarm":15}},{"path":"src/main/java/Task.java","fileType":"java","lines":[{"lineNumber":1,"author":{"gitId":"mellowfarm"},"content":"public class Task {","lastModifiedDate":"2025-08-20T18:57:36","isFullCredit":false},{"lineNumber":2,"author":{"gitId":"mellowfarm"},"content":"    protected String description;","lastModifiedDate":"2025-08-20T18:57:36","isFullCredit":false},{"lineNumber":3,"author":{"gitId":"mellowfarm"},"content":"    protected boolean isDone;","lastModifiedDate":"2025-08-20T18:57:36","isFullCredit":false},{"lineNumber":4,"author":{"gitId":"mellowfarm"},"content":"","lastModifiedDate":"2025-08-20T18:57:36","isFullCredit":false},{"lineNumber":5,"author":{"gitId":"mellowfarm"},"content":"    public Task(String description) {","lastModifiedDate":"2025-08-20T18:57:36","isFullCredit":false},{"lineNumber":6,"author":{"gitId":"mellowfarm"},"content":"        this.description \u003d description;","lastModifiedDate":"2025-08-20T18:57:36","isFullCredit":false},{"lineNumber":7,"author":{"gitId":"mellowfarm"},"content":"        this.isDone \u003d false;","lastModifiedDate":"2025-08-20T18:57:36","isFullCredit":false},{"lineNumber":8,"author":{"gitId":"mellowfarm"},"content":"    }","lastModifiedDate":"2025-08-20T18:57:36","isFullCredit":false},{"lineNumber":9,"author":{"gitId":"mellowfarm"},"content":"","lastModifiedDate":"2025-08-20T18:57:36","isFullCredit":false},{"lineNumber":10,"author":{"gitId":"mellowfarm"},"content":"    public String getStatusIcon() {","lastModifiedDate":"2025-08-20T18:57:36","isFullCredit":false},{"lineNumber":11,"author":{"gitId":"mellowfarm"},"content":"        return (isDone ? \"X\" : \" \");","lastModifiedDate":"2025-08-20T18:57:36","isFullCredit":false},{"lineNumber":12,"author":{"gitId":"mellowfarm"},"content":"    }","lastModifiedDate":"2025-08-20T18:57:36","isFullCredit":false},{"lineNumber":13,"author":{"gitId":"mellowfarm"},"content":"","lastModifiedDate":"2025-08-20T18:57:36","isFullCredit":false},{"lineNumber":14,"author":{"gitId":"mellowfarm"},"content":"    public String getDescription(){","lastModifiedDate":"2025-08-20T18:57:36","isFullCredit":false},{"lineNumber":15,"author":{"gitId":"mellowfarm"},"content":"        return this.description;","lastModifiedDate":"2025-08-20T18:57:36","isFullCredit":false},{"lineNumber":16,"author":{"gitId":"mellowfarm"},"content":"    }","lastModifiedDate":"2025-08-20T18:57:36","isFullCredit":false},{"lineNumber":17,"author":{"gitId":"mellowfarm"},"content":"","lastModifiedDate":"2025-08-20T18:57:36","isFullCredit":false},{"lineNumber":18,"author":{"gitId":"mellowfarm"},"content":"    public void markAsDone() {","lastModifiedDate":"2025-08-20T18:57:36","isFullCredit":false},{"lineNumber":19,"author":{"gitId":"mellowfarm"},"content":"        this.isDone \u003d true;","lastModifiedDate":"2025-08-20T18:57:36","isFullCredit":false},{"lineNumber":20,"author":{"gitId":"mellowfarm"},"content":"    }","lastModifiedDate":"2025-08-20T18:57:36","isFullCredit":false},{"lineNumber":21,"author":{"gitId":"mellowfarm"},"content":"","lastModifiedDate":"2025-08-20T18:57:36","isFullCredit":false},{"lineNumber":22,"author":{"gitId":"mellowfarm"},"content":"    public void markAsUndone() {","lastModifiedDate":"2025-08-20T18:57:36","isFullCredit":false},{"lineNumber":23,"author":{"gitId":"mellowfarm"},"content":"        this.isDone \u003d false;","lastModifiedDate":"2025-08-20T18:57:36","isFullCredit":false},{"lineNumber":24,"author":{"gitId":"mellowfarm"},"content":"    }","lastModifiedDate":"2025-08-20T18:57:36","isFullCredit":false},{"lineNumber":25,"author":{"gitId":"mellowfarm"},"content":"","lastModifiedDate":"2025-08-20T23:44:39","isFullCredit":false},{"lineNumber":26,"author":{"gitId":"mellowfarm"},"content":"    @Override","lastModifiedDate":"2025-08-20T23:44:39","isFullCredit":false},{"lineNumber":27,"author":{"gitId":"mellowfarm"},"content":"    public String toString() {","lastModifiedDate":"2025-08-20T23:44:39","isFullCredit":false},{"lineNumber":28,"author":{"gitId":"mellowfarm"},"content":"        return \"[\" + this.getStatusIcon() + \"] \" + this.getDescription();","lastModifiedDate":"2025-08-20T23:44:39","isFullCredit":false},{"lineNumber":29,"author":{"gitId":"mellowfarm"},"content":"    }","lastModifiedDate":"2025-08-20T23:44:39","isFullCredit":false},{"lineNumber":30,"author":{"gitId":"mellowfarm"},"content":"}","lastModifiedDate":"2025-08-20T18:57:36","isFullCredit":false}],"authorContributionMap":{"mellowfarm":30}},{"path":"src/main/java/ToDos.java","fileType":"java","lines":[{"lineNumber":1,"author":{"gitId":"mellowfarm"},"content":"public class ToDos extends Task {","lastModifiedDate":"2025-08-20T23:44:39","isFullCredit":false},{"lineNumber":2,"author":{"gitId":"mellowfarm"},"content":"","lastModifiedDate":"2025-08-20T23:44:39","isFullCredit":false},{"lineNumber":3,"author":{"gitId":"mellowfarm"},"content":"    public ToDos(String description) {","lastModifiedDate":"2025-08-20T23:44:39","isFullCredit":false},{"lineNumber":4,"author":{"gitId":"mellowfarm"},"content":"        super(description);","lastModifiedDate":"2025-08-20T23:44:39","isFullCredit":false},{"lineNumber":5,"author":{"gitId":"mellowfarm"},"content":"    }","lastModifiedDate":"2025-08-20T23:44:39","isFullCredit":false},{"lineNumber":6,"author":{"gitId":"mellowfarm"},"content":"","lastModifiedDate":"2025-08-20T23:44:39","isFullCredit":false},{"lineNumber":7,"author":{"gitId":"mellowfarm"},"content":"    @Override","lastModifiedDate":"2025-08-20T23:44:39","isFullCredit":false},{"lineNumber":8,"author":{"gitId":"mellowfarm"},"content":"    public String toString() {","lastModifiedDate":"2025-08-20T23:44:39","isFullCredit":false},{"lineNumber":9,"author":{"gitId":"mellowfarm"},"content":"        return \"[T]\" + super.toString();","lastModifiedDate":"2025-08-20T23:44:39","isFullCredit":false},{"lineNumber":10,"author":{"gitId":"mellowfarm"},"content":"    }","lastModifiedDate":"2025-08-20T23:44:39","isFullCredit":false},{"lineNumber":11,"author":{"gitId":"mellowfarm"},"content":"}","lastModifiedDate":"2025-08-20T23:44:39","isFullCredit":false}],"authorContributionMap":{"mellowfarm":11}},{"path":"text-ui-test/input.txt","fileType":"txt","lines":[{"lineNumber":1,"author":{"gitId":"mellowfarm"},"content":"todo read book","lastModifiedDate":"2025-08-21T09:51:52","isFullCredit":false},{"lineNumber":2,"author":{"gitId":"mellowfarm"},"content":"event project meeting /from Mon 2pm /to 4pm","lastModifiedDate":"2025-08-21T09:51:52","isFullCredit":false},{"lineNumber":3,"author":{"gitId":"mellowfarm"},"content":"deadline return book /by Sunday","lastModifiedDate":"2025-08-21T09:51:52","isFullCredit":false},{"lineNumber":4,"author":{"gitId":"mellowfarm"},"content":"list","lastModifiedDate":"2025-08-21T09:51:52","isFullCredit":false},{"lineNumber":5,"author":{"gitId":"mellowfarm"},"content":"mark 2","lastModifiedDate":"2025-08-21T09:51:52","isFullCredit":false},{"lineNumber":6,"author":{"gitId":"mellowfarm"},"content":"mark 1","lastModifiedDate":"2025-08-21T09:51:52","isFullCredit":false},{"lineNumber":7,"author":{"gitId":"mellowfarm"},"content":"unmark 1","lastModifiedDate":"2025-08-21T09:51:52","isFullCredit":false},{"lineNumber":8,"author":{"gitId":"mellowfarm"},"content":"list","lastModifiedDate":"2025-08-21T09:51:52","isFullCredit":false},{"lineNumber":9,"author":{"gitId":"mellowfarm"},"content":"bye","lastModifiedDate":"2025-08-21T09:51:52","isFullCredit":false}],"authorContributionMap":{"mellowfarm":9}}]
