{"authorDailyContributionsMap":{"mellowfarm":[{"date":"2025-08-20T00:00:00","commitResults":[{"hash":"ffdb9306cb3c5a80cf2aa50bab31a4598d84c8cf","isMergeCommit":false,"messageTitle":"renamed chatbot, did greeting and exit messages","messageBody":"","tags":["level-0"],"fileTypesAndContributionMap":{"java":{"insertions":9,"deletions":10}}},{"hash":"d733c9252e9982723b7160a6170bedbda0f47b5d","isMergeCommit":false,"messageTitle":"chatbot echoes commands entered by user and exits when user types: bye","messageBody":"","tags":["level-1"],"fileTypesAndContributionMap":{"java":{"insertions":21,"deletions":0}}},{"hash":"7bb38fd7e11d1ee66d3d3b70254fa63b348fa5f1","isMergeCommit":false,"messageTitle":"added ability to store text entered by the user and display it back to the user when requested","messageBody":"","tags":["level-2"],"fileTypesAndContributionMap":{"java":{"insertions":15,"deletions":4}}},{"hash":"bff83fb4f71b0e0d84975f9ff1dd56cb87951119","isMergeCommit":false,"messageTitle":"added the ability to mark tasks as done and change back to undone","messageBody":"","tags":["level-3"],"fileTypesAndContributionMap":{"java":{"insertions":42,"deletions":3}}},{"hash":"4424043a67a18751215591fdad23723729c0975f","isMergeCommit":false,"messageTitle":"add support for tracking 3 types of tasks","messageBody":"","tags":["level-4"],"fileTypesAndContributionMap":{"java":{"insertions":84,"deletions":11}}}]},{"date":"2025-08-21T00:00:00","commitResults":[{"hash":"60dee5b17f7f7202b77bad159bb82e7a5fe59855","isMergeCommit":false,"messageTitle":"set up automated text ui testing","messageBody":"","tags":["a-textuitesting"],"fileTypesAndContributionMap":{"txt":{"insertions":9,"deletions":0}}},{"hash":"0e6e8dcc953aa5a08ce2f082f9a95077926772d0","isMergeCommit":false,"messageTitle":"taught chatbot to deal with errors","messageBody":"","tags":["level-5"],"fileTypesAndContributionMap":{"java":{"insertions":80,"deletions":47}}},{"hash":"1916ae8a25bdf60f9306f71bd88f3d089407a230","isMergeCommit":false,"messageTitle":"add support for deleting tasks from the list","messageBody":"","tags":["level-6"],"fileTypesAndContributionMap":{"java":{"insertions":32,"deletions":25}}}]},{"date":"2025-08-28T00:00:00","commitResults":[{"hash":"80d27e0909050dcb8288a60fdeeca57383487336","isMergeCommit":false,"messageTitle":"bug saves the tasks in the hard disk automatically whenever the task list changes and loads the data from the hard disk when the chatbot starts up","messageBody":"","fileTypesAndContributionMap":{"txt":{"insertions":4,"deletions":0},"java":{"insertions":108,"deletions":4}}},{"hash":"dc7c0dd30d85f0d100d79a21ae97e7deec578ef5","isMergeCommit":false,"messageTitle":"accidental changes in master, already fixed","messageBody":"","fileTypesAndContributionMap":{"java":{"insertions":19,"deletions":6}}},{"hash":"474062549eaa635468f97262f5861400480e0a60","isMergeCommit":true,"messageTitle":"merge branch \u0027branch-Level-7\u0027","messageBody":"","tags":["level-7"],"fileTypesAndContributionMap":{}},{"hash":"750686b5e97759bacacf25a36143b01ba435a02f","isMergeCommit":false,"messageTitle":"taught chatbot how to understand dates and times","messageBody":"","tags":["level-8"],"fileTypesAndContributionMap":{"txt":{"insertions":2,"deletions":4},"java":{"insertions":47,"deletions":18}}}]},{"date":"2025-08-31T00:00:00","commitResults":[{"hash":"9609fc4d995c7ca7d2f6eb3b51c83f66c6ffc548","isMergeCommit":false,"messageTitle":"change code to make it OOP","messageBody":"","tags":["A-MoreOOP"],"fileTypesAndContributionMap":{"txt":{"insertions":1,"deletions":2},"java":{"insertions":325,"deletions":133}}},{"hash":"9a3679195b9b3b70380eccfa88cc96cdcd61e854","isMergeCommit":false,"messageTitle":"put everything into package bug","messageBody":"","fileTypesAndContributionMap":{"java":{"insertions":21,"deletions":3}}},{"hash":"c66348ba5849d81ff8ed9f676e61961ec2cd12a9","isMergeCommit":true,"messageTitle":"Merge branch \u0027branch-A-Packages\u0027","messageBody":"","tags":["A-Packages"],"fileTypesAndContributionMap":{}},{"hash":"69eb0fe99a1a78fbd6be7eea4f8b896b843aadc6","isMergeCommit":true,"messageTitle":"Merge branch \u0027add-gradle-support\u0027","messageBody":"","fileTypesAndContributionMap":{}},{"hash":"ed6a155e3bb9c09c66ce486ef93269624973393d","isMergeCommit":false,"messageTitle":"add junit tests","messageBody":"","tags":["A-Jar","A-JUnit"],"fileTypesAndContributionMap":{"gradle":{"insertions":1,"deletions":1},"txt":{"insertions":1,"deletions":0},"java":{"insertions":154,"deletions":2}}},{"hash":"fed9e88f0b244277e0a0ba67765c6e0e338d63fa","isMergeCommit":false,"messageTitle":"add JavaDoc comments to some classes and methods","messageBody":"","tags":["A-JavaDoc"],"fileTypesAndContributionMap":{"gradle":{"insertions":10,"deletions":1},"txt":{"insertions":1,"deletions":0},"java":{"insertions":159,"deletions":32}}},{"hash":"58d2fccb2dcf0eba342ae72529589b7ee47fcae0","isMergeCommit":false,"messageTitle":"tweak code to comply with coding standard","messageBody":"","fileTypesAndContributionMap":{"java":{"insertions":43,"deletions":44}}},{"hash":"2a2cf4f51bbf24f8b5366f8d0811b500a2d72bbc","isMergeCommit":false,"messageTitle":"users can search for a keyword in task description","messageBody":"","tags":["A-Gradle"],"fileTypesAndContributionMap":{"java":{"insertions":36,"deletions":1}}},{"hash":"37d7776bb8048a35d3d653783facfd9213a8937a","isMergeCommit":true,"messageTitle":"fixed merge conflict issues","messageBody":"","tags":["A-CodingStandard"],"fileTypesAndContributionMap":{}},{"hash":"367417bb8e43bebb74cab0bbb39e6dabb0f78565","isMergeCommit":true,"messageTitle":"fixed merge conflicts","messageBody":"","tags":["level-9"],"fileTypesAndContributionMap":{}}]},{"date":"2025-09-06T00:00:00","commitResults":[{"hash":"d8c4b1efb62225cc89f57f8a10a0a9b93df89ff1","isMergeCommit":false,"messageTitle":"complete first draft of gui","messageBody":"","fileTypesAndContributionMap":{"gradle":{"insertions":17,"deletions":2},"txt":{"insertions":4,"deletions":3},"fxml":{"insertions":44,"deletions":0},"java":{"insertions":488,"deletions":246}}},{"hash":"83885d054fdb872d7e2d43ffd85aba609e2f1443","isMergeCommit":false,"messageTitle":"made chatbot prettier","messageBody":"","tags":["level-10"],"fileTypesAndContributionMap":{"txt":{"insertions":1,"deletions":2},"fxml":{"insertions":1,"deletions":1},"java":{"insertions":18,"deletions":25}}}]},{"date":"2025-09-11T00:00:00","commitResults":[{"hash":"4ff9bf52ffa15f7b3b58cc5095a0aa216fe9da46","isMergeCommit":false,"messageTitle":"Add assertions to document important assumptions","messageBody":"The codebase lacks explicit documentation of critical assumptions such as index bounds, null safety, and data integrity constraints.\n\nWithout assertions, programming errors and assumption violations can go\nundetected until runtime, making debugging more difficult and potentially\ncausing unexpected application behavior.\n\nAssertions serve as both documentation and early error detection, helping\ndevelopers understand code expectations and catch violations during\ndevelopment.\n\nLet\u0027s add assert statements to key classes:\n* TaskList: add index bounds checking and null safety assertions\n* Parser: add input format validation assertions\n","fileTypesAndContributionMap":{"gradle":{"insertions":1,"deletions":0},"txt":{"insertions":2,"deletions":1},"java":{"insertions":35,"deletions":0}}},{"hash":"acac5aff3fa53ef4a5fa09dcc3f982c60513236d","isMergeCommit":false,"messageTitle":"A-CodeQuality: Refactor code for improved readability and maintainability","messageBody":"Code quality was critically examined and several areas were refactored\nto enhance clarity, consistency, and usability.\n\nLet\u0027s:\n* Refactor methods for improved readability and modularity\n* Improve exception handling with more specific error messages\n* Add method-level and class-level documentation for better maintainability\n* Streamline error messages to be more user-friendly\n* Remove unnecessary comments and improve variable names\n\nThese changes were made to improve the overall quality and maintainability\nof the codebase, ensuring it is easier to extend and understand.\n","tags":["A-FullCommitMessage"],"fileTypesAndContributionMap":{"java":{"insertions":631,"deletions":129}}},{"hash":"0aa52677db6d0c8d61398c00f52f6366127cb783","isMergeCommit":true,"messageTitle":"Merge pull request #2 from mellowfarm/branch-A-CodeQuality","messageBody":"A-CodeQuality: Refactor code for improved readability and maintainability\n\nThe codebase contains methods that are too long, unclear variable names, \nand insufficient documentation.\n\nPoor code quality makes the application harder to maintain and extend.\n\nLet\u0027s refactor the codebase following established quality practices:\n* Break down long methods into smaller, focused functions  \n* Rename variables to use descriptive names\n* Add comprehensive method and class documentation\n* Standardize error messages for better user experience\n* Remove redundant comments and improve code structure\n\nThese changes improve maintainability while preserving all existing functionality.","tags":["A-CodeQuality"],"fileTypesAndContributionMap":{}},{"hash":"bc97df8e613ab3bc3f7411e9fa95443a24d4acc5","isMergeCommit":true,"messageTitle":"Merge master into branch-A-Assertions","messageBody":"","fileTypesAndContributionMap":{}},{"hash":"410bf085d30880e3e8e5bab94547a7a8e144ba03","isMergeCommit":true,"messageTitle":"Merge pull request #1 from mellowfarm/branch-A-Assertions","messageBody":"A-Assertions: Add assertions to document important assumptions\n\nThe codebase lacks explicit documentation of critical programming assumptions\nsuch as index bounds, null safety, and data integrity constraints.\n\nWithout assertions, assumption violations go undetected until runtime,\nmaking debugging difficult and potentially causing unexpected failures.\n\nLet\u0027s add assert statements to key classes to document and verify assumptions:\n* TaskList: add index bounds checking and null safety assertions\n* Parser: add input format validation assertions  \n\nUsing Java\u0027s assert feature documents code contracts without affecting\nproduction performance when assertions are disabled.","tags":["A-Assertions"],"fileTypesAndContributionMap":{}}]},{"date":"2025-09-12T00:00:00","commitResults":[{"hash":"d257d58a51bef2c468bee5419b3a41dc27a43d10","isMergeCommit":false,"messageTitle":"Add snooze command with flexible duration support * Add SnoozeCommand class with regex parsing for 3d/5h/30m formats * Add snooze() method to Task, Deadlines, and Events classes * Add showSnooze() method to Ui class * Update Parser to handle snooze command parsing * Improve error handling across all command classes * Add validation to prevent snoozing completed tasks 8 Add comprehensive JavaDoc documentation","messageBody":"","tags":["BCD-Extension"],"fileTypesAndContributionMap":{"gradle":{"insertions":1,"deletions":1},"txt":{"insertions":2,"deletions":4},"java":{"insertions":288,"deletions":47}}},{"hash":"2240bd7aef8de3be3dae5f63dbc7988d09eed695","isMergeCommit":false,"messageTitle":"improve dialog box text wrapping","messageBody":"","fileTypesAndContributionMap":{"txt":{"insertions":6,"deletions":2},"fxml":{"insertions":2,"deletions":2},"java":{"insertions":3,"deletions":1}}},{"hash":"1bdc8db06afb0019a33e4b3fdb5bb48f6c871320","isMergeCommit":false,"messageTitle":"fix: improve JUnit tests for ParserTest and StorageTest","messageBody":"","fileTypesAndContributionMap":{"java":{"insertions":422,"deletions":68}}}]},{"date":"2025-09-16T00:00:00","commitResults":[{"hash":"982080c3d4927bf1cb064e6796cc91bcf8d31207","isMergeCommit":false,"messageTitle":"Fix dialog box expanding problem","messageBody":"","tags":["A-BetterGui","A-AiAssisted"],"fileTypesAndContributionMap":{"txt":{"insertions":0,"deletions":6},"fxml":{"insertions":5,"deletions":4},"java":{"insertions":20,"deletions":10}}},{"hash":"c3d5fc843bec9e8c707d3f31d4ad834bb599cfc2","isMergeCommit":false,"messageTitle":"Improve code to handle errors better in Parser class","messageBody":"","tags":["A-MoreErrorHandling"],"fileTypesAndContributionMap":{"txt":{"insertions":1,"deletions":0},"java":{"insertions":83,"deletions":12}}},{"hash":"ff7fd92ee557e407dc7b0d108055fe8b3999507b","isMergeCommit":false,"messageTitle":"Handle common errors more gracefully","messageBody":"","fileTypesAndContributionMap":{"java":{"insertions":151,"deletions":66}}},{"hash":"61e1e8fd580aed9b8b4c464ee3eccdac5c1aa1fc","isMergeCommit":false,"messageTitle":"Update README.md","messageBody":"","fileTypesAndContributionMap":{"md":{"insertions":96,"deletions":24}}},{"hash":"528cb08e2ca1fc2508265e922607c2c683916397","isMergeCommit":false,"messageTitle":"Update README.md as Bug User Guide","messageBody":"","tags":["A-UserGuide"],"fileTypesAndContributionMap":{"txt":{"insertions":4,"deletions":1},"md":{"insertions":97,"deletions":27}}},{"hash":"7ebd711893a1f925c8647c3d14329d04c0605dce","isMergeCommit":true,"messageTitle":"Merge branch \u0027master\u0027 of https://github.com/mellowfarm/ip","messageBody":"","fileTypesAndContributionMap":{}},{"hash":"f3cc2f35ee4e5d6a05c255c1931353dbe0140e48","isMergeCommit":false,"messageTitle":"Update README.md","messageBody":"","fileTypesAndContributionMap":{"md":{"insertions":3,"deletions":3}}},{"hash":"f31bac4b24e0aaef60d8cf2bba2d592e4141d0d4","isMergeCommit":false,"messageTitle":"Update README.md","messageBody":"","fileTypesAndContributionMap":{"md":{"insertions":5,"deletions":3}}},{"hash":"242ee72c4e7abd22eae8971df73f48b66353c226","isMergeCommit":false,"messageTitle":"Update README.md","messageBody":"","fileTypesAndContributionMap":{"md":{"insertions":1,"deletions":1}}}]},{"date":"2025-09-17T00:00:00","commitResults":[{"hash":"cac94a2617433b166784ec763518ea71e7534a56","isMergeCommit":false,"messageTitle":"Edit error messages and set title","messageBody":"","tags":["A-Personality"],"fileTypesAndContributionMap":{"txt":{"insertions":1,"deletions":4},"java":{"insertions":53,"deletions":51}}},{"hash":"b56b25f52dddcf37e10d5cc955785ce348db9fc5","isMergeCommit":false,"messageTitle":"Edit gradle","messageBody":"","fileTypesAndContributionMap":{"fxml":{"insertions":9,"deletions":12}}}]},{"date":"2025-09-18T00:00:00","commitResults":[{"hash":"5e7920edf7fa69be050b50963f6fc77b078cea45","isMergeCommit":false,"messageTitle":"Made a new jar file","messageBody":"","fileTypesAndContributionMap":{"gradle":{"insertions":7,"deletions":11},"txt":{"insertions":0,"deletions":1},"fxml":{"insertions":6,"deletions":5}}},{"hash":"cc29857456abd389767e3f5aba5874ae1c8f0d61","isMergeCommit":false,"messageTitle":"Change wordings of some error messages","messageBody":"","fileTypesAndContributionMap":{"gradle":{"insertions":1,"deletions":1},"txt":{"insertions":3,"deletions":0},"java":{"insertions":3,"deletions":10}}},{"hash":"9b13c19a2c0b9a81b12e4edfc14ff36c36107b2d","isMergeCommit":false,"messageTitle":"Organise classes into packages","messageBody":"","fileTypesAndContributionMap":{"txt":{"insertions":2,"deletions":2},"java":{"insertions":111,"deletions":28}}},{"hash":"9e0b3d755dd7c4cc2c7012082fe5b68a602e1de9","isMergeCommit":false,"messageTitle":"Finalise JavaDoc comments","messageBody":"","fileTypesAndContributionMap":{"java":{"insertions":350,"deletions":341}}},{"hash":"4d8e9fc4f2de375bc8a89a1ee9c3a70970e44203","isMergeCommit":false,"messageTitle":"Cut down on long methods","messageBody":"","fileTypesAndContributionMap":{"java":{"insertions":248,"deletions":143}}},{"hash":"59f5d4a329d9586ebe4a8ec4b4086bd9a9b2165b","isMergeCommit":false,"messageTitle":"Add AI.md declaration","messageBody":"","fileTypesAndContributionMap":{"txt":{"insertions":1,"deletions":1},"md":{"insertions":13,"deletions":0}}},{"hash":"fe2a951e1f55cf95a64fdcee090c0ca88617d4c8","isMergeCommit":false,"messageTitle":"Change JavaFx version to 17","messageBody":"","fileTypesAndContributionMap":{"fxml":{"insertions":2,"deletions":2}}},{"hash":"57be40fc6df2aa28c6aeaa5e24a8d57e72278e94","isMergeCommit":false,"messageTitle":"Add TaskListTest","messageBody":"","tags":["A-MoreTesting"],"fileTypesAndContributionMap":{"java":{"insertions":347,"deletions":0}}},{"hash":"f3e8ca69198109f07f93ed16a8a6dd6c443d0b45","isMergeCommit":false,"messageTitle":"Update README.md","messageBody":"","fileTypesAndContributionMap":{"txt":{"insertions":4,"deletions":3},"md":{"insertions":133,"deletions":95}}},{"hash":"52b8858621ccb9cc88acc7e78ebd15d17ff5729e","isMergeCommit":false,"messageTitle":"Update README.md","messageBody":"","fileTypesAndContributionMap":{"md":{"insertions":50,"deletions":43}}},{"hash":"0ef395c94e6b93a1779587dcdec782ea9e66c679","isMergeCommit":false,"messageTitle":"Update README.md","messageBody":"","fileTypesAndContributionMap":{"md":{"insertions":26,"deletions":0}}},{"hash":"f36d355e9494bed0be5598d795296fed944627eb","isMergeCommit":false,"messageTitle":"Update README.md","messageBody":"","tags":["A-Release"],"fileTypesAndContributionMap":{"md":{"insertions":18,"deletions":14}}}]}]},"authorFileTypeContributionMap":{"mellowfarm":{"java":2876,"md":270,"fxml":43,"sh":0,"bat":0,"gradle":23,"txt":13}},"authorContributionVariance":{"mellowfarm":155647.95},"authorDisplayNameMap":{"mellowfarm":"CS2103T-F08b-3 NICH.. SEE"}}
