{"authorDailyContributionsMap":{"mellowfarm":[{"date":"2025-08-20T00:00:00","commitResults":[{"hash":"ffdb9306cb3c5a80cf2aa50bab31a4598d84c8cf","isMergeCommit":false,"messageTitle":"renamed chatbot, did greeting and exit messages","messageBody":"","tags":["level-0"],"fileTypesAndContributionMap":{"java":{"insertions":9,"deletions":10}}},{"hash":"d733c9252e9982723b7160a6170bedbda0f47b5d","isMergeCommit":false,"messageTitle":"chatbot echoes commands entered by user and exits when user types: bye","messageBody":"","tags":["level-1"],"fileTypesAndContributionMap":{"java":{"insertions":21,"deletions":0}}},{"hash":"7bb38fd7e11d1ee66d3d3b70254fa63b348fa5f1","isMergeCommit":false,"messageTitle":"added ability to store text entered by the user and display it back to the user when requested","messageBody":"","tags":["level-2"],"fileTypesAndContributionMap":{"java":{"insertions":15,"deletions":4}}},{"hash":"bff83fb4f71b0e0d84975f9ff1dd56cb87951119","isMergeCommit":false,"messageTitle":"added the ability to mark tasks as done and change back to undone","messageBody":"","tags":["level-3"],"fileTypesAndContributionMap":{"java":{"insertions":42,"deletions":3}}},{"hash":"4424043a67a18751215591fdad23723729c0975f","isMergeCommit":false,"messageTitle":"add support for tracking 3 types of tasks","messageBody":"","tags":["level-4"],"fileTypesAndContributionMap":{"java":{"insertions":84,"deletions":11}}}]},{"date":"2025-08-21T00:00:00","commitResults":[{"hash":"60dee5b17f7f7202b77bad159bb82e7a5fe59855","isMergeCommit":false,"messageTitle":"set up automated text ui testing","messageBody":"","tags":["a-textuitesting"],"fileTypesAndContributionMap":{"txt":{"insertions":9,"deletions":0}}},{"hash":"0e6e8dcc953aa5a08ce2f082f9a95077926772d0","isMergeCommit":false,"messageTitle":"taught chatbot to deal with errors","messageBody":"","tags":["level-5"],"fileTypesAndContributionMap":{"java":{"insertions":80,"deletions":47}}},{"hash":"1916ae8a25bdf60f9306f71bd88f3d089407a230","isMergeCommit":false,"messageTitle":"add support for deleting tasks from the list","messageBody":"","tags":["level-6"],"fileTypesAndContributionMap":{"java":{"insertions":32,"deletions":25}}}]},{"date":"2025-08-28T00:00:00","commitResults":[{"hash":"80d27e0909050dcb8288a60fdeeca57383487336","isMergeCommit":false,"messageTitle":"bug saves the tasks in the hard disk automatically whenever the task list changes and loads the data from the hard disk when the chatbot starts up","messageBody":"","fileTypesAndContributionMap":{"txt":{"insertions":4,"deletions":0},"java":{"insertions":108,"deletions":4}}},{"hash":"dc7c0dd30d85f0d100d79a21ae97e7deec578ef5","isMergeCommit":false,"messageTitle":"accidental changes in master, already fixed","messageBody":"","fileTypesAndContributionMap":{"java":{"insertions":19,"deletions":6}}},{"hash":"474062549eaa635468f97262f5861400480e0a60","isMergeCommit":true,"messageTitle":"merge branch \u0027branch-Level-7\u0027","messageBody":"","tags":["level-7"],"fileTypesAndContributionMap":{}},{"hash":"750686b5e97759bacacf25a36143b01ba435a02f","isMergeCommit":false,"messageTitle":"taught chatbot how to understand dates and times","messageBody":"","tags":["level-8"],"fileTypesAndContributionMap":{"txt":{"insertions":2,"deletions":4},"java":{"insertions":47,"deletions":18}}}]},{"date":"2025-08-31T00:00:00","commitResults":[{"hash":"9609fc4d995c7ca7d2f6eb3b51c83f66c6ffc548","isMergeCommit":false,"messageTitle":"change code to make it OOP","messageBody":"","tags":["moreOOP"],"fileTypesAndContributionMap":{"txt":{"insertions":1,"deletions":2},"java":{"insertions":325,"deletions":133}}},{"hash":"9a3679195b9b3b70380eccfa88cc96cdcd61e854","isMergeCommit":false,"messageTitle":"put everything into package bug","messageBody":"","fileTypesAndContributionMap":{"java":{"insertions":21,"deletions":3}}},{"hash":"c66348ba5849d81ff8ed9f676e61961ec2cd12a9","isMergeCommit":true,"messageTitle":"Merge branch \u0027branch-A-Packages\u0027","messageBody":"","tags":["packages"],"fileTypesAndContributionMap":{}},{"hash":"69eb0fe99a1a78fbd6be7eea4f8b896b843aadc6","isMergeCommit":true,"messageTitle":"Merge branch \u0027add-gradle-support\u0027","messageBody":"","fileTypesAndContributionMap":{}},{"hash":"ed6a155e3bb9c09c66ce486ef93269624973393d","isMergeCommit":false,"messageTitle":"add junit tests","messageBody":"","tags":["junit","jar"],"fileTypesAndContributionMap":{"gradle":{"insertions":1,"deletions":1},"txt":{"insertions":1,"deletions":0},"java":{"insertions":154,"deletions":2}}},{"hash":"fed9e88f0b244277e0a0ba67765c6e0e338d63fa","isMergeCommit":false,"messageTitle":"add JavaDoc comments to some classes and methods","messageBody":"","fileTypesAndContributionMap":{"gradle":{"insertions":10,"deletions":1},"txt":{"insertions":1,"deletions":0},"java":{"insertions":159,"deletions":32}}},{"hash":"58d2fccb2dcf0eba342ae72529589b7ee47fcae0","isMergeCommit":false,"messageTitle":"tweak code to comply with coding standard","messageBody":"","fileTypesAndContributionMap":{"java":{"insertions":43,"deletions":44}}},{"hash":"2a2cf4f51bbf24f8b5366f8d0811b500a2d72bbc","isMergeCommit":false,"messageTitle":"users can search for a keyword in task description","messageBody":"","fileTypesAndContributionMap":{"java":{"insertions":36,"deletions":1}}},{"hash":"37d7776bb8048a35d3d653783facfd9213a8937a","isMergeCommit":true,"messageTitle":"fixed merge conflict issues","messageBody":"","tags":["A-CodingStandard"],"fileTypesAndContributionMap":{}},{"hash":"367417bb8e43bebb74cab0bbb39e6dabb0f78565","isMergeCommit":true,"messageTitle":"fixed merge conflicts","messageBody":"","tags":["level-9"],"fileTypesAndContributionMap":{}}]}]},"authorFileTypeContributionMap":{"mellowfarm":{"java":807,"md":0,"fxml":0,"sh":0,"bat":0,"gradle":11,"txt":12}},"authorContributionVariance":{"mellowfarm":40053.152},"authorDisplayNameMap":{"mellowfarm":"CS2103T-F08b-3 NICH.. SEE"}}
