{"authorDailyContributionsMap":{"Angmar2722":[{"date":"2025-08-26T00:00:00","commitResults":[{"hash":"d7ad1f089dbcdf3ae5e5a7e2ec7be062b70cb106","isMergeCommit":false,"messageTitle":"Finish Level-0","messageBody":"","tags":["Level-0"],"fileTypesAndContributionMap":{"java":{"insertions":15,"deletions":10},"bat":{"insertions":1,"deletions":1},"sh":{"insertions":1,"deletions":1},"md":{"insertions":3,"deletions":3}}},{"hash":"ca267d2b2b98c3775793dd5eda1cfdb11c801894","isMergeCommit":false,"messageTitle":"Finish Level-1","messageBody":"","tags":["Level-1"],"fileTypesAndContributionMap":{"java":{"insertions":23,"deletions":2}}},{"hash":"d737ce9e78d18b5e8bac074f6f751336c076eb16","isMergeCommit":false,"messageTitle":"Finish Level-2","messageBody":"","tags":["Level-2"],"fileTypesAndContributionMap":{"java":{"insertions":17,"deletions":6}}},{"hash":"076d4474ebfa017a71884d87380ec31e9ddea4f1","isMergeCommit":false,"messageTitle":"Finish Level-3","messageBody":"","tags":["Level-3"],"fileTypesAndContributionMap":{"java":{"insertions":66,"deletions":4}}}]},{"date":"2025-08-27T00:00:00","commitResults":[{"hash":"a7fa4941591d9618a548673b66a2bff335caa041","isMergeCommit":false,"messageTitle":"Finish Level-4","messageBody":"","tags":["Level-4"],"fileTypesAndContributionMap":{"java":{"insertions":137,"deletions":28}}},{"hash":"b6c385f084934e35cfa5ae29bdf944ee7061f43c","isMergeCommit":false,"messageTitle":"Finish Level-5","messageBody":"","tags":["Level-5"],"fileTypesAndContributionMap":{"java":{"insertions":78,"deletions":38}}},{"hash":"139c99b8d88670ef61a919b4643a302fc61dde5d","isMergeCommit":false,"messageTitle":"Finish Level-6","messageBody":"","tags":["Level-6"],"fileTypesAndContributionMap":{"java":{"insertions":24,"deletions":6}}},{"hash":"d90d8e9c8bc587c33664eee91c9513365e01493d","isMergeCommit":false,"messageTitle":"Finish A-Enums","messageBody":"","tags":["A-Enums"],"fileTypesAndContributionMap":{"java":{"insertions":58,"deletions":15}}},{"hash":"06ef59d951cf85cbaa00f54394ea5381a7c024c3","isMergeCommit":false,"messageTitle":"A-TextUiTesting","messageBody":"","tags":["A-TextUiTesting"],"fileTypesAndContributionMap":{"txt":{"insertions":13,"deletions":0},"sh":{"insertions":0,"deletions":0}}}]},{"date":"2025-09-05T00:00:00","commitResults":[{"hash":"bd5e996ab6ca4473eb735d837c7cb7fdcd131eaf","isMergeCommit":false,"messageTitle":"Add TaskStorage and TaskParser for saving/loading tasks","messageBody":"","fileTypesAndContributionMap":{"java":{"insertions":132,"deletions":0}}},{"hash":"3bf2fc40da25c610c3ace86876f60e57aab89dee","isMergeCommit":false,"messageTitle":"Add toStorageString() methods for ToDo, Deadline, and Event","messageBody":"","fileTypesAndContributionMap":{"java":{"insertions":15,"deletions":0}}},{"hash":"853c372343b1ccd4e3cf6e1b7a91d6f85a1f8cfe","isMergeCommit":false,"messageTitle":"Update Task and TaskList to support saving tasks","messageBody":"","fileTypesAndContributionMap":{"java":{"insertions":15,"deletions":5}}},{"hash":"4ae85be3b2a06bf2adb70e3e5adfadb461d61428","isMergeCommit":false,"messageTitle":"Update Focus to load tasks at startup and autosave after changes","messageBody":"","fileTypesAndContributionMap":{"java":{"insertions":63,"deletions":43}}},{"hash":"933a95e607d508468c5864666f462c70a3875fe8","isMergeCommit":true,"messageTitle":"Merge branch \u0027branch-Level-7\u0027","messageBody":"","tags":["Level-7"],"fileTypesAndContributionMap":{}},{"hash":"1c5d1d5b8a5250a86ec72d62515c283e9c1673c4","isMergeCommit":false,"messageTitle":"Implement Local Date format for Deadline","messageBody":"","fileTypesAndContributionMap":{"txt":{"insertions":1,"deletions":1},"java":{"insertions":11,"deletions":6}}},{"hash":"c5e7e7fc8f9105285ae59c9a5f32d824b0d483a3","isMergeCommit":true,"messageTitle":"Merge branch \u0027branch-Level-8\u0027","messageBody":"","tags":["Level-8"],"fileTypesAndContributionMap":{}},{"hash":"4edc92d40e21db5ac2fd8b64fcdad79294c9a32a","isMergeCommit":false,"messageTitle":"Refactor Focus to use Ui, Storage, Parser, and Command classes","messageBody":"","fileTypesAndContributionMap":{"java":{"insertions":304,"deletions":128}}},{"hash":"e7385745875eb4ef25af688a26d3c2ac49026e65","isMergeCommit":true,"messageTitle":"Merge branch \u0027branch-A-MoreOOP\u0027","messageBody":"","tags":["A-MoreOOP"],"fileTypesAndContributionMap":{}},{"hash":"83e3ece1eb23cd4e876949f3e01d350170ba4c65","isMergeCommit":false,"messageTitle":"Implement Focus Package","messageBody":"","fileTypesAndContributionMap":{"java":{"insertions":45,"deletions":47},"md":{"insertions":1,"deletions":1}}},{"hash":"ef4302a84a82ae86c68b4f7a2fbbd5f3d7a6ff54","isMergeCommit":true,"messageTitle":"Merge branch \u0027branch-A-Packages\u0027","messageBody":"","tags":["A-Packages"],"fileTypesAndContributionMap":{}},{"hash":"895c59bdb744f71ab647ccea82e263fbd3f3b288","isMergeCommit":false,"messageTitle":"Finish Level-9 Find","messageBody":"","fileTypesAndContributionMap":{"java":{"insertions":55,"deletions":3}}},{"hash":"e082a8706574876c037786f010eb89163f1e4eb1","isMergeCommit":true,"messageTitle":"Merge branch \u0027branch-Level-9\u0027","messageBody":"","tags":["Level-9"],"fileTypesAndContributionMap":{}},{"hash":"497100c5bc6afd1dc98d6e8e3a7690ab5822bde3","isMergeCommit":false,"messageTitle":"Apply coding standards","messageBody":"","fileTypesAndContributionMap":{"java":{"insertions":311,"deletions":16}}},{"hash":"10c7425ede4bbacf61285532b42a3674a1d8a070","isMergeCommit":false,"messageTitle":"Refactor code to comply with coding standard","messageBody":"","fileTypesAndContributionMap":{"java":{"insertions":26,"deletions":1}}},{"hash":"e359f06ce912a8ff0bb4b2fdb01639918deafa0e","isMergeCommit":true,"messageTitle":"Merge branch \u0027branch-A-JavaDoc\u0027","messageBody":"","fileTypesAndContributionMap":{}},{"hash":"70f597a4fdcab534005345e6e4f11212a184494b","isMergeCommit":true,"messageTitle":"Merge branch \u0027branch-A-CodingStandard\u0027","messageBody":"","tags":["A-JavaDoc","A-CodingStandard"],"fileTypesAndContributionMap":{}},{"hash":"b1387b5255088c86311dcb9118041ebee3c069ea","isMergeCommit":true,"messageTitle":"Add Gradle support","messageBody":"","fileTypesAndContributionMap":{}},{"hash":"6458ef341d2ade773b9c37e96377fe68fe7a9602","isMergeCommit":false,"messageTitle":"A-Gradle: add Gradle build, wrapper","messageBody":"","fileTypesAndContributionMap":{"gradle":{"insertions":2,"deletions":2}}},{"hash":"0c7988a9801f5d0d736be626899b63f63915fec0","isMergeCommit":true,"messageTitle":"Finish A-Gradle","messageBody":"","tags":["A-Gradle"],"fileTypesAndContributionMap":{}},{"hash":"e69dc86e683de705b817aa51173caf4c6c9e5fac","isMergeCommit":false,"messageTitle":"A-JUnit: Add JUnit tests for Task Storage and Parser","messageBody":"","fileTypesAndContributionMap":{"java":{"insertions":110,"deletions":3}}},{"hash":"f27d73928c048fb240b155ef0e371dbf85c67989","isMergeCommit":true,"messageTitle":"Merge branch \u0027branch-A-JUnit\u0027","messageBody":"","tags":["A-Jar","A-JUnit"],"fileTypesAndContributionMap":{}}]},{"date":"2025-09-09T00:00:00","commitResults":[{"hash":"c2356b320a3d8f3f7b4ace969a32e5bb32f310ff","isMergeCommit":false,"messageTitle":"Enforce course CheckStyle rules","messageBody":"","fileTypesAndContributionMap":{"gradle":{"insertions":6,"deletions":0},"java":{"insertions":84,"deletions":65},"md":{"insertions":2,"deletions":2}}},{"hash":"345be4399b664b71089573daa3c6ea657a1ca5a7","isMergeCommit":true,"messageTitle":"Merge branch \u0027branch-A-CheckStyle\u0027","messageBody":"","tags":["A-CheckStyle"],"fileTypesAndContributionMap":{}}]},{"date":"2025-09-19T00:00:00","commitResults":[{"hash":"542813bdc907639ab8eaf439e2da841a14219c33","isMergeCommit":false,"messageTitle":"Implement A-Varargs","messageBody":"","fileTypesAndContributionMap":{"gradle":{"insertions":2,"deletions":2},"java":{"insertions":81,"deletions":34}}},{"hash":"d62620b80b501fc5ff55f1f14655cf00681002c5","isMergeCommit":true,"messageTitle":"Merge branch \u0027branch-A-Varargs\u0027","messageBody":"","tags":["A-Varargs"],"fileTypesAndContributionMap":{}}]},{"date":"2025-09-22T00:00:00","commitResults":[{"hash":"79326f6e1126c54128db1a115a35bdd0cb66cd97","isMergeCommit":false,"messageTitle":"Implement Level-10 JavaFX features","messageBody":"","fileTypesAndContributionMap":{"gradle":{"insertions":16,"deletions":2},"fxml":{"insertions":66,"deletions":0},"java":{"insertions":242,"deletions":51}}},{"hash":"8e03bdc0d4d1c6a0c16f88a6a7b8392a06aaec8a","isMergeCommit":true,"messageTitle":"Merge branch \u0027branch-Level-10\u0027","messageBody":"","tags":["Level-10"],"fileTypesAndContributionMap":{}},{"hash":"355e22f18d4aaa5953bfe81f2535271eb178ebf7","isMergeCommit":false,"messageTitle":"Add assertions for A-Assertions","messageBody":"","fileTypesAndContributionMap":{"gradle":{"insertions":1,"deletions":0},"java":{"insertions":3,"deletions":2}}},{"hash":"d9273083a79705ef8a7191ab1a696a65618d665e","isMergeCommit":false,"messageTitle":"Refactor FocusException, TaskList, and TaskStorage","messageBody":"Refactored several classes to improve overall code quality:\nFocusException:\n  - Changed to extend Exception instead of RuntimeException\n  - Enforces explicit handling of errors at call sites\nTaskList:\n  - Fixed TaskList class to handle throwable FocusException.\n\nTaskStorage:\n  - Fixed TaskList class to handle throwable FocusException.\n\nThese changes reduce reliance on unchecked exceptions, improve\nreadability, and help prevent subtle bugs caused by ambiguous code\nstructure.\n","tags":["A-FullCommitMessage"],"fileTypesAndContributionMap":{"java":{"insertions":7,"deletions":3}}},{"hash":"45e4703b9c3c636eb655fc7bf59a7f77802ee334","isMergeCommit":false,"messageTitle":"Implement streams for proccesing multi-index unmark command","messageBody":"","fileTypesAndContributionMap":{"java":{"insertions":39,"deletions":19}}},{"hash":"9e89b6fe571e0ae32962d39e411e2956ab65838a","isMergeCommit":true,"messageTitle":"Merge pull request #2 from Angmar2722/branch-A-Assertions","messageBody":"Add assertions for A-Assertions increment","tags":["A-Assertions"],"fileTypesAndContributionMap":{}},{"hash":"9ec42b823796f2653e5da6b59a6600eadf28d36b","isMergeCommit":true,"messageTitle":"Merge branch \u0027master\u0027 into branch-A-CodeQuality","messageBody":"","fileTypesAndContributionMap":{}},{"hash":"873e481a30d0f7107bd5e14f26a285ee462f1b51","isMergeCommit":true,"messageTitle":"Merge branch \u0027master\u0027 into branch-A-Streams","messageBody":"","fileTypesAndContributionMap":{}},{"hash":"cb7beede68f0cb9972b1b8268264e5cc344445a6","isMergeCommit":true,"messageTitle":"Merge pull request #3 from Angmar2722/branch-A-CodeQuality","messageBody":"Refactor FocusException, TaskList, and TaskStorage","tags":["A-CodeQuality"],"fileTypesAndContributionMap":{}},{"hash":"9625f6ad990d15e3b2d0c29fcfa12d84862903ee","isMergeCommit":true,"messageTitle":"Merge branch \u0027master\u0027 into branch-A-Streams","messageBody":"","fileTypesAndContributionMap":{}},{"hash":"525f1a17c179ac40326ba275cc18ddfe7e8e6e05","isMergeCommit":true,"messageTitle":"Merge pull request #4 from Angmar2722/branch-A-Streams","messageBody":"Implement streams for proccesing multi-index unmark command","tags":["A-Streams"],"fileTypesAndContributionMap":{}},{"hash":"9c7eef3ce3509026f465dade590c20263e24733d","isMergeCommit":false,"messageTitle":"Implement A-MoreErrorHandling as well as improve Deadline / Event task types with the help of AI (A-AiAssisted)","messageBody":"","fileTypesAndContributionMap":{"java":{"insertions":182,"deletions":58}}},{"hash":"9d3f5055941969c3f8e7206b77f54f1880305560","isMergeCommit":true,"messageTitle":"Merge branch \u0027branch-A-MoreErrorHandling\u0027","messageBody":"","tags":["A-MoreErrorHandling","A-AiAssisted"],"fileTypesAndContributionMap":{}},{"hash":"ec8a0080591d03618d80a23a85407864413375b8","isMergeCommit":false,"messageTitle":"Improve GUI","messageBody":"","fileTypesAndContributionMap":{"fxml":{"insertions":17,"deletions":7},"java":{"insertions":45,"deletions":5}}},{"hash":"2034164189f453cd95e7530dbccb97c18f1be2b9","isMergeCommit":true,"messageTitle":"Merge branch \u0027branch-A-BetterGui\u0027","messageBody":"","tags":["A-BetterGui"],"fileTypesAndContributionMap":{}},{"hash":"42651c8dd07418a6d5113dcfba6cb57ef91197fb","isMergeCommit":false,"messageTitle":"Add some personality (colours and text bubbles were added last commit)","messageBody":"","fileTypesAndContributionMap":{"java":{"insertions":2,"deletions":2}}},{"hash":"6ff75afd22e2c1dd65a0e070bda5a41b7542e599","isMergeCommit":true,"messageTitle":"Merge branch \u0027branch-A-Personality\u0027","messageBody":"","tags":["A-Personality"],"fileTypesAndContributionMap":{}},{"hash":"87cecd2255eb403a65dd6651c7546d4935ff2aee","isMergeCommit":false,"messageTitle":"Add Ui.png","messageBody":"","fileTypesAndContributionMap":{"java":{"insertions":1,"deletions":1}}},{"hash":"1fb996076943f4a63c4a76cd0570d80475f90aeb","isMergeCommit":false,"messageTitle":"Update user guide","messageBody":"","fileTypesAndContributionMap":{"md":{"insertions":238,"deletions":40}}},{"hash":"8650d132261443c61dd1d1de347b2322c276c273","isMergeCommit":false,"messageTitle":"Update documentation","messageBody":"","fileTypesAndContributionMap":{"md":{"insertions":1,"deletions":1}}},{"hash":"b7e66d396f9d219aab0b3ca4d6d4f30bee99b104","isMergeCommit":true,"messageTitle":"Merge branch \u0027branch-A-UserGuide\u0027","messageBody":"","tags":["A-UserGuide"],"fileTypesAndContributionMap":{}},{"hash":"3ec345d0dffe3f6b0566441f1d60fc314a254191","isMergeCommit":false,"messageTitle":"Finish tagging extension","messageBody":"","fileTypesAndContributionMap":{"java":{"insertions":221,"deletions":4}}},{"hash":"96ee45ff8d72d3524bf0beb5f6d599c2b97e757e","isMergeCommit":true,"messageTitle":"Merge branch \u0027branch-BCD-Extension\u0027","messageBody":"","tags":["BCD-Extension"],"fileTypesAndContributionMap":{}},{"hash":"364029afbc97171acc6f322dc703ba546746ceaf","isMergeCommit":false,"messageTitle":"Update user guide","messageBody":"","fileTypesAndContributionMap":{"md":{"insertions":13,"deletions":5}}}]}]},"authorFileTypeContributionMap":{"Angmar2722":{"java":1817,"md":237,"fxml":76,"sh":1,"bat":1,"gradle":23,"txt":13}},"authorContributionVariance":{"Angmar2722":74949.94},"authorDisplayNameMap":{"Angmar2722":"CS2103T-W11-3 ANSH..NGAN"}}
