[{"path":"src/main/java/Arn.java","fileType":"java","lines":[{"lineNumber":1,"author":{"gitId":"Aryann-Sharma"},"content":"import java.util.Scanner;","lastModifiedDate":"2025-08-30T15:47:20","isFullCredit":false},{"lineNumber":2,"author":{"gitId":"Aryann-Sharma"},"content":"import java.util.ArrayList;","lastModifiedDate":"2025-09-01T22:59:38","isFullCredit":false},{"lineNumber":3,"author":{"gitId":"Aryann-Sharma"},"content":"","lastModifiedDate":"2025-08-30T15:47:20","isFullCredit":false},{"lineNumber":4,"author":{"gitId":"Aryann-Sharma"},"content":"public class Arn {","lastModifiedDate":"2025-08-30T15:17:55","isFullCredit":false},{"lineNumber":5,"author":{"gitId":"Aryann-Sharma"},"content":"    public static void main(String[] args) {","lastModifiedDate":"2025-08-30T15:17:55","isFullCredit":false},{"lineNumber":6,"author":{"gitId":"Aryann-Sharma"},"content":"        System.out.println(\"Hello! I\u0027m Arn\");","lastModifiedDate":"2025-08-30T15:17:55","isFullCredit":false},{"lineNumber":7,"author":{"gitId":"Aryann-Sharma"},"content":"        System.out.println(\"What can I do for you?\");","lastModifiedDate":"2025-08-30T15:17:55","isFullCredit":false},{"lineNumber":8,"author":{"gitId":"Aryann-Sharma"},"content":"        System.out.print(\"\\n\");","lastModifiedDate":"2025-08-30T15:47:20","isFullCredit":false},{"lineNumber":9,"author":{"gitId":"Aryann-Sharma"},"content":"","lastModifiedDate":"2025-08-30T15:47:20","isFullCredit":false},{"lineNumber":10,"author":{"gitId":"Aryann-Sharma"},"content":"        Scanner scanner \u003d new Scanner(System.in);","lastModifiedDate":"2025-08-30T15:47:20","isFullCredit":false},{"lineNumber":11,"author":{"gitId":"Aryann-Sharma"},"content":"        ArrayList\u003cTask\u003e taskList \u003d new ArrayList\u003c\u003e();","lastModifiedDate":"2025-09-01T22:59:38","isFullCredit":false},{"lineNumber":12,"author":{"gitId":"Aryann-Sharma"},"content":"        String input \u003d \"\";","lastModifiedDate":"2025-08-30T15:47:20","isFullCredit":false},{"lineNumber":13,"author":{"gitId":"Aryann-Sharma"},"content":"","lastModifiedDate":"2025-08-30T15:47:20","isFullCredit":false},{"lineNumber":14,"author":{"gitId":"Aryann-Sharma"},"content":"        while(true) {","lastModifiedDate":"2025-08-30T15:47:20","isFullCredit":false},{"lineNumber":15,"author":{"gitId":"Aryann-Sharma"},"content":"            System.out.print(\"-\u003e \");","lastModifiedDate":"2025-08-30T15:47:20","isFullCredit":false},{"lineNumber":16,"author":{"gitId":"Aryann-Sharma"},"content":"            input \u003d scanner.nextLine();","lastModifiedDate":"2025-08-30T15:47:20","isFullCredit":false},{"lineNumber":17,"author":{"gitId":"Aryann-Sharma"},"content":"","lastModifiedDate":"2025-09-01T22:12:28","isFullCredit":false},{"lineNumber":18,"author":{"gitId":"Aryann-Sharma"},"content":"            try {","lastModifiedDate":"2025-09-01T22:12:28","isFullCredit":false},{"lineNumber":19,"author":{"gitId":"Aryann-Sharma"},"content":"                if (input.equals(\"bye\")) {","lastModifiedDate":"2025-08-30T15:47:20","isFullCredit":false},{"lineNumber":20,"author":{"gitId":"Aryann-Sharma"},"content":"                    System.out.println(\"Bye. Hope to see you again soon!\");","lastModifiedDate":"2025-08-30T15:17:55","isFullCredit":false},{"lineNumber":21,"author":{"gitId":"Aryann-Sharma"},"content":"                    break;","lastModifiedDate":"2025-08-30T15:47:20","isFullCredit":false},{"lineNumber":22,"author":{"gitId":"Aryann-Sharma"},"content":"                } else if (input.equals(\"list\")) {","lastModifiedDate":"2025-09-01T00:08:50","isFullCredit":false},{"lineNumber":23,"author":{"gitId":"Aryann-Sharma"},"content":"                    int index \u003d 1;","lastModifiedDate":"2025-09-01T00:08:50","isFullCredit":false},{"lineNumber":24,"author":{"gitId":"Aryann-Sharma"},"content":"                    for (Task task : taskList) {","lastModifiedDate":"2025-09-01T22:59:38","isFullCredit":false},{"lineNumber":25,"author":{"gitId":"Aryann-Sharma"},"content":"                        if (task \u003d\u003d null) {","lastModifiedDate":"2025-09-01T00:08:50","isFullCredit":false},{"lineNumber":26,"author":{"gitId":"Aryann-Sharma"},"content":"                            break;","lastModifiedDate":"2025-09-01T00:08:50","isFullCredit":false},{"lineNumber":27,"author":{"gitId":"Aryann-Sharma"},"content":"                        }","lastModifiedDate":"2025-09-01T00:08:50","isFullCredit":false},{"lineNumber":28,"author":{"gitId":"Aryann-Sharma"},"content":"                        System.out.println(index + \".\" + task);","lastModifiedDate":"2025-09-01T03:23:32","isFullCredit":false},{"lineNumber":29,"author":{"gitId":"Aryann-Sharma"},"content":"                        index++;","lastModifiedDate":"2025-09-01T00:08:50","isFullCredit":false},{"lineNumber":30,"author":{"gitId":"Aryann-Sharma"},"content":"                    }","lastModifiedDate":"2025-09-01T00:08:50","isFullCredit":false},{"lineNumber":31,"author":{"gitId":"Aryann-Sharma"},"content":"                } else if (input.startsWith(\"mark\")) {","lastModifiedDate":"2025-09-01T03:23:32","isFullCredit":false},{"lineNumber":32,"author":{"gitId":"Aryann-Sharma"},"content":"                    String[] parts \u003d input.split(\" \");","lastModifiedDate":"2025-09-01T01:08:11","isFullCredit":false},{"lineNumber":33,"author":{"gitId":"Aryann-Sharma"},"content":"                    int i \u003d Integer.parseInt(parts[1]) - 1;","lastModifiedDate":"2025-09-01T01:08:11","isFullCredit":false},{"lineNumber":34,"author":{"gitId":"Aryann-Sharma"},"content":"                    if (i \u003e\u003d 0 \u0026\u0026 i \u003c taskList.size()) {","lastModifiedDate":"2025-09-01T22:59:38","isFullCredit":false},{"lineNumber":35,"author":{"gitId":"Aryann-Sharma"},"content":"                        taskList.get(i).markAsDone();","lastModifiedDate":"2025-09-01T22:59:38","isFullCredit":false},{"lineNumber":36,"author":{"gitId":"Aryann-Sharma"},"content":"                        System.out.println(\"Task marked as done:\");","lastModifiedDate":"2025-09-01T01:08:11","isFullCredit":false},{"lineNumber":37,"author":{"gitId":"Aryann-Sharma"},"content":"                        System.out.println(taskList.get(i));","lastModifiedDate":"2025-09-01T22:59:38","isFullCredit":false},{"lineNumber":38,"author":{"gitId":"Aryann-Sharma"},"content":"                    } else {","lastModifiedDate":"2025-09-01T22:59:38","isFullCredit":false},{"lineNumber":39,"author":{"gitId":"Aryann-Sharma"},"content":"                        throw new ArnException(\"Invalid task number\");","lastModifiedDate":"2025-09-01T22:59:38","isFullCredit":false},{"lineNumber":40,"author":{"gitId":"Aryann-Sharma"},"content":"                    }","lastModifiedDate":"2025-09-01T01:08:11","isFullCredit":false},{"lineNumber":41,"author":{"gitId":"Aryann-Sharma"},"content":"                } else if (input.startsWith(\"unmark\")) {","lastModifiedDate":"2025-09-01T03:23:32","isFullCredit":false},{"lineNumber":42,"author":{"gitId":"Aryann-Sharma"},"content":"                    String[] parts \u003d input.split(\" \");","lastModifiedDate":"2025-09-01T03:23:32","isFullCredit":false},{"lineNumber":43,"author":{"gitId":"Aryann-Sharma"},"content":"                    int i \u003d Integer.parseInt(parts[1]) - 1;","lastModifiedDate":"2025-09-01T01:08:11","isFullCredit":false},{"lineNumber":44,"author":{"gitId":"Aryann-Sharma"},"content":"                    if (i \u003e\u003d 0 \u0026\u0026 i \u003c taskList.size()) {","lastModifiedDate":"2025-09-01T22:59:38","isFullCredit":false},{"lineNumber":45,"author":{"gitId":"Aryann-Sharma"},"content":"                        taskList.get(i).markAsNotDone();","lastModifiedDate":"2025-09-01T22:59:38","isFullCredit":false},{"lineNumber":46,"author":{"gitId":"Aryann-Sharma"},"content":"                        System.out.println(\"Task marked as not done:\");","lastModifiedDate":"2025-09-01T01:08:11","isFullCredit":false},{"lineNumber":47,"author":{"gitId":"Aryann-Sharma"},"content":"                        System.out.println(taskList.get(i));","lastModifiedDate":"2025-09-01T22:59:38","isFullCredit":false},{"lineNumber":48,"author":{"gitId":"Aryann-Sharma"},"content":"                    } else {","lastModifiedDate":"2025-09-01T22:59:38","isFullCredit":false},{"lineNumber":49,"author":{"gitId":"Aryann-Sharma"},"content":"                        throw new ArnException(\"Invalid task number\");","lastModifiedDate":"2025-09-01T22:59:38","isFullCredit":false},{"lineNumber":50,"author":{"gitId":"Aryann-Sharma"},"content":"                    }","lastModifiedDate":"2025-09-01T01:08:11","isFullCredit":false},{"lineNumber":51,"author":{"gitId":"Aryann-Sharma"},"content":"                } else if (input.startsWith(\"todo\")) {","lastModifiedDate":"2025-09-01T03:23:32","isFullCredit":false},{"lineNumber":52,"author":{"gitId":"Aryann-Sharma"},"content":"                    if (input.trim().equals(\"todo\")) {","lastModifiedDate":"2025-09-01T22:12:28","isFullCredit":false},{"lineNumber":53,"author":{"gitId":"Aryann-Sharma"},"content":"                        throw new ArnException(\"Empty task description.\");","lastModifiedDate":"2025-09-01T22:12:28","isFullCredit":false},{"lineNumber":54,"author":{"gitId":"Aryann-Sharma"},"content":"                    }","lastModifiedDate":"2025-09-01T22:12:28","isFullCredit":false},{"lineNumber":55,"author":{"gitId":"Aryann-Sharma"},"content":"                    int i \u003d input.indexOf(\"todo \");","lastModifiedDate":"2025-09-01T03:23:32","isFullCredit":false},{"lineNumber":56,"author":{"gitId":"Aryann-Sharma"},"content":"                    String description \u003d input.substring(i + 5);","lastModifiedDate":"2025-09-01T03:23:32","isFullCredit":false},{"lineNumber":57,"author":{"gitId":"Aryann-Sharma"},"content":"                    taskList.add(new Todo(description));","lastModifiedDate":"2025-09-01T22:59:38","isFullCredit":false},{"lineNumber":58,"author":{"gitId":"Aryann-Sharma"},"content":"                    System.out.println(\"added: \" + taskList.get(taskList.size() - 1));","lastModifiedDate":"2025-09-01T22:59:38","isFullCredit":false},{"lineNumber":59,"author":{"gitId":"Aryann-Sharma"},"content":"                } else if (input.startsWith(\"deadline\")) {","lastModifiedDate":"2025-09-01T03:23:32","isFullCredit":false},{"lineNumber":60,"author":{"gitId":"Aryann-Sharma"},"content":"                    int i \u003d input.indexOf(\"deadline \");","lastModifiedDate":"2025-09-01T03:23:32","isFullCredit":false},{"lineNumber":61,"author":{"gitId":"Aryann-Sharma"},"content":"                    int j \u003d input.indexOf(\"/by\");","lastModifiedDate":"2025-09-01T22:12:28","isFullCredit":false},{"lineNumber":62,"author":{"gitId":"Aryann-Sharma"},"content":"                    if (j \u003d\u003d -1) {","lastModifiedDate":"2025-09-01T22:12:28","isFullCredit":false},{"lineNumber":63,"author":{"gitId":"Aryann-Sharma"},"content":"                        throw new ArnException(\"Deadline task must have a \u0027/by\u0027 clause.\");","lastModifiedDate":"2025-09-01T22:12:28","isFullCredit":false},{"lineNumber":64,"author":{"gitId":"Aryann-Sharma"},"content":"                    }","lastModifiedDate":"2025-09-01T22:12:28","isFullCredit":false},{"lineNumber":65,"author":{"gitId":"Aryann-Sharma"},"content":"                    String description \u003d input.substring(i + 9, j).trim();","lastModifiedDate":"2025-09-01T22:12:28","isFullCredit":false},{"lineNumber":66,"author":{"gitId":"Aryann-Sharma"},"content":"                    if (description.isEmpty()) {","lastModifiedDate":"2025-09-01T22:12:28","isFullCredit":false},{"lineNumber":67,"author":{"gitId":"Aryann-Sharma"},"content":"                        throw new ArnException(\"Empty task description.\");","lastModifiedDate":"2025-09-01T22:12:28","isFullCredit":false},{"lineNumber":68,"author":{"gitId":"Aryann-Sharma"},"content":"                    }","lastModifiedDate":"2025-09-01T22:12:28","isFullCredit":false},{"lineNumber":69,"author":{"gitId":"Aryann-Sharma"},"content":"                    String date \u003d input.substring(j + 1).trim();","lastModifiedDate":"2025-09-01T22:12:28","isFullCredit":false},{"lineNumber":70,"author":{"gitId":"Aryann-Sharma"},"content":"                    if (date.isEmpty()) {","lastModifiedDate":"2025-09-01T22:12:28","isFullCredit":false},{"lineNumber":71,"author":{"gitId":"Aryann-Sharma"},"content":"                        throw new ArnException(\"Empty date.\");","lastModifiedDate":"2025-09-01T22:12:28","isFullCredit":false},{"lineNumber":72,"author":{"gitId":"Aryann-Sharma"},"content":"                    }","lastModifiedDate":"2025-09-01T22:12:28","isFullCredit":false},{"lineNumber":73,"author":{"gitId":"Aryann-Sharma"},"content":"                    taskList.add(new Deadline(description, date));","lastModifiedDate":"2025-09-01T22:59:38","isFullCredit":false},{"lineNumber":74,"author":{"gitId":"Aryann-Sharma"},"content":"                    System.out.println(\"added: \" + taskList.get(taskList.size() - 1));","lastModifiedDate":"2025-09-01T22:59:38","isFullCredit":false},{"lineNumber":75,"author":{"gitId":"Aryann-Sharma"},"content":"                } else if (input.startsWith(\"event\")) {","lastModifiedDate":"2025-09-01T03:23:32","isFullCredit":false},{"lineNumber":76,"author":{"gitId":"Aryann-Sharma"},"content":"                    int i \u003d input.indexOf(\"event \");","lastModifiedDate":"2025-09-01T03:23:32","isFullCredit":false},{"lineNumber":77,"author":{"gitId":"Aryann-Sharma"},"content":"                    int j \u003d input.indexOf(\"/from\");","lastModifiedDate":"2025-09-01T03:23:32","isFullCredit":false},{"lineNumber":78,"author":{"gitId":"Aryann-Sharma"},"content":"                    int k \u003d input.indexOf(\"/to\");","lastModifiedDate":"2025-09-01T03:23:32","isFullCredit":false},{"lineNumber":79,"author":{"gitId":"Aryann-Sharma"},"content":"                    if (j \u003d\u003d -1 || k \u003d\u003d -1) {","lastModifiedDate":"2025-09-01T22:12:28","isFullCredit":false},{"lineNumber":80,"author":{"gitId":"Aryann-Sharma"},"content":"                        throw new ArnException(\"Event task must have both \u0027/from\u0027 and \u0027/to\u0027 clauses.\");","lastModifiedDate":"2025-09-01T22:12:28","isFullCredit":false},{"lineNumber":81,"author":{"gitId":"Aryann-Sharma"},"content":"                    }","lastModifiedDate":"2025-09-01T22:12:28","isFullCredit":false},{"lineNumber":82,"author":{"gitId":"Aryann-Sharma"},"content":"                    String description \u003d input.substring(i + 6, j - 1).trim();","lastModifiedDate":"2025-09-01T22:12:28","isFullCredit":false},{"lineNumber":83,"author":{"gitId":"Aryann-Sharma"},"content":"                    if (description.isEmpty()) {","lastModifiedDate":"2025-09-01T22:12:28","isFullCredit":false},{"lineNumber":84,"author":{"gitId":"Aryann-Sharma"},"content":"                        throw new ArnException(\"Empty task description\");","lastModifiedDate":"2025-09-01T22:12:28","isFullCredit":false},{"lineNumber":85,"author":{"gitId":"Aryann-Sharma"},"content":"                    }","lastModifiedDate":"2025-09-01T22:12:28","isFullCredit":false},{"lineNumber":86,"author":{"gitId":"Aryann-Sharma"},"content":"                    String startDate \u003d input.substring(j + 1, k - 1).trim();","lastModifiedDate":"2025-09-01T22:12:28","isFullCredit":false},{"lineNumber":87,"author":{"gitId":"Aryann-Sharma"},"content":"                    String endDate \u003d input.substring(k + 1).trim();","lastModifiedDate":"2025-09-01T22:12:28","isFullCredit":false},{"lineNumber":88,"author":{"gitId":"Aryann-Sharma"},"content":"                    if (startDate.isEmpty()) {","lastModifiedDate":"2025-09-01T22:12:28","isFullCredit":false},{"lineNumber":89,"author":{"gitId":"Aryann-Sharma"},"content":"                        throw new ArnException(\"Empty start date.\");","lastModifiedDate":"2025-09-01T22:12:28","isFullCredit":false},{"lineNumber":90,"author":{"gitId":"Aryann-Sharma"},"content":"                    }","lastModifiedDate":"2025-09-01T22:12:28","isFullCredit":false},{"lineNumber":91,"author":{"gitId":"Aryann-Sharma"},"content":"                    if (endDate.isEmpty()) {","lastModifiedDate":"2025-09-01T22:12:28","isFullCredit":false},{"lineNumber":92,"author":{"gitId":"Aryann-Sharma"},"content":"                        throw new ArnException(\"Empty end date.\");","lastModifiedDate":"2025-09-01T22:12:28","isFullCredit":false},{"lineNumber":93,"author":{"gitId":"Aryann-Sharma"},"content":"                    }","lastModifiedDate":"2025-09-01T22:12:28","isFullCredit":false},{"lineNumber":94,"author":{"gitId":"Aryann-Sharma"},"content":"                    String date \u003d startDate + \" \" + endDate;","lastModifiedDate":"2025-09-01T03:23:32","isFullCredit":false},{"lineNumber":95,"author":{"gitId":"Aryann-Sharma"},"content":"                    taskList.add(new Event(description, date));","lastModifiedDate":"2025-09-01T22:59:38","isFullCredit":false},{"lineNumber":96,"author":{"gitId":"Aryann-Sharma"},"content":"                    System.out.println(\"added: \" + taskList.get(taskList.size() - 1));","lastModifiedDate":"2025-09-01T22:59:38","isFullCredit":false},{"lineNumber":97,"author":{"gitId":"Aryann-Sharma"},"content":"                } else if (input.startsWith(\"delete\")) {","lastModifiedDate":"2025-09-01T22:59:38","isFullCredit":false},{"lineNumber":98,"author":{"gitId":"Aryann-Sharma"},"content":"                    String[] parts \u003d input.split(\" \");","lastModifiedDate":"2025-09-01T22:59:38","isFullCredit":false},{"lineNumber":99,"author":{"gitId":"Aryann-Sharma"},"content":"                    int i \u003d Integer.parseInt(parts[1]) - 1;","lastModifiedDate":"2025-09-01T22:59:38","isFullCredit":false},{"lineNumber":100,"author":{"gitId":"Aryann-Sharma"},"content":"                    if (i \u003e\u003d 0 \u0026\u0026 i \u003c taskList.size()) {","lastModifiedDate":"2025-09-01T22:59:38","isFullCredit":false},{"lineNumber":101,"author":{"gitId":"Aryann-Sharma"},"content":"                        Task t \u003d taskList.remove(i);","lastModifiedDate":"2025-09-01T22:59:38","isFullCredit":false},{"lineNumber":102,"author":{"gitId":"Aryann-Sharma"},"content":"                        System.out.println(\"Task removed: \" + t.toString());","lastModifiedDate":"2025-09-01T22:59:38","isFullCredit":false},{"lineNumber":103,"author":{"gitId":"Aryann-Sharma"},"content":"                    } else {","lastModifiedDate":"2025-09-01T22:59:38","isFullCredit":false},{"lineNumber":104,"author":{"gitId":"Aryann-Sharma"},"content":"                        throw new ArnException(\"Invalid task number\");","lastModifiedDate":"2025-09-01T22:59:38","isFullCredit":false},{"lineNumber":105,"author":{"gitId":"Aryann-Sharma"},"content":"                    }","lastModifiedDate":"2025-09-01T22:59:38","isFullCredit":false},{"lineNumber":106,"author":{"gitId":"Aryann-Sharma"},"content":"                } else {","lastModifiedDate":"2025-09-01T22:12:28","isFullCredit":false},{"lineNumber":107,"author":{"gitId":"Aryann-Sharma"},"content":"                    throw new ArnException(\"Sorry, not a valid command.\");","lastModifiedDate":"2025-09-01T22:12:28","isFullCredit":false},{"lineNumber":108,"author":{"gitId":"Aryann-Sharma"},"content":"                }","lastModifiedDate":"2025-09-01T22:12:28","isFullCredit":false},{"lineNumber":109,"author":{"gitId":"Aryann-Sharma"},"content":"            } catch (ArnException e) {","lastModifiedDate":"2025-09-01T22:12:28","isFullCredit":false},{"lineNumber":110,"author":{"gitId":"Aryann-Sharma"},"content":"                System.out.println(\"Error: \" + e.getMessage());","lastModifiedDate":"2025-09-01T22:12:28","isFullCredit":false},{"lineNumber":111,"author":{"gitId":"Aryann-Sharma"},"content":"            } catch (Exception e) {","lastModifiedDate":"2025-09-01T22:12:28","isFullCredit":false},{"lineNumber":112,"author":{"gitId":"Aryann-Sharma"},"content":"                System.out.println(\"Something went wrong: \" + e.getMessage());","lastModifiedDate":"2025-09-01T22:12:28","isFullCredit":false},{"lineNumber":113,"author":{"gitId":"Aryann-Sharma"},"content":"            }","lastModifiedDate":"2025-08-30T15:47:20","isFullCredit":false},{"lineNumber":114,"author":{"gitId":"Aryann-Sharma"},"content":"","lastModifiedDate":"2025-09-01T03:23:32","isFullCredit":false},{"lineNumber":115,"author":{"gitId":"Aryann-Sharma"},"content":"            System.out.println(\"\");","lastModifiedDate":"2025-09-01T01:08:11","isFullCredit":false},{"lineNumber":116,"author":{"gitId":"Aryann-Sharma"},"content":"        }","lastModifiedDate":"2025-08-30T15:47:20","isFullCredit":false},{"lineNumber":117,"author":{"gitId":"Aryann-Sharma"},"content":"","lastModifiedDate":"2025-08-30T15:47:20","isFullCredit":false},{"lineNumber":118,"author":{"gitId":"Aryann-Sharma"},"content":"        scanner.close();","lastModifiedDate":"2025-08-30T15:47:20","isFullCredit":false},{"lineNumber":119,"author":{"gitId":"Aryann-Sharma"},"content":"    }","lastModifiedDate":"2025-08-30T15:17:55","isFullCredit":false},{"lineNumber":120,"author":{"gitId":"Aryann-Sharma"},"content":"}","lastModifiedDate":"2025-08-30T15:17:55","isFullCredit":false}],"authorContributionMap":{"Aryann-Sharma":120}},{"path":"src/main/java/ArnException.java","fileType":"java","lines":[{"lineNumber":1,"author":{"gitId":"Aryann-Sharma"},"content":"public class ArnException extends Exception {","lastModifiedDate":"2025-09-01T22:12:28","isFullCredit":false},{"lineNumber":2,"author":{"gitId":"Aryann-Sharma"},"content":"    public ArnException(String message) {","lastModifiedDate":"2025-09-01T22:12:28","isFullCredit":false},{"lineNumber":3,"author":{"gitId":"Aryann-Sharma"},"content":"        super(message);","lastModifiedDate":"2025-09-01T22:12:28","isFullCredit":false},{"lineNumber":4,"author":{"gitId":"Aryann-Sharma"},"content":"    }","lastModifiedDate":"2025-09-01T22:12:28","isFullCredit":false},{"lineNumber":5,"author":{"gitId":"Aryann-Sharma"},"content":"}","lastModifiedDate":"2025-09-01T22:12:28","isFullCredit":false}],"authorContributionMap":{"Aryann-Sharma":5}},{"path":"src/main/java/Deadline.java","fileType":"java","lines":[{"lineNumber":1,"author":{"gitId":"Aryann-Sharma"},"content":"public class Deadline extends Task{","lastModifiedDate":"2025-09-01T03:23:32","isFullCredit":false},{"lineNumber":2,"author":{"gitId":"Aryann-Sharma"},"content":"    protected String date \u003d \"\";","lastModifiedDate":"2025-09-01T03:23:32","isFullCredit":false},{"lineNumber":3,"author":{"gitId":"Aryann-Sharma"},"content":"    public Deadline(String description, String date) {","lastModifiedDate":"2025-09-01T03:23:32","isFullCredit":false},{"lineNumber":4,"author":{"gitId":"Aryann-Sharma"},"content":"        super(description);","lastModifiedDate":"2025-09-01T03:23:32","isFullCredit":false},{"lineNumber":5,"author":{"gitId":"Aryann-Sharma"},"content":"        this.date \u003d date;","lastModifiedDate":"2025-09-01T03:23:32","isFullCredit":false},{"lineNumber":6,"author":{"gitId":"Aryann-Sharma"},"content":"    }","lastModifiedDate":"2025-09-01T03:23:32","isFullCredit":false},{"lineNumber":7,"author":{"gitId":"Aryann-Sharma"},"content":"","lastModifiedDate":"2025-09-01T03:23:32","isFullCredit":false},{"lineNumber":8,"author":{"gitId":"Aryann-Sharma"},"content":"    public String getType() {","lastModifiedDate":"2025-09-01T03:23:32","isFullCredit":false},{"lineNumber":9,"author":{"gitId":"Aryann-Sharma"},"content":"        return \"D\";","lastModifiedDate":"2025-09-01T03:23:32","isFullCredit":false},{"lineNumber":10,"author":{"gitId":"Aryann-Sharma"},"content":"    }","lastModifiedDate":"2025-09-01T03:23:32","isFullCredit":false},{"lineNumber":11,"author":{"gitId":"Aryann-Sharma"},"content":"","lastModifiedDate":"2025-09-01T03:23:32","isFullCredit":false},{"lineNumber":12,"author":{"gitId":"Aryann-Sharma"},"content":"    @Override","lastModifiedDate":"2025-09-01T03:23:32","isFullCredit":false},{"lineNumber":13,"author":{"gitId":"Aryann-Sharma"},"content":"    public String toString() {","lastModifiedDate":"2025-09-01T03:23:32","isFullCredit":false},{"lineNumber":14,"author":{"gitId":"Aryann-Sharma"},"content":"        return \"[\" + this.getType() + \"][\" + this.getStatusIcon() + \"] \" + description + \" (\" + date + \")\";","lastModifiedDate":"2025-09-01T03:23:32","isFullCredit":false},{"lineNumber":15,"author":{"gitId":"Aryann-Sharma"},"content":"    }","lastModifiedDate":"2025-09-01T03:23:32","isFullCredit":false},{"lineNumber":16,"author":{"gitId":"Aryann-Sharma"},"content":"}","lastModifiedDate":"2025-09-01T03:23:32","isFullCredit":false}],"authorContributionMap":{"Aryann-Sharma":16}},{"path":"src/main/java/Event.java","fileType":"java","lines":[{"lineNumber":1,"author":{"gitId":"Aryann-Sharma"},"content":"public class Event extends Task {","lastModifiedDate":"2025-09-01T03:23:32","isFullCredit":false},{"lineNumber":2,"author":{"gitId":"Aryann-Sharma"},"content":"    protected String date \u003d \"\";","lastModifiedDate":"2025-09-01T03:23:32","isFullCredit":false},{"lineNumber":3,"author":{"gitId":"Aryann-Sharma"},"content":"    public Event(String description, String date) {","lastModifiedDate":"2025-09-01T03:23:32","isFullCredit":false},{"lineNumber":4,"author":{"gitId":"Aryann-Sharma"},"content":"        super(description);","lastModifiedDate":"2025-09-01T03:23:32","isFullCredit":false},{"lineNumber":5,"author":{"gitId":"Aryann-Sharma"},"content":"        this.date \u003d date;","lastModifiedDate":"2025-09-01T03:23:32","isFullCredit":false},{"lineNumber":6,"author":{"gitId":"Aryann-Sharma"},"content":"    }","lastModifiedDate":"2025-09-01T03:23:32","isFullCredit":false},{"lineNumber":7,"author":{"gitId":"Aryann-Sharma"},"content":"","lastModifiedDate":"2025-09-01T03:23:32","isFullCredit":false},{"lineNumber":8,"author":{"gitId":"Aryann-Sharma"},"content":"    public String getType() {","lastModifiedDate":"2025-09-01T03:23:32","isFullCredit":false},{"lineNumber":9,"author":{"gitId":"Aryann-Sharma"},"content":"        return \"E\";","lastModifiedDate":"2025-09-01T03:23:32","isFullCredit":false},{"lineNumber":10,"author":{"gitId":"Aryann-Sharma"},"content":"    }","lastModifiedDate":"2025-09-01T03:23:32","isFullCredit":false},{"lineNumber":11,"author":{"gitId":"Aryann-Sharma"},"content":"","lastModifiedDate":"2025-09-01T03:23:32","isFullCredit":false},{"lineNumber":12,"author":{"gitId":"Aryann-Sharma"},"content":"    @Override","lastModifiedDate":"2025-09-01T03:23:32","isFullCredit":false},{"lineNumber":13,"author":{"gitId":"Aryann-Sharma"},"content":"    public String toString() {","lastModifiedDate":"2025-09-01T03:23:32","isFullCredit":false},{"lineNumber":14,"author":{"gitId":"Aryann-Sharma"},"content":"        return \"[\" + this.getType() + \"][\" + this.getStatusIcon() + \"] \" + description + \" (\" + date + \")\";","lastModifiedDate":"2025-09-01T03:23:32","isFullCredit":false},{"lineNumber":15,"author":{"gitId":"Aryann-Sharma"},"content":"    }","lastModifiedDate":"2025-09-01T03:23:32","isFullCredit":false},{"lineNumber":16,"author":{"gitId":"Aryann-Sharma"},"content":"}","lastModifiedDate":"2025-09-01T03:23:32","isFullCredit":false}],"authorContributionMap":{"Aryann-Sharma":16}},{"path":"src/main/java/Task.java","fileType":"java","lines":[{"lineNumber":1,"author":{"gitId":"Aryann-Sharma"},"content":"public class Task {","lastModifiedDate":"2025-09-01T01:08:11","isFullCredit":false},{"lineNumber":2,"author":{"gitId":"Aryann-Sharma"},"content":"    protected String description;","lastModifiedDate":"2025-09-01T01:08:11","isFullCredit":false},{"lineNumber":3,"author":{"gitId":"Aryann-Sharma"},"content":"    protected boolean isDone;","lastModifiedDate":"2025-09-01T01:08:11","isFullCredit":false},{"lineNumber":4,"author":{"gitId":"Aryann-Sharma"},"content":"","lastModifiedDate":"2025-09-01T01:08:11","isFullCredit":false},{"lineNumber":5,"author":{"gitId":"Aryann-Sharma"},"content":"    public Task() {","lastModifiedDate":"2025-09-01T03:23:32","isFullCredit":false},{"lineNumber":6,"author":{"gitId":"Aryann-Sharma"},"content":"        this.description \u003d \"\";","lastModifiedDate":"2025-09-01T03:23:32","isFullCredit":false},{"lineNumber":7,"author":{"gitId":"Aryann-Sharma"},"content":"        this.isDone \u003d false;","lastModifiedDate":"2025-09-01T03:23:32","isFullCredit":false},{"lineNumber":8,"author":{"gitId":"Aryann-Sharma"},"content":"    }","lastModifiedDate":"2025-09-01T03:23:32","isFullCredit":false},{"lineNumber":9,"author":{"gitId":"Aryann-Sharma"},"content":"","lastModifiedDate":"2025-09-01T03:23:32","isFullCredit":false},{"lineNumber":10,"author":{"gitId":"Aryann-Sharma"},"content":"    public Task(String description) {","lastModifiedDate":"2025-09-01T01:08:11","isFullCredit":false},{"lineNumber":11,"author":{"gitId":"Aryann-Sharma"},"content":"        this.description \u003d description;","lastModifiedDate":"2025-09-01T01:08:11","isFullCredit":false},{"lineNumber":12,"author":{"gitId":"Aryann-Sharma"},"content":"        this.isDone \u003d false;","lastModifiedDate":"2025-09-01T01:08:11","isFullCredit":false},{"lineNumber":13,"author":{"gitId":"Aryann-Sharma"},"content":"    }","lastModifiedDate":"2025-09-01T01:08:11","isFullCredit":false},{"lineNumber":14,"author":{"gitId":"Aryann-Sharma"},"content":"","lastModifiedDate":"2025-09-01T01:08:11","isFullCredit":false},{"lineNumber":15,"author":{"gitId":"Aryann-Sharma"},"content":"    public String getStatusIcon() {","lastModifiedDate":"2025-09-01T01:08:11","isFullCredit":false},{"lineNumber":16,"author":{"gitId":"Aryann-Sharma"},"content":"        return (isDone ? \"X\" : \" \"); // mark done task with X","lastModifiedDate":"2025-09-01T01:08:11","isFullCredit":false},{"lineNumber":17,"author":{"gitId":"Aryann-Sharma"},"content":"    }","lastModifiedDate":"2025-09-01T01:08:11","isFullCredit":false},{"lineNumber":18,"author":{"gitId":"Aryann-Sharma"},"content":"","lastModifiedDate":"2025-09-01T01:08:11","isFullCredit":false},{"lineNumber":19,"author":{"gitId":"Aryann-Sharma"},"content":"    public void markAsDone() {","lastModifiedDate":"2025-09-01T01:08:11","isFullCredit":false},{"lineNumber":20,"author":{"gitId":"Aryann-Sharma"},"content":"        this.isDone \u003d true;","lastModifiedDate":"2025-09-01T01:08:11","isFullCredit":false},{"lineNumber":21,"author":{"gitId":"Aryann-Sharma"},"content":"    }","lastModifiedDate":"2025-09-01T01:08:11","isFullCredit":false},{"lineNumber":22,"author":{"gitId":"Aryann-Sharma"},"content":"","lastModifiedDate":"2025-09-01T01:08:11","isFullCredit":false},{"lineNumber":23,"author":{"gitId":"Aryann-Sharma"},"content":"    public void markAsNotDone() {","lastModifiedDate":"2025-09-01T01:08:11","isFullCredit":false},{"lineNumber":24,"author":{"gitId":"Aryann-Sharma"},"content":"        this.isDone \u003d false;","lastModifiedDate":"2025-09-01T01:08:11","isFullCredit":false},{"lineNumber":25,"author":{"gitId":"Aryann-Sharma"},"content":"    }","lastModifiedDate":"2025-09-01T01:08:11","isFullCredit":false},{"lineNumber":26,"author":{"gitId":"Aryann-Sharma"},"content":"","lastModifiedDate":"2025-09-01T03:23:32","isFullCredit":false},{"lineNumber":27,"author":{"gitId":"Aryann-Sharma"},"content":"    @Override","lastModifiedDate":"2025-09-01T03:23:32","isFullCredit":false},{"lineNumber":28,"author":{"gitId":"Aryann-Sharma"},"content":"    public String toString() {","lastModifiedDate":"2025-09-01T03:23:32","isFullCredit":false},{"lineNumber":29,"author":{"gitId":"Aryann-Sharma"},"content":"        return \"[\" + this.getStatusIcon() + \"] \" + this.description;","lastModifiedDate":"2025-09-01T03:23:32","isFullCredit":false},{"lineNumber":30,"author":{"gitId":"Aryann-Sharma"},"content":"    }","lastModifiedDate":"2025-09-01T03:23:32","isFullCredit":false},{"lineNumber":31,"author":{"gitId":"Aryann-Sharma"},"content":"","lastModifiedDate":"2025-09-01T03:23:32","isFullCredit":false},{"lineNumber":32,"author":{"gitId":"Aryann-Sharma"},"content":"}","lastModifiedDate":"2025-09-01T01:08:11","isFullCredit":false}],"authorContributionMap":{"Aryann-Sharma":32}},{"path":"src/main/java/Todo.java","fileType":"java","lines":[{"lineNumber":1,"author":{"gitId":"Aryann-Sharma"},"content":"public class Todo extends Task {","lastModifiedDate":"2025-09-01T03:23:32","isFullCredit":false},{"lineNumber":2,"author":{"gitId":"Aryann-Sharma"},"content":"    public Todo(String description) {","lastModifiedDate":"2025-09-01T03:23:32","isFullCredit":false},{"lineNumber":3,"author":{"gitId":"Aryann-Sharma"},"content":"        super(description);","lastModifiedDate":"2025-09-01T03:23:32","isFullCredit":false},{"lineNumber":4,"author":{"gitId":"Aryann-Sharma"},"content":"    }","lastModifiedDate":"2025-09-01T03:23:32","isFullCredit":false},{"lineNumber":5,"author":{"gitId":"Aryann-Sharma"},"content":"","lastModifiedDate":"2025-09-01T03:23:32","isFullCredit":false},{"lineNumber":6,"author":{"gitId":"Aryann-Sharma"},"content":"    public String getType() {","lastModifiedDate":"2025-09-01T03:23:32","isFullCredit":false},{"lineNumber":7,"author":{"gitId":"Aryann-Sharma"},"content":"        return \"T\";","lastModifiedDate":"2025-09-01T03:23:32","isFullCredit":false},{"lineNumber":8,"author":{"gitId":"Aryann-Sharma"},"content":"    }","lastModifiedDate":"2025-09-01T03:23:32","isFullCredit":false},{"lineNumber":9,"author":{"gitId":"Aryann-Sharma"},"content":"","lastModifiedDate":"2025-09-01T03:23:32","isFullCredit":false},{"lineNumber":10,"author":{"gitId":"Aryann-Sharma"},"content":"    @Override","lastModifiedDate":"2025-09-01T03:23:32","isFullCredit":false},{"lineNumber":11,"author":{"gitId":"Aryann-Sharma"},"content":"    public String toString() {","lastModifiedDate":"2025-09-01T03:23:32","isFullCredit":false},{"lineNumber":12,"author":{"gitId":"Aryann-Sharma"},"content":"        return \"[\" + this.getType() + \"][\" + this.getStatusIcon() + \"] \" + this.description;","lastModifiedDate":"2025-09-01T03:23:32","isFullCredit":false},{"lineNumber":13,"author":{"gitId":"Aryann-Sharma"},"content":"    }","lastModifiedDate":"2025-09-01T03:23:32","isFullCredit":false},{"lineNumber":14,"author":{"gitId":"Aryann-Sharma"},"content":"}","lastModifiedDate":"2025-09-01T03:23:32","isFullCredit":false}],"authorContributionMap":{"Aryann-Sharma":14}},{"path":"text-ui-test/input.txt","fileType":"txt","lines":[{"lineNumber":1,"author":{"gitId":"Aryann-Sharma"},"content":"todo read book","lastModifiedDate":"2025-09-01T20:44:48","isFullCredit":false}],"authorContributionMap":{"Aryann-Sharma":1}},{"path":"text-ui-test/runtest.bat","fileType":"bat","lines":[{"lineNumber":1,"author":{"gitId":"-"},"content":"@ECHO OFF","lastModifiedDate":"2020-05-25T00:03:55","isFullCredit":false},{"lineNumber":2,"author":{"gitId":"-"},"content":"","lastModifiedDate":"2020-05-25T00:03:55","isFullCredit":false},{"lineNumber":3,"author":{"gitId":"-"},"content":"REM create bin directory if it doesn\u0027t exist","lastModifiedDate":"2020-05-25T00:03:55","isFullCredit":false},{"lineNumber":4,"author":{"gitId":"-"},"content":"if not exist ..\\bin mkdir ..\\bin","lastModifiedDate":"2020-05-25T00:03:55","isFullCredit":false},{"lineNumber":5,"author":{"gitId":"-"},"content":"","lastModifiedDate":"2020-05-25T00:03:55","isFullCredit":false},{"lineNumber":6,"author":{"gitId":"-"},"content":"REM delete output from previous run","lastModifiedDate":"2020-05-25T00:03:55","isFullCredit":false},{"lineNumber":7,"author":{"gitId":"-"},"content":"if exist ACTUAL.TXT del ACTUAL.TXT","lastModifiedDate":"2020-08-25T17:23:26","isFullCredit":false},{"lineNumber":8,"author":{"gitId":"-"},"content":"","lastModifiedDate":"2020-05-25T00:03:55","isFullCredit":false},{"lineNumber":9,"author":{"gitId":"-"},"content":"REM compile the code into the bin folder","lastModifiedDate":"2020-05-25T00:03:55","isFullCredit":false},{"lineNumber":10,"author":{"gitId":"-"},"content":"javac  -cp ..\\src\\main\\java -Xlint:none -d ..\\bin ..\\src\\main\\java\\*.java","lastModifiedDate":"2020-08-25T17:23:26","isFullCredit":false},{"lineNumber":11,"author":{"gitId":"-"},"content":"IF ERRORLEVEL 1 (","lastModifiedDate":"2020-05-25T00:03:55","isFullCredit":false},{"lineNumber":12,"author":{"gitId":"-"},"content":"    echo ********** BUILD FAILURE **********","lastModifiedDate":"2020-05-25T00:03:55","isFullCredit":false},{"lineNumber":13,"author":{"gitId":"-"},"content":"    exit /b 1","lastModifiedDate":"2020-05-25T00:03:55","isFullCredit":false},{"lineNumber":14,"author":{"gitId":"-"},"content":")","lastModifiedDate":"2020-05-25T00:03:55","isFullCredit":false},{"lineNumber":15,"author":{"gitId":"-"},"content":"REM no error here, errorlevel \u003d\u003d 0","lastModifiedDate":"2020-05-25T00:03:55","isFullCredit":false},{"lineNumber":16,"author":{"gitId":"-"},"content":"","lastModifiedDate":"2020-05-25T00:03:55","isFullCredit":false},{"lineNumber":17,"author":{"gitId":"-"},"content":"REM run the program, feed commands from input.txt file and redirect the output to the ACTUAL.TXT","lastModifiedDate":"2020-05-25T00:03:55","isFullCredit":false},{"lineNumber":18,"author":{"gitId":"Aryann-Sharma"},"content":"java -classpath ..\\bin Arn \u003c input.txt \u003e ACTUAL.TXT","lastModifiedDate":"2025-09-01T20:44:48","isFullCredit":false},{"lineNumber":19,"author":{"gitId":"-"},"content":"","lastModifiedDate":"2020-05-25T00:03:55","isFullCredit":false},{"lineNumber":20,"author":{"gitId":"-"},"content":"REM compare the output to the expected output","lastModifiedDate":"2020-05-25T00:03:55","isFullCredit":false},{"lineNumber":21,"author":{"gitId":"-"},"content":"FC ACTUAL.TXT EXPECTED.TXT","lastModifiedDate":"2020-05-25T00:03:55","isFullCredit":false}],"authorContributionMap":{"-":20,"Aryann-Sharma":1}},{"path":"text-ui-test/runtest.sh","fileType":"sh","lines":[{"lineNumber":1,"author":{"gitId":"-"},"content":"#!/usr/bin/env bash","lastModifiedDate":"2020-05-25T00:03:55","isFullCredit":false},{"lineNumber":2,"author":{"gitId":"-"},"content":"","lastModifiedDate":"2020-05-25T00:03:55","isFullCredit":false},{"lineNumber":3,"author":{"gitId":"-"},"content":"# create bin directory if it doesn\u0027t exist","lastModifiedDate":"2020-05-25T00:03:55","isFullCredit":false},{"lineNumber":4,"author":{"gitId":"-"},"content":"if [ ! -d \"../bin\" ]","lastModifiedDate":"2020-05-25T00:03:55","isFullCredit":false},{"lineNumber":5,"author":{"gitId":"-"},"content":"then","lastModifiedDate":"2020-05-25T00:03:55","isFullCredit":false},{"lineNumber":6,"author":{"gitId":"-"},"content":"    mkdir ../bin","lastModifiedDate":"2020-05-25T00:03:55","isFullCredit":false},{"lineNumber":7,"author":{"gitId":"-"},"content":"fi","lastModifiedDate":"2020-05-25T00:03:55","isFullCredit":false},{"lineNumber":8,"author":{"gitId":"-"},"content":"","lastModifiedDate":"2020-05-25T00:03:55","isFullCredit":false},{"lineNumber":9,"author":{"gitId":"-"},"content":"# delete output from previous run","lastModifiedDate":"2020-05-25T00:03:55","isFullCredit":false},{"lineNumber":10,"author":{"gitId":"-"},"content":"if [ -e \"./ACTUAL.TXT\" ]","lastModifiedDate":"2020-05-25T00:03:55","isFullCredit":false},{"lineNumber":11,"author":{"gitId":"-"},"content":"then","lastModifiedDate":"2020-05-25T00:03:55","isFullCredit":false},{"lineNumber":12,"author":{"gitId":"-"},"content":"    rm ACTUAL.TXT","lastModifiedDate":"2020-05-25T00:03:55","isFullCredit":false},{"lineNumber":13,"author":{"gitId":"-"},"content":"fi","lastModifiedDate":"2020-05-25T00:03:55","isFullCredit":false},{"lineNumber":14,"author":{"gitId":"-"},"content":"","lastModifiedDate":"2020-05-25T00:03:55","isFullCredit":false},{"lineNumber":15,"author":{"gitId":"-"},"content":"# compile the code into the bin folder, terminates if error occurred","lastModifiedDate":"2020-05-25T00:03:55","isFullCredit":false},{"lineNumber":16,"author":{"gitId":"-"},"content":"if ! javac -cp ../src/main/java -Xlint:none -d ../bin ../src/main/java/*.java","lastModifiedDate":"2020-08-25T17:23:26","isFullCredit":false},{"lineNumber":17,"author":{"gitId":"-"},"content":"then","lastModifiedDate":"2020-05-25T00:03:55","isFullCredit":false},{"lineNumber":18,"author":{"gitId":"-"},"content":"    echo \"********** BUILD FAILURE **********\"","lastModifiedDate":"2020-05-25T00:03:55","isFullCredit":false},{"lineNumber":19,"author":{"gitId":"-"},"content":"    exit 1","lastModifiedDate":"2020-05-25T00:03:55","isFullCredit":false},{"lineNumber":20,"author":{"gitId":"-"},"content":"fi","lastModifiedDate":"2020-05-25T00:03:55","isFullCredit":false},{"lineNumber":21,"author":{"gitId":"-"},"content":"","lastModifiedDate":"2020-05-25T00:03:55","isFullCredit":false},{"lineNumber":22,"author":{"gitId":"-"},"content":"# run the program, feed commands from input.txt file and redirect the output to the ACTUAL.TXT","lastModifiedDate":"2020-05-25T00:03:55","isFullCredit":false},{"lineNumber":23,"author":{"gitId":"Aryann-Sharma"},"content":"java -classpath ../bin Arn \u003c input.txt \u003e ACTUAL.TXT","lastModifiedDate":"2025-09-01T20:44:48","isFullCredit":false},{"lineNumber":24,"author":{"gitId":"-"},"content":"","lastModifiedDate":"2020-05-25T00:03:55","isFullCredit":false},{"lineNumber":25,"author":{"gitId":"-"},"content":"# convert to UNIX format","lastModifiedDate":"2020-05-25T00:03:55","isFullCredit":false},{"lineNumber":26,"author":{"gitId":"-"},"content":"cp EXPECTED.TXT EXPECTED-UNIX.TXT","lastModifiedDate":"2020-05-25T00:03:55","isFullCredit":false},{"lineNumber":27,"author":{"gitId":"-"},"content":"dos2unix ACTUAL.TXT EXPECTED-UNIX.TXT","lastModifiedDate":"2020-05-25T00:03:55","isFullCredit":false},{"lineNumber":28,"author":{"gitId":"-"},"content":"","lastModifiedDate":"2020-05-25T00:03:55","isFullCredit":false},{"lineNumber":29,"author":{"gitId":"-"},"content":"# compare the output to the expected output","lastModifiedDate":"2020-05-25T00:03:55","isFullCredit":false},{"lineNumber":30,"author":{"gitId":"-"},"content":"diff ACTUAL.TXT EXPECTED-UNIX.TXT","lastModifiedDate":"2020-05-25T00:03:55","isFullCredit":false},{"lineNumber":31,"author":{"gitId":"-"},"content":"if [ $? -eq 0 ]","lastModifiedDate":"2020-05-25T00:03:55","isFullCredit":false},{"lineNumber":32,"author":{"gitId":"-"},"content":"then","lastModifiedDate":"2020-05-25T00:03:55","isFullCredit":false},{"lineNumber":33,"author":{"gitId":"-"},"content":"    echo \"Test result: PASSED\"","lastModifiedDate":"2020-05-25T00:03:55","isFullCredit":false},{"lineNumber":34,"author":{"gitId":"-"},"content":"    exit 0","lastModifiedDate":"2020-05-25T00:03:55","isFullCredit":false},{"lineNumber":35,"author":{"gitId":"-"},"content":"else","lastModifiedDate":"2020-05-25T00:03:55","isFullCredit":false},{"lineNumber":36,"author":{"gitId":"-"},"content":"    echo \"Test result: FAILED\"","lastModifiedDate":"2020-05-25T00:03:55","isFullCredit":false},{"lineNumber":37,"author":{"gitId":"-"},"content":"    exit 1","lastModifiedDate":"2020-05-25T00:03:55","isFullCredit":false},{"lineNumber":38,"author":{"gitId":"-"},"content":"fi","lastModifiedDate":"2020-05-25T00:03:55","isFullCredit":false}],"authorContributionMap":{"-":37,"Aryann-Sharma":1}}]
