{"authorDailyContributionsMap":{"dylandaaa":[{"date":"2025-08-21T00:00:00","commitResults":[{"hash":"3ea586771de6997b4727f1eaf9c4f3ef5b363c06","isMergeCommit":false,"messageTitle":"Change bot name from Duke to Wheezy","messageBody":"","fileTypesAndContributionMap":{"java":{"insertions":13,"deletions":10}}}]},{"date":"2025-08-22T00:00:00","commitResults":[{"hash":"5fe6a0d22bbae5f9d9d244ef9d6cf958e626d048","isMergeCommit":false,"messageTitle":"Add AI declaration file","messageBody":"","fileTypesAndContributionMap":{"md":{"insertions":1,"deletions":0}}},{"hash":"1d26df4e1e8e327ef96c2b79f51acaf2b50c0ac2","isMergeCommit":false,"messageTitle":"Add lines and edit message","messageBody":"","tags":["Level-0"],"fileTypesAndContributionMap":{"java":{"insertions":4,"deletions":0}}},{"hash":"b1cec1a0b9d506190724e854ae82db7b3d676e5f","isMergeCommit":false,"messageTitle":"Create Message class","messageBody":"","fileTypesAndContributionMap":{"java":{"insertions":18,"deletions":0}}},{"hash":"6702c5869ea69fdc2937320fa9742d233f24e93d","isMergeCommit":false,"messageTitle":"Echo user input","messageBody":"","fileTypesAndContributionMap":{"java":{"insertions":10,"deletions":2}}},{"hash":"6a3c3be9d2899bb4505034d076a23b4f5787508d","isMergeCommit":false,"messageTitle":"Reformat response with indentation","messageBody":"","fileTypesAndContributionMap":{"java":{"insertions":15,"deletions":15}}},{"hash":"2c7c4750e6193d400340b113b09151cd4566f47c","isMergeCommit":false,"messageTitle":"Revert typo in message","messageBody":"","tags":["Level-1"],"fileTypesAndContributionMap":{"java":{"insertions":1,"deletions":1}}},{"hash":"16e4404ca81bd2172decbe57a8235e0a0a77811f","isMergeCommit":false,"messageTitle":"Add functionality to add and list items","messageBody":"","tags":["Level-2"],"fileTypesAndContributionMap":{"java":{"insertions":22,"deletions":8}}},{"hash":"2d35d210ea7345b19aec76055d1e615af6372f66","isMergeCommit":false,"messageTitle":"Add Task class","messageBody":"","fileTypesAndContributionMap":{"java":{"insertions":19,"deletions":2}}},{"hash":"d561eee69bc2cd80e8fbf44225f467d0a8387a34","isMergeCommit":false,"messageTitle":"Add enum for different commands","messageBody":"","tags":["A-Enums"],"fileTypesAndContributionMap":{"java":{"insertions":11,"deletions":5}}},{"hash":"bf12297076c273a9cb13836b4d7819ff49696f3a","isMergeCommit":false,"messageTitle":"Add CommandParser to handle CommandTypes","messageBody":"","fileTypesAndContributionMap":{"java":{"insertions":15,"deletions":3}}},{"hash":"62d7f73689b69fb13ba3dd0fc1e52078662752f8","isMergeCommit":false,"messageTitle":"Add extractTaskNumber method to CommandParser","messageBody":"","fileTypesAndContributionMap":{"java":{"insertions":6,"deletions":0}}},{"hash":"b24b9f953446014e8fe15c5a162c92e1ac3d937d","isMergeCommit":false,"messageTitle":"Fixed syntax error on CommandParser","messageBody":"","fileTypesAndContributionMap":{"java":{"insertions":1,"deletions":1}}},{"hash":"68b96760428558421fd40fc355efdba7a39e9d78","isMergeCommit":false,"messageTitle":"Add toString to Task","messageBody":"","fileTypesAndContributionMap":{"java":{"insertions":6,"deletions":0}}},{"hash":"934cd908fbe08f81cd2bcec7df41aa4232a64368","isMergeCommit":false,"messageTitle":"Add separate functions for commands","messageBody":"","fileTypesAndContributionMap":{"java":{"insertions":16,"deletions":17}}},{"hash":"f94525b977b1285c64651b9977666893787c64bc","isMergeCommit":false,"messageTitle":"Create CommandHandler to handle mark and add commands","messageBody":"","fileTypesAndContributionMap":{"java":{"insertions":27,"deletions":0}}},{"hash":"99b40cd00996e1220697d3cf0902e0346152cb88","isMergeCommit":false,"messageTitle":"Format main to use new classes","messageBody":"","tags":["Level-3"],"fileTypesAndContributionMap":{"java":{"insertions":36,"deletions":12}}},{"hash":"0ace9ae64d227d2b57cc640452e362631585b2b3","isMergeCommit":false,"messageTitle":"Add Todo Class","messageBody":"","fileTypesAndContributionMap":{"java":{"insertions":10,"deletions":0}}},{"hash":"5bb1b65637ab462fa7fc2adbf569f64ee86d66c2","isMergeCommit":false,"messageTitle":"Add Deadline Class","messageBody":"","fileTypesAndContributionMap":{"java":{"insertions":13,"deletions":0}}},{"hash":"b496acc49e9d578e4930fdda230a78d601940596","isMergeCommit":false,"messageTitle":"Add Event Class","messageBody":"","fileTypesAndContributionMap":{"java":{"insertions":29,"deletions":2}}},{"hash":"864eb4bb5f4b5b69071fbd5a409a832177b8660d","isMergeCommit":false,"messageTitle":"Add new CommandTypes for new commands","messageBody":"","fileTypesAndContributionMap":{"java":{"insertions":22,"deletions":5}}},{"hash":"5563805b2b672cf1e8c1c449c6e433d080e91f39","isMergeCommit":false,"messageTitle":"Add extractors for input","messageBody":"","fileTypesAndContributionMap":{"java":{"insertions":55,"deletions":0}}},{"hash":"7491e7838a782b8bf43a55a8c528542e4186c825","isMergeCommit":false,"messageTitle":"Add proper case handling in main file","messageBody":"","tags":["Level-4"],"fileTypesAndContributionMap":{"java":{"insertions":32,"deletions":7}}},{"hash":"e0e7ecf6cb04eb0d9862beb2222d04dcfe5d3037","isMergeCommit":false,"messageTitle":"Add ErrorHandler class","messageBody":"","fileTypesAndContributionMap":{"java":{"insertions":10,"deletions":0}}},{"hash":"57a5260f3e9caa3e5630372cb5b81195132594cb","isMergeCommit":false,"messageTitle":"Add Maximum length checks and try catch block","messageBody":"","fileTypesAndContributionMap":{"java":{"insertions":56,"deletions":47}}},{"hash":"1e0032bc2c874c212c54f60257465f946a5fc67f","isMergeCommit":false,"messageTitle":"Add handling methods with error","messageBody":"","fileTypesAndContributionMap":{"java":{"insertions":62,"deletions":0}}},{"hash":"6fb19464b8f7a59503ad8706ff3ecd33af713aa7","isMergeCommit":false,"messageTitle":"Add logic checks for marking and unmarking tasks","messageBody":"","fileTypesAndContributionMap":{"java":{"insertions":23,"deletions":9}}},{"hash":"049acd872d36faa6963595ce15229c8ef7fef9c9","isMergeCommit":false,"messageTitle":"Use new functions with error handling","messageBody":"","fileTypesAndContributionMap":{"java":{"insertions":20,"deletions":15}}},{"hash":"0866aa9c35dfee714a23ce6779cb387f32682458","isMergeCommit":false,"messageTitle":"Fix array indexing bug","messageBody":"","tags":["Level-5"],"fileTypesAndContributionMap":{"java":{"insertions":7,"deletions":5}}},{"hash":"8d2e1526f2c9c85b5811bc30cc1dc3ae6a0f056c","isMergeCommit":false,"messageTitle":"Add delete CommandType","messageBody":"","fileTypesAndContributionMap":{"java":{"insertions":1,"deletions":1}}},{"hash":"8972a52b063fdd5c678e72e0e74b19edd5bf0c98","isMergeCommit":false,"messageTitle":"Edit CommandParser to include new delete command","messageBody":"","fileTypesAndContributionMap":{"java":{"insertions":1,"deletions":0}}},{"hash":"725f89a390410ccdd44fd0996678c744b0155910","isMergeCommit":false,"messageTitle":"Add new deleteMessage","messageBody":"","fileTypesAndContributionMap":{"java":{"insertions":8,"deletions":0}}},{"hash":"8bc8a1a55b154530ee74682d885070ee1ec0b5c0","isMergeCommit":false,"messageTitle":"Add delete handling in CommandHandler","messageBody":"","fileTypesAndContributionMap":{"java":{"insertions":22,"deletions":0}}},{"hash":"168f037b02ef36813a61b2d3f70b2f842ee8e68b","isMergeCommit":false,"messageTitle":"Change CommandHandler functions to use ArrayList instead of a String array","messageBody":"","fileTypesAndContributionMap":{"java":{"insertions":58,"deletions":69}}},{"hash":"354e547c8902299d41711e624c1d5fce7bd042bb","isMergeCommit":false,"messageTitle":"Change main to use ArrayList instead of String array","messageBody":"","fileTypesAndContributionMap":{"java":{"insertions":46,"deletions":50}}},{"hash":"e2baadd69890fa732fa857cd5bb40c586326b900","isMergeCommit":false,"messageTitle":"Removed unnecessary comments","messageBody":"","tags":["Level-6"],"fileTypesAndContributionMap":{"java":{"insertions":1,"deletions":2}}}]},{"date":"2025-08-24T00:00:00","commitResults":[{"hash":"c00013a02797e86423ae2e272483ea13ded7286a","isMergeCommit":false,"messageTitle":"Add testing files","messageBody":"","tags":["A-TextUiTesting"],"fileTypesAndContributionMap":{"txt":{"insertions":73,"deletions":0},"bat":{"insertions":1,"deletions":1}}}]}]},"authorFileTypeContributionMap":{"dylandaaa":{"java":418,"md":1,"fxml":0,"sh":0,"bat":1,"gradle":0,"txt":73}},"authorContributionVariance":{"dylandaaa":50911.99},"authorDisplayNameMap":{"dylandaaa":"DYLA..TONO"}}
