[{"path":"src/main/java/Bob.java","fileType":"java","lines":[{"lineNumber":1,"author":{"gitId":"LZX-999"},"content":"import java.util.Scanner;","lastModifiedDate":"2025-08-20T13:31:21","isFullCredit":false},{"lineNumber":2,"author":{"gitId":"LZX-999"},"content":"import java.util.ArrayList;","lastModifiedDate":"2025-08-20T13:41:26","isFullCredit":false},{"lineNumber":3,"author":{"gitId":"LZX-999"},"content":"","lastModifiedDate":"2025-08-20T13:31:21","isFullCredit":false},{"lineNumber":4,"author":{"gitId":"LZX-999"},"content":"public class Bob {","lastModifiedDate":"2025-08-20T13:19:53","isFullCredit":false},{"lineNumber":5,"author":{"gitId":"LZX-999"},"content":"    public static void main(String[] args) {","lastModifiedDate":"2025-08-20T13:19:53","isFullCredit":false},{"lineNumber":6,"author":{"gitId":"LZX-999"},"content":"        String logo \u003d \" /$$$$$$$   /$$$$$$  /$$$$$$$ \\n\" + //","lastModifiedDate":"2025-08-20T13:19:53","isFullCredit":false},{"lineNumber":7,"author":{"gitId":"LZX-999"},"content":"                        \"| $$__  $$ /$$__  $$| $$__  $$\\n\" + //","lastModifiedDate":"2025-08-20T13:19:53","isFullCredit":false},{"lineNumber":8,"author":{"gitId":"LZX-999"},"content":"                        \"| $$  \\\\ $$| $$  \\\\ $$| $$  \\\\ $$\\n\" + //","lastModifiedDate":"2025-08-20T13:19:53","isFullCredit":false},{"lineNumber":9,"author":{"gitId":"LZX-999"},"content":"                        \"| $$$$$$$ | $$  | $$| $$$$$$$ \\n\" + //","lastModifiedDate":"2025-08-20T13:19:53","isFullCredit":false},{"lineNumber":10,"author":{"gitId":"LZX-999"},"content":"                        \"| $$__  $$| $$  | $$| $$__  $$\\n\" + //","lastModifiedDate":"2025-08-20T13:19:53","isFullCredit":false},{"lineNumber":11,"author":{"gitId":"LZX-999"},"content":"                        \"| $$  \\\\ $$| $$  | $$| $$  \\\\ $$\\n\" + //","lastModifiedDate":"2025-08-20T13:19:53","isFullCredit":false},{"lineNumber":12,"author":{"gitId":"LZX-999"},"content":"                        \"| $$$$$$$/|  $$$$$$/| $$$$$$$/\\n\" + //","lastModifiedDate":"2025-08-20T13:19:53","isFullCredit":false},{"lineNumber":13,"author":{"gitId":"LZX-999"},"content":"                        \"|_______/  \\\\______/ |_______/ \\n\" + //","lastModifiedDate":"2025-08-20T13:19:53","isFullCredit":false},{"lineNumber":14,"author":{"gitId":"LZX-999"},"content":"                        \"                              \\n\" + //","lastModifiedDate":"2025-08-20T13:19:53","isFullCredit":false},{"lineNumber":15,"author":{"gitId":"LZX-999"},"content":"                        \"                              \\n\" + //","lastModifiedDate":"2025-08-20T13:19:53","isFullCredit":false},{"lineNumber":16,"author":{"gitId":"LZX-999"},"content":"                        \"                              \";","lastModifiedDate":"2025-08-20T13:19:53","isFullCredit":false},{"lineNumber":17,"author":{"gitId":"LZX-999"},"content":"        System.out.println(\"Hello from\\n\" + logo);","lastModifiedDate":"2025-08-20T13:19:53","isFullCredit":false},{"lineNumber":18,"author":{"gitId":"LZX-999"},"content":"        String lines \u003d \"____________________________________________________________\";","lastModifiedDate":"2025-08-20T13:19:53","isFullCredit":false},{"lineNumber":19,"author":{"gitId":"LZX-999"},"content":"        System.out.println(lines);","lastModifiedDate":"2025-08-20T13:19:53","isFullCredit":false},{"lineNumber":20,"author":{"gitId":"LZX-999"},"content":"        System.out.println(\"Hello! I\u0027m Bob\");","lastModifiedDate":"2025-08-20T13:19:53","isFullCredit":false},{"lineNumber":21,"author":{"gitId":"LZX-999"},"content":"        System.out.println(\"What can I do for you?\");","lastModifiedDate":"2025-08-20T13:19:53","isFullCredit":false},{"lineNumber":22,"author":{"gitId":"LZX-999"},"content":"        System.out.println(lines);","lastModifiedDate":"2025-08-20T13:19:53","isFullCredit":false},{"lineNumber":23,"author":{"gitId":"LZX-999"},"content":"        ArrayList\u003cTask\u003e lists \u003d new ArrayList\u003c\u003e();","lastModifiedDate":"2025-08-20T14:19:46","isFullCredit":false},{"lineNumber":24,"author":{"gitId":"LZX-999"},"content":"        boolean run \u003d true;","lastModifiedDate":"2025-08-20T13:31:21","isFullCredit":false},{"lineNumber":25,"author":{"gitId":"LZX-999"},"content":"        Scanner sc \u003d new Scanner(System.in);","lastModifiedDate":"2025-08-20T13:31:21","isFullCredit":false},{"lineNumber":26,"author":{"gitId":"LZX-999"},"content":"        while (run) {","lastModifiedDate":"2025-08-20T13:31:21","isFullCredit":false},{"lineNumber":27,"author":{"gitId":"LZX-999"},"content":"            System.out.print(\"Enter text: \");","lastModifiedDate":"2025-08-20T13:31:21","isFullCredit":false},{"lineNumber":28,"author":{"gitId":"LZX-999"},"content":"            String input \u003d sc.nextLine();","lastModifiedDate":"2025-08-20T13:31:21","isFullCredit":false},{"lineNumber":29,"author":{"gitId":"LZX-999"},"content":"            String[] parts \u003d input.split(\" \");","lastModifiedDate":"2025-08-20T14:19:46","isFullCredit":false},{"lineNumber":30,"author":{"gitId":"LZX-999"},"content":"            String firstArgs \u003d parts[0];","lastModifiedDate":"2025-08-20T14:19:46","isFullCredit":false},{"lineNumber":31,"author":{"gitId":"LZX-999"},"content":"            switch (firstArgs) {","lastModifiedDate":"2025-08-20T14:19:46","isFullCredit":false},{"lineNumber":32,"author":{"gitId":"LZX-999"},"content":"                case \"bye\":","lastModifiedDate":"2025-08-20T13:31:21","isFullCredit":false},{"lineNumber":33,"author":{"gitId":"LZX-999"},"content":"                    run \u003d false;","lastModifiedDate":"2025-08-20T13:31:21","isFullCredit":false},{"lineNumber":34,"author":{"gitId":"LZX-999"},"content":"                    System.out.println(lines);","lastModifiedDate":"2025-08-20T13:31:21","isFullCredit":false},{"lineNumber":35,"author":{"gitId":"LZX-999"},"content":"                    System.out.println(\"Bye. Hope to see you again soon!\");","lastModifiedDate":"2025-08-20T13:19:53","isFullCredit":false},{"lineNumber":36,"author":{"gitId":"LZX-999"},"content":"                    System.out.println(lines);","lastModifiedDate":"2025-08-20T13:19:53","isFullCredit":false},{"lineNumber":37,"author":{"gitId":"LZX-999"},"content":"                    break;","lastModifiedDate":"2025-08-20T13:31:21","isFullCredit":false},{"lineNumber":38,"author":{"gitId":"LZX-999"},"content":"                case \"list\":","lastModifiedDate":"2025-08-20T13:41:26","isFullCredit":false},{"lineNumber":39,"author":{"gitId":"LZX-999"},"content":"                    int count \u003d 1;","lastModifiedDate":"2025-08-20T13:41:26","isFullCredit":false},{"lineNumber":40,"author":{"gitId":"LZX-999"},"content":"                    for (Task s : lists) {","lastModifiedDate":"2025-08-20T14:19:46","isFullCredit":false},{"lineNumber":41,"author":{"gitId":"LZX-999"},"content":"                        System.out.println(count + \". \" + s);","lastModifiedDate":"2025-08-20T13:41:26","isFullCredit":false},{"lineNumber":42,"author":{"gitId":"LZX-999"},"content":"                        count++;","lastModifiedDate":"2025-08-20T13:41:26","isFullCredit":false},{"lineNumber":43,"author":{"gitId":"LZX-999"},"content":"                    }","lastModifiedDate":"2025-08-20T13:41:26","isFullCredit":false},{"lineNumber":44,"author":{"gitId":"LZX-999"},"content":"                    break;","lastModifiedDate":"2025-08-20T14:19:46","isFullCredit":false},{"lineNumber":45,"author":{"gitId":"LZX-999"},"content":"                case \"mark\":","lastModifiedDate":"2025-08-20T14:19:46","isFullCredit":false},{"lineNumber":46,"author":{"gitId":"LZX-999"},"content":"                {","lastModifiedDate":"2025-08-20T14:19:46","isFullCredit":false},{"lineNumber":47,"author":{"gitId":"LZX-999"},"content":"                    System.out.println(lines);","lastModifiedDate":"2025-08-20T14:19:46","isFullCredit":false},{"lineNumber":48,"author":{"gitId":"LZX-999"},"content":"                    int idx \u003d Integer.parseInt(parts[1]);","lastModifiedDate":"2025-08-20T14:19:46","isFullCredit":false},{"lineNumber":49,"author":{"gitId":"LZX-999"},"content":"                    lists.get(idx - 1).markDone();","lastModifiedDate":"2025-08-20T14:19:46","isFullCredit":false},{"lineNumber":50,"author":{"gitId":"LZX-999"},"content":"                    System.out.println(\"Tasked marked as done: \");","lastModifiedDate":"2025-08-20T14:19:46","isFullCredit":false},{"lineNumber":51,"author":{"gitId":"LZX-999"},"content":"                    System.out.println(lists.get(idx - 1));","lastModifiedDate":"2025-08-20T14:19:46","isFullCredit":false},{"lineNumber":52,"author":{"gitId":"LZX-999"},"content":"                    System.out.println(lines);","lastModifiedDate":"2025-08-20T14:19:46","isFullCredit":false},{"lineNumber":53,"author":{"gitId":"LZX-999"},"content":"                    break;","lastModifiedDate":"2025-08-20T14:19:46","isFullCredit":false},{"lineNumber":54,"author":{"gitId":"LZX-999"},"content":"                }","lastModifiedDate":"2025-08-20T14:19:46","isFullCredit":false},{"lineNumber":55,"author":{"gitId":"LZX-999"},"content":"                case \"unmark\":","lastModifiedDate":"2025-08-20T14:19:46","isFullCredit":false},{"lineNumber":56,"author":{"gitId":"LZX-999"},"content":"                {","lastModifiedDate":"2025-08-20T14:19:46","isFullCredit":false},{"lineNumber":57,"author":{"gitId":"LZX-999"},"content":"                    System.out.println(lines);","lastModifiedDate":"2025-08-20T14:19:46","isFullCredit":false},{"lineNumber":58,"author":{"gitId":"LZX-999"},"content":"                    int idx \u003d Integer.parseInt(parts[1]);","lastModifiedDate":"2025-08-20T14:19:46","isFullCredit":false},{"lineNumber":59,"author":{"gitId":"LZX-999"},"content":"                    lists.get(idx - 1).unmarkDone();","lastModifiedDate":"2025-08-20T14:19:46","isFullCredit":false},{"lineNumber":60,"author":{"gitId":"LZX-999"},"content":"                    System.out.println(\"Tasked unmarked as not done: \");","lastModifiedDate":"2025-08-20T14:19:46","isFullCredit":false},{"lineNumber":61,"author":{"gitId":"LZX-999"},"content":"                    System.out.println(lists.get(idx - 1));","lastModifiedDate":"2025-08-20T14:19:46","isFullCredit":false},{"lineNumber":62,"author":{"gitId":"LZX-999"},"content":"                    System.out.println(lines);","lastModifiedDate":"2025-08-20T14:19:46","isFullCredit":false},{"lineNumber":63,"author":{"gitId":"LZX-999"},"content":"                    break;","lastModifiedDate":"2025-08-20T14:19:46","isFullCredit":false},{"lineNumber":64,"author":{"gitId":"LZX-999"},"content":"                }","lastModifiedDate":"2025-08-20T14:19:46","isFullCredit":false},{"lineNumber":65,"author":{"gitId":"LZX-999"},"content":"                default:","lastModifiedDate":"2025-08-20T13:31:21","isFullCredit":false},{"lineNumber":66,"author":{"gitId":"LZX-999"},"content":"                    System.out.println(lines);","lastModifiedDate":"2025-08-20T13:31:21","isFullCredit":false},{"lineNumber":67,"author":{"gitId":"LZX-999"},"content":"                    System.out.println(\"added: \" + input);","lastModifiedDate":"2025-08-20T13:41:26","isFullCredit":false},{"lineNumber":68,"author":{"gitId":"LZX-999"},"content":"                    lists.add(new Task(input));","lastModifiedDate":"2025-08-20T14:19:46","isFullCredit":false},{"lineNumber":69,"author":{"gitId":"LZX-999"},"content":"                    System.out.println(lines);","lastModifiedDate":"2025-08-20T13:31:21","isFullCredit":false},{"lineNumber":70,"author":{"gitId":"LZX-999"},"content":"                    break;","lastModifiedDate":"2025-08-20T14:19:46","isFullCredit":false},{"lineNumber":71,"author":{"gitId":"LZX-999"},"content":"            } ","lastModifiedDate":"2025-08-20T13:31:21","isFullCredit":false},{"lineNumber":72,"author":{"gitId":"LZX-999"},"content":"        }","lastModifiedDate":"2025-08-20T13:31:21","isFullCredit":false},{"lineNumber":73,"author":{"gitId":"LZX-999"},"content":"        sc.close();","lastModifiedDate":"2025-08-20T13:31:21","isFullCredit":false},{"lineNumber":74,"author":{"gitId":"LZX-999"},"content":"    }","lastModifiedDate":"2025-08-20T13:19:53","isFullCredit":false},{"lineNumber":75,"author":{"gitId":"LZX-999"},"content":"}","lastModifiedDate":"2025-08-20T13:19:53","isFullCredit":false}],"authorContributionMap":{"LZX-999":75}},{"path":"src/main/java/Task.java","fileType":"java","lines":[{"lineNumber":1,"author":{"gitId":"LZX-999"},"content":"public class Task {","lastModifiedDate":"2025-08-20T14:19:46","isFullCredit":false},{"lineNumber":2,"author":{"gitId":"LZX-999"},"content":"    private String name;","lastModifiedDate":"2025-08-20T14:19:46","isFullCredit":false},{"lineNumber":3,"author":{"gitId":"LZX-999"},"content":"    private boolean isDone;","lastModifiedDate":"2025-08-20T14:19:46","isFullCredit":false},{"lineNumber":4,"author":{"gitId":"LZX-999"},"content":"","lastModifiedDate":"2025-08-20T14:19:46","isFullCredit":false},{"lineNumber":5,"author":{"gitId":"LZX-999"},"content":"    Task(String name) {","lastModifiedDate":"2025-08-20T14:19:46","isFullCredit":false},{"lineNumber":6,"author":{"gitId":"LZX-999"},"content":"        this.name \u003d name;","lastModifiedDate":"2025-08-20T14:19:46","isFullCredit":false},{"lineNumber":7,"author":{"gitId":"LZX-999"},"content":"        isDone \u003d false;","lastModifiedDate":"2025-08-20T14:19:46","isFullCredit":false},{"lineNumber":8,"author":{"gitId":"LZX-999"},"content":"    }","lastModifiedDate":"2025-08-20T14:19:46","isFullCredit":false},{"lineNumber":9,"author":{"gitId":"LZX-999"},"content":"","lastModifiedDate":"2025-08-20T14:19:46","isFullCredit":false},{"lineNumber":10,"author":{"gitId":"LZX-999"},"content":"    public void markDone() {","lastModifiedDate":"2025-08-20T14:19:46","isFullCredit":false},{"lineNumber":11,"author":{"gitId":"LZX-999"},"content":"        this.isDone \u003d true;","lastModifiedDate":"2025-08-20T14:19:46","isFullCredit":false},{"lineNumber":12,"author":{"gitId":"LZX-999"},"content":"    }","lastModifiedDate":"2025-08-20T14:19:46","isFullCredit":false},{"lineNumber":13,"author":{"gitId":"LZX-999"},"content":"","lastModifiedDate":"2025-08-20T14:19:46","isFullCredit":false},{"lineNumber":14,"author":{"gitId":"LZX-999"},"content":"    public void unmarkDone() {","lastModifiedDate":"2025-08-20T14:19:46","isFullCredit":false},{"lineNumber":15,"author":{"gitId":"LZX-999"},"content":"        this.isDone \u003d false;","lastModifiedDate":"2025-08-20T14:19:46","isFullCredit":false},{"lineNumber":16,"author":{"gitId":"LZX-999"},"content":"    }","lastModifiedDate":"2025-08-20T14:19:46","isFullCredit":false},{"lineNumber":17,"author":{"gitId":"LZX-999"},"content":"","lastModifiedDate":"2025-08-20T14:19:46","isFullCredit":false},{"lineNumber":18,"author":{"gitId":"LZX-999"},"content":"    public String toString() {","lastModifiedDate":"2025-08-20T14:19:46","isFullCredit":false},{"lineNumber":19,"author":{"gitId":"LZX-999"},"content":"        String box \u003d \"[\" + (isDone ? \"X\" : \"\") + \"]\";","lastModifiedDate":"2025-08-20T14:19:46","isFullCredit":false},{"lineNumber":20,"author":{"gitId":"LZX-999"},"content":"        return box + \" \" + name;","lastModifiedDate":"2025-08-20T14:19:46","isFullCredit":false},{"lineNumber":21,"author":{"gitId":"LZX-999"},"content":"    }","lastModifiedDate":"2025-08-20T14:19:46","isFullCredit":false},{"lineNumber":22,"author":{"gitId":"LZX-999"},"content":"}","lastModifiedDate":"2025-08-20T14:19:46","isFullCredit":false}],"authorContributionMap":{"LZX-999":22}}]
