{"authorDailyContributionsMap":{"seanrh34":[{"date":"2025-08-21T00:00:00","commitResults":[{"hash":"faa551d6166ac41b656f06760049f5def927778a","isMergeCommit":false,"messageTitle":"Rename, Greet, Exit","messageBody":"","tags":["Level-0"],"fileTypesAndContributionMap":{"java":{"insertions":11,"deletions":10},"bat":{"insertions":1,"deletions":1},"md":{"insertions":1,"deletions":1}}},{"hash":"b0acf5921c149b53d73c700bac72156314ce6591","isMergeCommit":false,"messageTitle":"Echo","messageBody":"","tags":["Level-1"],"fileTypesAndContributionMap":{"txt":{"insertions":3,"deletions":0},"java":{"insertions":27,"deletions":7}}},{"hash":"c02a01b2462dfbd4dc072edf1bc4dff3c720e30c","isMergeCommit":false,"messageTitle":"Add, List: Add the ability to store whatever text entered by the user and display them back to the user when requested.","messageBody":"","tags":["Level-2"],"fileTypesAndContributionMap":{"txt":{"insertions":2,"deletions":1},"java":{"insertions":14,"deletions":1}}},{"hash":"430af1fb4976297bc6734b9e42d24896bce6101c","isMergeCommit":false,"messageTitle":"Mark as Done: Add the ability to mark tasks as done. Optionally, add the ability to change the status back to not done.","messageBody":"","tags":["Level-3"],"fileTypesAndContributionMap":{"java":{"insertions":71,"deletions":6}}},{"hash":"58e3bc4cbdd146446fb935edeea52b2adec42269","isMergeCommit":false,"messageTitle":"ToDos, Events, Deadlines: Add support for tracking three types of tasks: ToDos, Events, and Deadlines.","messageBody":"This change uses inheritance (A-Inheritance) to allow polymorphic\nstorage of tasks in a single Task list while keeping type-specific\nbehaviors in their respective classes.\n","fileTypesAndContributionMap":{"java":{"insertions":92,"deletions":5}}},{"hash":"767992778e43593522d85ddb094c789c15f9a483","isMergeCommit":false,"messageTitle":"Fixed issue where Event tasks do not show to and from values","messageBody":"","tags":["Level-4"],"fileTypesAndContributionMap":{"java":{"insertions":4,"deletions":4}}},{"hash":"c2d3ec591a55604dc1d978a471624bb66913d72b","isMergeCommit":false,"messageTitle":"A-TextUiTesting: Add automated text UI testing with the I/O redirection technique","messageBody":"Used the input/output redirection technique to semi-automate the testing of the chatbot.\n","tags":["A-TextUiTesting"],"fileTypesAndContributionMap":{"txt":{"insertions":10,"deletions":3}}},{"hash":"6b7c107b7855145af8659fe2e5f7ed500fb708e2","isMergeCommit":false,"messageTitle":"Level-5: Add exception handling for invalid commands and missing descriptions","messageBody":"Added JohnException to handle exceptions exclusive to exceptions found within JohnChatBot.java\nThese exceptions include invalid inputs for the chatbot\u0027s commands.\n","tags":["Level-5"],"fileTypesAndContributionMap":{"java":{"insertions":108,"deletions":63}}},{"hash":"39eb8258fe96da333548774990506ff5b6bb5600","isMergeCommit":false,"messageTitle":"Delete: Add support for deleting tasks from the list.","messageBody":"User can now delete a given taks by using the command delete \u003ctask_number\u003e where\nthe task_number corresponds to the number of the task shown by running the list command.\n","tags":["Level-6"],"fileTypesAndContributionMap":{"txt":{"insertions":12,"deletions":5},"java":{"insertions":26,"deletions":3}}}]},{"date":"2025-08-28T00:00:00","commitResults":[{"hash":"9508f8ae9021ce55ba620494192317aa8ad618bb","isMergeCommit":false,"messageTitle":"Add header comments","messageBody":"","fileTypesAndContributionMap":{"java":{"insertions":54,"deletions":3}}},{"hash":"f0caeabb8316287321df4bdbd59b1f076b6d2642","isMergeCommit":false,"messageTitle":"Add method to get .txt output of Task and its subclasses","messageBody":"","fileTypesAndContributionMap":{"java":{"insertions":30,"deletions":0}}},{"hash":"a54dfcc4493dfeb4a9fbc077d3fcabdbd80779fc","isMergeCommit":false,"messageTitle":"Add storage class to store chatbot tasks .txt file","messageBody":"","fileTypesAndContributionMap":{"java":{"insertions":148,"deletions":7}}},{"hash":"11fe577353756f7ff1112124a6406aa52e6534b9","isMergeCommit":false,"messageTitle":"Include save and search for local memory in JohnChatBot.java","messageBody":"","tags":["Level-7"],"fileTypesAndContributionMap":{"txt":{"insertions":3,"deletions":0},"java":{"insertions":25,"deletions":1}}},{"hash":"49f12aa95cac8c49292fd1c7aa8238e7cda66c39","isMergeCommit":true,"messageTitle":"Merge \u0027branch-level-7\u0027 for Level-7: Save","messageBody":"","fileTypesAndContributionMap":{}}]},{"date":"2025-08-29T00:00:00","commitResults":[{"hash":"3ed34f6592263514a58fbaffa943675acfc8e07d","isMergeCommit":false,"messageTitle":"Add date and time processing","messageBody":"","fileTypesAndContributionMap":{"java":{"insertions":191,"deletions":76}}},{"hash":"743f0fca73e910206d0983bc63442f49bc8a6b27","isMergeCommit":true,"messageTitle":"Merge branch \u0027branch-level-8\u0027","messageBody":"","tags":["Level-8"],"fileTypesAndContributionMap":{}},{"hash":"8a80983ff905a7ad12330d91d118984743216ae6","isMergeCommit":false,"messageTitle":"Split up the code into more OOP (new classes)","messageBody":"","fileTypesAndContributionMap":{"java":{"insertions":485,"deletions":221}}},{"hash":"0bb20450a6338e5b89df33788d22d613790dd2fd","isMergeCommit":false,"messageTitle":"Fix bug of missing main","messageBody":"","fileTypesAndContributionMap":{"java":{"insertions":5,"deletions":5}}},{"hash":"b8427933e300d0e5089d871766091fce9c80f328","isMergeCommit":true,"messageTitle":"Merge branch \u0027A-MoreOOP\u0027","messageBody":"","tags":["A-MoreOOP"],"fileTypesAndContributionMap":{}},{"hash":"a9c2f6e2cfdca3be62e2c39416224de926df6589","isMergeCommit":false,"messageTitle":"Transfer classes into \u0027john\u0027 package","messageBody":"","fileTypesAndContributionMap":{"java":{"insertions":28,"deletions":8}}},{"hash":"8f0f8886e15c29c0cdcdad9f85b343d92181f0fb","isMergeCommit":true,"messageTitle":"Merge branch branch-A-Packages","messageBody":"","tags":["A-Packages"],"fileTypesAndContributionMap":{}},{"hash":"45afb110f3387646981e4ec548da3ecb9d050219","isMergeCommit":true,"messageTitle":"Merge branch \u0027add-gradle\u0027support\u0027","messageBody":"","fileTypesAndContributionMap":{}},{"hash":"1de679833f3ca6e213f2b925d71accf9765bce80","isMergeCommit":false,"messageTitle":"Configure build.gradle","messageBody":"","tags":["A-Gradle"],"fileTypesAndContributionMap":{"gradle":{"insertions":2,"deletions":2}}},{"hash":"52ac75c9b0397ab850cf0e9832e2663ab86c24a1","isMergeCommit":false,"messageTitle":"Add JUnit test","messageBody":"","fileTypesAndContributionMap":{"gradle":{"insertions":3,"deletions":10},"java":{"insertions":151,"deletions":0}}},{"hash":"38a5536f44043bcfd163ac04217b3485c0f941c0","isMergeCommit":true,"messageTitle":"Merge branch \u0027branch-A-JUnit\u0027","messageBody":"","tags":["A-JUnit"],"fileTypesAndContributionMap":{}},{"hash":"451cdcd41041c26fccf00f9414e029f8b86fde79","isMergeCommit":false,"messageTitle":"Configure for .jar creation","messageBody":"","fileTypesAndContributionMap":{"gradle":{"insertions":14,"deletions":9}}},{"hash":"8f73b2428691ce3a42a34f5daffd2fb795adaf64","isMergeCommit":true,"messageTitle":"Merge branch \u0027branch-A-Jar\u0027","messageBody":"","tags":["A-Jar"],"fileTypesAndContributionMap":{}},{"hash":"9210e983f44d7a35746ac324712630160dcbc510","isMergeCommit":false,"messageTitle":"Add, refine comments for JavaDoc","messageBody":"","fileTypesAndContributionMap":{"java":{"insertions":2,"deletions":1}}},{"hash":"f5112ed48c48b22d41d9888ad3e725eb06a40faf","isMergeCommit":false,"messageTitle":"Rename constants","messageBody":"","fileTypesAndContributionMap":{"java":{"insertions":6,"deletions":6}}},{"hash":"68436f427ada32ba7caea817006239da573dea25","isMergeCommit":false,"messageTitle":"Modify Parser.java for \u0027find\u0027 command","messageBody":"","fileTypesAndContributionMap":{"java":{"insertions":45,"deletions":32}}},{"hash":"4a253eba82a3531cb8f8560c558e3f5b3b4ccdfb","isMergeCommit":false,"messageTitle":"Modify TaskList.java to handle \u0027find\u0027 command","messageBody":"","fileTypesAndContributionMap":{"java":{"insertions":13,"deletions":0}}},{"hash":"3cf2af66823349071f6700dd8d4930d09d1f56d7","isMergeCommit":false,"messageTitle":"Add and test \u0027find\u0027 command","messageBody":"","fileTypesAndContributionMap":{"java":{"insertions":25,"deletions":0}}},{"hash":"af3878d34773299546cd9a8b5fcf69a3bbab57cb","isMergeCommit":true,"messageTitle":"Merge branch \u0027branch-A-JavaDoc\u0027","messageBody":"","tags":["A-JavaDoc"],"fileTypesAndContributionMap":{}},{"hash":"b494f5dc89e33854275139f53c2904d23ca29a55","isMergeCommit":false,"messageTitle":"Edit some comments","messageBody":"","fileTypesAndContributionMap":{"java":{"insertions":2,"deletions":1}}},{"hash":"96b02876d7ffa59025523580da329fd2d558ca97","isMergeCommit":true,"messageTitle":"Merge branch \u0027branch-A-CodingStandard\u0027","messageBody":"","tags":["A-CodingStandard"],"fileTypesAndContributionMap":{}},{"hash":"1d2c6bd1c4693300188bad13fca1b7bbac08d3f0","isMergeCommit":true,"messageTitle":"Merge branch \u0027branch-Level-9\u0027","messageBody":"","tags":["Level-9"],"fileTypesAndContributionMap":{}}]},{"date":"2025-09-03T00:00:00","commitResults":[{"hash":"15e247dc7903e09fc30daa70d91667fc741f50f7","isMergeCommit":false,"messageTitle":"Add checkstyle and fix styles","messageBody":"","fileTypesAndContributionMap":{"gradle":{"insertions":5,"deletions":0},"java":{"insertions":163,"deletions":133}}},{"hash":"f84f41a09e2142b7b41edaed54db884c55e4142e","isMergeCommit":true,"messageTitle":"Merge branch \u0027branch-A-Checkstyle\u0027","messageBody":"","tags":["A-CheckStyle"],"fileTypesAndContributionMap":{}}]}]},"authorFileTypeContributionMap":{"seanrh34":{"java":1143,"md":1,"fxml":0,"sh":0,"bat":1,"gradle":19,"txt":21}},"authorContributionVariance":{"seanrh34":73895.38},"authorDisplayNameMap":{"seanrh34":"CS2103T-T08-2 SEAN..ANTO"}}
