{"authorDailyContributionsMap":{"makis4n":[{"date":"2025-08-20T00:00:00","commitResults":[{"hash":"231533e044736f0c3e6fca980ed1486b3f17352b","isMergeCommit":false,"messageTitle":"Rename main class","messageBody":"","fileTypesAndContributionMap":{"java":{"insertions":1,"deletions":1},"bat":{"insertions":1,"deletions":1},"md":{"insertions":3,"deletions":3}}},{"hash":"a1aeaa5505ef4eb712176edf79d566cdcf5fc145","isMergeCommit":false,"messageTitle":"Add greeting","messageBody":"","tags":["Level-0"],"fileTypesAndContributionMap":{"java":{"insertions":2,"deletions":6}}},{"hash":"cdaf7fc928f86d7088080ef8f8d0fc75ffe48c4c","isMergeCommit":false,"messageTitle":"Added support for echo","messageBody":"","tags":["Level-1"],"fileTypesAndContributionMap":{"java":{"insertions":17,"deletions":1}}}]},{"date":"2025-08-21T00:00:00","commitResults":[{"hash":"9d65ee83bc3c287648b441ddad1e811a6b56356d","isMergeCommit":false,"messageTitle":"Added support for list","messageBody":"","tags":["Level-2"],"fileTypesAndContributionMap":{"java":{"insertions":14,"deletions":6}}},{"hash":"0b82cb020378880a5c4b292dcba2e5f3e1d0e219","isMergeCommit":false,"messageTitle":"Added Task class","messageBody":"","fileTypesAndContributionMap":{"java":{"insertions":21,"deletions":0}}},{"hash":"9330ab359e3d670456d1c386189f71c0f8e59343","isMergeCommit":false,"messageTitle":"Added support for marking and unmarking","messageBody":"","tags":["Level-3"],"fileTypesAndContributionMap":{"java":{"insertions":23,"deletions":14}}},{"hash":"7548add5908efa95f551ff449f70d86a2e4a0baa","isMergeCommit":false,"messageTitle":"Simplified marking by adding toString method in Task class","messageBody":"","fileTypesAndContributionMap":{"java":{"insertions":8,"deletions":3}}},{"hash":"553713119c47de584efe89f295815cd49085fa9e","isMergeCommit":false,"messageTitle":"Added Deadline, Event and ToDo classes","messageBody":"","fileTypesAndContributionMap":{"java":{"insertions":38,"deletions":0}}},{"hash":"34ed026f456baff9e0fe920641c66363f7bd1aaf","isMergeCommit":false,"messageTitle":"Added support for Deadline, Event and ToDo Tasks","messageBody":"","tags":["Level-4"],"fileTypesAndContributionMap":{"java":{"insertions":25,"deletions":1}}}]},{"date":"2025-08-22T00:00:00","commitResults":[{"hash":"709185cbe46e0a1b20ed6f537b74dd35d6cd1a74","isMergeCommit":false,"messageTitle":"Edited list message","messageBody":"","fileTypesAndContributionMap":{"java":{"insertions":1,"deletions":0}}},{"hash":"1696d8d903c7be8be940bbe360758f565bb6df42","isMergeCommit":false,"messageTitle":"Added I/O redirection testing","messageBody":"","tags":["A-TextUiTesting"],"fileTypesAndContributionMap":{"txt":{"insertions":8,"deletions":0},"sh":{"insertions":1,"deletions":1}}},{"hash":"02bc7bda2fe875c0c41ca23b03d2fe0cbc90f458","isMergeCommit":false,"messageTitle":"Added exceptions to marking and unmarking","messageBody":"","fileTypesAndContributionMap":{"java":{"insertions":22,"deletions":8}}},{"hash":"91e5f451e545eb8f686cb285d0ccda93b65ec91f","isMergeCommit":false,"messageTitle":"Added LeBronException class","messageBody":"","fileTypesAndContributionMap":{"java":{"insertions":4,"deletions":1}}},{"hash":"a971ef1cef8f64fd0380c1ab19e8ae60ba1759a9","isMergeCommit":false,"messageTitle":"Added exceptions for ToDo, Deadline, Event and unknown inputs","messageBody":"","fileTypesAndContributionMap":{"java":{"insertions":54,"deletions":19}}},{"hash":"0957fc0229604009b5c07fe0c6b5450fbb2a8f34","isMergeCommit":false,"messageTitle":"Added I/O redirection testing for exceptions","messageBody":"","tags":["Level-5"],"fileTypesAndContributionMap":{"txt":{"insertions":13,"deletions":0}}},{"hash":"41aabd628bcf25831e44df017dc9bc3d8368775c","isMergeCommit":false,"messageTitle":"Added support for delete","messageBody":"","fileTypesAndContributionMap":{"java":{"insertions":12,"deletions":0}}},{"hash":"d3d02f0d8bcd85bb99c34914718a916a6063dc77","isMergeCommit":false,"messageTitle":"Added I/O redirection testing for delete","messageBody":"","tags":["Level-6"],"fileTypesAndContributionMap":{"txt":{"insertions":4,"deletions":0}}}]},{"date":"2025-08-27T00:00:00","commitResults":[{"hash":"b0b359c168b205bd6ff6f410b1761e0b63af2f93","isMergeCommit":false,"messageTitle":"Add getOrCreateDataFile method to LeBron.java","messageBody":"","fileTypesAndContributionMap":{"java":{"insertions":34,"deletions":1}}},{"hash":"66dae6dd352e8cc95ec65337aa31dbd7d8709674","isMergeCommit":false,"messageTitle":"Add parseTask method in LeBron.java","messageBody":"","fileTypesAndContributionMap":{"java":{"insertions":38,"deletions":0}}},{"hash":"0aa5840b5c384c5dd983830ec3fe8a83a0769856","isMergeCommit":false,"messageTitle":"Add writeTaskToFile method and saving support to LeBron.java","messageBody":"","tags":["Level-7"],"fileTypesAndContributionMap":{"java":{"insertions":61,"deletions":9}}},{"hash":"c8fc1cf3d12bf1fa90baf9bd826254ac5011b9a8","isMergeCommit":false,"messageTitle":"Update README.md and exception handling for corrupted data file","messageBody":"","fileTypesAndContributionMap":{"java":{"insertions":3,"deletions":0},"md":{"insertions":2,"deletions":6}}}]},{"date":"2025-08-28T00:00:00","commitResults":[{"hash":"2dfa6e5cd6df2bc57ded880839ecf51eaa96ab4a","isMergeCommit":false,"messageTitle":"Edit Deadline.java and Event.java to support dates","messageBody":"","fileTypesAndContributionMap":{"java":{"insertions":15,"deletions":7}}},{"hash":"bc6a6256cb19aaa4ae20e5fff77da1a37ec933e0","isMergeCommit":false,"messageTitle":"Add date support to LeBron.java","messageBody":"","tags":["Level-8"],"fileTypesAndContributionMap":{"java":{"insertions":18,"deletions":4}}}]},{"date":"2025-08-29T00:00:00","commitResults":[{"hash":"f077f591ec6e41ef6943cec22a25918b0f4b6d1a","isMergeCommit":false,"messageTitle":"Add Commands","messageBody":"","fileTypesAndContributionMap":{"java":{"insertions":258,"deletions":0}}},{"hash":"9cf958487e0e7ced1bfccc309412aadd15da9daa","isMergeCommit":false,"messageTitle":"Add Parser, Storage, TaskList and Ui","messageBody":"","fileTypesAndContributionMap":{"java":{"insertions":231,"deletions":4}}},{"hash":"339b4a4242499fc5d151434ecbbfdc55a051a880","isMergeCommit":false,"messageTitle":"Add Javadocs to Deadline, Event, Task, Todo","messageBody":"","fileTypesAndContributionMap":{"java":{"insertions":15,"deletions":1}}},{"hash":"0261731b43ce1e39cd321cdb0bf21c97ba704ba7","isMergeCommit":false,"messageTitle":"Edit LeBron code to be more OOP","messageBody":"","tags":["A-MoreOOP"],"fileTypesAndContributionMap":{"txt":{"insertions":3,"deletions":0},"java":{"insertions":30,"deletions":247}}},{"hash":"635ef8d9db365c69b897d60b02d4efcd87d5bce6","isMergeCommit":false,"messageTitle":"Add main, command, task and exception packages","messageBody":"","tags":["A-Packages"],"fileTypesAndContributionMap":{"txt":{"insertions":3,"deletions":0},"java":{"insertions":130,"deletions":21}}}]},{"date":"2025-08-31T00:00:00","commitResults":[{"hash":"969f45fafe4a325824eae94bd6cf9a4a4d01c20b","isMergeCommit":true,"messageTitle":"Add gradle support","messageBody":"","tags":["A-Gradle"],"fileTypesAndContributionMap":{}},{"hash":"4df90850f29330665b6afc15431ff28ae486033c","isMergeCommit":false,"messageTitle":"Add JUnit test for taskType method in AddCommand","messageBody":"","fileTypesAndContributionMap":{"java":{"insertions":23,"deletions":0}}},{"hash":"8052b4ada5b84ffa9425989619ed30493f67d5e6","isMergeCommit":false,"messageTitle":"Add JUnit test for parseTask method in Parser","messageBody":"","tags":["A-JavaDoc","A-JUnit"],"fileTypesAndContributionMap":{"java":{"insertions":28,"deletions":0}}}]},{"date":"2025-09-01T00:00:00","commitResults":[{"hash":"792f00fd65395714ebca93c464779417eafe4e1c","isMergeCommit":false,"messageTitle":"Edit build.gradle to support shadow plugin","messageBody":"","tags":["Level-9","A-Jar","A-CodingStandard"],"fileTypesAndContributionMap":{"gradle":{"insertions":2,"deletions":3}}},{"hash":"18a26a768c2bdceea7a0ea12022e35a33f3832b8","isMergeCommit":false,"messageTitle":"Add Javadocs","messageBody":"","fileTypesAndContributionMap":{"java":{"insertions":8,"deletions":0}}},{"hash":"911ffe02006138283d7c9e634ff1e4b05da0d82a","isMergeCommit":false,"messageTitle":"Edit code to follow Java Coding Standard","messageBody":"","fileTypesAndContributionMap":{"gradle":{"insertions":1,"deletions":1},"java":{"insertions":154,"deletions":131},"md":{"insertions":20,"deletions":13}}},{"hash":"b2a7b144450fb026bdb81f61c9fea309b40bf3a7","isMergeCommit":false,"messageTitle":"Add support for FindCommand","messageBody":"","fileTypesAndContributionMap":{"java":{"insertions":45,"deletions":0}}},{"hash":"b2d31a700e57ce7770f55c4333a7b428be311ae7","isMergeCommit":true,"messageTitle":"Merge branch-a-codingstandard with master","messageBody":"","fileTypesAndContributionMap":{}},{"hash":"674d06c08255e8865641d2cfe3a3ef25c0764eda","isMergeCommit":true,"messageTitle":"Merge branch-level-9 with master","messageBody":"","fileTypesAndContributionMap":{}}]}]},"authorFileTypeContributionMap":{"makis4n":{"java":859,"md":18,"fxml":0,"sh":1,"bat":1,"gradle":2,"txt":31}},"authorContributionVariance":{"makis4n":38461.156},"authorDisplayNameMap":{"makis4n":"CS2103T-F08b-2 KWON.. KIN"}}
