{"authorDailyContributionsMap":{"oilyfishball":[{"date":"2025-08-21T00:00:00","commitResults":[{"hash":"7d8418ca03c47f1bf73b3353af67c6374ec70a81","isMergeCommit":false,"messageTitle":"Complete startup and end message","messageBody":"","tags":["Level-0"],"fileTypesAndContributionMap":{"java":{"insertions":28,"deletions":10},"bat":{"insertions":1,"deletions":1},"md":{"insertions":3,"deletions":3}}},{"hash":"fb8b21df1fdae5f2e9a386f12ec7c6c1094f1510","isMergeCommit":false,"messageTitle":"Add Level 1. Echo","messageBody":"","tags":["Level-1"],"fileTypesAndContributionMap":{"java":{"insertions":56,"deletions":9}}},{"hash":"152b3faab5dfb9ab49ffe59521b6ad0b7d951945","isMergeCommit":false,"messageTitle":"Add Store","messageBody":"","tags":["Level-2"],"fileTypesAndContributionMap":{"java":{"insertions":42,"deletions":13}}},{"hash":"f2eda3d537ae035c139ba8bd68644a1fc4fb280e","isMergeCommit":false,"messageTitle":"Complete Mark as Done","messageBody":"","tags":["Level-3"],"fileTypesAndContributionMap":{"java":{"insertions":91,"deletions":46}}},{"hash":"e143cf89a5b1279275f569de732b74fc9e4e7508","isMergeCommit":false,"messageTitle":"Complete Level 4","messageBody":"","tags":["Level-4"],"fileTypesAndContributionMap":{"java":{"insertions":103,"deletions":2}}}]},{"date":"2025-08-22T00:00:00","commitResults":[{"hash":"ebb59d6c27c0dd1388f8e40831741dcaa2afd7f2","isMergeCommit":false,"messageTitle":"Add text UI testing","messageBody":"","tags":["A-TextUiTesting"],"fileTypesAndContributionMap":{"txt":{"insertions":11,"deletions":0},"java":{"insertions":2,"deletions":2}}},{"hash":"549acd2e32a773b47792b3b9ce706f343656712d","isMergeCommit":false,"messageTitle":"Update testing and complete error handling","messageBody":"","tags":["Level-5"],"fileTypesAndContributionMap":{"txt":{"insertions":14,"deletions":5},"java":{"insertions":193,"deletions":54}}},{"hash":"d46101ab84b396f5fa253c37198fb93be5e881d3","isMergeCommit":false,"messageTitle":"Complete delete feature","messageBody":"","tags":["Level-6"],"fileTypesAndContributionMap":{"txt":{"insertions":3,"deletions":0},"java":{"insertions":73,"deletions":39}}},{"hash":"de1a4ad8e42a75c19bf810fc5ce71d87589f48d1","isMergeCommit":false,"messageTitle":"Use enums and switch","messageBody":"","tags":["A-Enums"],"fileTypesAndContributionMap":{"java":{"insertions":72,"deletions":55}}}]}]},"authorFileTypeContributionMap":{"oilyfishball":{"java":440,"md":3,"fxml":0,"sh":0,"bat":1,"gradle":0,"txt":23}},"authorContributionVariance":{"oilyfishball":25480.596},"authorDisplayNameMap":{"oilyfishball":"LEE .. RUI"}}
