{"authorDailyContributionsMap":{"oilyfishball":[{"date":"2025-08-21T00:00:00","commitResults":[{"hash":"7d8418ca03c47f1bf73b3353af67c6374ec70a81","isMergeCommit":false,"messageTitle":"Complete startup and end message","messageBody":"","tags":["Level-0"],"fileTypesAndContributionMap":{"java":{"insertions":28,"deletions":10},"bat":{"insertions":1,"deletions":1},"md":{"insertions":3,"deletions":3}}},{"hash":"fb8b21df1fdae5f2e9a386f12ec7c6c1094f1510","isMergeCommit":false,"messageTitle":"Add Level 1. Echo","messageBody":"","tags":["Level-1"],"fileTypesAndContributionMap":{"java":{"insertions":56,"deletions":9}}},{"hash":"152b3faab5dfb9ab49ffe59521b6ad0b7d951945","isMergeCommit":false,"messageTitle":"Add Store","messageBody":"","tags":["Level-2"],"fileTypesAndContributionMap":{"java":{"insertions":42,"deletions":13}}},{"hash":"f2eda3d537ae035c139ba8bd68644a1fc4fb280e","isMergeCommit":false,"messageTitle":"Complete Mark as Done","messageBody":"","tags":["Level-3"],"fileTypesAndContributionMap":{"java":{"insertions":91,"deletions":46}}},{"hash":"e143cf89a5b1279275f569de732b74fc9e4e7508","isMergeCommit":false,"messageTitle":"Complete Level 4","messageBody":"","tags":["Level-4"],"fileTypesAndContributionMap":{"java":{"insertions":103,"deletions":2}}}]},{"date":"2025-08-22T00:00:00","commitResults":[{"hash":"ebb59d6c27c0dd1388f8e40831741dcaa2afd7f2","isMergeCommit":false,"messageTitle":"Add text UI testing","messageBody":"","tags":["A-TextUiTesting"],"fileTypesAndContributionMap":{"txt":{"insertions":11,"deletions":0},"java":{"insertions":2,"deletions":2}}},{"hash":"549acd2e32a773b47792b3b9ce706f343656712d","isMergeCommit":false,"messageTitle":"Update testing and complete error handling","messageBody":"","tags":["Level-5"],"fileTypesAndContributionMap":{"txt":{"insertions":14,"deletions":5},"java":{"insertions":193,"deletions":54}}},{"hash":"d46101ab84b396f5fa253c37198fb93be5e881d3","isMergeCommit":false,"messageTitle":"Complete delete feature","messageBody":"","tags":["Level-6"],"fileTypesAndContributionMap":{"txt":{"insertions":3,"deletions":0},"java":{"insertions":73,"deletions":39}}},{"hash":"de1a4ad8e42a75c19bf810fc5ce71d87589f48d1","isMergeCommit":false,"messageTitle":"Use enums and switch","messageBody":"","tags":["A-Enums"],"fileTypesAndContributionMap":{"java":{"insertions":72,"deletions":55}}}]},{"date":"2025-08-27T00:00:00","commitResults":[{"hash":"a2298a06979749829f9576e6845ebeed277204d6","isMergeCommit":false,"messageTitle":"Add read file on startup","messageBody":"","fileTypesAndContributionMap":{"txt":{"insertions":0,"deletions":0},"java":{"insertions":181,"deletions":110}}},{"hash":"4b5839c7b9de4d995bab2c1a671d3219fe331867","isMergeCommit":false,"messageTitle":"Add save function","messageBody":"","fileTypesAndContributionMap":{"txt":{"insertions":6,"deletions":0},"java":{"insertions":131,"deletions":44}}},{"hash":"3b4dd29cb82829560c5e4a60052493a2b78a5ed2","isMergeCommit":false,"messageTitle":"Remove test file","messageBody":"","tags":["Level-7"],"fileTypesAndContributionMap":{"txt":{"insertions":0,"deletions":6},"java":{"insertions":1,"deletions":1}}},{"hash":"c2378647730facd207e147ee7bd3b8b649f8ced8","isMergeCommit":false,"messageTitle":"Replace string to date object","messageBody":"","fileTypesAndContributionMap":{"java":{"insertions":31,"deletions":11}}},{"hash":"033f602470603b38e1875234a9eea69c9e319b0b","isMergeCommit":false,"messageTitle":"Replace string to date for deadlines","messageBody":"","fileTypesAndContributionMap":{"txt":{"insertions":18,"deletions":9},"java":{"insertions":43,"deletions":30}}},{"hash":"23b0718526b6fc254d43f33da725ab193e961faa","isMergeCommit":false,"messageTitle":"Replace string to date object","messageBody":"","fileTypesAndContributionMap":{"java":{"insertions":5,"deletions":0}}},{"hash":"dbf7202c11147647089b4c6a03e7bb3f63d5207d","isMergeCommit":false,"messageTitle":"Replace string to date for deadlines","messageBody":"","tags":["Level-8"],"fileTypesAndContributionMap":{"java":{"insertions":0,"deletions":5}}},{"hash":"74605dde23a9ce230e61e7871905bf4aab13154b","isMergeCommit":false,"messageTitle":"Extract classes and reformat code","messageBody":"","fileTypesAndContributionMap":{"java":{"insertions":469,"deletions":347}}},{"hash":"47d4ef14e0091f42d6edb4586a682eba975f4358","isMergeCommit":false,"messageTitle":"Remove extra functions","messageBody":"","fileTypesAndContributionMap":{"java":{"insertions":16,"deletions":44}}},{"hash":"d309854aeef1db7e2137d3dd591eb6e4fe306101","isMergeCommit":false,"messageTitle":"Organise files into packages","messageBody":"","tags":["A-Packages"],"fileTypesAndContributionMap":{"java":{"insertions":63,"deletions":58},"bat":{"insertions":2,"deletions":2},"md":{"insertions":3,"deletions":3}}},{"hash":"8c3654f41cf22f71187d30fea7a25887335a5fde","isMergeCommit":true,"messageTitle":"Merge remote-tracking branch \u0027origin/add-gradle-support\u0027","messageBody":"","fileTypesAndContributionMap":{}},{"hash":"d040c77483623cb84d37d783d68f3ebc4b07b980","isMergeCommit":false,"messageTitle":"Integrate A-Gradle","messageBody":"","tags":["A-Gradle"],"fileTypesAndContributionMap":{"gradle":{"insertions":2,"deletions":1}}}]},{"date":"2025-08-28T00:00:00","commitResults":[{"hash":"c0fe057a099da65ad8db191a120eea23e60c5681","isMergeCommit":false,"messageTitle":"Add tests for Parser and Ui","messageBody":"","tags":["A-Jar"],"fileTypesAndContributionMap":{"java":{"insertions":158,"deletions":21}}},{"hash":"2b6711d39dafdef15e6f03e59df019fc89d4c1bd","isMergeCommit":false,"messageTitle":"Add Jar support","messageBody":"","fileTypesAndContributionMap":{"gradle":{"insertions":1,"deletions":1}}},{"hash":"63bd07cef6174a6708cf0190b98e4da4525a528f","isMergeCommit":false,"messageTitle":"Comment Ackermann, Parser, Storage","messageBody":"","fileTypesAndContributionMap":{"java":{"insertions":28,"deletions":2}}},{"hash":"fd0ee1102daebdf59718f0486e6ae99bdcac414b","isMergeCommit":false,"messageTitle":"Comment TaskList","messageBody":"","fileTypesAndContributionMap":{"java":{"insertions":29,"deletions":3}}},{"hash":"c9f854046cfeef60f20193fc653a84bc4db7b7cd","isMergeCommit":false,"messageTitle":"Comment all classes except exceptions","messageBody":"","tags":["A-JavaDoc","A-CodingStandard"],"fileTypesAndContributionMap":{"java":{"insertions":39,"deletions":0}}},{"hash":"cd2a356605a46a703d59fa181c0b7eec96497898","isMergeCommit":false,"messageTitle":"Format list and mark for ui","messageBody":"","fileTypesAndContributionMap":{"java":{"insertions":67,"deletions":22}}},{"hash":"fbb1f50f4abe58e94dff9a41254e967a96bcab0d","isMergeCommit":false,"messageTitle":"Add more oop to basic functions in UI","messageBody":"","fileTypesAndContributionMap":{"java":{"insertions":65,"deletions":27}}},{"hash":"65d7d9dfeab798bf0f0873908c36d595000aec1b","isMergeCommit":false,"messageTitle":"Add more OOP to tasks creation","messageBody":"","tags":["A-Junit"],"fileTypesAndContributionMap":{"java":{"insertions":14,"deletions":4}}},{"hash":"8e770792bdb0ba44dc50b5765b8484cb33733274","isMergeCommit":false,"messageTitle":"Add find feature","messageBody":"","fileTypesAndContributionMap":{"java":{"insertions":4,"deletions":0}}},{"hash":"83a8d892f9b10cc5b9fa1a7fbc68fe8f2d64f1c1","isMergeCommit":false,"messageTitle":"Add error handling for incorrect inputs","messageBody":"","fileTypesAndContributionMap":{"txt":{"insertions":4,"deletions":0},"java":{"insertions":69,"deletions":15}}}]},{"date":"2025-09-03T00:00:00","commitResults":[{"hash":"b8ecbfa5f1fd6f4b671752549d8f15f2ad067992","isMergeCommit":false,"messageTitle":"Fix coding violations from feedback","messageBody":"","fileTypesAndContributionMap":{"java":{"insertions":16,"deletions":11}}},{"hash":"63a88b5f4b6757ab7f1d1358c9d7039be053dc21","isMergeCommit":false,"messageTitle":"Add Checkstyle","messageBody":"","fileTypesAndContributionMap":{"java":{"insertions":1,"deletions":0}}},{"hash":"21da9865475a405dcc5ebeab57b230c77f3d3213","isMergeCommit":false,"messageTitle":"Add class comments to exceptions","messageBody":"","tags":["A-CheckStyle"],"fileTypesAndContributionMap":{"java":{"insertions":51,"deletions":8}}},{"hash":"07808c7566d56cc8e7db7b3b5f479a9a938afd76","isMergeCommit":false,"messageTitle":"Add more OOP","messageBody":"","fileTypesAndContributionMap":{"gradle":{"insertions":15,"deletions":0},"java":{"insertions":409,"deletions":66}}},{"hash":"7618a612c101aa067dda1a0fe0d79b2837b48509","isMergeCommit":false,"messageTitle":"Fix Ui and Tests","messageBody":"","tags":["Level-9","A-MoreOOP","A-JUnit"],"fileTypesAndContributionMap":{"java":{"insertions":279,"deletions":324}}}]},{"date":"2025-09-04T00:00:00","commitResults":[{"hash":"7f697ee8763ba95e67e3ce2a4fbc7254ac694dfe","isMergeCommit":false,"messageTitle":"Add GUI","messageBody":"","tags":["Level-10"],"fileTypesAndContributionMap":{"gradle":{"insertions":1,"deletions":1},"fxml":{"insertions":66,"deletions":0},"java":{"insertions":181,"deletions":11}}}]},{"date":"2025-09-10T00:00:00","commitResults":[{"hash":"7a8429f077ec7122a7a67fb6644a2f7806aa0e47","isMergeCommit":false,"messageTitle":"Add startup message","messageBody":"","fileTypesAndContributionMap":{"java":{"insertions":7,"deletions":2}}},{"hash":"50900a80a900032048668c6cf3669a399eaf6ac6","isMergeCommit":false,"messageTitle":"Enable java assertions","messageBody":"","fileTypesAndContributionMap":{"gradle":{"insertions":6,"deletions":2},"java":{"insertions":2,"deletions":0}}},{"hash":"081c5a27c68dd0143beb53157bd7c9913fae7276","isMergeCommit":false,"messageTitle":"Add some assertions","messageBody":"","fileTypesAndContributionMap":{"gradle":{"insertions":1,"deletions":1},"java":{"insertions":11,"deletions":2}}},{"hash":"22893d3cd5a80c1e3ef082c4ab3ab3731cfc23f0","isMergeCommit":false,"messageTitle":"Format Parser","messageBody":"","fileTypesAndContributionMap":{"java":{"insertions":67,"deletions":46}}},{"hash":"d38452423f438ce9b4c91456ae352a7d25dc6949","isMergeCommit":false,"messageTitle":"Format Storage","messageBody":"","fileTypesAndContributionMap":{"java":{"insertions":65,"deletions":59}}},{"hash":"0dbaa81985a8b3dbb209f6aa9ff68f6fb1bc120d","isMergeCommit":false,"messageTitle":"Format object classes","messageBody":"","fileTypesAndContributionMap":{"java":{"insertions":35,"deletions":19}}},{"hash":"ec5f9e190700bfef0968c647d4e9250b95ea6f31","isMergeCommit":false,"messageTitle":"Format object classes","messageBody":"","fileTypesAndContributionMap":{"java":{"insertions":35,"deletions":19}}},{"hash":"3986419801256af454e85379805a050883579723","isMergeCommit":false,"messageTitle":"Improve TodoCodeword string creation","messageBody":"Instead of using the conventional String concatenation, it has been\nchanged to use a string builder to build the String.\n\nThis helps with making the code neater and more readable.\n","fileTypesAndContributionMap":{"java":{"insertions":8,"deletions":1}}},{"hash":"c14822ac157f543bc8eefb35e75bf2e25ea843eb","isMergeCommit":false,"messageTitle":"Add more assertions","messageBody":"More assertions added to Storage and Parser to ensure that those edge\ncases will always be handled by the code in future changes.\n\nThis is to guard against programmer mistakes.\n","fileTypesAndContributionMap":{"java":{"insertions":2,"deletions":1}}},{"hash":"ff60ffd3935895b4895f2055ad1cf9d6b951201f","isMergeCommit":true,"messageTitle":"Merge branch \u0027branch-A-CodeQuality\u0027 of https://github.com/oilyfishball/ip into branch-A-CodeQuality","messageBody":"","fileTypesAndContributionMap":{}},{"hash":"5cd98d4f4d5a0445e8bf2fba1d0a3326011dff81","isMergeCommit":true,"messageTitle":"Merge branch \u0027master\u0027 into branch-A-Assertions","messageBody":"","fileTypesAndContributionMap":{}},{"hash":"2f45e2e7f662784de7af7856528a0874d7ab70e9","isMergeCommit":true,"messageTitle":"Merge pull request #2 from oilyfishball/branch-A-Assertions","messageBody":"Add more assertions","tags":["A-Assertions"],"fileTypesAndContributionMap":{}},{"hash":"80b90ed56050650c6e2fdc2e31e4144f16cc9277","isMergeCommit":true,"messageTitle":"Merge branch \u0027master\u0027 into branch-A-CodeQuality","messageBody":"","fileTypesAndContributionMap":{}},{"hash":"830138d04cbf5302506b4e7307d706e5dd7eef7b","isMergeCommit":true,"messageTitle":"Merge pull request #1 from oilyfishball/branch-A-CodeQuality","messageBody":"Improve Code Quality","tags":["A-CodeQuality"],"fileTypesAndContributionMap":{}}]},{"date":"2025-09-11T00:00:00","commitResults":[{"hash":"39c05160a4d67231baceacba87a6e321133499d7","isMergeCommit":false,"messageTitle":"Add Tag function","messageBody":"Added tagging functionality. The tags would appear as [] if empty,\n[something] if there is only 1 tag, and [something, nothing, ...] if there\nare more than 1 tags.\n\nThe tags will also be saved to the text file to keep track of it.\n","tags":["BCD-Extension","A-FullCommitMessage"],"fileTypesAndContributionMap":{"fxml":{"insertions":2,"deletions":1},"java":{"insertions":147,"deletions":39},"md":{"insertions":1,"deletions":0}}}]},{"date":"2025-09-17T00:00:00","commitResults":[{"hash":"834b8f60e872a99cee96a28b76e35d232051782d","isMergeCommit":false,"messageTitle":"Improve GUI to dark mode","messageBody":"","tags":["A-BetterGui"],"fileTypesAndContributionMap":{"fxml":{"insertions":45,"deletions":18},"java":{"insertions":10,"deletions":1},"md":{"insertions":12,"deletions":1}}},{"hash":"1aad5e592f285ca00c756e4ab82e3b611ed02eea","isMergeCommit":false,"messageTitle":"Add personality to end acknowledgement sentence with \u0027bro\u0027","messageBody":"","fileTypesAndContributionMap":{"java":{"insertions":11,"deletions":11}}},{"hash":"35081ed9f58ed03c3e843355a35f1100437d0e1b","isMergeCommit":false,"messageTitle":"Change text bubble colour","messageBody":"","tags":["A-Personality"],"fileTypesAndContributionMap":{"fxml":{"insertions":1,"deletions":9},"java":{"insertions":10,"deletions":3}}},{"hash":"0709d5ba829cb199886a3a0c911765cec536dd76","isMergeCommit":false,"messageTitle":"Fix empty tag bug","messageBody":"","fileTypesAndContributionMap":{"java":{"insertions":24,"deletions":22}}},{"hash":"f6082ad3381406209d02328753189bfd0c692bf5","isMergeCommit":false,"messageTitle":"Add check for from and to date for Event","messageBody":"","tags":["A-MoreErrorHandling","A-AiAssisted"],"fileTypesAndContributionMap":{"java":{"insertions":41,"deletions":5},"md":{"insertions":1,"deletions":0}}}]},{"date":"2025-09-18T00:00:00","commitResults":[{"hash":"0ad1915ef6c67329822d8c2c394d010cb53bdfe6","isMergeCommit":false,"messageTitle":"Add user guide","messageBody":"","fileTypesAndContributionMap":{"java":{"insertions":165,"deletions":80},"md":{"insertions":121,"deletions":14}}},{"hash":"a5c51c52947bd18f8f3a113d2d81093242397d14","isMergeCommit":false,"messageTitle":"Fix tagging bug","messageBody":"","tags":["A-Release"],"fileTypesAndContributionMap":{"java":{"insertions":1,"deletions":1}}},{"hash":"7d0703642da42b86bcd88d6a29839a4b75e81788","isMergeCommit":false,"messageTitle":"Update README.md","messageBody":"","fileTypesAndContributionMap":{"md":{"insertions":17,"deletions":1}}},{"hash":"091ed53821651ed0aab63164d9077b5b8bf75a15","isMergeCommit":false,"messageTitle":"Improve handling for no tags","messageBody":"","fileTypesAndContributionMap":{"java":{"insertions":5,"deletions":2}}},{"hash":"73a1ff90816de0c840f32655f5f81c590ee32947","isMergeCommit":false,"messageTitle":"Change txt file updating for no tags","messageBody":"","fileTypesAndContributionMap":{"java":{"insertions":5,"deletions":4}}},{"hash":"9af9e23976eb91ebcab6a7a1b05344038bd46201","isMergeCommit":false,"messageTitle":"Fix coding standards","messageBody":"","tags":["A-UserGuide"],"fileTypesAndContributionMap":{"java":{"insertions":10,"deletions":12}}}]}]},"authorFileTypeContributionMap":{"oilyfishball":{"java":1937,"md":142,"fxml":86,"sh":0,"bat":2,"gradle":22,"txt":36}},"authorContributionVariance":{"oilyfishball":108254.18},"authorDisplayNameMap":{"oilyfishball":"CS2103T-T09-1 LEE .. RUI"}}
