{"authorDailyContributionsMap":{"salmonkarp":[{"date":"2025-08-19T00:00:00","commitResults":[{"hash":"67eda7f5afc62a56ff3f81cd39932d74e9ff33aa","isMergeCommit":false,"messageTitle":"Initial commit: Rename, Greet, Exit","messageBody":"Added simple behaviour to greet the user.\n","fileTypesAndContributionMap":{"java":{"insertions":14,"deletions":10}}},{"hash":"37e3760c50af12691536765ef69619663e9bf069","isMergeCommit":false,"messageTitle":"Punctuation Fix","messageBody":"","tags":["Level-0"],"fileTypesAndContributionMap":{"java":{"insertions":1,"deletions":1}}}]},{"date":"2025-08-20T00:00:00","commitResults":[{"hash":"ae7d2aeaffea1d9f836520ad461f3b5e93d2c647","isMergeCommit":false,"messageTitle":"Add echo and bye behaviour","messageBody":"","tags":["Level-1"],"fileTypesAndContributionMap":{"java":{"insertions":31,"deletions":8}}},{"hash":"5e7d9b1c227ab66bf760caebf0575fa07f2a2ff9","isMergeCommit":false,"messageTitle":"Implement add and list behaviour","messageBody":"","tags":["Level-2"],"fileTypesAndContributionMap":{"java":{"insertions":19,"deletions":1}}},{"hash":"016e763c25ce59eec86053ebc86ad14fbf3a0abe","isMergeCommit":false,"messageTitle":"Renaming and Refactoring of existing function","messageBody":"","tags":["A-Enums","A-Classes"],"fileTypesAndContributionMap":{"java":{"insertions":125,"deletions":55}}},{"hash":"a2666560040ddfd6b1bc7a651e7d634377bba7bd","isMergeCommit":false,"messageTitle":"Switch from Array to ArrayList and Better Task toString","messageBody":"","tags":["A-Collections"],"fileTypesAndContributionMap":{"java":{"insertions":11,"deletions":10}}},{"hash":"103f1fb178b069ac01fcd0cc556c78b69e0547cc","isMergeCommit":false,"messageTitle":"Add Mark and Unmark Behaviour","messageBody":"","tags":["Level-3"],"fileTypesAndContributionMap":{"java":{"insertions":37,"deletions":2}}},{"hash":"94772b4cb2b6df059313a046c8df1ab00c8d4393","isMergeCommit":false,"messageTitle":"Update README","messageBody":"","fileTypesAndContributionMap":{"md":{"insertions":2,"deletions":25}}},{"hash":"c0b8f72225d3a2a0d2175e7a277733aa88d4c398","isMergeCommit":false,"messageTitle":"Slight renaming","messageBody":"","fileTypesAndContributionMap":{"java":{"insertions":5,"deletions":6}}},{"hash":"b93d253e3e6ca0f462bc289477ced6151a9cb899","isMergeCommit":false,"messageTitle":"Add Todo, Deadline and Event and remove redundancy in Task.java","messageBody":"","tags":["Level-5","Level-4","A-Exceptions"],"fileTypesAndContributionMap":{"java":{"insertions":119,"deletions":39}}},{"hash":"7f17cd7f30396b2157073dc114326aa16f5e0c55","isMergeCommit":false,"messageTitle":"Add UI Testing","messageBody":"","tags":["A-TextUiTesting"],"fileTypesAndContributionMap":{"txt":{"insertions":29,"deletions":0},"java":{"insertions":4,"deletions":3},"bat":{"insertions":1,"deletions":1},"sh":{"insertions":1,"deletions":1}}},{"hash":"1263cf7c689f7e762ea6d4b59314c5ad71d06067","isMergeCommit":false,"messageTitle":"Add delete behaviour and associated tests","messageBody":"","tags":["Level-6"],"fileTypesAndContributionMap":{"txt":{"insertions":4,"deletions":0},"java":{"insertions":27,"deletions":5}}}]},{"date":"2025-08-23T00:00:00","commitResults":[{"hash":"7d3936456e6a5174f8c4c1eb7de4982273548d0c","isMergeCommit":false,"messageTitle":"Add Saving and Loading","messageBody":"Currently, the sytem allows users to add and modify tasks. However, they disappear once the user exits the program.\n\nMore methods have thus been added in TaskManager to handle serializing and deserializing the tasks variable.\n\nNow, users can properly keep track of their tasks even after they exit the program.\n","tags":["Level-7"],"fileTypesAndContributionMap":{"java":{"insertions":135,"deletions":4}}},{"hash":"7237a0247d3727ab7ddade2e3456cc2d5b822e33","isMergeCommit":false,"messageTitle":"Revert \"Add Saving and Loading\"","messageBody":"This reverts commit 7d3936456e6a5174f8c4c1eb7de4982273548d0c.\n","fileTypesAndContributionMap":{"java":{"insertions":4,"deletions":135}}},{"hash":"a091a356b1bcfa8aa46c6851f817464c796b8077","isMergeCommit":false,"messageTitle":"Revert \"Revert \"Add Saving and Loading\"\"","messageBody":"This reverts commit 7237a0247d3727ab7ddade2e3456cc2d5b822e33.\n","fileTypesAndContributionMap":{"java":{"insertions":135,"deletions":4}}}]},{"date":"2025-08-25T00:00:00","commitResults":[{"hash":"fd35e820609a51565cff58440eb115b205c0702e","isMergeCommit":false,"messageTitle":"Cleanup","messageBody":"","fileTypesAndContributionMap":{"java":{"insertions":0,"deletions":7}}},{"hash":"5d8de8f58e1a6bac86597ecccc3c552e67758ace","isMergeCommit":false,"messageTitle":"Refactor task addition to separate functions","messageBody":"","fileTypesAndContributionMap":{"java":{"insertions":49,"deletions":29}}},{"hash":"bbe821b688463380dc2872d8c965872cbf73d89b","isMergeCommit":false,"messageTitle":"Handle dates internally with LocalDate","messageBody":"User previously could insert any string for the times.\n\nThrough LocalDate implementation, we verify that the string\nis actually a valid date first.\n","fileTypesAndContributionMap":{"java":{"insertions":85,"deletions":43}}},{"hash":"77f4aa920fe25b59dc9253c952e913e9d24e2266","isMergeCommit":false,"messageTitle":"Restore data file and small access changes","messageBody":"","fileTypesAndContributionMap":{"txt":{"insertions":1,"deletions":0},"java":{"insertions":11,"deletions":13}}},{"hash":"3469069487e3c873e1028ce1e0a80636c6eb0cb7","isMergeCommit":false,"messageTitle":"Modularise TaskManager for later instantiation","messageBody":"","fileTypesAndContributionMap":{"txt":{"insertions":2,"deletions":1},"java":{"insertions":20,"deletions":12}}},{"hash":"41dbee5cf271801f2d021067fd154bb3183c0d07","isMergeCommit":false,"messageTitle":"Add Parser and TaskList class","messageBody":"","fileTypesAndContributionMap":{"txt":{"insertions":3,"deletions":2},"java":{"insertions":145,"deletions":117}}},{"hash":"91d29d8f2a2407e8f5551184f526943c5d94806d","isMergeCommit":false,"messageTitle":"Add Ui, Storage class","messageBody":"","fileTypesAndContributionMap":{"txt":{"insertions":2,"deletions":1},"java":{"insertions":85,"deletions":66}}},{"hash":"5a6b165c31ef5123f0a6a29baf03c58a96b7ef32","isMergeCommit":false,"messageTitle":"Convert static methods to private in Ui","messageBody":"","fileTypesAndContributionMap":{"java":{"insertions":53,"deletions":42}}},{"hash":"3428e7ac3913696a50d54a3ec4b6fe66c7130e72","isMergeCommit":false,"messageTitle":"Complete method moving to Parser, change delimiter","messageBody":"","tags":["A-MoreOOP"],"fileTypesAndContributionMap":{"txt":{"insertions":1,"deletions":4},"java":{"insertions":141,"deletions":129}}},{"hash":"044948da41a5a0c91d7f6e6ce9d7cd3f758a7ca2","isMergeCommit":false,"messageTitle":"Move files into package","messageBody":"","tags":["A-Packages"],"fileTypesAndContributionMap":{"txt":{"insertions":1,"deletions":1},"java":{"insertions":18,"deletions":0}}},{"hash":"df3908b3d7aca709b5237cc044856c86458ef339","isMergeCommit":true,"messageTitle":"Merge remote-tracking branch \u0027origin/add-gradle-support\u0027","messageBody":"","fileTypesAndContributionMap":{}},{"hash":"15f95cff69fbcaa8a59233454fb37f7f69eb93cc","isMergeCommit":false,"messageTitle":"Add gradle and rename package to taskmanager","messageBody":"","tags":["A-Gradle"],"fileTypesAndContributionMap":{"gradle":{"insertions":7,"deletions":2},"java":{"insertions":9,"deletions":9}}},{"hash":"07ced4bfe0d7fd7aab0a591bfe95b5d7a703d162","isMergeCommit":false,"messageTitle":"Add minimal JUnit tests","messageBody":"","tags":["A-Jar","A-JUnit"],"fileTypesAndContributionMap":{"java":{"insertions":134,"deletions":9}}},{"hash":"5b42c9b0ceafe5016ebe45db58419243f578259c","isMergeCommit":false,"messageTitle":"Update class files","messageBody":"","fileTypesAndContributionMap":{"java":{"insertions":8,"deletions":0}}},{"hash":"6dc0917b48036f9f4d5e1ece9bcc4a390921c815","isMergeCommit":false,"messageTitle":"Update build.gradle","messageBody":"","fileTypesAndContributionMap":{"gradle":{"insertions":1,"deletions":1}}},{"hash":"759a62d45bcbb1d3db13964573627022b490992f","isMergeCommit":false,"messageTitle":"Add JavaDoc to Parser, TaskList and TaskManager","messageBody":"","fileTypesAndContributionMap":{"java":{"insertions":122,"deletions":42}}},{"hash":"ed8cc8d5154c93d7c9d64b2ebf6b295cf758d0c0","isMergeCommit":false,"messageTitle":"Add JavaDoc to all other files","messageBody":"","tags":["A-JavaDoc"],"fileTypesAndContributionMap":{"java":{"insertions":89,"deletions":5}}},{"hash":"c910376b440441701634a4ef68f158bf573e9fdb","isMergeCommit":false,"messageTitle":"Fix coding standard errors","messageBody":"","fileTypesAndContributionMap":{"java":{"insertions":44,"deletions":43}}},{"hash":"814337eb4801969d840ef7c7020c2e1d7bd2f2bc","isMergeCommit":false,"messageTitle":"Add find function","messageBody":"","fileTypesAndContributionMap":{"txt":{"insertions":4,"deletions":0},"java":{"insertions":21,"deletions":0}}},{"hash":"26cb1e683a1a9f4f509e4499faf110fa2ddb949b","isMergeCommit":true,"messageTitle":"Merge remote-tracking branch \u0027remotes/origin/A-CodingStandard\u0027","messageBody":"","tags":["A-CodingStandard"],"fileTypesAndContributionMap":{}},{"hash":"ce67d1ded0135f5c00cce474067452a3109969aa","isMergeCommit":false,"messageTitle":"Fix tests\u0027 coding standard","messageBody":"","fileTypesAndContributionMap":{"java":{"insertions":9,"deletions":9}}},{"hash":"7a13b730e4de4e54cf289f19dc9290a1bb6416d4","isMergeCommit":true,"messageTitle":"Merge remote-tracking branch \u0027remotes/origin/Level-9\u0027","messageBody":"","tags":["Level-9"],"fileTypesAndContributionMap":{}}]},{"date":"2025-08-26T00:00:00","commitResults":[{"hash":"0e6474c4ffc43e21ddca3d6169c5017703d2747a","isMergeCommit":false,"messageTitle":"Add JavaFX and simple window launch","messageBody":"","fileTypesAndContributionMap":{"gradle":{"insertions":14,"deletions":0},"java":{"insertions":45,"deletions":3}}},{"hash":"bf04bcfa532bc786f50514494ab56649c693c7ad","isMergeCommit":true,"messageTitle":"Merge branch \u0027master\u0027 of https://github.com/salmonkarp/ip into branch-Level-10","messageBody":"","fileTypesAndContributionMap":{}},{"hash":"203eefc58df28882873a8a5fb291ae5a52341b12","isMergeCommit":false,"messageTitle":"Add basic JavaFX classes","messageBody":"","fileTypesAndContributionMap":{"gradle":{"insertions":1,"deletions":0},"java":{"insertions":25,"deletions":0}}},{"hash":"53cf5c092149b3026955a6478b2e8cd85b46f512","isMergeCommit":false,"messageTitle":"Refactor to separate Main and Launcher class","messageBody":"","fileTypesAndContributionMap":{"gradle":{"insertions":1,"deletions":1},"java":{"insertions":168,"deletions":105}}},{"hash":"c3b860093322c5931514949a763eaa3bf0b3dcbd","isMergeCommit":false,"messageTitle":"Refit TaskManager behaviour to GUI","messageBody":"","fileTypesAndContributionMap":{"java":{"insertions":118,"deletions":200}}},{"hash":"be93a2e00b619eb4186457faf1d3bd54639a8925","isMergeCommit":false,"messageTitle":"Reformat to FXML","messageBody":"","fileTypesAndContributionMap":{"fxml":{"insertions":60,"deletions":0},"java":{"insertions":127,"deletions":120}}},{"hash":"3dbdd7d9bda79d52dad147f9ea561fe68a282d57","isMergeCommit":false,"messageTitle":"Add save command and fix bye behaviour","messageBody":"","fileTypesAndContributionMap":{"java":{"insertions":23,"deletions":1}}},{"hash":"04dbb412e830e3091bd5bd94b195e19c5d5bbfc5","isMergeCommit":false,"messageTitle":"Add greeting message","messageBody":"","tags":["v0.2","Level-10","A-Checkstyle"],"fileTypesAndContributionMap":{"java":{"insertions":6,"deletions":0}}}]},{"date":"2025-09-01T00:00:00","commitResults":[{"hash":"6b37ae17a015fe6ede16b0b25a7536df787c8f14","isMergeCommit":false,"messageTitle":"Improve and customise UI","messageBody":"","fileTypesAndContributionMap":{"txt":{"insertions":5,"deletions":0},"fxml":{"insertions":15,"deletions":31},"java":{"insertions":15,"deletions":4}}}]}]},"authorFileTypeContributionMap":{"salmonkarp":{"java":962,"md":2,"fxml":44,"sh":1,"bat":1,"gradle":22,"txt":43}},"authorContributionVariance":{"salmonkarp":148289.33},"authorDisplayNameMap":{"salmonkarp":"CS2103T-F08b-4 GARY..YONO"}}
