{"authorDailyContributionsMap":{"damiancxliew":[{"date":"2025-08-20T00:00:00","commitResults":[{"hash":"45e79cdb8dcae49cff661045e7824bdb4a992c80","isMergeCommit":false,"messageTitle":"Implement Level-0: renamed main class and added greeting","messageBody":"","tags":["Level-0"],"fileTypesAndContributionMap":{"java":{"insertions":10,"deletions":10}}}]},{"date":"2025-08-21T00:00:00","commitResults":[{"hash":"e0ab2e955a8bf60a7347bd281a4606ce07c46478","isMergeCommit":false,"messageTitle":"\u003dImplement Level-1: added echo","messageBody":"","tags":["Level-1"],"fileTypesAndContributionMap":{"java":{"insertions":18,"deletions":4}}}]},{"date":"2025-08-22T00:00:00","commitResults":[{"hash":"170b4272ddf38b5deda244db94c63e796d02ac18","isMergeCommit":false,"messageTitle":"Implement Level-2: Add, List","messageBody":"","tags":["Level-2"],"fileTypesAndContributionMap":{"java":{"insertions":19,"deletions":8}}},{"hash":"7e586107d5f62da309d6c2884dd4d74f68c65231","isMergeCommit":false,"messageTitle":"Implement Level-3:Mark as Done","messageBody":"","tags":["Level-3"],"fileTypesAndContributionMap":{"java":{"insertions":78,"deletions":12}}},{"hash":"1dbb05dc8685655d07b354c22fa1d56fee54efb0","isMergeCommit":false,"messageTitle":"Implement Level-4: ToDos, Events, Deadlines","messageBody":"","tags":["Level-4"],"fileTypesAndContributionMap":{"java":{"insertions":121,"deletions":25}}},{"hash":"ef29e5bef707ea40fec75bc4a4c5ead27bd4bc84","isMergeCommit":false,"messageTitle":"Implement Level-5: Handle Errors","messageBody":"","tags":["Level-5"],"fileTypesAndContributionMap":{"java":{"insertions":7,"deletions":0},"sh":{"insertions":1,"deletions":1}}},{"hash":"44214bf1b97c4e94f87ea1347b4c6f70ee148842","isMergeCommit":false,"messageTitle":"Implement Level-6: Delete","messageBody":"","tags":["Level-6"],"fileTypesAndContributionMap":{"java":{"insertions":79,"deletions":36}}},{"hash":"0d17c10c0dd613ae0b5e8ae457e7d7d8460dd5df","isMergeCommit":false,"messageTitle":"Implement A-TextUiTesting","messageBody":"","tags":["A-TextUiTesting"],"fileTypesAndContributionMap":{"txt":{"insertions":12,"deletions":0},"java":{"insertions":1,"deletions":1}}},{"hash":"b12a17dd160b7696ed0207ec8dafdae05e4302cd","isMergeCommit":false,"messageTitle":"Added comments","messageBody":"","fileTypesAndContributionMap":{"java":{"insertions":5,"deletions":4}}}]},{"date":"2025-08-29T00:00:00","commitResults":[{"hash":"70e3a90f36602cc9d3f98fc4cf3e234971ac051b","isMergeCommit":false,"messageTitle":"Add saveTasks() and loadTasks() in Storage, add getType() in Task","messageBody":"","fileTypesAndContributionMap":{"txt":{"insertions":2,"deletions":0},"java":{"insertions":113,"deletions":1}}},{"hash":"5b7bb2fb8c5e1f414a7853f405a7d37f9686dc15","isMergeCommit":true,"messageTitle":"Merge branch \u0027branch-Level-7\u0027","messageBody":"","tags":["Level-7"],"fileTypesAndContributionMap":{}}]}]},"authorFileTypeContributionMap":{"damiancxliew":{"java":360,"md":0,"fxml":0,"sh":1,"bat":0,"gradle":0,"txt":14}},"authorContributionVariance":{"damiancxliew":7626.149},"authorDisplayNameMap":{"damiancxliew":"CS2103T-W09-3 DAMI..IANG"}}
