{"authorDailyContributionsMap":{"darisusu":[{"date":"2025-08-20T00:00:00","commitResults":[{"hash":"6a1b7193d5fcd597b9863de200fa960dde8c6e4e","isMergeCommit":false,"messageTitle":"Add new chatbot Pero","messageBody":"","tags":["Level-0"],"fileTypesAndContributionMap":{"java":{"insertions":11,"deletions":10}}},{"hash":"77ef7286bac9f726b8fed7be396d1f6e4e4b5084","isMergeCommit":false,"messageTitle":"Echo and personality changed","messageBody":"","fileTypesAndContributionMap":{"java":{"insertions":13,"deletions":4}}},{"hash":"113494a6654290dc2f9a156574c75ff8517ee741","isMergeCommit":false,"messageTitle":"Returns list of inputs when queried","messageBody":"","tags":["Level-2"],"fileTypesAndContributionMap":{"java":{"insertions":17,"deletions":1}}},{"hash":"98d3edbb1dde81cf21234c09638510b2f5fe185d","isMergeCommit":false,"messageTitle":"New task class","messageBody":"","fileTypesAndContributionMap":{"java":{"insertions":27,"deletions":0}}},{"hash":"7960ccaa8203f18ca9ddde0ea7526ed38bea29bc","isMergeCommit":false,"messageTitle":"Add tasks obj to list instead of strings","messageBody":"","fileTypesAndContributionMap":{"java":{"insertions":9,"deletions":4}}},{"hash":"e7385d73cc6eb81db146692f33fa0a1b93853e2c","isMergeCommit":false,"messageTitle":"Checklist feature","messageBody":"","fileTypesAndContributionMap":{"java":{"insertions":14,"deletions":2}}}]},{"date":"2025-08-21T00:00:00","commitResults":[{"hash":"5262851ee9c4923c8ee814bba1eb7535e2afd03e","isMergeCommit":false,"messageTitle":"Change from ArrayList to Array[100]","messageBody":"","fileTypesAndContributionMap":{"java":{"insertions":11,"deletions":12}}},{"hash":"08ff96090e87fea9457238015fb917637d81725b","isMergeCommit":false,"messageTitle":"Add new subclasses to Task","messageBody":"","fileTypesAndContributionMap":{"java":{"insertions":6,"deletions":6}}},{"hash":"00c2dab1aff8dbed870b45a8f16cd9d722ec3f85","isMergeCommit":false,"messageTitle":"Add ToDo, Deadline and Event function","messageBody":"","fileTypesAndContributionMap":{"java":{"insertions":76,"deletions":4}}}]}]},"authorFileTypeContributionMap":{"darisusu":{"java":151,"md":0,"fxml":0,"sh":0,"bat":0,"gradle":0,"txt":0}},"authorContributionVariance":{"darisusu":1577.7396},"authorDisplayNameMap":{"darisusu":"DARI..YANG"}}
