{"authorDailyContributionsMap":{"darisusu":[{"date":"2025-08-20T00:00:00","commitResults":[{"hash":"6a1b7193d5fcd597b9863de200fa960dde8c6e4e","isMergeCommit":false,"messageTitle":"Add new chatbot Pero","messageBody":"","tags":["Level-0"],"fileTypesAndContributionMap":{"java":{"insertions":11,"deletions":10}}},{"hash":"77ef7286bac9f726b8fed7be396d1f6e4e4b5084","isMergeCommit":false,"messageTitle":"Echo and personality changed","messageBody":"","tags":["Level-1"],"fileTypesAndContributionMap":{"java":{"insertions":13,"deletions":4}}},{"hash":"113494a6654290dc2f9a156574c75ff8517ee741","isMergeCommit":false,"messageTitle":"Returns list of inputs when queried","messageBody":"","tags":["Level-2"],"fileTypesAndContributionMap":{"java":{"insertions":17,"deletions":1}}},{"hash":"98d3edbb1dde81cf21234c09638510b2f5fe185d","isMergeCommit":false,"messageTitle":"New task class","messageBody":"","fileTypesAndContributionMap":{"java":{"insertions":27,"deletions":0}}},{"hash":"7960ccaa8203f18ca9ddde0ea7526ed38bea29bc","isMergeCommit":false,"messageTitle":"Add tasks obj to list instead of strings","messageBody":"","fileTypesAndContributionMap":{"java":{"insertions":9,"deletions":4}}},{"hash":"e7385d73cc6eb81db146692f33fa0a1b93853e2c","isMergeCommit":false,"messageTitle":"Checklist feature","messageBody":"","tags":["Level-3"],"fileTypesAndContributionMap":{"java":{"insertions":14,"deletions":2}}}]},{"date":"2025-08-21T00:00:00","commitResults":[{"hash":"5262851ee9c4923c8ee814bba1eb7535e2afd03e","isMergeCommit":false,"messageTitle":"Change from ArrayList to Array[100]","messageBody":"","fileTypesAndContributionMap":{"java":{"insertions":11,"deletions":12}}},{"hash":"08ff96090e87fea9457238015fb917637d81725b","isMergeCommit":false,"messageTitle":"Add new subclasses to Task","messageBody":"","fileTypesAndContributionMap":{"java":{"insertions":6,"deletions":6}}},{"hash":"00c2dab1aff8dbed870b45a8f16cd9d722ec3f85","isMergeCommit":false,"messageTitle":"Add ToDo, Deadline and Event function","messageBody":"","tags":["Level-4"],"fileTypesAndContributionMap":{"java":{"insertions":76,"deletions":4}}},{"hash":"948c4c2b7d3c6de2c84e9818068d0e32b90940c7","isMergeCommit":false,"messageTitle":"Add line breaks, solve loop issue that loops one last extra time","messageBody":"","fileTypesAndContributionMap":{"java":{"insertions":14,"deletions":14}}},{"hash":"262f3d487ab25ca1dd3084929796ce50993014ee","isMergeCommit":false,"messageTitle":"Remove ending space to match diff","messageBody":"","tags":["A-TextUiTesting"],"fileTypesAndContributionMap":{"txt":{"insertions":10,"deletions":0},"sh":{"insertions":1,"deletions":1}}}]},{"date":"2025-08-22T00:00:00","commitResults":[{"hash":"db830aef167dd5ee95e89bd4950c9de62bb57739","isMergeCommit":false,"messageTitle":"Add PeroException, and try/catch in Pero","messageBody":"","fileTypesAndContributionMap":{"java":{"insertions":2,"deletions":0}}},{"hash":"5b8de96e053788799111aab17ec43f7bb39db6a6","isMergeCommit":false,"messageTitle":"Cover more exception cases","messageBody":"","fileTypesAndContributionMap":{"java":{"insertions":85,"deletions":54}}},{"hash":"d85e1b6e4bf3092ab205daebad84cd661007f274","isMergeCommit":false,"messageTitle":"Updated input and actual.txt for testing","messageBody":"","fileTypesAndContributionMap":{"txt":{"insertions":5,"deletions":0}}},{"hash":"c05b2de2b290eaa8e6c2153dafe45aaf3a787963","isMergeCommit":false,"messageTitle":"Handle errors","messageBody":"","tags":["Level-5"],"fileTypesAndContributionMap":{"java":{"insertions":5,"deletions":1}}},{"hash":"3414eecf8c9ea37105d66eb293de652e4fe81e8b","isMergeCommit":false,"messageTitle":"Add delete function","messageBody":"","tags":["Level-6"],"fileTypesAndContributionMap":{"txt":{"insertions":2,"deletions":0},"java":{"insertions":23,"deletions":17}}},{"hash":"8715bb4357fd32cacdb12e7e82ed2258b50bed6c","isMergeCommit":false,"messageTitle":"Improve Encapsulation, store exception checks in task subclasses","messageBody":"","fileTypesAndContributionMap":{"java":{"insertions":46,"deletions":35}}}]}]},"authorFileTypeContributionMap":{"darisusu":{"java":205,"md":0,"fxml":0,"sh":1,"bat":0,"gradle":0,"txt":17}},"authorContributionVariance":{"darisusu":6173.983},"authorDisplayNameMap":{"darisusu":"CS2103T-F09-4 DARI..YANG"}}
