[{"path":"src/main/java/Deadline.java","fileType":"java","lines":[{"lineNumber":1,"author":{"gitId":"Strikerprv"},"content":"public class Deadline extends Task{","lastModifiedDate":"2025-08-27T20:56:05","isFullCredit":false},{"lineNumber":2,"author":{"gitId":"Strikerprv"},"content":"","lastModifiedDate":"2025-08-27T20:56:05","isFullCredit":false},{"lineNumber":3,"author":{"gitId":"Strikerprv"},"content":"    public Deadline(String description) {","lastModifiedDate":"2025-08-27T20:56:05","isFullCredit":false},{"lineNumber":4,"author":{"gitId":"Strikerprv"},"content":"        super(description);","lastModifiedDate":"2025-08-27T20:56:05","isFullCredit":false},{"lineNumber":5,"author":{"gitId":"Strikerprv"},"content":"    }","lastModifiedDate":"2025-08-27T20:56:05","isFullCredit":false},{"lineNumber":6,"author":{"gitId":"Strikerprv"},"content":"","lastModifiedDate":"2025-08-27T20:56:05","isFullCredit":false},{"lineNumber":7,"author":{"gitId":"Strikerprv"},"content":"    @Override","lastModifiedDate":"2025-08-27T20:56:05","isFullCredit":false},{"lineNumber":8,"author":{"gitId":"Strikerprv"},"content":"    public String toString() {","lastModifiedDate":"2025-08-27T20:56:05","isFullCredit":false},{"lineNumber":9,"author":{"gitId":"Strikerprv"},"content":"        String description \u003d this.getDescription();","lastModifiedDate":"2025-08-27T20:56:05","isFullCredit":false},{"lineNumber":10,"author":{"gitId":"Strikerprv"},"content":"        String formattedDescription;","lastModifiedDate":"2025-08-27T20:56:05","isFullCredit":false},{"lineNumber":11,"author":{"gitId":"Strikerprv"},"content":"        if (description.contains(\"/by\")) {","lastModifiedDate":"2025-08-27T20:56:05","isFullCredit":false},{"lineNumber":12,"author":{"gitId":"Strikerprv"},"content":"            String[] splitDescription \u003d description.split(\"/by\");","lastModifiedDate":"2025-08-27T20:56:05","isFullCredit":false},{"lineNumber":13,"author":{"gitId":"Strikerprv"},"content":"            formattedDescription \u003d splitDescription[0] + \"(by:\" + splitDescription[1] + \")\";","lastModifiedDate":"2025-08-27T20:56:05","isFullCredit":false},{"lineNumber":14,"author":{"gitId":"Strikerprv"},"content":"        } else {","lastModifiedDate":"2025-08-27T20:56:05","isFullCredit":false},{"lineNumber":15,"author":{"gitId":"Strikerprv"},"content":"            formattedDescription \u003d this.getDescription();","lastModifiedDate":"2025-08-27T20:56:05","isFullCredit":false},{"lineNumber":16,"author":{"gitId":"Strikerprv"},"content":"        }","lastModifiedDate":"2025-08-27T20:56:05","isFullCredit":false},{"lineNumber":17,"author":{"gitId":"Strikerprv"},"content":"","lastModifiedDate":"2025-08-27T20:56:05","isFullCredit":false},{"lineNumber":18,"author":{"gitId":"Strikerprv"},"content":"        return \"[D] \" + \"[\" + this.getStatusIcon() + \"] \" + formattedDescription;","lastModifiedDate":"2025-08-27T20:56:05","isFullCredit":false},{"lineNumber":19,"author":{"gitId":"Strikerprv"},"content":"    }","lastModifiedDate":"2025-08-27T20:56:05","isFullCredit":false},{"lineNumber":20,"author":{"gitId":"Strikerprv"},"content":"}","lastModifiedDate":"2025-08-27T20:56:05","isFullCredit":false}],"authorContributionMap":{"Strikerprv":20}},{"path":"src/main/java/Dukey.java","fileType":"java","lines":[{"lineNumber":1,"author":{"gitId":"Strikerprv"},"content":"import java.util.Scanner;","lastModifiedDate":"2025-08-22T13:35:27","isFullCredit":false},{"lineNumber":2,"author":{"gitId":"Strikerprv"},"content":"import java.util.ArrayList;","lastModifiedDate":"2025-08-22T14:01:59","isFullCredit":false},{"lineNumber":3,"author":{"gitId":"Strikerprv"},"content":"","lastModifiedDate":"2025-08-22T13:35:27","isFullCredit":false},{"lineNumber":4,"author":{"gitId":"Strikerprv"},"content":"public class Dukey {","lastModifiedDate":"2025-08-22T12:56:57","isFullCredit":false},{"lineNumber":5,"author":{"gitId":"Strikerprv"},"content":"","lastModifiedDate":"2025-08-27T17:15:28","isFullCredit":false},{"lineNumber":6,"author":{"gitId":"Strikerprv"},"content":"    public static void main(String[] args) {","lastModifiedDate":"2025-08-22T12:56:57","isFullCredit":false},{"lineNumber":7,"author":{"gitId":"Strikerprv"},"content":"        String welcome \u003d","lastModifiedDate":"2025-08-22T12:56:57","isFullCredit":false},{"lineNumber":8,"author":{"gitId":"Strikerprv"},"content":"                \"____________________________________________________________\\n\" +","lastModifiedDate":"2025-08-22T12:56:57","isFullCredit":false},{"lineNumber":9,"author":{"gitId":"Strikerprv"},"content":"                \" Hello! I\u0027m Dukey\\n\" +","lastModifiedDate":"2025-08-22T12:56:57","isFullCredit":false},{"lineNumber":10,"author":{"gitId":"Strikerprv"},"content":"                \" What can I do for you?\\n\" +","lastModifiedDate":"2025-08-22T12:56:57","isFullCredit":false},{"lineNumber":11,"author":{"gitId":"Strikerprv"},"content":"                \"____________________________________________________________\\n\";","lastModifiedDate":"2025-08-22T13:35:27","isFullCredit":false},{"lineNumber":12,"author":{"gitId":"Strikerprv"},"content":"        String bye \u003d","lastModifiedDate":"2025-08-22T13:35:27","isFullCredit":false},{"lineNumber":13,"author":{"gitId":"Strikerprv"},"content":"                \"____________________________________________________________\\n\" +","lastModifiedDate":"2025-08-22T12:56:57","isFullCredit":false},{"lineNumber":14,"author":{"gitId":"Strikerprv"},"content":"                \" Bye. Hope to see you again soon!\\n\" +","lastModifiedDate":"2025-08-22T12:56:57","isFullCredit":false},{"lineNumber":15,"author":{"gitId":"Strikerprv"},"content":"                \"____________________________________________________________\\n\";","lastModifiedDate":"2025-08-22T12:56:57","isFullCredit":false},{"lineNumber":16,"author":{"gitId":"Strikerprv"},"content":"","lastModifiedDate":"2025-08-22T12:56:57","isFullCredit":false},{"lineNumber":17,"author":{"gitId":"Strikerprv"},"content":"        System.out.println(welcome);","lastModifiedDate":"2025-08-22T13:35:27","isFullCredit":false},{"lineNumber":18,"author":{"gitId":"Strikerprv"},"content":"","lastModifiedDate":"2025-08-22T13:35:27","isFullCredit":false},{"lineNumber":19,"author":{"gitId":"Strikerprv"},"content":"        Scanner sc \u003d new Scanner(System.in);","lastModifiedDate":"2025-08-22T13:35:27","isFullCredit":false},{"lineNumber":20,"author":{"gitId":"Strikerprv"},"content":"        ArrayList\u003cTask\u003e todoList \u003d new ArrayList\u003c\u003e();","lastModifiedDate":"2025-08-27T17:15:28","isFullCredit":false},{"lineNumber":21,"author":{"gitId":"Strikerprv"},"content":"        boolean active \u003d true;","lastModifiedDate":"2025-08-22T13:35:27","isFullCredit":false},{"lineNumber":22,"author":{"gitId":"Strikerprv"},"content":"","lastModifiedDate":"2025-08-22T12:56:57","isFullCredit":false},{"lineNumber":23,"author":{"gitId":"Strikerprv"},"content":"        while (active) {","lastModifiedDate":"2025-08-22T13:35:27","isFullCredit":false},{"lineNumber":24,"author":{"gitId":"Strikerprv"},"content":"            String command \u003d sc.nextLine().trim();","lastModifiedDate":"2025-08-27T20:56:05","isFullCredit":false},{"lineNumber":25,"author":{"gitId":"Strikerprv"},"content":"            if (command.toLowerCase().equals(\"bye\")) {","lastModifiedDate":"2025-08-22T13:35:27","isFullCredit":false},{"lineNumber":26,"author":{"gitId":"Strikerprv"},"content":"                System.out.println(bye);","lastModifiedDate":"2025-08-22T13:35:27","isFullCredit":false},{"lineNumber":27,"author":{"gitId":"Strikerprv"},"content":"                active \u003d false;","lastModifiedDate":"2025-08-22T13:35:27","isFullCredit":false},{"lineNumber":28,"author":{"gitId":"Strikerprv"},"content":"            } else if (command.toLowerCase().equals(\"list\")) {","lastModifiedDate":"2025-08-22T14:01:59","isFullCredit":false},{"lineNumber":29,"author":{"gitId":"Strikerprv"},"content":"                Dukey.printList(todoList);","lastModifiedDate":"2025-08-27T17:15:28","isFullCredit":false},{"lineNumber":30,"author":{"gitId":"Strikerprv"},"content":"            } else if (command.split(\" \").length \u003d\u003d 2 \u0026\u0026","lastModifiedDate":"2025-08-27T17:15:28","isFullCredit":false},{"lineNumber":31,"author":{"gitId":"Strikerprv"},"content":"                    command.split(\" \")[0].toLowerCase().equals(\"mark\")) {","lastModifiedDate":"2025-08-27T17:15:28","isFullCredit":false},{"lineNumber":32,"author":{"gitId":"Strikerprv"},"content":"                int taskNumber \u003d Integer.parseInt(command.split(\" \")[1]);","lastModifiedDate":"2025-08-27T17:15:28","isFullCredit":false},{"lineNumber":33,"author":{"gitId":"Strikerprv"},"content":"                if (taskNumber \u003c\u003d todoList.size()) {","lastModifiedDate":"2025-08-27T17:15:28","isFullCredit":false},{"lineNumber":34,"author":{"gitId":"Strikerprv"},"content":"                    markDone(todoList, taskNumber);","lastModifiedDate":"2025-08-27T17:15:28","isFullCredit":false},{"lineNumber":35,"author":{"gitId":"Strikerprv"},"content":"                } else {","lastModifiedDate":"2025-08-27T17:15:28","isFullCredit":false},{"lineNumber":36,"author":{"gitId":"Strikerprv"},"content":"                    System.out.println(","lastModifiedDate":"2025-08-27T17:15:28","isFullCredit":false},{"lineNumber":37,"author":{"gitId":"Strikerprv"},"content":"                            \"____________________________________________________________\\n\" +","lastModifiedDate":"2025-08-27T17:15:28","isFullCredit":false},{"lineNumber":38,"author":{"gitId":"Strikerprv"},"content":"                            \"Task number exceeds the number of tasks! Please amend command!\\n\" +","lastModifiedDate":"2025-08-27T17:15:28","isFullCredit":false},{"lineNumber":39,"author":{"gitId":"Strikerprv"},"content":"                            \"____________________________________________________________\\n\");","lastModifiedDate":"2025-08-27T17:15:28","isFullCredit":false},{"lineNumber":40,"author":{"gitId":"Strikerprv"},"content":"                }","lastModifiedDate":"2025-08-27T17:15:28","isFullCredit":false},{"lineNumber":41,"author":{"gitId":"Strikerprv"},"content":"            } else if (command.split(\" \").length \u003d\u003d 2 \u0026\u0026","lastModifiedDate":"2025-08-27T17:15:28","isFullCredit":false},{"lineNumber":42,"author":{"gitId":"Strikerprv"},"content":"                    command.split(\" \")[0].toLowerCase().equals(\"unmark\")) {","lastModifiedDate":"2025-08-27T17:15:28","isFullCredit":false},{"lineNumber":43,"author":{"gitId":"Strikerprv"},"content":"                int taskNumber \u003d Integer.parseInt(command.split(\" \")[1]);","lastModifiedDate":"2025-08-27T17:15:28","isFullCredit":false},{"lineNumber":44,"author":{"gitId":"Strikerprv"},"content":"                if (taskNumber \u003c\u003d todoList.size()) {","lastModifiedDate":"2025-08-27T17:15:28","isFullCredit":false},{"lineNumber":45,"author":{"gitId":"Strikerprv"},"content":"                    unmarkDone(todoList, taskNumber);","lastModifiedDate":"2025-08-27T17:15:28","isFullCredit":false},{"lineNumber":46,"author":{"gitId":"Strikerprv"},"content":"                } else {","lastModifiedDate":"2025-08-27T17:15:28","isFullCredit":false},{"lineNumber":47,"author":{"gitId":"Strikerprv"},"content":"                    System.out.println(","lastModifiedDate":"2025-08-27T17:15:28","isFullCredit":false},{"lineNumber":48,"author":{"gitId":"Strikerprv"},"content":"                            \"____________________________________________________________\\n\" +","lastModifiedDate":"2025-08-27T17:15:28","isFullCredit":false},{"lineNumber":49,"author":{"gitId":"Strikerprv"},"content":"                                    \"Task number exceeds the number of tasks! Please amend command!\\n\" +","lastModifiedDate":"2025-08-27T17:15:28","isFullCredit":false},{"lineNumber":50,"author":{"gitId":"Strikerprv"},"content":"                            \"____________________________________________________________\\n\");","lastModifiedDate":"2025-08-27T17:15:28","isFullCredit":false},{"lineNumber":51,"author":{"gitId":"Strikerprv"},"content":"                }","lastModifiedDate":"2025-08-22T14:01:59","isFullCredit":false},{"lineNumber":52,"author":{"gitId":"Strikerprv"},"content":"            } else {","lastModifiedDate":"2025-08-22T13:35:27","isFullCredit":false},{"lineNumber":53,"author":{"gitId":"Strikerprv"},"content":"                Dukey.addNewTask(command, todoList);","lastModifiedDate":"2025-08-27T20:56:05","isFullCredit":false},{"lineNumber":54,"author":{"gitId":"Strikerprv"},"content":"            }","lastModifiedDate":"2025-08-22T13:35:27","isFullCredit":false},{"lineNumber":55,"author":{"gitId":"Strikerprv"},"content":"        }","lastModifiedDate":"2025-08-22T13:35:27","isFullCredit":false},{"lineNumber":56,"author":{"gitId":"Strikerprv"},"content":"    }","lastModifiedDate":"2025-08-22T12:56:57","isFullCredit":false},{"lineNumber":57,"author":{"gitId":"Strikerprv"},"content":"","lastModifiedDate":"2025-08-27T17:15:28","isFullCredit":false},{"lineNumber":58,"author":{"gitId":"Strikerprv"},"content":"    public static void printList(ArrayList\u003cTask\u003e todoList) {","lastModifiedDate":"2025-08-27T17:15:28","isFullCredit":false},{"lineNumber":59,"author":{"gitId":"Strikerprv"},"content":"        System.out.println(\"____________________________________________________________\");","lastModifiedDate":"2025-08-27T17:15:28","isFullCredit":false},{"lineNumber":60,"author":{"gitId":"Strikerprv"},"content":"        for (int count \u003d 1; count \u003c\u003d todoList.size(); count++) {","lastModifiedDate":"2025-08-27T17:15:28","isFullCredit":false},{"lineNumber":61,"author":{"gitId":"Strikerprv"},"content":"            Task currentTask \u003d todoList.get(count - 1);","lastModifiedDate":"2025-08-27T17:15:28","isFullCredit":false},{"lineNumber":62,"author":{"gitId":"Strikerprv"},"content":"            System.out.println(count + \". \" + currentTask.toString());","lastModifiedDate":"2025-08-27T20:56:05","isFullCredit":false},{"lineNumber":63,"author":{"gitId":"Strikerprv"},"content":"        }","lastModifiedDate":"2025-08-27T17:15:28","isFullCredit":false},{"lineNumber":64,"author":{"gitId":"Strikerprv"},"content":"        System.out.println(\"____________________________________________________________\\n\");","lastModifiedDate":"2025-08-27T17:15:28","isFullCredit":false},{"lineNumber":65,"author":{"gitId":"Strikerprv"},"content":"    }","lastModifiedDate":"2025-08-27T17:15:28","isFullCredit":false},{"lineNumber":66,"author":{"gitId":"Strikerprv"},"content":"","lastModifiedDate":"2025-08-27T17:15:28","isFullCredit":false},{"lineNumber":67,"author":{"gitId":"Strikerprv"},"content":"    public static void markDone(ArrayList\u003cTask\u003e todoList, int taskNumber) {","lastModifiedDate":"2025-08-27T17:15:28","isFullCredit":false},{"lineNumber":68,"author":{"gitId":"Strikerprv"},"content":"        Task currentTask \u003d todoList.get(taskNumber - 1);","lastModifiedDate":"2025-08-27T17:15:28","isFullCredit":false},{"lineNumber":69,"author":{"gitId":"Strikerprv"},"content":"        currentTask.markDoneStatus();","lastModifiedDate":"2025-08-27T17:15:28","isFullCredit":false},{"lineNumber":70,"author":{"gitId":"Strikerprv"},"content":"        String successMessage \u003d","lastModifiedDate":"2025-08-27T17:15:28","isFullCredit":false},{"lineNumber":71,"author":{"gitId":"Strikerprv"},"content":"                \"____________________________________________________________\\n\" +","lastModifiedDate":"2025-08-27T17:15:28","isFullCredit":false},{"lineNumber":72,"author":{"gitId":"Strikerprv"},"content":"                        \"Nice! I\u0027ve marked this task as done.\\n   \" +","lastModifiedDate":"2025-08-27T17:15:28","isFullCredit":false},{"lineNumber":73,"author":{"gitId":"Strikerprv"},"content":"                        currentTask.toString() +","lastModifiedDate":"2025-08-27T20:56:05","isFullCredit":false},{"lineNumber":74,"author":{"gitId":"Strikerprv"},"content":"                        \"\\n____________________________________________________________\\n\";","lastModifiedDate":"2025-08-27T17:15:28","isFullCredit":false},{"lineNumber":75,"author":{"gitId":"Strikerprv"},"content":"        System.out.println(successMessage);","lastModifiedDate":"2025-08-27T17:15:28","isFullCredit":false},{"lineNumber":76,"author":{"gitId":"Strikerprv"},"content":"    }","lastModifiedDate":"2025-08-27T17:15:28","isFullCredit":false},{"lineNumber":77,"author":{"gitId":"Strikerprv"},"content":"","lastModifiedDate":"2025-08-27T17:15:28","isFullCredit":false},{"lineNumber":78,"author":{"gitId":"Strikerprv"},"content":"    public static void unmarkDone(ArrayList\u003cTask\u003e todoList, int taskNumber) {","lastModifiedDate":"2025-08-27T17:15:28","isFullCredit":false},{"lineNumber":79,"author":{"gitId":"Strikerprv"},"content":"        Task currentTask \u003d todoList.get(taskNumber - 1);","lastModifiedDate":"2025-08-27T17:15:28","isFullCredit":false},{"lineNumber":80,"author":{"gitId":"Strikerprv"},"content":"        currentTask.unmarkDoneStatus();","lastModifiedDate":"2025-08-27T17:15:28","isFullCredit":false},{"lineNumber":81,"author":{"gitId":"Strikerprv"},"content":"        String successMessage \u003d","lastModifiedDate":"2025-08-27T17:15:28","isFullCredit":false},{"lineNumber":82,"author":{"gitId":"Strikerprv"},"content":"                \"____________________________________________________________\\n\" +","lastModifiedDate":"2025-08-27T17:15:28","isFullCredit":false},{"lineNumber":83,"author":{"gitId":"Strikerprv"},"content":"                        \"Nice! I\u0027ve unmarked this task as not done.\\n   \" +","lastModifiedDate":"2025-08-27T17:15:28","isFullCredit":false},{"lineNumber":84,"author":{"gitId":"Strikerprv"},"content":"                        currentTask.toString() +","lastModifiedDate":"2025-08-27T20:56:05","isFullCredit":false},{"lineNumber":85,"author":{"gitId":"Strikerprv"},"content":"                        \"\\n____________________________________________________________\\n\";","lastModifiedDate":"2025-08-27T17:15:28","isFullCredit":false},{"lineNumber":86,"author":{"gitId":"Strikerprv"},"content":"        System.out.println(successMessage);","lastModifiedDate":"2025-08-27T17:15:28","isFullCredit":false},{"lineNumber":87,"author":{"gitId":"Strikerprv"},"content":"    }","lastModifiedDate":"2025-08-27T17:15:28","isFullCredit":false},{"lineNumber":88,"author":{"gitId":"Strikerprv"},"content":"","lastModifiedDate":"2025-08-27T20:56:05","isFullCredit":false},{"lineNumber":89,"author":{"gitId":"Strikerprv"},"content":"    public static void addNewTask(String input, ArrayList\u003cTask\u003e todoList) {","lastModifiedDate":"2025-08-27T20:56:05","isFullCredit":false},{"lineNumber":90,"author":{"gitId":"Strikerprv"},"content":"        Task newTask;","lastModifiedDate":"2025-08-27T20:56:05","isFullCredit":false},{"lineNumber":91,"author":{"gitId":"Strikerprv"},"content":"","lastModifiedDate":"2025-08-27T20:56:05","isFullCredit":false},{"lineNumber":92,"author":{"gitId":"Strikerprv"},"content":"        if (input.split(\" \")[0].toLowerCase().equals(\"todo\")) {","lastModifiedDate":"2025-08-27T20:56:05","isFullCredit":false},{"lineNumber":93,"author":{"gitId":"Strikerprv"},"content":"            String description \u003d input.substring(input.indexOf(\" \") + 1);","lastModifiedDate":"2025-08-27T20:56:05","isFullCredit":false},{"lineNumber":94,"author":{"gitId":"Strikerprv"},"content":"","lastModifiedDate":"2025-08-27T20:56:05","isFullCredit":false},{"lineNumber":95,"author":{"gitId":"Strikerprv"},"content":"            newTask \u003d new Todo(description);","lastModifiedDate":"2025-08-27T20:56:05","isFullCredit":false},{"lineNumber":96,"author":{"gitId":"Strikerprv"},"content":"            todoList.add(newTask);","lastModifiedDate":"2025-08-27T20:56:05","isFullCredit":false},{"lineNumber":97,"author":{"gitId":"Strikerprv"},"content":"","lastModifiedDate":"2025-08-27T20:56:05","isFullCredit":false},{"lineNumber":98,"author":{"gitId":"Strikerprv"},"content":"        } else if (input.split(\" \")[0].toLowerCase().equals(\"deadline\")) {","lastModifiedDate":"2025-08-27T20:56:05","isFullCredit":false},{"lineNumber":99,"author":{"gitId":"Strikerprv"},"content":"            String description \u003d input.substring(input.indexOf(\" \") + 1);","lastModifiedDate":"2025-08-27T20:56:05","isFullCredit":false},{"lineNumber":100,"author":{"gitId":"Strikerprv"},"content":"","lastModifiedDate":"2025-08-27T20:56:05","isFullCredit":false},{"lineNumber":101,"author":{"gitId":"Strikerprv"},"content":"            newTask \u003d new Deadline(description);","lastModifiedDate":"2025-08-27T20:56:05","isFullCredit":false},{"lineNumber":102,"author":{"gitId":"Strikerprv"},"content":"            todoList.add(newTask);","lastModifiedDate":"2025-08-27T20:56:05","isFullCredit":false},{"lineNumber":103,"author":{"gitId":"Strikerprv"},"content":"","lastModifiedDate":"2025-08-27T20:56:05","isFullCredit":false},{"lineNumber":104,"author":{"gitId":"Strikerprv"},"content":"        } else if (input.split(\" \")[0].toLowerCase().equals(\"event\")) {","lastModifiedDate":"2025-08-27T20:56:05","isFullCredit":false},{"lineNumber":105,"author":{"gitId":"Strikerprv"},"content":"            String description \u003d input.substring(input.indexOf(\" \") + 1);","lastModifiedDate":"2025-08-27T20:56:05","isFullCredit":false},{"lineNumber":106,"author":{"gitId":"Strikerprv"},"content":"","lastModifiedDate":"2025-08-27T20:56:05","isFullCredit":false},{"lineNumber":107,"author":{"gitId":"Strikerprv"},"content":"            newTask \u003d new Event(description);","lastModifiedDate":"2025-08-27T20:56:05","isFullCredit":false},{"lineNumber":108,"author":{"gitId":"Strikerprv"},"content":"            todoList.add(newTask);","lastModifiedDate":"2025-08-27T20:56:05","isFullCredit":false},{"lineNumber":109,"author":{"gitId":"Strikerprv"},"content":"","lastModifiedDate":"2025-08-27T20:56:05","isFullCredit":false},{"lineNumber":110,"author":{"gitId":"Strikerprv"},"content":"        } else {","lastModifiedDate":"2025-08-27T20:56:05","isFullCredit":false},{"lineNumber":111,"author":{"gitId":"Strikerprv"},"content":"            newTask \u003d new Task(input);","lastModifiedDate":"2025-08-27T20:56:05","isFullCredit":false},{"lineNumber":112,"author":{"gitId":"Strikerprv"},"content":"            todoList.add(newTask);","lastModifiedDate":"2025-08-27T20:56:05","isFullCredit":false},{"lineNumber":113,"author":{"gitId":"Strikerprv"},"content":"        }","lastModifiedDate":"2025-08-27T20:56:05","isFullCredit":false},{"lineNumber":114,"author":{"gitId":"Strikerprv"},"content":"","lastModifiedDate":"2025-08-27T20:56:05","isFullCredit":false},{"lineNumber":115,"author":{"gitId":"Strikerprv"},"content":"        System.out.println(","lastModifiedDate":"2025-08-27T20:56:05","isFullCredit":false},{"lineNumber":116,"author":{"gitId":"Strikerprv"},"content":"                \"____________________________________________________________\\n\" +","lastModifiedDate":"2025-08-27T20:56:05","isFullCredit":false},{"lineNumber":117,"author":{"gitId":"Strikerprv"},"content":"                \"Understood. I have added the task:\\n    \"","lastModifiedDate":"2025-08-27T20:56:05","isFullCredit":false},{"lineNumber":118,"author":{"gitId":"Strikerprv"},"content":"                + newTask.toString()","lastModifiedDate":"2025-08-27T20:56:05","isFullCredit":false},{"lineNumber":119,"author":{"gitId":"Strikerprv"},"content":"                + \"\\nYou now have \" + todoList.size() + \" tasks in the list.\"","lastModifiedDate":"2025-08-27T20:56:05","isFullCredit":false},{"lineNumber":120,"author":{"gitId":"Strikerprv"},"content":"                + \"\\n____________________________________________________________\\n\");","lastModifiedDate":"2025-08-27T20:56:05","isFullCredit":false},{"lineNumber":121,"author":{"gitId":"Strikerprv"},"content":"    }","lastModifiedDate":"2025-08-27T20:56:05","isFullCredit":false},{"lineNumber":122,"author":{"gitId":"Strikerprv"},"content":"}","lastModifiedDate":"2025-08-22T12:56:57","isFullCredit":false},{"lineNumber":123,"author":{"gitId":"Strikerprv"},"content":"","lastModifiedDate":"2025-08-22T14:01:59","isFullCredit":false}],"authorContributionMap":{"Strikerprv":123}},{"path":"src/main/java/Event.java","fileType":"java","lines":[{"lineNumber":1,"author":{"gitId":"Strikerprv"},"content":"public class Event extends Task{","lastModifiedDate":"2025-08-27T20:56:05","isFullCredit":false},{"lineNumber":2,"author":{"gitId":"Strikerprv"},"content":"","lastModifiedDate":"2025-08-27T20:56:05","isFullCredit":false},{"lineNumber":3,"author":{"gitId":"Strikerprv"},"content":"    public Event(String description) {","lastModifiedDate":"2025-08-27T20:56:05","isFullCredit":false},{"lineNumber":4,"author":{"gitId":"Strikerprv"},"content":"        super(description);","lastModifiedDate":"2025-08-27T20:56:05","isFullCredit":false},{"lineNumber":5,"author":{"gitId":"Strikerprv"},"content":"    }","lastModifiedDate":"2025-08-27T20:56:05","isFullCredit":false},{"lineNumber":6,"author":{"gitId":"Strikerprv"},"content":"","lastModifiedDate":"2025-08-27T20:56:05","isFullCredit":false},{"lineNumber":7,"author":{"gitId":"Strikerprv"},"content":"    @Override","lastModifiedDate":"2025-08-27T20:56:05","isFullCredit":false},{"lineNumber":8,"author":{"gitId":"Strikerprv"},"content":"    public String toString() {","lastModifiedDate":"2025-08-27T20:56:05","isFullCredit":false},{"lineNumber":9,"author":{"gitId":"Strikerprv"},"content":"        String currentDescription \u003d this.getDescription();","lastModifiedDate":"2025-08-27T20:56:05","isFullCredit":false},{"lineNumber":10,"author":{"gitId":"Strikerprv"},"content":"        String formattedDescription;","lastModifiedDate":"2025-08-27T20:56:05","isFullCredit":false},{"lineNumber":11,"author":{"gitId":"Strikerprv"},"content":"","lastModifiedDate":"2025-08-27T20:56:05","isFullCredit":false},{"lineNumber":12,"author":{"gitId":"Strikerprv"},"content":"        if (currentDescription.contains(\"/from\")) {","lastModifiedDate":"2025-08-27T20:56:05","isFullCredit":false},{"lineNumber":13,"author":{"gitId":"Strikerprv"},"content":"            String[] splitDescription \u003d currentDescription.split(\"/from\");","lastModifiedDate":"2025-08-27T20:56:05","isFullCredit":false},{"lineNumber":14,"author":{"gitId":"Strikerprv"},"content":"            if (splitDescription[1].contains(\"/to\")) {","lastModifiedDate":"2025-08-27T20:56:05","isFullCredit":false},{"lineNumber":15,"author":{"gitId":"Strikerprv"},"content":"                String[] furtherSplitDescription \u003d splitDescription[1].split(\"/to\");","lastModifiedDate":"2025-08-27T20:56:05","isFullCredit":false},{"lineNumber":16,"author":{"gitId":"Strikerprv"},"content":"                formattedDescription \u003d splitDescription[0] +","lastModifiedDate":"2025-08-27T20:56:05","isFullCredit":false},{"lineNumber":17,"author":{"gitId":"Strikerprv"},"content":"                        \"(from: \" + furtherSplitDescription[0].trim() +","lastModifiedDate":"2025-08-27T20:56:05","isFullCredit":false},{"lineNumber":18,"author":{"gitId":"Strikerprv"},"content":"                        \" to: \" + furtherSplitDescription[1].trim() + \")\";","lastModifiedDate":"2025-08-27T20:56:05","isFullCredit":false},{"lineNumber":19,"author":{"gitId":"Strikerprv"},"content":"            } else {","lastModifiedDate":"2025-08-27T20:56:05","isFullCredit":false},{"lineNumber":20,"author":{"gitId":"Strikerprv"},"content":"                formattedDescription \u003d splitDescription[0] + \"(from:\" + splitDescription[1];","lastModifiedDate":"2025-08-27T20:56:05","isFullCredit":false},{"lineNumber":21,"author":{"gitId":"Strikerprv"},"content":"            }","lastModifiedDate":"2025-08-27T20:56:05","isFullCredit":false},{"lineNumber":22,"author":{"gitId":"Strikerprv"},"content":"        } else {","lastModifiedDate":"2025-08-27T20:56:05","isFullCredit":false},{"lineNumber":23,"author":{"gitId":"Strikerprv"},"content":"            formattedDescription \u003d currentDescription;","lastModifiedDate":"2025-08-27T20:56:05","isFullCredit":false},{"lineNumber":24,"author":{"gitId":"Strikerprv"},"content":"        }","lastModifiedDate":"2025-08-27T20:56:05","isFullCredit":false},{"lineNumber":25,"author":{"gitId":"Strikerprv"},"content":"","lastModifiedDate":"2025-08-27T20:56:05","isFullCredit":false},{"lineNumber":26,"author":{"gitId":"Strikerprv"},"content":"        return \"[E] \" + \"[\" + this.getStatusIcon() + \"] \" + formattedDescription;","lastModifiedDate":"2025-08-27T20:56:05","isFullCredit":false},{"lineNumber":27,"author":{"gitId":"Strikerprv"},"content":"    }","lastModifiedDate":"2025-08-27T20:56:05","isFullCredit":false},{"lineNumber":28,"author":{"gitId":"Strikerprv"},"content":"}","lastModifiedDate":"2025-08-27T20:56:05","isFullCredit":false}],"authorContributionMap":{"Strikerprv":28}},{"path":"src/main/java/Task.java","fileType":"java","lines":[{"lineNumber":1,"author":{"gitId":"Strikerprv"},"content":"public class Task {","lastModifiedDate":"2025-08-27T17:15:28","isFullCredit":false},{"lineNumber":2,"author":{"gitId":"Strikerprv"},"content":"    protected String description;","lastModifiedDate":"2025-08-27T17:15:28","isFullCredit":false},{"lineNumber":3,"author":{"gitId":"Strikerprv"},"content":"    protected boolean isDone;","lastModifiedDate":"2025-08-27T17:15:28","isFullCredit":false},{"lineNumber":4,"author":{"gitId":"Strikerprv"},"content":"","lastModifiedDate":"2025-08-27T17:15:28","isFullCredit":false},{"lineNumber":5,"author":{"gitId":"Strikerprv"},"content":"    public Task(String description) {","lastModifiedDate":"2025-08-27T17:15:28","isFullCredit":false},{"lineNumber":6,"author":{"gitId":"Strikerprv"},"content":"        this.description \u003d description;","lastModifiedDate":"2025-08-27T17:15:28","isFullCredit":false},{"lineNumber":7,"author":{"gitId":"Strikerprv"},"content":"        this.isDone \u003d false;","lastModifiedDate":"2025-08-27T17:15:28","isFullCredit":false},{"lineNumber":8,"author":{"gitId":"Strikerprv"},"content":"    }","lastModifiedDate":"2025-08-27T17:15:28","isFullCredit":false},{"lineNumber":9,"author":{"gitId":"Strikerprv"},"content":"","lastModifiedDate":"2025-08-27T17:15:28","isFullCredit":false},{"lineNumber":10,"author":{"gitId":"Strikerprv"},"content":"    public String getStatusIcon() {","lastModifiedDate":"2025-08-27T17:15:28","isFullCredit":false},{"lineNumber":11,"author":{"gitId":"Strikerprv"},"content":"        return (isDone ? \"X\" : \" \"); // mark done task with X","lastModifiedDate":"2025-08-27T17:15:28","isFullCredit":false},{"lineNumber":12,"author":{"gitId":"Strikerprv"},"content":"    }","lastModifiedDate":"2025-08-27T17:15:28","isFullCredit":false},{"lineNumber":13,"author":{"gitId":"Strikerprv"},"content":"","lastModifiedDate":"2025-08-27T17:15:28","isFullCredit":false},{"lineNumber":14,"author":{"gitId":"Strikerprv"},"content":"    public String getDescription() {","lastModifiedDate":"2025-08-27T17:15:28","isFullCredit":false},{"lineNumber":15,"author":{"gitId":"Strikerprv"},"content":"        return this.description;","lastModifiedDate":"2025-08-27T17:15:28","isFullCredit":false},{"lineNumber":16,"author":{"gitId":"Strikerprv"},"content":"    }","lastModifiedDate":"2025-08-27T17:15:28","isFullCredit":false},{"lineNumber":17,"author":{"gitId":"Strikerprv"},"content":"","lastModifiedDate":"2025-08-27T17:15:28","isFullCredit":false},{"lineNumber":18,"author":{"gitId":"Strikerprv"},"content":"    public void markDoneStatus() {","lastModifiedDate":"2025-08-27T17:15:28","isFullCredit":false},{"lineNumber":19,"author":{"gitId":"Strikerprv"},"content":"        this.isDone \u003d true;","lastModifiedDate":"2025-08-27T17:15:28","isFullCredit":false},{"lineNumber":20,"author":{"gitId":"Strikerprv"},"content":"    }","lastModifiedDate":"2025-08-27T17:15:28","isFullCredit":false},{"lineNumber":21,"author":{"gitId":"Strikerprv"},"content":"","lastModifiedDate":"2025-08-27T17:15:28","isFullCredit":false},{"lineNumber":22,"author":{"gitId":"Strikerprv"},"content":"    public void unmarkDoneStatus() {","lastModifiedDate":"2025-08-27T17:15:28","isFullCredit":false},{"lineNumber":23,"author":{"gitId":"Strikerprv"},"content":"        this.isDone \u003d false;","lastModifiedDate":"2025-08-27T17:15:28","isFullCredit":false},{"lineNumber":24,"author":{"gitId":"Strikerprv"},"content":"    }","lastModifiedDate":"2025-08-27T17:15:28","isFullCredit":false},{"lineNumber":25,"author":{"gitId":"Strikerprv"},"content":"","lastModifiedDate":"2025-08-27T20:56:05","isFullCredit":false},{"lineNumber":26,"author":{"gitId":"Strikerprv"},"content":"    public String toString() {","lastModifiedDate":"2025-08-27T20:56:05","isFullCredit":false},{"lineNumber":27,"author":{"gitId":"Strikerprv"},"content":"        return \"[\" + this.getStatusIcon() + \"] \" + this.getDescription();","lastModifiedDate":"2025-08-27T20:56:05","isFullCredit":false},{"lineNumber":28,"author":{"gitId":"Strikerprv"},"content":"    }","lastModifiedDate":"2025-08-27T20:56:05","isFullCredit":false},{"lineNumber":29,"author":{"gitId":"Strikerprv"},"content":"}","lastModifiedDate":"2025-08-27T17:15:28","isFullCredit":false}],"authorContributionMap":{"Strikerprv":29}},{"path":"src/main/java/Test.java","fileType":"java","lines":[{"lineNumber":1,"author":{"gitId":"Strikerprv"},"content":"package PACKAGE_NAME;","lastModifiedDate":"2025-08-27T20:56:05","isFullCredit":false},{"lineNumber":2,"author":{"gitId":"Strikerprv"},"content":"","lastModifiedDate":"2025-08-27T20:56:05","isFullCredit":false},{"lineNumber":3,"author":{"gitId":"Strikerprv"},"content":"public class Test {","lastModifiedDate":"2025-08-27T20:56:05","isFullCredit":false},{"lineNumber":4,"author":{"gitId":"Strikerprv"},"content":"}","lastModifiedDate":"2025-08-27T20:56:05","isFullCredit":false}],"authorContributionMap":{"Strikerprv":4}},{"path":"src/main/java/Todo.java","fileType":"java","lines":[{"lineNumber":1,"author":{"gitId":"Strikerprv"},"content":"public class Todo extends Task {","lastModifiedDate":"2025-08-27T20:56:05","isFullCredit":false},{"lineNumber":2,"author":{"gitId":"Strikerprv"},"content":"","lastModifiedDate":"2025-08-27T20:56:05","isFullCredit":false},{"lineNumber":3,"author":{"gitId":"Strikerprv"},"content":"    public Todo(String description) {","lastModifiedDate":"2025-08-27T20:56:05","isFullCredit":false},{"lineNumber":4,"author":{"gitId":"Strikerprv"},"content":"        super(description);","lastModifiedDate":"2025-08-27T20:56:05","isFullCredit":false},{"lineNumber":5,"author":{"gitId":"Strikerprv"},"content":"    }","lastModifiedDate":"2025-08-27T20:56:05","isFullCredit":false},{"lineNumber":6,"author":{"gitId":"Strikerprv"},"content":"","lastModifiedDate":"2025-08-27T20:56:05","isFullCredit":false},{"lineNumber":7,"author":{"gitId":"Strikerprv"},"content":"    @Override","lastModifiedDate":"2025-08-27T20:56:05","isFullCredit":false},{"lineNumber":8,"author":{"gitId":"Strikerprv"},"content":"    public String toString() {","lastModifiedDate":"2025-08-27T20:56:05","isFullCredit":false},{"lineNumber":9,"author":{"gitId":"Strikerprv"},"content":"        return \"[T] \" + \"[\" + this.getStatusIcon() + \"] \" + this.getDescription();","lastModifiedDate":"2025-08-27T20:56:05","isFullCredit":false},{"lineNumber":10,"author":{"gitId":"Strikerprv"},"content":"    }","lastModifiedDate":"2025-08-27T20:56:05","isFullCredit":false},{"lineNumber":11,"author":{"gitId":"Strikerprv"},"content":"}","lastModifiedDate":"2025-08-27T20:56:05","isFullCredit":false}],"authorContributionMap":{"Strikerprv":11}}]
