{"authorDailyContributionsMap":{"iZUMi-kyouka":[{"date":"2025-08-17T00:00:00","commitResults":[{"hash":"4306bdee0ac28f5caa9f7a921b687dbdccb6df35","isMergeCommit":false,"messageTitle":"Rename chatbot from \u0027Duke\u0027 to \u0027Rumi\u0027","messageBody":"","fileTypesAndContributionMap":{"java":{"insertions":1,"deletions":1}}},{"hash":"d98cef281455fb2459e248b7b888c480b411cbcc","isMergeCommit":false,"messageTitle":"Add logo and greetings","messageBody":"","tags":["Level-0"],"fileTypesAndContributionMap":{"txt":{"insertions":30,"deletions":0},"java":{"insertions":38,"deletions":6}}},{"hash":"0a1a138b7253e0c1e543bd92d2a0c9f327f881ca","isMergeCommit":false,"messageTitle":"Refactor logo initialisation and greetings into methods","messageBody":"","fileTypesAndContributionMap":{"java":{"insertions":33,"deletions":24}}},{"hash":"37d89db3f2ef2cf53e59ff5fa4e7db2bba46ef2f","isMergeCommit":false,"messageTitle":"Improve the prompt for user to type in input","messageBody":"","fileTypesAndContributionMap":{"java":{"insertions":1,"deletions":1}}},{"hash":"4e03682f78b8fb4ecd97b2f7f814514a3e75ec08","isMergeCommit":false,"messageTitle":"Implement the echo loop","messageBody":"","tags":["Level-1"],"fileTypesAndContributionMap":{"java":{"insertions":18,"deletions":2}}},{"hash":"f9d10a967cc44f33c38de551fd7e21a2b6596689","isMergeCommit":false,"messageTitle":"Add printIndent utility function","messageBody":"","fileTypesAndContributionMap":{"java":{"insertions":17,"deletions":3}}},{"hash":"1536becc1be5bd4856d777071e9e5e815a9a69eb","isMergeCommit":false,"messageTitle":"Implement adding and listing of texts","messageBody":"","tags":["Level-2"],"fileTypesAndContributionMap":{"java":{"insertions":30,"deletions":3}}},{"hash":"735e3257e7c7b0cfd9cd4c3446f0a8fbe1f86742","isMergeCommit":false,"messageTitle":"Refactor printIndent utilities into Utils class","messageBody":"","fileTypesAndContributionMap":{"java":{"insertions":19,"deletions":18}}},{"hash":"e0fe410b34e1216877cac740eac06a149f379baf","isMergeCommit":false,"messageTitle":"Refactor printing and formatting of response into Utils","messageBody":"","fileTypesAndContributionMap":{"java":{"insertions":20,"deletions":14}}},{"hash":"9fed214b824e8d16991d50dc161bdbc091e7136d","isMergeCommit":false,"messageTitle":"Add Task class","messageBody":"","fileTypesAndContributionMap":{"java":{"insertions":22,"deletions":0}}},{"hash":"b54527d1c90446949659029d60e0a4887886bf65","isMergeCommit":false,"messageTitle":"Refactor task from String to new Task class","messageBody":"","fileTypesAndContributionMap":{"java":{"insertions":3,"deletions":3}}},{"hash":"e9c890095304f4a594b435ddc719761e9b4263b8","isMergeCommit":false,"messageTitle":"Add support for marking a task as done","messageBody":"","fileTypesAndContributionMap":{"java":{"insertions":32,"deletions":22}}},{"hash":"7cca725629be93da4c2fb67ed6b71c92f2cebee5","isMergeCommit":false,"messageTitle":"Implement unmarking task as done functionality","messageBody":"","tags":["Level-3","A-Classes"],"fileTypesAndContributionMap":{"java":{"insertions":16,"deletions":3}}},{"hash":"eec1cc144ddb35b56731b1bdcd91a84e3c0ec0ef","isMergeCommit":false,"messageTitle":"Add Deadline and Event as subclass of Task","messageBody":"","fileTypesAndContributionMap":{"java":{"insertions":24,"deletions":0}}},{"hash":"0291e9824b71fc88d1c6a40722f4e85ea1eea78b","isMergeCommit":false,"messageTitle":"Event class: add from and to in toString function","messageBody":"","fileTypesAndContributionMap":{"java":{"insertions":4,"deletions":0}}},{"hash":"552300d05e14d732fe52824d5073485fc5226093","isMergeCommit":false,"messageTitle":"Add task type in toString of Deadline and Event","messageBody":"","fileTypesAndContributionMap":{"java":{"insertions":2,"deletions":2}}},{"hash":"88224a420ec17c332004980ca361e526814fe08e","isMergeCommit":false,"messageTitle":"Add ToDo as subclass of Task","messageBody":"","fileTypesAndContributionMap":{"java":{"insertions":10,"deletions":0}}}]},{"date":"2025-08-18T00:00:00","commitResults":[{"hash":"f072ec8ad6a7caed90dd3e2bc443598ef290f5fa","isMergeCommit":false,"messageTitle":"Add `todo` command support","messageBody":"","fileTypesAndContributionMap":{"java":{"insertions":18,"deletions":3}}},{"hash":"112ae52fc2487d22cec901a8c1ed3337ab96e033","isMergeCommit":false,"messageTitle":"Add `deadline` command support","messageBody":"","fileTypesAndContributionMap":{"java":{"insertions":31,"deletions":0}}},{"hash":"025de37ade8afd8c2f506bdf8c929376fd766413","isMergeCommit":false,"messageTitle":"Add `event` command support","messageBody":"","fileTypesAndContributionMap":{"java":{"insertions":11,"deletions":9}}},{"hash":"f00bb2a5f4a937b6d33066446bad8cd4b6dab79f","isMergeCommit":false,"messageTitle":"Fix `deadline` command parser","messageBody":"","fileTypesAndContributionMap":{"java":{"insertions":2,"deletions":2}}},{"hash":"80d12ff02d4565c8ed0626be9aa2c335666595cf","isMergeCommit":false,"messageTitle":"Standardise regex whitespace handling in command parser","messageBody":"","tags":["Level-4","A-Inheritance"],"fileTypesAndContributionMap":{"java":{"insertions":4,"deletions":4}}},{"hash":"f3e46e26bf2f8ab791fa676fb72e0eea354b16c4","isMergeCommit":false,"messageTitle":"Add current task count in list command","messageBody":"","fileTypesAndContributionMap":{"java":{"insertions":2,"deletions":2}}},{"hash":"a12b5784b0abd9d010b72446b8e5a3a4be5acf7d","isMergeCommit":false,"messageTitle":"Make Rumi\u0027s responses cuter","messageBody":"","fileTypesAndContributionMap":{"java":{"insertions":28,"deletions":16}}},{"hash":"ccc83bcacb2fcecb40d2ec72e173000a7dac842d","isMergeCommit":false,"messageTitle":"Add AI.md with ChatGPT usages","messageBody":"","fileTypesAndContributionMap":{"md":{"insertions":4,"deletions":0}}},{"hash":"ef93bd2995723422806da56920ffac317251870d","isMergeCommit":false,"messageTitle":"Declare logo in Rumi.java as string literal","messageBody":"","fileTypesAndContributionMap":{"txt":{"insertions":0,"deletions":30},"java":{"insertions":31,"deletions":28}}},{"hash":"c12778ce7426850c51450e2d60adc5abde3ab716","isMergeCommit":false,"messageTitle":"Setup runtest.sh","messageBody":"","fileTypesAndContributionMap":{"sh":{"insertions":1,"deletions":1}}},{"hash":"25ae76ffb98ae0da5e122430a8484495bacb694d","isMergeCommit":false,"messageTitle":"Remove extra space in goodbye message","messageBody":"","fileTypesAndContributionMap":{"txt":{"insertions":1,"deletions":0},"java":{"insertions":1,"deletions":1},"bat":{"insertions":0,"deletions":21},"sh":{"insertions":3,"deletions":7}}},{"hash":"a3cad0a6847567402d35a4f233ba6b4e81a4ac5c","isMergeCommit":false,"messageTitle":"Remove extra newline in printIndent function","messageBody":"","fileTypesAndContributionMap":{"java":{"insertions":5,"deletions":2}}},{"hash":"3e7c9b07ae70fee7a8df7affcb54ca7e57b4cafe","isMergeCommit":false,"messageTitle":"Add simple text ui test","messageBody":"","fileTypesAndContributionMap":{"sh":{"insertions":2,"deletions":2}}}]},{"date":"2025-08-19T00:00:00","commitResults":[{"hash":"d15f0f24b8cdf4852c6c1aa19f3143cf3c1f4da9","isMergeCommit":false,"messageTitle":"Fix spacing and plural form of words in Rumi\u0027s response","messageBody":"","fileTypesAndContributionMap":{"txt":{"insertions":122,"deletions":0},"java":{"insertions":7,"deletions":7}}},{"hash":"8eff025c78b65c328d7193bf0fb56e9cf00931e8","isMergeCommit":false,"messageTitle":"Update tui test script to use small \u0027.txt\u0027","messageBody":"","fileTypesAndContributionMap":{"sh":{"insertions":5,"deletions":5}}},{"hash":"b196aabb4d376fe8fcf712e42d4843e3d872f80b","isMergeCommit":false,"messageTitle":"Add more tests for all other commands","messageBody":"","tags":["A-TextUiTesting"],"fileTypesAndContributionMap":{"txt":{"insertions":15,"deletions":0}}},{"hash":"f0fda1fe9be01b5f4f9912f0400ef71e157391b9","isMergeCommit":false,"messageTitle":"Add simple exception classes","messageBody":"","tags":["Level-5"],"fileTypesAndContributionMap":{"java":{"insertions":20,"deletions":0}}},{"hash":"595d87a7a2429d245429abe07be12548e80ef864","isMergeCommit":false,"messageTitle":"Add delete command stub","messageBody":"","fileTypesAndContributionMap":{"java":{"insertions":13,"deletions":0}}},{"hash":"72487f80792f24c92db1175b24a154f93272073c","isMergeCommit":false,"messageTitle":"Task class: override equals and hashCode methods","messageBody":"","fileTypesAndContributionMap":{"java":{"insertions":16,"deletions":0}}},{"hash":"45a42e1289928a8096ba44f53a5163a458146b88","isMergeCommit":false,"messageTitle":"Refactor task storage from fixed array to ArrayList","messageBody":"","tags":["Level-6","A-Collections"],"fileTypesAndContributionMap":{"java":{"insertions":27,"deletions":27}}}]},{"date":"2025-08-27T00:00:00","commitResults":[{"hash":"d428483723f82596ddb7fd1c8765b079aaafee5b","isMergeCommit":false,"messageTitle":"ToDo class: implement fromString function","messageBody":"","fileTypesAndContributionMap":{"java":{"insertions":15,"deletions":0}}},{"hash":"c18030e6505abfdafaea5ba05ab38e3b11a65a9f","isMergeCommit":false,"messageTitle":"Create Storage class with stubbed functions","messageBody":"","fileTypesAndContributionMap":{"java":{"insertions":18,"deletions":0}}},{"hash":"5aa73b9f459cc6dce57084664b037c832adb5e33","isMergeCommit":false,"messageTitle":"Implement ToDoStringParseException","messageBody":"","fileTypesAndContributionMap":{"java":{"insertions":5,"deletions":0}}},{"hash":"8922baf535effdd2843e62c233bc5d13ac4510af","isMergeCommit":false,"messageTitle":"Event class: implement fromString with exceptions","messageBody":"","fileTypesAndContributionMap":{"java":{"insertions":26,"deletions":2}}},{"hash":"89b32e149c2d3c745967a91068b3ba274dd369d0","isMergeCommit":false,"messageTitle":"Implement fromString for Deadline with exceptions","messageBody":"","fileTypesAndContributionMap":{"java":{"insertions":21,"deletions":0}}},{"hash":"f9a9d7a993414bf6333cd0d30d60df224a6343c1","isMergeCommit":false,"messageTitle":"Task class: implement getTitle","messageBody":"","fileTypesAndContributionMap":{"java":{"insertions":4,"deletions":0}}},{"hash":"562d638f3a6070d3f904c3cd18bbb41d50bcf8cb","isMergeCommit":false,"messageTitle":"Event class: implement toSerialisedString","messageBody":"","fileTypesAndContributionMap":{"java":{"insertions":5,"deletions":0}}},{"hash":"359909bb1e0a8a10012b97dd973c5ac1065fb313","isMergeCommit":false,"messageTitle":"ToDo class: implement toSerialisedString","messageBody":"","fileTypesAndContributionMap":{"java":{"insertions":4,"deletions":0}}},{"hash":"29c452fbe4a2b875853ad31ceb5b39069f079ac3","isMergeCommit":false,"messageTitle":"Deadline class: implement toSerialisedString","messageBody":"","fileTypesAndContributionMap":{"java":{"insertions":6,"deletions":2}}},{"hash":"d2ccab4f5e24c3d75be0a2dc89838b0362c38717","isMergeCommit":false,"messageTitle":"Storage class: implement loadTasks","messageBody":"","fileTypesAndContributionMap":{"java":{"insertions":26,"deletions":1}}},{"hash":"9508a581f8d1b1d690456f9121fd08e11cd7f3e8","isMergeCommit":false,"messageTitle":"Storage class: implement saveTasks","messageBody":"","fileTypesAndContributionMap":{"java":{"insertions":16,"deletions":1}}},{"hash":"66fd258537ee1a51b6d33c4c9a5a450508a0df2f","isMergeCommit":false,"messageTitle":"Fix toSerialisedString and fromString missing status","messageBody":"","fileTypesAndContributionMap":{"java":{"insertions":19,"deletions":12}}},{"hash":"cccf4a2a7e0c4182bf55a422d1329d21f9aaec79","isMergeCommit":false,"messageTitle":"Add load and save tasks method","messageBody":"","fileTypesAndContributionMap":{"java":{"insertions":12,"deletions":1}}},{"hash":"360a4642cb9389006fcabf1d8692b02fb096e1fe","isMergeCommit":false,"messageTitle":"Fix order of task data in all toSerialisedString","messageBody":"","fileTypesAndContributionMap":{"java":{"insertions":3,"deletions":3}}},{"hash":"b4a99e5e19d3e6a73888de49224f0f809e6f12b6","isMergeCommit":false,"messageTitle":"Fix fromString bug ignoring the status of a task","messageBody":"","tags":["Level-7"],"fileTypesAndContributionMap":{"java":{"insertions":31,"deletions":6}}}]},{"date":"2025-08-28T00:00:00","commitResults":[{"hash":"2efb0d6f1400723c913073641fb0a83de9d7b8be","isMergeCommit":false,"messageTitle":"Add RumiDate class supporting String and LocalDateTime","messageBody":"","fileTypesAndContributionMap":{"java":{"insertions":65,"deletions":0}}}]},{"date":"2025-08-29T00:00:00","commitResults":[{"hash":"488df3df9e54451385347a142e5257f7cb045728","isMergeCommit":false,"messageTitle":"Implement RumiDate class for flexible date parsing","messageBody":"","tags":["Level-8"],"fileTypesAndContributionMap":{"java":{"insertions":32,"deletions":23}}},{"hash":"42d6f9e501ea005ea5283cc84c759e933e7fbdb0","isMergeCommit":false,"messageTitle":"Fix output of Date object","messageBody":"","fileTypesAndContributionMap":{"java":{"insertions":5,"deletions":1}}},{"hash":"e9eaae9c870ec3fb39cd10259dcc099c7901d478","isMergeCommit":false,"messageTitle":"Implement TaskList","messageBody":"","fileTypesAndContributionMap":{"java":{"insertions":72,"deletions":76}}},{"hash":"7b476de2cb8ebf300d95e8bad4d598d54d312860","isMergeCommit":false,"messageTitle":"Improve general code quality","messageBody":"","fileTypesAndContributionMap":{"java":{"insertions":6,"deletions":5}}},{"hash":"33055d0666922d1f502454167a4e135065bd718f","isMergeCommit":false,"messageTitle":"Shorten long lines","messageBody":"","fileTypesAndContributionMap":{"java":{"insertions":13,"deletions":7}}},{"hash":"f32d188037c1b8198bc14d9d72cadc5924c4c153","isMergeCommit":false,"messageTitle":"Implement Ui class","messageBody":"","fileTypesAndContributionMap":{"java":{"insertions":58,"deletions":25}}},{"hash":"ce7114a9559daa674bc580b7fe7a94dcb90feeb9","isMergeCommit":false,"messageTitle":"Fix RumiDate bug when hour not specified","messageBody":"","fileTypesAndContributionMap":{"java":{"insertions":3,"deletions":3}}},{"hash":"03f9f2ee041cf5963b33457e1e90697ddd8d17b1","isMergeCommit":false,"messageTitle":"Refactor Rumi methods to TaskList and Ui class","messageBody":"","fileTypesAndContributionMap":{"java":{"insertions":45,"deletions":38}}},{"hash":"6c41434dc89fcf0f187013fe9dc6fc928e1356d8","isMergeCommit":false,"messageTitle":"Update AI.md with datetime format use","messageBody":"","fileTypesAndContributionMap":{"md":{"insertions":2,"deletions":1}}},{"hash":"4b4c18637031802abd941e83e40597c48bb307ec","isMergeCommit":false,"messageTitle":"Add Javadoc comments","messageBody":"","fileTypesAndContributionMap":{"java":{"insertions":62,"deletions":23}}},{"hash":"5b8f7078cc3a4d195fdffa710f18ba64215a1975","isMergeCommit":false,"messageTitle":"Implement Command and its basic child classes","messageBody":"","fileTypesAndContributionMap":{"java":{"insertions":24,"deletions":0}}},{"hash":"b29ef85e5719d58baed44ee63a4b714f396c505c","isMergeCommit":false,"messageTitle":"Implement MarkCommand and UnmarkCommand","messageBody":"","fileTypesAndContributionMap":{"java":{"insertions":34,"deletions":0}}},{"hash":"1284cd489a0a2d4f6fb50ae9c41884d431029e6c","isMergeCommit":false,"messageTitle":"Implement DeleteCommand","messageBody":"","fileTypesAndContributionMap":{"java":{"insertions":17,"deletions":0}}},{"hash":"b6dc391555664aac9f8add7d7fd12a9c741336d3","isMergeCommit":false,"messageTitle":"Implement Todo-, Deadline-, and EventCommand","messageBody":"","fileTypesAndContributionMap":{"java":{"insertions":57,"deletions":0}}}]},{"date":"2025-09-05T00:00:00","commitResults":[{"hash":"1a4d91b52bb108363bba381c9e16a37ae35734f4","isMergeCommit":false,"messageTitle":"Refactor command parsing into Parser and command logic into command classes","messageBody":"","tags":["A-MoreOOP"],"fileTypesAndContributionMap":{"java":{"insertions":274,"deletions":143}}},{"hash":"92feb2f12d39d8a0b4a6de426f7f143a881518b9","isMergeCommit":false,"messageTitle":"Remove unused exceptions","messageBody":"","fileTypesAndContributionMap":{"java":{"insertions":4,"deletions":18}}},{"hash":"5155ed5873256b29fe2cce77aa2fbc16750317a5","isMergeCommit":false,"messageTitle":"Divide classes into packages","messageBody":"","tags":["A-Packages"],"fileTypesAndContributionMap":{"java":{"insertions":46,"deletions":2}}},{"hash":"345416d3759f4e07f661c4156d6ad78b3e114583","isMergeCommit":true,"messageTitle":"Merge remote-tracking branch \u0027origin/add-gradle-support\u0027","messageBody":"","tags":["A-Gradle"],"fileTypesAndContributionMap":{}},{"hash":"1e00e1f8e1865c1d0ea11c21e15a71d12bb8d44f","isMergeCommit":false,"messageTitle":"Add unit test for Parser","messageBody":"","tags":["A-JUnit"],"fileTypesAndContributionMap":{"gradle":{"insertions":2,"deletions":2},"java":{"insertions":77,"deletions":4}}},{"hash":"e322404995abe3510a937f84ff30767e2ef6897f","isMergeCommit":false,"messageTitle":"Update build.gradle with correct jar name","messageBody":"","tags":["A-JavaDoc","A-Jar"],"fileTypesAndContributionMap":{"gradle":{"insertions":1,"deletions":1}}}]},{"date":"2025-09-06T00:00:00","commitResults":[{"hash":"9547f568bd09a1846042faba52a539d0be205062","isMergeCommit":false,"messageTitle":"Improve code formatting","messageBody":"","fileTypesAndContributionMap":{"java":{"insertions":35,"deletions":28},"md":{"insertions":1,"deletions":0}}},{"hash":"9b583a832b1292f3ab0aa45fbac96a669ed626a5","isMergeCommit":false,"messageTitle":"Implement find command","messageBody":"","fileTypesAndContributionMap":{"java":{"insertions":54,"deletions":1}}},{"hash":"7c9e273a76efa45e5cab1a58a6368ecdf352bebb","isMergeCommit":false,"messageTitle":"Add find command in parser","messageBody":"","fileTypesAndContributionMap":{"java":{"insertions":13,"deletions":2}}},{"hash":"aba23474ce217fab57f697f1daf60cfdc3971959","isMergeCommit":true,"messageTitle":"Merge branch \u0027branch-Level-9\u0027","messageBody":"","fileTypesAndContributionMap":{}},{"hash":"70cf25f9f0a3cca17dace6465ae62ea6f10c635c","isMergeCommit":false,"messageTitle":"Add and improve JavaDoc","messageBody":"","tags":["Level-9","A-Varargs","A-Checkstyle"],"fileTypesAndContributionMap":{"java":{"insertions":50,"deletions":49}}},{"hash":"ab1f9620f657bca55b26d29669108ae4054fc5e6","isMergeCommit":false,"messageTitle":"Add command and storage into packages","messageBody":"","fileTypesAndContributionMap":{"java":{"insertions":61,"deletions":23}}},{"hash":"2381ae6950681e97276c59da3c20cbafded20ece","isMergeCommit":false,"messageTitle":"Add task and its subtype into a package","messageBody":"","fileTypesAndContributionMap":{"java":{"insertions":43,"deletions":29}}},{"hash":"ca6c11626d4d193b0ba2b427d7e05739682ef4f4","isMergeCommit":false,"messageTitle":"Move parser, date, and exceptions into relevant packages","messageBody":"","fileTypesAndContributionMap":{"java":{"insertions":14,"deletions":15}}},{"hash":"5162856f8317c1db538c436454bdb6db2e55b2d3","isMergeCommit":false,"messageTitle":"Add JavaFX launcher","messageBody":"","fileTypesAndContributionMap":{"gradle":{"insertions":7,"deletions":1}}},{"hash":"3735cd79614b2a399d1a9d081e48164b6b549e19","isMergeCommit":false,"messageTitle":"Implement rudimentary GUI support for Rumi","messageBody":"","fileTypesAndContributionMap":{"java":{"insertions":248,"deletions":27}}},{"hash":"6daff131e86c53961613939114e6d7a35422f7ac","isMergeCommit":false,"messageTitle":"Separate view and controller","messageBody":"","tags":["A-CodingStandard"],"fileTypesAndContributionMap":{"fxml":{"insertions":66,"deletions":0},"java":{"insertions":124,"deletions":139}}}]},{"date":"2025-09-12T00:00:00","commitResults":[{"hash":"b7c44f170c625c5cdca8daac7e04aded43bb3de4","isMergeCommit":false,"messageTitle":"Add assertions to command and task classes","messageBody":"","tags":["A-Assertions"],"fileTypesAndContributionMap":{"java":{"insertions":16,"deletions":1}}},{"hash":"37b027e659fa8e228911dccb5b67d5ebb18fdc1e","isMergeCommit":false,"messageTitle":"Ui class: add JavaDoc comments","messageBody":"","tags":["A-Streams"],"fileTypesAndContributionMap":{"java":{"insertions":42,"deletions":0}}},{"hash":"313d71a66fd87e9dd14986411091b42c5cc6db8a","isMergeCommit":true,"messageTitle":"Merge pull request #1 from iZUMi-kyouka/branch-A-Assertions","messageBody":"Add assertions to core components including UI, Rumi, and the various Task subclasses.","fileTypesAndContributionMap":{}},{"hash":"06a70366f127498cc9b22eec07a640537e0a51ca","isMergeCommit":false,"messageTitle":"Flatten main code logic in various task subclasses","messageBody":"","fileTypesAndContributionMap":{"java":{"insertions":19,"deletions":18}}},{"hash":"57f5c41bb96c041ab3ec29e823ef8ba73cd070ed","isMergeCommit":false,"messageTitle":"Use a constant string for unknown command response","messageBody":"","fileTypesAndContributionMap":{"java":{"insertions":8,"deletions":12}}},{"hash":"a8b86df2037911a51bd00f110f050d1b784daf33","isMergeCommit":false,"messageTitle":"Handle offsetting of task number by 1 in TaskList","messageBody":"","fileTypesAndContributionMap":{"java":{"insertions":9,"deletions":2}}},{"hash":"994e7045b9d04ff6c0d1601ca360773252b16d65","isMergeCommit":false,"messageTitle":"Use printResponsef abstraction to show all command responses","messageBody":"String.format is used to format all the responses in the various\ncommands.\n\nHandling the formatting in as a printResponsef method will reduce code\nduplication and make code for printing formatted responses clearer.\n\nLet\u0027s extract the call to String.format in the printResponsef method to\nminimise code duplication.\n","fileTypesAndContributionMap":{"java":{"insertions":19,"deletions":19}}},{"hash":"c95a76f76b8e82fc2f8085bef228d6d69fa481b0","isMergeCommit":false,"messageTitle":"Use more constants","messageBody":"","fileTypesAndContributionMap":{"java":{"insertions":8,"deletions":5}}},{"hash":"27eac088ff1339435210dde6be861c71c5afeeed","isMergeCommit":false,"messageTitle":"Use constants for parser regex and pattern","messageBody":"","fileTypesAndContributionMap":{"java":{"insertions":46,"deletions":18}}},{"hash":"be2c34cfcb226699f0d8eb7ca6795a75d112682e","isMergeCommit":false,"messageTitle":"Add more assertions to commands","messageBody":"","fileTypesAndContributionMap":{"java":{"insertions":74,"deletions":33}}},{"hash":"98b4baac2e0f9fca5d8e04e10c2c8cfc7da9516c","isMergeCommit":true,"messageTitle":"Merge pull request #2 from iZUMi-kyouka/branch-A-CodeQuality","messageBody":"Improve general code quality","fileTypesAndContributionMap":{}},{"hash":"dc5265b1229e1a6a56d6797f19e2375c754b3de7","isMergeCommit":false,"messageTitle":"Handle duplicate tasks by warning user","messageBody":"","fileTypesAndContributionMap":{"java":{"insertions":69,"deletions":7}}},{"hash":"d457125b3c532d0c645eef5cdd107c20906e303b","isMergeCommit":false,"messageTitle":"Fix list of duplicates to exclude the just-added task","messageBody":"","tags":["C-DetectDuplicates"],"fileTypesAndContributionMap":{"java":{"insertions":32,"deletions":11}}},{"hash":"fe7e83ab87a12117527b16b1257985ed97d57d1d","isMergeCommit":true,"messageTitle":"Merge pull request #3 from iZUMi-kyouka/branch-C-DetectDuplicates","messageBody":"Add duplicate task detection","tags":["BCD-Extension","A-Personality","A-CodeQuality","A-AiAssisted"],"fileTypesAndContributionMap":{}}]},{"date":"2025-09-19T00:00:00","commitResults":[{"hash":"816c574eca9d0b2123b3015ac9bb621ec8a9554f","isMergeCommit":false,"messageTitle":"Add \u0027Rumi\u0027 to stage title","messageBody":"","fileTypesAndContributionMap":{"java":{"insertions":2,"deletions":0}}},{"hash":"46792dcc12871db2933a0524ce3c77f04650e874","isMergeCommit":false,"messageTitle":"Add user guide and screenshot","messageBody":"","tags":["A-UserGuide"],"fileTypesAndContributionMap":{"md":{"insertions":134,"deletions":12}}},{"hash":"b3414394ab315ad45f46e23a86fd9d6f8430c0c6","isMergeCommit":false,"messageTitle":"Remove unused comments in README.md","messageBody":"","fileTypesAndContributionMap":{"md":{"insertions":0,"deletions":3}}},{"hash":"598addab11ceebfd647e9ff2a3c0778077eb02f5","isMergeCommit":false,"messageTitle":"Update root README.md","messageBody":"","fileTypesAndContributionMap":{"md":{"insertions":149,"deletions":27}}},{"hash":"0a7ac684b4a2d7f0eb1370a46633b876b8b2f76f","isMergeCommit":false,"messageTitle":"Fix picture not showing in README.md","messageBody":"","fileTypesAndContributionMap":{"md":{"insertions":1,"deletions":1}}},{"hash":"62c0403c9a10a210324d74abf65bee709b909c6b","isMergeCommit":false,"messageTitle":"Fix README.md formatting","messageBody":"","fileTypesAndContributionMap":{"md":{"insertions":20,"deletions":2}}},{"hash":"23a59e39df76d959d874f68e52962b5f4c309496","isMergeCommit":false,"messageTitle":"Enhance GUI to adapt to resizing of window size","messageBody":"","fileTypesAndContributionMap":{"fxml":{"insertions":5,"deletions":29},"java":{"insertions":5,"deletions":0}}},{"hash":"efdc0bd3eb0cdd96164ab58277f7a4d0a3a971aa","isMergeCommit":false,"messageTitle":"Enhance GUI colors and shapes of UI components","messageBody":"","fileTypesAndContributionMap":{"fxml":{"insertions":14,"deletions":17},"java":{"insertions":5,"deletions":3}}},{"hash":"7c7aef0e723ecb896d834e2ca75915f1d7e3e972","isMergeCommit":false,"messageTitle":"Enhance dialog box color and shape","messageBody":"","tags":["A-BetterGui"],"fileTypesAndContributionMap":{"fxml":{"insertions":18,"deletions":6}}},{"hash":"c72233e0f80dbf7eb82b62eb916ed18e80d686b2","isMergeCommit":false,"messageTitle":"Customise GUI font to use Roboto","messageBody":"","fileTypesAndContributionMap":{"fxml":{"insertions":2,"deletions":2},"java":{"insertions":4,"deletions":3}}},{"hash":"b21888dafc7a90a5835acc61e4213a11129c2131","isMergeCommit":false,"messageTitle":"Prevent message from being sent if empty","messageBody":"","fileTypesAndContributionMap":{"java":{"insertions":11,"deletions":5}}},{"hash":"5ea03ce688884d7f461a88fb6f2bfea286eea4c8","isMergeCommit":false,"messageTitle":"Enhance error handling by giving suggestions","messageBody":"","tags":["A-MoreErrorHandling"],"fileTypesAndContributionMap":{"fxml":{"insertions":2,"deletions":2},"java":{"insertions":118,"deletions":4},"md":{"insertions":5,"deletions":1}}}]},{"date":"2025-09-20T00:00:00","commitResults":[{"hash":"04051fa1f81dd45074d4e030f7ff4cef3f4d2426","isMergeCommit":false,"messageTitle":"Add more JavaDoc comments to GUI classes","messageBody":"","fileTypesAndContributionMap":{"java":{"insertions":15,"deletions":8}}},{"hash":"3b1cc1c706494e6964cc6a2d058d72a0f7a38491","isMergeCommit":false,"messageTitle":"Update datetime parser regex to exclude unreasonable separator","messageBody":"","fileTypesAndContributionMap":{"java":{"insertions":13,"deletions":12},"md":{"insertions":1,"deletions":0}}}]},{"date":"2025-09-21T00:00:00","commitResults":[{"hash":"a725182aad2f797d5686190736b53ceed6b61404","isMergeCommit":false,"messageTitle":"Enhance datetime parsing and error handling","messageBody":"","fileTypesAndContributionMap":{"java":{"insertions":127,"deletions":60}}},{"hash":"c0812cd66dec973321c12ecbd8dd30cf8ee5e948","isMergeCommit":false,"messageTitle":"Refactor task creation commands","messageBody":"","fileTypesAndContributionMap":{"java":{"insertions":84,"deletions":81}}},{"hash":"17b538477eada142746f515be538b48ef2bd2436","isMergeCommit":false,"messageTitle":"Improve flexibility of regex datetime parsing","messageBody":"","fileTypesAndContributionMap":{"java":{"insertions":3,"deletions":3}}},{"hash":"469cda656168dc51cdec931210cc1a68eb117b92","isMergeCommit":false,"messageTitle":"Implement task-tagging functionality","messageBody":"","fileTypesAndContributionMap":{"java":{"insertions":294,"deletions":64}}},{"hash":"28aec5c9be4e7a6be0a10e8abb3f10ee75b67e63","isMergeCommit":false,"messageTitle":"Refactor parsing of Task from serialised task subtypes","messageBody":"","fileTypesAndContributionMap":{"java":{"insertions":34,"deletions":12}}},{"hash":"01adf49afb77fc23ef3e0e53604099e1af34c7d1","isMergeCommit":false,"messageTitle":"Remove unused constructors in subclasses of Task","messageBody":"","fileTypesAndContributionMap":{"java":{"insertions":20,"deletions":28}}},{"hash":"2ddc37e85bb9f694b60a18b4e00ce60c18f92ce3","isMergeCommit":false,"messageTitle":"Implement TagList class","messageBody":"","fileTypesAndContributionMap":{"java":{"insertions":37,"deletions":2}}},{"hash":"59a9317b940cbc308b44a9c161867548e308862a","isMergeCommit":false,"messageTitle":"Refactor command suggestion handler to use Optional","messageBody":"","fileTypesAndContributionMap":{"java":{"insertions":13,"deletions":7}}},{"hash":"3cde1522da3a0042354dc708f85873fce1c6dfd8","isMergeCommit":false,"messageTitle":"Add more and enhance existing JavaDoc comments","messageBody":"","fileTypesAndContributionMap":{"java":{"insertions":63,"deletions":53}}},{"hash":"61d147391f8da1214f68f48af8125f4ed615e819","isMergeCommit":false,"messageTitle":"Refactor command suggestion messages as constants","messageBody":"","fileTypesAndContributionMap":{"java":{"insertions":76,"deletions":68}}},{"hash":"1360488c0cf7cc4f132d7b199879491bf416163b","isMergeCommit":false,"messageTitle":"Fix JavaDoc comments format to respect guideline","messageBody":"","fileTypesAndContributionMap":{"java":{"insertions":88,"deletions":24},"md":{"insertions":3,"deletions":1}}},{"hash":"5ca7f00150c96c98599efea8f014cd8fcf945178","isMergeCommit":false,"messageTitle":"Refactor JavaFX GUI classes into rumi.ui package","messageBody":"","fileTypesAndContributionMap":{"gradle":{"insertions":1,"deletions":1},"fxml":{"insertions":1,"deletions":1},"java":{"insertions":110,"deletions":57}}},{"hash":"1e2ea5645ea8b4becbd0cf9741cdd7fccfef8f3a","isMergeCommit":false,"messageTitle":"Fix GUI not closing after Rumi bot is terminated","messageBody":"","fileTypesAndContributionMap":{"java":{"insertions":42,"deletions":16}}},{"hash":"13077d1d26a5e00387a527d9e7aa2cc93354fcc6","isMergeCommit":false,"messageTitle":"Update AI.md with more usages of AI","messageBody":"","fileTypesAndContributionMap":{"md":{"insertions":1,"deletions":0}}},{"hash":"e0591c8109660433c49406b13797dca67c8ba446","isMergeCommit":false,"messageTitle":"Add more formatting to README.md","messageBody":"","fileTypesAndContributionMap":{"md":{"insertions":15,"deletions":2}}},{"hash":"14607b478bdaf09ee88d1a86961006d93eefa446","isMergeCommit":false,"messageTitle":"Synchronise README.md in /docs and in root","messageBody":"","fileTypesAndContributionMap":{"md":{"insertions":18,"deletions":3}}},{"hash":"17c3f8a163b149e6e22160264223fd7eae571ee1","isMergeCommit":false,"messageTitle":"Add guides on datetime input in README.md","messageBody":"","fileTypesAndContributionMap":{"md":{"insertions":36,"deletions":20}}}]},{"date":"2025-09-22T00:00:00","commitResults":[{"hash":"c27591969fee3573c0854281b3fe3b0445752779","isMergeCommit":false,"messageTitle":"Add error handling for datetime in the past","messageBody":"","fileTypesAndContributionMap":{"java":{"insertions":83,"deletions":21}}},{"hash":"602f9b5c376c1514327b8974d9d38088f223ae77","isMergeCommit":false,"messageTitle":"Implement equals for task subclasses for JUnit tests","messageBody":"","fileTypesAndContributionMap":{"java":{"insertions":77,"deletions":4}}},{"hash":"8611fd62b11e88d250498f1afcd370d76676ec9d","isMergeCommit":false,"messageTitle":"Add more JUnit tests for ToDo parsers","messageBody":"","fileTypesAndContributionMap":{"java":{"insertions":80,"deletions":15}}},{"hash":"4e8923b9fe273cdad4220723906f7270ab98c9c1","isMergeCommit":false,"messageTitle":"Add more JUnit test for Deadline parser","messageBody":"","fileTypesAndContributionMap":{"java":{"insertions":62,"deletions":8}}},{"hash":"ddfe5e9070ee5c02e710eb696f6679ebfa7b01e0","isMergeCommit":false,"messageTitle":"Fix loading of tasks to load status correctly","messageBody":"","fileTypesAndContributionMap":{"java":{"insertions":11,"deletions":3}}},{"hash":"958913b5a02a0df7e0898e2b88ffcc1d0726cfb8","isMergeCommit":false,"messageTitle":"Update README.md to include valid datetime format","messageBody":"","fileTypesAndContributionMap":{"java":{"insertions":4,"deletions":4},"md":{"insertions":148,"deletions":2}}},{"hash":"b719e45ce7b44e716db45a9d495509b156566272","isMergeCommit":false,"messageTitle":"Refactor type of list of tags into TagList from ArrayList\u003cTag\u003e","messageBody":"A list of tags is represented using an ArrayList\u003cTag\u003e, leaking its\nimplementation details.\n\nFurther, there are many operations on a list\nof tag that is better encapsulated as a behaviour of an individual\ninstance, such as to create a serialised string of a list of tags for\nstorage, and to implement a toString() method for it, rather than as a\nstatic method that accepts an ArrayList\u003cTag\u003e.\n\nCreating a separate TagList class that inherits from ArrayList\u003cTag\u003e,\njust like TaskList reduces code duplication, adheres better to the\nencapsulation of data and behaviour principle in OOP, and improves code\nreadability.\n\nLet\u0027s create such a TagList class and refactor the representation of a\nlist of tags into TagList to improve consistency with the rest of the\ncode.\n","tags":["A-FullCommitMessage2"],"fileTypesAndContributionMap":{"java":{"insertions":468,"deletions":211},"md":{"insertions":2,"deletions":1}}},{"hash":"52897886eebbe1efe006fa9e986a7e956a41d867","isMergeCommit":false,"messageTitle":"Remove unused imports and fix import order","messageBody":"","fileTypesAndContributionMap":{"java":{"insertions":12,"deletions":22}}},{"hash":"fb024194fde05f48c165c853811017ca0bd053d6","isMergeCommit":false,"messageTitle":"Update README.md with more details","messageBody":"","fileTypesAndContributionMap":{"md":{"insertions":44,"deletions":9}}},{"hash":"e832a24c659f1ed6d74664c0852494b7b12ffe78","isMergeCommit":false,"messageTitle":"Fix minor switch statement code formatting issues","messageBody":"","tags":["v1.0"],"fileTypesAndContributionMap":{"java":{"insertions":15,"deletions":15}}},{"hash":"8c3752640cd0683ab3c9e97bcccb3b28a2b59fc1","isMergeCommit":false,"messageTitle":"Add Windows and Mac dependencies in build.gradle","messageBody":"","tags":["A-Release"],"fileTypesAndContributionMap":{"gradle":{"insertions":14,"deletions":0}}}]}]},"authorFileTypeContributionMap":{"iZUMi-kyouka":{"java":2728,"md":518,"fxml":51,"sh":6,"bat":0,"gradle":22,"txt":138}},"authorContributionVariance":{"iZUMi-kyouka":125650.2},"authorDisplayNameMap":{"iZUMi-kyouka":"CS2103T-F09-3 FLOR..NELY"}}
