{"authorDailyContributionsMap":{"iZUMi-kyouka":[{"date":"2025-08-17T00:00:00","commitResults":[{"hash":"4306bdee0ac28f5caa9f7a921b687dbdccb6df35","isMergeCommit":false,"messageTitle":"Rename chatbot from \u0027Duke\u0027 to \u0027Rumi\u0027","messageBody":"","fileTypesAndContributionMap":{"java":{"insertions":1,"deletions":1}}},{"hash":"d98cef281455fb2459e248b7b888c480b411cbcc","isMergeCommit":false,"messageTitle":"Add logo and greetings","messageBody":"","tags":["Level-0"],"fileTypesAndContributionMap":{"txt":{"insertions":30,"deletions":0},"java":{"insertions":38,"deletions":6}}},{"hash":"0a1a138b7253e0c1e543bd92d2a0c9f327f881ca","isMergeCommit":false,"messageTitle":"Refactor logo initialisation and greetings into methods","messageBody":"","fileTypesAndContributionMap":{"java":{"insertions":33,"deletions":24}}},{"hash":"37d89db3f2ef2cf53e59ff5fa4e7db2bba46ef2f","isMergeCommit":false,"messageTitle":"Improve the prompt for user to type in input","messageBody":"","fileTypesAndContributionMap":{"java":{"insertions":1,"deletions":1}}},{"hash":"4e03682f78b8fb4ecd97b2f7f814514a3e75ec08","isMergeCommit":false,"messageTitle":"Implement the echo loop","messageBody":"","tags":["Level-1"],"fileTypesAndContributionMap":{"java":{"insertions":18,"deletions":2}}},{"hash":"f9d10a967cc44f33c38de551fd7e21a2b6596689","isMergeCommit":false,"messageTitle":"Add printIndent utility function","messageBody":"","fileTypesAndContributionMap":{"java":{"insertions":17,"deletions":3}}},{"hash":"1536becc1be5bd4856d777071e9e5e815a9a69eb","isMergeCommit":false,"messageTitle":"Implement adding and listing of texts","messageBody":"","tags":["Level-2"],"fileTypesAndContributionMap":{"java":{"insertions":30,"deletions":3}}},{"hash":"735e3257e7c7b0cfd9cd4c3446f0a8fbe1f86742","isMergeCommit":false,"messageTitle":"Refactor printIndent utilities into Utils class","messageBody":"","fileTypesAndContributionMap":{"java":{"insertions":19,"deletions":18}}},{"hash":"e0fe410b34e1216877cac740eac06a149f379baf","isMergeCommit":false,"messageTitle":"Refactor printing and formatting of response into Utils","messageBody":"","fileTypesAndContributionMap":{"java":{"insertions":20,"deletions":14}}},{"hash":"9fed214b824e8d16991d50dc161bdbc091e7136d","isMergeCommit":false,"messageTitle":"Add Task class","messageBody":"","fileTypesAndContributionMap":{"java":{"insertions":22,"deletions":0}}},{"hash":"b54527d1c90446949659029d60e0a4887886bf65","isMergeCommit":false,"messageTitle":"Refactor task from String to new Task class","messageBody":"","fileTypesAndContributionMap":{"java":{"insertions":3,"deletions":3}}},{"hash":"e9c890095304f4a594b435ddc719761e9b4263b8","isMergeCommit":false,"messageTitle":"Add support for marking a task as done","messageBody":"","fileTypesAndContributionMap":{"java":{"insertions":32,"deletions":22}}},{"hash":"7cca725629be93da4c2fb67ed6b71c92f2cebee5","isMergeCommit":false,"messageTitle":"Implement unmarking task as done functionality","messageBody":"","tags":["Level-3","A-Classes"],"fileTypesAndContributionMap":{"java":{"insertions":16,"deletions":3}}},{"hash":"eec1cc144ddb35b56731b1bdcd91a84e3c0ec0ef","isMergeCommit":false,"messageTitle":"Add Deadline and Event as subclass of Task","messageBody":"","fileTypesAndContributionMap":{"java":{"insertions":24,"deletions":0}}},{"hash":"0291e9824b71fc88d1c6a40722f4e85ea1eea78b","isMergeCommit":false,"messageTitle":"Event class: add from and to in toString function","messageBody":"","fileTypesAndContributionMap":{"java":{"insertions":4,"deletions":0}}},{"hash":"552300d05e14d732fe52824d5073485fc5226093","isMergeCommit":false,"messageTitle":"Add task type in toString of Deadline and Event","messageBody":"","fileTypesAndContributionMap":{"java":{"insertions":2,"deletions":2}}},{"hash":"88224a420ec17c332004980ca361e526814fe08e","isMergeCommit":false,"messageTitle":"Add ToDo as subclass of Task","messageBody":"","fileTypesAndContributionMap":{"java":{"insertions":10,"deletions":0}}}]},{"date":"2025-08-18T00:00:00","commitResults":[{"hash":"f072ec8ad6a7caed90dd3e2bc443598ef290f5fa","isMergeCommit":false,"messageTitle":"Add `todo` command support","messageBody":"","fileTypesAndContributionMap":{"java":{"insertions":18,"deletions":3}}},{"hash":"112ae52fc2487d22cec901a8c1ed3337ab96e033","isMergeCommit":false,"messageTitle":"Add `deadline` command support","messageBody":"","fileTypesAndContributionMap":{"java":{"insertions":31,"deletions":0}}},{"hash":"025de37ade8afd8c2f506bdf8c929376fd766413","isMergeCommit":false,"messageTitle":"Add `event` command support","messageBody":"","fileTypesAndContributionMap":{"java":{"insertions":11,"deletions":9}}},{"hash":"f00bb2a5f4a937b6d33066446bad8cd4b6dab79f","isMergeCommit":false,"messageTitle":"Fix `deadline` command parser","messageBody":"","fileTypesAndContributionMap":{"java":{"insertions":2,"deletions":2}}},{"hash":"80d12ff02d4565c8ed0626be9aa2c335666595cf","isMergeCommit":false,"messageTitle":"Standardise regex whitespace handling in command parser","messageBody":"","tags":["Level-4","A-Inheritance"],"fileTypesAndContributionMap":{"java":{"insertions":4,"deletions":4}}},{"hash":"f3e46e26bf2f8ab791fa676fb72e0eea354b16c4","isMergeCommit":false,"messageTitle":"Add current task count in list command","messageBody":"","fileTypesAndContributionMap":{"java":{"insertions":2,"deletions":2}}},{"hash":"a12b5784b0abd9d010b72446b8e5a3a4be5acf7d","isMergeCommit":false,"messageTitle":"Make Rumi\u0027s responses cuter","messageBody":"","fileTypesAndContributionMap":{"java":{"insertions":28,"deletions":16}}},{"hash":"ccc83bcacb2fcecb40d2ec72e173000a7dac842d","isMergeCommit":false,"messageTitle":"Add AI.md with ChatGPT usages","messageBody":"","fileTypesAndContributionMap":{"md":{"insertions":4,"deletions":0}}},{"hash":"ef93bd2995723422806da56920ffac317251870d","isMergeCommit":false,"messageTitle":"Declare logo in Rumi.java as string literal","messageBody":"","fileTypesAndContributionMap":{"txt":{"insertions":0,"deletions":30},"java":{"insertions":31,"deletions":28}}},{"hash":"c12778ce7426850c51450e2d60adc5abde3ab716","isMergeCommit":false,"messageTitle":"Setup runtest.sh","messageBody":"","fileTypesAndContributionMap":{"sh":{"insertions":1,"deletions":1}}},{"hash":"25ae76ffb98ae0da5e122430a8484495bacb694d","isMergeCommit":false,"messageTitle":"Remove extra space in goodbye message","messageBody":"","fileTypesAndContributionMap":{"txt":{"insertions":1,"deletions":0},"java":{"insertions":1,"deletions":1},"bat":{"insertions":0,"deletions":21},"sh":{"insertions":3,"deletions":7}}},{"hash":"a3cad0a6847567402d35a4f233ba6b4e81a4ac5c","isMergeCommit":false,"messageTitle":"Remove extra newline in printIndent function","messageBody":"","fileTypesAndContributionMap":{"java":{"insertions":5,"deletions":2}}},{"hash":"3e7c9b07ae70fee7a8df7affcb54ca7e57b4cafe","isMergeCommit":false,"messageTitle":"Add simple text ui test","messageBody":"","fileTypesAndContributionMap":{"sh":{"insertions":2,"deletions":2}}}]},{"date":"2025-08-19T00:00:00","commitResults":[{"hash":"d15f0f24b8cdf4852c6c1aa19f3143cf3c1f4da9","isMergeCommit":false,"messageTitle":"Fix spacing and plural form of words in Rumi\u0027s response","messageBody":"","fileTypesAndContributionMap":{"txt":{"insertions":122,"deletions":0},"java":{"insertions":7,"deletions":7}}},{"hash":"8eff025c78b65c328d7193bf0fb56e9cf00931e8","isMergeCommit":false,"messageTitle":"Update tui test script to use small \u0027.txt\u0027","messageBody":"","fileTypesAndContributionMap":{"sh":{"insertions":5,"deletions":5}}},{"hash":"b196aabb4d376fe8fcf712e42d4843e3d872f80b","isMergeCommit":false,"messageTitle":"Add more tests for all other commands","messageBody":"","tags":["A-TextUiTesting"],"fileTypesAndContributionMap":{"txt":{"insertions":15,"deletions":0}}},{"hash":"f0fda1fe9be01b5f4f9912f0400ef71e157391b9","isMergeCommit":false,"messageTitle":"Add simple exception classes","messageBody":"","tags":["Level-5"],"fileTypesAndContributionMap":{"java":{"insertions":20,"deletions":0}}},{"hash":"595d87a7a2429d245429abe07be12548e80ef864","isMergeCommit":false,"messageTitle":"Add delete command stub","messageBody":"","fileTypesAndContributionMap":{"java":{"insertions":13,"deletions":0}}},{"hash":"72487f80792f24c92db1175b24a154f93272073c","isMergeCommit":false,"messageTitle":"Task class: override equals and hashCode methods","messageBody":"","fileTypesAndContributionMap":{"java":{"insertions":16,"deletions":0}}},{"hash":"45a42e1289928a8096ba44f53a5163a458146b88","isMergeCommit":false,"messageTitle":"Refactor task storage from fixed array to ArrayList","messageBody":"","tags":["Level-6","A-Collections"],"fileTypesAndContributionMap":{"java":{"insertions":27,"deletions":27}}}]},{"date":"2025-08-27T00:00:00","commitResults":[{"hash":"d428483723f82596ddb7fd1c8765b079aaafee5b","isMergeCommit":false,"messageTitle":"ToDo class: implement fromString function","messageBody":"","fileTypesAndContributionMap":{"java":{"insertions":15,"deletions":0}}},{"hash":"c18030e6505abfdafaea5ba05ab38e3b11a65a9f","isMergeCommit":false,"messageTitle":"Create Storage class with stubbed functions","messageBody":"","fileTypesAndContributionMap":{"java":{"insertions":18,"deletions":0}}},{"hash":"5aa73b9f459cc6dce57084664b037c832adb5e33","isMergeCommit":false,"messageTitle":"Implement ToDoStringParseException","messageBody":"","fileTypesAndContributionMap":{"java":{"insertions":5,"deletions":0}}},{"hash":"8922baf535effdd2843e62c233bc5d13ac4510af","isMergeCommit":false,"messageTitle":"Event class: implement fromString with exceptions","messageBody":"","fileTypesAndContributionMap":{"java":{"insertions":26,"deletions":2}}},{"hash":"89b32e149c2d3c745967a91068b3ba274dd369d0","isMergeCommit":false,"messageTitle":"Implement fromString for Deadline with exceptions","messageBody":"","fileTypesAndContributionMap":{"java":{"insertions":21,"deletions":0}}},{"hash":"f9a9d7a993414bf6333cd0d30d60df224a6343c1","isMergeCommit":false,"messageTitle":"Task class: implement getTitle","messageBody":"","fileTypesAndContributionMap":{"java":{"insertions":4,"deletions":0}}},{"hash":"562d638f3a6070d3f904c3cd18bbb41d50bcf8cb","isMergeCommit":false,"messageTitle":"Event class: implement toSerialisedString","messageBody":"","fileTypesAndContributionMap":{"java":{"insertions":5,"deletions":0}}},{"hash":"359909bb1e0a8a10012b97dd973c5ac1065fb313","isMergeCommit":false,"messageTitle":"ToDo class: implement toSerialisedString","messageBody":"","fileTypesAndContributionMap":{"java":{"insertions":4,"deletions":0}}},{"hash":"29c452fbe4a2b875853ad31ceb5b39069f079ac3","isMergeCommit":false,"messageTitle":"Deadline class: implement toSerialisedString","messageBody":"","fileTypesAndContributionMap":{"java":{"insertions":6,"deletions":2}}},{"hash":"d2ccab4f5e24c3d75be0a2dc89838b0362c38717","isMergeCommit":false,"messageTitle":"Storage class: implement loadTasks","messageBody":"","fileTypesAndContributionMap":{"java":{"insertions":26,"deletions":1}}},{"hash":"9508a581f8d1b1d690456f9121fd08e11cd7f3e8","isMergeCommit":false,"messageTitle":"Storage class: implement saveTasks","messageBody":"","fileTypesAndContributionMap":{"java":{"insertions":16,"deletions":1}}},{"hash":"66fd258537ee1a51b6d33c4c9a5a450508a0df2f","isMergeCommit":false,"messageTitle":"Fix toSerialisedString and fromString missing status","messageBody":"","fileTypesAndContributionMap":{"java":{"insertions":19,"deletions":12}}},{"hash":"cccf4a2a7e0c4182bf55a422d1329d21f9aaec79","isMergeCommit":false,"messageTitle":"Add load and save tasks method","messageBody":"","fileTypesAndContributionMap":{"java":{"insertions":12,"deletions":1}}},{"hash":"360a4642cb9389006fcabf1d8692b02fb096e1fe","isMergeCommit":false,"messageTitle":"Fix order of task data in all toSerialisedString","messageBody":"","fileTypesAndContributionMap":{"java":{"insertions":3,"deletions":3}}},{"hash":"b4a99e5e19d3e6a73888de49224f0f809e6f12b6","isMergeCommit":false,"messageTitle":"Fix fromString bug ignoring the status of a task","messageBody":"","tags":["Level-7"],"fileTypesAndContributionMap":{"java":{"insertions":31,"deletions":6}}}]}]},"authorFileTypeContributionMap":{"iZUMi-kyouka":{"java":494,"md":4,"fxml":0,"sh":6,"bat":0,"gradle":0,"txt":138}},"authorContributionVariance":{"iZUMi-kyouka":15362.227},"authorDisplayNameMap":{"iZUMi-kyouka":"CS2103T-F09-3 FLOR..NELY"}}
