[{"path":"src/main/java/AddTask.java","fileType":"java","lines":[{"lineNumber":1,"author":{"gitId":"SanguineChameleon"},"content":"import java.util.ArrayList;","lastModifiedDate":"2025-08-21T12:08:16","isFullCredit":false},{"lineNumber":2,"author":{"gitId":"SanguineChameleon"},"content":"","lastModifiedDate":"2025-08-21T12:08:16","isFullCredit":false},{"lineNumber":3,"author":{"gitId":"SanguineChameleon"},"content":"public class AddTask extends Command {","lastModifiedDate":"2025-08-21T12:08:16","isFullCredit":false},{"lineNumber":4,"author":{"gitId":"SanguineChameleon"},"content":"    public AddTask() {","lastModifiedDate":"2025-08-21T12:08:16","isFullCredit":false},{"lineNumber":5,"author":{"gitId":"SanguineChameleon"},"content":"        super(new String[]{});","lastModifiedDate":"2025-08-21T12:08:16","isFullCredit":false},{"lineNumber":6,"author":{"gitId":"SanguineChameleon"},"content":"    }","lastModifiedDate":"2025-08-21T12:08:16","isFullCredit":false},{"lineNumber":7,"author":{"gitId":"SanguineChameleon"},"content":"","lastModifiedDate":"2025-08-21T12:08:16","isFullCredit":false},{"lineNumber":8,"author":{"gitId":"SanguineChameleon"},"content":"    @Override","lastModifiedDate":"2025-08-21T12:08:16","isFullCredit":false},{"lineNumber":9,"author":{"gitId":"SanguineChameleon"},"content":"    public void execute() {","lastModifiedDate":"2025-08-21T12:08:16","isFullCredit":false},{"lineNumber":10,"author":{"gitId":"SanguineChameleon"},"content":"        // TODO: task name can be empty","lastModifiedDate":"2025-08-21T12:08:16","isFullCredit":false},{"lineNumber":11,"author":{"gitId":"SanguineChameleon"},"content":"        String name \u003d super.getOption(\"primary\");","lastModifiedDate":"2025-08-21T12:08:16","isFullCredit":false},{"lineNumber":12,"author":{"gitId":"SanguineChameleon"},"content":"        Task task \u003d new Task(name);","lastModifiedDate":"2025-08-21T12:08:16","isFullCredit":false},{"lineNumber":13,"author":{"gitId":"SanguineChameleon"},"content":"        System.out.println(\"Okay~! I will add this task to your list:\");","lastModifiedDate":"2025-08-21T12:08:16","isFullCredit":false},{"lineNumber":14,"author":{"gitId":"SanguineChameleon"},"content":"        System.out.println(task);","lastModifiedDate":"2025-08-21T12:08:16","isFullCredit":false},{"lineNumber":15,"author":{"gitId":"SanguineChameleon"},"content":"        ArrayList\u003cTask\u003e tasks \u003d Haru.getTasks();","lastModifiedDate":"2025-08-21T12:08:16","isFullCredit":false},{"lineNumber":16,"author":{"gitId":"SanguineChameleon"},"content":"        tasks.add(task);","lastModifiedDate":"2025-08-21T12:08:16","isFullCredit":false},{"lineNumber":17,"author":{"gitId":"SanguineChameleon"},"content":"    }","lastModifiedDate":"2025-08-21T12:08:16","isFullCredit":false},{"lineNumber":18,"author":{"gitId":"SanguineChameleon"},"content":"}","lastModifiedDate":"2025-08-21T12:08:16","isFullCredit":false}],"authorContributionMap":{"SanguineChameleon":18}},{"path":"src/main/java/Command.java","fileType":"java","lines":[{"lineNumber":1,"author":{"gitId":"SanguineChameleon"},"content":"import java.util.HashMap;","lastModifiedDate":"2025-08-21T11:41:23","isFullCredit":false},{"lineNumber":2,"author":{"gitId":"SanguineChameleon"},"content":"","lastModifiedDate":"2025-08-21T11:41:23","isFullCredit":false},{"lineNumber":3,"author":{"gitId":"SanguineChameleon"},"content":"public abstract class Command {","lastModifiedDate":"2025-08-19T18:08:45","isFullCredit":false},{"lineNumber":4,"author":{"gitId":"SanguineChameleon"},"content":"    private HashMap\u003cString, String\u003e options;","lastModifiedDate":"2025-08-21T11:41:23","isFullCredit":false},{"lineNumber":5,"author":{"gitId":"SanguineChameleon"},"content":"","lastModifiedDate":"2025-08-21T11:41:23","isFullCredit":false},{"lineNumber":6,"author":{"gitId":"SanguineChameleon"},"content":"    public Command(String[] names) {","lastModifiedDate":"2025-08-21T11:41:23","isFullCredit":false},{"lineNumber":7,"author":{"gitId":"SanguineChameleon"},"content":"        this.options \u003d new HashMap\u003c\u003e();","lastModifiedDate":"2025-08-21T11:41:23","isFullCredit":false},{"lineNumber":8,"author":{"gitId":"SanguineChameleon"},"content":"        for (String name: names) {","lastModifiedDate":"2025-08-21T11:41:23","isFullCredit":false},{"lineNumber":9,"author":{"gitId":"SanguineChameleon"},"content":"            this.options.put(name, \"\");","lastModifiedDate":"2025-08-21T11:41:23","isFullCredit":false},{"lineNumber":10,"author":{"gitId":"SanguineChameleon"},"content":"        }","lastModifiedDate":"2025-08-21T11:41:23","isFullCredit":false},{"lineNumber":11,"author":{"gitId":"SanguineChameleon"},"content":"    }","lastModifiedDate":"2025-08-21T11:41:23","isFullCredit":false},{"lineNumber":12,"author":{"gitId":"SanguineChameleon"},"content":"","lastModifiedDate":"2025-08-21T11:41:23","isFullCredit":false},{"lineNumber":13,"author":{"gitId":"SanguineChameleon"},"content":"    public String getOption(String name) {","lastModifiedDate":"2025-08-21T11:41:23","isFullCredit":false},{"lineNumber":14,"author":{"gitId":"SanguineChameleon"},"content":"        return this.options.get(name);","lastModifiedDate":"2025-08-21T11:41:23","isFullCredit":false},{"lineNumber":15,"author":{"gitId":"SanguineChameleon"},"content":"    }","lastModifiedDate":"2025-08-21T11:41:23","isFullCredit":false},{"lineNumber":16,"author":{"gitId":"SanguineChameleon"},"content":"","lastModifiedDate":"2025-08-21T11:41:23","isFullCredit":false},{"lineNumber":17,"author":{"gitId":"SanguineChameleon"},"content":"    public void parse(String[] tokens) {","lastModifiedDate":"2025-08-21T11:41:23","isFullCredit":false},{"lineNumber":18,"author":{"gitId":"SanguineChameleon"},"content":"        StringBuilder sb \u003d new StringBuilder();","lastModifiedDate":"2025-08-21T11:41:23","isFullCredit":false},{"lineNumber":19,"author":{"gitId":"SanguineChameleon"},"content":"        for (int i \u003d 1; i \u003c tokens.length; i++) {","lastModifiedDate":"2025-08-21T11:41:23","isFullCredit":false},{"lineNumber":20,"author":{"gitId":"SanguineChameleon"},"content":"            String token \u003d tokens[i];","lastModifiedDate":"2025-08-21T11:41:23","isFullCredit":false},{"lineNumber":21,"author":{"gitId":"SanguineChameleon"},"content":"            if (!sb.isEmpty()) {","lastModifiedDate":"2025-08-21T11:41:23","isFullCredit":false},{"lineNumber":22,"author":{"gitId":"SanguineChameleon"},"content":"                sb.append(\u0027 \u0027);","lastModifiedDate":"2025-08-21T11:41:23","isFullCredit":false},{"lineNumber":23,"author":{"gitId":"SanguineChameleon"},"content":"            }","lastModifiedDate":"2025-08-21T11:41:23","isFullCredit":false},{"lineNumber":24,"author":{"gitId":"SanguineChameleon"},"content":"            sb.append(token);","lastModifiedDate":"2025-08-21T11:41:23","isFullCredit":false},{"lineNumber":25,"author":{"gitId":"SanguineChameleon"},"content":"        }","lastModifiedDate":"2025-08-21T11:41:23","isFullCredit":false},{"lineNumber":26,"author":{"gitId":"SanguineChameleon"},"content":"        this.options.put(\"primary\", sb.toString());","lastModifiedDate":"2025-08-21T11:41:23","isFullCredit":false},{"lineNumber":27,"author":{"gitId":"SanguineChameleon"},"content":"    }","lastModifiedDate":"2025-08-21T11:41:23","isFullCredit":false},{"lineNumber":28,"author":{"gitId":"SanguineChameleon"},"content":"","lastModifiedDate":"2025-08-21T11:41:23","isFullCredit":false},{"lineNumber":29,"author":{"gitId":"SanguineChameleon"},"content":"    public abstract void execute();","lastModifiedDate":"2025-08-19T18:08:45","isFullCredit":false},{"lineNumber":30,"author":{"gitId":"SanguineChameleon"},"content":"}","lastModifiedDate":"2025-08-19T18:08:45","isFullCredit":false}],"authorContributionMap":{"SanguineChameleon":30}},{"path":"src/main/java/Goodbye.java","fileType":"java","lines":[{"lineNumber":1,"author":{"gitId":"SanguineChameleon"},"content":"public class Goodbye extends Command {","lastModifiedDate":"2025-08-19T18:15:23","isFullCredit":false},{"lineNumber":2,"author":{"gitId":"SanguineChameleon"},"content":"    public Goodbye() {","lastModifiedDate":"2025-08-21T11:44:11","isFullCredit":false},{"lineNumber":3,"author":{"gitId":"SanguineChameleon"},"content":"        super(new String[]{});","lastModifiedDate":"2025-08-21T11:44:11","isFullCredit":false},{"lineNumber":4,"author":{"gitId":"SanguineChameleon"},"content":"    }","lastModifiedDate":"2025-08-21T11:44:11","isFullCredit":false},{"lineNumber":5,"author":{"gitId":"SanguineChameleon"},"content":"","lastModifiedDate":"2025-08-21T11:44:11","isFullCredit":false},{"lineNumber":6,"author":{"gitId":"SanguineChameleon"},"content":"    @Override","lastModifiedDate":"2025-08-19T18:15:23","isFullCredit":false},{"lineNumber":7,"author":{"gitId":"SanguineChameleon"},"content":"    public void execute() {","lastModifiedDate":"2025-08-19T18:15:23","isFullCredit":false},{"lineNumber":8,"author":{"gitId":"SanguineChameleon"},"content":"        System.out.println(\"See you next time! Bye-bye~\");","lastModifiedDate":"2025-08-19T18:15:23","isFullCredit":false},{"lineNumber":9,"author":{"gitId":"SanguineChameleon"},"content":"        Haru.stop();","lastModifiedDate":"2025-08-19T18:43:12","isFullCredit":false},{"lineNumber":10,"author":{"gitId":"SanguineChameleon"},"content":"    }","lastModifiedDate":"2025-08-19T18:15:23","isFullCredit":false},{"lineNumber":11,"author":{"gitId":"SanguineChameleon"},"content":"}","lastModifiedDate":"2025-08-19T18:15:23","isFullCredit":false}],"authorContributionMap":{"SanguineChameleon":11}},{"path":"src/main/java/Haru.java","fileType":"java","lines":[{"lineNumber":1,"author":{"gitId":"SanguineChameleon"},"content":"import java.util.ArrayList;","lastModifiedDate":"2025-08-21T12:05:44","isFullCredit":false},{"lineNumber":2,"author":{"gitId":"SanguineChameleon"},"content":"import java.util.stream.Stream;","lastModifiedDate":"2025-08-19T18:43:12","isFullCredit":false},{"lineNumber":3,"author":{"gitId":"SanguineChameleon"},"content":"","lastModifiedDate":"2025-08-19T18:43:12","isFullCredit":false},{"lineNumber":4,"author":{"gitId":"SanguineChameleon"},"content":"public class Haru {","lastModifiedDate":"2025-08-19T16:20:45","isFullCredit":false},{"lineNumber":5,"author":{"gitId":"SanguineChameleon"},"content":"    private static boolean isRunning \u003d true;","lastModifiedDate":"2025-08-19T18:43:12","isFullCredit":false},{"lineNumber":6,"author":{"gitId":"SanguineChameleon"},"content":"    private static final ArrayList\u003cTask\u003e tasks \u003d new ArrayList\u003c\u003e();","lastModifiedDate":"2025-08-21T12:05:44","isFullCredit":false},{"lineNumber":7,"author":{"gitId":"SanguineChameleon"},"content":"","lastModifiedDate":"2025-08-19T18:43:12","isFullCredit":false},{"lineNumber":8,"author":{"gitId":"SanguineChameleon"},"content":"    public static void stop() {","lastModifiedDate":"2025-08-19T18:43:12","isFullCredit":false},{"lineNumber":9,"author":{"gitId":"SanguineChameleon"},"content":"        Haru.isRunning \u003d false;","lastModifiedDate":"2025-08-19T18:43:12","isFullCredit":false},{"lineNumber":10,"author":{"gitId":"SanguineChameleon"},"content":"    }","lastModifiedDate":"2025-08-19T18:43:12","isFullCredit":false},{"lineNumber":11,"author":{"gitId":"SanguineChameleon"},"content":"","lastModifiedDate":"2025-08-19T18:43:12","isFullCredit":false},{"lineNumber":12,"author":{"gitId":"SanguineChameleon"},"content":"    public static ArrayList\u003cTask\u003e getTasks() {","lastModifiedDate":"2025-08-21T12:05:44","isFullCredit":false},{"lineNumber":13,"author":{"gitId":"SanguineChameleon"},"content":"        return Haru.tasks;","lastModifiedDate":"2025-08-21T12:05:44","isFullCredit":false},{"lineNumber":14,"author":{"gitId":"SanguineChameleon"},"content":"    }","lastModifiedDate":"2025-08-21T12:05:44","isFullCredit":false},{"lineNumber":15,"author":{"gitId":"SanguineChameleon"},"content":"","lastModifiedDate":"2025-08-21T12:05:44","isFullCredit":false},{"lineNumber":16,"author":{"gitId":"SanguineChameleon"},"content":"    public static int parseTaskId(String str) {","lastModifiedDate":"2025-08-21T20:04:15","isFullCredit":false},{"lineNumber":17,"author":{"gitId":"SanguineChameleon"},"content":"        // TODO: throw if invalid","lastModifiedDate":"2025-08-21T20:04:15","isFullCredit":false},{"lineNumber":18,"author":{"gitId":"SanguineChameleon"},"content":"        int id \u003d Integer.parseInt(str);","lastModifiedDate":"2025-08-21T20:04:15","isFullCredit":false},{"lineNumber":19,"author":{"gitId":"SanguineChameleon"},"content":"        return id - 1;","lastModifiedDate":"2025-08-21T20:04:15","isFullCredit":false},{"lineNumber":20,"author":{"gitId":"SanguineChameleon"},"content":"    }","lastModifiedDate":"2025-08-21T20:04:15","isFullCredit":false},{"lineNumber":21,"author":{"gitId":"SanguineChameleon"},"content":"","lastModifiedDate":"2025-08-21T20:04:15","isFullCredit":false},{"lineNumber":22,"author":{"gitId":"SanguineChameleon"},"content":"    private static void runCommand(String str) {","lastModifiedDate":"2025-08-21T20:01:41","isFullCredit":false},{"lineNumber":23,"author":{"gitId":"SanguineChameleon"},"content":"        String[] tokens \u003d Stream.of(str.split(\" \"))","lastModifiedDate":"2025-08-19T18:43:12","isFullCredit":false},{"lineNumber":24,"author":{"gitId":"SanguineChameleon"},"content":"                .filter(t -\u003e !t.isEmpty())","lastModifiedDate":"2025-08-19T18:43:12","isFullCredit":false},{"lineNumber":25,"author":{"gitId":"SanguineChameleon"},"content":"                .toArray(String[]::new);","lastModifiedDate":"2025-08-19T18:43:12","isFullCredit":false},{"lineNumber":26,"author":{"gitId":"SanguineChameleon"},"content":"        // TODO: tokens can be empty","lastModifiedDate":"2025-08-19T18:43:12","isFullCredit":false},{"lineNumber":27,"author":{"gitId":"SanguineChameleon"},"content":"        String name \u003d tokens[0];","lastModifiedDate":"2025-08-21T11:48:04","isFullCredit":false},{"lineNumber":28,"author":{"gitId":"SanguineChameleon"},"content":"        Command command \u003d switch (name) {","lastModifiedDate":"2025-08-21T11:48:04","isFullCredit":false},{"lineNumber":29,"author":{"gitId":"SanguineChameleon"},"content":"            case \"bye\" -\u003e new Goodbye();","lastModifiedDate":"2025-08-21T11:48:04","isFullCredit":false},{"lineNumber":30,"author":{"gitId":"SanguineChameleon"},"content":"            case \"add\" -\u003e new AddTask();","lastModifiedDate":"2025-08-21T12:08:16","isFullCredit":false},{"lineNumber":31,"author":{"gitId":"SanguineChameleon"},"content":"            case \"list\" -\u003e new ListTasks();","lastModifiedDate":"2025-08-21T12:14:43","isFullCredit":false},{"lineNumber":32,"author":{"gitId":"SanguineChameleon"},"content":"            case \"mark\" -\u003e new MarkTask();","lastModifiedDate":"2025-08-21T19:41:01","isFullCredit":false},{"lineNumber":33,"author":{"gitId":"SanguineChameleon"},"content":"            case \"unmark\" -\u003e new UnmarkTask();","lastModifiedDate":"2025-08-21T20:10:21","isFullCredit":false},{"lineNumber":34,"author":{"gitId":"SanguineChameleon"},"content":"            default -\u003e null;","lastModifiedDate":"2025-08-21T11:48:04","isFullCredit":false},{"lineNumber":35,"author":{"gitId":"SanguineChameleon"},"content":"        };","lastModifiedDate":"2025-08-21T11:48:04","isFullCredit":false},{"lineNumber":36,"author":{"gitId":"SanguineChameleon"},"content":"        command.parse(tokens);","lastModifiedDate":"2025-08-21T11:48:04","isFullCredit":false},{"lineNumber":37,"author":{"gitId":"SanguineChameleon"},"content":"        command.execute();","lastModifiedDate":"2025-08-21T11:48:04","isFullCredit":false},{"lineNumber":38,"author":{"gitId":"SanguineChameleon"},"content":"    }","lastModifiedDate":"2025-08-19T18:43:12","isFullCredit":false},{"lineNumber":39,"author":{"gitId":"SanguineChameleon"},"content":"","lastModifiedDate":"2025-08-19T18:43:12","isFullCredit":false},{"lineNumber":40,"author":{"gitId":"SanguineChameleon"},"content":"    public static void main(String[] args) {","lastModifiedDate":"2025-08-19T16:20:45","isFullCredit":false},{"lineNumber":41,"author":{"gitId":"SanguineChameleon"},"content":"        new Hello().execute();","lastModifiedDate":"2025-08-19T18:15:23","isFullCredit":false},{"lineNumber":42,"author":{"gitId":"SanguineChameleon"},"content":"        while (Haru.isRunning) {","lastModifiedDate":"2025-08-19T18:43:12","isFullCredit":false},{"lineNumber":43,"author":{"gitId":"SanguineChameleon"},"content":"            Haru.runCommand(System.console().readLine());","lastModifiedDate":"2025-08-21T20:01:41","isFullCredit":false},{"lineNumber":44,"author":{"gitId":"SanguineChameleon"},"content":"        }","lastModifiedDate":"2025-08-19T18:43:12","isFullCredit":false},{"lineNumber":45,"author":{"gitId":"SanguineChameleon"},"content":"    }","lastModifiedDate":"2025-08-19T16:20:45","isFullCredit":false},{"lineNumber":46,"author":{"gitId":"SanguineChameleon"},"content":"}","lastModifiedDate":"2025-08-19T16:20:45","isFullCredit":false}],"authorContributionMap":{"SanguineChameleon":46}},{"path":"src/main/java/Hello.java","fileType":"java","lines":[{"lineNumber":1,"author":{"gitId":"SanguineChameleon"},"content":"public class Hello extends Command {","lastModifiedDate":"2025-08-19T18:15:23","isFullCredit":false},{"lineNumber":2,"author":{"gitId":"SanguineChameleon"},"content":"    public Hello() {","lastModifiedDate":"2025-08-21T11:44:11","isFullCredit":false},{"lineNumber":3,"author":{"gitId":"SanguineChameleon"},"content":"        super(new String[]{});","lastModifiedDate":"2025-08-21T11:44:11","isFullCredit":false},{"lineNumber":4,"author":{"gitId":"SanguineChameleon"},"content":"    }","lastModifiedDate":"2025-08-21T11:44:11","isFullCredit":false},{"lineNumber":5,"author":{"gitId":"SanguineChameleon"},"content":"","lastModifiedDate":"2025-08-21T11:44:11","isFullCredit":false},{"lineNumber":6,"author":{"gitId":"SanguineChameleon"},"content":"    @Override","lastModifiedDate":"2025-08-19T18:15:23","isFullCredit":false},{"lineNumber":7,"author":{"gitId":"SanguineChameleon"},"content":"    public void execute() {","lastModifiedDate":"2025-08-19T18:15:23","isFullCredit":false},{"lineNumber":8,"author":{"gitId":"SanguineChameleon"},"content":"        System.out.println(\"Hi~! I\u0027m Haru. What can I do for you today?\");","lastModifiedDate":"2025-08-19T18:15:23","isFullCredit":false},{"lineNumber":9,"author":{"gitId":"SanguineChameleon"},"content":"    }","lastModifiedDate":"2025-08-19T18:15:23","isFullCredit":false},{"lineNumber":10,"author":{"gitId":"SanguineChameleon"},"content":"}","lastModifiedDate":"2025-08-19T18:15:23","isFullCredit":false}],"authorContributionMap":{"SanguineChameleon":10}},{"path":"src/main/java/ListTasks.java","fileType":"java","lines":[{"lineNumber":1,"author":{"gitId":"SanguineChameleon"},"content":"import java.util.ArrayList;","lastModifiedDate":"2025-08-21T12:14:43","isFullCredit":false},{"lineNumber":2,"author":{"gitId":"SanguineChameleon"},"content":"","lastModifiedDate":"2025-08-21T12:14:43","isFullCredit":false},{"lineNumber":3,"author":{"gitId":"SanguineChameleon"},"content":"public class ListTasks extends Command {","lastModifiedDate":"2025-08-21T12:14:43","isFullCredit":false},{"lineNumber":4,"author":{"gitId":"SanguineChameleon"},"content":"    public ListTasks() {","lastModifiedDate":"2025-08-21T12:14:43","isFullCredit":false},{"lineNumber":5,"author":{"gitId":"SanguineChameleon"},"content":"        super(new String[]{});","lastModifiedDate":"2025-08-21T12:14:43","isFullCredit":false},{"lineNumber":6,"author":{"gitId":"SanguineChameleon"},"content":"    }","lastModifiedDate":"2025-08-21T12:14:43","isFullCredit":false},{"lineNumber":7,"author":{"gitId":"SanguineChameleon"},"content":"","lastModifiedDate":"2025-08-21T12:14:43","isFullCredit":false},{"lineNumber":8,"author":{"gitId":"SanguineChameleon"},"content":"    @Override","lastModifiedDate":"2025-08-21T12:14:43","isFullCredit":false},{"lineNumber":9,"author":{"gitId":"SanguineChameleon"},"content":"    public void execute() {","lastModifiedDate":"2025-08-21T12:14:43","isFullCredit":false},{"lineNumber":10,"author":{"gitId":"SanguineChameleon"},"content":"        System.out.println(\"Okay~! Here are all the tasks in your list:\");","lastModifiedDate":"2025-08-21T12:14:43","isFullCredit":false},{"lineNumber":11,"author":{"gitId":"SanguineChameleon"},"content":"        ArrayList\u003cTask\u003e tasks \u003d Haru.getTasks();","lastModifiedDate":"2025-08-21T12:14:43","isFullCredit":false},{"lineNumber":12,"author":{"gitId":"SanguineChameleon"},"content":"        for (int i \u003d 0; i \u003c tasks.size(); i++) {","lastModifiedDate":"2025-08-21T12:14:43","isFullCredit":false},{"lineNumber":13,"author":{"gitId":"SanguineChameleon"},"content":"            System.out.println((i + 1) + \". \" + tasks.get(i));","lastModifiedDate":"2025-08-21T12:14:43","isFullCredit":false},{"lineNumber":14,"author":{"gitId":"SanguineChameleon"},"content":"        }","lastModifiedDate":"2025-08-21T12:14:43","isFullCredit":false},{"lineNumber":15,"author":{"gitId":"SanguineChameleon"},"content":"    }","lastModifiedDate":"2025-08-21T12:14:43","isFullCredit":false},{"lineNumber":16,"author":{"gitId":"SanguineChameleon"},"content":"}","lastModifiedDate":"2025-08-21T12:14:43","isFullCredit":false}],"authorContributionMap":{"SanguineChameleon":16}},{"path":"src/main/java/MarkTask.java","fileType":"java","lines":[{"lineNumber":1,"author":{"gitId":"SanguineChameleon"},"content":"public class MarkTask extends Command {","lastModifiedDate":"2025-08-21T19:41:01","isFullCredit":false},{"lineNumber":2,"author":{"gitId":"SanguineChameleon"},"content":"    public MarkTask() {","lastModifiedDate":"2025-08-21T19:41:01","isFullCredit":false},{"lineNumber":3,"author":{"gitId":"SanguineChameleon"},"content":"        super(new String[]{});","lastModifiedDate":"2025-08-21T19:41:01","isFullCredit":false},{"lineNumber":4,"author":{"gitId":"SanguineChameleon"},"content":"    }","lastModifiedDate":"2025-08-21T19:41:01","isFullCredit":false},{"lineNumber":5,"author":{"gitId":"SanguineChameleon"},"content":"","lastModifiedDate":"2025-08-21T19:41:01","isFullCredit":false},{"lineNumber":6,"author":{"gitId":"SanguineChameleon"},"content":"    @Override","lastModifiedDate":"2025-08-21T19:41:01","isFullCredit":false},{"lineNumber":7,"author":{"gitId":"SanguineChameleon"},"content":"    public void execute() {","lastModifiedDate":"2025-08-21T19:41:01","isFullCredit":false},{"lineNumber":8,"author":{"gitId":"SanguineChameleon"},"content":"        int id \u003d Haru.parseTaskId(this.getOption(\"primary\"));","lastModifiedDate":"2025-08-21T20:07:34","isFullCredit":false},{"lineNumber":9,"author":{"gitId":"SanguineChameleon"},"content":"        Task task \u003d Haru.getTasks().get(id);","lastModifiedDate":"2025-08-21T20:07:34","isFullCredit":false},{"lineNumber":10,"author":{"gitId":"SanguineChameleon"},"content":"        task.mark();","lastModifiedDate":"2025-08-21T19:41:01","isFullCredit":false},{"lineNumber":11,"author":{"gitId":"SanguineChameleon"},"content":"        System.out.println(\"Okay~! I will mark this task as done:\");","lastModifiedDate":"2025-08-21T19:41:01","isFullCredit":false},{"lineNumber":12,"author":{"gitId":"SanguineChameleon"},"content":"        System.out.println(task);","lastModifiedDate":"2025-08-21T19:41:01","isFullCredit":false},{"lineNumber":13,"author":{"gitId":"SanguineChameleon"},"content":"    }","lastModifiedDate":"2025-08-21T19:41:01","isFullCredit":false},{"lineNumber":14,"author":{"gitId":"SanguineChameleon"},"content":"}","lastModifiedDate":"2025-08-21T19:41:01","isFullCredit":false}],"authorContributionMap":{"SanguineChameleon":14}},{"path":"src/main/java/Task.java","fileType":"java","lines":[{"lineNumber":1,"author":{"gitId":"SanguineChameleon"},"content":"public class Task {","lastModifiedDate":"2025-08-21T12:01:55","isFullCredit":false},{"lineNumber":2,"author":{"gitId":"SanguineChameleon"},"content":"    private final String name;","lastModifiedDate":"2025-08-21T12:01:55","isFullCredit":false},{"lineNumber":3,"author":{"gitId":"SanguineChameleon"},"content":"    private boolean isDone \u003d false;","lastModifiedDate":"2025-08-21T19:36:50","isFullCredit":false},{"lineNumber":4,"author":{"gitId":"SanguineChameleon"},"content":"","lastModifiedDate":"2025-08-21T12:01:55","isFullCredit":false},{"lineNumber":5,"author":{"gitId":"SanguineChameleon"},"content":"    public Task(String name) {","lastModifiedDate":"2025-08-21T12:01:55","isFullCredit":false},{"lineNumber":6,"author":{"gitId":"SanguineChameleon"},"content":"        this.name \u003d name;","lastModifiedDate":"2025-08-21T12:01:55","isFullCredit":false},{"lineNumber":7,"author":{"gitId":"SanguineChameleon"},"content":"    }","lastModifiedDate":"2025-08-21T12:01:55","isFullCredit":false},{"lineNumber":8,"author":{"gitId":"SanguineChameleon"},"content":"","lastModifiedDate":"2025-08-21T12:01:55","isFullCredit":false},{"lineNumber":9,"author":{"gitId":"SanguineChameleon"},"content":"    public void mark() {","lastModifiedDate":"2025-08-21T19:36:50","isFullCredit":false},{"lineNumber":10,"author":{"gitId":"SanguineChameleon"},"content":"        this.isDone \u003d true;","lastModifiedDate":"2025-08-21T19:36:50","isFullCredit":false},{"lineNumber":11,"author":{"gitId":"SanguineChameleon"},"content":"    }","lastModifiedDate":"2025-08-21T19:36:50","isFullCredit":false},{"lineNumber":12,"author":{"gitId":"SanguineChameleon"},"content":"","lastModifiedDate":"2025-08-21T19:36:50","isFullCredit":false},{"lineNumber":13,"author":{"gitId":"SanguineChameleon"},"content":"    public void unmark() {","lastModifiedDate":"2025-08-21T19:36:50","isFullCredit":false},{"lineNumber":14,"author":{"gitId":"SanguineChameleon"},"content":"        this.isDone \u003d false;","lastModifiedDate":"2025-08-21T19:36:50","isFullCredit":false},{"lineNumber":15,"author":{"gitId":"SanguineChameleon"},"content":"    }","lastModifiedDate":"2025-08-21T19:36:50","isFullCredit":false},{"lineNumber":16,"author":{"gitId":"SanguineChameleon"},"content":"","lastModifiedDate":"2025-08-21T19:36:50","isFullCredit":false},{"lineNumber":17,"author":{"gitId":"SanguineChameleon"},"content":"    public String getDescription() {","lastModifiedDate":"2025-08-21T19:36:50","isFullCredit":false},{"lineNumber":18,"author":{"gitId":"SanguineChameleon"},"content":"        return this.name;","lastModifiedDate":"2025-08-21T19:36:50","isFullCredit":false},{"lineNumber":19,"author":{"gitId":"SanguineChameleon"},"content":"    }","lastModifiedDate":"2025-08-21T19:36:50","isFullCredit":false},{"lineNumber":20,"author":{"gitId":"SanguineChameleon"},"content":"","lastModifiedDate":"2025-08-21T19:36:50","isFullCredit":false},{"lineNumber":21,"author":{"gitId":"SanguineChameleon"},"content":"    @Override","lastModifiedDate":"2025-08-21T12:01:55","isFullCredit":false},{"lineNumber":22,"author":{"gitId":"SanguineChameleon"},"content":"    public String toString() {","lastModifiedDate":"2025-08-21T12:01:55","isFullCredit":false},{"lineNumber":23,"author":{"gitId":"SanguineChameleon"},"content":"        return String.format(\"[%c] %s\",","lastModifiedDate":"2025-08-21T19:36:50","isFullCredit":false},{"lineNumber":24,"author":{"gitId":"SanguineChameleon"},"content":"                (this.isDone ? \u0027X\u0027 : \u0027 \u0027),","lastModifiedDate":"2025-08-21T19:36:50","isFullCredit":false},{"lineNumber":25,"author":{"gitId":"SanguineChameleon"},"content":"                this.getDescription());","lastModifiedDate":"2025-08-21T19:36:50","isFullCredit":false},{"lineNumber":26,"author":{"gitId":"SanguineChameleon"},"content":"    }","lastModifiedDate":"2025-08-21T12:01:55","isFullCredit":false},{"lineNumber":27,"author":{"gitId":"SanguineChameleon"},"content":"}","lastModifiedDate":"2025-08-21T12:01:55","isFullCredit":false}],"authorContributionMap":{"SanguineChameleon":27}},{"path":"src/main/java/UnmarkTask.java","fileType":"java","lines":[{"lineNumber":1,"author":{"gitId":"SanguineChameleon"},"content":"public class UnmarkTask extends Command {","lastModifiedDate":"2025-08-21T20:10:21","isFullCredit":false},{"lineNumber":2,"author":{"gitId":"SanguineChameleon"},"content":"    public UnmarkTask() {","lastModifiedDate":"2025-08-21T20:10:21","isFullCredit":false},{"lineNumber":3,"author":{"gitId":"SanguineChameleon"},"content":"        super(new String[]{});","lastModifiedDate":"2025-08-21T20:10:21","isFullCredit":false},{"lineNumber":4,"author":{"gitId":"SanguineChameleon"},"content":"    }","lastModifiedDate":"2025-08-21T20:10:21","isFullCredit":false},{"lineNumber":5,"author":{"gitId":"SanguineChameleon"},"content":"","lastModifiedDate":"2025-08-21T20:10:21","isFullCredit":false},{"lineNumber":6,"author":{"gitId":"SanguineChameleon"},"content":"    @Override","lastModifiedDate":"2025-08-21T20:10:21","isFullCredit":false},{"lineNumber":7,"author":{"gitId":"SanguineChameleon"},"content":"    public void execute() {","lastModifiedDate":"2025-08-21T20:10:21","isFullCredit":false},{"lineNumber":8,"author":{"gitId":"SanguineChameleon"},"content":"        int id \u003d Haru.parseTaskId(this.getOption(\"primary\"));","lastModifiedDate":"2025-08-21T20:10:21","isFullCredit":false},{"lineNumber":9,"author":{"gitId":"SanguineChameleon"},"content":"        Task task \u003d Haru.getTasks().get(id);","lastModifiedDate":"2025-08-21T20:10:21","isFullCredit":false},{"lineNumber":10,"author":{"gitId":"SanguineChameleon"},"content":"        task.unmark();","lastModifiedDate":"2025-08-21T20:10:21","isFullCredit":false},{"lineNumber":11,"author":{"gitId":"SanguineChameleon"},"content":"        System.out.println(\"Okay~! I will unmark this task as not done:\");","lastModifiedDate":"2025-08-21T20:10:21","isFullCredit":false},{"lineNumber":12,"author":{"gitId":"SanguineChameleon"},"content":"        System.out.println(task);","lastModifiedDate":"2025-08-21T20:10:21","isFullCredit":false},{"lineNumber":13,"author":{"gitId":"SanguineChameleon"},"content":"    }","lastModifiedDate":"2025-08-21T20:10:21","isFullCredit":false},{"lineNumber":14,"author":{"gitId":"SanguineChameleon"},"content":"}","lastModifiedDate":"2025-08-21T20:10:21","isFullCredit":false}],"authorContributionMap":{"SanguineChameleon":14}},{"path":"text-ui-test/runtest.bat","fileType":"bat","lines":[{"lineNumber":1,"author":{"gitId":"-"},"content":"@ECHO OFF","lastModifiedDate":"2020-05-25T00:03:55","isFullCredit":false},{"lineNumber":2,"author":{"gitId":"-"},"content":"","lastModifiedDate":"2020-05-25T00:03:55","isFullCredit":false},{"lineNumber":3,"author":{"gitId":"-"},"content":"REM create bin directory if it doesn\u0027t exist","lastModifiedDate":"2020-05-25T00:03:55","isFullCredit":false},{"lineNumber":4,"author":{"gitId":"-"},"content":"if not exist ..\\bin mkdir ..\\bin","lastModifiedDate":"2020-05-25T00:03:55","isFullCredit":false},{"lineNumber":5,"author":{"gitId":"-"},"content":"","lastModifiedDate":"2020-05-25T00:03:55","isFullCredit":false},{"lineNumber":6,"author":{"gitId":"-"},"content":"REM delete output from previous run","lastModifiedDate":"2020-05-25T00:03:55","isFullCredit":false},{"lineNumber":7,"author":{"gitId":"-"},"content":"if exist ACTUAL.TXT del ACTUAL.TXT","lastModifiedDate":"2020-08-25T17:23:26","isFullCredit":false},{"lineNumber":8,"author":{"gitId":"-"},"content":"","lastModifiedDate":"2020-05-25T00:03:55","isFullCredit":false},{"lineNumber":9,"author":{"gitId":"-"},"content":"REM compile the code into the bin folder","lastModifiedDate":"2020-05-25T00:03:55","isFullCredit":false},{"lineNumber":10,"author":{"gitId":"-"},"content":"javac  -cp ..\\src\\main\\java -Xlint:none -d ..\\bin ..\\src\\main\\java\\*.java","lastModifiedDate":"2020-08-25T17:23:26","isFullCredit":false},{"lineNumber":11,"author":{"gitId":"-"},"content":"IF ERRORLEVEL 1 (","lastModifiedDate":"2020-05-25T00:03:55","isFullCredit":false},{"lineNumber":12,"author":{"gitId":"-"},"content":"    echo ********** BUILD FAILURE **********","lastModifiedDate":"2020-05-25T00:03:55","isFullCredit":false},{"lineNumber":13,"author":{"gitId":"-"},"content":"    exit /b 1","lastModifiedDate":"2020-05-25T00:03:55","isFullCredit":false},{"lineNumber":14,"author":{"gitId":"-"},"content":")","lastModifiedDate":"2020-05-25T00:03:55","isFullCredit":false},{"lineNumber":15,"author":{"gitId":"-"},"content":"REM no error here, errorlevel \u003d\u003d 0","lastModifiedDate":"2020-05-25T00:03:55","isFullCredit":false},{"lineNumber":16,"author":{"gitId":"-"},"content":"","lastModifiedDate":"2020-05-25T00:03:55","isFullCredit":false},{"lineNumber":17,"author":{"gitId":"-"},"content":"REM run the program, feed commands from input.txt file and redirect the output to the ACTUAL.TXT","lastModifiedDate":"2020-05-25T00:03:55","isFullCredit":false},{"lineNumber":18,"author":{"gitId":"SanguineChameleon"},"content":"java -classpath ..\\bin Haru \u003c input.txt \u003e ACTUAL.TXT","lastModifiedDate":"2025-08-19T16:22:58","isFullCredit":false},{"lineNumber":19,"author":{"gitId":"-"},"content":"","lastModifiedDate":"2020-05-25T00:03:55","isFullCredit":false},{"lineNumber":20,"author":{"gitId":"-"},"content":"REM compare the output to the expected output","lastModifiedDate":"2020-05-25T00:03:55","isFullCredit":false},{"lineNumber":21,"author":{"gitId":"-"},"content":"FC ACTUAL.TXT EXPECTED.TXT","lastModifiedDate":"2020-05-25T00:03:55","isFullCredit":false}],"authorContributionMap":{"-":20,"SanguineChameleon":1}}]
