{"authorDailyContributionsMap":{"SanguineChameleon":[{"date":"2025-08-19T00:00:00","commitResults":[{"hash":"1e47e3aa2bce78bd630aa8be2129bf835d0bdd73","isMergeCommit":false,"messageTitle":"Duke.java: Rename Duke to Haru","messageBody":"","fileTypesAndContributionMap":{"java":{"insertions":4,"deletions":10}}},{"hash":"1108085f153311b7f46ef13b94cc54693ffa3273","isMergeCommit":false,"messageTitle":"runtest.bat: Rename Duke to Haru","messageBody":"","fileTypesAndContributionMap":{"bat":{"insertions":1,"deletions":1}}},{"hash":"fe4ede5cffd9f97191a22efc1fd0699c7f2e19ef","isMergeCommit":false,"messageTitle":"Haru.java: Add greet and exit messages","messageBody":"","tags":["Level-0"],"fileTypesAndContributionMap":{"java":{"insertions":10,"deletions":0}}},{"hash":"c4a2a97e8c9a71d58ba5cf055604b26e7851fb55","isMergeCommit":false,"messageTitle":"Haru.java: Rename greet() to hello() and exit() to goodbye()","messageBody":"","fileTypesAndContributionMap":{"java":{"insertions":4,"deletions":4}}},{"hash":"6480429b8c71a90ae49721e36ed08b28a420d36d","isMergeCommit":false,"messageTitle":"Create Command class","messageBody":"","fileTypesAndContributionMap":{"java":{"insertions":3,"deletions":0}}},{"hash":"acb3117232163bebc983c11ac1ac5fc39716d3da","isMergeCommit":false,"messageTitle":"Move hello() and goodbye() methods to separate classes","messageBody":"","fileTypesAndContributionMap":{"java":{"insertions":14,"deletions":10}}},{"hash":"c2a0d583400c5af28ad0690fe80ae9fe1ebd12bb","isMergeCommit":false,"messageTitle":"Add basic parser skeleton with echo output","messageBody":"","tags":["Level-1"],"fileTypesAndContributionMap":{"java":{"insertions":23,"deletions":1}}}]},{"date":"2025-08-21T00:00:00","commitResults":[{"hash":"0aefcd07849cd4c609bca3c942053d323979e81f","isMergeCommit":false,"messageTitle":"Command.java: Add basic parser","messageBody":"","fileTypesAndContributionMap":{"java":{"insertions":27,"deletions":0}}},{"hash":"77f4cecda88f06881bf2082f79bf9503c7be40f8","isMergeCommit":false,"messageTitle":"Add constructors to Hello.java and Goodbye.java","messageBody":"","fileTypesAndContributionMap":{"java":{"insertions":8,"deletions":0}}},{"hash":"6b64fdd7b9624201424bf8edb7b0b981e2bc4cd7","isMergeCommit":false,"messageTitle":"Haru.java: rewrite parser skeleton","messageBody":"","fileTypesAndContributionMap":{"java":{"insertions":7,"deletions":3}}},{"hash":"89c870c40867e11f98518e8df85527838fa4676b","isMergeCommit":false,"messageTitle":"Haru.java: remove echo output","messageBody":"","fileTypesAndContributionMap":{"java":{"insertions":0,"deletions":1}}},{"hash":"16e05fb7d8420aee6949b264b0d68beaf02819a0","isMergeCommit":false,"messageTitle":"Add Task class","messageBody":"","fileTypesAndContributionMap":{"java":{"insertions":12,"deletions":0}}},{"hash":"bace1095ccca8919114bb12feffde2f81a947fc4","isMergeCommit":false,"messageTitle":"Haru.java: add task list","messageBody":"","fileTypesAndContributionMap":{"java":{"insertions":6,"deletions":0}}},{"hash":"936000e17c36eff47f1a5789ddff89bea11fc4cf","isMergeCommit":false,"messageTitle":"Add AddTask command class","messageBody":"","fileTypesAndContributionMap":{"java":{"insertions":19,"deletions":0}}},{"hash":"883ad76e43380d1e40f1faf5c4a8b73849f4f9dc","isMergeCommit":false,"messageTitle":"Add ListTasks command class","messageBody":"","tags":["Level-2"],"fileTypesAndContributionMap":{"java":{"insertions":17,"deletions":0}}},{"hash":"db2a0cda5461adf8a145cefe148d7feb78e0ac7a","isMergeCommit":false,"messageTitle":"Task.java: Add completion status","messageBody":"","fileTypesAndContributionMap":{"java":{"insertions":16,"deletions":1}}},{"hash":"c35a7ac666daba38a5a530ce2f2fc88519de3ce2","isMergeCommit":false,"messageTitle":"Add MarkTask command class","messageBody":"","fileTypesAndContributionMap":{"java":{"insertions":20,"deletions":0}}},{"hash":"9a44334bd2a9803fa773375ac335737aa6a1f4cb","isMergeCommit":false,"messageTitle":"Haru.java: rename parse to runCommand","messageBody":"","fileTypesAndContributionMap":{"java":{"insertions":2,"deletions":2}}},{"hash":"3e5ca8358095791eadf85b54e7275654d7c35cc5","isMergeCommit":false,"messageTitle":"Haru.java: add parseTaskId method","messageBody":"","fileTypesAndContributionMap":{"java":{"insertions":6,"deletions":0}}},{"hash":"563757f98ba27a8a23f7a2cea43a0c46d2c2886d","isMergeCommit":false,"messageTitle":"Refactor MarkTask.java","messageBody":"","fileTypesAndContributionMap":{"java":{"insertions":2,"deletions":7}}},{"hash":"e1cbbc6e84ea2745b4f8a64e9794201ff6df2292","isMergeCommit":false,"messageTitle":"Add UnmarkTask command class","messageBody":"","tags":["Level-3","A-Classes"],"fileTypesAndContributionMap":{"java":{"insertions":15,"deletions":0}}}]},{"date":"2025-08-22T00:00:00","commitResults":[{"hash":"037d6beb23883c3b9b08664f94cabcf6205e28d7","isMergeCommit":false,"messageTitle":"Command.java: make options field final","messageBody":"","fileTypesAndContributionMap":{"java":{"insertions":1,"deletions":2}}},{"hash":"3db4952e08634b8bba57411323da76a6271170ad","isMergeCommit":false,"messageTitle":"Make Task class abstract","messageBody":"","fileTypesAndContributionMap":{"java":{"insertions":1,"deletions":1}}},{"hash":"f27b2fa9010e32fc76b166264b7470cb4b7cd26a","isMergeCommit":false,"messageTitle":"Task.java: add type field","messageBody":"","fileTypesAndContributionMap":{"java":{"insertions":5,"deletions":2}}},{"hash":"bda2ee83ecd5cf68ce14abdc1c93bb12d43e334b","isMergeCommit":false,"messageTitle":"Make AddTask class abstract","messageBody":"","fileTypesAndContributionMap":{"java":{"insertions":2,"deletions":10}}},{"hash":"ec9ca783db30e3f1d22cd5d0ffce27eafadde252","isMergeCommit":false,"messageTitle":"AddTask.java: add constructor","messageBody":"","fileTypesAndContributionMap":{"java":{"insertions":4,"deletions":0}}},{"hash":"7611a049cb01cdceb44b3123ac5c2aaf9b12e3d4","isMergeCommit":false,"messageTitle":"Add ToDo task class","messageBody":"","fileTypesAndContributionMap":{"java":{"insertions":5,"deletions":0}}}]}]},"authorFileTypeContributionMap":{"SanguineChameleon":{"java":189,"md":0,"fxml":0,"sh":0,"bat":1,"gradle":0,"txt":0}},"authorContributionVariance":{"SanguineChameleon":2132.4622},"authorDisplayNameMap":{"SanguineChameleon":"NGUY..KHOA"}}
