{"authorDailyContributionsMap":{"SanguineChameleon":[{"date":"2025-08-19T00:00:00","commitResults":[{"hash":"1e47e3aa2bce78bd630aa8be2129bf835d0bdd73","isMergeCommit":false,"messageTitle":"Duke.java: Rename Duke to Haru","messageBody":"","fileTypesAndContributionMap":{"java":{"insertions":4,"deletions":10}}},{"hash":"1108085f153311b7f46ef13b94cc54693ffa3273","isMergeCommit":false,"messageTitle":"runtest.bat: Rename Duke to Haru","messageBody":"","fileTypesAndContributionMap":{"bat":{"insertions":1,"deletions":1}}},{"hash":"fe4ede5cffd9f97191a22efc1fd0699c7f2e19ef","isMergeCommit":false,"messageTitle":"Haru.java: Add greet and exit messages","messageBody":"","tags":["Level-0"],"fileTypesAndContributionMap":{"java":{"insertions":10,"deletions":0}}},{"hash":"c4a2a97e8c9a71d58ba5cf055604b26e7851fb55","isMergeCommit":false,"messageTitle":"Haru.java: Rename greet() to hello() and exit() to goodbye()","messageBody":"","fileTypesAndContributionMap":{"java":{"insertions":4,"deletions":4}}},{"hash":"6480429b8c71a90ae49721e36ed08b28a420d36d","isMergeCommit":false,"messageTitle":"Create Command class","messageBody":"","fileTypesAndContributionMap":{"java":{"insertions":3,"deletions":0}}},{"hash":"acb3117232163bebc983c11ac1ac5fc39716d3da","isMergeCommit":false,"messageTitle":"Move hello() and goodbye() methods to separate classes","messageBody":"","fileTypesAndContributionMap":{"java":{"insertions":14,"deletions":10}}},{"hash":"c2a0d583400c5af28ad0690fe80ae9fe1ebd12bb","isMergeCommit":false,"messageTitle":"Add basic parser skeleton with echo output","messageBody":"","tags":["Level-1"],"fileTypesAndContributionMap":{"java":{"insertions":23,"deletions":1}}}]},{"date":"2025-08-21T00:00:00","commitResults":[{"hash":"0aefcd07849cd4c609bca3c942053d323979e81f","isMergeCommit":false,"messageTitle":"Command.java: Add basic parser","messageBody":"","fileTypesAndContributionMap":{"java":{"insertions":27,"deletions":0}}},{"hash":"77f4cecda88f06881bf2082f79bf9503c7be40f8","isMergeCommit":false,"messageTitle":"Add constructors to Hello.java and Goodbye.java","messageBody":"","fileTypesAndContributionMap":{"java":{"insertions":8,"deletions":0}}},{"hash":"6b64fdd7b9624201424bf8edb7b0b981e2bc4cd7","isMergeCommit":false,"messageTitle":"Haru.java: rewrite parser skeleton","messageBody":"","fileTypesAndContributionMap":{"java":{"insertions":7,"deletions":3}}},{"hash":"89c870c40867e11f98518e8df85527838fa4676b","isMergeCommit":false,"messageTitle":"Haru.java: remove echo output","messageBody":"","fileTypesAndContributionMap":{"java":{"insertions":0,"deletions":1}}},{"hash":"16e05fb7d8420aee6949b264b0d68beaf02819a0","isMergeCommit":false,"messageTitle":"Add Task class","messageBody":"","fileTypesAndContributionMap":{"java":{"insertions":12,"deletions":0}}},{"hash":"bace1095ccca8919114bb12feffde2f81a947fc4","isMergeCommit":false,"messageTitle":"Haru.java: add task list","messageBody":"","fileTypesAndContributionMap":{"java":{"insertions":6,"deletions":0}}},{"hash":"936000e17c36eff47f1a5789ddff89bea11fc4cf","isMergeCommit":false,"messageTitle":"Add AddTask command class","messageBody":"","fileTypesAndContributionMap":{"java":{"insertions":19,"deletions":0}}},{"hash":"883ad76e43380d1e40f1faf5c4a8b73849f4f9dc","isMergeCommit":false,"messageTitle":"Add ListTasks command class","messageBody":"","tags":["Level-2"],"fileTypesAndContributionMap":{"java":{"insertions":17,"deletions":0}}},{"hash":"db2a0cda5461adf8a145cefe148d7feb78e0ac7a","isMergeCommit":false,"messageTitle":"Task.java: Add completion status","messageBody":"","fileTypesAndContributionMap":{"java":{"insertions":16,"deletions":1}}},{"hash":"c35a7ac666daba38a5a530ce2f2fc88519de3ce2","isMergeCommit":false,"messageTitle":"Add MarkTask command class","messageBody":"","fileTypesAndContributionMap":{"java":{"insertions":20,"deletions":0}}},{"hash":"9a44334bd2a9803fa773375ac335737aa6a1f4cb","isMergeCommit":false,"messageTitle":"Haru.java: rename parse to runCommand","messageBody":"","fileTypesAndContributionMap":{"java":{"insertions":2,"deletions":2}}},{"hash":"3e5ca8358095791eadf85b54e7275654d7c35cc5","isMergeCommit":false,"messageTitle":"Haru.java: add parseTaskId method","messageBody":"","fileTypesAndContributionMap":{"java":{"insertions":6,"deletions":0}}},{"hash":"563757f98ba27a8a23f7a2cea43a0c46d2c2886d","isMergeCommit":false,"messageTitle":"Refactor MarkTask.java","messageBody":"","fileTypesAndContributionMap":{"java":{"insertions":2,"deletions":7}}},{"hash":"e1cbbc6e84ea2745b4f8a64e9794201ff6df2292","isMergeCommit":false,"messageTitle":"Add UnmarkTask command class","messageBody":"","tags":["Level-3","A-Classes"],"fileTypesAndContributionMap":{"java":{"insertions":15,"deletions":0}}}]},{"date":"2025-08-22T00:00:00","commitResults":[{"hash":"037d6beb23883c3b9b08664f94cabcf6205e28d7","isMergeCommit":false,"messageTitle":"Command.java: make options field final","messageBody":"","fileTypesAndContributionMap":{"java":{"insertions":1,"deletions":2}}},{"hash":"3db4952e08634b8bba57411323da76a6271170ad","isMergeCommit":false,"messageTitle":"Make Task class abstract","messageBody":"","fileTypesAndContributionMap":{"java":{"insertions":1,"deletions":1}}},{"hash":"f27b2fa9010e32fc76b166264b7470cb4b7cd26a","isMergeCommit":false,"messageTitle":"Task.java: add type field","messageBody":"","fileTypesAndContributionMap":{"java":{"insertions":5,"deletions":2}}},{"hash":"bda2ee83ecd5cf68ce14abdc1c93bb12d43e334b","isMergeCommit":false,"messageTitle":"Make AddTask class abstract","messageBody":"","fileTypesAndContributionMap":{"java":{"insertions":2,"deletions":10}}},{"hash":"ec9ca783db30e3f1d22cd5d0ffce27eafadde252","isMergeCommit":false,"messageTitle":"AddTask.java: add constructor","messageBody":"","fileTypesAndContributionMap":{"java":{"insertions":4,"deletions":0}}},{"hash":"7611a049cb01cdceb44b3123ac5c2aaf9b12e3d4","isMergeCommit":false,"messageTitle":"Add ToDo task class","messageBody":"","fileTypesAndContributionMap":{"java":{"insertions":5,"deletions":0}}},{"hash":"b64f92f1686d3f7f8b227746d3f697daa13a8b0a","isMergeCommit":false,"messageTitle":"Task.java: remove space in toString() format","messageBody":"","fileTypesAndContributionMap":{"java":{"insertions":1,"deletions":1}}},{"hash":"b4cca8394b332ebc554810f48bbd959a8d2c7f4f","isMergeCommit":false,"messageTitle":"Add AddToDo command class","messageBody":"","fileTypesAndContributionMap":{"java":{"insertions":13,"deletions":1}}},{"hash":"7cf3f467ab68a98e3700b8160ccc193b4b120226","isMergeCommit":false,"messageTitle":"Command.java: Implement option parsing","messageBody":"","fileTypesAndContributionMap":{"java":{"insertions":9,"deletions":1}}},{"hash":"3c13c57f7203ecea040e6511b2985dce03986fa0","isMergeCommit":false,"messageTitle":"Task.java: add getName() method","messageBody":"","fileTypesAndContributionMap":{"java":{"insertions":5,"deletions":1}}},{"hash":"1e6a26cfd92d23740d030c5ec550568fade40c20","isMergeCommit":false,"messageTitle":"Add Deadline task class","messageBody":"","fileTypesAndContributionMap":{"java":{"insertions":13,"deletions":0}}},{"hash":"4cece980b53f530d9c6bd92183efe68c7c8e2bb4","isMergeCommit":false,"messageTitle":"Add AddDeadline command class","messageBody":"","fileTypesAndContributionMap":{"java":{"insertions":14,"deletions":0}}},{"hash":"b06dba83c91e3722c3b5ece382e676f78c74932f","isMergeCommit":false,"messageTitle":"Deadline.java: remove colon in toString()","messageBody":"","fileTypesAndContributionMap":{"java":{"insertions":1,"deletions":1}}},{"hash":"52149b8809ca6a5048e38a9436d3a2ccf54b1cf9","isMergeCommit":false,"messageTitle":"Add Event task class","messageBody":"","fileTypesAndContributionMap":{"java":{"insertions":15,"deletions":0}}},{"hash":"87a980ebb216a9897735eff1aa82eae46b1db01c","isMergeCommit":false,"messageTitle":"Add AddEvent command class","messageBody":"","tags":["Level-4","A-Inheritance"],"fileTypesAndContributionMap":{"java":{"insertions":15,"deletions":0}}},{"hash":"8fab73495f2c13b649cbdd639a3eb181bc1b2565","isMergeCommit":false,"messageTitle":"Add basic text UI test","messageBody":"","tags":["A-TextUiTesting"],"fileTypesAndContributionMap":{"txt":{"insertions":18,"deletions":0}}},{"hash":"8dd64a0ccd6b9f03e4bd7c09c7f998ae5c3f212c","isMergeCommit":false,"messageTitle":"Add abstract HaruException class","messageBody":"","fileTypesAndContributionMap":{"java":{"insertions":5,"deletions":0}}},{"hash":"cdeb02d6cfea28bd479fd97e1c148832ee96ae9a","isMergeCommit":false,"messageTitle":"Add exception for empty arguments","messageBody":"","fileTypesAndContributionMap":{"java":{"insertions":5,"deletions":0}}},{"hash":"197c7d319f2b584849380f8e37f158eb993a8873","isMergeCommit":false,"messageTitle":"Add exception for empty commands","messageBody":"","fileTypesAndContributionMap":{"java":{"insertions":5,"deletions":0}}},{"hash":"80dd681ca2ed7dcc4765734df0bd30248dcfdf82","isMergeCommit":false,"messageTitle":"Rename EmptyArgument to EmptyArgumentException","messageBody":"","fileTypesAndContributionMap":{"java":{"insertions":5,"deletions":0}}},{"hash":"8eebe084b235378e7da8adb9dd06e7ede944f7c2","isMergeCommit":false,"messageTitle":"Rename EmptyCommand to EmptyCommandException","messageBody":"","fileTypesAndContributionMap":{"java":{"insertions":5,"deletions":0}}},{"hash":"12f4c91a3cd5beceaf9e1bcf95f260e77a4b2d08","isMergeCommit":false,"messageTitle":"Remove old files (EmptyArgument, EmptyCommand)","messageBody":"","fileTypesAndContributionMap":{"java":{"insertions":0,"deletions":10}}},{"hash":"6791bce4fa00d38c3e6e5ef8678ae747c4401e85","isMergeCommit":false,"messageTitle":"Haru.java: add exception handling","messageBody":"","fileTypesAndContributionMap":{"java":{"insertions":8,"deletions":2}}},{"hash":"cbc4b62d10bf1a5ab5997a3c245a3ff43abcd3da","isMergeCommit":false,"messageTitle":"Haru.java: throw EmptyCommandException","messageBody":"","fileTypesAndContributionMap":{"java":{"insertions":3,"deletions":1}}},{"hash":"4f8c53db534d5912e9ca0c998fc866c8f44b795d","isMergeCommit":false,"messageTitle":"Add UnknownCommandException","messageBody":"","fileTypesAndContributionMap":{"java":{"insertions":5,"deletions":0}}},{"hash":"cab0eb65f7a099686c636ed3470b9c5e86fef6c4","isMergeCommit":false,"messageTitle":"UnknownCommandException.java: remove message parameter","messageBody":"","fileTypesAndContributionMap":{"java":{"insertions":1,"deletions":1}}},{"hash":"94e6e8d80eda8f70005f7a4a069d1bc569b5f934","isMergeCommit":false,"messageTitle":"Haru.java: throw UnknownCommandException","messageBody":"","fileTypesAndContributionMap":{"java":{"insertions":1,"deletions":1}}},{"hash":"a7bd556d49719cd21b955600a1e9173fdc57da13","isMergeCommit":false,"messageTitle":"Command.java: Add aliases field and rewrite constructor","messageBody":"","fileTypesAndContributionMap":{"java":{"insertions":4,"deletions":2}}},{"hash":"fee25237982b6949b9ab7ee050324a8e46f03386","isMergeCommit":false,"messageTitle":"Command.java: add getRequiredOption() method","messageBody":"","fileTypesAndContributionMap":{"java":{"insertions":9,"deletions":0}}},{"hash":"7849b9ae791bbd52e31a476e04e72e248af199e5","isMergeCommit":false,"messageTitle":"Command.java: add default alias for \"primary\" option","messageBody":"","fileTypesAndContributionMap":{"java":{"insertions":4,"deletions":0}}},{"hash":"96f9cb39d98b5b916f962ef8a28068b161019de1","isMergeCommit":false,"messageTitle":"AddTask.java: rewrite constructor","messageBody":"","fileTypesAndContributionMap":{"java":{"insertions":3,"deletions":2}}},{"hash":"325eb67d7a4f25a53dc3b92b95a045a1ab6eb450","isMergeCommit":false,"messageTitle":"Command.java: throw HaruException for execute()","messageBody":"","fileTypesAndContributionMap":{"java":{"insertions":1,"deletions":1}}},{"hash":"a7fd5d0322880b18ca8dd24b40f59d7ee8d6cd39","isMergeCommit":false,"messageTitle":"AddToDo.java: refactor and throw exception","messageBody":"","fileTypesAndContributionMap":{"java":{"insertions":6,"deletions":4}}},{"hash":"247bc4e5253865159dca867af389a1791bb52a30","isMergeCommit":false,"messageTitle":"AddDeadline.java: refactor and throw exception","messageBody":"","fileTypesAndContributionMap":{"java":{"insertions":10,"deletions":5}}},{"hash":"27037ff9533e3f751464d2caeb823d35da31eec4","isMergeCommit":false,"messageTitle":"AddEvent.java: refactor and throw exception","messageBody":"","fileTypesAndContributionMap":{"java":{"insertions":12,"deletions":5}}},{"hash":"8ba078ce68b4d7614f507028ce493e59a7d0763f","isMergeCommit":false,"messageTitle":"Goodbye.java: rewrite constructor","messageBody":"","fileTypesAndContributionMap":{"java":{"insertions":3,"deletions":1}}},{"hash":"602d89dfb1bd9ba73ea85c499d34969bfa56995b","isMergeCommit":false,"messageTitle":"Hello.java: rewrite constructor","messageBody":"","fileTypesAndContributionMap":{"java":{"insertions":3,"deletions":1}}},{"hash":"6c52d43a7f1818e32bdbceef8b056c7527c5abb8","isMergeCommit":false,"messageTitle":"ListTasks.java: rewrite constructor","messageBody":"","fileTypesAndContributionMap":{"java":{"insertions":2,"deletions":1}}},{"hash":"65b43102d06823a86950cbc41770914d1e8c5f15","isMergeCommit":false,"messageTitle":"MarkTask.java: rewrite constructor","messageBody":"","fileTypesAndContributionMap":{"java":{"insertions":3,"deletions":1}}},{"hash":"72cc70daad933cff3220fa05588f142ddfb97717","isMergeCommit":false,"messageTitle":"UnmarkTask.java: rewrite constructor","messageBody":"","fileTypesAndContributionMap":{"java":{"insertions":3,"deletions":1}}},{"hash":"3c29e1177ad3f9d472f5f889ba653975c8a4f950","isMergeCommit":false,"messageTitle":"AddEvent.java: remove TODO","messageBody":"","fileTypesAndContributionMap":{"java":{"insertions":0,"deletions":1}}},{"hash":"2be61ae3607870ea37f37fa49fab94b4b42c1898","isMergeCommit":false,"messageTitle":"MarkTask.java: refactor and throw exception","messageBody":"","fileTypesAndContributionMap":{"java":{"insertions":4,"deletions":3}}},{"hash":"3c227c14b7486b3c412383cf0b7c41c01077ce94","isMergeCommit":false,"messageTitle":"UnmarkTask.java: refactor and throw exception","messageBody":"","fileTypesAndContributionMap":{"java":{"insertions":4,"deletions":3}}},{"hash":"4eea8d9b22abdfe0948269edb1ab8919f3236b09","isMergeCommit":false,"messageTitle":"Add InvalidTaskIdException","messageBody":"","fileTypesAndContributionMap":{"java":{"insertions":8,"deletions":0}}},{"hash":"5651e4fb2765b2e0655ae7df8a95c584151deffd","isMergeCommit":false,"messageTitle":"Haru.java: throw exception for parseTaskId()","messageBody":"","fileTypesAndContributionMap":{"java":{"insertions":14,"deletions":4}}},{"hash":"6381fb465b0ec48d9b0de935e0fdbb7860aee8ab","isMergeCommit":false,"messageTitle":"Add UnknownOptionException","messageBody":"","fileTypesAndContributionMap":{"java":{"insertions":5,"deletions":0}}},{"hash":"2e2a12e77909cac019efb4723d202ec5f3b9482c","isMergeCommit":false,"messageTitle":"Goodbye.java: Add exclamation point at the end","messageBody":"","fileTypesAndContributionMap":{"java":{"insertions":1,"deletions":1}}},{"hash":"8c830767edbff8125324a35d58ef9b64955d7a6b","isMergeCommit":false,"messageTitle":"Command.java: throw exception for parse()","messageBody":"","fileTypesAndContributionMap":{"java":{"insertions":4,"deletions":2}}},{"hash":"5fecb4f319d3b1f65dcbd10ca4926aa3a3f8876c","isMergeCommit":false,"messageTitle":"Command.java: remove unused getOption()","messageBody":"","fileTypesAndContributionMap":{"java":{"insertions":0,"deletions":4}}},{"hash":"74279f70cd1a83c02c104645cabd86fa6331ee5c","isMergeCommit":false,"messageTitle":"Add more text UI tests","messageBody":"","tags":["Level-5","A-Exceptions"],"fileTypesAndContributionMap":{"txt":{"insertions":25,"deletions":0}}},{"hash":"31812ceb95d660dff6a8eaff7931ff19edb9017d","isMergeCommit":false,"messageTitle":"Add DeleteTask command class","messageBody":"","fileTypesAndContributionMap":{"java":{"insertions":20,"deletions":0}}},{"hash":"9f95321a8fbe6298e569b6bd7784df30fe67feed","isMergeCommit":false,"messageTitle":"Add more text UI tests for DeleteTask","messageBody":"","tags":["Level-6","A-Collections"],"fileTypesAndContributionMap":{"txt":{"insertions":9,"deletions":0}}},{"hash":"48abf41af36e3bf50336e0372e1840428398ce83","isMergeCommit":false,"messageTitle":"Add TaskType enum","messageBody":"","fileTypesAndContributionMap":{"java":{"insertions":15,"deletions":0}}},{"hash":"7762d4b36699c11e3c5afdf43e6de2f0b65ea281","isMergeCommit":false,"messageTitle":"Task.java: use TaskType enum instead of char","messageBody":"","fileTypesAndContributionMap":{"java":{"insertions":3,"deletions":3}}},{"hash":"41f22fbffa4e7e621c3504cab76357a255f952bb","isMergeCommit":false,"messageTitle":"ToDo.java, Event.java, Deadline.java: use TaskType enum instead of char","messageBody":"","tags":["A-Enums"],"fileTypesAndContributionMap":{"java":{"insertions":3,"deletions":3}}}]},{"date":"2025-08-27T00:00:00","commitResults":[{"hash":"3bb48367f6c5645f59dff6bfcfeb9fcb55eaf4bc","isMergeCommit":false,"messageTitle":"Add TaskList class","messageBody":"","fileTypesAndContributionMap":{"java":{"insertions":32,"deletions":0}}},{"hash":"57f0ee42de923f9728c64f9c90167076602901d6","isMergeCommit":false,"messageTitle":"TaskList.java: add temporary getTasks() method","messageBody":"","fileTypesAndContributionMap":{"java":{"insertions":5,"deletions":0}}},{"hash":"5dc3210239f97643fef9051ffa60aa2617acad84","isMergeCommit":false,"messageTitle":"Haru.java: use TaskList instance","messageBody":"","fileTypesAndContributionMap":{"java":{"insertions":11,"deletions":3}}},{"hash":"47b7d448384d8ba81c1b9d42d84cc42d2a6248d2","isMergeCommit":false,"messageTitle":"Command.java: add taskList field","messageBody":"","fileTypesAndContributionMap":{"java":{"insertions":3,"deletions":1}}},{"hash":"83d303a7a4213ab694357aeddb9b50f9958e7e74","isMergeCommit":false,"messageTitle":"Add CommandContext class","messageBody":"","fileTypesAndContributionMap":{"java":{"insertions":7,"deletions":0}}},{"hash":"8c1b8c85e21f5b999234b8a7ef28aed554ac7c18","isMergeCommit":false,"messageTitle":"Command.java: replace TaskList field with CommandContext field","messageBody":"","fileTypesAndContributionMap":{"java":{"insertions":3,"deletions":3}}},{"hash":"cc723ec0d75bdcad99df82e7967f7ed5cf9a9cee","isMergeCommit":false,"messageTitle":"CommandContext.java: add getTaskList() method","messageBody":"","fileTypesAndContributionMap":{"java":{"insertions":4,"deletions":0}}},{"hash":"544f15a3dfdf37011cb5a04e03eae19b40d724f3","isMergeCommit":false,"messageTitle":"Haru.java: use CommandContext instance","messageBody":"","fileTypesAndContributionMap":{"java":{"insertions":7,"deletions":5}}},{"hash":"5d88688397769e15d3eb00456174c8925fd3b9d3","isMergeCommit":false,"messageTitle":"AddDeadline.java: use CommandContext instance in constructor","messageBody":"","fileTypesAndContributionMap":{"java":{"insertions":2,"deletions":2}}},{"hash":"29edc45b0eff4b647184e2fe520ccbf367b39519","isMergeCommit":false,"messageTitle":"AddEvent.java: use CommandContext instance in constructor","messageBody":"","fileTypesAndContributionMap":{"java":{"insertions":2,"deletions":2}}},{"hash":"37f86070edbd8017b199b783999ac07ca5d9c1e5","isMergeCommit":false,"messageTitle":"AddTask.java: use CommandContext instance in constructor","messageBody":"","fileTypesAndContributionMap":{"java":{"insertions":2,"deletions":2}}},{"hash":"0def1da012857919c14dba9c8918cabf4a7ba29e","isMergeCommit":false,"messageTitle":"AddToDo.java: use CommandContext instance in constructor","messageBody":"","fileTypesAndContributionMap":{"java":{"insertions":2,"deletions":2}}},{"hash":"b28c63d083cd683cf77ce6bddc0d7fcfa317a7c7","isMergeCommit":false,"messageTitle":"DeleteTask.java: use CommandContext instance in constructor","messageBody":"","fileTypesAndContributionMap":{"java":{"insertions":2,"deletions":2}}},{"hash":"9e92c287bf34658b390b06f32a30ca0a687fc274","isMergeCommit":false,"messageTitle":"Goodbye.java: use CommandContext instance in constructor","messageBody":"","fileTypesAndContributionMap":{"java":{"insertions":2,"deletions":2}}},{"hash":"fda5d8772fc87c94159c0c0c1fe052abee99975c","isMergeCommit":false,"messageTitle":"Hello.java: use CommandContext instance in constructor","messageBody":"","fileTypesAndContributionMap":{"java":{"insertions":2,"deletions":2}}},{"hash":"b98d5be20bf59a75de269cbb58d01dada975edf5","isMergeCommit":false,"messageTitle":"ListTasks.java: use CommandContext instance in constructor","messageBody":"","fileTypesAndContributionMap":{"java":{"insertions":2,"deletions":2}}},{"hash":"797f1f15c47906be1e2278d12ff9679673be7c08","isMergeCommit":false,"messageTitle":"MarkTask.java: use CommandContext instance in constructor","messageBody":"","fileTypesAndContributionMap":{"java":{"insertions":2,"deletions":2}}},{"hash":"3feb273c9447a408f3cc7e66756a2d0c3e32eafc","isMergeCommit":false,"messageTitle":"UnmarkTask.java: use CommandContext instance in constructor","messageBody":"","fileTypesAndContributionMap":{"java":{"insertions":2,"deletions":2}}},{"hash":"554e273e17c769d91bdb6660f88e2d703356798c","isMergeCommit":false,"messageTitle":"Haru.java: include Haru.ctx in all command constructors","messageBody":"","fileTypesAndContributionMap":{"java":{"insertions":9,"deletions":9}}},{"hash":"456fb1ab05eccd4bc6f1862c3c755920fe2bf7be","isMergeCommit":false,"messageTitle":"Haru.java: remove getTasks() method","messageBody":"","fileTypesAndContributionMap":{"java":{"insertions":0,"deletions":4}}},{"hash":"85103b9e37722e8ea060d8080ebecf3ed0b27c8b","isMergeCommit":false,"messageTitle":"Command.java: add getTaskList() method","messageBody":"","fileTypesAndContributionMap":{"java":{"insertions":4,"deletions":0}}},{"hash":"fdeb07da006c14c96933d52118a2a8d94624d32d","isMergeCommit":false,"messageTitle":"TaskList.java: add add() method","messageBody":"","fileTypesAndContributionMap":{"java":{"insertions":5,"deletions":0}}},{"hash":"bdafd50b06e6a424db93311def3813690d9fcb22","isMergeCommit":false,"messageTitle":"TaskList.java: add get() method","messageBody":"","fileTypesAndContributionMap":{"java":{"insertions":4,"deletions":0}}},{"hash":"c5330111bf4c7ce9a550c4f9b7b895b69da660a7","isMergeCommit":false,"messageTitle":"TaskList.java: add remove() method","messageBody":"","fileTypesAndContributionMap":{"java":{"insertions":5,"deletions":0}}},{"hash":"bff539406a51254e14a9b7b83754a412119962ce","isMergeCommit":false,"messageTitle":"TaskList.java: remove get() method","messageBody":"","fileTypesAndContributionMap":{"java":{"insertions":0,"deletions":4}}},{"hash":"c49c8b89f56d80a619a9623f39612f0cd7cc292e","isMergeCommit":false,"messageTitle":"TaskList.java: add mark() method","messageBody":"","fileTypesAndContributionMap":{"java":{"insertions":7,"deletions":0}}},{"hash":"2c7c6ae289082ef43db7c26cb2a5503f4667ba12","isMergeCommit":false,"messageTitle":"TaskList.java: add unmark() method","messageBody":"","fileTypesAndContributionMap":{"java":{"insertions":7,"deletions":0}}},{"hash":"134fc8cb8a89dad83a5f0c6c00a0806a2faaab26","isMergeCommit":false,"messageTitle":"AddTask.java: refactor add() method to use TaskList","messageBody":"","fileTypesAndContributionMap":{"java":{"insertions":3,"deletions":4}}},{"hash":"5acb2a4dc0fcbbdf690891d7ded12792c0cfb7ad","isMergeCommit":false,"messageTitle":"Command.java: throw IOException for execute()","messageBody":"","fileTypesAndContributionMap":{"java":{"insertions":2,"deletions":1}}},{"hash":"672e83445c93d1f20d9506c1e081f47848dad6d9","isMergeCommit":false,"messageTitle":"AddDeadline.java: throw IOException() for execute()","messageBody":"","fileTypesAndContributionMap":{"java":{"insertions":2,"deletions":1}}},{"hash":"eacf56c69ae7a25bea314a807a6c1fbeca1a5c41","isMergeCommit":false,"messageTitle":"Haru.java: throw IOException() for runCommand()","messageBody":"","fileTypesAndContributionMap":{"java":{"insertions":1,"deletions":1}}},{"hash":"85250dea6ec47023603f04e8d1db385e132c3b48","isMergeCommit":false,"messageTitle":"Haru.java: handle IOException() during runtime","messageBody":"","fileTypesAndContributionMap":{"java":{"insertions":7,"deletions":2}}},{"hash":"8df88b4f8d65c2744539464c8861e9338a5be03f","isMergeCommit":false,"messageTitle":"MarkTask.java: throw IOException() for execute()","messageBody":"","fileTypesAndContributionMap":{"java":{"insertions":3,"deletions":3}}},{"hash":"fc319ad19daf4f2ad8c5c08a5d22bf3ef7c8774f","isMergeCommit":false,"messageTitle":"UnmarkTask.java: throw IOException() for execute()","messageBody":"","fileTypesAndContributionMap":{"java":{"insertions":3,"deletions":3}}},{"hash":"2606a8a709560f1f0a8b9015d62470ba2201e00a","isMergeCommit":false,"messageTitle":"AddToDo.java: throw IOException() for execute()","messageBody":"","fileTypesAndContributionMap":{"java":{"insertions":2,"deletions":1}}},{"hash":"1052d08e910d11d66f87d8e679492c5100ab77fc","isMergeCommit":false,"messageTitle":"TaskList.java: add toString() method","messageBody":"","fileTypesAndContributionMap":{"java":{"insertions":12,"deletions":0}}},{"hash":"1ffd3bfeb341a3d2ab17cfa1254e08e24f5dd7c8","isMergeCommit":false,"messageTitle":"ListTasks.java: refactor execute() method to use TaskList","messageBody":"","fileTypesAndContributionMap":{"java":{"insertions":1,"deletions":4}}},{"hash":"06376ce5262ae66048da3dfd0416ee2d488ea082","isMergeCommit":false,"messageTitle":"Haru.java: remove unused import","messageBody":"","fileTypesAndContributionMap":{"java":{"insertions":5,"deletions":11}}},{"hash":"566e3d31219767007e392f1ee0d78729c0fac5e4","isMergeCommit":false,"messageTitle":"ListTasks.java: remove unused import","messageBody":"","fileTypesAndContributionMap":{"java":{"insertions":0,"deletions":1}}},{"hash":"4ff5de7fce2e74d6b83ef8ae24e5ff7f586da910","isMergeCommit":false,"messageTitle":"AddEvent.java: throw IOException() for execute()","messageBody":"","fileTypesAndContributionMap":{"java":{"insertions":2,"deletions":1}}},{"hash":"46801489723321f215d174b637578dc99a39384c","isMergeCommit":false,"messageTitle":"TaskList.java: update remove() method to return task","messageBody":"","fileTypesAndContributionMap":{"java":{"insertions":4,"deletions":2}}},{"hash":"586d09c349e598fc742f79b0430dde4c2aa0f73b","isMergeCommit":false,"messageTitle":"DeleteTask.java: refactor execute() method to use TaskList","messageBody":"","fileTypesAndContributionMap":{"java":{"insertions":3,"deletions":5}}},{"hash":"2415ecfb9f1c553ec6db972cd13f9e847cdc33cb","isMergeCommit":false,"messageTitle":"Task.java: implement Serializable","messageBody":"","fileTypesAndContributionMap":{"java":{"insertions":3,"deletions":1}}},{"hash":"1b5bf846a6523f67da5d43e825918ebd9223204d","isMergeCommit":true,"messageTitle":"Merge branch \u0027branch-Level-7\u0027","messageBody":"","tags":["Level-7"],"fileTypesAndContributionMap":{}},{"hash":"e948b261c6728b7cca233ff820f691242d5beaa0","isMergeCommit":false,"messageTitle":"Move parseTaskId() from Haru.java to TaskList.java","messageBody":"","fileTypesAndContributionMap":{"java":{"insertions":14,"deletions":14}}},{"hash":"f9bbc57386d72c277e290b694fc10696ce40d962","isMergeCommit":false,"messageTitle":"TaskList.java: remove unused getTasks() method","messageBody":"","fileTypesAndContributionMap":{"java":{"insertions":0,"deletions":5}}},{"hash":"54a29365f27d57ad580f4b627c2b88357397d664","isMergeCommit":false,"messageTitle":"DeleteTask.java: refactor execute() to use taskList.parseTaskId()","messageBody":"","fileTypesAndContributionMap":{"java":{"insertions":3,"deletions":2}}},{"hash":"d99c15da58055c2ef777601368042f3a67bc460f","isMergeCommit":false,"messageTitle":"MarkTask.java: refactor execute() to use taskList.parseTaskId()","messageBody":"","fileTypesAndContributionMap":{"java":{"insertions":3,"deletions":2}}},{"hash":"a0ddd6712db46ca3d5f3e9769595326d2aad5f64","isMergeCommit":false,"messageTitle":"UnmarkTask.java: refactor execute() to use taskList.parseTaskId()","messageBody":"","fileTypesAndContributionMap":{"java":{"insertions":3,"deletions":2}}},{"hash":"22706264732ab6d1fbf23b00d4014fe1c0acd40d","isMergeCommit":false,"messageTitle":"Add TaskTime class","messageBody":"","fileTypesAndContributionMap":{"java":{"insertions":34,"deletions":0}}},{"hash":"2d6a8c1dc43c335b97dd37eeef8658cc2b60a6f6","isMergeCommit":false,"messageTitle":"Deadline.java: use TaskTime field","messageBody":"","fileTypesAndContributionMap":{"java":{"insertions":2,"deletions":2}}},{"hash":"274c46b0c91208a4020ca5c08050bdb6fa8aa24c","isMergeCommit":false,"messageTitle":"Event.java: use TaskTime field","messageBody":"","fileTypesAndContributionMap":{"java":{"insertions":3,"deletions":3}}},{"hash":"074b35b2addb930381b4a12eb416af0d445ef0b0","isMergeCommit":false,"messageTitle":"Command.java: add getAlias() method","messageBody":"","fileTypesAndContributionMap":{"java":{"insertions":5,"deletions":1}}},{"hash":"a9b950238b74a7645bf5321ab28a864a51b8f749","isMergeCommit":false,"messageTitle":"Command.java: add getRequiredTime() method","messageBody":"","fileTypesAndContributionMap":{"java":{"insertions":6,"deletions":0}}},{"hash":"2399ab6460b6f383ce6fb243da1738cd1a5e1480","isMergeCommit":false,"messageTitle":"Command.java: remove getAlias() method","messageBody":"","fileTypesAndContributionMap":{"java":{"insertions":0,"deletions":4}}},{"hash":"a42d0300a2ef1fa6005219c1e65abacc7104a45f","isMergeCommit":false,"messageTitle":"AddEvent.java: refactor execute() to use getRequiredTime()","messageBody":"","fileTypesAndContributionMap":{"java":{"insertions":2,"deletions":2}}},{"hash":"72d6ae65913205b4f4ca99ab64173bbbd50447ce","isMergeCommit":false,"messageTitle":"AddDeadline.java: refactor execute() to use getRequiredTime()","messageBody":"","fileTypesAndContributionMap":{"java":{"insertions":1,"deletions":1}}},{"hash":"783efcdb13a95bb32e12f2a1a632adb79056cae1","isMergeCommit":false,"messageTitle":"Add InvalidTimeException class","messageBody":"","fileTypesAndContributionMap":{"java":{"insertions":5,"deletions":0}}},{"hash":"765ab8a75d7c45786b50c72f47df8b3da6cf7d64","isMergeCommit":false,"messageTitle":"TaskTime.java: throw InvalidTimeException() in constructor","messageBody":"","fileTypesAndContributionMap":{"java":{"insertions":1,"deletions":1}}},{"hash":"7e3472a9d5dbfc1c7ea16c4837dff984ec346f20","isMergeCommit":false,"messageTitle":"TaskTime.java: implements Serializable","messageBody":"","fileTypesAndContributionMap":{"java":{"insertions":2,"deletions":1}}},{"hash":"7fb388b117f083c9dfbbbe92a8fe5e56da17c194","isMergeCommit":false,"messageTitle":"TaskTime.java: change time output format","messageBody":"","fileTypesAndContributionMap":{"java":{"insertions":1,"deletions":1}}},{"hash":"4ebb7ebfd5222fade452d7631df271d91609feb9","isMergeCommit":false,"messageTitle":"Update text UI tests for time parsing","messageBody":"","fileTypesAndContributionMap":{"txt":{"insertions":8,"deletions":5}}},{"hash":"9647db01c0de8d08aaa0c3f7d599857cd9f24ad5","isMergeCommit":true,"messageTitle":"Merge branch \u0027branch-Level-8\u0027","messageBody":"","tags":["Level-8"],"fileTypesAndContributionMap":{}}]},{"date":"2025-08-28T00:00:00","commitResults":[{"hash":"afad5cbdb3a5dd4db6ccc8c5abd8bec941c52f16","isMergeCommit":false,"messageTitle":"Add UI class","messageBody":"","fileTypesAndContributionMap":{"java":{"insertions":9,"deletions":0}}},{"hash":"00c7fe0f9155de674c0941ccbf2a23865d62bf23","isMergeCommit":false,"messageTitle":"Haru.java: use UI for input/output","messageBody":"","fileTypesAndContributionMap":{"java":{"insertions":6,"deletions":4}}},{"hash":"db5aba035893547ef9bde053b4f825696e336edf","isMergeCommit":false,"messageTitle":"CommandContext.java: add UI field","messageBody":"","fileTypesAndContributionMap":{"java":{"insertions":3,"deletions":1}}},{"hash":"a28c209f571b13406b755469f68df6b63f2de6e9","isMergeCommit":false,"messageTitle":"Haru.java: make UI variable local","messageBody":"","fileTypesAndContributionMap":{"java":{"insertions":1,"deletions":2}}},{"hash":"21b0893eec87b3ba4b7796a3aa51f4a396526052","isMergeCommit":false,"messageTitle":"Haru.java: add UI to CommandContext constructor","messageBody":"","fileTypesAndContributionMap":{"java":{"insertions":1,"deletions":1}}},{"hash":"7638510618f2f9b92801335bf5facb46759e383a","isMergeCommit":false,"messageTitle":"CommandContext.java: add getUI() method","messageBody":"","fileTypesAndContributionMap":{"java":{"insertions":4,"deletions":0}}},{"hash":"83851c4cfc018032fc8d3afe1c1a4f5062ab26d6","isMergeCommit":false,"messageTitle":"Command.java: add getUI() method","messageBody":"","fileTypesAndContributionMap":{"java":{"insertions":4,"deletions":0}}},{"hash":"765938bff3a5784ee792fcccb9e1c723a10d8b1f","isMergeCommit":false,"messageTitle":"AddTask.java: use UI for output","messageBody":"","fileTypesAndContributionMap":{"java":{"insertions":2,"deletions":2}}},{"hash":"c8936b11f67cd2a009ef070abfc0cbaa88d58360","isMergeCommit":false,"messageTitle":"DeleteTask.java: use UI for output","messageBody":"","fileTypesAndContributionMap":{"java":{"insertions":2,"deletions":2}}},{"hash":"55bc348c60c919ff3297aff11bccc8a05d712230","isMergeCommit":false,"messageTitle":"Goodbye.java: use UI for output","messageBody":"","fileTypesAndContributionMap":{"java":{"insertions":1,"deletions":1}}},{"hash":"f099b13f38ea6ed1f178f7695adf521b27047ac0","isMergeCommit":false,"messageTitle":"Hello.java: use UI for output","messageBody":"","fileTypesAndContributionMap":{"java":{"insertions":1,"deletions":1}}},{"hash":"3724135f22f3ea5c4213b00cbf79382b34cfb05d","isMergeCommit":false,"messageTitle":"ListTasks.java: use UI for output","messageBody":"","fileTypesAndContributionMap":{"java":{"insertions":2,"deletions":2}}},{"hash":"ff776b661d00c7cf0e9178ac8563168897cf7ec1","isMergeCommit":false,"messageTitle":"MarkTask.java: use UI for output","messageBody":"","fileTypesAndContributionMap":{"java":{"insertions":2,"deletions":2}}},{"hash":"f206041b639dc575e68a093089a0cd2fafab302f","isMergeCommit":false,"messageTitle":"UnmarkTask.java: use UI for output","messageBody":"","tags":["A-MoreOOP"],"fileTypesAndContributionMap":{"java":{"insertions":2,"deletions":2}}}]},{"date":"2025-08-29T00:00:00","commitResults":[{"hash":"5fdee3efe306c69efa021654dc527af3509f8454","isMergeCommit":false,"messageTitle":"TaskList.java: replace wildcard import with explicit imports","messageBody":"","fileTypesAndContributionMap":{"java":{"insertions":6,"deletions":1}}},{"hash":"16ad1247135fcfb931bff8059078815ccb5f8cb0","isMergeCommit":false,"messageTitle":"exception: create package and update imports","messageBody":"","fileTypesAndContributionMap":{"java":{"insertions":40,"deletions":0}}},{"hash":"78857999362e08b1c3ba6fe48c771cdfaea35cfe","isMergeCommit":false,"messageTitle":"model: create package and update imports","messageBody":"","fileTypesAndContributionMap":{"java":{"insertions":24,"deletions":0}}},{"hash":"9cf20b333cce3648944a642afe7971182a9a3f02","isMergeCommit":false,"messageTitle":"ui: create package and update imports","messageBody":"","fileTypesAndContributionMap":{"java":{"insertions":6,"deletions":0}}},{"hash":"8f1934156855d3b463a7f49c5bd40921451c1451","isMergeCommit":false,"messageTitle":"TaskList.java: move to model package and update imports","messageBody":"","fileTypesAndContributionMap":{"java":{"insertions":8,"deletions":1}}},{"hash":"d94aa946438520e5404b494c06891569713c469f","isMergeCommit":false,"messageTitle":"command: create package and update imports","messageBody":"","fileTypesAndContributionMap":{"java":{"insertions":35,"deletions":0}}},{"hash":"e4658049617141370a562d0d1b987f7046e14798","isMergeCommit":false,"messageTitle":"app: create package and update imports","messageBody":"","tags":["A-Packages"],"fileTypesAndContributionMap":{"java":{"insertions":4,"deletions":0}}},{"hash":"7c6112d5e92dcaa576f405432f29252bbce8f96f","isMergeCommit":true,"messageTitle":"Merge branch \u0027add-gradle-support\u0027","messageBody":"","fileTypesAndContributionMap":{}},{"hash":"72c75628045d0efff3f0e5b1a494d23ce9c5e4f4","isMergeCommit":false,"messageTitle":"build.gradle: rename \"duke\" to \"haru\"","messageBody":"","fileTypesAndContributionMap":{"gradle":{"insertions":2,"deletions":2}}},{"hash":"3b82a2a1459b27723d4172fbffc7a47edcc5449e","isMergeCommit":false,"messageTitle":"TaskTime.java: rename \"_\" to \"e\"","messageBody":"","fileTypesAndContributionMap":{"java":{"insertions":1,"deletions":1}}},{"hash":"394dcd09a60666174e9231aac4f48c691574a4b6","isMergeCommit":false,"messageTitle":"TaskTime.java: add comment in empty catch block","messageBody":"","fileTypesAndContributionMap":{"java":{"insertions":1,"deletions":0}}},{"hash":"159a1868682b74909ce9de8d90612d0bbc21457a","isMergeCommit":false,"messageTitle":"UI.java: use Scanner instead of System console","messageBody":"","tags":["A-Gradle"],"fileTypesAndContributionMap":{"java":{"insertions":5,"deletions":1}}},{"hash":"9c74b326116ddc76ab76371042cd1eae58eb0342","isMergeCommit":false,"messageTitle":"TaskList.java: add fromList() method","messageBody":"","fileTypesAndContributionMap":{"java":{"insertions":4,"deletions":0}}},{"hash":"7cf97d8f9dd6270838d73453be0dd3d67857caa1","isMergeCommit":false,"messageTitle":"TaskList.java: check for null file path in writeToFile()","messageBody":"","fileTypesAndContributionMap":{"java":{"insertions":3,"deletions":0}}},{"hash":"39d5435992dfdf23a29017da1ea1e5ea6cb015f2","isMergeCommit":false,"messageTitle":"Add tests for TaskList.java","messageBody":"","fileTypesAndContributionMap":{"java":{"insertions":29,"deletions":0}}},{"hash":"657b91cfa63f9fedf0b624e94cf0786b64e04872","isMergeCommit":false,"messageTitle":"Add tests for TaskTime.java","messageBody":"","tags":["A-Jar","A-JUnit"],"fileTypesAndContributionMap":{"java":{"insertions":27,"deletions":0}}},{"hash":"7d43939d08434862aafbe453688283a3fac13646","isMergeCommit":false,"messageTitle":"AddDeadline.java: add JavaDoc comments","messageBody":"","fileTypesAndContributionMap":{"java":{"insertions":13,"deletions":0}}},{"hash":"973bfaa7313d9f9cf8ef3941b3a95671766afd39","isMergeCommit":false,"messageTitle":"AddEvent.java: add JavaDoc comments","messageBody":"","fileTypesAndContributionMap":{"java":{"insertions":14,"deletions":1}}},{"hash":"708e09898f394f13d56b64eaa62b8b3d58f3f561","isMergeCommit":false,"messageTitle":"AddTask.java: add JavaDoc comments","messageBody":"","fileTypesAndContributionMap":{"java":{"insertions":14,"deletions":0}}},{"hash":"6220f1377e2bbb474e947ff603c5fb01abd76c08","isMergeCommit":false,"messageTitle":"AddToDo.java: add JavaDoc comments","messageBody":"","fileTypesAndContributionMap":{"java":{"insertions":13,"deletions":0}}},{"hash":"4bb14085181a10149aafd7a94c41ad0bbf8b107c","isMergeCommit":false,"messageTitle":"Command.java: add JavaDoc comments","messageBody":"","fileTypesAndContributionMap":{"java":{"insertions":38,"deletions":0}}},{"hash":"16c80918e32e97517b5174f8955f5cc022267d97","isMergeCommit":false,"messageTitle":"CommandContext.java: add JavaDoc comments","messageBody":"","fileTypesAndContributionMap":{"java":{"insertions":17,"deletions":1}}},{"hash":"74c73da2bd11c56ea37eaf60017ca2f8b4224f2f","isMergeCommit":false,"messageTitle":"Deadline.java: add JavaDoc comments","messageBody":"","fileTypesAndContributionMap":{"java":{"insertions":12,"deletions":0}}},{"hash":"326e9a8373abc36d5403a8fea367fa413abc8b83","isMergeCommit":false,"messageTitle":"DeleteTask.java: add JavaDoc comments","messageBody":"","fileTypesAndContributionMap":{"java":{"insertions":13,"deletions":0}}},{"hash":"af887614fb22b628eabeff1ddf271d266d3cc743","isMergeCommit":false,"messageTitle":"EmptyArgumentException.java: add JavaDoc comments","messageBody":"","fileTypesAndContributionMap":{"java":{"insertions":8,"deletions":0}}},{"hash":"0007d6839b58a602ada3fa1bfecaad9dbe74c7a5","isMergeCommit":false,"messageTitle":"EmptyCommandException.java: add JavaDoc comments","messageBody":"","fileTypesAndContributionMap":{"java":{"insertions":7,"deletions":0}}},{"hash":"cfe84363782b2d89f5b22474f78eb124da62142d","isMergeCommit":false,"messageTitle":"Event.java: add JavaDoc comments","messageBody":"","fileTypesAndContributionMap":{"java":{"insertions":13,"deletions":0}}},{"hash":"019c93cc0dad214488226b3f5aefcd7d0a65eb50","isMergeCommit":false,"messageTitle":"Goodbye.java: add JavaDoc comments","messageBody":"","fileTypesAndContributionMap":{"java":{"insertions":11,"deletions":0}}},{"hash":"e579698ce6661cf9480223ba5feb89b5d33add47","isMergeCommit":false,"messageTitle":"Haru.java: add JavaDoc comments","messageBody":"","fileTypesAndContributionMap":{"java":{"insertions":17,"deletions":1}}},{"hash":"002afdf28087737c099bf8f853a24baa12009c24","isMergeCommit":false,"messageTitle":"HaruException.java: add JavaDoc comments","messageBody":"","fileTypesAndContributionMap":{"java":{"insertions":9,"deletions":1}}},{"hash":"26c7c570a3a1c08e65f27521bc3b4c335287b198","isMergeCommit":false,"messageTitle":"Hello.java: add JavaDoc comments","messageBody":"","fileTypesAndContributionMap":{"java":{"insertions":11,"deletions":0}}},{"hash":"3a3c5da580c196a023a93a844f0c4218eb945b60","isMergeCommit":false,"messageTitle":"InvalidTaskIdException.java: add JavaDoc comments","messageBody":"","fileTypesAndContributionMap":{"java":{"insertions":8,"deletions":0}}},{"hash":"b80f8929818894e01f36e925552647bdf2418a89","isMergeCommit":false,"messageTitle":"InvalidTimeException.java: add JavaDoc comments","messageBody":"","fileTypesAndContributionMap":{"java":{"insertions":8,"deletions":0}}},{"hash":"660099ea72254c25a6eea179d5e67e989f07fcac","isMergeCommit":false,"messageTitle":"ListTasks.java: add JavaDoc comments","messageBody":"","fileTypesAndContributionMap":{"java":{"insertions":11,"deletions":0}}},{"hash":"09262d0395f1b88284a476e0ccfbde8edb05042f","isMergeCommit":false,"messageTitle":"MarkTask.java: add JavaDoc comments","messageBody":"","fileTypesAndContributionMap":{"java":{"insertions":13,"deletions":0}}},{"hash":"3e681363e30f560a882994e261d7f6de333689e3","isMergeCommit":false,"messageTitle":"Task.java: add JavaDoc comments","messageBody":"","fileTypesAndContributionMap":{"java":{"insertions":27,"deletions":1}}},{"hash":"88eae744331721472238ca656054f2c5998cecd5","isMergeCommit":false,"messageTitle":"TaskList.java: add JavaDoc comments","messageBody":"","fileTypesAndContributionMap":{"java":{"insertions":64,"deletions":3}}},{"hash":"0bc1404fe058c1433383c48ce73c76eb524d6732","isMergeCommit":false,"messageTitle":"TaskTime.java: add JavaDoc comments","messageBody":"","fileTypesAndContributionMap":{"java":{"insertions":14,"deletions":1}}},{"hash":"b1f7beb52a04b36d482779a923455834daa66706","isMergeCommit":false,"messageTitle":"TaskType.java: add JavaDoc comments","messageBody":"","fileTypesAndContributionMap":{"java":{"insertions":11,"deletions":0}}},{"hash":"a2e8f939df7e595723ef280d180cd994b06f7950","isMergeCommit":false,"messageTitle":"ToDo.java: add JavaDoc comments","messageBody":"","fileTypesAndContributionMap":{"java":{"insertions":8,"deletions":0}}},{"hash":"eeb1edf78c3b4d08326072b40b7cb3c83074a6bc","isMergeCommit":false,"messageTitle":"UI.java: add JavaDoc comments","messageBody":"","fileTypesAndContributionMap":{"java":{"insertions":11,"deletions":0}}},{"hash":"eda2eed52010f60cd1c6c29a95c65511aa01ef21","isMergeCommit":false,"messageTitle":"UnknownCommandException.java: add JavaDoc comments","messageBody":"","fileTypesAndContributionMap":{"java":{"insertions":7,"deletions":0}}},{"hash":"6dd2e2e056909c2379aedf3fed89b8197f01c788","isMergeCommit":false,"messageTitle":"UnknownOptionException.java: add JavaDoc comments","messageBody":"","fileTypesAndContributionMap":{"java":{"insertions":8,"deletions":0}}},{"hash":"f0bbf65708a407e2cb5103189d9b22f7af3e5738","isMergeCommit":false,"messageTitle":"UnmarkTask.java: add JavaDoc comments","messageBody":"","fileTypesAndContributionMap":{"java":{"insertions":13,"deletions":0}}},{"hash":"d50a2658a0df90a0ff0259dd96afe6011ef99fee","isMergeCommit":false,"messageTitle":"AddDeadline.java: reformat to follow coding standard","messageBody":"","fileTypesAndContributionMap":{"java":{"insertions":4,"deletions":4}}},{"hash":"39fc2c683a4fe2c1239213044dc1cae59b0ad901","isMergeCommit":false,"messageTitle":"AddEvent.java: reformat to follow coding standard","messageBody":"","fileTypesAndContributionMap":{"java":{"insertions":4,"deletions":4}}},{"hash":"3dee959ee1dbef205b44f9f2b8714a75750b869f","isMergeCommit":false,"messageTitle":"AddTask.java: reformat to follow coding standard","messageBody":"","fileTypesAndContributionMap":{"java":{"insertions":2,"deletions":2}}},{"hash":"4d2e1b49d3368ae2ef9bf5e7b5851880bf2ca805","isMergeCommit":false,"messageTitle":"AddToDo.java: reformat to follow coding standard","messageBody":"","fileTypesAndContributionMap":{"java":{"insertions":3,"deletions":3}}},{"hash":"62f7936b66c2bb9f9e083c795c1904574f76fe37","isMergeCommit":false,"messageTitle":"Command.java: reformat to follow coding standard","messageBody":"","fileTypesAndContributionMap":{"java":{"insertions":3,"deletions":3}}},{"hash":"44a97b6e539e461043136a77cb025413455db47b","isMergeCommit":false,"messageTitle":"DeleteTask.java: reformat to follow coding standard","messageBody":"","fileTypesAndContributionMap":{"java":{"insertions":4,"deletions":4}}},{"hash":"6cb21668b0cd4cba3efe33f721a991ef4743c8dd","isMergeCommit":false,"messageTitle":"Goodbye.java: reformat to follow coding standard","messageBody":"","fileTypesAndContributionMap":{"java":{"insertions":2,"deletions":2}}},{"hash":"3762d119458b138d23268df23d02cdaae028df5a","isMergeCommit":false,"messageTitle":"Haru.java: reformat to follow coding standard","messageBody":"","fileTypesAndContributionMap":{"java":{"insertions":3,"deletions":3}}},{"hash":"8d50051c9fd5c44734ec61e35afa98db6b3d8d65","isMergeCommit":false,"messageTitle":"MarkTask.java: reformat to follow coding standard","messageBody":"","fileTypesAndContributionMap":{"java":{"insertions":4,"deletions":4}}},{"hash":"eb1940a36b7c1e698c40038ae4d71f6c0276b2a7","isMergeCommit":false,"messageTitle":"TaskList.java: reformat to follow coding standard","messageBody":"","fileTypesAndContributionMap":{"java":{"insertions":3,"deletions":3}}},{"hash":"d0f5f48f47a31fb09b0a36abf3ffd0628eefad44","isMergeCommit":false,"messageTitle":"TaskListTest.java: reformat to follow coding standard","messageBody":"","fileTypesAndContributionMap":{"java":{"insertions":6,"deletions":5}}},{"hash":"884b71be21cbf706a9b2d7178591c4746a2c753e","isMergeCommit":false,"messageTitle":"TaskTime.java: reformat to follow coding standard","messageBody":"","fileTypesAndContributionMap":{"java":{"insertions":3,"deletions":3}}},{"hash":"bd22f60099a27d88fdc4095b7259280de1f0beaf","isMergeCommit":false,"messageTitle":"TaskTimeTest.java: reformat to follow coding standard","messageBody":"","fileTypesAndContributionMap":{"java":{"insertions":8,"deletions":7}}},{"hash":"2c0bd784d6ec96000105dd0b8488e9a98800b33a","isMergeCommit":false,"messageTitle":"UnmarkTask.java: reformat to follow coding standard","messageBody":"","fileTypesAndContributionMap":{"java":{"insertions":4,"deletions":4}}},{"hash":"9aec8f07324304726394db9267eb4c84c87b3d75","isMergeCommit":false,"messageTitle":"TaskList.java: add find() method","messageBody":"","fileTypesAndContributionMap":{"java":{"insertions":19,"deletions":3}}},{"hash":"a7abcaf1b5e5200a7b7aaf2941572ad6df0c92c5","isMergeCommit":false,"messageTitle":"Add FindTasks command class","messageBody":"","fileTypesAndContributionMap":{"java":{"insertions":33,"deletions":0}}},{"hash":"72bd16b279e318448b2795f372e22aed2209db58","isMergeCommit":false,"messageTitle":"Haru.java: add FindTasks command","messageBody":"","fileTypesAndContributionMap":{"java":{"insertions":5,"deletions":3}}},{"hash":"b0aa53ffe354223568fd8ce5c6378c66432af56d","isMergeCommit":true,"messageTitle":"Merge branch \u0027branch-A-JavaDoc\u0027","messageBody":"","tags":["A-JavaDoc"],"fileTypesAndContributionMap":{}},{"hash":"9e8bc7584f0d5cd3d27fdc124068cdeadbf3b75e","isMergeCommit":true,"messageTitle":"Merge branch \u0027branch-A-CodingStandard\u0027","messageBody":"# Conflicts:\n#\tsrc/main/java/haru/app/Haru.java\n#\tsrc/main/java/haru/command/AddDeadline.java\n#\tsrc/main/java/haru/command/AddEvent.java\n#\tsrc/main/java/haru/command/AddTask.java\n#\tsrc/main/java/haru/command/AddToDo.java\n#\tsrc/main/java/haru/command/Command.java\n#\tsrc/main/java/haru/command/DeleteTask.java\n#\tsrc/main/java/haru/command/Goodbye.java\n#\tsrc/main/java/haru/command/MarkTask.java\n#\tsrc/main/java/haru/command/UnmarkTask.java\n#\tsrc/main/java/haru/model/TaskList.java\n#\tsrc/main/java/haru/model/TaskTime.java\n","tags":["A-CodingStandard"],"fileTypesAndContributionMap":{}},{"hash":"3dd40090418eec8e5228065f2ce347e1769ee1bc","isMergeCommit":true,"messageTitle":"Merge branch \u0027branch-Level-9\u0027","messageBody":"# Conflicts:\n#\tsrc/main/java/haru/app/Haru.java\n#\tsrc/main/java/haru/model/TaskList.java\n","fileTypesAndContributionMap":{}},{"hash":"5518108be710f58ce6b6fbd61d25d5b7cae9e046","isMergeCommit":false,"messageTitle":"Reformat code to follow coding standard","messageBody":"","tags":["Level-9"],"fileTypesAndContributionMap":{"java":{"insertions":76,"deletions":19}}}]},{"date":"2025-08-30T00:00:00","commitResults":[{"hash":"2bb6de75c40a2c8bdec7d3ac0236f9c89fd314f0","isMergeCommit":false,"messageTitle":"build.gradle: update for CheckStyle support","messageBody":"","fileTypesAndContributionMap":{"gradle":{"insertions":6,"deletions":1}}},{"hash":"e6a902e28df1b2eab993a88d7d6a6f8e5eaf0ecc","isMergeCommit":false,"messageTitle":"Command.java: reformat to follow CheckStyle","messageBody":"","fileTypesAndContributionMap":{"java":{"insertions":1,"deletions":1}}},{"hash":"96a42f85adce2a5d9ba6a31f00839ede2d7d02b5","isMergeCommit":false,"messageTitle":"CommandContext.java: reformat to follow CheckStyle","messageBody":"","fileTypesAndContributionMap":{"java":{"insertions":1,"deletions":1}}},{"hash":"08eb362cac40ebf77945b0896049f38063f938fa","isMergeCommit":false,"messageTitle":"FindTasks.java: reformat to follow CheckStyle","messageBody":"","fileTypesAndContributionMap":{"java":{"insertions":1,"deletions":1}}},{"hash":"20b239edfdca98fec6bac45a84e997e046b64684","isMergeCommit":false,"messageTitle":"Haru.java: reformat to follow CheckStyle","messageBody":"","fileTypesAndContributionMap":{"java":{"insertions":13,"deletions":10}}},{"hash":"f60df5aa42d0f6f932f36da137d0c061628d2265","isMergeCommit":false,"messageTitle":"Task.java: reformat to follow CheckStyle","messageBody":"","fileTypesAndContributionMap":{"java":{"insertions":2,"deletions":3}}},{"hash":"544a512fef300751eb64f17ab4831e7ea2c728ee","isMergeCommit":false,"messageTitle":"TaskList.java: reformat to follow CheckStyle","messageBody":"","fileTypesAndContributionMap":{"java":{"insertions":1,"deletions":1}}},{"hash":"fc524cbd2e80a8432d7952d42398c41a517e583c","isMergeCommit":false,"messageTitle":"TaskListTest.java: reformat to follow CheckStyle","messageBody":"","fileTypesAndContributionMap":{"java":{"insertions":1,"deletions":1}}},{"hash":"d84f8f93d92ccc6e9ed788712a75494134c42ee1","isMergeCommit":false,"messageTitle":"TaskTimeTest.java: reformat to follow CheckStyle","messageBody":"","fileTypesAndContributionMap":{"java":{"insertions":1,"deletions":1}}},{"hash":"ef3cef014863bd36066cf0334c76bc97c4ba2a26","isMergeCommit":true,"messageTitle":"Merge branch \u0027branch-A-CheckStyle\u0027","messageBody":"","tags":["A-CheckStyle"],"fileTypesAndContributionMap":{}}]}]},"authorFileTypeContributionMap":{"SanguineChameleon":{"java":1262,"md":0,"fxml":0,"sh":0,"bat":1,"gradle":7,"txt":55}},"authorContributionVariance":{"SanguineChameleon":43020.23},"authorDisplayNameMap":{"SanguineChameleon":"CS2103T-F13-3 NGUY..KHOA"}}
