{"authorDailyContributionsMap":{"limanjun99":[{"date":"2025-08-17T00:00:00","commitResults":[{"hash":"8048fdb787e0991195fccfed63fcd1ee8792d33e","isMergeCommit":false,"messageTitle":"Rename chatbot to Waddles","messageBody":"","tags":["Level-0"],"fileTypesAndContributionMap":{"java":{"insertions":29,"deletions":10},"bat":{"insertions":1,"deletions":1},"sh":{"insertions":1,"deletions":1},"md":{"insertions":11,"deletions":10}}},{"hash":"f8b09ddc34f04b71aab66d826edbee18eaba21e0","isMergeCommit":false,"messageTitle":"Echo user input","messageBody":"Add simple echoing functionality to Waddles.\n* Make Waddles echo user input until user enters \"bye\".\n* Make Waddles\u0027 output left-padded for readability.\n","tags":["Level-1"],"fileTypesAndContributionMap":{"java":{"insertions":26,"deletions":5}}},{"hash":"64669edc1097484ebd6a47d1965bc1641b9038ff","isMergeCommit":false,"messageTitle":"Refactor: Makes Waddles not a singleton.","messageBody":"Waddles is a singleton with only static methods.\nThis is unintentional, and can cause testability issues in the future.\n\nWe make all methods in Waddles non-static except for the main method.\n","fileTypesAndContributionMap":{"java":{"insertions":20,"deletions":10}}},{"hash":"b56cf9ee4fc8bc82c96170d89cbbd158f2545ad7","isMergeCommit":false,"messageTitle":"Support adding and listing user input","messageBody":"Make Waddles store all user input, and lists them on \"list\" command.\n","tags":["Level-2"],"fileTypesAndContributionMap":{"java":{"insertions":36,"deletions":10}}},{"hash":"b1a5b4e28149ec8b5af253845f5a86dee11851b4","isMergeCommit":false,"messageTitle":"Support marking tasks as done or undone","messageBody":"Make Waddles support two new commands:\n* mark \u003ctask_index\u003e: To mark the task at that index as done.\n* unmark \u003ctask_index\u003e: To mark the task at that index as not done.\n","tags":["Level-3"],"fileTypesAndContributionMap":{"java":{"insertions":61,"deletions":8}}}]},{"date":"2025-08-18T00:00:00","commitResults":[{"hash":"551378ac456844a3976310d7707cb527e21bcfa6","isMergeCommit":false,"messageTitle":"Categorise tasks into todos, deadlines, and events","messageBody":"When Waddles sees any input that is not a command, it treats it as\nadding a new task. This is not very intuitive behaviour.\n\nWe make this behaviour explicit with respect to the new task types, by\nadding support to Waddles for three new commands:\n* todo \u003ctask description\u003e\n* deadline \u003ctask description\u003e /by \u003cdeadline\u003e\n* event \u003ctask description\u003e /from \u003cstart\u003e /to \u003cend\u003e\n","tags":["Level-4"],"fileTypesAndContributionMap":{"java":{"insertions":91,"deletions":5}}},{"hash":"615be6bf17f630948f17544607f5a41b266988b3","isMergeCommit":false,"messageTitle":"Semi-automate regression testing","messageBody":"Waddles supports a few different types of commands. Testing them\nmanually can be a chore.\n\nWe add a testcase in input.txt, so that we can use run.sh to check the\noutput of Waddles on those commands against the expected output.\n","tags":["A-TextUiTesting"],"fileTypesAndContributionMap":{"txt":{"insertions":8,"deletions":0}}},{"hash":"5e46a7c49f86d834c31ec1b8a1c72026eaab571c","isMergeCommit":false,"messageTitle":"Standardize parsing of user input","messageBody":"User input is being parsed in each command handler in Waddles, leading\nto repetitive code.\n\nWe create a new Parser class that helps us parse user input. This can\nbe extended in the future to catch parsing errors.\n","fileTypesAndContributionMap":{"java":{"insertions":87,"deletions":44}}}]},{"date":"2025-08-19T00:00:00","commitResults":[{"hash":"e8004763e031ee0a250c1a96133d9fbb3401f311","isMergeCommit":false,"messageTitle":"Deal with errors in user input","messageBody":"Users may enter their commands wrongly or miss out some arguments.\n\nWe add some checking and error handling in the form of exceptions.\nErrors are printed to inform the user about what went wrong.\n","tags":["Level-5"],"fileTypesAndContributionMap":{"txt":{"insertions":8,"deletions":0},"java":{"insertions":69,"deletions":13}}},{"hash":"25c63231eb64079f4789526bb26f55be0007e046","isMergeCommit":false,"messageTitle":"Support deleting tasks","messageBody":"","tags":["Level-6"],"fileTypesAndContributionMap":{"txt":{"insertions":2,"deletions":0},"java":{"insertions":21,"deletions":0}}},{"hash":"cf6a7b2de1f5770072a37d98bc345238fa14b149","isMergeCommit":false,"messageTitle":"Change commands from strings to enums","messageBody":"Waddle\u0027s commands are represented as strings. This leads to multiple\nsources of truth for a command\u0027s name scattered throughout the codebase.\n\nWe add a new Commands enum, and use that instead of strings.\n","tags":["A-Enums"],"fileTypesAndContributionMap":{"java":{"insertions":52,"deletions":18}}}]},{"date":"2025-08-24T00:00:00","commitResults":[{"hash":"c0c9cfd05a02e83457b745c7011c2f33533b94b9","isMergeCommit":false,"messageTitle":"Update code formatting to follow Java style guide","messageBody":"","fileTypesAndContributionMap":{"java":{"insertions":11,"deletions":11}}},{"hash":"4229d6be631a7979ba6e4a7783630a40699637cc","isMergeCommit":false,"messageTitle":"Remove command from Exception message","messageBody":"WaddlesException has a command field, which is echoed to the user on\nerror messages. This is useless as the user already knows what command\nthey typed.\n\nWe remove that field and tidy up WaddlesException.\n","fileTypesAndContributionMap":{"java":{"insertions":12,"deletions":15}}},{"hash":"1f5cdfbbcdaead296fc882caa06f9ac0e8f51f9c","isMergeCommit":false,"messageTitle":"Add Tasks class to store list of tasks","messageBody":"An ArrayList is used to store the list of tasks. However, we want some\nextra functionality, such as range checks on get() that throws an\nappropriate WaddlesException.\n\nWe add a Tasks class here to replace ArrayList\u003cTask\u003e, so that we can\nconsolidate that functionality inside Tasks.\n","fileTypesAndContributionMap":{"java":{"insertions":72,"deletions":23}}}]},{"date":"2025-08-26T00:00:00","commitResults":[{"hash":"fc88b5fde016eb3a22d21f9e6b5bc7d1b695dab7","isMergeCommit":false,"messageTitle":"Persist task list across runs","messageBody":"All tasks are lost when Waddles terminates. The user needs to re-enter\nall their tasks each time they start up Waddles.\n\nWe add functionality to Waddles, such that it saves the task list to\ndisk after every command, and loads the task list from disk on startup.\n","fileTypesAndContributionMap":{"java":{"insertions":211,"deletions":19}}},{"hash":"0086ba7bd4c181fd3b45156a97526f3d43cd045e","isMergeCommit":true,"messageTitle":"Merge branch \u0027branch-level-7\u0027","messageBody":"","tags":["Level-7"],"fileTypesAndContributionMap":{}},{"hash":"8384c7d5bd845b3326e2ba30d8f418f3647d63a6","isMergeCommit":false,"messageTitle":"Use LocalDateTime instead of strings for date and times","messageBody":"","fileTypesAndContributionMap":{"txt":{"insertions":6,"deletions":4},"java":{"insertions":68,"deletions":15}}},{"hash":"5cb28eb300f158d83f991ac33f4a206255b6e10c","isMergeCommit":true,"messageTitle":"Merge branch \u0027branch-Level-8\u0027","messageBody":"","tags":["Level-8"],"fileTypesAndContributionMap":{}},{"hash":"21d0495cc95cf5df62a351ed32143f16a80cf031","isMergeCommit":false,"messageTitle":"Add WaddlesUi class for handling ui logic","messageBody":"","fileTypesAndContributionMap":{"java":{"insertions":107,"deletions":64}}},{"hash":"d187137c425031e52ad5cce492d56f6414edb41d","isMergeCommit":true,"messageTitle":"Merge branch \u0027branch-A-MoreOOP\u0027","messageBody":"","tags":["A-MoreOOP"],"fileTypesAndContributionMap":{}},{"hash":"87384c98d0b250a6d817b00b023f9701427daefb","isMergeCommit":false,"messageTitle":"Move all classes into a waddles package","messageBody":"","fileTypesAndContributionMap":{"java":{"insertions":23,"deletions":1},"bat":{"insertions":1,"deletions":1},"sh":{"insertions":1,"deletions":1}}},{"hash":"f95c78cd799b76678483fbee7bf626b0d022d200","isMergeCommit":false,"messageTitle":"Create package for tasks","messageBody":"","fileTypesAndContributionMap":{"java":{"insertions":16,"deletions":5}}},{"hash":"769409ede59f44c1b2f955ad5e5b265f9f62ddc5","isMergeCommit":true,"messageTitle":"Merge branch \u0027branch-A-Packages\u0027","messageBody":"","tags":["A-Packages"],"fileTypesAndContributionMap":{}},{"hash":"48dbc035ab283c76d5e561feda7cb53249b5705a","isMergeCommit":true,"messageTitle":"Merge branch \u0027add-gradle-support\u0027","messageBody":"","fileTypesAndContributionMap":{}},{"hash":"206486f205409ab3c77b37269ff99bd44052f20e","isMergeCommit":false,"messageTitle":"Modify gradle build file to fit this project","messageBody":"","tags":["A-Gradle"],"fileTypesAndContributionMap":{"gradle":{"insertions":3,"deletions":3}}},{"hash":"31d26e59881afa0551fe52bfc7c64b2e0f362722","isMergeCommit":false,"messageTitle":"Add unit tests with JUnit","messageBody":"","tags":["A-Jar","A-JUnit"],"fileTypesAndContributionMap":{"java":{"insertions":185,"deletions":0}}},{"hash":"186b68f7a2354e08063f7d3ff9d3014559eaf9a4","isMergeCommit":false,"messageTitle":"Add more JavaDoc comments","messageBody":"","fileTypesAndContributionMap":{"java":{"insertions":22,"deletions":0}}}]},{"date":"2025-08-27T00:00:00","commitResults":[{"hash":"7b6d52490a4bc37e4e898d1b14c5666effb98bee","isMergeCommit":false,"messageTitle":"Run auto formatter on all code files","messageBody":"","fileTypesAndContributionMap":{"java":{"insertions":5,"deletions":12}}},{"hash":"2dd42aab08edaeba21ac131f00226ec07f26aa5c","isMergeCommit":false,"messageTitle":"Update constant names to be in screaming snake case","messageBody":"","fileTypesAndContributionMap":{"java":{"insertions":13,"deletions":12}}},{"hash":"e9d2acb8d9562cbc1f5fdf982ce7eac9e2391efb","isMergeCommit":false,"messageTitle":"Update method names to be verbs","messageBody":"","fileTypesAndContributionMap":{"java":{"insertions":6,"deletions":6}}},{"hash":"ace8b37b4eabe4ec957c2498d0779b82fb96ca1b","isMergeCommit":false,"messageTitle":"Fix formatting with IntelliJ auto formatter","messageBody":"","fileTypesAndContributionMap":{"java":{"insertions":86,"deletions":79}}},{"hash":"6fd3d1d45a5a221343809be76ad62994a42ec988","isMergeCommit":false,"messageTitle":"Add functionality to Waddles to find tasks by keyword","messageBody":"","fileTypesAndContributionMap":{"txt":{"insertions":7,"deletions":0},"java":{"insertions":29,"deletions":0},"bat":{"insertions":1,"deletions":1},"sh":{"insertions":1,"deletions":1}}},{"hash":"b7e9b2c2f63bf3a3557783db7a248202c97f1c4a","isMergeCommit":true,"messageTitle":"Merge branch \u0027branch-A-JavaDoc\u0027","messageBody":"","tags":["A-JavaDoc"],"fileTypesAndContributionMap":{}},{"hash":"7e89108c15e482910c0617ef1043d4a22974cdb9","isMergeCommit":true,"messageTitle":"Merge branch \u0027branch-A-CodingStandard\u0027","messageBody":"","tags":["A-CodingStandard"],"fileTypesAndContributionMap":{}},{"hash":"8f6e6c08955e7d7c2cf7567e4b7fd852b61ae70f","isMergeCommit":true,"messageTitle":"Merge branch \u0027branch-Level-9\u0027","messageBody":"# Conflicts:\n#\tsrc/main/java/waddles/Command.java\n#\tsrc/main/java/waddles/task/Task.java\n","tags":["Level-9"],"fileTypesAndContributionMap":{}}]},{"date":"2025-09-01T00:00:00","commitResults":[{"hash":"61ff7cca4b8a4ee4556267f3e39b75a56fb3dc69","isMergeCommit":false,"messageTitle":"Add checkstyle configuration and gradle","messageBody":"","fileTypesAndContributionMap":{"gradle":{"insertions":5,"deletions":0}}},{"hash":"2b2643a9532c853a29824462bad97ccd346ce4cf","isMergeCommit":false,"messageTitle":"Fix checkstyle issues","messageBody":"","fileTypesAndContributionMap":{"java":{"insertions":42,"deletions":4}}},{"hash":"8f68dfabc286cd75fea133133741943d7021a1ac","isMergeCommit":true,"messageTitle":"Merge branch \u0027branch-A-CheckStyle\u0027","messageBody":"","tags":["A-CheckStyle"],"fileTypesAndContributionMap":{}}]},{"date":"2025-09-02T00:00:00","commitResults":[{"hash":"f463eb2d881584de55b0ff554d40a6000ea423ca","isMergeCommit":false,"messageTitle":"Add GUI to Waddles with JavaFX","messageBody":"","fileTypesAndContributionMap":{"gradle":{"insertions":15,"deletions":1},"fxml":{"insertions":43,"deletions":0},"java":{"insertions":291,"deletions":95},"md":{"insertions":7,"deletions":0}}},{"hash":"edd8dcbfa5eddad5b7ab346abbca6ed5661a7f42","isMergeCommit":true,"messageTitle":"Merge branch \u0027branch-Level-10\u0027","messageBody":"","tags":["Level-10"],"fileTypesAndContributionMap":{}}]},{"date":"2025-09-06T00:00:00","commitResults":[{"hash":"9cf687fb964302cab4510ecb3054dd831ff60f1b","isMergeCommit":false,"messageTitle":"Add assertions","messageBody":"We make assumptions about the set of values that certain variables can\ntake in the codebase. This is documented with a warning, but violating\nthe assumption leads to uncontrolled behaviour.\n\nWe add asserts to ensure that these assumptions hold at runtime.\n","fileTypesAndContributionMap":{"gradle":{"insertions":1,"deletions":0},"java":{"insertions":5,"deletions":0}}},{"hash":"4138795a5c35b533cb76c994620517b79fe8b550","isMergeCommit":false,"messageTitle":"Refactor to improve code quality","messageBody":"Some functions and expressions in the codebase are quite complicated.\nThis leads to poor readability.\n\nWe refactor some of the complexity to make it more readable.\n","fileTypesAndContributionMap":{"java":{"insertions":48,"deletions":27}}},{"hash":"b3c22288d4df00427fba6f05a7a6e6f5f9aedbac","isMergeCommit":false,"messageTitle":"Refactor finding tasks with Java stream","messageBody":"Finding tasks matching some description requires iterating through a\nlist of tasks and filtering. This is done with a for loop, but it is\nnot very descriptive.\n\nWe use Java streams instead of a for loop, so that the resulting code\nis more readable.\n","tags":["A-FullCommitMessage"],"fileTypesAndContributionMap":{"java":{"insertions":16,"deletions":7}}},{"hash":"2a2c745b3d7c2ba3f65074ef2d7ef2c94b166ec8","isMergeCommit":true,"messageTitle":"Merge pull request #1 from limanjun99/branch-A-Assertions","messageBody":"Add assertions","tags":["A-Assertions"],"fileTypesAndContributionMap":{}},{"hash":"1c6e29f6172e5fcb6d35c17003dd4b28a7bdf105","isMergeCommit":true,"messageTitle":"Merge branch \u0027master\u0027 into branch-A-CodeQuality","messageBody":"","fileTypesAndContributionMap":{}},{"hash":"24f98b5dbbbe87ef52b14807403c3f422a73ba6f","isMergeCommit":true,"messageTitle":"Merge branch \u0027master\u0027 into branch-A-Streams","messageBody":"","fileTypesAndContributionMap":{}},{"hash":"549ee43100d87a303993708cc8480b30c9359f5c","isMergeCommit":true,"messageTitle":"Merge pull request #2 from limanjun99/branch-A-CodeQuality","messageBody":"Refactor to improve code quality","tags":["A-CodeQuality"],"fileTypesAndContributionMap":{}},{"hash":"c78ddd04fc3d735b7667f19ca9626d16d1b284d7","isMergeCommit":true,"messageTitle":"Merge branch \u0027master\u0027 into branch-A-Streams","messageBody":"","fileTypesAndContributionMap":{}},{"hash":"2bd6c529757f528f3831baa83002f99597c8f399","isMergeCommit":true,"messageTitle":"Merge pull request #3 from limanjun99/branch-A-Streams","messageBody":"Refactor finding tasks with Java stream","tags":["A-Streams"],"fileTypesAndContributionMap":{}}]},{"date":"2025-09-08T00:00:00","commitResults":[{"hash":"98aee5d15206b3c9dbf13e4584415beb110885a7","isMergeCommit":false,"messageTitle":"Refactor command enum to make field final","messageBody":"The invalid enum of command stores the given command. This functionality\nis not used anywhere in the code, and prevents the name field from being\nfinal.\n\nWe remove this functionality, such that the invalid enum now just stores\nthe name \"invalid\", and we can make the name field final.\n","fileTypesAndContributionMap":{"java":{"insertions":3,"deletions":6}}}]}]},"authorFileTypeContributionMap":{"limanjun99":{"java":1248,"md":18,"fxml":43,"sh":2,"bat":2,"gradle":22,"txt":27}},"authorContributionVariance":{"limanjun99":26202.654},"authorDisplayNameMap":{"limanjun99":"CS2103T-T10-4 LIM .. JUN"}}
