{"authorDailyContributionsMap":{"michellee15":[{"date":"2025-08-19T00:00:00","commitResults":[{"hash":"42937dcf8989c74fe11d679fa38370ec8a5a2dce","isMergeCommit":false,"messageTitle":"Level-0","messageBody":"","tags":["Level-0"],"fileTypesAndContributionMap":{"java":{"insertions":10,"deletions":10}}},{"hash":"66f0c90bbc40fc4f60f1741fa1c09a1ef2557bd6","isMergeCommit":false,"messageTitle":"Level-1","messageBody":"","tags":["Level-1"],"fileTypesAndContributionMap":{"java":{"insertions":16,"deletions":2}}},{"hash":"3a1b98650a8c9db717c53ddeabba7d19353e3ba1","isMergeCommit":false,"messageTitle":"Level-2","messageBody":"","tags":["Level-2"],"fileTypesAndContributionMap":{"java":{"insertions":11,"deletions":1}}},{"hash":"b77ea4092d316d8b22332e2de9502e65ff5dbd80","isMergeCommit":false,"messageTitle":"Level-3","messageBody":"","fileTypesAndContributionMap":{"java":{"insertions":60,"deletions":16}}},{"hash":"f0c77dbb4820f9346d2af8dd4f711df33f9ed77c","isMergeCommit":false,"messageTitle":"replace tasks array to arraylist","messageBody":"","tags":["Level-3"],"fileTypesAndContributionMap":{"java":{"insertions":52,"deletions":12}}},{"hash":"b6cf8c003158fc33ecc04cec3a8d6d56e762a565","isMergeCommit":false,"messageTitle":"update jerry file to fix println","messageBody":"","fileTypesAndContributionMap":{"java":{"insertions":1,"deletions":1}}},{"hash":"60f73cd8886499807b998caa6a3f17375f54ad29","isMergeCommit":false,"messageTitle":"update Jerry println output","messageBody":"","fileTypesAndContributionMap":{"java":{"insertions":1,"deletions":1}}},{"hash":"83d9f982d2ecf2e3ad4db555e257692557e5d9d1","isMergeCommit":false,"messageTitle":"updated unmark case","messageBody":"","tags":["Level-3.1"],"fileTypesAndContributionMap":{"java":{"insertions":1,"deletions":1}}},{"hash":"0d11af4215e358616a877ec7e47e07fdfc9e429d","isMergeCommit":false,"messageTitle":"categorised into different types of tasks","messageBody":"","fileTypesAndContributionMap":{"java":{"insertions":24,"deletions":2}}}]},{"date":"2025-08-20T00:00:00","commitResults":[{"hash":"abda05f20954730ad8085928549f3daec77bfad5","isMergeCommit":false,"messageTitle":"categorised into different types of tasks","messageBody":"","fileTypesAndContributionMap":{"java":{"insertions":4,"deletions":2}}},{"hash":"350ffe6883a2270fd4d7272cc8b4504afb90f320","isMergeCommit":false,"messageTitle":"categorised into different types of tasks","messageBody":"","tags":["Level-4"],"fileTypesAndContributionMap":{"java":{"insertions":1,"deletions":1}}},{"hash":"12f4318e37ab28db532afb983ff0ddea490b8933","isMergeCommit":false,"messageTitle":"Categorised into different types of tasks","messageBody":"","fileTypesAndContributionMap":{"java":{"insertions":1,"deletions":1}}},{"hash":"36a6132a9f7200c3d52775aad8a230bb06662252","isMergeCommit":false,"messageTitle":"updated input and expected output files","messageBody":"","tags":["A-TextUiTesting"],"fileTypesAndContributionMap":{"txt":{"insertions":13,"deletions":0}}}]}]},"authorFileTypeContributionMap":{"michellee15":{"java":142,"md":0,"fxml":0,"sh":0,"bat":0,"gradle":0,"txt":13}},"authorContributionVariance":{"michellee15":3476.5913},"authorDisplayNameMap":{"michellee15":"MICH..ELLE"}}
