[{"path":"src/main/java/Deadline.java","fileType":"java","lines":[{"lineNumber":1,"author":{"gitId":"ChewyMochi"},"content":"public class Deadline extends Task {","lastModifiedDate":"2025-08-20T21:49:45","isFullCredit":false},{"lineNumber":2,"author":{"gitId":"ChewyMochi"},"content":"    private final String deadlineDate;","lastModifiedDate":"2025-08-20T21:49:45","isFullCredit":false},{"lineNumber":3,"author":{"gitId":"ChewyMochi"},"content":"","lastModifiedDate":"2025-08-20T21:49:45","isFullCredit":false},{"lineNumber":4,"author":{"gitId":"ChewyMochi"},"content":"    public Deadline(String description, String deadlineDate) {","lastModifiedDate":"2025-08-20T21:49:45","isFullCredit":false},{"lineNumber":5,"author":{"gitId":"ChewyMochi"},"content":"        super(description);","lastModifiedDate":"2025-08-20T21:49:45","isFullCredit":false},{"lineNumber":6,"author":{"gitId":"ChewyMochi"},"content":"        this.deadlineDate \u003d deadlineDate;","lastModifiedDate":"2025-08-20T21:49:45","isFullCredit":false},{"lineNumber":7,"author":{"gitId":"ChewyMochi"},"content":"    }","lastModifiedDate":"2025-08-20T21:49:45","isFullCredit":false},{"lineNumber":8,"author":{"gitId":"ChewyMochi"},"content":"","lastModifiedDate":"2025-08-20T21:49:45","isFullCredit":false},{"lineNumber":9,"author":{"gitId":"ChewyMochi"},"content":"    @Override","lastModifiedDate":"2025-08-20T21:49:45","isFullCredit":false},{"lineNumber":10,"author":{"gitId":"ChewyMochi"},"content":"    public String toString() {","lastModifiedDate":"2025-08-20T21:49:45","isFullCredit":false},{"lineNumber":11,"author":{"gitId":"ChewyMochi"},"content":"        return \"[D]\" + super.toString() + String.format(\" (by: %s)\", this.deadlineDate);","lastModifiedDate":"2025-08-20T21:49:45","isFullCredit":false},{"lineNumber":12,"author":{"gitId":"ChewyMochi"},"content":"    }","lastModifiedDate":"2025-08-20T21:49:45","isFullCredit":false},{"lineNumber":13,"author":{"gitId":"ChewyMochi"},"content":"}","lastModifiedDate":"2025-08-20T21:49:45","isFullCredit":false}],"authorContributionMap":{"ChewyMochi":13}},{"path":"src/main/java/Event.java","fileType":"java","lines":[{"lineNumber":1,"author":{"gitId":"ChewyMochi"},"content":"public class Event extends Task {","lastModifiedDate":"2025-08-20T22:36:16","isFullCredit":false},{"lineNumber":2,"author":{"gitId":"ChewyMochi"},"content":"    private final String eventStart;","lastModifiedDate":"2025-08-20T22:36:16","isFullCredit":false},{"lineNumber":3,"author":{"gitId":"ChewyMochi"},"content":"    private final String eventEnd;","lastModifiedDate":"2025-08-20T22:36:16","isFullCredit":false},{"lineNumber":4,"author":{"gitId":"ChewyMochi"},"content":"","lastModifiedDate":"2025-08-20T22:36:16","isFullCredit":false},{"lineNumber":5,"author":{"gitId":"ChewyMochi"},"content":"    public Event(String description, String eventStart, String eventEnd) {","lastModifiedDate":"2025-08-20T22:36:16","isFullCredit":false},{"lineNumber":6,"author":{"gitId":"ChewyMochi"},"content":"        super(description);","lastModifiedDate":"2025-08-20T22:36:16","isFullCredit":false},{"lineNumber":7,"author":{"gitId":"ChewyMochi"},"content":"        this.eventStart \u003d eventStart;","lastModifiedDate":"2025-08-20T22:36:16","isFullCredit":false},{"lineNumber":8,"author":{"gitId":"ChewyMochi"},"content":"        this.eventEnd \u003d eventEnd;","lastModifiedDate":"2025-08-20T22:36:16","isFullCredit":false},{"lineNumber":9,"author":{"gitId":"ChewyMochi"},"content":"    }","lastModifiedDate":"2025-08-20T22:36:16","isFullCredit":false},{"lineNumber":10,"author":{"gitId":"ChewyMochi"},"content":"","lastModifiedDate":"2025-08-20T22:36:16","isFullCredit":false},{"lineNumber":11,"author":{"gitId":"ChewyMochi"},"content":"    @Override","lastModifiedDate":"2025-08-20T22:36:16","isFullCredit":false},{"lineNumber":12,"author":{"gitId":"ChewyMochi"},"content":"    public String toString() {","lastModifiedDate":"2025-08-20T22:36:16","isFullCredit":false},{"lineNumber":13,"author":{"gitId":"ChewyMochi"},"content":"        return \"[E]\" + super.toString() + String.format(\" (from: %s to: %s)\", this.eventStart, this.eventEnd);","lastModifiedDate":"2025-08-20T22:36:16","isFullCredit":false},{"lineNumber":14,"author":{"gitId":"ChewyMochi"},"content":"    }","lastModifiedDate":"2025-08-20T22:36:16","isFullCredit":false},{"lineNumber":15,"author":{"gitId":"ChewyMochi"},"content":"}","lastModifiedDate":"2025-08-20T22:36:16","isFullCredit":false}],"authorContributionMap":{"ChewyMochi":15}},{"path":"src/main/java/MochiBot.java","fileType":"java","lines":[{"lineNumber":1,"author":{"gitId":"ChewyMochi"},"content":"import java.util.Arrays;","lastModifiedDate":"2025-08-20T21:41:30","isFullCredit":false},{"lineNumber":2,"author":{"gitId":"ChewyMochi"},"content":"import java.util.Scanner;","lastModifiedDate":"2025-08-20T17:29:16","isFullCredit":false},{"lineNumber":3,"author":{"gitId":"ChewyMochi"},"content":"import java.util.ArrayList;","lastModifiedDate":"2025-08-20T17:58:41","isFullCredit":false},{"lineNumber":4,"author":{"gitId":"ChewyMochi"},"content":"","lastModifiedDate":"2025-08-20T17:29:16","isFullCredit":false},{"lineNumber":5,"author":{"gitId":"ChewyMochi"},"content":"public class MochiBot {","lastModifiedDate":"2025-08-20T17:04:05","isFullCredit":false},{"lineNumber":6,"author":{"gitId":"ChewyMochi"},"content":"    public static ArrayList\u003cTask\u003e taskList \u003d new ArrayList\u003c\u003e(100);","lastModifiedDate":"2025-08-20T20:47:45","isFullCredit":false},{"lineNumber":7,"author":{"gitId":"ChewyMochi"},"content":"","lastModifiedDate":"2025-08-20T17:58:41","isFullCredit":false},{"lineNumber":8,"author":{"gitId":"ChewyMochi"},"content":"    public static void main(String[] args) {","lastModifiedDate":"2025-08-20T17:04:05","isFullCredit":false},{"lineNumber":9,"author":{"gitId":"ChewyMochi"},"content":"        Scanner scan \u003d new Scanner(System.in);","lastModifiedDate":"2025-08-20T23:53:45","isFullCredit":false},{"lineNumber":10,"author":{"gitId":"ChewyMochi"},"content":"        int taskIndex;","lastModifiedDate":"2025-08-20T21:09:41","isFullCredit":false},{"lineNumber":11,"author":{"gitId":"ChewyMochi"},"content":"        String[] taskNameArray;","lastModifiedDate":"2025-08-20T22:24:30","isFullCredit":false},{"lineNumber":12,"author":{"gitId":"ChewyMochi"},"content":"        String task;","lastModifiedDate":"2025-08-20T22:24:30","isFullCredit":false},{"lineNumber":13,"author":{"gitId":"ChewyMochi"},"content":"","lastModifiedDate":"2025-08-20T17:58:41","isFullCredit":false},{"lineNumber":14,"author":{"gitId":"ChewyMochi"},"content":"        greet();","lastModifiedDate":"2025-08-20T17:14:57","isFullCredit":false},{"lineNumber":15,"author":{"gitId":"ChewyMochi"},"content":"        while (true) {","lastModifiedDate":"2025-08-20T23:53:45","isFullCredit":false},{"lineNumber":16,"author":{"gitId":"ChewyMochi"},"content":"            String userInput \u003d scan.nextLine();","lastModifiedDate":"2025-08-20T21:03:40","isFullCredit":false},{"lineNumber":17,"author":{"gitId":"ChewyMochi"},"content":"            userInput \u003d userInput.trim();","lastModifiedDate":"2025-08-21T20:32:57","isFullCredit":false},{"lineNumber":18,"author":{"gitId":"ChewyMochi"},"content":"            String[] inputArray \u003d userInput.split(\" \");","lastModifiedDate":"2025-08-20T21:03:40","isFullCredit":false},{"lineNumber":19,"author":{"gitId":"ChewyMochi"},"content":"            String command \u003d inputArray[0];","lastModifiedDate":"2025-08-20T21:03:40","isFullCredit":false},{"lineNumber":20,"author":{"gitId":"ChewyMochi"},"content":"            try {","lastModifiedDate":"2025-08-21T20:09:54","isFullCredit":false},{"lineNumber":21,"author":{"gitId":"ChewyMochi"},"content":"                switch (command) {","lastModifiedDate":"2025-08-20T19:34:18","isFullCredit":false},{"lineNumber":22,"author":{"gitId":"ChewyMochi"},"content":"                case \"bye\":","lastModifiedDate":"2025-08-20T19:34:18","isFullCredit":false},{"lineNumber":23,"author":{"gitId":"ChewyMochi"},"content":"                    exit();","lastModifiedDate":"2025-08-20T17:18:15","isFullCredit":false},{"lineNumber":24,"author":{"gitId":"ChewyMochi"},"content":"                    System.exit(0);","lastModifiedDate":"2025-08-20T23:53:45","isFullCredit":false},{"lineNumber":25,"author":{"gitId":"ChewyMochi"},"content":"                case \"list\":","lastModifiedDate":"2025-08-20T19:34:18","isFullCredit":false},{"lineNumber":26,"author":{"gitId":"ChewyMochi"},"content":"                    if (taskList.isEmpty()) {","lastModifiedDate":"2025-08-21T20:09:54","isFullCredit":false},{"lineNumber":27,"author":{"gitId":"ChewyMochi"},"content":"                        System.out.println(\"______________________________________________\");","lastModifiedDate":"2025-08-21T20:09:54","isFullCredit":false},{"lineNumber":28,"author":{"gitId":"ChewyMochi"},"content":"                        System.out.println(\"Your list is empty! Feel free to add tasks 6(\u0027v\u0027)9.\");","lastModifiedDate":"2025-08-21T20:09:54","isFullCredit":false},{"lineNumber":29,"author":{"gitId":"ChewyMochi"},"content":"                        System.out.println(\"______________________________________________\");","lastModifiedDate":"2025-08-21T20:09:54","isFullCredit":false},{"lineNumber":30,"author":{"gitId":"ChewyMochi"},"content":"                    } else {","lastModifiedDate":"2025-08-21T20:09:54","isFullCredit":false},{"lineNumber":31,"author":{"gitId":"ChewyMochi"},"content":"                        displayTasks();","lastModifiedDate":"2025-08-20T21:41:30","isFullCredit":false},{"lineNumber":32,"author":{"gitId":"ChewyMochi"},"content":"                    }","lastModifiedDate":"2025-08-21T20:09:54","isFullCredit":false},{"lineNumber":33,"author":{"gitId":"ChewyMochi"},"content":"                    break;","lastModifiedDate":"2025-08-20T19:34:18","isFullCredit":false},{"lineNumber":34,"author":{"gitId":"ChewyMochi"},"content":"                case \"mark\":","lastModifiedDate":"2025-08-20T20:47:45","isFullCredit":false},{"lineNumber":35,"author":{"gitId":"ChewyMochi"},"content":"                    try {","lastModifiedDate":"2025-08-21T20:09:54","isFullCredit":false},{"lineNumber":36,"author":{"gitId":"ChewyMochi"},"content":"                        taskIndex \u003d Integer.parseInt(inputArray[1]);","lastModifiedDate":"2025-08-20T21:09:41","isFullCredit":false},{"lineNumber":37,"author":{"gitId":"ChewyMochi"},"content":"                    } catch (NumberFormatException e) {","lastModifiedDate":"2025-08-21T20:09:54","isFullCredit":false},{"lineNumber":38,"author":{"gitId":"ChewyMochi"},"content":"                        throw new MochiBotException.InvalidTaskIndexException();","lastModifiedDate":"2025-08-21T20:09:54","isFullCredit":false},{"lineNumber":39,"author":{"gitId":"ChewyMochi"},"content":"                    } catch (ArrayIndexOutOfBoundsException e) {","lastModifiedDate":"2025-08-21T20:31:40","isFullCredit":false},{"lineNumber":40,"author":{"gitId":"ChewyMochi"},"content":"                        throw new MochiBotException.MissingTaskIndexException();","lastModifiedDate":"2025-08-21T20:31:40","isFullCredit":false},{"lineNumber":41,"author":{"gitId":"ChewyMochi"},"content":"                    }","lastModifiedDate":"2025-08-21T20:09:54","isFullCredit":false},{"lineNumber":42,"author":{"gitId":"ChewyMochi"},"content":"                    if (isValidTaskNum(taskIndex)) {","lastModifiedDate":"2025-08-21T20:09:54","isFullCredit":false},{"lineNumber":43,"author":{"gitId":"ChewyMochi"},"content":"                        markTask(taskIndex);","lastModifiedDate":"2025-08-20T20:47:45","isFullCredit":false},{"lineNumber":44,"author":{"gitId":"ChewyMochi"},"content":"                    } else {","lastModifiedDate":"2025-08-21T20:09:54","isFullCredit":false},{"lineNumber":45,"author":{"gitId":"ChewyMochi"},"content":"                        throw new MochiBotException.InvalidTaskIndexException();","lastModifiedDate":"2025-08-21T20:09:54","isFullCredit":false},{"lineNumber":46,"author":{"gitId":"ChewyMochi"},"content":"                    }","lastModifiedDate":"2025-08-21T20:09:54","isFullCredit":false},{"lineNumber":47,"author":{"gitId":"ChewyMochi"},"content":"                    break;","lastModifiedDate":"2025-08-20T20:47:45","isFullCredit":false},{"lineNumber":48,"author":{"gitId":"ChewyMochi"},"content":"                case \"unmark\":","lastModifiedDate":"2025-08-20T21:09:41","isFullCredit":false},{"lineNumber":49,"author":{"gitId":"ChewyMochi"},"content":"                    try {","lastModifiedDate":"2025-08-21T20:09:54","isFullCredit":false},{"lineNumber":50,"author":{"gitId":"ChewyMochi"},"content":"                        taskIndex \u003d Integer.parseInt(inputArray[1]);","lastModifiedDate":"2025-08-20T21:09:41","isFullCredit":false},{"lineNumber":51,"author":{"gitId":"ChewyMochi"},"content":"                    } catch (NumberFormatException e) {","lastModifiedDate":"2025-08-21T20:09:54","isFullCredit":false},{"lineNumber":52,"author":{"gitId":"ChewyMochi"},"content":"                        throw new MochiBotException.InvalidTaskIndexException();","lastModifiedDate":"2025-08-21T20:09:54","isFullCredit":false},{"lineNumber":53,"author":{"gitId":"ChewyMochi"},"content":"                    } catch (ArrayIndexOutOfBoundsException e) {","lastModifiedDate":"2025-08-21T20:31:40","isFullCredit":false},{"lineNumber":54,"author":{"gitId":"ChewyMochi"},"content":"                        throw new MochiBotException.MissingTaskIndexException();","lastModifiedDate":"2025-08-21T20:31:40","isFullCredit":false},{"lineNumber":55,"author":{"gitId":"ChewyMochi"},"content":"                    }","lastModifiedDate":"2025-08-21T20:09:54","isFullCredit":false},{"lineNumber":56,"author":{"gitId":"ChewyMochi"},"content":"                    if (isValidTaskNum(taskIndex)) {","lastModifiedDate":"2025-08-21T20:09:54","isFullCredit":false},{"lineNumber":57,"author":{"gitId":"ChewyMochi"},"content":"                        unmarkTask(taskIndex);","lastModifiedDate":"2025-08-20T21:09:41","isFullCredit":false},{"lineNumber":58,"author":{"gitId":"ChewyMochi"},"content":"                    } else {","lastModifiedDate":"2025-08-21T20:09:54","isFullCredit":false},{"lineNumber":59,"author":{"gitId":"ChewyMochi"},"content":"                        throw new MochiBotException.InvalidTaskIndexException();","lastModifiedDate":"2025-08-21T20:09:54","isFullCredit":false},{"lineNumber":60,"author":{"gitId":"ChewyMochi"},"content":"                    }","lastModifiedDate":"2025-08-21T20:09:54","isFullCredit":false},{"lineNumber":61,"author":{"gitId":"ChewyMochi"},"content":"                    break;","lastModifiedDate":"2025-08-20T21:09:41","isFullCredit":false},{"lineNumber":62,"author":{"gitId":"ChewyMochi"},"content":"                case \"todo\":","lastModifiedDate":"2025-08-20T21:41:30","isFullCredit":false},{"lineNumber":63,"author":{"gitId":"ChewyMochi"},"content":"                    taskNameArray \u003d Arrays.copyOfRange(inputArray, 1, inputArray.length);","lastModifiedDate":"2025-08-20T22:24:30","isFullCredit":false},{"lineNumber":64,"author":{"gitId":"ChewyMochi"},"content":"                    task \u003d String.join(\" \", taskNameArray);","lastModifiedDate":"2025-08-20T22:24:30","isFullCredit":false},{"lineNumber":65,"author":{"gitId":"ChewyMochi"},"content":"                    task \u003d task.trim();","lastModifiedDate":"2025-08-21T20:09:54","isFullCredit":false},{"lineNumber":66,"author":{"gitId":"ChewyMochi"},"content":"                    if (task.isEmpty()) {","lastModifiedDate":"2025-08-21T20:09:54","isFullCredit":false},{"lineNumber":67,"author":{"gitId":"ChewyMochi"},"content":"                        throw new MochiBotException.MissingTaskNameException();","lastModifiedDate":"2025-08-21T20:09:54","isFullCredit":false},{"lineNumber":68,"author":{"gitId":"ChewyMochi"},"content":"                    }","lastModifiedDate":"2025-08-21T20:09:54","isFullCredit":false},{"lineNumber":69,"author":{"gitId":"ChewyMochi"},"content":"                    addTodo(task);","lastModifiedDate":"2025-08-20T21:41:30","isFullCredit":false},{"lineNumber":70,"author":{"gitId":"ChewyMochi"},"content":"                    break;","lastModifiedDate":"2025-08-20T21:42:47","isFullCredit":false},{"lineNumber":71,"author":{"gitId":"ChewyMochi"},"content":"                case \"deadline\":","lastModifiedDate":"2025-08-20T22:24:30","isFullCredit":false},{"lineNumber":72,"author":{"gitId":"ChewyMochi"},"content":"                    int dateIndex \u003d findStringIndex(inputArray, \"/by\");","lastModifiedDate":"2025-08-20T22:24:30","isFullCredit":false},{"lineNumber":73,"author":{"gitId":"ChewyMochi"},"content":"                    if (dateIndex \u003d\u003d -1) {","lastModifiedDate":"2025-08-21T20:09:54","isFullCredit":false},{"lineNumber":74,"author":{"gitId":"ChewyMochi"},"content":"                        throw new MochiBotException.MissingDeadlineArgumentsException();","lastModifiedDate":"2025-08-21T20:09:54","isFullCredit":false},{"lineNumber":75,"author":{"gitId":"ChewyMochi"},"content":"                    }","lastModifiedDate":"2025-08-21T20:09:54","isFullCredit":false},{"lineNumber":76,"author":{"gitId":"ChewyMochi"},"content":"                    taskNameArray \u003d Arrays.copyOfRange(inputArray, 1, dateIndex);","lastModifiedDate":"2025-08-20T22:24:30","isFullCredit":false},{"lineNumber":77,"author":{"gitId":"ChewyMochi"},"content":"                    task \u003d String.join(\" \", taskNameArray);","lastModifiedDate":"2025-08-20T22:24:30","isFullCredit":false},{"lineNumber":78,"author":{"gitId":"ChewyMochi"},"content":"                    task \u003d task.trim();","lastModifiedDate":"2025-08-21T20:09:54","isFullCredit":false},{"lineNumber":79,"author":{"gitId":"ChewyMochi"},"content":"                    if (task.isEmpty()) {","lastModifiedDate":"2025-08-21T20:09:54","isFullCredit":false},{"lineNumber":80,"author":{"gitId":"ChewyMochi"},"content":"                        throw new MochiBotException.MissingTaskNameException();","lastModifiedDate":"2025-08-21T20:09:54","isFullCredit":false},{"lineNumber":81,"author":{"gitId":"ChewyMochi"},"content":"                    }","lastModifiedDate":"2025-08-21T20:09:54","isFullCredit":false},{"lineNumber":82,"author":{"gitId":"ChewyMochi"},"content":"                    String[] dateArray \u003d Arrays.copyOfRange(inputArray, dateIndex + 1, inputArray.length);","lastModifiedDate":"2025-08-20T22:24:30","isFullCredit":false},{"lineNumber":83,"author":{"gitId":"ChewyMochi"},"content":"                    String deadlineDate \u003d String.join(\" \", dateArray);","lastModifiedDate":"2025-08-20T22:24:30","isFullCredit":false},{"lineNumber":84,"author":{"gitId":"ChewyMochi"},"content":"                    if (deadlineDate.isEmpty()) {","lastModifiedDate":"2025-08-21T20:09:54","isFullCredit":false},{"lineNumber":85,"author":{"gitId":"ChewyMochi"},"content":"                        throw new MochiBotException.MissingDateException();","lastModifiedDate":"2025-08-21T20:09:54","isFullCredit":false},{"lineNumber":86,"author":{"gitId":"ChewyMochi"},"content":"                    }","lastModifiedDate":"2025-08-21T20:09:54","isFullCredit":false},{"lineNumber":87,"author":{"gitId":"ChewyMochi"},"content":"                    addDeadline(task, deadlineDate);","lastModifiedDate":"2025-08-20T22:24:30","isFullCredit":false},{"lineNumber":88,"author":{"gitId":"ChewyMochi"},"content":"                    break;","lastModifiedDate":"2025-08-20T22:24:30","isFullCredit":false},{"lineNumber":89,"author":{"gitId":"ChewyMochi"},"content":"                case \"event\":","lastModifiedDate":"2025-08-20T22:49:05","isFullCredit":false},{"lineNumber":90,"author":{"gitId":"ChewyMochi"},"content":"                    int dateStartIndex \u003d findStringIndex(inputArray, \"/from\");","lastModifiedDate":"2025-08-20T22:49:05","isFullCredit":false},{"lineNumber":91,"author":{"gitId":"ChewyMochi"},"content":"                    int dateEndIndex \u003d findStringIndex(inputArray, \"/to\");","lastModifiedDate":"2025-08-20T22:49:05","isFullCredit":false},{"lineNumber":92,"author":{"gitId":"ChewyMochi"},"content":"                    if (dateStartIndex \u003d\u003d -1 || dateEndIndex \u003d\u003d -1) {","lastModifiedDate":"2025-08-21T20:09:54","isFullCredit":false},{"lineNumber":93,"author":{"gitId":"ChewyMochi"},"content":"                        throw new MochiBotException.MissingEventArgumentsException();","lastModifiedDate":"2025-08-21T20:09:54","isFullCredit":false},{"lineNumber":94,"author":{"gitId":"ChewyMochi"},"content":"                    }","lastModifiedDate":"2025-08-21T20:09:54","isFullCredit":false},{"lineNumber":95,"author":{"gitId":"ChewyMochi"},"content":"                    taskNameArray \u003d Arrays.copyOfRange(inputArray, 1, dateStartIndex);","lastModifiedDate":"2025-08-20T22:49:05","isFullCredit":false},{"lineNumber":96,"author":{"gitId":"ChewyMochi"},"content":"                    task \u003d String.join(\" \", taskNameArray);","lastModifiedDate":"2025-08-20T22:49:05","isFullCredit":false},{"lineNumber":97,"author":{"gitId":"ChewyMochi"},"content":"                    task \u003d task.trim();","lastModifiedDate":"2025-08-21T20:09:54","isFullCredit":false},{"lineNumber":98,"author":{"gitId":"ChewyMochi"},"content":"                    if (task.isEmpty()) {","lastModifiedDate":"2025-08-21T20:09:54","isFullCredit":false},{"lineNumber":99,"author":{"gitId":"ChewyMochi"},"content":"                        throw new MochiBotException.MissingTaskNameException();","lastModifiedDate":"2025-08-21T20:09:54","isFullCredit":false},{"lineNumber":100,"author":{"gitId":"ChewyMochi"},"content":"                    }","lastModifiedDate":"2025-08-21T20:09:54","isFullCredit":false},{"lineNumber":101,"author":{"gitId":"ChewyMochi"},"content":"                    String[] dateStartArray \u003d Arrays.copyOfRange(inputArray, dateStartIndex + 1, dateEndIndex);","lastModifiedDate":"2025-08-20T22:49:05","isFullCredit":false},{"lineNumber":102,"author":{"gitId":"ChewyMochi"},"content":"                    String eventStartDate \u003d String.join(\" \", dateStartArray);","lastModifiedDate":"2025-08-20T22:49:05","isFullCredit":false},{"lineNumber":103,"author":{"gitId":"ChewyMochi"},"content":"                    String[] dateEndArray \u003d Arrays.copyOfRange(inputArray, dateEndIndex + 1, inputArray.length);","lastModifiedDate":"2025-08-20T22:49:05","isFullCredit":false},{"lineNumber":104,"author":{"gitId":"ChewyMochi"},"content":"                    String eventEndDate \u003d String.join(\" \", dateEndArray);","lastModifiedDate":"2025-08-20T22:49:05","isFullCredit":false},{"lineNumber":105,"author":{"gitId":"ChewyMochi"},"content":"                    if (eventStartDate.isEmpty() || eventEndDate.isEmpty()) {","lastModifiedDate":"2025-08-21T20:09:54","isFullCredit":false},{"lineNumber":106,"author":{"gitId":"ChewyMochi"},"content":"                        throw new MochiBotException.MissingDateException();","lastModifiedDate":"2025-08-21T20:09:54","isFullCredit":false},{"lineNumber":107,"author":{"gitId":"ChewyMochi"},"content":"                    }","lastModifiedDate":"2025-08-21T20:09:54","isFullCredit":false},{"lineNumber":108,"author":{"gitId":"ChewyMochi"},"content":"                    addEvent(task, eventStartDate, eventEndDate);","lastModifiedDate":"2025-08-20T22:49:05","isFullCredit":false},{"lineNumber":109,"author":{"gitId":"ChewyMochi"},"content":"                    break;","lastModifiedDate":"2025-08-20T22:49:05","isFullCredit":false},{"lineNumber":110,"author":{"gitId":"ChewyMochi"},"content":"                case \"delete\":","lastModifiedDate":"2025-08-21T20:16:54","isFullCredit":false},{"lineNumber":111,"author":{"gitId":"ChewyMochi"},"content":"                    try {","lastModifiedDate":"2025-08-21T20:16:54","isFullCredit":false},{"lineNumber":112,"author":{"gitId":"ChewyMochi"},"content":"                        taskIndex \u003d Integer.parseInt(inputArray[1]);","lastModifiedDate":"2025-08-21T20:16:54","isFullCredit":false},{"lineNumber":113,"author":{"gitId":"ChewyMochi"},"content":"                    } catch (NumberFormatException e) {","lastModifiedDate":"2025-08-21T20:16:54","isFullCredit":false},{"lineNumber":114,"author":{"gitId":"ChewyMochi"},"content":"                        throw new MochiBotException.InvalidTaskIndexException();","lastModifiedDate":"2025-08-21T20:16:54","isFullCredit":false},{"lineNumber":115,"author":{"gitId":"ChewyMochi"},"content":"                    } catch (ArrayIndexOutOfBoundsException e) {","lastModifiedDate":"2025-08-21T20:31:40","isFullCredit":false},{"lineNumber":116,"author":{"gitId":"ChewyMochi"},"content":"                        throw new MochiBotException.MissingTaskIndexException();","lastModifiedDate":"2025-08-21T20:31:40","isFullCredit":false},{"lineNumber":117,"author":{"gitId":"ChewyMochi"},"content":"                    }","lastModifiedDate":"2025-08-21T20:16:54","isFullCredit":false},{"lineNumber":118,"author":{"gitId":"ChewyMochi"},"content":"                    if (isValidTaskNum(taskIndex)) {","lastModifiedDate":"2025-08-21T20:16:54","isFullCredit":false},{"lineNumber":119,"author":{"gitId":"ChewyMochi"},"content":"                        deleteTask(taskIndex);","lastModifiedDate":"2025-08-21T20:16:54","isFullCredit":false},{"lineNumber":120,"author":{"gitId":"ChewyMochi"},"content":"                    } else {","lastModifiedDate":"2025-08-21T20:16:54","isFullCredit":false},{"lineNumber":121,"author":{"gitId":"ChewyMochi"},"content":"                        throw new MochiBotException.InvalidTaskIndexException();","lastModifiedDate":"2025-08-21T20:16:54","isFullCredit":false},{"lineNumber":122,"author":{"gitId":"ChewyMochi"},"content":"                    }","lastModifiedDate":"2025-08-21T20:16:54","isFullCredit":false},{"lineNumber":123,"author":{"gitId":"ChewyMochi"},"content":"                    break;","lastModifiedDate":"2025-08-21T20:16:54","isFullCredit":false},{"lineNumber":124,"author":{"gitId":"ChewyMochi"},"content":"                default:","lastModifiedDate":"2025-08-21T20:09:54","isFullCredit":false},{"lineNumber":125,"author":{"gitId":"ChewyMochi"},"content":"                    throw new MochiBotException.InvalidCommandException();","lastModifiedDate":"2025-08-21T20:09:54","isFullCredit":false},{"lineNumber":126,"author":{"gitId":"ChewyMochi"},"content":"                }","lastModifiedDate":"2025-08-21T20:09:54","isFullCredit":false},{"lineNumber":127,"author":{"gitId":"ChewyMochi"},"content":"            } catch (MochiBotException e) {","lastModifiedDate":"2025-08-21T20:09:54","isFullCredit":false},{"lineNumber":128,"author":{"gitId":"ChewyMochi"},"content":"                System.out.println(e.getMessage());","lastModifiedDate":"2025-08-21T20:09:54","isFullCredit":false},{"lineNumber":129,"author":{"gitId":"ChewyMochi"},"content":"            }","lastModifiedDate":"2025-08-20T17:29:16","isFullCredit":false},{"lineNumber":130,"author":{"gitId":"ChewyMochi"},"content":"        }","lastModifiedDate":"2025-08-20T17:29:16","isFullCredit":false},{"lineNumber":131,"author":{"gitId":"ChewyMochi"},"content":"    }","lastModifiedDate":"2025-08-20T17:14:57","isFullCredit":false},{"lineNumber":132,"author":{"gitId":"ChewyMochi"},"content":"","lastModifiedDate":"2025-08-20T17:14:57","isFullCredit":false},{"lineNumber":133,"author":{"gitId":"ChewyMochi"},"content":"    public static void greet() {","lastModifiedDate":"2025-08-20T17:14:57","isFullCredit":false},{"lineNumber":134,"author":{"gitId":"ChewyMochi"},"content":"        System.out.println(\"______________________________________________\");","lastModifiedDate":"2025-08-20T17:04:05","isFullCredit":false},{"lineNumber":135,"author":{"gitId":"ChewyMochi"},"content":"        System.out.println(\"Hello! I\u0027m MochiBot ( \u00273\u0027)9.\");","lastModifiedDate":"2025-08-21T20:09:54","isFullCredit":false},{"lineNumber":136,"author":{"gitId":"ChewyMochi"},"content":"        System.out.println(\"What can I do for you?\");","lastModifiedDate":"2025-08-20T17:14:57","isFullCredit":false},{"lineNumber":137,"author":{"gitId":"ChewyMochi"},"content":"        System.out.println(\"______________________________________________\");","lastModifiedDate":"2025-08-20T17:04:05","isFullCredit":false},{"lineNumber":138,"author":{"gitId":"ChewyMochi"},"content":"    }","lastModifiedDate":"2025-08-20T17:04:05","isFullCredit":false},{"lineNumber":139,"author":{"gitId":"ChewyMochi"},"content":"","lastModifiedDate":"2025-08-20T17:18:15","isFullCredit":false},{"lineNumber":140,"author":{"gitId":"ChewyMochi"},"content":"    public static void exit() {","lastModifiedDate":"2025-08-20T17:18:15","isFullCredit":false},{"lineNumber":141,"author":{"gitId":"ChewyMochi"},"content":"        System.out.println(\"______________________________________________\");","lastModifiedDate":"2025-08-20T17:18:15","isFullCredit":false},{"lineNumber":142,"author":{"gitId":"ChewyMochi"},"content":"        System.out.println(\"Bye! Hope to see you again soon ( ;-;)\u003e.\");","lastModifiedDate":"2025-08-21T20:09:54","isFullCredit":false},{"lineNumber":143,"author":{"gitId":"ChewyMochi"},"content":"        System.out.println(\"______________________________________________\");","lastModifiedDate":"2025-08-20T17:18:15","isFullCredit":false},{"lineNumber":144,"author":{"gitId":"ChewyMochi"},"content":"    }","lastModifiedDate":"2025-08-20T17:18:15","isFullCredit":false},{"lineNumber":145,"author":{"gitId":"ChewyMochi"},"content":"","lastModifiedDate":"2025-08-20T17:58:41","isFullCredit":false},{"lineNumber":146,"author":{"gitId":"ChewyMochi"},"content":"    public static void displayTasks() {","lastModifiedDate":"2025-08-20T21:41:30","isFullCredit":false},{"lineNumber":147,"author":{"gitId":"ChewyMochi"},"content":"        System.out.println(\"______________________________________________\");","lastModifiedDate":"2025-08-20T18:14:18","isFullCredit":false},{"lineNumber":148,"author":{"gitId":"ChewyMochi"},"content":"        System.out.println(\"Here are the tasks in your list:\");","lastModifiedDate":"2025-08-20T20:47:45","isFullCredit":false},{"lineNumber":149,"author":{"gitId":"ChewyMochi"},"content":"        for (int i \u003d 0; i \u003c taskList.size(); i++) {","lastModifiedDate":"2025-08-20T20:47:45","isFullCredit":false},{"lineNumber":150,"author":{"gitId":"ChewyMochi"},"content":"            System.out.println(i + 1 + \". \" + taskList.get(i));","lastModifiedDate":"2025-08-20T20:47:45","isFullCredit":false},{"lineNumber":151,"author":{"gitId":"ChewyMochi"},"content":"        }","lastModifiedDate":"2025-08-20T20:47:45","isFullCredit":false},{"lineNumber":152,"author":{"gitId":"ChewyMochi"},"content":"        System.out.println(\"______________________________________________\");","lastModifiedDate":"2025-08-20T20:47:45","isFullCredit":false},{"lineNumber":153,"author":{"gitId":"ChewyMochi"},"content":"    }","lastModifiedDate":"2025-08-20T18:14:18","isFullCredit":false},{"lineNumber":154,"author":{"gitId":"ChewyMochi"},"content":"","lastModifiedDate":"2025-08-20T20:47:45","isFullCredit":false},{"lineNumber":155,"author":{"gitId":"ChewyMochi"},"content":"    public static void markTask(int taskIndex) {","lastModifiedDate":"2025-08-20T20:47:45","isFullCredit":false},{"lineNumber":156,"author":{"gitId":"ChewyMochi"},"content":"        Task currTask \u003d taskList.get(taskIndex - 1);","lastModifiedDate":"2025-08-20T21:03:40","isFullCredit":false},{"lineNumber":157,"author":{"gitId":"ChewyMochi"},"content":"        currTask.markDone();","lastModifiedDate":"2025-08-20T20:47:45","isFullCredit":false},{"lineNumber":158,"author":{"gitId":"ChewyMochi"},"content":"        System.out.println(\"______________________________________________\");","lastModifiedDate":"2025-08-20T20:47:45","isFullCredit":false},{"lineNumber":159,"author":{"gitId":"ChewyMochi"},"content":"        System.out.println(\"Nice! I\u0027ve marked this task as done:\");","lastModifiedDate":"2025-08-20T20:47:45","isFullCredit":false},{"lineNumber":160,"author":{"gitId":"ChewyMochi"},"content":"        System.out.println(currTask);","lastModifiedDate":"2025-08-20T20:47:45","isFullCredit":false},{"lineNumber":161,"author":{"gitId":"ChewyMochi"},"content":"        System.out.println(\"______________________________________________\");","lastModifiedDate":"2025-08-20T18:14:18","isFullCredit":false},{"lineNumber":162,"author":{"gitId":"ChewyMochi"},"content":"    }","lastModifiedDate":"2025-08-20T18:14:18","isFullCredit":false},{"lineNumber":163,"author":{"gitId":"ChewyMochi"},"content":"","lastModifiedDate":"2025-08-20T21:09:41","isFullCredit":false},{"lineNumber":164,"author":{"gitId":"ChewyMochi"},"content":"    public static void unmarkTask(int taskIndex) {","lastModifiedDate":"2025-08-20T21:09:41","isFullCredit":false},{"lineNumber":165,"author":{"gitId":"ChewyMochi"},"content":"        Task currTask \u003d taskList.get(taskIndex - 1);","lastModifiedDate":"2025-08-20T21:09:41","isFullCredit":false},{"lineNumber":166,"author":{"gitId":"ChewyMochi"},"content":"        currTask.markNotDone();","lastModifiedDate":"2025-08-20T21:09:41","isFullCredit":false},{"lineNumber":167,"author":{"gitId":"ChewyMochi"},"content":"        System.out.println(\"______________________________________________\");","lastModifiedDate":"2025-08-20T21:09:41","isFullCredit":false},{"lineNumber":168,"author":{"gitId":"ChewyMochi"},"content":"        System.out.println(\"OK, I\u0027ve marked this task as not done yet:\");","lastModifiedDate":"2025-08-20T21:09:41","isFullCredit":false},{"lineNumber":169,"author":{"gitId":"ChewyMochi"},"content":"        System.out.println(currTask);","lastModifiedDate":"2025-08-20T21:09:41","isFullCredit":false},{"lineNumber":170,"author":{"gitId":"ChewyMochi"},"content":"        System.out.println(\"______________________________________________\");","lastModifiedDate":"2025-08-20T21:09:41","isFullCredit":false},{"lineNumber":171,"author":{"gitId":"ChewyMochi"},"content":"    }","lastModifiedDate":"2025-08-20T21:09:41","isFullCredit":false},{"lineNumber":172,"author":{"gitId":"ChewyMochi"},"content":"","lastModifiedDate":"2025-08-20T21:41:30","isFullCredit":false},{"lineNumber":173,"author":{"gitId":"ChewyMochi"},"content":"    public static void addTodo(String task) {","lastModifiedDate":"2025-08-20T21:41:30","isFullCredit":false},{"lineNumber":174,"author":{"gitId":"ChewyMochi"},"content":"        Todo currTodo \u003d new Todo(task);","lastModifiedDate":"2025-08-20T21:41:30","isFullCredit":false},{"lineNumber":175,"author":{"gitId":"ChewyMochi"},"content":"        taskList.add(currTodo);","lastModifiedDate":"2025-08-20T21:41:30","isFullCredit":false},{"lineNumber":176,"author":{"gitId":"ChewyMochi"},"content":"        System.out.println(\"______________________________________________\");","lastModifiedDate":"2025-08-20T21:41:30","isFullCredit":false},{"lineNumber":177,"author":{"gitId":"ChewyMochi"},"content":"        System.out.println(\"Got it. I\u0027ve added this task:\");","lastModifiedDate":"2025-08-20T21:41:30","isFullCredit":false},{"lineNumber":178,"author":{"gitId":"ChewyMochi"},"content":"        System.out.println(currTodo);","lastModifiedDate":"2025-08-20T21:41:30","isFullCredit":false},{"lineNumber":179,"author":{"gitId":"ChewyMochi"},"content":"        System.out.printf(\"Now you have %d task(s) in the list.%n\", taskList.size());","lastModifiedDate":"2025-08-20T21:41:30","isFullCredit":false},{"lineNumber":180,"author":{"gitId":"ChewyMochi"},"content":"        System.out.println(\"______________________________________________\");","lastModifiedDate":"2025-08-20T21:41:30","isFullCredit":false},{"lineNumber":181,"author":{"gitId":"ChewyMochi"},"content":"    }","lastModifiedDate":"2025-08-20T21:41:30","isFullCredit":false},{"lineNumber":182,"author":{"gitId":"ChewyMochi"},"content":"","lastModifiedDate":"2025-08-20T22:24:30","isFullCredit":false},{"lineNumber":183,"author":{"gitId":"ChewyMochi"},"content":"    public static int findStringIndex(String[] strArray, String item) {","lastModifiedDate":"2025-08-20T22:24:30","isFullCredit":false},{"lineNumber":184,"author":{"gitId":"ChewyMochi"},"content":"        for (int i \u003d 0; i \u003c strArray.length; i++) {","lastModifiedDate":"2025-08-20T22:24:30","isFullCredit":false},{"lineNumber":185,"author":{"gitId":"ChewyMochi"},"content":"            if (strArray[i].equals(item)) {","lastModifiedDate":"2025-08-20T22:24:30","isFullCredit":false},{"lineNumber":186,"author":{"gitId":"ChewyMochi"},"content":"                return i;","lastModifiedDate":"2025-08-20T22:24:30","isFullCredit":false},{"lineNumber":187,"author":{"gitId":"ChewyMochi"},"content":"            }","lastModifiedDate":"2025-08-20T22:24:30","isFullCredit":false},{"lineNumber":188,"author":{"gitId":"ChewyMochi"},"content":"        }","lastModifiedDate":"2025-08-20T22:24:30","isFullCredit":false},{"lineNumber":189,"author":{"gitId":"ChewyMochi"},"content":"        return -1;","lastModifiedDate":"2025-08-20T22:24:30","isFullCredit":false},{"lineNumber":190,"author":{"gitId":"ChewyMochi"},"content":"    }","lastModifiedDate":"2025-08-20T22:24:30","isFullCredit":false},{"lineNumber":191,"author":{"gitId":"ChewyMochi"},"content":"","lastModifiedDate":"2025-08-20T22:24:30","isFullCredit":false},{"lineNumber":192,"author":{"gitId":"ChewyMochi"},"content":"    public static void addDeadline(String task, String date) {","lastModifiedDate":"2025-08-20T22:24:30","isFullCredit":false},{"lineNumber":193,"author":{"gitId":"ChewyMochi"},"content":"        Deadline currDeadline \u003d new Deadline(task, date);","lastModifiedDate":"2025-08-20T22:24:30","isFullCredit":false},{"lineNumber":194,"author":{"gitId":"ChewyMochi"},"content":"        taskList.add(currDeadline);","lastModifiedDate":"2025-08-20T22:24:30","isFullCredit":false},{"lineNumber":195,"author":{"gitId":"ChewyMochi"},"content":"        System.out.println(\"______________________________________________\");","lastModifiedDate":"2025-08-20T22:24:30","isFullCredit":false},{"lineNumber":196,"author":{"gitId":"ChewyMochi"},"content":"        System.out.println(\"Got it. I\u0027ve added this task:\");","lastModifiedDate":"2025-08-20T22:24:30","isFullCredit":false},{"lineNumber":197,"author":{"gitId":"ChewyMochi"},"content":"        System.out.println(currDeadline);","lastModifiedDate":"2025-08-20T22:24:30","isFullCredit":false},{"lineNumber":198,"author":{"gitId":"ChewyMochi"},"content":"        System.out.printf(\"Now you have %d task(s) in the list.%n\", taskList.size());","lastModifiedDate":"2025-08-20T22:24:30","isFullCredit":false},{"lineNumber":199,"author":{"gitId":"ChewyMochi"},"content":"        System.out.println(\"______________________________________________\");","lastModifiedDate":"2025-08-20T22:24:30","isFullCredit":false},{"lineNumber":200,"author":{"gitId":"ChewyMochi"},"content":"    }","lastModifiedDate":"2025-08-20T22:24:30","isFullCredit":false},{"lineNumber":201,"author":{"gitId":"ChewyMochi"},"content":"","lastModifiedDate":"2025-08-20T22:49:05","isFullCredit":false},{"lineNumber":202,"author":{"gitId":"ChewyMochi"},"content":"    public static void addEvent(String task, String startDate, String endDate) {","lastModifiedDate":"2025-08-20T22:49:05","isFullCredit":false},{"lineNumber":203,"author":{"gitId":"ChewyMochi"},"content":"        Event currEvent \u003d new Event(task, startDate, endDate);","lastModifiedDate":"2025-08-20T22:49:05","isFullCredit":false},{"lineNumber":204,"author":{"gitId":"ChewyMochi"},"content":"        taskList.add(currEvent);","lastModifiedDate":"2025-08-20T22:49:05","isFullCredit":false},{"lineNumber":205,"author":{"gitId":"ChewyMochi"},"content":"        System.out.println(\"______________________________________________\");","lastModifiedDate":"2025-08-20T22:49:05","isFullCredit":false},{"lineNumber":206,"author":{"gitId":"ChewyMochi"},"content":"        System.out.println(\"Got it. I\u0027ve added this task:\");","lastModifiedDate":"2025-08-20T22:49:05","isFullCredit":false},{"lineNumber":207,"author":{"gitId":"ChewyMochi"},"content":"        System.out.println(currEvent);","lastModifiedDate":"2025-08-20T22:49:05","isFullCredit":false},{"lineNumber":208,"author":{"gitId":"ChewyMochi"},"content":"        System.out.printf(\"Now you have %d task(s) in the list.%n\", taskList.size());","lastModifiedDate":"2025-08-20T22:49:05","isFullCredit":false},{"lineNumber":209,"author":{"gitId":"ChewyMochi"},"content":"        System.out.println(\"______________________________________________\");","lastModifiedDate":"2025-08-20T22:49:05","isFullCredit":false},{"lineNumber":210,"author":{"gitId":"ChewyMochi"},"content":"    }","lastModifiedDate":"2025-08-20T22:49:05","isFullCredit":false},{"lineNumber":211,"author":{"gitId":"ChewyMochi"},"content":"","lastModifiedDate":"2025-08-21T20:09:54","isFullCredit":false},{"lineNumber":212,"author":{"gitId":"ChewyMochi"},"content":"    public static void deleteTask(int taskIndex) {","lastModifiedDate":"2025-08-21T20:16:54","isFullCredit":false},{"lineNumber":213,"author":{"gitId":"ChewyMochi"},"content":"        Task currTask \u003d taskList.remove(taskIndex - 1);","lastModifiedDate":"2025-08-21T20:16:54","isFullCredit":false},{"lineNumber":214,"author":{"gitId":"ChewyMochi"},"content":"        System.out.println(\"______________________________________________\");","lastModifiedDate":"2025-08-21T20:16:54","isFullCredit":false},{"lineNumber":215,"author":{"gitId":"ChewyMochi"},"content":"        System.out.println(\"Noted. I\u0027ve removed this task:\");","lastModifiedDate":"2025-08-21T20:16:54","isFullCredit":false},{"lineNumber":216,"author":{"gitId":"ChewyMochi"},"content":"        System.out.println(currTask);","lastModifiedDate":"2025-08-21T20:16:54","isFullCredit":false},{"lineNumber":217,"author":{"gitId":"ChewyMochi"},"content":"        System.out.printf(\"Now you have %d task(s) in the list.%n\", taskList.size());","lastModifiedDate":"2025-08-21T20:16:54","isFullCredit":false},{"lineNumber":218,"author":{"gitId":"ChewyMochi"},"content":"        System.out.println(\"______________________________________________\");","lastModifiedDate":"2025-08-21T20:16:54","isFullCredit":false},{"lineNumber":219,"author":{"gitId":"ChewyMochi"},"content":"    }","lastModifiedDate":"2025-08-21T20:16:54","isFullCredit":false},{"lineNumber":220,"author":{"gitId":"ChewyMochi"},"content":"","lastModifiedDate":"2025-08-21T20:16:54","isFullCredit":false},{"lineNumber":221,"author":{"gitId":"ChewyMochi"},"content":"    public static boolean isValidTaskNum(int taskNum) {","lastModifiedDate":"2025-08-21T20:09:54","isFullCredit":false},{"lineNumber":222,"author":{"gitId":"ChewyMochi"},"content":"        return taskNum \u003c\u003d taskList.size() \u0026\u0026 taskNum \u003e 0;","lastModifiedDate":"2025-08-21T20:09:54","isFullCredit":false},{"lineNumber":223,"author":{"gitId":"ChewyMochi"},"content":"    }","lastModifiedDate":"2025-08-21T20:09:54","isFullCredit":false},{"lineNumber":224,"author":{"gitId":"ChewyMochi"},"content":"}","lastModifiedDate":"2025-08-20T17:04:05","isFullCredit":false}],"authorContributionMap":{"ChewyMochi":224}},{"path":"src/main/java/MochiBotException.java","fileType":"java","lines":[{"lineNumber":1,"author":{"gitId":"ChewyMochi"},"content":"public class MochiBotException extends Exception {","lastModifiedDate":"2025-08-21T20:09:54","isFullCredit":false},{"lineNumber":2,"author":{"gitId":"ChewyMochi"},"content":"    public MochiBotException(String errorMessage) {","lastModifiedDate":"2025-08-21T20:09:54","isFullCredit":false},{"lineNumber":3,"author":{"gitId":"ChewyMochi"},"content":"        super(errorMessage);","lastModifiedDate":"2025-08-21T20:09:54","isFullCredit":false},{"lineNumber":4,"author":{"gitId":"ChewyMochi"},"content":"    }","lastModifiedDate":"2025-08-21T20:09:54","isFullCredit":false},{"lineNumber":5,"author":{"gitId":"ChewyMochi"},"content":"","lastModifiedDate":"2025-08-21T20:09:54","isFullCredit":false},{"lineNumber":6,"author":{"gitId":"ChewyMochi"},"content":"    public static class InvalidCommandException extends MochiBotException {","lastModifiedDate":"2025-08-21T20:09:54","isFullCredit":false},{"lineNumber":7,"author":{"gitId":"ChewyMochi"},"content":"        private static final String errorMessage \u003d \"\"\"","lastModifiedDate":"2025-08-21T20:09:54","isFullCredit":false},{"lineNumber":8,"author":{"gitId":"ChewyMochi"},"content":"                ______________________________________________","lastModifiedDate":"2025-08-21T20:09:54","isFullCredit":false},{"lineNumber":9,"author":{"gitId":"ChewyMochi"},"content":"                Invalid command! Please try again ~(\u0027O\u0027)~.","lastModifiedDate":"2025-08-21T20:09:54","isFullCredit":false},{"lineNumber":10,"author":{"gitId":"ChewyMochi"},"content":"                ______________________________________________\"\"\";","lastModifiedDate":"2025-08-21T20:09:54","isFullCredit":false},{"lineNumber":11,"author":{"gitId":"ChewyMochi"},"content":"","lastModifiedDate":"2025-08-21T20:09:54","isFullCredit":false},{"lineNumber":12,"author":{"gitId":"ChewyMochi"},"content":"        public InvalidCommandException() {","lastModifiedDate":"2025-08-21T20:09:54","isFullCredit":false},{"lineNumber":13,"author":{"gitId":"ChewyMochi"},"content":"            super(errorMessage);","lastModifiedDate":"2025-08-21T20:09:54","isFullCredit":false},{"lineNumber":14,"author":{"gitId":"ChewyMochi"},"content":"        }","lastModifiedDate":"2025-08-21T20:09:54","isFullCredit":false},{"lineNumber":15,"author":{"gitId":"ChewyMochi"},"content":"    }","lastModifiedDate":"2025-08-21T20:09:54","isFullCredit":false},{"lineNumber":16,"author":{"gitId":"ChewyMochi"},"content":"","lastModifiedDate":"2025-08-21T20:09:54","isFullCredit":false},{"lineNumber":17,"author":{"gitId":"ChewyMochi"},"content":"    public static class InvalidTaskIndexException extends MochiBotException {","lastModifiedDate":"2025-08-21T20:09:54","isFullCredit":false},{"lineNumber":18,"author":{"gitId":"ChewyMochi"},"content":"        private static final String errorMessage \u003d \"\"\"","lastModifiedDate":"2025-08-21T20:09:54","isFullCredit":false},{"lineNumber":19,"author":{"gitId":"ChewyMochi"},"content":"                ______________________________________________","lastModifiedDate":"2025-08-21T20:09:54","isFullCredit":false},{"lineNumber":20,"author":{"gitId":"ChewyMochi"},"content":"                Sorry, but your task cannot be found (T^T).","lastModifiedDate":"2025-08-21T20:09:54","isFullCredit":false},{"lineNumber":21,"author":{"gitId":"ChewyMochi"},"content":"                ______________________________________________\"\"\";","lastModifiedDate":"2025-08-21T20:09:54","isFullCredit":false},{"lineNumber":22,"author":{"gitId":"ChewyMochi"},"content":"","lastModifiedDate":"2025-08-21T20:09:54","isFullCredit":false},{"lineNumber":23,"author":{"gitId":"ChewyMochi"},"content":"        public InvalidTaskIndexException() {","lastModifiedDate":"2025-08-21T20:09:54","isFullCredit":false},{"lineNumber":24,"author":{"gitId":"ChewyMochi"},"content":"            super(errorMessage);","lastModifiedDate":"2025-08-21T20:09:54","isFullCredit":false},{"lineNumber":25,"author":{"gitId":"ChewyMochi"},"content":"        }","lastModifiedDate":"2025-08-21T20:09:54","isFullCredit":false},{"lineNumber":26,"author":{"gitId":"ChewyMochi"},"content":"    }","lastModifiedDate":"2025-08-21T20:09:54","isFullCredit":false},{"lineNumber":27,"author":{"gitId":"ChewyMochi"},"content":"","lastModifiedDate":"2025-08-21T20:09:54","isFullCredit":false},{"lineNumber":28,"author":{"gitId":"ChewyMochi"},"content":"    public static class MissingTaskNameException extends MochiBotException {","lastModifiedDate":"2025-08-21T20:09:54","isFullCredit":false},{"lineNumber":29,"author":{"gitId":"ChewyMochi"},"content":"        private static final String errorMessage \u003d \"\"\"","lastModifiedDate":"2025-08-21T20:09:54","isFullCredit":false},{"lineNumber":30,"author":{"gitId":"ChewyMochi"},"content":"                ______________________________________________","lastModifiedDate":"2025-08-21T20:09:54","isFullCredit":false},{"lineNumber":31,"author":{"gitId":"ChewyMochi"},"content":"                Your task name cannot be empty ( ◡̀_◡́).","lastModifiedDate":"2025-08-21T20:09:54","isFullCredit":false},{"lineNumber":32,"author":{"gitId":"ChewyMochi"},"content":"                ______________________________________________\"\"\";","lastModifiedDate":"2025-08-21T20:09:54","isFullCredit":false},{"lineNumber":33,"author":{"gitId":"ChewyMochi"},"content":"","lastModifiedDate":"2025-08-21T20:09:54","isFullCredit":false},{"lineNumber":34,"author":{"gitId":"ChewyMochi"},"content":"        public MissingTaskNameException() {","lastModifiedDate":"2025-08-21T20:09:54","isFullCredit":false},{"lineNumber":35,"author":{"gitId":"ChewyMochi"},"content":"            super(errorMessage);","lastModifiedDate":"2025-08-21T20:09:54","isFullCredit":false},{"lineNumber":36,"author":{"gitId":"ChewyMochi"},"content":"        }","lastModifiedDate":"2025-08-21T20:09:54","isFullCredit":false},{"lineNumber":37,"author":{"gitId":"ChewyMochi"},"content":"    }","lastModifiedDate":"2025-08-21T20:09:54","isFullCredit":false},{"lineNumber":38,"author":{"gitId":"ChewyMochi"},"content":"","lastModifiedDate":"2025-08-21T20:09:54","isFullCredit":false},{"lineNumber":39,"author":{"gitId":"ChewyMochi"},"content":"    public static class MissingDateException extends MochiBotException {","lastModifiedDate":"2025-08-21T20:09:54","isFullCredit":false},{"lineNumber":40,"author":{"gitId":"ChewyMochi"},"content":"        private static final String errorMessage \u003d \"\"\"","lastModifiedDate":"2025-08-21T20:09:54","isFullCredit":false},{"lineNumber":41,"author":{"gitId":"ChewyMochi"},"content":"                ______________________________________________","lastModifiedDate":"2025-08-21T20:09:54","isFullCredit":false},{"lineNumber":42,"author":{"gitId":"ChewyMochi"},"content":"                Your date cannot be empty ( ◡̀_◡́).","lastModifiedDate":"2025-08-21T20:09:54","isFullCredit":false},{"lineNumber":43,"author":{"gitId":"ChewyMochi"},"content":"                ______________________________________________\"\"\";","lastModifiedDate":"2025-08-21T20:09:54","isFullCredit":false},{"lineNumber":44,"author":{"gitId":"ChewyMochi"},"content":"","lastModifiedDate":"2025-08-21T20:09:54","isFullCredit":false},{"lineNumber":45,"author":{"gitId":"ChewyMochi"},"content":"        public MissingDateException() {","lastModifiedDate":"2025-08-21T20:09:54","isFullCredit":false},{"lineNumber":46,"author":{"gitId":"ChewyMochi"},"content":"            super(errorMessage);","lastModifiedDate":"2025-08-21T20:09:54","isFullCredit":false},{"lineNumber":47,"author":{"gitId":"ChewyMochi"},"content":"        }","lastModifiedDate":"2025-08-21T20:09:54","isFullCredit":false},{"lineNumber":48,"author":{"gitId":"ChewyMochi"},"content":"    }","lastModifiedDate":"2025-08-21T20:09:54","isFullCredit":false},{"lineNumber":49,"author":{"gitId":"ChewyMochi"},"content":"","lastModifiedDate":"2025-08-21T20:09:54","isFullCredit":false},{"lineNumber":50,"author":{"gitId":"ChewyMochi"},"content":"    public static class MissingDeadlineArgumentsException extends MochiBotException {","lastModifiedDate":"2025-08-21T20:09:54","isFullCredit":false},{"lineNumber":51,"author":{"gitId":"ChewyMochi"},"content":"        private static final String errorMessage \u003d \"\"\"","lastModifiedDate":"2025-08-21T20:09:54","isFullCredit":false},{"lineNumber":52,"author":{"gitId":"ChewyMochi"},"content":"                ______________________________________________","lastModifiedDate":"2025-08-21T20:09:54","isFullCredit":false},{"lineNumber":53,"author":{"gitId":"ChewyMochi"},"content":"                Incorrect format detected (ꐦㅍ_ㅍ). Format is:","lastModifiedDate":"2025-08-21T20:09:54","isFullCredit":false},{"lineNumber":54,"author":{"gitId":"ChewyMochi"},"content":"                \\ndeadline \u003cname\u003e /by \u003cdate-time\u003e","lastModifiedDate":"2025-08-21T20:09:54","isFullCredit":false},{"lineNumber":55,"author":{"gitId":"ChewyMochi"},"content":"                ______________________________________________\"\"\";","lastModifiedDate":"2025-08-21T20:09:54","isFullCredit":false},{"lineNumber":56,"author":{"gitId":"ChewyMochi"},"content":"","lastModifiedDate":"2025-08-21T20:09:54","isFullCredit":false},{"lineNumber":57,"author":{"gitId":"ChewyMochi"},"content":"        public MissingDeadlineArgumentsException() {","lastModifiedDate":"2025-08-21T20:09:54","isFullCredit":false},{"lineNumber":58,"author":{"gitId":"ChewyMochi"},"content":"            super(errorMessage);","lastModifiedDate":"2025-08-21T20:09:54","isFullCredit":false},{"lineNumber":59,"author":{"gitId":"ChewyMochi"},"content":"        }","lastModifiedDate":"2025-08-21T20:09:54","isFullCredit":false},{"lineNumber":60,"author":{"gitId":"ChewyMochi"},"content":"    }","lastModifiedDate":"2025-08-21T20:09:54","isFullCredit":false},{"lineNumber":61,"author":{"gitId":"ChewyMochi"},"content":"","lastModifiedDate":"2025-08-21T20:09:54","isFullCredit":false},{"lineNumber":62,"author":{"gitId":"ChewyMochi"},"content":"    public static class MissingEventArgumentsException extends MochiBotException {","lastModifiedDate":"2025-08-21T20:09:54","isFullCredit":false},{"lineNumber":63,"author":{"gitId":"ChewyMochi"},"content":"        private static final String errorMessage \u003d \"\"\"","lastModifiedDate":"2025-08-21T20:09:54","isFullCredit":false},{"lineNumber":64,"author":{"gitId":"ChewyMochi"},"content":"                ______________________________________________","lastModifiedDate":"2025-08-21T20:09:54","isFullCredit":false},{"lineNumber":65,"author":{"gitId":"ChewyMochi"},"content":"                Incorrect format detected (ꐦㅍ_ㅍ). Format is:","lastModifiedDate":"2025-08-21T20:09:54","isFullCredit":false},{"lineNumber":66,"author":{"gitId":"ChewyMochi"},"content":"                \\nevents \u003cname\u003e /from \u003cdate-time\u003e /to \u003cdate-time\u003e","lastModifiedDate":"2025-08-21T20:09:54","isFullCredit":false},{"lineNumber":67,"author":{"gitId":"ChewyMochi"},"content":"                ______________________________________________\"\"\";","lastModifiedDate":"2025-08-21T20:09:54","isFullCredit":false},{"lineNumber":68,"author":{"gitId":"ChewyMochi"},"content":"","lastModifiedDate":"2025-08-21T20:09:54","isFullCredit":false},{"lineNumber":69,"author":{"gitId":"ChewyMochi"},"content":"        public MissingEventArgumentsException() {","lastModifiedDate":"2025-08-21T20:09:54","isFullCredit":false},{"lineNumber":70,"author":{"gitId":"ChewyMochi"},"content":"            super(errorMessage);","lastModifiedDate":"2025-08-21T20:09:54","isFullCredit":false},{"lineNumber":71,"author":{"gitId":"ChewyMochi"},"content":"        }","lastModifiedDate":"2025-08-21T20:09:54","isFullCredit":false},{"lineNumber":72,"author":{"gitId":"ChewyMochi"},"content":"    }","lastModifiedDate":"2025-08-21T20:09:54","isFullCredit":false},{"lineNumber":73,"author":{"gitId":"ChewyMochi"},"content":"","lastModifiedDate":"2025-08-21T20:31:40","isFullCredit":false},{"lineNumber":74,"author":{"gitId":"ChewyMochi"},"content":"    public static class MissingTaskIndexException extends MochiBotException {","lastModifiedDate":"2025-08-21T20:31:40","isFullCredit":false},{"lineNumber":75,"author":{"gitId":"ChewyMochi"},"content":"        private static final String errorMessage \u003d \"\"\"","lastModifiedDate":"2025-08-21T20:31:40","isFullCredit":false},{"lineNumber":76,"author":{"gitId":"ChewyMochi"},"content":"                ______________________________________________","lastModifiedDate":"2025-08-21T20:31:40","isFullCredit":false},{"lineNumber":77,"author":{"gitId":"ChewyMochi"},"content":"                Your task number cannot be empty ( ◡̀_◡́).","lastModifiedDate":"2025-08-21T20:31:40","isFullCredit":false},{"lineNumber":78,"author":{"gitId":"ChewyMochi"},"content":"                ______________________________________________\"\"\";","lastModifiedDate":"2025-08-21T20:31:40","isFullCredit":false},{"lineNumber":79,"author":{"gitId":"ChewyMochi"},"content":"","lastModifiedDate":"2025-08-21T20:31:40","isFullCredit":false},{"lineNumber":80,"author":{"gitId":"ChewyMochi"},"content":"        public MissingTaskIndexException() {","lastModifiedDate":"2025-08-21T20:31:40","isFullCredit":false},{"lineNumber":81,"author":{"gitId":"ChewyMochi"},"content":"            super(errorMessage);","lastModifiedDate":"2025-08-21T20:31:40","isFullCredit":false},{"lineNumber":82,"author":{"gitId":"ChewyMochi"},"content":"        }","lastModifiedDate":"2025-08-21T20:31:40","isFullCredit":false},{"lineNumber":83,"author":{"gitId":"ChewyMochi"},"content":"    }","lastModifiedDate":"2025-08-21T20:31:40","isFullCredit":false},{"lineNumber":84,"author":{"gitId":"ChewyMochi"},"content":"}","lastModifiedDate":"2025-08-21T20:09:54","isFullCredit":false}],"authorContributionMap":{"ChewyMochi":84}},{"path":"src/main/java/Task.java","fileType":"java","lines":[{"lineNumber":1,"author":{"gitId":"ChewyMochi"},"content":"public class Task {","lastModifiedDate":"2025-08-20T18:28:01","isFullCredit":false},{"lineNumber":2,"author":{"gitId":"ChewyMochi"},"content":"    protected String description;","lastModifiedDate":"2025-08-20T19:12:28","isFullCredit":false},{"lineNumber":3,"author":{"gitId":"ChewyMochi"},"content":"    protected boolean isDone;","lastModifiedDate":"2025-08-20T19:12:28","isFullCredit":false},{"lineNumber":4,"author":{"gitId":"ChewyMochi"},"content":"","lastModifiedDate":"2025-08-20T18:28:01","isFullCredit":false},{"lineNumber":5,"author":{"gitId":"ChewyMochi"},"content":"    public Task(String description) {","lastModifiedDate":"2025-08-20T19:12:28","isFullCredit":false},{"lineNumber":6,"author":{"gitId":"ChewyMochi"},"content":"        this.description \u003d description;","lastModifiedDate":"2025-08-20T19:12:28","isFullCredit":false},{"lineNumber":7,"author":{"gitId":"ChewyMochi"},"content":"        this.isDone \u003d false;","lastModifiedDate":"2025-08-20T18:30:17","isFullCredit":false},{"lineNumber":8,"author":{"gitId":"ChewyMochi"},"content":"    }","lastModifiedDate":"2025-08-20T18:28:01","isFullCredit":false},{"lineNumber":9,"author":{"gitId":"ChewyMochi"},"content":"","lastModifiedDate":"2025-08-20T18:28:01","isFullCredit":false},{"lineNumber":10,"author":{"gitId":"ChewyMochi"},"content":"    public String getDescription() {","lastModifiedDate":"2025-08-20T19:14:36","isFullCredit":false},{"lineNumber":11,"author":{"gitId":"ChewyMochi"},"content":"        return this.description;","lastModifiedDate":"2025-08-20T19:14:36","isFullCredit":false},{"lineNumber":12,"author":{"gitId":"ChewyMochi"},"content":"    }","lastModifiedDate":"2025-08-20T19:14:36","isFullCredit":false},{"lineNumber":13,"author":{"gitId":"ChewyMochi"},"content":"","lastModifiedDate":"2025-08-20T19:14:36","isFullCredit":false},{"lineNumber":14,"author":{"gitId":"ChewyMochi"},"content":"    public void markDone() {","lastModifiedDate":"2025-08-20T18:28:01","isFullCredit":false},{"lineNumber":15,"author":{"gitId":"ChewyMochi"},"content":"        this.isDone \u003d true;","lastModifiedDate":"2025-08-20T18:28:01","isFullCredit":false},{"lineNumber":16,"author":{"gitId":"ChewyMochi"},"content":"    }","lastModifiedDate":"2025-08-20T18:28:01","isFullCredit":false},{"lineNumber":17,"author":{"gitId":"ChewyMochi"},"content":"","lastModifiedDate":"2025-08-20T18:28:01","isFullCredit":false},{"lineNumber":18,"author":{"gitId":"ChewyMochi"},"content":"    public void markNotDone() {","lastModifiedDate":"2025-08-20T18:28:01","isFullCredit":false},{"lineNumber":19,"author":{"gitId":"ChewyMochi"},"content":"        this.isDone \u003d false;","lastModifiedDate":"2025-08-20T18:28:01","isFullCredit":false},{"lineNumber":20,"author":{"gitId":"ChewyMochi"},"content":"    }","lastModifiedDate":"2025-08-20T18:28:01","isFullCredit":false},{"lineNumber":21,"author":{"gitId":"ChewyMochi"},"content":"","lastModifiedDate":"2025-08-20T18:28:01","isFullCredit":false},{"lineNumber":22,"author":{"gitId":"ChewyMochi"},"content":"    public String getStatusIcon() {","lastModifiedDate":"2025-08-20T19:12:28","isFullCredit":false},{"lineNumber":23,"author":{"gitId":"ChewyMochi"},"content":"        return (isDone ? \"X\" : \" \");","lastModifiedDate":"2025-08-20T19:12:28","isFullCredit":false},{"lineNumber":24,"author":{"gitId":"ChewyMochi"},"content":"    }","lastModifiedDate":"2025-08-20T19:12:28","isFullCredit":false},{"lineNumber":25,"author":{"gitId":"ChewyMochi"},"content":"","lastModifiedDate":"2025-08-20T19:12:28","isFullCredit":false},{"lineNumber":26,"author":{"gitId":"ChewyMochi"},"content":"    @Override","lastModifiedDate":"2025-08-20T18:28:01","isFullCredit":false},{"lineNumber":27,"author":{"gitId":"ChewyMochi"},"content":"    public String toString() {","lastModifiedDate":"2025-08-20T18:28:01","isFullCredit":false},{"lineNumber":28,"author":{"gitId":"ChewyMochi"},"content":"        return String.format(\"[%s] %s\", getStatusIcon(), this.description);","lastModifiedDate":"2025-08-20T19:12:28","isFullCredit":false},{"lineNumber":29,"author":{"gitId":"ChewyMochi"},"content":"    }","lastModifiedDate":"2025-08-20T18:28:01","isFullCredit":false},{"lineNumber":30,"author":{"gitId":"ChewyMochi"},"content":"}","lastModifiedDate":"2025-08-20T18:28:01","isFullCredit":false}],"authorContributionMap":{"ChewyMochi":30}},{"path":"src/main/java/Todo.java","fileType":"java","lines":[{"lineNumber":1,"author":{"gitId":"ChewyMochi"},"content":"public class Todo extends Task {","lastModifiedDate":"2025-08-20T21:18:18","isFullCredit":false},{"lineNumber":2,"author":{"gitId":"ChewyMochi"},"content":"    public Todo(String description) {","lastModifiedDate":"2025-08-20T21:18:18","isFullCredit":false},{"lineNumber":3,"author":{"gitId":"ChewyMochi"},"content":"        super(description);","lastModifiedDate":"2025-08-20T21:18:18","isFullCredit":false},{"lineNumber":4,"author":{"gitId":"ChewyMochi"},"content":"    }","lastModifiedDate":"2025-08-20T21:18:18","isFullCredit":false},{"lineNumber":5,"author":{"gitId":"ChewyMochi"},"content":"","lastModifiedDate":"2025-08-20T21:18:18","isFullCredit":false},{"lineNumber":6,"author":{"gitId":"ChewyMochi"},"content":"    @Override","lastModifiedDate":"2025-08-20T21:18:18","isFullCredit":false},{"lineNumber":7,"author":{"gitId":"ChewyMochi"},"content":"    public String toString() {","lastModifiedDate":"2025-08-20T21:18:18","isFullCredit":false},{"lineNumber":8,"author":{"gitId":"ChewyMochi"},"content":"        return \"[T]\" + super.toString();","lastModifiedDate":"2025-08-20T21:18:18","isFullCredit":false},{"lineNumber":9,"author":{"gitId":"ChewyMochi"},"content":"    }","lastModifiedDate":"2025-08-20T21:18:18","isFullCredit":false},{"lineNumber":10,"author":{"gitId":"ChewyMochi"},"content":"}","lastModifiedDate":"2025-08-20T21:18:18","isFullCredit":false}],"authorContributionMap":{"ChewyMochi":10}},{"path":"text-ui-test/input.txt","fileType":"txt","lines":[{"lineNumber":1,"author":{"gitId":"ChewyMochi"},"content":"todo borrow book","lastModifiedDate":"2025-08-20T23:55:32","isFullCredit":false},{"lineNumber":2,"author":{"gitId":"ChewyMochi"},"content":"list","lastModifiedDate":"2025-08-20T23:55:32","isFullCredit":false},{"lineNumber":3,"author":{"gitId":"ChewyMochi"},"content":"deadline return book /by Sunday","lastModifiedDate":"2025-08-20T23:55:32","isFullCredit":false},{"lineNumber":4,"author":{"gitId":"ChewyMochi"},"content":"list","lastModifiedDate":"2025-08-20T23:55:32","isFullCredit":false},{"lineNumber":5,"author":{"gitId":"ChewyMochi"},"content":"event project meeting /from Mon 2pm /to 4pm","lastModifiedDate":"2025-08-20T23:55:32","isFullCredit":false},{"lineNumber":6,"author":{"gitId":"ChewyMochi"},"content":"list","lastModifiedDate":"2025-08-20T23:55:32","isFullCredit":false},{"lineNumber":7,"author":{"gitId":"ChewyMochi"},"content":"mark 3","lastModifiedDate":"2025-08-20T23:55:32","isFullCredit":false},{"lineNumber":8,"author":{"gitId":"ChewyMochi"},"content":"list","lastModifiedDate":"2025-08-20T23:55:32","isFullCredit":false},{"lineNumber":9,"author":{"gitId":"ChewyMochi"},"content":"mark 1","lastModifiedDate":"2025-08-20T23:55:32","isFullCredit":false},{"lineNumber":10,"author":{"gitId":"ChewyMochi"},"content":"list","lastModifiedDate":"2025-08-20T23:55:32","isFullCredit":false},{"lineNumber":11,"author":{"gitId":"ChewyMochi"},"content":"unmark 3","lastModifiedDate":"2025-08-20T23:55:32","isFullCredit":false},{"lineNumber":12,"author":{"gitId":"ChewyMochi"},"content":"list","lastModifiedDate":"2025-08-20T23:55:32","isFullCredit":false},{"lineNumber":13,"author":{"gitId":"ChewyMochi"},"content":"bye","lastModifiedDate":"2025-08-20T23:55:32","isFullCredit":false}],"authorContributionMap":{"ChewyMochi":13}},{"path":"text-ui-test/runtest.bat","fileType":"bat","lines":[{"lineNumber":1,"author":{"gitId":"-"},"content":"@ECHO OFF","lastModifiedDate":"2020-05-25T00:03:55","isFullCredit":false},{"lineNumber":2,"author":{"gitId":"-"},"content":"","lastModifiedDate":"2020-05-25T00:03:55","isFullCredit":false},{"lineNumber":3,"author":{"gitId":"-"},"content":"REM create bin directory if it doesn\u0027t exist","lastModifiedDate":"2020-05-25T00:03:55","isFullCredit":false},{"lineNumber":4,"author":{"gitId":"-"},"content":"if not exist ..\\bin mkdir ..\\bin","lastModifiedDate":"2020-05-25T00:03:55","isFullCredit":false},{"lineNumber":5,"author":{"gitId":"-"},"content":"","lastModifiedDate":"2020-05-25T00:03:55","isFullCredit":false},{"lineNumber":6,"author":{"gitId":"-"},"content":"REM delete output from previous run","lastModifiedDate":"2020-05-25T00:03:55","isFullCredit":false},{"lineNumber":7,"author":{"gitId":"-"},"content":"if exist ACTUAL.TXT del ACTUAL.TXT","lastModifiedDate":"2020-08-25T17:23:26","isFullCredit":false},{"lineNumber":8,"author":{"gitId":"-"},"content":"","lastModifiedDate":"2020-05-25T00:03:55","isFullCredit":false},{"lineNumber":9,"author":{"gitId":"-"},"content":"REM compile the code into the bin folder","lastModifiedDate":"2020-05-25T00:03:55","isFullCredit":false},{"lineNumber":10,"author":{"gitId":"-"},"content":"javac  -cp ..\\src\\main\\java -Xlint:none -d ..\\bin ..\\src\\main\\java\\*.java","lastModifiedDate":"2020-08-25T17:23:26","isFullCredit":false},{"lineNumber":11,"author":{"gitId":"-"},"content":"IF ERRORLEVEL 1 (","lastModifiedDate":"2020-05-25T00:03:55","isFullCredit":false},{"lineNumber":12,"author":{"gitId":"-"},"content":"    echo ********** BUILD FAILURE **********","lastModifiedDate":"2020-05-25T00:03:55","isFullCredit":false},{"lineNumber":13,"author":{"gitId":"-"},"content":"    exit /b 1","lastModifiedDate":"2020-05-25T00:03:55","isFullCredit":false},{"lineNumber":14,"author":{"gitId":"-"},"content":")","lastModifiedDate":"2020-05-25T00:03:55","isFullCredit":false},{"lineNumber":15,"author":{"gitId":"-"},"content":"REM no error here, errorlevel \u003d\u003d 0","lastModifiedDate":"2020-05-25T00:03:55","isFullCredit":false},{"lineNumber":16,"author":{"gitId":"-"},"content":"","lastModifiedDate":"2020-05-25T00:03:55","isFullCredit":false},{"lineNumber":17,"author":{"gitId":"-"},"content":"REM run the program, feed commands from input.txt file and redirect the output to the ACTUAL.TXT","lastModifiedDate":"2020-05-25T00:03:55","isFullCredit":false},{"lineNumber":18,"author":{"gitId":"ChewyMochi"},"content":"java -classpath ..\\bin MochiBot \u003c input.txt \u003e ACTUAL.TXT","lastModifiedDate":"2025-08-20T23:55:32","isFullCredit":false},{"lineNumber":19,"author":{"gitId":"-"},"content":"","lastModifiedDate":"2020-05-25T00:03:55","isFullCredit":false},{"lineNumber":20,"author":{"gitId":"-"},"content":"REM compare the output to the expected output","lastModifiedDate":"2020-05-25T00:03:55","isFullCredit":false},{"lineNumber":21,"author":{"gitId":"-"},"content":"FC ACTUAL.TXT EXPECTED.TXT","lastModifiedDate":"2020-05-25T00:03:55","isFullCredit":false}],"authorContributionMap":{"-":20,"ChewyMochi":1}},{"path":"text-ui-test/runtest.sh","fileType":"sh","lines":[{"lineNumber":1,"author":{"gitId":"-"},"content":"#!/usr/bin/env bash","lastModifiedDate":"2020-05-25T00:03:55","isFullCredit":false},{"lineNumber":2,"author":{"gitId":"-"},"content":"","lastModifiedDate":"2020-05-25T00:03:55","isFullCredit":false},{"lineNumber":3,"author":{"gitId":"-"},"content":"# create bin directory if it doesn\u0027t exist","lastModifiedDate":"2020-05-25T00:03:55","isFullCredit":false},{"lineNumber":4,"author":{"gitId":"-"},"content":"if [ ! -d \"../bin\" ]","lastModifiedDate":"2020-05-25T00:03:55","isFullCredit":false},{"lineNumber":5,"author":{"gitId":"-"},"content":"then","lastModifiedDate":"2020-05-25T00:03:55","isFullCredit":false},{"lineNumber":6,"author":{"gitId":"-"},"content":"    mkdir ../bin","lastModifiedDate":"2020-05-25T00:03:55","isFullCredit":false},{"lineNumber":7,"author":{"gitId":"-"},"content":"fi","lastModifiedDate":"2020-05-25T00:03:55","isFullCredit":false},{"lineNumber":8,"author":{"gitId":"-"},"content":"","lastModifiedDate":"2020-05-25T00:03:55","isFullCredit":false},{"lineNumber":9,"author":{"gitId":"-"},"content":"# delete output from previous run","lastModifiedDate":"2020-05-25T00:03:55","isFullCredit":false},{"lineNumber":10,"author":{"gitId":"-"},"content":"if [ -e \"./ACTUAL.TXT\" ]","lastModifiedDate":"2020-05-25T00:03:55","isFullCredit":false},{"lineNumber":11,"author":{"gitId":"-"},"content":"then","lastModifiedDate":"2020-05-25T00:03:55","isFullCredit":false},{"lineNumber":12,"author":{"gitId":"-"},"content":"    rm ACTUAL.TXT","lastModifiedDate":"2020-05-25T00:03:55","isFullCredit":false},{"lineNumber":13,"author":{"gitId":"-"},"content":"fi","lastModifiedDate":"2020-05-25T00:03:55","isFullCredit":false},{"lineNumber":14,"author":{"gitId":"-"},"content":"","lastModifiedDate":"2020-05-25T00:03:55","isFullCredit":false},{"lineNumber":15,"author":{"gitId":"-"},"content":"# compile the code into the bin folder, terminates if error occurred","lastModifiedDate":"2020-05-25T00:03:55","isFullCredit":false},{"lineNumber":16,"author":{"gitId":"-"},"content":"if ! javac -cp ../src/main/java -Xlint:none -d ../bin ../src/main/java/*.java","lastModifiedDate":"2020-08-25T17:23:26","isFullCredit":false},{"lineNumber":17,"author":{"gitId":"-"},"content":"then","lastModifiedDate":"2020-05-25T00:03:55","isFullCredit":false},{"lineNumber":18,"author":{"gitId":"-"},"content":"    echo \"********** BUILD FAILURE **********\"","lastModifiedDate":"2020-05-25T00:03:55","isFullCredit":false},{"lineNumber":19,"author":{"gitId":"-"},"content":"    exit 1","lastModifiedDate":"2020-05-25T00:03:55","isFullCredit":false},{"lineNumber":20,"author":{"gitId":"-"},"content":"fi","lastModifiedDate":"2020-05-25T00:03:55","isFullCredit":false},{"lineNumber":21,"author":{"gitId":"-"},"content":"","lastModifiedDate":"2020-05-25T00:03:55","isFullCredit":false},{"lineNumber":22,"author":{"gitId":"-"},"content":"# run the program, feed commands from input.txt file and redirect the output to the ACTUAL.TXT","lastModifiedDate":"2020-05-25T00:03:55","isFullCredit":false},{"lineNumber":23,"author":{"gitId":"ChewyMochi"},"content":"java -classpath ../bin MochiBot \u003c input.txt \u003e ACTUAL.TXT","lastModifiedDate":"2025-08-20T23:55:32","isFullCredit":false},{"lineNumber":24,"author":{"gitId":"-"},"content":"","lastModifiedDate":"2020-05-25T00:03:55","isFullCredit":false},{"lineNumber":25,"author":{"gitId":"-"},"content":"# convert to UNIX format","lastModifiedDate":"2020-05-25T00:03:55","isFullCredit":false},{"lineNumber":26,"author":{"gitId":"-"},"content":"cp EXPECTED.TXT EXPECTED-UNIX.TXT","lastModifiedDate":"2020-05-25T00:03:55","isFullCredit":false},{"lineNumber":27,"author":{"gitId":"-"},"content":"dos2unix ACTUAL.TXT EXPECTED-UNIX.TXT","lastModifiedDate":"2020-05-25T00:03:55","isFullCredit":false},{"lineNumber":28,"author":{"gitId":"-"},"content":"","lastModifiedDate":"2020-05-25T00:03:55","isFullCredit":false},{"lineNumber":29,"author":{"gitId":"-"},"content":"# compare the output to the expected output","lastModifiedDate":"2020-05-25T00:03:55","isFullCredit":false},{"lineNumber":30,"author":{"gitId":"-"},"content":"diff ACTUAL.TXT EXPECTED-UNIX.TXT","lastModifiedDate":"2020-05-25T00:03:55","isFullCredit":false},{"lineNumber":31,"author":{"gitId":"-"},"content":"if [ $? -eq 0 ]","lastModifiedDate":"2020-05-25T00:03:55","isFullCredit":false},{"lineNumber":32,"author":{"gitId":"-"},"content":"then","lastModifiedDate":"2020-05-25T00:03:55","isFullCredit":false},{"lineNumber":33,"author":{"gitId":"-"},"content":"    echo \"Test result: PASSED\"","lastModifiedDate":"2020-05-25T00:03:55","isFullCredit":false},{"lineNumber":34,"author":{"gitId":"-"},"content":"    exit 0","lastModifiedDate":"2020-05-25T00:03:55","isFullCredit":false},{"lineNumber":35,"author":{"gitId":"-"},"content":"else","lastModifiedDate":"2020-05-25T00:03:55","isFullCredit":false},{"lineNumber":36,"author":{"gitId":"-"},"content":"    echo \"Test result: FAILED\"","lastModifiedDate":"2020-05-25T00:03:55","isFullCredit":false},{"lineNumber":37,"author":{"gitId":"-"},"content":"    exit 1","lastModifiedDate":"2020-05-25T00:03:55","isFullCredit":false},{"lineNumber":38,"author":{"gitId":"-"},"content":"fi","lastModifiedDate":"2020-05-25T00:03:55","isFullCredit":false}],"authorContributionMap":{"-":37,"ChewyMochi":1}}]
