{"authorDailyContributionsMap":{"gabriel-lll":[{"date":"2025-08-24T00:00:00","commitResults":[{"hash":"584c35be47d5d4321d8a101e65a23a9c9379eb23","isMergeCommit":false,"messageTitle":"Renamed bot and added greeting","messageBody":"","tags":["Level-0"],"fileTypesAndContributionMap":{"java":{"insertions":7,"deletions":10},"md":{"insertions":1,"deletions":1}}},{"hash":"330a02fde832378d86e236f02f56b10ba5cfff05","isMergeCommit":false,"messageTitle":"Echos commands and exits on bye","messageBody":"","tags":["Level-1"],"fileTypesAndContributionMap":{"java":{"insertions":24,"deletions":1}}},{"hash":"fda87ed6b3997ba41bf66c33f0d98d9edf00c034","isMergeCommit":false,"messageTitle":"Added adding and list","messageBody":"","tags":["Level-2"],"fileTypesAndContributionMap":{"java":{"insertions":43,"deletions":21}}},{"hash":"2f14c8612623510099c20e7dc675a713ffbbc558","isMergeCommit":false,"messageTitle":"Added ability to mark tasks as done/not done","messageBody":"","tags":["Level-3"],"fileTypesAndContributionMap":{"java":{"insertions":62,"deletions":6}}},{"hash":"7a6ed4e719a83e00ba74a3ebb06f39523d03444b","isMergeCommit":false,"messageTitle":"Added support for different types of tasks","messageBody":"","fileTypesAndContributionMap":{"java":{"insertions":56,"deletions":2}}},{"hash":"00efb33616702329104745156d9cd6546e29e53d","isMergeCommit":false,"messageTitle":"Added TextUiTesting","messageBody":"","tags":["Level-4","A-TextUiTesting"],"fileTypesAndContributionMap":{"txt":{"insertions":3,"deletions":0},"bat":{"insertions":1,"deletions":1},"sh":{"insertions":3,"deletions":7}}},{"hash":"5b4d08f7811589e22efe698900e2fff161a890c3","isMergeCommit":false,"messageTitle":"Added error handling","messageBody":"","tags":["Level-5"],"fileTypesAndContributionMap":{"java":{"insertions":52,"deletions":38}}},{"hash":"d27ce3dbbba4cdd1522cc05a2f64ec1891e691df","isMergeCommit":false,"messageTitle":"Added support for deleting tasks","messageBody":"","tags":["Level-6"],"fileTypesAndContributionMap":{"java":{"insertions":12,"deletions":0}}}]},{"date":"2025-08-29T00:00:00","commitResults":[{"hash":"85bed100435ef20c136d44b9429717d1daae5161","isMergeCommit":false,"messageTitle":"Add Save feature","messageBody":"","fileTypesAndContributionMap":{"txt":{"insertions":2,"deletions":0},"java":{"insertions":121,"deletions":6}}},{"hash":"7864c9fade91d47fd5f326ff193b8131def9bf94","isMergeCommit":true,"messageTitle":"Merge branch \u0027branch-Level-7\u0027","messageBody":"","tags":["Level-7"],"fileTypesAndContributionMap":{}},{"hash":"081c3e77a1d91938f36f5dce8cc7d9afb8b9bf4d","isMergeCommit":false,"messageTitle":"Add date feature for Deadline","messageBody":"","fileTypesAndContributionMap":{"java":{"insertions":8,"deletions":4}}},{"hash":"78bc4c64d2b7d8a0207c9d9ef94fdc09924246f5","isMergeCommit":false,"messageTitle":"Add date feature for Event","messageBody":"","fileTypesAndContributionMap":{"java":{"insertions":11,"deletions":7}}},{"hash":"469e16c78b1faaa9e6307f04e6db6051acac3908","isMergeCommit":true,"messageTitle":"Merge branch \u0027branch-Level-8\u0027","messageBody":"","tags":["Level-8"],"fileTypesAndContributionMap":{}}]},{"date":"2025-08-30T00:00:00","commitResults":[{"hash":"e17b83f3631b012022e7b6c129ffdc0b1ef27c18","isMergeCommit":false,"messageTitle":"Add Ui and Parser classes","messageBody":"","fileTypesAndContributionMap":{"txt":{"insertions":3,"deletions":1},"java":{"insertions":36,"deletions":0}}},{"hash":"07351d9d3540bd01e471a5524d2d5f5f3ebcbcd0","isMergeCommit":false,"messageTitle":"Refactor NerpBot to accomodate more OOP","messageBody":"","fileTypesAndContributionMap":{"txt":{"insertions":1,"deletions":0},"java":{"insertions":69,"deletions":70}}},{"hash":"01d288e761ddd498efffdee77f2616f523609adc","isMergeCommit":true,"messageTitle":"Merge branch \u0027branch-A-MoreOOP\u0027","messageBody":"","tags":["A-MoreOOP"],"fileTypesAndContributionMap":{}},{"hash":"6aa2063472c3e35f24102e97c2207d5021fdcc9a","isMergeCommit":false,"messageTitle":"Divide classes into packages","messageBody":"","tags":["A-Packages"],"fileTypesAndContributionMap":{"txt":{"insertions":1,"deletions":0},"java":{"insertions":30,"deletions":3},"bat":{"insertions":1,"deletions":1},"md":{"insertions":1,"deletions":1}}},{"hash":"7ff64959985d07e55eb965220b7203946eaaa01b","isMergeCommit":true,"messageTitle":"Merge branch \u0027add-gradle-support\u0027","messageBody":"","fileTypesAndContributionMap":{}},{"hash":"6f8f70428dd9d3b97515b4ee73c57ac24b03da6d","isMergeCommit":false,"messageTitle":"Add gradle","messageBody":"","tags":["A-Gradle"],"fileTypesAndContributionMap":{"gradle":{"insertions":1,"deletions":1},"txt":{"insertions":2,"deletions":1},"java":{"insertions":1,"deletions":0}}},{"hash":"a91d7b5e9582cc559defe12ea0a5cf9bdcaf64c6","isMergeCommit":false,"messageTitle":"Add JUnit testing","messageBody":"","tags":["A-JUnit"],"fileTypesAndContributionMap":{"txt":{"insertions":1,"deletions":0},"java":{"insertions":41,"deletions":0}}},{"hash":"81fdfcb7c8e4021cadd82f4e3e5452c05504a46e","isMergeCommit":false,"messageTitle":"Add JavaDoc header comments","messageBody":"","fileTypesAndContributionMap":{"java":{"insertions":61,"deletions":0}}},{"hash":"50988ac7129931844bcbd94d4a2b9b225f64af41","isMergeCommit":false,"messageTitle":"Apply more to coding standard","messageBody":"","fileTypesAndContributionMap":{"java":{"insertions":9,"deletions":0}}},{"hash":"13327e3ccb6d6da41725ed219f151a04d2a50caa","isMergeCommit":false,"messageTitle":"Add find feature","messageBody":"","fileTypesAndContributionMap":{"java":{"insertions":26,"deletions":1}}},{"hash":"ecc5cc6064c6a22a51bcce2474f6f36df9980ad7","isMergeCommit":true,"messageTitle":"Merge branch \u0027branch-A-JavaDoc\u0027","messageBody":"","tags":["A-JavaDoc"],"fileTypesAndContributionMap":{}},{"hash":"8bc639e8579f313afe00e9f3fab86574f3be2e4f","isMergeCommit":true,"messageTitle":"Merge branch \u0027branch-A-CodingStandard\u0027","messageBody":"","tags":["A-CodingStandard"],"fileTypesAndContributionMap":{}},{"hash":"7a4adfcad262086a57ea7411bba8dc9b8d29c350","isMergeCommit":true,"messageTitle":"Merge branch \u0027branch-Level-9\u0027","messageBody":"","tags":["Level-9"],"fileTypesAndContributionMap":{}}]},{"date":"2025-09-03T00:00:00","commitResults":[{"hash":"33ab54febb5b222184117195355b83e2f1822b86","isMergeCommit":false,"messageTitle":"Add support for checkstyle with gradle","messageBody":"","fileTypesAndContributionMap":{"gradle":{"insertions":5,"deletions":0}}},{"hash":"640260a4048046119a1ecfec2812b4af9569da1c","isMergeCommit":false,"messageTitle":"Update checkstyle and files to follow java coding standard","messageBody":"","fileTypesAndContributionMap":{"txt":{"insertions":0,"deletions":1},"java":{"insertions":354,"deletions":350}}},{"hash":"8c46a55268b14c139bbb090a537dba59c0b80ce0","isMergeCommit":true,"messageTitle":"Merge branch \u0027branch-A-CheckStyle\u0027","messageBody":"","tags":["A-CheckStyle"],"fileTypesAndContributionMap":{}}]}]},"authorFileTypeContributionMap":{"gabriel-lll":{"java":505,"md":1,"fxml":0,"sh":2,"bat":1,"gradle":6,"txt":10}},"authorContributionVariance":{"gabriel-lll":25612.604},"authorDisplayNameMap":{"gabriel-lll":"CS2103T-T12-4 GABR..UNDO"}}
