[{"path":"data/bosh.txt","fileType":"txt","lines":[{"lineNumber":1,"author":{"gitId":"Bosh1707"},"content":"T | 0 | talk to friends","lastModifiedDate":"2025-08-31T00:06:04","isFullCredit":false},{"lineNumber":2,"author":{"gitId":"Bosh1707"},"content":"D | 0 | return book | Sunday","lastModifiedDate":"2025-08-31T00:06:04","isFullCredit":false},{"lineNumber":3,"author":{"gitId":"Bosh1707"},"content":"E | 0 | meeting | 2pm | 4pm","lastModifiedDate":"2025-08-31T00:06:04","isFullCredit":false},{"lineNumber":4,"author":{"gitId":"Bosh1707"},"content":"D | 0 | return book | 2019-10-15","lastModifiedDate":"2025-08-31T18:33:50","isFullCredit":false}],"authorContributionMap":{"Bosh1707":4}},{"path":"src/main/java/duke/Bosh.java","fileType":"java","lines":[{"lineNumber":1,"author":{"gitId":"Bosh1707"},"content":"package duke;","lastModifiedDate":"2025-09-02T11:02:47","isFullCredit":false},{"lineNumber":2,"author":{"gitId":"Bosh1707"},"content":"","lastModifiedDate":"2025-09-02T11:02:47","isFullCredit":false},{"lineNumber":3,"author":{"gitId":"Bosh1707"},"content":"import java.util.List;","lastModifiedDate":"2025-08-31T00:06:04","isFullCredit":false},{"lineNumber":4,"author":{"gitId":"Bosh1707"},"content":"import java.util.Scanner;","lastModifiedDate":"2025-08-20T17:32:24","isFullCredit":false},{"lineNumber":5,"author":{"gitId":"Bosh1707"},"content":"","lastModifiedDate":"2025-08-20T17:32:24","isFullCredit":false},{"lineNumber":6,"author":{"gitId":"Bosh1707"},"content":"","lastModifiedDate":"2025-09-02T11:02:47","isFullCredit":false},{"lineNumber":7,"author":{"gitId":"Bosh1707"},"content":"public class Bosh {","lastModifiedDate":"2025-08-20T16:45:49","isFullCredit":false},{"lineNumber":8,"author":{"gitId":"Bosh1707"},"content":"","lastModifiedDate":"2025-08-20T17:32:24","isFullCredit":false},{"lineNumber":9,"author":{"gitId":"Bosh1707"},"content":"    public static void main(String[] args) {","lastModifiedDate":"2025-08-20T16:45:49","isFullCredit":false},{"lineNumber":10,"author":{"gitId":"Bosh1707"},"content":"        Scanner sc \u003d new Scanner(System.in);","lastModifiedDate":"2025-08-20T17:32:24","isFullCredit":false},{"lineNumber":11,"author":{"gitId":"Bosh1707"},"content":"","lastModifiedDate":"2025-08-21T10:02:44","isFullCredit":false},{"lineNumber":12,"author":{"gitId":"Bosh1707"},"content":"        Ui.box(\"Hello! I\u0027m Bosh\", \"What can I do for you?\");","lastModifiedDate":"2025-08-31T00:06:04","isFullCredit":false},{"lineNumber":13,"author":{"gitId":"Bosh1707"},"content":"","lastModifiedDate":"2025-08-31T00:06:04","isFullCredit":false},{"lineNumber":14,"author":{"gitId":"Bosh1707"},"content":"        // Level-7: load existing tasks, enable auto-save","lastModifiedDate":"2025-08-31T00:06:04","isFullCredit":false},{"lineNumber":15,"author":{"gitId":"Bosh1707"},"content":"        Storage storage \u003d new Storage();","lastModifiedDate":"2025-08-31T00:06:04","isFullCredit":false},{"lineNumber":16,"author":{"gitId":"Bosh1707"},"content":"        TaskList tasks;","lastModifiedDate":"2025-08-31T00:06:04","isFullCredit":false},{"lineNumber":17,"author":{"gitId":"Bosh1707"},"content":"        try {","lastModifiedDate":"2025-08-31T00:06:04","isFullCredit":false},{"lineNumber":18,"author":{"gitId":"Bosh1707"},"content":"            List\u003cTask\u003e loaded \u003d storage.load();          // [] if first run","lastModifiedDate":"2025-08-31T00:06:04","isFullCredit":false},{"lineNumber":19,"author":{"gitId":"Bosh1707"},"content":"            tasks \u003d new TaskList(loaded, storage);       // auto-save enabled","lastModifiedDate":"2025-08-31T00:06:04","isFullCredit":false},{"lineNumber":20,"author":{"gitId":"Bosh1707"},"content":"        } catch (Exception e) {","lastModifiedDate":"2025-08-31T00:06:04","isFullCredit":false},{"lineNumber":21,"author":{"gitId":"Bosh1707"},"content":"            Ui.error(\"Starting with an empty list (load failed): \" + e.getMessage());","lastModifiedDate":"2025-08-31T00:06:04","isFullCredit":false},{"lineNumber":22,"author":{"gitId":"Bosh1707"},"content":"            tasks \u003d new TaskList(); // fallback: no auto-save","lastModifiedDate":"2025-08-31T00:06:04","isFullCredit":false},{"lineNumber":23,"author":{"gitId":"Bosh1707"},"content":"        }","lastModifiedDate":"2025-08-31T00:06:04","isFullCredit":false},{"lineNumber":24,"author":{"gitId":"Bosh1707"},"content":"","lastModifiedDate":"2025-08-20T17:32:24","isFullCredit":false},{"lineNumber":25,"author":{"gitId":"Bosh1707"},"content":"        while (sc.hasNextLine()) {","lastModifiedDate":"2025-08-21T10:02:44","isFullCredit":false},{"lineNumber":26,"author":{"gitId":"Bosh1707"},"content":"            String input \u003d sc.nextLine().trim();","lastModifiedDate":"2025-08-21T03:14:42","isFullCredit":false},{"lineNumber":27,"author":{"gitId":"Bosh1707"},"content":"","lastModifiedDate":"2025-08-21T03:14:42","isFullCredit":false},{"lineNumber":28,"author":{"gitId":"Bosh1707"},"content":"            if (input.equals(\"bye\")) {","lastModifiedDate":"2025-08-20T17:32:24","isFullCredit":false},{"lineNumber":29,"author":{"gitId":"Bosh1707"},"content":"                Ui.box(\"Bye. Hope to see you again soon!\");","lastModifiedDate":"2025-08-22T01:21:44","isFullCredit":false},{"lineNumber":30,"author":{"gitId":"Bosh1707"},"content":"                break;","lastModifiedDate":"2025-08-20T17:32:24","isFullCredit":false},{"lineNumber":31,"author":{"gitId":"Bosh1707"},"content":"            }","lastModifiedDate":"2025-08-22T01:21:44","isFullCredit":false},{"lineNumber":32,"author":{"gitId":"Bosh1707"},"content":"            try {","lastModifiedDate":"2025-08-22T01:21:44","isFullCredit":false},{"lineNumber":33,"author":{"gitId":"Bosh1707"},"content":"                Parser.handle(input, tasks);","lastModifiedDate":"2025-08-21T11:32:29","isFullCredit":false},{"lineNumber":34,"author":{"gitId":"Bosh1707"},"content":"            } catch (BoshException e) {","lastModifiedDate":"2025-08-22T01:21:44","isFullCredit":false},{"lineNumber":35,"author":{"gitId":"Bosh1707"},"content":"                Ui.error(e.getMessage());","lastModifiedDate":"2025-08-22T01:21:44","isFullCredit":false},{"lineNumber":36,"author":{"gitId":"Bosh1707"},"content":"            } catch (Exception e) {","lastModifiedDate":"2025-08-22T01:21:44","isFullCredit":false},{"lineNumber":37,"author":{"gitId":"Bosh1707"},"content":"                Ui.error(\"Uh oh, something went wrong: \" + e.getClass().getSimpleName());","lastModifiedDate":"2025-08-22T01:21:44","isFullCredit":false},{"lineNumber":38,"author":{"gitId":"Bosh1707"},"content":"            }","lastModifiedDate":"2025-08-21T03:14:42","isFullCredit":false},{"lineNumber":39,"author":{"gitId":"Bosh1707"},"content":"        }","lastModifiedDate":"2025-08-20T17:32:24","isFullCredit":false},{"lineNumber":40,"author":{"gitId":"Bosh1707"},"content":"    }","lastModifiedDate":"2025-08-20T16:45:49","isFullCredit":false},{"lineNumber":41,"author":{"gitId":"Bosh1707"},"content":"}","lastModifiedDate":"2025-08-20T16:45:49","isFullCredit":false}],"authorContributionMap":{"Bosh1707":41}},{"path":"src/main/java/duke/BoshException.java","fileType":"java","lines":[{"lineNumber":1,"author":{"gitId":"Bosh1707"},"content":"package duke;","lastModifiedDate":"2025-09-02T11:02:47","isFullCredit":false},{"lineNumber":2,"author":{"gitId":"Bosh1707"},"content":"","lastModifiedDate":"2025-09-02T11:02:47","isFullCredit":false},{"lineNumber":3,"author":{"gitId":"Bosh1707"},"content":"public class BoshException extends Exception {","lastModifiedDate":"2025-08-22T01:21:44","isFullCredit":false},{"lineNumber":4,"author":{"gitId":"Bosh1707"},"content":"    public BoshException(String message) {","lastModifiedDate":"2025-08-22T01:21:44","isFullCredit":false},{"lineNumber":5,"author":{"gitId":"Bosh1707"},"content":"        super(message);","lastModifiedDate":"2025-08-22T01:21:44","isFullCredit":false},{"lineNumber":6,"author":{"gitId":"Bosh1707"},"content":"    }","lastModifiedDate":"2025-08-22T01:21:44","isFullCredit":false},{"lineNumber":7,"author":{"gitId":"Bosh1707"},"content":"}","lastModifiedDate":"2025-08-22T01:21:44","isFullCredit":false}],"authorContributionMap":{"Bosh1707":7}},{"path":"src/main/java/duke/Deadline.java","fileType":"java","lines":[{"lineNumber":1,"author":{"gitId":"Bosh1707"},"content":"package duke;","lastModifiedDate":"2025-09-02T11:02:47","isFullCredit":false},{"lineNumber":2,"author":{"gitId":"Bosh1707"},"content":"","lastModifiedDate":"2025-09-02T11:02:47","isFullCredit":false},{"lineNumber":3,"author":{"gitId":"Bosh1707"},"content":"import java.time.LocalDate;","lastModifiedDate":"2025-08-31T18:33:50","isFullCredit":false},{"lineNumber":4,"author":{"gitId":"Bosh1707"},"content":"import java.time.LocalDateTime;","lastModifiedDate":"2025-08-31T18:33:50","isFullCredit":false},{"lineNumber":5,"author":{"gitId":"Bosh1707"},"content":"import java.time.format.DateTimeFormatter;","lastModifiedDate":"2025-08-31T18:33:50","isFullCredit":false},{"lineNumber":6,"author":{"gitId":"Bosh1707"},"content":"import java.time.format.DateTimeParseException;","lastModifiedDate":"2025-08-31T18:33:50","isFullCredit":false},{"lineNumber":7,"author":{"gitId":"Bosh1707"},"content":"","lastModifiedDate":"2025-08-31T18:33:50","isFullCredit":false},{"lineNumber":8,"author":{"gitId":"Bosh1707"},"content":"public class Deadline extends Task {","lastModifiedDate":"2025-08-21T11:32:29","isFullCredit":false},{"lineNumber":9,"author":{"gitId":"Bosh1707"},"content":"    // Keep original input in case it isn\u0027t a valid date","lastModifiedDate":"2025-09-02T10:34:08","isFullCredit":false},{"lineNumber":10,"author":{"gitId":"Bosh1707"},"content":"    protected String byRaw;","lastModifiedDate":"2025-08-31T18:33:50","isFullCredit":false},{"lineNumber":11,"author":{"gitId":"Bosh1707"},"content":"    protected LocalDate date;          // if user typed yyyy-MM-dd","lastModifiedDate":"2025-08-31T18:33:50","isFullCredit":false},{"lineNumber":12,"author":{"gitId":"Bosh1707"},"content":"    protected LocalDateTime dateTime;  // if user typed yyyy-MM-dd HHmm","lastModifiedDate":"2025-08-31T18:33:50","isFullCredit":false},{"lineNumber":13,"author":{"gitId":"Bosh1707"},"content":"","lastModifiedDate":"2025-08-31T18:33:50","isFullCredit":false},{"lineNumber":14,"author":{"gitId":"Bosh1707"},"content":"    private static final DateTimeFormatter IN_DATE \u003d DateTimeFormatter.ofPattern(\"yyyy-MM-dd\");","lastModifiedDate":"2025-08-31T18:33:50","isFullCredit":false},{"lineNumber":15,"author":{"gitId":"Bosh1707"},"content":"    private static final DateTimeFormatter IN_DATE_TIME \u003d DateTimeFormatter.ofPattern(\"yyyy-MM-dd HHmm\");","lastModifiedDate":"2025-08-31T18:33:50","isFullCredit":false},{"lineNumber":16,"author":{"gitId":"Bosh1707"},"content":"    private static final DateTimeFormatter OUT_DATE \u003d DateTimeFormatter.ofPattern(\"MMM d yyyy\");","lastModifiedDate":"2025-08-31T18:33:50","isFullCredit":false},{"lineNumber":17,"author":{"gitId":"Bosh1707"},"content":"    private static final DateTimeFormatter OUT_DATE_TIME \u003d DateTimeFormatter.ofPattern(\"MMM d yyyy h:mma\");","lastModifiedDate":"2025-08-31T18:33:50","isFullCredit":false},{"lineNumber":18,"author":{"gitId":"Bosh1707"},"content":"","lastModifiedDate":"2025-08-21T11:32:29","isFullCredit":false},{"lineNumber":19,"author":{"gitId":"Bosh1707"},"content":"    public Deadline(String description, String by) {","lastModifiedDate":"2025-08-21T11:32:29","isFullCredit":false},{"lineNumber":20,"author":{"gitId":"Bosh1707"},"content":"        super(description, TaskType.DEADLINE); // or remove TaskType if you\u0027re not using enums","lastModifiedDate":"2025-08-31T18:33:50","isFullCredit":false},{"lineNumber":21,"author":{"gitId":"Bosh1707"},"content":"        this.byRaw \u003d by \u003d\u003d null ? \"\" : by.trim();","lastModifiedDate":"2025-08-31T18:33:50","isFullCredit":false},{"lineNumber":22,"author":{"gitId":"Bosh1707"},"content":"        parseIntoFields(this.byRaw);","lastModifiedDate":"2025-08-31T18:33:50","isFullCredit":false},{"lineNumber":23,"author":{"gitId":"Bosh1707"},"content":"    }","lastModifiedDate":"2025-08-31T18:33:50","isFullCredit":false},{"lineNumber":24,"author":{"gitId":"Bosh1707"},"content":"","lastModifiedDate":"2025-08-31T18:33:50","isFullCredit":false},{"lineNumber":25,"author":{"gitId":"Bosh1707"},"content":"    private void parseIntoFields(String s) {","lastModifiedDate":"2025-08-31T18:33:50","isFullCredit":false},{"lineNumber":26,"author":{"gitId":"Bosh1707"},"content":"        if (s.isEmpty()) return;","lastModifiedDate":"2025-08-31T18:33:50","isFullCredit":false},{"lineNumber":27,"author":{"gitId":"Bosh1707"},"content":"        // Try datetime first (yyyy-MM-dd HHmm)","lastModifiedDate":"2025-08-31T18:33:50","isFullCredit":false},{"lineNumber":28,"author":{"gitId":"Bosh1707"},"content":"        try {","lastModifiedDate":"2025-08-31T18:33:50","isFullCredit":false},{"lineNumber":29,"author":{"gitId":"Bosh1707"},"content":"            dateTime \u003d LocalDateTime.parse(s, IN_DATE_TIME);","lastModifiedDate":"2025-08-31T18:33:50","isFullCredit":false},{"lineNumber":30,"author":{"gitId":"Bosh1707"},"content":"            return;","lastModifiedDate":"2025-08-31T18:33:50","isFullCredit":false},{"lineNumber":31,"author":{"gitId":"Bosh1707"},"content":"        } catch (DateTimeParseException ignore) { /* fall through */ }","lastModifiedDate":"2025-08-31T18:33:50","isFullCredit":false},{"lineNumber":32,"author":{"gitId":"Bosh1707"},"content":"","lastModifiedDate":"2025-08-31T18:33:50","isFullCredit":false},{"lineNumber":33,"author":{"gitId":"Bosh1707"},"content":"        // Then try date only (yyyy-MM-dd)","lastModifiedDate":"2025-08-31T18:33:50","isFullCredit":false},{"lineNumber":34,"author":{"gitId":"Bosh1707"},"content":"        try {","lastModifiedDate":"2025-08-31T18:33:50","isFullCredit":false},{"lineNumber":35,"author":{"gitId":"Bosh1707"},"content":"            date \u003d LocalDate.parse(s, IN_DATE);","lastModifiedDate":"2025-08-31T18:33:50","isFullCredit":false},{"lineNumber":36,"author":{"gitId":"Bosh1707"},"content":"        } catch (DateTimeParseException ignore) {","lastModifiedDate":"2025-08-31T18:33:50","isFullCredit":false},{"lineNumber":37,"author":{"gitId":"Bosh1707"},"content":"            // leave both null;","lastModifiedDate":"2025-09-02T10:34:08","isFullCredit":false},{"lineNumber":38,"author":{"gitId":"Bosh1707"},"content":"        }","lastModifiedDate":"2025-08-31T18:33:50","isFullCredit":false},{"lineNumber":39,"author":{"gitId":"Bosh1707"},"content":"    }","lastModifiedDate":"2025-08-31T18:33:50","isFullCredit":false},{"lineNumber":40,"author":{"gitId":"Bosh1707"},"content":"","lastModifiedDate":"2025-08-31T18:33:50","isFullCredit":false},{"lineNumber":41,"author":{"gitId":"Bosh1707"},"content":"    // For Storage","lastModifiedDate":"2025-09-02T10:34:08","isFullCredit":false},{"lineNumber":42,"author":{"gitId":"Bosh1707"},"content":"    public String storageBy() {","lastModifiedDate":"2025-08-31T18:33:50","isFullCredit":false},{"lineNumber":43,"author":{"gitId":"Bosh1707"},"content":"        if (dateTime !\u003d null) return dateTime.format(IN_DATE_TIME); // yyyy-MM-dd HHmm","lastModifiedDate":"2025-08-31T18:33:50","isFullCredit":false},{"lineNumber":44,"author":{"gitId":"Bosh1707"},"content":"        if (date !\u003d null) return date.format(IN_DATE);              // yyyy-MM-dd","lastModifiedDate":"2025-08-31T18:33:50","isFullCredit":false},{"lineNumber":45,"author":{"gitId":"Bosh1707"},"content":"        return byRaw;                                               // fallback","lastModifiedDate":"2025-08-31T18:33:50","isFullCredit":false},{"lineNumber":46,"author":{"gitId":"Bosh1707"},"content":"    }","lastModifiedDate":"2025-08-21T11:32:29","isFullCredit":false},{"lineNumber":47,"author":{"gitId":"Bosh1707"},"content":"","lastModifiedDate":"2025-08-21T11:32:29","isFullCredit":false},{"lineNumber":48,"author":{"gitId":"Bosh1707"},"content":"    @Override","lastModifiedDate":"2025-08-21T11:32:29","isFullCredit":false},{"lineNumber":49,"author":{"gitId":"Bosh1707"},"content":"    public String toString() {","lastModifiedDate":"2025-08-21T11:32:29","isFullCredit":false},{"lineNumber":50,"author":{"gitId":"Bosh1707"},"content":"        String pretty;","lastModifiedDate":"2025-08-31T18:33:50","isFullCredit":false},{"lineNumber":51,"author":{"gitId":"Bosh1707"},"content":"        if (dateTime !\u003d null) {","lastModifiedDate":"2025-08-31T18:33:50","isFullCredit":false},{"lineNumber":52,"author":{"gitId":"Bosh1707"},"content":"            pretty \u003d dateTime.format(OUT_DATE_TIME);","lastModifiedDate":"2025-08-31T18:33:50","isFullCredit":false},{"lineNumber":53,"author":{"gitId":"Bosh1707"},"content":"        } else if (date !\u003d null) {","lastModifiedDate":"2025-08-31T18:33:50","isFullCredit":false},{"lineNumber":54,"author":{"gitId":"Bosh1707"},"content":"            pretty \u003d date.format(OUT_DATE);","lastModifiedDate":"2025-08-31T18:33:50","isFullCredit":false},{"lineNumber":55,"author":{"gitId":"Bosh1707"},"content":"        } else {","lastModifiedDate":"2025-08-31T18:33:50","isFullCredit":false},{"lineNumber":56,"author":{"gitId":"Bosh1707"},"content":"            pretty \u003d byRaw; // not a recognized date format -\u003e show original","lastModifiedDate":"2025-09-02T10:34:08","isFullCredit":false},{"lineNumber":57,"author":{"gitId":"Bosh1707"},"content":"        }","lastModifiedDate":"2025-08-31T18:33:50","isFullCredit":false},{"lineNumber":58,"author":{"gitId":"Bosh1707"},"content":"        return super.toString() + \" (by: \" + pretty + \")\";","lastModifiedDate":"2025-08-31T18:33:50","isFullCredit":false},{"lineNumber":59,"author":{"gitId":"Bosh1707"},"content":"    }","lastModifiedDate":"2025-08-21T11:32:29","isFullCredit":false},{"lineNumber":60,"author":{"gitId":"Bosh1707"},"content":"}","lastModifiedDate":"2025-08-21T11:32:29","isFullCredit":false},{"lineNumber":61,"author":{"gitId":"Bosh1707"},"content":"","lastModifiedDate":"2025-08-21T11:32:29","isFullCredit":false}],"authorContributionMap":{"Bosh1707":61}},{"path":"src/main/java/duke/EmptyDescriptionException.java","fileType":"java","lines":[{"lineNumber":1,"author":{"gitId":"Bosh1707"},"content":"package duke;","lastModifiedDate":"2025-09-02T11:02:47","isFullCredit":false},{"lineNumber":2,"author":{"gitId":"Bosh1707"},"content":"","lastModifiedDate":"2025-09-02T11:02:47","isFullCredit":false},{"lineNumber":3,"author":{"gitId":"Bosh1707"},"content":"public class EmptyDescriptionException extends BoshException {","lastModifiedDate":"2025-08-22T01:21:44","isFullCredit":false},{"lineNumber":4,"author":{"gitId":"Bosh1707"},"content":"    public EmptyDescriptionException(String type) {","lastModifiedDate":"2025-08-22T01:21:44","isFullCredit":false},{"lineNumber":5,"author":{"gitId":"Bosh1707"},"content":"        super(\"A \" + type + \" needs a description. Try again!\");","lastModifiedDate":"2025-08-22T01:21:44","isFullCredit":false},{"lineNumber":6,"author":{"gitId":"Bosh1707"},"content":"    }","lastModifiedDate":"2025-08-22T01:21:44","isFullCredit":false},{"lineNumber":7,"author":{"gitId":"Bosh1707"},"content":"}","lastModifiedDate":"2025-08-22T01:21:44","isFullCredit":false}],"authorContributionMap":{"Bosh1707":7}},{"path":"src/main/java/duke/Event.java","fileType":"java","lines":[{"lineNumber":1,"author":{"gitId":"Bosh1707"},"content":"package duke;","lastModifiedDate":"2025-09-02T11:02:47","isFullCredit":false},{"lineNumber":2,"author":{"gitId":"Bosh1707"},"content":"","lastModifiedDate":"2025-09-02T11:02:47","isFullCredit":false},{"lineNumber":3,"author":{"gitId":"Bosh1707"},"content":"public class Event extends Task {","lastModifiedDate":"2025-08-21T11:32:29","isFullCredit":false},{"lineNumber":4,"author":{"gitId":"Bosh1707"},"content":"    protected String from;","lastModifiedDate":"2025-08-21T11:32:29","isFullCredit":false},{"lineNumber":5,"author":{"gitId":"Bosh1707"},"content":"    protected String to;","lastModifiedDate":"2025-08-21T11:32:29","isFullCredit":false},{"lineNumber":6,"author":{"gitId":"Bosh1707"},"content":"","lastModifiedDate":"2025-08-21T11:32:29","isFullCredit":false},{"lineNumber":7,"author":{"gitId":"Bosh1707"},"content":"    public Event(String description, String from, String to) {","lastModifiedDate":"2025-08-21T11:32:29","isFullCredit":false},{"lineNumber":8,"author":{"gitId":"Bosh1707"},"content":"        super(description, TaskType.EVENT);","lastModifiedDate":"2025-08-22T01:44:16","isFullCredit":false},{"lineNumber":9,"author":{"gitId":"Bosh1707"},"content":"        this.from \u003d from;","lastModifiedDate":"2025-08-21T11:32:29","isFullCredit":false},{"lineNumber":10,"author":{"gitId":"Bosh1707"},"content":"        this.to \u003d to;","lastModifiedDate":"2025-08-21T11:32:29","isFullCredit":false},{"lineNumber":11,"author":{"gitId":"Bosh1707"},"content":"    }","lastModifiedDate":"2025-08-21T11:32:29","isFullCredit":false},{"lineNumber":12,"author":{"gitId":"Bosh1707"},"content":"","lastModifiedDate":"2025-08-21T11:32:29","isFullCredit":false},{"lineNumber":13,"author":{"gitId":"Bosh1707"},"content":"    @Override","lastModifiedDate":"2025-08-21T11:32:29","isFullCredit":false},{"lineNumber":14,"author":{"gitId":"Bosh1707"},"content":"    public String toString() {","lastModifiedDate":"2025-08-21T11:32:29","isFullCredit":false},{"lineNumber":15,"author":{"gitId":"Bosh1707"},"content":"        return super.toString() + \" (from: \" + from + \" to: \" + to + \")\";","lastModifiedDate":"2025-08-22T01:44:16","isFullCredit":false},{"lineNumber":16,"author":{"gitId":"Bosh1707"},"content":"    }","lastModifiedDate":"2025-08-21T11:32:29","isFullCredit":false},{"lineNumber":17,"author":{"gitId":"Bosh1707"},"content":"}","lastModifiedDate":"2025-08-21T11:32:29","isFullCredit":false}],"authorContributionMap":{"Bosh1707":17}},{"path":"src/main/java/duke/IndexOutOfRangeException.java","fileType":"java","lines":[{"lineNumber":1,"author":{"gitId":"Bosh1707"},"content":"package duke;","lastModifiedDate":"2025-09-02T11:02:47","isFullCredit":false},{"lineNumber":2,"author":{"gitId":"Bosh1707"},"content":"","lastModifiedDate":"2025-09-02T11:02:47","isFullCredit":false},{"lineNumber":3,"author":{"gitId":"Bosh1707"},"content":"public class IndexOutOfRangeException extends BoshException {","lastModifiedDate":"2025-08-22T01:21:44","isFullCredit":false},{"lineNumber":4,"author":{"gitId":"Bosh1707"},"content":"    public IndexOutOfRangeException(int idx) {","lastModifiedDate":"2025-08-22T01:21:44","isFullCredit":false},{"lineNumber":5,"author":{"gitId":"Bosh1707"},"content":"        super(\"There isn’t a task #\" + idx + \" in your list.\");","lastModifiedDate":"2025-08-22T01:21:44","isFullCredit":false},{"lineNumber":6,"author":{"gitId":"Bosh1707"},"content":"    }","lastModifiedDate":"2025-08-22T01:21:44","isFullCredit":false},{"lineNumber":7,"author":{"gitId":"Bosh1707"},"content":"}","lastModifiedDate":"2025-08-22T01:21:44","isFullCredit":false}],"authorContributionMap":{"Bosh1707":7}},{"path":"src/main/java/duke/MissingArgumentException.java","fileType":"java","lines":[{"lineNumber":1,"author":{"gitId":"Bosh1707"},"content":"package duke;","lastModifiedDate":"2025-09-02T11:02:47","isFullCredit":false},{"lineNumber":2,"author":{"gitId":"Bosh1707"},"content":"","lastModifiedDate":"2025-09-02T11:02:47","isFullCredit":false},{"lineNumber":3,"author":{"gitId":"Bosh1707"},"content":"public class MissingArgumentException extends BoshException {","lastModifiedDate":"2025-08-22T01:21:44","isFullCredit":false},{"lineNumber":4,"author":{"gitId":"Bosh1707"},"content":"    public MissingArgumentException(String hint) {","lastModifiedDate":"2025-08-22T01:21:44","isFullCredit":false},{"lineNumber":5,"author":{"gitId":"Bosh1707"},"content":"        super(\"This seems incomplete. \" + hint);","lastModifiedDate":"2025-08-22T01:21:44","isFullCredit":false},{"lineNumber":6,"author":{"gitId":"Bosh1707"},"content":"    }","lastModifiedDate":"2025-08-22T01:21:44","isFullCredit":false},{"lineNumber":7,"author":{"gitId":"Bosh1707"},"content":"}","lastModifiedDate":"2025-08-22T01:21:44","isFullCredit":false}],"authorContributionMap":{"Bosh1707":7}},{"path":"src/main/java/duke/Parser.java","fileType":"java","lines":[{"lineNumber":1,"author":{"gitId":"Bosh1707"},"content":"package duke;","lastModifiedDate":"2025-09-02T11:02:47","isFullCredit":false},{"lineNumber":2,"author":{"gitId":"Bosh1707"},"content":"","lastModifiedDate":"2025-09-02T11:02:47","isFullCredit":false},{"lineNumber":3,"author":{"gitId":"Bosh1707"},"content":"public class Parser {","lastModifiedDate":"2025-08-21T11:32:29","isFullCredit":false},{"lineNumber":4,"author":{"gitId":"Bosh1707"},"content":"    public static void handle(String line, TaskList tasks) throws BoshException {","lastModifiedDate":"2025-08-22T01:21:44","isFullCredit":false},{"lineNumber":5,"author":{"gitId":"Bosh1707"},"content":"        if (line.isEmpty()) {","lastModifiedDate":"2025-08-22T01:21:44","isFullCredit":false},{"lineNumber":6,"author":{"gitId":"Bosh1707"},"content":"            throw new UnknownCommandException(\"(empty line)\");","lastModifiedDate":"2025-08-22T01:21:44","isFullCredit":false},{"lineNumber":7,"author":{"gitId":"Bosh1707"},"content":"        }","lastModifiedDate":"2025-08-22T01:21:44","isFullCredit":false},{"lineNumber":8,"author":{"gitId":"Bosh1707"},"content":"        if (line.equals(\"list\")) {","lastModifiedDate":"2025-08-22T01:21:44","isFullCredit":false},{"lineNumber":9,"author":{"gitId":"Bosh1707"},"content":"            tasks.list();","lastModifiedDate":"2025-08-21T11:32:29","isFullCredit":false},{"lineNumber":10,"author":{"gitId":"Bosh1707"},"content":"            return;","lastModifiedDate":"2025-08-21T11:32:29","isFullCredit":false},{"lineNumber":11,"author":{"gitId":"Bosh1707"},"content":"        }","lastModifiedDate":"2025-08-21T11:32:29","isFullCredit":false},{"lineNumber":12,"author":{"gitId":"Bosh1707"},"content":"        if (line.startsWith(\"mark \")) {","lastModifiedDate":"2025-08-22T01:21:44","isFullCredit":false},{"lineNumber":13,"author":{"gitId":"Bosh1707"},"content":"            int idx \u003d parsePositiveIndex(line.substring(5).trim());","lastModifiedDate":"2025-08-22T01:21:44","isFullCredit":false},{"lineNumber":14,"author":{"gitId":"Bosh1707"},"content":"            tasks.mark(idx);","lastModifiedDate":"2025-08-21T11:32:29","isFullCredit":false},{"lineNumber":15,"author":{"gitId":"Bosh1707"},"content":"            return;","lastModifiedDate":"2025-08-21T11:32:29","isFullCredit":false},{"lineNumber":16,"author":{"gitId":"Bosh1707"},"content":"        }","lastModifiedDate":"2025-08-21T11:32:29","isFullCredit":false},{"lineNumber":17,"author":{"gitId":"Bosh1707"},"content":"        if (line.startsWith(\"unmark \")) {","lastModifiedDate":"2025-08-22T01:21:44","isFullCredit":false},{"lineNumber":18,"author":{"gitId":"Bosh1707"},"content":"            int idx \u003d parsePositiveIndex(line.substring(7).trim());","lastModifiedDate":"2025-08-22T01:21:44","isFullCredit":false},{"lineNumber":19,"author":{"gitId":"Bosh1707"},"content":"            tasks.unmark(idx);","lastModifiedDate":"2025-08-21T11:32:29","isFullCredit":false},{"lineNumber":20,"author":{"gitId":"Bosh1707"},"content":"            return;","lastModifiedDate":"2025-08-21T11:32:29","isFullCredit":false},{"lineNumber":21,"author":{"gitId":"Bosh1707"},"content":"        }","lastModifiedDate":"2025-08-21T11:32:29","isFullCredit":false},{"lineNumber":22,"author":{"gitId":"Bosh1707"},"content":"        if (line.equals(\"delete\")) {","lastModifiedDate":"2025-08-22T01:36:42","isFullCredit":false},{"lineNumber":23,"author":{"gitId":"Bosh1707"},"content":"            throw new BoshException(\"Usage: delete \u003ctask-number\u003e\");","lastModifiedDate":"2025-08-22T01:36:42","isFullCredit":false},{"lineNumber":24,"author":{"gitId":"Bosh1707"},"content":"        }","lastModifiedDate":"2025-08-22T01:36:42","isFullCredit":false},{"lineNumber":25,"author":{"gitId":"Bosh1707"},"content":"        if (line.startsWith(\"delete \")) {","lastModifiedDate":"2025-08-22T01:36:42","isFullCredit":false},{"lineNumber":26,"author":{"gitId":"Bosh1707"},"content":"            int idx \u003d parsePositiveIndex(line.substring(7).trim());","lastModifiedDate":"2025-08-22T01:36:42","isFullCredit":false},{"lineNumber":27,"author":{"gitId":"Bosh1707"},"content":"            if (idx \u003c 1 || idx \u003e tasks.size()) {","lastModifiedDate":"2025-08-22T01:36:42","isFullCredit":false},{"lineNumber":28,"author":{"gitId":"Bosh1707"},"content":"                throw new BoshException(\"No task #\" + idx + \" exists.\");","lastModifiedDate":"2025-08-22T01:36:42","isFullCredit":false},{"lineNumber":29,"author":{"gitId":"Bosh1707"},"content":"            }","lastModifiedDate":"2025-08-22T01:36:42","isFullCredit":false},{"lineNumber":30,"author":{"gitId":"Bosh1707"},"content":"            tasks.delete(idx);","lastModifiedDate":"2025-08-22T01:36:42","isFullCredit":false},{"lineNumber":31,"author":{"gitId":"Bosh1707"},"content":"            return;","lastModifiedDate":"2025-08-22T01:36:42","isFullCredit":false},{"lineNumber":32,"author":{"gitId":"Bosh1707"},"content":"        }","lastModifiedDate":"2025-08-22T01:36:42","isFullCredit":false},{"lineNumber":33,"author":{"gitId":"Bosh1707"},"content":"","lastModifiedDate":"2025-08-22T01:36:42","isFullCredit":false},{"lineNumber":34,"author":{"gitId":"Bosh1707"},"content":"        if (line.equals(\"todo\")) {","lastModifiedDate":"2025-08-22T01:21:44","isFullCredit":false},{"lineNumber":35,"author":{"gitId":"Bosh1707"},"content":"            throw new EmptyDescriptionException(\"todo\");","lastModifiedDate":"2025-08-22T01:21:44","isFullCredit":false},{"lineNumber":36,"author":{"gitId":"Bosh1707"},"content":"        }","lastModifiedDate":"2025-08-22T01:21:44","isFullCredit":false},{"lineNumber":37,"author":{"gitId":"Bosh1707"},"content":"        if (line.startsWith(\"todo \")) {","lastModifiedDate":"2025-08-22T01:21:44","isFullCredit":false},{"lineNumber":38,"author":{"gitId":"Bosh1707"},"content":"            String desc \u003d line.substring(5).trim();","lastModifiedDate":"2025-08-22T01:21:44","isFullCredit":false},{"lineNumber":39,"author":{"gitId":"Bosh1707"},"content":"            if (desc.isEmpty()) throw new EmptyDescriptionException(\"todo\");","lastModifiedDate":"2025-08-22T01:21:44","isFullCredit":false},{"lineNumber":40,"author":{"gitId":"Bosh1707"},"content":"            tasks.add(new Todo(desc));","lastModifiedDate":"2025-08-21T11:32:29","isFullCredit":false},{"lineNumber":41,"author":{"gitId":"Bosh1707"},"content":"            return;","lastModifiedDate":"2025-08-21T11:32:29","isFullCredit":false},{"lineNumber":42,"author":{"gitId":"Bosh1707"},"content":"        }","lastModifiedDate":"2025-08-21T11:32:29","isFullCredit":false},{"lineNumber":43,"author":{"gitId":"Bosh1707"},"content":"        if (line.equals(\"deadline\")) {","lastModifiedDate":"2025-08-22T01:21:44","isFullCredit":false},{"lineNumber":44,"author":{"gitId":"Bosh1707"},"content":"            throw new MissingArgumentException(\"Usage: deadline \u003cdesc\u003e /by \u003ctime\u003e\");","lastModifiedDate":"2025-08-22T01:21:44","isFullCredit":false},{"lineNumber":45,"author":{"gitId":"Bosh1707"},"content":"        }","lastModifiedDate":"2025-08-22T01:21:44","isFullCredit":false},{"lineNumber":46,"author":{"gitId":"Bosh1707"},"content":"        if (line.startsWith(\"deadline \")) {","lastModifiedDate":"2025-08-22T01:21:44","isFullCredit":false},{"lineNumber":47,"author":{"gitId":"Bosh1707"},"content":"            String rest \u003d line.substring(9).trim();","lastModifiedDate":"2025-08-22T01:21:44","isFullCredit":false},{"lineNumber":48,"author":{"gitId":"Bosh1707"},"content":"            int byIdx \u003d rest.indexOf(\"/by\");","lastModifiedDate":"2025-08-21T11:32:29","isFullCredit":false},{"lineNumber":49,"author":{"gitId":"Bosh1707"},"content":"            if (byIdx \u003d\u003d -1) {","lastModifiedDate":"2025-08-21T11:32:29","isFullCredit":false},{"lineNumber":50,"author":{"gitId":"Bosh1707"},"content":"                throw new MissingArgumentException(\"Missing \\\"/by\\\". Example: deadline return book /by Sunday\");","lastModifiedDate":"2025-08-22T01:21:44","isFullCredit":false},{"lineNumber":51,"author":{"gitId":"Bosh1707"},"content":"            }","lastModifiedDate":"2025-08-21T11:32:29","isFullCredit":false},{"lineNumber":52,"author":{"gitId":"Bosh1707"},"content":"            String desc \u003d rest.substring(0, byIdx).trim();","lastModifiedDate":"2025-08-21T11:32:29","isFullCredit":false},{"lineNumber":53,"author":{"gitId":"Bosh1707"},"content":"            String by \u003d rest.substring(byIdx + 3).trim();","lastModifiedDate":"2025-08-22T01:21:44","isFullCredit":false},{"lineNumber":54,"author":{"gitId":"Bosh1707"},"content":"            if (desc.isEmpty()) throw new EmptyDescriptionException(\"deadline\");","lastModifiedDate":"2025-08-22T01:21:44","isFullCredit":false},{"lineNumber":55,"author":{"gitId":"Bosh1707"},"content":"            if (by.isEmpty()) throw new MissingArgumentException(\"Please specify a time after /by.\");","lastModifiedDate":"2025-08-22T01:21:44","isFullCredit":false},{"lineNumber":56,"author":{"gitId":"Bosh1707"},"content":"            tasks.add(new Deadline(desc, by));","lastModifiedDate":"2025-08-21T11:32:29","isFullCredit":false},{"lineNumber":57,"author":{"gitId":"Bosh1707"},"content":"            return;","lastModifiedDate":"2025-08-21T11:32:29","isFullCredit":false},{"lineNumber":58,"author":{"gitId":"Bosh1707"},"content":"        }","lastModifiedDate":"2025-08-21T11:32:29","isFullCredit":false},{"lineNumber":59,"author":{"gitId":"Bosh1707"},"content":"        if (line.equals(\"event\")) {","lastModifiedDate":"2025-08-22T01:21:44","isFullCredit":false},{"lineNumber":60,"author":{"gitId":"Bosh1707"},"content":"            throw new MissingArgumentException(\"Usage: event \u003cdesc\u003e /from \u003cstart\u003e /to \u003cend\u003e\");","lastModifiedDate":"2025-08-22T01:21:44","isFullCredit":false},{"lineNumber":61,"author":{"gitId":"Bosh1707"},"content":"        }","lastModifiedDate":"2025-08-22T01:21:44","isFullCredit":false},{"lineNumber":62,"author":{"gitId":"Bosh1707"},"content":"        if (line.startsWith(\"event \")) {","lastModifiedDate":"2025-08-22T01:21:44","isFullCredit":false},{"lineNumber":63,"author":{"gitId":"Bosh1707"},"content":"            String rest \u003d line.substring(6).trim();","lastModifiedDate":"2025-08-22T01:21:44","isFullCredit":false},{"lineNumber":64,"author":{"gitId":"Bosh1707"},"content":"            int fromIdx \u003d rest.indexOf(\"/from\");","lastModifiedDate":"2025-08-21T11:32:29","isFullCredit":false},{"lineNumber":65,"author":{"gitId":"Bosh1707"},"content":"            int toIdx \u003d rest.indexOf(\"/to\");","lastModifiedDate":"2025-08-21T11:32:29","isFullCredit":false},{"lineNumber":66,"author":{"gitId":"Bosh1707"},"content":"            if (fromIdx \u003d\u003d -1 || toIdx \u003d\u003d -1 || toIdx \u003c fromIdx) {","lastModifiedDate":"2025-08-21T11:32:29","isFullCredit":false},{"lineNumber":67,"author":{"gitId":"Bosh1707"},"content":"                throw new MissingArgumentException(\"Event needs both /from and /to. Example: event meeting /from Mon 2pm /to 4pm\");","lastModifiedDate":"2025-08-22T01:21:44","isFullCredit":false},{"lineNumber":68,"author":{"gitId":"Bosh1707"},"content":"            }","lastModifiedDate":"2025-08-21T11:32:29","isFullCredit":false},{"lineNumber":69,"author":{"gitId":"Bosh1707"},"content":"            String desc \u003d rest.substring(0, fromIdx).trim();","lastModifiedDate":"2025-08-21T11:32:29","isFullCredit":false},{"lineNumber":70,"author":{"gitId":"Bosh1707"},"content":"            String from \u003d rest.substring(fromIdx + 5, toIdx).trim();","lastModifiedDate":"2025-08-21T11:32:29","isFullCredit":false},{"lineNumber":71,"author":{"gitId":"Bosh1707"},"content":"            String to \u003d rest.substring(toIdx + 3).trim();","lastModifiedDate":"2025-08-21T11:32:29","isFullCredit":false},{"lineNumber":72,"author":{"gitId":"Bosh1707"},"content":"            if (desc.isEmpty()) throw new EmptyDescriptionException(\"event\");","lastModifiedDate":"2025-08-22T01:21:44","isFullCredit":false},{"lineNumber":73,"author":{"gitId":"Bosh1707"},"content":"            if (from.isEmpty() || to.isEmpty()) {","lastModifiedDate":"2025-08-22T01:21:44","isFullCredit":false},{"lineNumber":74,"author":{"gitId":"Bosh1707"},"content":"                throw new MissingArgumentException(\"Both start and end times are required.\");","lastModifiedDate":"2025-08-22T01:21:44","isFullCredit":false},{"lineNumber":75,"author":{"gitId":"Bosh1707"},"content":"            }","lastModifiedDate":"2025-08-22T01:21:44","isFullCredit":false},{"lineNumber":76,"author":{"gitId":"Bosh1707"},"content":"            tasks.add(new Event(desc, from, to));","lastModifiedDate":"2025-08-21T11:32:29","isFullCredit":false},{"lineNumber":77,"author":{"gitId":"Bosh1707"},"content":"            return;","lastModifiedDate":"2025-08-21T11:32:29","isFullCredit":false},{"lineNumber":78,"author":{"gitId":"Bosh1707"},"content":"        }","lastModifiedDate":"2025-08-21T11:32:29","isFullCredit":false},{"lineNumber":79,"author":{"gitId":"Bosh1707"},"content":"","lastModifiedDate":"2025-08-21T11:32:29","isFullCredit":false},{"lineNumber":80,"author":{"gitId":"Bosh1707"},"content":"        // Fallback: treat as a plain task add (Level-2 behavior)","lastModifiedDate":"2025-08-21T11:32:29","isFullCredit":false},{"lineNumber":81,"author":{"gitId":"Bosh1707"},"content":"        tasks.add(new Todo(line));","lastModifiedDate":"2025-08-22T01:21:44","isFullCredit":false},{"lineNumber":82,"author":{"gitId":"Bosh1707"},"content":"    }","lastModifiedDate":"2025-08-22T01:21:44","isFullCredit":false},{"lineNumber":83,"author":{"gitId":"Bosh1707"},"content":"","lastModifiedDate":"2025-08-22T01:21:44","isFullCredit":false},{"lineNumber":84,"author":{"gitId":"Bosh1707"},"content":"    private static int parsePositiveIndex(String s) throws BoshException {","lastModifiedDate":"2025-08-22T01:21:44","isFullCredit":false},{"lineNumber":85,"author":{"gitId":"Bosh1707"},"content":"        try {","lastModifiedDate":"2025-08-22T01:21:44","isFullCredit":false},{"lineNumber":86,"author":{"gitId":"Bosh1707"},"content":"            int idx \u003d Integer.parseInt(s);","lastModifiedDate":"2025-08-22T01:21:44","isFullCredit":false},{"lineNumber":87,"author":{"gitId":"Bosh1707"},"content":"            if (idx \u003c\u003d 0) throw new NumberFormatException();","lastModifiedDate":"2025-08-22T01:21:44","isFullCredit":false},{"lineNumber":88,"author":{"gitId":"Bosh1707"},"content":"            return idx;","lastModifiedDate":"2025-08-22T01:21:44","isFullCredit":false},{"lineNumber":89,"author":{"gitId":"Bosh1707"},"content":"        } catch (NumberFormatException e) {","lastModifiedDate":"2025-08-22T01:21:44","isFullCredit":false},{"lineNumber":90,"author":{"gitId":"Bosh1707"},"content":"            throw new BoshException(\"Please give a valid positive task number.\");","lastModifiedDate":"2025-08-22T01:21:44","isFullCredit":false},{"lineNumber":91,"author":{"gitId":"Bosh1707"},"content":"        }","lastModifiedDate":"2025-08-21T11:32:29","isFullCredit":false},{"lineNumber":92,"author":{"gitId":"Bosh1707"},"content":"    }","lastModifiedDate":"2025-08-21T11:32:29","isFullCredit":false},{"lineNumber":93,"author":{"gitId":"Bosh1707"},"content":"}","lastModifiedDate":"2025-08-22T01:21:44","isFullCredit":false},{"lineNumber":94,"author":{"gitId":"Bosh1707"},"content":"","lastModifiedDate":"2025-08-22T01:21:44","isFullCredit":false}],"authorContributionMap":{"Bosh1707":94}},{"path":"src/main/java/duke/Storage.java","fileType":"java","lines":[{"lineNumber":1,"author":{"gitId":"Bosh1707"},"content":"package duke;","lastModifiedDate":"2025-09-02T11:02:47","isFullCredit":false},{"lineNumber":2,"author":{"gitId":"Bosh1707"},"content":"","lastModifiedDate":"2025-09-02T11:02:47","isFullCredit":false},{"lineNumber":3,"author":{"gitId":"Bosh1707"},"content":"import java.io.IOException;","lastModifiedDate":"2025-08-31T00:06:04","isFullCredit":false},{"lineNumber":4,"author":{"gitId":"Bosh1707"},"content":"import java.nio.charset.StandardCharsets;","lastModifiedDate":"2025-08-31T00:06:04","isFullCredit":false},{"lineNumber":5,"author":{"gitId":"Bosh1707"},"content":"import java.nio.file.*;","lastModifiedDate":"2025-08-31T00:06:04","isFullCredit":false},{"lineNumber":6,"author":{"gitId":"Bosh1707"},"content":"import java.util.ArrayList;","lastModifiedDate":"2025-08-31T00:06:04","isFullCredit":false},{"lineNumber":7,"author":{"gitId":"Bosh1707"},"content":"import java.util.List;","lastModifiedDate":"2025-08-31T00:06:04","isFullCredit":false},{"lineNumber":8,"author":{"gitId":"Bosh1707"},"content":"","lastModifiedDate":"2025-08-31T00:06:04","isFullCredit":false},{"lineNumber":9,"author":{"gitId":"Bosh1707"},"content":"public class Storage {","lastModifiedDate":"2025-08-31T00:06:04","isFullCredit":false},{"lineNumber":10,"author":{"gitId":"Bosh1707"},"content":"    private final Path dir \u003d Paths.get(\"data\");","lastModifiedDate":"2025-08-31T00:06:04","isFullCredit":false},{"lineNumber":11,"author":{"gitId":"Bosh1707"},"content":"    private final Path file \u003d dir.resolve(\"bosh.txt\");","lastModifiedDate":"2025-09-02T10:34:08","isFullCredit":false},{"lineNumber":12,"author":{"gitId":"Bosh1707"},"content":"","lastModifiedDate":"2025-08-31T00:06:04","isFullCredit":false},{"lineNumber":13,"author":{"gitId":"Bosh1707"},"content":"    public List\u003cTask\u003e load() throws IOException {","lastModifiedDate":"2025-08-31T00:06:04","isFullCredit":false},{"lineNumber":14,"author":{"gitId":"Bosh1707"},"content":"        List\u003cTask\u003e out \u003d new ArrayList\u003c\u003e();","lastModifiedDate":"2025-08-31T18:33:50","isFullCredit":false},{"lineNumber":15,"author":{"gitId":"Bosh1707"},"content":"        if (Files.notExists(dir)) Files.createDirectories(dir);","lastModifiedDate":"2025-08-31T18:33:50","isFullCredit":false},{"lineNumber":16,"author":{"gitId":"Bosh1707"},"content":"        if (Files.notExists(file)) return out; // first run","lastModifiedDate":"2025-08-31T18:33:50","isFullCredit":false},{"lineNumber":17,"author":{"gitId":"Bosh1707"},"content":"","lastModifiedDate":"2025-08-31T18:33:50","isFullCredit":false},{"lineNumber":18,"author":{"gitId":"Bosh1707"},"content":"        List\u003cString\u003e lines \u003d Files.readAllLines(file, StandardCharsets.UTF_8);","lastModifiedDate":"2025-08-31T00:06:04","isFullCredit":false},{"lineNumber":19,"author":{"gitId":"Bosh1707"},"content":"        for (String raw : lines) {","lastModifiedDate":"2025-08-31T00:06:04","isFullCredit":false},{"lineNumber":20,"author":{"gitId":"Bosh1707"},"content":"            if (raw.trim().isEmpty()) continue;","lastModifiedDate":"2025-08-31T00:06:04","isFullCredit":false},{"lineNumber":21,"author":{"gitId":"Bosh1707"},"content":"            // Formats:","lastModifiedDate":"2025-08-31T18:33:50","isFullCredit":false},{"lineNumber":22,"author":{"gitId":"Bosh1707"},"content":"            // T | 1 | desc","lastModifiedDate":"2025-08-31T00:06:04","isFullCredit":false},{"lineNumber":23,"author":{"gitId":"Bosh1707"},"content":"            // D | 0 | desc | yyyy-MM-dd  OR  yyyy-MM-dd HHmm  OR legacy string","lastModifiedDate":"2025-08-31T18:33:50","isFullCredit":false},{"lineNumber":24,"author":{"gitId":"Bosh1707"},"content":"            // E | 1 | desc | from | to   (left as string for L8 minimal)","lastModifiedDate":"2025-08-31T18:33:50","isFullCredit":false},{"lineNumber":25,"author":{"gitId":"Bosh1707"},"content":"            try {","lastModifiedDate":"2025-08-31T00:06:04","isFullCredit":false},{"lineNumber":26,"author":{"gitId":"Bosh1707"},"content":"                String[] p \u003d raw.split(\"\\\\s*\\\\|\\\\s*\");","lastModifiedDate":"2025-08-31T00:06:04","isFullCredit":false},{"lineNumber":27,"author":{"gitId":"Bosh1707"},"content":"                String type \u003d p[0];","lastModifiedDate":"2025-08-31T00:06:04","isFullCredit":false},{"lineNumber":28,"author":{"gitId":"Bosh1707"},"content":"                boolean done \u003d \"1\".equals(p[1]);","lastModifiedDate":"2025-08-31T00:06:04","isFullCredit":false},{"lineNumber":29,"author":{"gitId":"Bosh1707"},"content":"","lastModifiedDate":"2025-08-31T18:33:50","isFullCredit":false},{"lineNumber":30,"author":{"gitId":"Bosh1707"},"content":"                Task t;","lastModifiedDate":"2025-08-31T18:33:50","isFullCredit":false},{"lineNumber":31,"author":{"gitId":"Bosh1707"},"content":"                switch (type) {","lastModifiedDate":"2025-08-31T18:33:50","isFullCredit":false},{"lineNumber":32,"author":{"gitId":"Bosh1707"},"content":"                    case \"T\":","lastModifiedDate":"2025-08-31T18:33:50","isFullCredit":false},{"lineNumber":33,"author":{"gitId":"Bosh1707"},"content":"                        t \u003d new Todo(p[2]);","lastModifiedDate":"2025-08-31T18:33:50","isFullCredit":false},{"lineNumber":34,"author":{"gitId":"Bosh1707"},"content":"                        break;","lastModifiedDate":"2025-08-31T18:33:50","isFullCredit":false},{"lineNumber":35,"author":{"gitId":"Bosh1707"},"content":"                    case \"D\":","lastModifiedDate":"2025-08-31T18:33:50","isFullCredit":false},{"lineNumber":36,"author":{"gitId":"Bosh1707"},"content":"                        t \u003d new Deadline(p[2], p[3]); // constructor handles both ISO and legacy","lastModifiedDate":"2025-08-31T18:33:50","isFullCredit":false},{"lineNumber":37,"author":{"gitId":"Bosh1707"},"content":"                        break;","lastModifiedDate":"2025-08-31T18:33:50","isFullCredit":false},{"lineNumber":38,"author":{"gitId":"Bosh1707"},"content":"                    case \"E\":","lastModifiedDate":"2025-08-31T18:33:50","isFullCredit":false},{"lineNumber":39,"author":{"gitId":"Bosh1707"},"content":"                        t \u003d new Event(p[2], p[3], p[4]);","lastModifiedDate":"2025-08-31T18:33:50","isFullCredit":false},{"lineNumber":40,"author":{"gitId":"Bosh1707"},"content":"                        break;","lastModifiedDate":"2025-08-31T18:33:50","isFullCredit":false},{"lineNumber":41,"author":{"gitId":"Bosh1707"},"content":"                    default:","lastModifiedDate":"2025-08-31T18:33:50","isFullCredit":false},{"lineNumber":42,"author":{"gitId":"Bosh1707"},"content":"                        continue; // skip unknown lines","lastModifiedDate":"2025-08-31T18:33:50","isFullCredit":false},{"lineNumber":43,"author":{"gitId":"Bosh1707"},"content":"                }","lastModifiedDate":"2025-08-31T00:06:04","isFullCredit":false},{"lineNumber":44,"author":{"gitId":"Bosh1707"},"content":"                if (done) t.markAsDone();","lastModifiedDate":"2025-08-31T18:33:50","isFullCredit":false},{"lineNumber":45,"author":{"gitId":"Bosh1707"},"content":"                out.add(t);","lastModifiedDate":"2025-08-31T18:33:50","isFullCredit":false},{"lineNumber":46,"author":{"gitId":"Bosh1707"},"content":"            } catch (Exception ignore) {","lastModifiedDate":"2025-08-31T00:06:04","isFullCredit":false},{"lineNumber":47,"author":{"gitId":"Bosh1707"},"content":"                // Stretch: log/box an error for corrupted lines","lastModifiedDate":"2025-08-31T18:33:50","isFullCredit":false},{"lineNumber":48,"author":{"gitId":"Bosh1707"},"content":"            }","lastModifiedDate":"2025-08-31T00:06:04","isFullCredit":false},{"lineNumber":49,"author":{"gitId":"Bosh1707"},"content":"        }","lastModifiedDate":"2025-08-31T00:06:04","isFullCredit":false},{"lineNumber":50,"author":{"gitId":"Bosh1707"},"content":"        return out;","lastModifiedDate":"2025-08-31T18:33:50","isFullCredit":false},{"lineNumber":51,"author":{"gitId":"Bosh1707"},"content":"    }","lastModifiedDate":"2025-08-31T00:06:04","isFullCredit":false},{"lineNumber":52,"author":{"gitId":"Bosh1707"},"content":"","lastModifiedDate":"2025-08-31T00:06:04","isFullCredit":false},{"lineNumber":53,"author":{"gitId":"Bosh1707"},"content":"    public void save(List\u003cTask\u003e tasks) throws IOException {","lastModifiedDate":"2025-08-31T00:06:04","isFullCredit":false},{"lineNumber":54,"author":{"gitId":"Bosh1707"},"content":"        if (Files.notExists(dir)) Files.createDirectories(dir);","lastModifiedDate":"2025-08-31T18:33:50","isFullCredit":false},{"lineNumber":55,"author":{"gitId":"Bosh1707"},"content":"        List\u003cString\u003e lines \u003d new ArrayList\u003c\u003e();","lastModifiedDate":"2025-08-31T18:33:50","isFullCredit":false},{"lineNumber":56,"author":{"gitId":"Bosh1707"},"content":"        for (Task t : tasks) {","lastModifiedDate":"2025-08-31T00:06:04","isFullCredit":false},{"lineNumber":57,"author":{"gitId":"Bosh1707"},"content":"            lines.add(serialize(t));","lastModifiedDate":"2025-08-31T18:33:50","isFullCredit":false},{"lineNumber":58,"author":{"gitId":"Bosh1707"},"content":"        }","lastModifiedDate":"2025-08-31T00:06:04","isFullCredit":false},{"lineNumber":59,"author":{"gitId":"Bosh1707"},"content":"        Files.write(file, lines, StandardCharsets.UTF_8,","lastModifiedDate":"2025-08-31T18:33:50","isFullCredit":false},{"lineNumber":60,"author":{"gitId":"Bosh1707"},"content":"                StandardOpenOption.CREATE, StandardOpenOption.TRUNCATE_EXISTING);","lastModifiedDate":"2025-08-31T00:06:04","isFullCredit":false},{"lineNumber":61,"author":{"gitId":"Bosh1707"},"content":"    }","lastModifiedDate":"2025-08-31T00:06:04","isFullCredit":false},{"lineNumber":62,"author":{"gitId":"Bosh1707"},"content":"","lastModifiedDate":"2025-08-31T00:06:04","isFullCredit":false},{"lineNumber":63,"author":{"gitId":"Bosh1707"},"content":"    private String serialize(Task t) {","lastModifiedDate":"2025-08-31T00:06:04","isFullCredit":false},{"lineNumber":64,"author":{"gitId":"Bosh1707"},"content":"        String done \u003d t.isDone ? \"1\" : \"0\";","lastModifiedDate":"2025-08-31T00:06:04","isFullCredit":false},{"lineNumber":65,"author":{"gitId":"Bosh1707"},"content":"        if (t instanceof Todo) {","lastModifiedDate":"2025-08-31T00:06:04","isFullCredit":false},{"lineNumber":66,"author":{"gitId":"Bosh1707"},"content":"            return String.join(\" | \", \"T\", done, t.description);","lastModifiedDate":"2025-08-31T00:06:04","isFullCredit":false},{"lineNumber":67,"author":{"gitId":"Bosh1707"},"content":"        } else if (t instanceof Deadline) {","lastModifiedDate":"2025-08-31T00:06:04","isFullCredit":false},{"lineNumber":68,"author":{"gitId":"Bosh1707"},"content":"            Deadline d \u003d (Deadline) t;","lastModifiedDate":"2025-08-31T00:06:04","isFullCredit":false},{"lineNumber":69,"author":{"gitId":"Bosh1707"},"content":"            return String.join(\" | \", \"D\", done, d.description, d.storageBy());","lastModifiedDate":"2025-08-31T18:33:50","isFullCredit":false},{"lineNumber":70,"author":{"gitId":"Bosh1707"},"content":"        } else if (t instanceof Event) {","lastModifiedDate":"2025-08-31T00:06:04","isFullCredit":false},{"lineNumber":71,"author":{"gitId":"Bosh1707"},"content":"            Event e \u003d (Event) t;","lastModifiedDate":"2025-08-31T00:06:04","isFullCredit":false},{"lineNumber":72,"author":{"gitId":"Bosh1707"},"content":"            return String.join(\" | \", \"E\", done, e.description, e.from, e.to);","lastModifiedDate":"2025-08-31T00:06:04","isFullCredit":false},{"lineNumber":73,"author":{"gitId":"Bosh1707"},"content":"        }","lastModifiedDate":"2025-08-31T00:06:04","isFullCredit":false},{"lineNumber":74,"author":{"gitId":"Bosh1707"},"content":"        return String.join(\" | \", \"T\", done, t.description);","lastModifiedDate":"2025-08-31T00:06:04","isFullCredit":false},{"lineNumber":75,"author":{"gitId":"Bosh1707"},"content":"    }","lastModifiedDate":"2025-08-31T00:06:04","isFullCredit":false},{"lineNumber":76,"author":{"gitId":"Bosh1707"},"content":"}","lastModifiedDate":"2025-08-31T00:06:04","isFullCredit":false}],"authorContributionMap":{"Bosh1707":76}},{"path":"src/main/java/duke/Task.java","fileType":"java","lines":[{"lineNumber":1,"author":{"gitId":"Bosh1707"},"content":"package duke;","lastModifiedDate":"2025-09-02T11:02:47","isFullCredit":false},{"lineNumber":2,"author":{"gitId":"Bosh1707"},"content":"","lastModifiedDate":"2025-09-02T11:02:47","isFullCredit":false},{"lineNumber":3,"author":{"gitId":"Bosh1707"},"content":"public class Task {","lastModifiedDate":"2025-08-21T10:02:44","isFullCredit":false},{"lineNumber":4,"author":{"gitId":"Bosh1707"},"content":"    protected String description;","lastModifiedDate":"2025-08-21T10:02:44","isFullCredit":false},{"lineNumber":5,"author":{"gitId":"Bosh1707"},"content":"    protected boolean isDone;","lastModifiedDate":"2025-08-21T10:02:44","isFullCredit":false},{"lineNumber":6,"author":{"gitId":"Bosh1707"},"content":"    protected TaskType type;","lastModifiedDate":"2025-08-22T01:44:16","isFullCredit":false},{"lineNumber":7,"author":{"gitId":"Bosh1707"},"content":"","lastModifiedDate":"2025-08-21T10:02:44","isFullCredit":false},{"lineNumber":8,"author":{"gitId":"Bosh1707"},"content":"    public Task(String description, TaskType type) {","lastModifiedDate":"2025-08-22T01:44:16","isFullCredit":false},{"lineNumber":9,"author":{"gitId":"Bosh1707"},"content":"        this.description \u003d description;","lastModifiedDate":"2025-08-21T10:02:44","isFullCredit":false},{"lineNumber":10,"author":{"gitId":"Bosh1707"},"content":"        this.isDone \u003d false;","lastModifiedDate":"2025-08-21T10:02:44","isFullCredit":false},{"lineNumber":11,"author":{"gitId":"Bosh1707"},"content":"        this.type \u003d type;","lastModifiedDate":"2025-08-22T01:44:16","isFullCredit":false},{"lineNumber":12,"author":{"gitId":"Bosh1707"},"content":"    }","lastModifiedDate":"2025-08-21T10:02:44","isFullCredit":false},{"lineNumber":13,"author":{"gitId":"Bosh1707"},"content":"","lastModifiedDate":"2025-08-21T10:02:44","isFullCredit":false},{"lineNumber":14,"author":{"gitId":"Bosh1707"},"content":"    public String getStatusIcon() {","lastModifiedDate":"2025-08-21T10:02:44","isFullCredit":false},{"lineNumber":15,"author":{"gitId":"Bosh1707"},"content":"        return (isDone ? \"X\" : \" \"); // mark done task with X","lastModifiedDate":"2025-08-21T10:02:44","isFullCredit":false},{"lineNumber":16,"author":{"gitId":"Bosh1707"},"content":"    }","lastModifiedDate":"2025-08-21T10:02:44","isFullCredit":false},{"lineNumber":17,"author":{"gitId":"Bosh1707"},"content":"","lastModifiedDate":"2025-08-21T10:02:44","isFullCredit":false},{"lineNumber":18,"author":{"gitId":"Bosh1707"},"content":"    public void markAsDone() {","lastModifiedDate":"2025-08-21T10:02:44","isFullCredit":false},{"lineNumber":19,"author":{"gitId":"Bosh1707"},"content":"        this.isDone \u003d true;","lastModifiedDate":"2025-08-21T10:02:44","isFullCredit":false},{"lineNumber":20,"author":{"gitId":"Bosh1707"},"content":"    }","lastModifiedDate":"2025-08-21T10:02:44","isFullCredit":false},{"lineNumber":21,"author":{"gitId":"Bosh1707"},"content":"","lastModifiedDate":"2025-08-21T10:02:44","isFullCredit":false},{"lineNumber":22,"author":{"gitId":"Bosh1707"},"content":"    public void markAsUndone() {","lastModifiedDate":"2025-08-21T10:02:44","isFullCredit":false},{"lineNumber":23,"author":{"gitId":"Bosh1707"},"content":"        this.isDone \u003d false;","lastModifiedDate":"2025-08-21T10:02:44","isFullCredit":false},{"lineNumber":24,"author":{"gitId":"Bosh1707"},"content":"    }","lastModifiedDate":"2025-08-21T10:02:44","isFullCredit":false},{"lineNumber":25,"author":{"gitId":"Bosh1707"},"content":"","lastModifiedDate":"2025-08-21T10:02:44","isFullCredit":false},{"lineNumber":26,"author":{"gitId":"Bosh1707"},"content":"    @Override","lastModifiedDate":"2025-08-21T10:02:44","isFullCredit":false},{"lineNumber":27,"author":{"gitId":"Bosh1707"},"content":"    public String toString() {","lastModifiedDate":"2025-08-21T10:02:44","isFullCredit":false},{"lineNumber":28,"author":{"gitId":"Bosh1707"},"content":"        return \"[\" + type.getSymbol() + \"][\" + getStatusIcon() + \"] \" + description;","lastModifiedDate":"2025-08-22T01:44:16","isFullCredit":false},{"lineNumber":29,"author":{"gitId":"Bosh1707"},"content":"    }","lastModifiedDate":"2025-08-21T10:02:44","isFullCredit":false},{"lineNumber":30,"author":{"gitId":"Bosh1707"},"content":"}","lastModifiedDate":"2025-08-21T10:02:44","isFullCredit":false}],"authorContributionMap":{"Bosh1707":30}},{"path":"src/main/java/duke/TaskList.java","fileType":"java","lines":[{"lineNumber":1,"author":{"gitId":"Bosh1707"},"content":"package duke;","lastModifiedDate":"2025-09-02T11:02:47","isFullCredit":false},{"lineNumber":2,"author":{"gitId":"Bosh1707"},"content":"","lastModifiedDate":"2025-09-02T11:02:47","isFullCredit":false},{"lineNumber":3,"author":{"gitId":"Bosh1707"},"content":"import java.io.IOException;","lastModifiedDate":"2025-08-31T00:06:04","isFullCredit":false},{"lineNumber":4,"author":{"gitId":"Bosh1707"},"content":"import java.util.ArrayList;","lastModifiedDate":"2025-08-21T10:02:44","isFullCredit":false},{"lineNumber":5,"author":{"gitId":"Bosh1707"},"content":"import java.util.List;","lastModifiedDate":"2025-08-31T00:06:04","isFullCredit":false},{"lineNumber":6,"author":{"gitId":"Bosh1707"},"content":"","lastModifiedDate":"2025-08-21T10:02:44","isFullCredit":false},{"lineNumber":7,"author":{"gitId":"Bosh1707"},"content":"public class TaskList {","lastModifiedDate":"2025-08-21T10:02:44","isFullCredit":false},{"lineNumber":8,"author":{"gitId":"Bosh1707"},"content":"    private final ArrayList\u003cTask\u003e tasks \u003d new ArrayList\u003c\u003e();","lastModifiedDate":"2025-08-21T10:02:44","isFullCredit":false},{"lineNumber":9,"author":{"gitId":"Bosh1707"},"content":"    private static final String line \u003d \"____________________________________________________________\";","lastModifiedDate":"2025-08-21T10:02:44","isFullCredit":false},{"lineNumber":10,"author":{"gitId":"Bosh1707"},"content":"    private final Storage storage;","lastModifiedDate":"2025-08-31T00:06:04","isFullCredit":false},{"lineNumber":11,"author":{"gitId":"Bosh1707"},"content":"","lastModifiedDate":"2025-08-31T00:06:04","isFullCredit":false},{"lineNumber":12,"author":{"gitId":"Bosh1707"},"content":"    // default (no auto-save)","lastModifiedDate":"2025-08-31T00:06:04","isFullCredit":false},{"lineNumber":13,"author":{"gitId":"Bosh1707"},"content":"    public TaskList() { this.storage \u003d null; }","lastModifiedDate":"2025-08-31T00:06:04","isFullCredit":false},{"lineNumber":14,"author":{"gitId":"Bosh1707"},"content":"","lastModifiedDate":"2025-08-31T00:06:04","isFullCredit":false},{"lineNumber":15,"author":{"gitId":"Bosh1707"},"content":"    // Level-7: preloaded tasks + storage to persist","lastModifiedDate":"2025-08-31T00:06:04","isFullCredit":false},{"lineNumber":16,"author":{"gitId":"Bosh1707"},"content":"    public TaskList(List\u003cTask\u003e initial, Storage storage) {","lastModifiedDate":"2025-08-31T00:06:04","isFullCredit":false},{"lineNumber":17,"author":{"gitId":"Bosh1707"},"content":"        this.tasks.addAll(initial);","lastModifiedDate":"2025-08-31T00:06:04","isFullCredit":false},{"lineNumber":18,"author":{"gitId":"Bosh1707"},"content":"        this.storage \u003d storage;","lastModifiedDate":"2025-08-31T00:06:04","isFullCredit":false},{"lineNumber":19,"author":{"gitId":"Bosh1707"},"content":"    }","lastModifiedDate":"2025-08-31T00:06:04","isFullCredit":false},{"lineNumber":20,"author":{"gitId":"Bosh1707"},"content":"","lastModifiedDate":"2025-08-21T10:02:44","isFullCredit":false},{"lineNumber":21,"author":{"gitId":"Bosh1707"},"content":"    public void add(Task t) {","lastModifiedDate":"2025-08-21T10:02:44","isFullCredit":false},{"lineNumber":22,"author":{"gitId":"Bosh1707"},"content":"        tasks.add(t);","lastModifiedDate":"2025-08-21T10:02:44","isFullCredit":false},{"lineNumber":23,"author":{"gitId":"Bosh1707"},"content":"        System.out.println(line);","lastModifiedDate":"2025-08-21T10:02:44","isFullCredit":false},{"lineNumber":24,"author":{"gitId":"Bosh1707"},"content":"        System.out.println(\"Got it. I\u0027ve added this task:\");","lastModifiedDate":"2025-08-21T11:32:29","isFullCredit":false},{"lineNumber":25,"author":{"gitId":"Bosh1707"},"content":"        System.out.println(t);","lastModifiedDate":"2025-08-21T11:32:29","isFullCredit":false},{"lineNumber":26,"author":{"gitId":"Bosh1707"},"content":"        System.out.println(\"Now you have \" + tasks.size() + \" tasks in the list.\");","lastModifiedDate":"2025-08-21T11:32:29","isFullCredit":false},{"lineNumber":27,"author":{"gitId":"Bosh1707"},"content":"        System.out.println(line);","lastModifiedDate":"2025-08-21T10:02:44","isFullCredit":false},{"lineNumber":28,"author":{"gitId":"Bosh1707"},"content":"        persist();","lastModifiedDate":"2025-08-31T00:06:04","isFullCredit":false},{"lineNumber":29,"author":{"gitId":"Bosh1707"},"content":"    }","lastModifiedDate":"2025-08-21T10:02:44","isFullCredit":false},{"lineNumber":30,"author":{"gitId":"Bosh1707"},"content":"","lastModifiedDate":"2025-08-21T10:02:44","isFullCredit":false},{"lineNumber":31,"author":{"gitId":"Bosh1707"},"content":"    public void list() {","lastModifiedDate":"2025-08-21T10:02:44","isFullCredit":false},{"lineNumber":32,"author":{"gitId":"Bosh1707"},"content":"        System.out.println(line);","lastModifiedDate":"2025-08-21T10:02:44","isFullCredit":false},{"lineNumber":33,"author":{"gitId":"Bosh1707"},"content":"        System.out.println(\"Here are the tasks in your list: \");","lastModifiedDate":"2025-08-21T10:02:44","isFullCredit":false},{"lineNumber":34,"author":{"gitId":"Bosh1707"},"content":"        for (int i \u003d 0; i \u003c tasks.size(); i++) {","lastModifiedDate":"2025-08-21T10:02:44","isFullCredit":false},{"lineNumber":35,"author":{"gitId":"Bosh1707"},"content":"            System.out.println((i + 1) + \".\" + tasks.get(i));","lastModifiedDate":"2025-08-21T10:02:44","isFullCredit":false},{"lineNumber":36,"author":{"gitId":"Bosh1707"},"content":"        }","lastModifiedDate":"2025-08-21T10:02:44","isFullCredit":false},{"lineNumber":37,"author":{"gitId":"Bosh1707"},"content":"        System.out.println(line);","lastModifiedDate":"2025-08-21T10:02:44","isFullCredit":false},{"lineNumber":38,"author":{"gitId":"Bosh1707"},"content":"    }","lastModifiedDate":"2025-08-21T10:02:44","isFullCredit":false},{"lineNumber":39,"author":{"gitId":"Bosh1707"},"content":"","lastModifiedDate":"2025-08-21T10:02:44","isFullCredit":false},{"lineNumber":40,"author":{"gitId":"Bosh1707"},"content":"    public void mark(int index) throws BoshException {","lastModifiedDate":"2025-08-22T01:21:44","isFullCredit":false},{"lineNumber":41,"author":{"gitId":"Bosh1707"},"content":"        if (index \u003c 1 || index \u003e tasks.size()) {","lastModifiedDate":"2025-08-22T01:21:44","isFullCredit":false},{"lineNumber":42,"author":{"gitId":"Bosh1707"},"content":"            throw new IndexOutOfRangeException(index);","lastModifiedDate":"2025-08-22T01:21:44","isFullCredit":false},{"lineNumber":43,"author":{"gitId":"Bosh1707"},"content":"        }","lastModifiedDate":"2025-08-22T01:21:44","isFullCredit":false},{"lineNumber":44,"author":{"gitId":"Bosh1707"},"content":"        Task t \u003d tasks.get(index - 1);","lastModifiedDate":"2025-08-21T10:02:44","isFullCredit":false},{"lineNumber":45,"author":{"gitId":"Bosh1707"},"content":"        t.markAsDone();","lastModifiedDate":"2025-08-21T10:02:44","isFullCredit":false},{"lineNumber":46,"author":{"gitId":"Bosh1707"},"content":"        Ui.box(\"Nice! Marked as done:\", \"  \" + t);","lastModifiedDate":"2025-08-22T01:21:44","isFullCredit":false},{"lineNumber":47,"author":{"gitId":"Bosh1707"},"content":"        persist();","lastModifiedDate":"2025-08-31T00:06:04","isFullCredit":false},{"lineNumber":48,"author":{"gitId":"Bosh1707"},"content":"    }","lastModifiedDate":"2025-08-21T10:02:44","isFullCredit":false},{"lineNumber":49,"author":{"gitId":"Bosh1707"},"content":"","lastModifiedDate":"2025-08-21T10:02:44","isFullCredit":false},{"lineNumber":50,"author":{"gitId":"Bosh1707"},"content":"    public void unmark(int index) throws BoshException {","lastModifiedDate":"2025-08-22T01:21:44","isFullCredit":false},{"lineNumber":51,"author":{"gitId":"Bosh1707"},"content":"        if (index \u003c 1 || index \u003e tasks.size()) {","lastModifiedDate":"2025-08-22T01:21:44","isFullCredit":false},{"lineNumber":52,"author":{"gitId":"Bosh1707"},"content":"            throw new IndexOutOfRangeException(index);","lastModifiedDate":"2025-08-22T01:21:44","isFullCredit":false},{"lineNumber":53,"author":{"gitId":"Bosh1707"},"content":"        }","lastModifiedDate":"2025-08-22T01:21:44","isFullCredit":false},{"lineNumber":54,"author":{"gitId":"Bosh1707"},"content":"        Task t \u003d tasks.get(index - 1);","lastModifiedDate":"2025-08-21T10:02:44","isFullCredit":false},{"lineNumber":55,"author":{"gitId":"Bosh1707"},"content":"        t.markAsUndone();","lastModifiedDate":"2025-08-21T10:02:44","isFullCredit":false},{"lineNumber":56,"author":{"gitId":"Bosh1707"},"content":"        Ui.box(\"OK! Marked as not done:\", \"  \" + t);","lastModifiedDate":"2025-08-22T01:21:44","isFullCredit":false},{"lineNumber":57,"author":{"gitId":"Bosh1707"},"content":"        persist();","lastModifiedDate":"2025-08-31T00:06:04","isFullCredit":false},{"lineNumber":58,"author":{"gitId":"Bosh1707"},"content":"    }","lastModifiedDate":"2025-08-21T10:02:44","isFullCredit":false},{"lineNumber":59,"author":{"gitId":"Bosh1707"},"content":"","lastModifiedDate":"2025-08-21T10:02:44","isFullCredit":false},{"lineNumber":60,"author":{"gitId":"Bosh1707"},"content":"    public void delete(int oneBasedIndex) throws BoshException {","lastModifiedDate":"2025-08-22T01:36:42","isFullCredit":false},{"lineNumber":61,"author":{"gitId":"Bosh1707"},"content":"        if (oneBasedIndex \u003c 1 || oneBasedIndex \u003e tasks.size()) {","lastModifiedDate":"2025-08-22T01:36:42","isFullCredit":false},{"lineNumber":62,"author":{"gitId":"Bosh1707"},"content":"            throw new IndexOutOfRangeException(oneBasedIndex);","lastModifiedDate":"2025-08-31T00:06:04","isFullCredit":false},{"lineNumber":63,"author":{"gitId":"Bosh1707"},"content":"        }","lastModifiedDate":"2025-08-22T01:36:42","isFullCredit":false},{"lineNumber":64,"author":{"gitId":"Bosh1707"},"content":"        Task removed \u003d tasks.remove(oneBasedIndex - 1);","lastModifiedDate":"2025-08-22T01:36:42","isFullCredit":false},{"lineNumber":65,"author":{"gitId":"Bosh1707"},"content":"        Ui.box(","lastModifiedDate":"2025-08-22T01:36:42","isFullCredit":false},{"lineNumber":66,"author":{"gitId":"Bosh1707"},"content":"                \"Noted. I\u0027ve removed this task:\",","lastModifiedDate":"2025-08-22T01:36:42","isFullCredit":false},{"lineNumber":67,"author":{"gitId":"Bosh1707"},"content":"                \"  \" + removed,","lastModifiedDate":"2025-08-22T01:36:42","isFullCredit":false},{"lineNumber":68,"author":{"gitId":"Bosh1707"},"content":"                \"Now you have \" + tasks.size() + \" tasks in the list.\"","lastModifiedDate":"2025-08-22T01:36:42","isFullCredit":false},{"lineNumber":69,"author":{"gitId":"Bosh1707"},"content":"        );","lastModifiedDate":"2025-08-22T01:36:42","isFullCredit":false},{"lineNumber":70,"author":{"gitId":"Bosh1707"},"content":"        persist();","lastModifiedDate":"2025-08-31T00:06:04","isFullCredit":false},{"lineNumber":71,"author":{"gitId":"Bosh1707"},"content":"    }","lastModifiedDate":"2025-08-22T01:36:42","isFullCredit":false},{"lineNumber":72,"author":{"gitId":"Bosh1707"},"content":"","lastModifiedDate":"2025-08-21T10:02:44","isFullCredit":false},{"lineNumber":73,"author":{"gitId":"Bosh1707"},"content":"    public int size() {","lastModifiedDate":"2025-08-22T01:36:42","isFullCredit":false},{"lineNumber":74,"author":{"gitId":"Bosh1707"},"content":"        return tasks.size();","lastModifiedDate":"2025-08-22T01:36:42","isFullCredit":false},{"lineNumber":75,"author":{"gitId":"Bosh1707"},"content":"    }","lastModifiedDate":"2025-08-22T01:36:42","isFullCredit":false},{"lineNumber":76,"author":{"gitId":"Bosh1707"},"content":"","lastModifiedDate":"2025-08-31T00:06:04","isFullCredit":false},{"lineNumber":77,"author":{"gitId":"Bosh1707"},"content":"    private void persist() {","lastModifiedDate":"2025-08-31T00:06:04","isFullCredit":false},{"lineNumber":78,"author":{"gitId":"Bosh1707"},"content":"        if (storage \u003d\u003d null) return;","lastModifiedDate":"2025-08-31T00:06:04","isFullCredit":false},{"lineNumber":79,"author":{"gitId":"Bosh1707"},"content":"        try {","lastModifiedDate":"2025-08-31T00:06:04","isFullCredit":false},{"lineNumber":80,"author":{"gitId":"Bosh1707"},"content":"            storage.save(tasks);","lastModifiedDate":"2025-08-31T00:06:04","isFullCredit":false},{"lineNumber":81,"author":{"gitId":"Bosh1707"},"content":"        } catch (IOException e) {","lastModifiedDate":"2025-08-31T00:06:04","isFullCredit":false},{"lineNumber":82,"author":{"gitId":"Bosh1707"},"content":"            Ui.error(\"Could not save tasks: \" + e.getMessage());","lastModifiedDate":"2025-08-31T00:06:04","isFullCredit":false},{"lineNumber":83,"author":{"gitId":"Bosh1707"},"content":"        }","lastModifiedDate":"2025-08-31T00:06:04","isFullCredit":false},{"lineNumber":84,"author":{"gitId":"Bosh1707"},"content":"    }","lastModifiedDate":"2025-08-31T00:06:04","isFullCredit":false},{"lineNumber":85,"author":{"gitId":"Bosh1707"},"content":"}","lastModifiedDate":"2025-08-21T10:02:44","isFullCredit":false}],"authorContributionMap":{"Bosh1707":85}},{"path":"src/main/java/duke/TaskType.java","fileType":"java","lines":[{"lineNumber":1,"author":{"gitId":"Bosh1707"},"content":"package duke;","lastModifiedDate":"2025-09-02T11:02:47","isFullCredit":false},{"lineNumber":2,"author":{"gitId":"Bosh1707"},"content":"","lastModifiedDate":"2025-09-02T11:02:47","isFullCredit":false},{"lineNumber":3,"author":{"gitId":"Bosh1707"},"content":"public enum TaskType {","lastModifiedDate":"2025-08-22T01:44:16","isFullCredit":false},{"lineNumber":4,"author":{"gitId":"Bosh1707"},"content":"    TODO(\"T\"),","lastModifiedDate":"2025-08-22T01:44:16","isFullCredit":false},{"lineNumber":5,"author":{"gitId":"Bosh1707"},"content":"    DEADLINE(\"D\"),","lastModifiedDate":"2025-08-22T01:44:16","isFullCredit":false},{"lineNumber":6,"author":{"gitId":"Bosh1707"},"content":"    EVENT(\"E\");","lastModifiedDate":"2025-08-22T01:44:16","isFullCredit":false},{"lineNumber":7,"author":{"gitId":"Bosh1707"},"content":"","lastModifiedDate":"2025-08-22T01:44:16","isFullCredit":false},{"lineNumber":8,"author":{"gitId":"Bosh1707"},"content":"    private final String symbol;","lastModifiedDate":"2025-08-22T01:44:16","isFullCredit":false},{"lineNumber":9,"author":{"gitId":"Bosh1707"},"content":"","lastModifiedDate":"2025-08-22T01:44:16","isFullCredit":false},{"lineNumber":10,"author":{"gitId":"Bosh1707"},"content":"    TaskType(String symbol) {","lastModifiedDate":"2025-08-22T01:44:16","isFullCredit":false},{"lineNumber":11,"author":{"gitId":"Bosh1707"},"content":"        this.symbol \u003d symbol;","lastModifiedDate":"2025-08-22T01:44:16","isFullCredit":false},{"lineNumber":12,"author":{"gitId":"Bosh1707"},"content":"    }","lastModifiedDate":"2025-08-22T01:44:16","isFullCredit":false},{"lineNumber":13,"author":{"gitId":"Bosh1707"},"content":"","lastModifiedDate":"2025-08-22T01:44:16","isFullCredit":false},{"lineNumber":14,"author":{"gitId":"Bosh1707"},"content":"    public String getSymbol() {","lastModifiedDate":"2025-08-22T01:44:16","isFullCredit":false},{"lineNumber":15,"author":{"gitId":"Bosh1707"},"content":"        return symbol;","lastModifiedDate":"2025-08-22T01:44:16","isFullCredit":false},{"lineNumber":16,"author":{"gitId":"Bosh1707"},"content":"    }","lastModifiedDate":"2025-08-22T01:44:16","isFullCredit":false},{"lineNumber":17,"author":{"gitId":"Bosh1707"},"content":"}","lastModifiedDate":"2025-08-22T01:44:16","isFullCredit":false}],"authorContributionMap":{"Bosh1707":17}},{"path":"src/main/java/duke/Todo.java","fileType":"java","lines":[{"lineNumber":1,"author":{"gitId":"Bosh1707"},"content":"package duke;","lastModifiedDate":"2025-09-02T11:02:47","isFullCredit":false},{"lineNumber":2,"author":{"gitId":"Bosh1707"},"content":"","lastModifiedDate":"2025-09-02T11:02:47","isFullCredit":false},{"lineNumber":3,"author":{"gitId":"Bosh1707"},"content":"public class Todo extends Task {","lastModifiedDate":"2025-08-21T11:32:29","isFullCredit":false},{"lineNumber":4,"author":{"gitId":"Bosh1707"},"content":"    public Todo(String description) {","lastModifiedDate":"2025-08-21T11:32:29","isFullCredit":false},{"lineNumber":5,"author":{"gitId":"Bosh1707"},"content":"        super(description, TaskType.TODO);","lastModifiedDate":"2025-08-22T01:44:16","isFullCredit":false},{"lineNumber":6,"author":{"gitId":"Bosh1707"},"content":"    }","lastModifiedDate":"2025-08-21T11:32:29","isFullCredit":false},{"lineNumber":7,"author":{"gitId":"Bosh1707"},"content":"}","lastModifiedDate":"2025-08-21T11:32:29","isFullCredit":false}],"authorContributionMap":{"Bosh1707":7}},{"path":"src/main/java/duke/Ui.java","fileType":"java","lines":[{"lineNumber":1,"author":{"gitId":"Bosh1707"},"content":"package duke;","lastModifiedDate":"2025-09-02T11:02:47","isFullCredit":false},{"lineNumber":2,"author":{"gitId":"Bosh1707"},"content":"","lastModifiedDate":"2025-09-02T11:02:47","isFullCredit":false},{"lineNumber":3,"author":{"gitId":"Bosh1707"},"content":"public class Ui {","lastModifiedDate":"2025-08-22T01:21:44","isFullCredit":false},{"lineNumber":4,"author":{"gitId":"Bosh1707"},"content":"    public static void box(String... lines) {","lastModifiedDate":"2025-08-22T01:21:44","isFullCredit":false},{"lineNumber":5,"author":{"gitId":"Bosh1707"},"content":"        System.out.println(\"    ____________________________________________________________\");","lastModifiedDate":"2025-08-22T01:21:44","isFullCredit":false},{"lineNumber":6,"author":{"gitId":"Bosh1707"},"content":"        for (String s : lines) {","lastModifiedDate":"2025-08-22T01:21:44","isFullCredit":false},{"lineNumber":7,"author":{"gitId":"Bosh1707"},"content":"            System.out.println(\"     \" + s);","lastModifiedDate":"2025-08-22T01:21:44","isFullCredit":false},{"lineNumber":8,"author":{"gitId":"Bosh1707"},"content":"        }","lastModifiedDate":"2025-08-22T01:21:44","isFullCredit":false},{"lineNumber":9,"author":{"gitId":"Bosh1707"},"content":"        System.out.println(\"    ____________________________________________________________\");","lastModifiedDate":"2025-08-22T01:21:44","isFullCredit":false},{"lineNumber":10,"author":{"gitId":"Bosh1707"},"content":"    }","lastModifiedDate":"2025-08-22T01:21:44","isFullCredit":false},{"lineNumber":11,"author":{"gitId":"Bosh1707"},"content":"    public static void error(String... lines) {","lastModifiedDate":"2025-08-22T01:21:44","isFullCredit":false},{"lineNumber":12,"author":{"gitId":"Bosh1707"},"content":"        box(lines);","lastModifiedDate":"2025-08-22T01:21:44","isFullCredit":false},{"lineNumber":13,"author":{"gitId":"Bosh1707"},"content":"    }","lastModifiedDate":"2025-08-22T01:21:44","isFullCredit":false},{"lineNumber":14,"author":{"gitId":"Bosh1707"},"content":"}","lastModifiedDate":"2025-08-22T01:21:44","isFullCredit":false}],"authorContributionMap":{"Bosh1707":14}},{"path":"src/main/java/duke/UnknownCommandException.java","fileType":"java","lines":[{"lineNumber":1,"author":{"gitId":"Bosh1707"},"content":"package duke;","lastModifiedDate":"2025-09-02T11:02:47","isFullCredit":false},{"lineNumber":2,"author":{"gitId":"Bosh1707"},"content":"","lastModifiedDate":"2025-09-02T11:02:47","isFullCredit":false},{"lineNumber":3,"author":{"gitId":"Bosh1707"},"content":"public class UnknownCommandException extends BoshException {","lastModifiedDate":"2025-08-22T01:21:44","isFullCredit":false},{"lineNumber":4,"author":{"gitId":"Bosh1707"},"content":"    public UnknownCommandException(String cmd) {","lastModifiedDate":"2025-08-22T01:21:44","isFullCredit":false},{"lineNumber":5,"author":{"gitId":"Bosh1707"},"content":"        super(\"I don’t recognize the command: \\\"\" + cmd + \"\\\".\");","lastModifiedDate":"2025-08-22T01:21:44","isFullCredit":false},{"lineNumber":6,"author":{"gitId":"Bosh1707"},"content":"    }","lastModifiedDate":"2025-08-22T01:21:44","isFullCredit":false},{"lineNumber":7,"author":{"gitId":"Bosh1707"},"content":"}","lastModifiedDate":"2025-08-22T01:21:44","isFullCredit":false}],"authorContributionMap":{"Bosh1707":7}}]
