{"authorDailyContributionsMap":{"Bosh1707":[{"date":"2025-08-20T00:00:00","commitResults":[{"hash":"b75dc92fd660482e33b7d2d942f86890b8c13cd0","isMergeCommit":false,"messageTitle":"Level-0: greeting and immediate exit","messageBody":"","tags":["level-0"],"fileTypesAndContributionMap":{"java":{"insertions":11,"deletions":10}}},{"hash":"f98f022316b90c1894b0c6a946031e46715ca395","isMergeCommit":false,"messageTitle":"Level-1: Echo user input and exit on bye","messageBody":"","tags":["Level-1"],"fileTypesAndContributionMap":{"java":{"insertions":17,"deletions":2}}}]},{"date":"2025-08-21T00:00:00","commitResults":[{"hash":"03b824c21327ef450776cf136af046ee1c5e37ce","isMergeCommit":false,"messageTitle":"Level-2: Add tasks and list stored tasks (fixed-size array)","messageBody":"","tags":["Level-2"],"fileTypesAndContributionMap":{"java":{"insertions":24,"deletions":4}}},{"hash":"4914bf61a31041c3cf08bee0020a9edfc0b1d876","isMergeCommit":false,"messageTitle":"Add the ability to mark tasks as done and to change the status back to not done.","messageBody":"","tags":["Level-3"],"fileTypesAndContributionMap":{"java":{"insertions":79,"deletions":21}}},{"hash":"40f56354d3f007f8483ab223d6e4b4563e3d7d54","isMergeCommit":false,"messageTitle":"Added support for tracking ToDos, Deadlines and Events","messageBody":"","tags":["Level-4"],"fileTypesAndContributionMap":{"java":{"insertions":99,"deletions":10}}}]},{"date":"2025-08-22T00:00:00","commitResults":[{"hash":"464c926b844db439753fca4cd52630aaca6b5b02","isMergeCommit":false,"messageTitle":"Error handling for chatbot","messageBody":"","tags":["Level-5"],"fileTypesAndContributionMap":{"txt":{"insertions":0,"deletions":0},"java":{"insertions":102,"deletions":40}}},{"hash":"3bca8d4bdcabfdefddf19f7a2488389d1881d4ca","isMergeCommit":false,"messageTitle":"Add support for deleting tasks from the list.","messageBody":"","tags":["Level-6"],"fileTypesAndContributionMap":{"java":{"insertions":26,"deletions":0}}},{"hash":"8c22337bc19398d3b5ce8de44fa193a47921fa93","isMergeCommit":false,"messageTitle":"Added java enums","messageBody":"","tags":["A-Enums"],"fileTypesAndContributionMap":{"java":{"insertions":24,"deletions":12}}}]},{"date":"2025-08-31T00:00:00","commitResults":[{"hash":"7c131e1dcbafe766f0491199a0f5b2565c403d37","isMergeCommit":false,"messageTitle":"Level-7: Save/load tasks (data/bosh.txt) with auto-save","messageBody":"","fileTypesAndContributionMap":{"txt":{"insertions":3,"deletions":0},"java":{"insertions":114,"deletions":4}}},{"hash":"3c37144f5260c748695e2106be9f211e478d4aa8","isMergeCommit":true,"messageTitle":"Merge branch-level-7 (Level-7 Save)","messageBody":"","tags":["Level-7"],"fileTypesAndContributionMap":{}},{"hash":"d59a03689058786cc19c7f5503e6373c51f83fe7","isMergeCommit":false,"messageTitle":"Level-8: parse deadlines (yyyy-MM-dd / yyyy-MM-dd HHmm) and pretty-print dates","messageBody":"","fileTypesAndContributionMap":{"txt":{"insertions":1,"deletions":0},"java":{"insertions":81,"deletions":36}}},{"hash":"94996eca32d7364a34fc74a7602dbbe11a4cf326","isMergeCommit":true,"messageTitle":"Merge branch-Level-8 (Level-8 Dates \u0026 Times)","messageBody":"","tags":["Level-8"],"fileTypesAndContributionMap":{}}]}]},"authorFileTypeContributionMap":{"Bosh1707":{"java":448,"md":0,"fxml":0,"sh":0,"bat":0,"gradle":0,"txt":4}},"authorContributionVariance":{"Bosh1707":5621.0835},"authorDisplayNameMap":{"Bosh1707":"CS2103T-T10-1 JOSH..ARAN"}}
