{"authorDailyContributionsMap":{"Bosh1707":[{"date":"2025-08-20T00:00:00","commitResults":[{"hash":"b75dc92fd660482e33b7d2d942f86890b8c13cd0","isMergeCommit":false,"messageTitle":"Level-0: greeting and immediate exit","messageBody":"","tags":["level-0"],"fileTypesAndContributionMap":{"java":{"insertions":11,"deletions":10}}},{"hash":"f98f022316b90c1894b0c6a946031e46715ca395","isMergeCommit":false,"messageTitle":"Level-1: Echo user input and exit on bye","messageBody":"","tags":["Level-1"],"fileTypesAndContributionMap":{"java":{"insertions":17,"deletions":2}}}]},{"date":"2025-08-21T00:00:00","commitResults":[{"hash":"03b824c21327ef450776cf136af046ee1c5e37ce","isMergeCommit":false,"messageTitle":"Level-2: Add tasks and list stored tasks (fixed-size array)","messageBody":"","tags":["Level-2"],"fileTypesAndContributionMap":{"java":{"insertions":24,"deletions":4}}},{"hash":"4914bf61a31041c3cf08bee0020a9edfc0b1d876","isMergeCommit":false,"messageTitle":"Add the ability to mark tasks as done and to change the status back to not done.","messageBody":"","tags":["Level-3"],"fileTypesAndContributionMap":{"java":{"insertions":79,"deletions":21}}},{"hash":"40f56354d3f007f8483ab223d6e4b4563e3d7d54","isMergeCommit":false,"messageTitle":"Added support for tracking ToDos, Deadlines and Events","messageBody":"","tags":["Level-4"],"fileTypesAndContributionMap":{"java":{"insertions":99,"deletions":10}}}]},{"date":"2025-08-22T00:00:00","commitResults":[{"hash":"464c926b844db439753fca4cd52630aaca6b5b02","isMergeCommit":false,"messageTitle":"Error handling for chatbot","messageBody":"","tags":["Level-5"],"fileTypesAndContributionMap":{"txt":{"insertions":0,"deletions":0},"java":{"insertions":102,"deletions":40}}},{"hash":"3bca8d4bdcabfdefddf19f7a2488389d1881d4ca","isMergeCommit":false,"messageTitle":"Add support for deleting tasks from the list.","messageBody":"","tags":["Level-6"],"fileTypesAndContributionMap":{"java":{"insertions":26,"deletions":0}}},{"hash":"8c22337bc19398d3b5ce8de44fa193a47921fa93","isMergeCommit":false,"messageTitle":"Added java enums","messageBody":"","tags":["A-Enums"],"fileTypesAndContributionMap":{"java":{"insertions":24,"deletions":12}}}]},{"date":"2025-08-31T00:00:00","commitResults":[{"hash":"7c131e1dcbafe766f0491199a0f5b2565c403d37","isMergeCommit":false,"messageTitle":"Level-7: Save/load tasks (data/bosh.txt) with auto-save","messageBody":"","fileTypesAndContributionMap":{"txt":{"insertions":3,"deletions":0},"java":{"insertions":114,"deletions":4}}},{"hash":"3c37144f5260c748695e2106be9f211e478d4aa8","isMergeCommit":true,"messageTitle":"Merge branch-level-7 (Level-7 Save)","messageBody":"","tags":["Level-7"],"fileTypesAndContributionMap":{}},{"hash":"d59a03689058786cc19c7f5503e6373c51f83fe7","isMergeCommit":false,"messageTitle":"Level-8: parse deadlines (yyyy-MM-dd / yyyy-MM-dd HHmm) and pretty-print dates","messageBody":"","fileTypesAndContributionMap":{"txt":{"insertions":1,"deletions":0},"java":{"insertions":81,"deletions":36}}},{"hash":"94996eca32d7364a34fc74a7602dbbe11a4cf326","isMergeCommit":true,"messageTitle":"Merge branch-Level-8 (Level-8 Dates \u0026 Times)","messageBody":"","tags":["Level-8"],"fileTypesAndContributionMap":{}}]},{"date":"2025-09-02T00:00:00","commitResults":[{"hash":"f6b009962b8bbd1725da2d5400b408883883de15","isMergeCommit":false,"messageTitle":"A-MoreOOP: Ui, Storage, Parser, TaskList","messageBody":"","fileTypesAndContributionMap":{"java":{"insertions":5,"deletions":7}}},{"hash":"01c4c26fa026c6cb625d5f226c66f01b089aa5ea","isMergeCommit":true,"messageTitle":"Merge branch-A-MoreOOP","messageBody":"","tags":["A-MoreOOP"],"fileTypesAndContributionMap":{}},{"hash":"31ba96c49cff3b6e40b61258b47ef9caf3dbfa1c","isMergeCommit":false,"messageTitle":"A-Packages: move sources into package \u0027duke\u0027","messageBody":"","fileTypesAndContributionMap":{"java":{"insertions":31,"deletions":0}}},{"hash":"6e5745bfac56cb5bfe25f0d9b3e8b0f2f9beeda6","isMergeCommit":true,"messageTitle":"Merge branch-A-Packages","messageBody":"","tags":["A-Packages"],"fileTypesAndContributionMap":{}},{"hash":"b65586f121cc9fcc847f3ce16c6def9a10f502f4","isMergeCommit":true,"messageTitle":"Merge add-gradle-support (Gradle setup)","messageBody":"","fileTypesAndContributionMap":{}},{"hash":"9a8b267737635f4abd15f162df27d2f3c81af352","isMergeCommit":false,"messageTitle":"A-Gradle: configure Gradle and verify run","messageBody":"","fileTypesAndContributionMap":{"gradle":{"insertions":1,"deletions":1},"txt":{"insertions":1,"deletions":0}}},{"hash":"514b141bce88e5288040c6ed0c9e74a1c0be96e4","isMergeCommit":true,"messageTitle":"Merge branch-A-Gradle (A-Gradle)","messageBody":"","tags":["A-Gradle"],"fileTypesAndContributionMap":{}},{"hash":"040a5f52293e1dcdf8137dff80e040c243daf68e","isMergeCommit":false,"messageTitle":"A-JUnit: add tests for Deadline formatting and TaskList mark/unmark","messageBody":"","fileTypesAndContributionMap":{"java":{"insertions":49,"deletions":5}}},{"hash":"15dd96f1c0a3b3914a830ca897e517b2e47e2f9d","isMergeCommit":true,"messageTitle":"merge branch-A-JUnit (A-JUnit)","messageBody":"","tags":["A-JUnit"],"fileTypesAndContributionMap":{}},{"hash":"08119cf19a7d5c2f5fa92c69714c3974022c015f","isMergeCommit":false,"messageTitle":"A-JAr: configure Gradle Shadow plugin to produce runnable JAR","messageBody":"","fileTypesAndContributionMap":{"gradle":{"insertions":1,"deletions":1}}},{"hash":"32baa08102f353181c59314dccd33faccd9741bb","isMergeCommit":true,"messageTitle":"Merge branch-A-Jar (A-Jar)","messageBody":"","tags":["A-Jar"],"fileTypesAndContributionMap":{}}]},{"date":"2025-09-03T00:00:00","commitResults":[{"hash":"a65c921caac8800b99f75b97d76693ec5b88dbad","isMergeCommit":false,"messageTitle":"A-JavaDoc: add JavaDoc to core classes and methods","messageBody":"","fileTypesAndContributionMap":{"java":{"insertions":64,"deletions":0}}}]},{"date":"2025-09-04T00:00:00","commitResults":[{"hash":"af1d7953067d94a701154c214840335831ff22f4","isMergeCommit":false,"messageTitle":"A-CodingStandard: configured code style and renamed constants","messageBody":"","fileTypesAndContributionMap":{"java":{"insertions":8,"deletions":8}}},{"hash":"5f59e64475df82873c4c279e6b9b94514ba3e391","isMergeCommit":false,"messageTitle":"Level-9: implement find in TaskList and Parser","messageBody":"","fileTypesAndContributionMap":{"java":{"insertions":30,"deletions":0}}},{"hash":"779cb9dcc12176d3be96a82a2ad004850ea5438f","isMergeCommit":true,"messageTitle":"Merge branch-A-JavaDoc (JavaDoc)","messageBody":"","tags":["A-JavaDoc"],"fileTypesAndContributionMap":{}},{"hash":"095350ce41b7c42c1906e1c6b77804ab8d4f59f8","isMergeCommit":true,"messageTitle":"Merge branch-A-CodingStandard (Coding Standard)","messageBody":"","tags":["A-CodingStandard"],"fileTypesAndContributionMap":{}},{"hash":"07ab04b9963bc48182e46037fb46437cc5081c86","isMergeCommit":true,"messageTitle":"Merge branch-Level-9 (Level-9 Find)","messageBody":"","tags":["Level-9","Level-10"],"fileTypesAndContributionMap":{}}]}]},"authorFileTypeContributionMap":{"Bosh1707":{"java":615,"md":0,"fxml":0,"sh":0,"bat":0,"gradle":2,"txt":5}},"authorContributionVariance":{"Bosh1707":5074.9897},"authorDisplayNameMap":{"Bosh1707":"CS2103T-T10-1 JOSH..ARAN"}}
