[{"path":"src/main/java/ChatBot.java","fileType":"java","lines":[{"lineNumber":1,"author":{"gitId":"cheezels"},"content":"import java.util.ArrayList;","lastModifiedDate":"2025-08-22T00:31:23","isFullCredit":false},{"lineNumber":2,"author":{"gitId":"cheezels"},"content":"import java.util.List;","lastModifiedDate":"2025-08-22T00:31:23","isFullCredit":false},{"lineNumber":3,"author":{"gitId":"cheezels"},"content":"","lastModifiedDate":"2025-08-22T00:31:23","isFullCredit":false},{"lineNumber":4,"author":{"gitId":"cheezels"},"content":"public class ChatBot {","lastModifiedDate":"2025-08-21T23:32:39","isFullCredit":false},{"lineNumber":5,"author":{"gitId":"cheezels"},"content":"","lastModifiedDate":"2025-08-21T23:32:39","isFullCredit":false},{"lineNumber":6,"author":{"gitId":"cheezels"},"content":"    List\u003cTask\u003e tasks;","lastModifiedDate":"2025-08-22T01:20:45","isFullCredit":false},{"lineNumber":7,"author":{"gitId":"cheezels"},"content":"","lastModifiedDate":"2025-08-22T00:31:23","isFullCredit":false},{"lineNumber":8,"author":{"gitId":"cheezels"},"content":"    public ChatBot() {","lastModifiedDate":"2025-08-22T00:24:24","isFullCredit":false},{"lineNumber":9,"author":{"gitId":"cheezels"},"content":"        this.tasks \u003d new ArrayList\u003c\u003e();","lastModifiedDate":"2025-08-22T00:31:23","isFullCredit":false},{"lineNumber":10,"author":{"gitId":"cheezels"},"content":"    }","lastModifiedDate":"2025-08-21T23:32:39","isFullCredit":false},{"lineNumber":11,"author":{"gitId":"cheezels"},"content":"","lastModifiedDate":"2025-08-21T23:32:39","isFullCredit":false},{"lineNumber":12,"author":{"gitId":"cheezels"},"content":"    public String getIntroMessage() {","lastModifiedDate":"2025-08-21T23:32:39","isFullCredit":false},{"lineNumber":13,"author":{"gitId":"cheezels"},"content":"        return \"\"\"","lastModifiedDate":"2025-08-21T23:32:39","isFullCredit":false},{"lineNumber":14,"author":{"gitId":"cheezels"},"content":"                Hello! I\u0027m Lee Kuan Yew, founding father of Singapore.","lastModifiedDate":"2025-08-21T23:32:39","isFullCredit":false},{"lineNumber":15,"author":{"gitId":"cheezels"},"content":"                How can I help my fellow countryman today?\"\"\";","lastModifiedDate":"2025-08-22T04:46:55","isFullCredit":false},{"lineNumber":16,"author":{"gitId":"cheezels"},"content":"    }","lastModifiedDate":"2025-08-21T23:32:39","isFullCredit":false},{"lineNumber":17,"author":{"gitId":"cheezels"},"content":"","lastModifiedDate":"2025-08-21T23:32:39","isFullCredit":false},{"lineNumber":18,"author":{"gitId":"cheezels"},"content":"    public String getResponse(String input) {","lastModifiedDate":"2025-08-21T23:32:39","isFullCredit":false},{"lineNumber":19,"author":{"gitId":"cheezels"},"content":"        String[] parts \u003d input.split(\" \", 2);","lastModifiedDate":"2025-08-22T01:20:45","isFullCredit":false},{"lineNumber":20,"author":{"gitId":"cheezels"},"content":"        String command \u003d parts[0].toLowerCase();","lastModifiedDate":"2025-08-22T01:20:45","isFullCredit":false},{"lineNumber":21,"author":{"gitId":"cheezels"},"content":"        switch (command) {","lastModifiedDate":"2025-08-22T01:20:45","isFullCredit":false},{"lineNumber":22,"author":{"gitId":"cheezels"},"content":"            case \"list\":","lastModifiedDate":"2025-08-22T00:31:23","isFullCredit":false},{"lineNumber":23,"author":{"gitId":"cheezels"},"content":"                return getTaskList();","lastModifiedDate":"2025-08-22T00:31:23","isFullCredit":false},{"lineNumber":24,"author":{"gitId":"cheezels"},"content":"","lastModifiedDate":"2025-08-22T00:31:23","isFullCredit":false},{"lineNumber":25,"author":{"gitId":"cheezels"},"content":"            case \"mark\":","lastModifiedDate":"2025-08-22T01:20:45","isFullCredit":false},{"lineNumber":26,"author":{"gitId":"cheezels"},"content":"                return markTask(parts, true);","lastModifiedDate":"2025-08-22T01:20:45","isFullCredit":false},{"lineNumber":27,"author":{"gitId":"cheezels"},"content":"","lastModifiedDate":"2025-08-22T01:20:45","isFullCredit":false},{"lineNumber":28,"author":{"gitId":"cheezels"},"content":"            case \"unmark\":","lastModifiedDate":"2025-08-22T01:20:45","isFullCredit":false},{"lineNumber":29,"author":{"gitId":"cheezels"},"content":"                return markTask(parts, false);","lastModifiedDate":"2025-08-22T01:20:45","isFullCredit":false},{"lineNumber":30,"author":{"gitId":"cheezels"},"content":"","lastModifiedDate":"2025-08-22T01:20:45","isFullCredit":false},{"lineNumber":31,"author":{"gitId":"cheezels"},"content":"            case \"todo\":","lastModifiedDate":"2025-08-22T03:56:14","isFullCredit":false},{"lineNumber":32,"author":{"gitId":"cheezels"},"content":"                ToDoTask toDo \u003d new ToDoTask(parts[1]);","lastModifiedDate":"2025-08-22T03:56:14","isFullCredit":false},{"lineNumber":33,"author":{"gitId":"cheezels"},"content":"                tasks.add(toDo);","lastModifiedDate":"2025-08-22T03:56:14","isFullCredit":false},{"lineNumber":34,"author":{"gitId":"cheezels"},"content":"                return \"I shall add:\\n\" +","lastModifiedDate":"2025-08-22T03:56:14","isFullCredit":false},{"lineNumber":35,"author":{"gitId":"cheezels"},"content":"                        \"  \" + toDo + \"\\n\" +","lastModifiedDate":"2025-08-22T03:56:14","isFullCredit":false},{"lineNumber":36,"author":{"gitId":"cheezels"},"content":"                        \"Singapore needs you to complete your \" + tasks.size() + \" tasks\";","lastModifiedDate":"2025-08-22T03:56:14","isFullCredit":false},{"lineNumber":37,"author":{"gitId":"cheezels"},"content":"","lastModifiedDate":"2025-08-22T03:56:14","isFullCredit":false},{"lineNumber":38,"author":{"gitId":"cheezels"},"content":"            case \"deadline\":","lastModifiedDate":"2025-08-22T03:56:14","isFullCredit":false},{"lineNumber":39,"author":{"gitId":"cheezels"},"content":"                String[] deadlineParts \u003d parts[1].split(\"/\", 2);","lastModifiedDate":"2025-08-22T03:56:14","isFullCredit":false},{"lineNumber":40,"author":{"gitId":"cheezels"},"content":"                if (deadlineParts.length !\u003d 2) return \"Discipline requires deadlines.\";","lastModifiedDate":"2025-08-22T04:33:40","isFullCredit":false},{"lineNumber":41,"author":{"gitId":"cheezels"},"content":"","lastModifiedDate":"2025-08-22T03:56:14","isFullCredit":false},{"lineNumber":42,"author":{"gitId":"cheezels"},"content":"                DeadlineTask deadlineTask \u003d new DeadlineTask(deadlineParts[0], deadlineParts[1]);","lastModifiedDate":"2025-08-22T03:56:14","isFullCredit":false},{"lineNumber":43,"author":{"gitId":"cheezels"},"content":"                tasks.add(deadlineTask);","lastModifiedDate":"2025-08-22T03:56:14","isFullCredit":false},{"lineNumber":44,"author":{"gitId":"cheezels"},"content":"","lastModifiedDate":"2025-08-22T03:56:14","isFullCredit":false},{"lineNumber":45,"author":{"gitId":"cheezels"},"content":"                return \"I shall add:\\n\" +","lastModifiedDate":"2025-08-22T03:56:14","isFullCredit":false},{"lineNumber":46,"author":{"gitId":"cheezels"},"content":"                        \"  \" + deadlineTask + \"\\n\" +","lastModifiedDate":"2025-08-22T03:56:14","isFullCredit":false},{"lineNumber":47,"author":{"gitId":"cheezels"},"content":"                        \"Singapore needs you to complete your \" + tasks.size() + \" tasks\";","lastModifiedDate":"2025-08-22T03:56:14","isFullCredit":false},{"lineNumber":48,"author":{"gitId":"cheezels"},"content":"","lastModifiedDate":"2025-08-22T03:56:14","isFullCredit":false},{"lineNumber":49,"author":{"gitId":"cheezels"},"content":"            case \"event\":","lastModifiedDate":"2025-08-22T03:56:14","isFullCredit":false},{"lineNumber":50,"author":{"gitId":"cheezels"},"content":"                String[] eventParts \u003d parts[1].split(\"/\", 3);","lastModifiedDate":"2025-08-22T03:56:14","isFullCredit":false},{"lineNumber":51,"author":{"gitId":"cheezels"},"content":"                if (eventParts.length !\u003d 3) return \"It takes time to build a country like Singapore.\";","lastModifiedDate":"2025-08-22T04:33:40","isFullCredit":false},{"lineNumber":52,"author":{"gitId":"cheezels"},"content":"","lastModifiedDate":"2025-08-22T03:56:14","isFullCredit":false},{"lineNumber":53,"author":{"gitId":"cheezels"},"content":"                EventTask eventTask \u003d new EventTask(eventParts[0], eventParts[1], eventParts[2]);","lastModifiedDate":"2025-08-22T03:56:14","isFullCredit":false},{"lineNumber":54,"author":{"gitId":"cheezels"},"content":"                tasks.add(eventTask);","lastModifiedDate":"2025-08-22T03:56:14","isFullCredit":false},{"lineNumber":55,"author":{"gitId":"cheezels"},"content":"","lastModifiedDate":"2025-08-22T03:56:14","isFullCredit":false},{"lineNumber":56,"author":{"gitId":"cheezels"},"content":"                return \"I shall add:\\n\" +","lastModifiedDate":"2025-08-22T03:56:14","isFullCredit":false},{"lineNumber":57,"author":{"gitId":"cheezels"},"content":"                        \"  \" + eventTask + \"\\n\" +","lastModifiedDate":"2025-08-22T03:56:14","isFullCredit":false},{"lineNumber":58,"author":{"gitId":"cheezels"},"content":"                        \"Singapore needs you to complete your \" + tasks.size() + \" tasks\";","lastModifiedDate":"2025-08-22T03:56:14","isFullCredit":false},{"lineNumber":59,"author":{"gitId":"cheezels"},"content":"","lastModifiedDate":"2025-08-22T04:46:55","isFullCredit":false},{"lineNumber":60,"author":{"gitId":"cheezels"},"content":"            case \"delete\":","lastModifiedDate":"2025-08-22T04:46:55","isFullCredit":false},{"lineNumber":61,"author":{"gitId":"cheezels"},"content":"                try {","lastModifiedDate":"2025-08-22T04:46:55","isFullCredit":false},{"lineNumber":62,"author":{"gitId":"cheezels"},"content":"                    int taskNum \u003d Integer.parseInt(parts[1]) - 1;","lastModifiedDate":"2025-08-22T04:46:55","isFullCredit":false},{"lineNumber":63,"author":{"gitId":"cheezels"},"content":"","lastModifiedDate":"2025-08-22T04:46:55","isFullCredit":false},{"lineNumber":64,"author":{"gitId":"cheezels"},"content":"                    if (taskNum \u003c 0) {","lastModifiedDate":"2025-08-22T04:46:55","isFullCredit":false},{"lineNumber":65,"author":{"gitId":"cheezels"},"content":"                        return \"No negative numbers! Don\u0027t be stupid.\";","lastModifiedDate":"2025-08-22T04:46:55","isFullCredit":false},{"lineNumber":66,"author":{"gitId":"cheezels"},"content":"                    }","lastModifiedDate":"2025-08-22T04:46:55","isFullCredit":false},{"lineNumber":67,"author":{"gitId":"cheezels"},"content":"","lastModifiedDate":"2025-08-22T04:46:55","isFullCredit":false},{"lineNumber":68,"author":{"gitId":"cheezels"},"content":"                    if (taskNum \u003e\u003d tasks.size()) {","lastModifiedDate":"2025-08-22T04:46:55","isFullCredit":false},{"lineNumber":69,"author":{"gitId":"cheezels"},"content":"                        return \"You overestimate your workload. Get to work!\";","lastModifiedDate":"2025-08-22T04:46:55","isFullCredit":false},{"lineNumber":70,"author":{"gitId":"cheezels"},"content":"                    }","lastModifiedDate":"2025-08-22T04:46:55","isFullCredit":false},{"lineNumber":71,"author":{"gitId":"cheezels"},"content":"","lastModifiedDate":"2025-08-22T04:46:55","isFullCredit":false},{"lineNumber":72,"author":{"gitId":"cheezels"},"content":"                    Task task \u003d tasks.get(taskNum);","lastModifiedDate":"2025-08-22T04:46:55","isFullCredit":false},{"lineNumber":73,"author":{"gitId":"cheezels"},"content":"                    tasks.remove(taskNum);","lastModifiedDate":"2025-08-22T04:46:55","isFullCredit":false},{"lineNumber":74,"author":{"gitId":"cheezels"},"content":"","lastModifiedDate":"2025-08-22T04:46:55","isFullCredit":false},{"lineNumber":75,"author":{"gitId":"cheezels"},"content":"                    return \"I\u0027ve spent my whole lifetime building this. Sadly you won\u0027t. Removing:\\n\" +","lastModifiedDate":"2025-08-22T04:46:55","isFullCredit":false},{"lineNumber":76,"author":{"gitId":"cheezels"},"content":"                           \"  \" + task + \"\\n\" +","lastModifiedDate":"2025-08-22T04:46:55","isFullCredit":false},{"lineNumber":77,"author":{"gitId":"cheezels"},"content":"                           \"Singapore urges you to do your remaining \" + tasks.size() + \" tasks\";","lastModifiedDate":"2025-08-22T04:46:55","isFullCredit":false},{"lineNumber":78,"author":{"gitId":"cheezels"},"content":"                } catch (NumberFormatException e) {","lastModifiedDate":"2025-08-22T04:46:55","isFullCredit":false},{"lineNumber":79,"author":{"gitId":"cheezels"},"content":"                    return \"You must specify a task number!\";","lastModifiedDate":"2025-08-22T04:46:55","isFullCredit":false},{"lineNumber":80,"author":{"gitId":"cheezels"},"content":"                }","lastModifiedDate":"2025-08-22T04:46:55","isFullCredit":false},{"lineNumber":81,"author":{"gitId":"cheezels"},"content":"            default:","lastModifiedDate":"2025-08-22T00:31:23","isFullCredit":false},{"lineNumber":82,"author":{"gitId":"cheezels"},"content":"                return \"BE CONCISE WITH YOUR WORDS.\";","lastModifiedDate":"2025-08-22T03:56:14","isFullCredit":false},{"lineNumber":83,"author":{"gitId":"cheezels"},"content":"        }","lastModifiedDate":"2025-08-22T00:31:23","isFullCredit":false},{"lineNumber":84,"author":{"gitId":"cheezels"},"content":"    }","lastModifiedDate":"2025-08-22T00:31:23","isFullCredit":false},{"lineNumber":85,"author":{"gitId":"cheezels"},"content":"","lastModifiedDate":"2025-08-22T00:31:23","isFullCredit":false},{"lineNumber":86,"author":{"gitId":"cheezels"},"content":"    public String getTaskList() {","lastModifiedDate":"2025-08-22T00:31:23","isFullCredit":false},{"lineNumber":87,"author":{"gitId":"cheezels"},"content":"        if (tasks.isEmpty()) {","lastModifiedDate":"2025-08-22T00:38:23","isFullCredit":false},{"lineNumber":88,"author":{"gitId":"cheezels"},"content":"            return \"\"\"","lastModifiedDate":"2025-08-22T00:38:23","isFullCredit":false},{"lineNumber":89,"author":{"gitId":"cheezels"},"content":"                    This is not a game of cards!","lastModifiedDate":"2025-08-22T00:38:23","isFullCredit":false},{"lineNumber":90,"author":{"gitId":"cheezels"},"content":"                    Your list is empty, get to work!\"\"\";","lastModifiedDate":"2025-08-22T04:46:55","isFullCredit":false},{"lineNumber":91,"author":{"gitId":"cheezels"},"content":"        }","lastModifiedDate":"2025-08-22T00:38:23","isFullCredit":false},{"lineNumber":92,"author":{"gitId":"cheezels"},"content":"","lastModifiedDate":"2025-08-22T00:38:23","isFullCredit":false},{"lineNumber":93,"author":{"gitId":"cheezels"},"content":"        StringBuilder sb \u003d new StringBuilder(\"Your work awaits you!\\n\");","lastModifiedDate":"2025-08-22T00:38:23","isFullCredit":false},{"lineNumber":94,"author":{"gitId":"cheezels"},"content":"        for (int i \u003d 0; i \u003c tasks.size(); i++) {","lastModifiedDate":"2025-08-22T00:38:23","isFullCredit":false},{"lineNumber":95,"author":{"gitId":"cheezels"},"content":"            Task task \u003d tasks.get(i);","lastModifiedDate":"2025-08-22T01:20:45","isFullCredit":false},{"lineNumber":96,"author":{"gitId":"cheezels"},"content":"            char isDone \u003d task.checkDone() ? \u0027X\u0027 : \u0027 \u0027;","lastModifiedDate":"2025-08-22T01:20:45","isFullCredit":false},{"lineNumber":97,"author":{"gitId":"cheezels"},"content":"            sb.append((i + 1) + \". \" + task.toString() + \"\\n\");","lastModifiedDate":"2025-08-22T01:24:47","isFullCredit":false},{"lineNumber":98,"author":{"gitId":"cheezels"},"content":"        }","lastModifiedDate":"2025-08-22T00:38:23","isFullCredit":false},{"lineNumber":99,"author":{"gitId":"cheezels"},"content":"        return sb.toString().trim();","lastModifiedDate":"2025-08-22T00:38:23","isFullCredit":false},{"lineNumber":100,"author":{"gitId":"cheezels"},"content":"    }","lastModifiedDate":"2025-08-21T23:32:39","isFullCredit":false},{"lineNumber":101,"author":{"gitId":"cheezels"},"content":"","lastModifiedDate":"2025-08-21T23:58:12","isFullCredit":false},{"lineNumber":102,"author":{"gitId":"cheezels"},"content":"    public String markTask(String[] parts, boolean mark) {","lastModifiedDate":"2025-08-22T01:20:45","isFullCredit":false},{"lineNumber":103,"author":{"gitId":"cheezels"},"content":"        // check if there is anything after mark","lastModifiedDate":"2025-08-22T01:20:45","isFullCredit":false},{"lineNumber":104,"author":{"gitId":"cheezels"},"content":"        if (parts.length \u003c 2) return \"You must specify a task number!\";","lastModifiedDate":"2025-08-22T01:20:45","isFullCredit":false},{"lineNumber":105,"author":{"gitId":"cheezels"},"content":"","lastModifiedDate":"2025-08-22T01:20:45","isFullCredit":false},{"lineNumber":106,"author":{"gitId":"cheezels"},"content":"        try {","lastModifiedDate":"2025-08-22T01:20:45","isFullCredit":false},{"lineNumber":107,"author":{"gitId":"cheezels"},"content":"            int taskNum \u003d Integer.parseInt(parts[1]) - 1;","lastModifiedDate":"2025-08-22T01:20:45","isFullCredit":false},{"lineNumber":108,"author":{"gitId":"cheezels"},"content":"","lastModifiedDate":"2025-08-22T01:20:45","isFullCredit":false},{"lineNumber":109,"author":{"gitId":"cheezels"},"content":"            if (taskNum \u003c 0) {","lastModifiedDate":"2025-08-22T01:20:45","isFullCredit":false},{"lineNumber":110,"author":{"gitId":"cheezels"},"content":"                return \"No negative numbers! Don\u0027t be stupid.\";","lastModifiedDate":"2025-08-22T01:20:45","isFullCredit":false},{"lineNumber":111,"author":{"gitId":"cheezels"},"content":"            }","lastModifiedDate":"2025-08-22T01:20:45","isFullCredit":false},{"lineNumber":112,"author":{"gitId":"cheezels"},"content":"","lastModifiedDate":"2025-08-22T01:20:45","isFullCredit":false},{"lineNumber":113,"author":{"gitId":"cheezels"},"content":"            if (taskNum \u003e\u003d tasks.size()) {","lastModifiedDate":"2025-08-22T01:20:45","isFullCredit":false},{"lineNumber":114,"author":{"gitId":"cheezels"},"content":"                return \"You overestimate your workload. Get to work!\";","lastModifiedDate":"2025-08-22T01:20:45","isFullCredit":false},{"lineNumber":115,"author":{"gitId":"cheezels"},"content":"            }","lastModifiedDate":"2025-08-22T01:20:45","isFullCredit":false},{"lineNumber":116,"author":{"gitId":"cheezels"},"content":"","lastModifiedDate":"2025-08-22T01:20:45","isFullCredit":false},{"lineNumber":117,"author":{"gitId":"cheezels"},"content":"            Task task \u003d tasks.get(taskNum);","lastModifiedDate":"2025-08-22T01:20:45","isFullCredit":false},{"lineNumber":118,"author":{"gitId":"cheezels"},"content":"            if (mark) {","lastModifiedDate":"2025-08-22T01:20:45","isFullCredit":false},{"lineNumber":119,"author":{"gitId":"cheezels"},"content":"                task.markDone();","lastModifiedDate":"2025-08-22T01:20:45","isFullCredit":false},{"lineNumber":120,"author":{"gitId":"cheezels"},"content":"                return \"You have the IRON in you! Good job!\\n\" + task;","lastModifiedDate":"2025-08-22T01:20:45","isFullCredit":false},{"lineNumber":121,"author":{"gitId":"cheezels"},"content":"","lastModifiedDate":"2025-08-22T01:20:45","isFullCredit":false},{"lineNumber":122,"author":{"gitId":"cheezels"},"content":"            } else {","lastModifiedDate":"2025-08-22T01:20:45","isFullCredit":false},{"lineNumber":123,"author":{"gitId":"cheezels"},"content":"                task.unmarkDone();","lastModifiedDate":"2025-08-22T01:20:45","isFullCredit":false},{"lineNumber":124,"author":{"gitId":"cheezels"},"content":"                return \"No shame in failure. Pick yourself up, Singapore needs you.\\n\" + task;","lastModifiedDate":"2025-08-22T01:20:45","isFullCredit":false},{"lineNumber":125,"author":{"gitId":"cheezels"},"content":"            }","lastModifiedDate":"2025-08-22T01:20:45","isFullCredit":false},{"lineNumber":126,"author":{"gitId":"cheezels"},"content":"        } catch (NumberFormatException e) {","lastModifiedDate":"2025-08-22T01:20:45","isFullCredit":false},{"lineNumber":127,"author":{"gitId":"cheezels"},"content":"            return \"That\u0027s not a valid number.\";","lastModifiedDate":"2025-08-22T01:20:45","isFullCredit":false},{"lineNumber":128,"author":{"gitId":"cheezels"},"content":"","lastModifiedDate":"2025-08-22T01:20:45","isFullCredit":false},{"lineNumber":129,"author":{"gitId":"cheezels"},"content":"        }","lastModifiedDate":"2025-08-22T01:20:45","isFullCredit":false},{"lineNumber":130,"author":{"gitId":"cheezels"},"content":"    }","lastModifiedDate":"2025-08-22T01:20:45","isFullCredit":false},{"lineNumber":131,"author":{"gitId":"cheezels"},"content":"","lastModifiedDate":"2025-08-22T01:20:45","isFullCredit":false},{"lineNumber":132,"author":{"gitId":"cheezels"},"content":"    public String getEndMessage() {","lastModifiedDate":"2025-08-21T23:58:12","isFullCredit":false},{"lineNumber":133,"author":{"gitId":"cheezels"},"content":"        return \"\"\"","lastModifiedDate":"2025-08-21T23:58:12","isFullCredit":false},{"lineNumber":134,"author":{"gitId":"cheezels"},"content":"                Goodbye fellow countryman! Majulah Singapura!\"\"\";","lastModifiedDate":"2025-08-22T04:46:55","isFullCredit":false},{"lineNumber":135,"author":{"gitId":"cheezels"},"content":"    }","lastModifiedDate":"2025-08-21T23:58:12","isFullCredit":false},{"lineNumber":136,"author":{"gitId":"cheezels"},"content":"}","lastModifiedDate":"2025-08-21T23:32:39","isFullCredit":false}],"authorContributionMap":{"cheezels":136}},{"path":"src/main/java/DeadlineTask.java","fileType":"java","lines":[{"lineNumber":1,"author":{"gitId":"cheezels"},"content":"public class DeadlineTask extends Task {","lastModifiedDate":"2025-08-22T03:12:32","isFullCredit":false},{"lineNumber":2,"author":{"gitId":"cheezels"},"content":"    private String deadline;","lastModifiedDate":"2025-08-22T03:12:32","isFullCredit":false},{"lineNumber":3,"author":{"gitId":"cheezels"},"content":"","lastModifiedDate":"2025-08-22T03:11:09","isFullCredit":false},{"lineNumber":4,"author":{"gitId":"cheezels"},"content":"    public DeadlineTask(String description, String deadline) {","lastModifiedDate":"2025-08-22T03:12:32","isFullCredit":false},{"lineNumber":5,"author":{"gitId":"cheezels"},"content":"        super(description);","lastModifiedDate":"2025-08-22T03:12:32","isFullCredit":false},{"lineNumber":6,"author":{"gitId":"cheezels"},"content":"        this.deadline \u003d deadline;","lastModifiedDate":"2025-08-22T03:12:32","isFullCredit":false},{"lineNumber":7,"author":{"gitId":"cheezels"},"content":"    }","lastModifiedDate":"2025-08-22T03:12:32","isFullCredit":false},{"lineNumber":8,"author":{"gitId":"cheezels"},"content":"","lastModifiedDate":"2025-08-22T03:12:32","isFullCredit":false},{"lineNumber":9,"author":{"gitId":"cheezels"},"content":"    @Override","lastModifiedDate":"2025-08-22T03:12:32","isFullCredit":false},{"lineNumber":10,"author":{"gitId":"cheezels"},"content":"    public String toString() {","lastModifiedDate":"2025-08-22T03:12:32","isFullCredit":false},{"lineNumber":11,"author":{"gitId":"cheezels"},"content":"        return \"[D] \" + super.toString() + \"(by: \" + this.deadline + \")\";","lastModifiedDate":"2025-08-22T03:12:32","isFullCredit":false},{"lineNumber":12,"author":{"gitId":"cheezels"},"content":"    }","lastModifiedDate":"2025-08-22T03:12:32","isFullCredit":false},{"lineNumber":13,"author":{"gitId":"cheezels"},"content":"}","lastModifiedDate":"2025-08-22T03:11:09","isFullCredit":false}],"authorContributionMap":{"cheezels":13}},{"path":"src/main/java/EventTask.java","fileType":"java","lines":[{"lineNumber":1,"author":{"gitId":"cheezels"},"content":"public class EventTask extends Task {","lastModifiedDate":"2025-08-22T03:16:09","isFullCredit":false},{"lineNumber":2,"author":{"gitId":"cheezels"},"content":"    private String startDate;","lastModifiedDate":"2025-08-22T03:16:09","isFullCredit":false},{"lineNumber":3,"author":{"gitId":"cheezels"},"content":"    private String endDate;","lastModifiedDate":"2025-08-22T03:16:09","isFullCredit":false},{"lineNumber":4,"author":{"gitId":"cheezels"},"content":"","lastModifiedDate":"2025-08-22T03:16:09","isFullCredit":false},{"lineNumber":5,"author":{"gitId":"cheezels"},"content":"    public EventTask(String description, String startDate, String endDate) {","lastModifiedDate":"2025-08-22T03:16:09","isFullCredit":false},{"lineNumber":6,"author":{"gitId":"cheezels"},"content":"        super(description);","lastModifiedDate":"2025-08-22T03:16:09","isFullCredit":false},{"lineNumber":7,"author":{"gitId":"cheezels"},"content":"        this.startDate \u003d startDate;","lastModifiedDate":"2025-08-22T03:16:09","isFullCredit":false},{"lineNumber":8,"author":{"gitId":"cheezels"},"content":"        this.endDate \u003d endDate;","lastModifiedDate":"2025-08-22T03:16:09","isFullCredit":false},{"lineNumber":9,"author":{"gitId":"cheezels"},"content":"    }","lastModifiedDate":"2025-08-22T03:16:09","isFullCredit":false},{"lineNumber":10,"author":{"gitId":"cheezels"},"content":"","lastModifiedDate":"2025-08-22T03:16:09","isFullCredit":false},{"lineNumber":11,"author":{"gitId":"cheezels"},"content":"    @Override","lastModifiedDate":"2025-08-22T03:16:09","isFullCredit":false},{"lineNumber":12,"author":{"gitId":"cheezels"},"content":"    public String toString() {","lastModifiedDate":"2025-08-22T03:16:09","isFullCredit":false},{"lineNumber":13,"author":{"gitId":"cheezels"},"content":"        return \"[E] \" + super.toString() + \"(from: \" + startDate + \"to: \" + endDate + \")\";","lastModifiedDate":"2025-08-22T03:16:09","isFullCredit":false},{"lineNumber":14,"author":{"gitId":"cheezels"},"content":"    }","lastModifiedDate":"2025-08-22T03:16:09","isFullCredit":false},{"lineNumber":15,"author":{"gitId":"cheezels"},"content":"}","lastModifiedDate":"2025-08-22T03:16:09","isFullCredit":false}],"authorContributionMap":{"cheezels":15}},{"path":"src/main/java/LeeKuanYew.java","fileType":"java","lines":[{"lineNumber":1,"author":{"gitId":"cheezels"},"content":"import java.util.Scanner;","lastModifiedDate":"2025-08-22T00:03:17","isFullCredit":false},{"lineNumber":2,"author":{"gitId":"cheezels"},"content":"","lastModifiedDate":"2025-08-22T00:03:17","isFullCredit":false},{"lineNumber":3,"author":{"gitId":"cheezels"},"content":"public class LeeKuanYew {","lastModifiedDate":"2025-08-21T23:12:40","isFullCredit":false},{"lineNumber":4,"author":{"gitId":"cheezels"},"content":"    public static void main(String[] args) {","lastModifiedDate":"2025-08-21T23:12:40","isFullCredit":false},{"lineNumber":5,"author":{"gitId":"cheezels"},"content":"        ChatBot chatBot \u003d new ChatBot();","lastModifiedDate":"2025-08-22T00:24:24","isFullCredit":false},{"lineNumber":6,"author":{"gitId":"cheezels"},"content":"        System.out.println(chatBot.getIntroMessage());","lastModifiedDate":"2025-08-22T00:03:17","isFullCredit":false},{"lineNumber":7,"author":{"gitId":"cheezels"},"content":"","lastModifiedDate":"2025-08-22T00:03:17","isFullCredit":false},{"lineNumber":8,"author":{"gitId":"cheezels"},"content":"        Scanner sc \u003d new Scanner(System.in);","lastModifiedDate":"2025-08-22T00:03:17","isFullCredit":false},{"lineNumber":9,"author":{"gitId":"cheezels"},"content":"        while (true) {","lastModifiedDate":"2025-08-22T00:03:17","isFullCredit":false},{"lineNumber":10,"author":{"gitId":"cheezels"},"content":"            String userInput \u003d sc.nextLine();","lastModifiedDate":"2025-08-22T00:03:17","isFullCredit":false},{"lineNumber":11,"author":{"gitId":"cheezels"},"content":"","lastModifiedDate":"2025-08-22T00:03:17","isFullCredit":false},{"lineNumber":12,"author":{"gitId":"cheezels"},"content":"            // Quit condition with \u0027bye\u0027","lastModifiedDate":"2025-08-22T00:12:27","isFullCredit":false},{"lineNumber":13,"author":{"gitId":"cheezels"},"content":"            if (userInput.equalsIgnoreCase(\"bye\")) {","lastModifiedDate":"2025-08-22T00:03:17","isFullCredit":false},{"lineNumber":14,"author":{"gitId":"cheezels"},"content":"                System.out.println(chatBot.getEndMessage());","lastModifiedDate":"2025-08-22T00:03:17","isFullCredit":false},{"lineNumber":15,"author":{"gitId":"cheezels"},"content":"                break;","lastModifiedDate":"2025-08-22T00:03:17","isFullCredit":false},{"lineNumber":16,"author":{"gitId":"cheezels"},"content":"            }","lastModifiedDate":"2025-08-22T00:03:17","isFullCredit":false},{"lineNumber":17,"author":{"gitId":"cheezels"},"content":"","lastModifiedDate":"2025-08-22T00:03:17","isFullCredit":false},{"lineNumber":18,"author":{"gitId":"cheezels"},"content":"            System.out.println(chatBot.getResponse(userInput));","lastModifiedDate":"2025-08-22T00:03:17","isFullCredit":false},{"lineNumber":19,"author":{"gitId":"cheezels"},"content":"        }","lastModifiedDate":"2025-08-22T00:03:17","isFullCredit":false},{"lineNumber":20,"author":{"gitId":"cheezels"},"content":"        sc.close();","lastModifiedDate":"2025-08-22T00:03:17","isFullCredit":false},{"lineNumber":21,"author":{"gitId":"cheezels"},"content":"","lastModifiedDate":"2025-08-22T00:03:17","isFullCredit":false},{"lineNumber":22,"author":{"gitId":"cheezels"},"content":"    }","lastModifiedDate":"2025-08-21T23:12:40","isFullCredit":false},{"lineNumber":23,"author":{"gitId":"cheezels"},"content":"}","lastModifiedDate":"2025-08-21T23:12:40","isFullCredit":false}],"authorContributionMap":{"cheezels":23}},{"path":"src/main/java/Task.java","fileType":"java","lines":[{"lineNumber":1,"author":{"gitId":"cheezels"},"content":"public class Task {","lastModifiedDate":"2025-08-22T00:53:03","isFullCredit":false},{"lineNumber":2,"author":{"gitId":"cheezels"},"content":"    private String description;","lastModifiedDate":"2025-08-22T00:59:17","isFullCredit":false},{"lineNumber":3,"author":{"gitId":"cheezels"},"content":"    private boolean isDone;","lastModifiedDate":"2025-08-22T00:59:17","isFullCredit":false},{"lineNumber":4,"author":{"gitId":"cheezels"},"content":"","lastModifiedDate":"2025-08-22T00:59:17","isFullCredit":false},{"lineNumber":5,"author":{"gitId":"cheezels"},"content":"    public Task(String description) {","lastModifiedDate":"2025-08-22T00:59:17","isFullCredit":false},{"lineNumber":6,"author":{"gitId":"cheezels"},"content":"        this.description \u003d description;","lastModifiedDate":"2025-08-22T00:59:17","isFullCredit":false},{"lineNumber":7,"author":{"gitId":"cheezels"},"content":"        this.isDone \u003d false;","lastModifiedDate":"2025-08-22T00:59:17","isFullCredit":false},{"lineNumber":8,"author":{"gitId":"cheezels"},"content":"    }","lastModifiedDate":"2025-08-22T00:59:17","isFullCredit":false},{"lineNumber":9,"author":{"gitId":"cheezels"},"content":"","lastModifiedDate":"2025-08-22T00:59:17","isFullCredit":false},{"lineNumber":10,"author":{"gitId":"cheezels"},"content":"    public void markDone() {","lastModifiedDate":"2025-08-22T00:59:17","isFullCredit":false},{"lineNumber":11,"author":{"gitId":"cheezels"},"content":"        this.isDone \u003d true;","lastModifiedDate":"2025-08-22T00:59:17","isFullCredit":false},{"lineNumber":12,"author":{"gitId":"cheezels"},"content":"    }","lastModifiedDate":"2025-08-22T00:59:17","isFullCredit":false},{"lineNumber":13,"author":{"gitId":"cheezels"},"content":"","lastModifiedDate":"2025-08-22T00:59:17","isFullCredit":false},{"lineNumber":14,"author":{"gitId":"cheezels"},"content":"    public void unmarkDone() {","lastModifiedDate":"2025-08-22T00:59:17","isFullCredit":false},{"lineNumber":15,"author":{"gitId":"cheezels"},"content":"        this.isDone \u003d false;","lastModifiedDate":"2025-08-22T00:59:17","isFullCredit":false},{"lineNumber":16,"author":{"gitId":"cheezels"},"content":"    }","lastModifiedDate":"2025-08-22T00:59:17","isFullCredit":false},{"lineNumber":17,"author":{"gitId":"cheezels"},"content":"","lastModifiedDate":"2025-08-22T00:59:17","isFullCredit":false},{"lineNumber":18,"author":{"gitId":"cheezels"},"content":"    public boolean checkDone() {","lastModifiedDate":"2025-08-22T00:59:17","isFullCredit":false},{"lineNumber":19,"author":{"gitId":"cheezels"},"content":"        return this.isDone;","lastModifiedDate":"2025-08-22T00:59:17","isFullCredit":false},{"lineNumber":20,"author":{"gitId":"cheezels"},"content":"    }","lastModifiedDate":"2025-08-22T00:59:17","isFullCredit":false},{"lineNumber":21,"author":{"gitId":"cheezels"},"content":"","lastModifiedDate":"2025-08-22T00:59:17","isFullCredit":false},{"lineNumber":22,"author":{"gitId":"cheezels"},"content":"    @Override public String toString() {","lastModifiedDate":"2025-08-22T00:59:17","isFullCredit":false},{"lineNumber":23,"author":{"gitId":"cheezels"},"content":"        return (this.isDone ? \"[X] \" : \"[ ] \") + this.description;","lastModifiedDate":"2025-08-22T00:59:17","isFullCredit":false},{"lineNumber":24,"author":{"gitId":"cheezels"},"content":"    }","lastModifiedDate":"2025-08-22T00:59:17","isFullCredit":false},{"lineNumber":25,"author":{"gitId":"cheezels"},"content":"}","lastModifiedDate":"2025-08-22T00:53:03","isFullCredit":false}],"authorContributionMap":{"cheezels":25}},{"path":"src/main/java/ToDoTask.java","fileType":"java","lines":[{"lineNumber":1,"author":{"gitId":"cheezels"},"content":"public class ToDoTask extends Task {","lastModifiedDate":"2025-08-22T03:06:23","isFullCredit":false},{"lineNumber":2,"author":{"gitId":"cheezels"},"content":"","lastModifiedDate":"2025-08-22T03:06:23","isFullCredit":false},{"lineNumber":3,"author":{"gitId":"cheezels"},"content":"    public ToDoTask(String description) {","lastModifiedDate":"2025-08-22T03:06:23","isFullCredit":false},{"lineNumber":4,"author":{"gitId":"cheezels"},"content":"        super(description);","lastModifiedDate":"2025-08-22T03:06:23","isFullCredit":false},{"lineNumber":5,"author":{"gitId":"cheezels"},"content":"    }","lastModifiedDate":"2025-08-22T03:06:23","isFullCredit":false},{"lineNumber":6,"author":{"gitId":"cheezels"},"content":"","lastModifiedDate":"2025-08-22T03:06:23","isFullCredit":false},{"lineNumber":7,"author":{"gitId":"cheezels"},"content":"    @Override","lastModifiedDate":"2025-08-22T03:06:23","isFullCredit":false},{"lineNumber":8,"author":{"gitId":"cheezels"},"content":"    public String toString() {","lastModifiedDate":"2025-08-22T03:06:23","isFullCredit":false},{"lineNumber":9,"author":{"gitId":"cheezels"},"content":"        return \"[T]\" + super.toString();","lastModifiedDate":"2025-08-22T03:06:23","isFullCredit":false},{"lineNumber":10,"author":{"gitId":"cheezels"},"content":"    }","lastModifiedDate":"2025-08-22T03:06:23","isFullCredit":false},{"lineNumber":11,"author":{"gitId":"cheezels"},"content":"}","lastModifiedDate":"2025-08-22T03:06:23","isFullCredit":false}],"authorContributionMap":{"cheezels":11}},{"path":"text-ui-test/input.txt","fileType":"txt","lines":[{"lineNumber":1,"author":{"gitId":"cheezels"},"content":"todo Be happy","lastModifiedDate":"2025-08-22T04:24:10","isFullCredit":false},{"lineNumber":2,"author":{"gitId":"cheezels"},"content":"deadline CS2103T work /friday 4pm","lastModifiedDate":"2025-08-22T04:24:10","isFullCredit":false},{"lineNumber":3,"author":{"gitId":"cheezels"},"content":"event sleep /now /tomorrow","lastModifiedDate":"2025-08-22T04:24:10","isFullCredit":false},{"lineNumber":4,"author":{"gitId":"cheezels"},"content":"list","lastModifiedDate":"2025-08-22T04:24:10","isFullCredit":false}],"authorContributionMap":{"cheezels":4}},{"path":"text-ui-test/runtest.bat","fileType":"bat","lines":[{"lineNumber":1,"author":{"gitId":"-"},"content":"@ECHO OFF","lastModifiedDate":"2020-05-25T00:03:55","isFullCredit":false},{"lineNumber":2,"author":{"gitId":"-"},"content":"","lastModifiedDate":"2020-05-25T00:03:55","isFullCredit":false},{"lineNumber":3,"author":{"gitId":"-"},"content":"REM create bin directory if it doesn\u0027t exist","lastModifiedDate":"2020-05-25T00:03:55","isFullCredit":false},{"lineNumber":4,"author":{"gitId":"-"},"content":"if not exist ..\\bin mkdir ..\\bin","lastModifiedDate":"2020-05-25T00:03:55","isFullCredit":false},{"lineNumber":5,"author":{"gitId":"-"},"content":"","lastModifiedDate":"2020-05-25T00:03:55","isFullCredit":false},{"lineNumber":6,"author":{"gitId":"-"},"content":"REM delete output from previous run","lastModifiedDate":"2020-05-25T00:03:55","isFullCredit":false},{"lineNumber":7,"author":{"gitId":"-"},"content":"if exist ACTUAL.TXT del ACTUAL.TXT","lastModifiedDate":"2020-08-25T17:23:26","isFullCredit":false},{"lineNumber":8,"author":{"gitId":"-"},"content":"","lastModifiedDate":"2020-05-25T00:03:55","isFullCredit":false},{"lineNumber":9,"author":{"gitId":"-"},"content":"REM compile the code into the bin folder","lastModifiedDate":"2020-05-25T00:03:55","isFullCredit":false},{"lineNumber":10,"author":{"gitId":"-"},"content":"javac  -cp ..\\src\\main\\java -Xlint:none -d ..\\bin ..\\src\\main\\java\\*.java","lastModifiedDate":"2020-08-25T17:23:26","isFullCredit":false},{"lineNumber":11,"author":{"gitId":"-"},"content":"IF ERRORLEVEL 1 (","lastModifiedDate":"2020-05-25T00:03:55","isFullCredit":false},{"lineNumber":12,"author":{"gitId":"-"},"content":"    echo ********** BUILD FAILURE **********","lastModifiedDate":"2020-05-25T00:03:55","isFullCredit":false},{"lineNumber":13,"author":{"gitId":"-"},"content":"    exit /b 1","lastModifiedDate":"2020-05-25T00:03:55","isFullCredit":false},{"lineNumber":14,"author":{"gitId":"-"},"content":")","lastModifiedDate":"2020-05-25T00:03:55","isFullCredit":false},{"lineNumber":15,"author":{"gitId":"-"},"content":"REM no error here, errorlevel \u003d\u003d 0","lastModifiedDate":"2020-05-25T00:03:55","isFullCredit":false},{"lineNumber":16,"author":{"gitId":"-"},"content":"","lastModifiedDate":"2020-05-25T00:03:55","isFullCredit":false},{"lineNumber":17,"author":{"gitId":"-"},"content":"REM run the program, feed commands from input.txt file and redirect the output to the ACTUAL.TXT","lastModifiedDate":"2020-05-25T00:03:55","isFullCredit":false},{"lineNumber":18,"author":{"gitId":"cheezels"},"content":"java -classpath ..\\bin LeeKuanYew \u003c input.txt \u003e ACTUAL.TXT","lastModifiedDate":"2025-08-22T04:23:11","isFullCredit":false},{"lineNumber":19,"author":{"gitId":"-"},"content":"","lastModifiedDate":"2020-05-25T00:03:55","isFullCredit":false},{"lineNumber":20,"author":{"gitId":"-"},"content":"REM compare the output to the expected output","lastModifiedDate":"2020-05-25T00:03:55","isFullCredit":false},{"lineNumber":21,"author":{"gitId":"-"},"content":"FC ACTUAL.TXT EXPECTED.TXT","lastModifiedDate":"2020-05-25T00:03:55","isFullCredit":false}],"authorContributionMap":{"cheezels":1,"-":20}},{"path":"text-ui-test/runtest.sh","fileType":"sh","lines":[{"lineNumber":1,"author":{"gitId":"-"},"content":"#!/usr/bin/env bash","lastModifiedDate":"2020-05-25T00:03:55","isFullCredit":false},{"lineNumber":2,"author":{"gitId":"-"},"content":"","lastModifiedDate":"2020-05-25T00:03:55","isFullCredit":false},{"lineNumber":3,"author":{"gitId":"-"},"content":"# create bin directory if it doesn\u0027t exist","lastModifiedDate":"2020-05-25T00:03:55","isFullCredit":false},{"lineNumber":4,"author":{"gitId":"-"},"content":"if [ ! -d \"../bin\" ]","lastModifiedDate":"2020-05-25T00:03:55","isFullCredit":false},{"lineNumber":5,"author":{"gitId":"-"},"content":"then","lastModifiedDate":"2020-05-25T00:03:55","isFullCredit":false},{"lineNumber":6,"author":{"gitId":"-"},"content":"    mkdir ../bin","lastModifiedDate":"2020-05-25T00:03:55","isFullCredit":false},{"lineNumber":7,"author":{"gitId":"-"},"content":"fi","lastModifiedDate":"2020-05-25T00:03:55","isFullCredit":false},{"lineNumber":8,"author":{"gitId":"-"},"content":"","lastModifiedDate":"2020-05-25T00:03:55","isFullCredit":false},{"lineNumber":9,"author":{"gitId":"-"},"content":"# delete output from previous run","lastModifiedDate":"2020-05-25T00:03:55","isFullCredit":false},{"lineNumber":10,"author":{"gitId":"-"},"content":"if [ -e \"./ACTUAL.TXT\" ]","lastModifiedDate":"2020-05-25T00:03:55","isFullCredit":false},{"lineNumber":11,"author":{"gitId":"-"},"content":"then","lastModifiedDate":"2020-05-25T00:03:55","isFullCredit":false},{"lineNumber":12,"author":{"gitId":"-"},"content":"    rm ACTUAL.TXT","lastModifiedDate":"2020-05-25T00:03:55","isFullCredit":false},{"lineNumber":13,"author":{"gitId":"-"},"content":"fi","lastModifiedDate":"2020-05-25T00:03:55","isFullCredit":false},{"lineNumber":14,"author":{"gitId":"-"},"content":"","lastModifiedDate":"2020-05-25T00:03:55","isFullCredit":false},{"lineNumber":15,"author":{"gitId":"-"},"content":"# compile the code into the bin folder, terminates if error occurred","lastModifiedDate":"2020-05-25T00:03:55","isFullCredit":false},{"lineNumber":16,"author":{"gitId":"-"},"content":"if ! javac -cp ../src/main/java -Xlint:none -d ../bin ../src/main/java/*.java","lastModifiedDate":"2020-08-25T17:23:26","isFullCredit":false},{"lineNumber":17,"author":{"gitId":"-"},"content":"then","lastModifiedDate":"2020-05-25T00:03:55","isFullCredit":false},{"lineNumber":18,"author":{"gitId":"-"},"content":"    echo \"********** BUILD FAILURE **********\"","lastModifiedDate":"2020-05-25T00:03:55","isFullCredit":false},{"lineNumber":19,"author":{"gitId":"-"},"content":"    exit 1","lastModifiedDate":"2020-05-25T00:03:55","isFullCredit":false},{"lineNumber":20,"author":{"gitId":"-"},"content":"fi","lastModifiedDate":"2020-05-25T00:03:55","isFullCredit":false},{"lineNumber":21,"author":{"gitId":"-"},"content":"","lastModifiedDate":"2020-05-25T00:03:55","isFullCredit":false},{"lineNumber":22,"author":{"gitId":"-"},"content":"# run the program, feed commands from input.txt file and redirect the output to the ACTUAL.TXT","lastModifiedDate":"2020-05-25T00:03:55","isFullCredit":false},{"lineNumber":23,"author":{"gitId":"cheezels"},"content":"java -classpath ../bin LeeKuanYew \u003c input.txt \u003e ACTUAL.TXT","lastModifiedDate":"2025-08-22T04:23:11","isFullCredit":false},{"lineNumber":24,"author":{"gitId":"-"},"content":"","lastModifiedDate":"2020-05-25T00:03:55","isFullCredit":false},{"lineNumber":25,"author":{"gitId":"-"},"content":"# convert to UNIX format","lastModifiedDate":"2020-05-25T00:03:55","isFullCredit":false},{"lineNumber":26,"author":{"gitId":"-"},"content":"cp EXPECTED.TXT EXPECTED-UNIX.TXT","lastModifiedDate":"2020-05-25T00:03:55","isFullCredit":false},{"lineNumber":27,"author":{"gitId":"-"},"content":"dos2unix ACTUAL.TXT EXPECTED-UNIX.TXT","lastModifiedDate":"2020-05-25T00:03:55","isFullCredit":false},{"lineNumber":28,"author":{"gitId":"-"},"content":"","lastModifiedDate":"2020-05-25T00:03:55","isFullCredit":false},{"lineNumber":29,"author":{"gitId":"-"},"content":"# compare the output to the expected output","lastModifiedDate":"2020-05-25T00:03:55","isFullCredit":false},{"lineNumber":30,"author":{"gitId":"-"},"content":"diff ACTUAL.TXT EXPECTED-UNIX.TXT","lastModifiedDate":"2020-05-25T00:03:55","isFullCredit":false},{"lineNumber":31,"author":{"gitId":"-"},"content":"if [ $? -eq 0 ]","lastModifiedDate":"2020-05-25T00:03:55","isFullCredit":false},{"lineNumber":32,"author":{"gitId":"-"},"content":"then","lastModifiedDate":"2020-05-25T00:03:55","isFullCredit":false},{"lineNumber":33,"author":{"gitId":"-"},"content":"    echo \"Test result: PASSED\"","lastModifiedDate":"2020-05-25T00:03:55","isFullCredit":false},{"lineNumber":34,"author":{"gitId":"-"},"content":"    exit 0","lastModifiedDate":"2020-05-25T00:03:55","isFullCredit":false},{"lineNumber":35,"author":{"gitId":"-"},"content":"else","lastModifiedDate":"2020-05-25T00:03:55","isFullCredit":false},{"lineNumber":36,"author":{"gitId":"-"},"content":"    echo \"Test result: FAILED\"","lastModifiedDate":"2020-05-25T00:03:55","isFullCredit":false},{"lineNumber":37,"author":{"gitId":"-"},"content":"    exit 1","lastModifiedDate":"2020-05-25T00:03:55","isFullCredit":false},{"lineNumber":38,"author":{"gitId":"-"},"content":"fi","lastModifiedDate":"2020-05-25T00:03:55","isFullCredit":false}],"authorContributionMap":{"cheezels":1,"-":37}}]
