{"authorDailyContributionsMap":{"cheezels":[{"date":"2025-08-21T00:00:00","commitResults":[{"hash":"6e8116cef67aa64c6f26027f37dda74280d9dd9f","isMergeCommit":false,"messageTitle":"Update chatbot identity to Lee Kuan Yew","messageBody":"- Changed name to Lee Kuan Yew\n- Edited intro message to fit new persona\n- Removed all references of Duke\n","tags":["Level-0"],"fileTypesAndContributionMap":{"java":{"insertions":10,"deletions":10}}},{"hash":"c92d7845383e1dd471b2af84cd1a2287d02766a2","isMergeCommit":false,"messageTitle":"Add new ChatBot class","messageBody":"- ChatBot class to handle all ChatBot logic instead of dumping it in\n  main\n- To edit main to allow reflect this intention\n","fileTypesAndContributionMap":{"java":{"insertions":18,"deletions":0}}},{"hash":"03567280a888b744ca7a574ac026fc1f396086b3","isMergeCommit":false,"messageTitle":"Add end message to ChatBot","messageBody":"- End message will be called when quitting application\n","fileTypesAndContributionMap":{"java":{"insertions":6,"deletions":0}}}]},{"date":"2025-08-22T00:00:00","commitResults":[{"hash":"a3d9daab3364b1420a11e16d2c6e48b4e377ceb3","isMergeCommit":false,"messageTitle":"Allow user input and ultilise ChatBot class","messageBody":"- main program uses ChatBot class now instead of handling logic on its\n  own\n","fileTypesAndContributionMap":{"java":{"insertions":19,"deletions":6}}},{"hash":"f1abfc36fb799848c955084a709ae8a87668cb90","isMergeCommit":false,"messageTitle":"Implement quit logic to main program","messageBody":"- Users can now quit the application by typing \"bye\"\n- Input kept as case insensitive\n- Main program will call ChatBot for a goodbye message\n","tags":["Level-1"],"fileTypesAndContributionMap":{"java":{"insertions":1,"deletions":1}}},{"hash":"93f30ac0626957062805529c969aea7036d4fec0","isMergeCommit":false,"messageTitle":"Remove custom name from ChatBot","messageBody":"- ChatBot will always be called Lee Kuan Yew\n- Removed useless functionality of storing name\n","fileTypesAndContributionMap":{"java":{"insertions":2,"deletions":4}}},{"hash":"d8d4a10bbb336ca87ccb02e60aac339a8a711538","isMergeCommit":false,"messageTitle":"Add partial list logic to ChatBot","messageBody":"- Switch case added to allow for differing user input\n- Implemented logic to add tasks to list\n- Yet to implement functionality to retrieve the list\n","fileTypesAndContributionMap":{"java":{"insertions":19,"deletions":1}}},{"hash":"08e656699f58aad7bdc78e371c626454ae56744d","isMergeCommit":false,"messageTitle":"Implement list retrieving logic","messageBody":"- Empty list returns a message\n- Otherwise, tasks are listed out with serial numbers\n","tags":["Level-2"],"fileTypesAndContributionMap":{"java":{"insertions":12,"deletions":1}}},{"hash":"2471351c45d32804fbbbdd527fcd7f8d9dc92d68","isMergeCommit":false,"messageTitle":"Add new Task class to handle task logic","messageBody":"- Task class will contain description and done boolean\n","fileTypesAndContributionMap":{"java":{"insertions":2,"deletions":0}}},{"hash":"f74c9dbe097aaf45a8c5a915a360bcf67f645fee","isMergeCommit":false,"messageTitle":"Change implementation to get description","messageBody":"- Instead of retrieving description, we override the toString method\n- toString will also display the checkbox required based on whether the\n  task is done\n","fileTypesAndContributionMap":{"java":{"insertions":23,"deletions":0}}},{"hash":"8956d0e7456ea1be2ea765d3159d80b15216c626","isMergeCommit":false,"messageTitle":"Implement response logic for task marking","messageBody":"- Users can now mark and unmark tasks\n- Custom messages added for all scenarios, including exceptions\n","fileTypesAndContributionMap":{"java":{"insertions":47,"deletions":4}}},{"hash":"2e8fe22625d79894eb67164c21fc0c9b0a6b2126","isMergeCommit":false,"messageTitle":"Fix minor spacing issues in displayed text","messageBody":"","fileTypesAndContributionMap":{"java":{"insertions":1,"deletions":1}}},{"hash":"e25d4aaecbf133fff58f5500ee97211ca9ad59cd","isMergeCommit":false,"messageTitle":"Fix minor display text issues","messageBody":"- missing \u0027.\u0027 after the number when retrieving list\n","tags":["Level-3"],"fileTypesAndContributionMap":{"java":{"insertions":1,"deletions":1}}},{"hash":"62a9c5c29cd0dca0b805846909f7c328fb4a3dab","isMergeCommit":false,"messageTitle":"Add ToDoTask class","messageBody":"- New task types will now extend Task\n","fileTypesAndContributionMap":{"java":{"insertions":11,"deletions":0}}},{"hash":"a19c1b1766c7c65df6e4c22c5ef51b5cc3cf1624","isMergeCommit":false,"messageTitle":"Add DeadlineTask class","messageBody":"- Stores String parameter for deadline\n","fileTypesAndContributionMap":{"java":{"insertions":4,"deletions":0}}},{"hash":"b7d9ce281c4bcc444a678ffc8d9011dd73c3b044","isMergeCommit":false,"messageTitle":"Misc file modifications for DeadlineTask","messageBody":"- unknown modifications that were missed from the last commit unsure why\n","fileTypesAndContributionMap":{"java":{"insertions":11,"deletions":2}}},{"hash":"887486de416bb51907c1059fd3f5a11c11c8e951","isMergeCommit":false,"messageTitle":"Add EventTask class","messageBody":"- Stores start and end dates as Strings\n","fileTypesAndContributionMap":{"java":{"insertions":15,"deletions":0}}},{"hash":"a7c578a9c9af9a33ff8f18f3076d2e53da73cc76","isMergeCommit":false,"messageTitle":"Implement new task logic in ChatBot class","messageBody":"- Todo, Deadline, Event tasks can now be added to the list\n- Aprropriate responses and logic implemented\n- To add error handling for invalid inputs\n","tags":["Level-4"],"fileTypesAndContributionMap":{"java":{"insertions":27,"deletions":3}}},{"hash":"43565804dffa2c095efb1687af974a9bac6ab3e3","isMergeCommit":false,"messageTitle":"Edit runtest files with correct file paths","messageBody":"","fileTypesAndContributionMap":{"bat":{"insertions":1,"deletions":1},"sh":{"insertions":1,"deletions":1}}},{"hash":"f2f6e5cd03e762e23618cdf76bf4b55cc02eb30c","isMergeCommit":false,"messageTitle":"Add simple inputs for testing","messageBody":"","fileTypesAndContributionMap":{"txt":{"insertions":4,"deletions":0}}},{"hash":"65a4da33d5ccffa8b2b29935c3bbaecb9e556087","isMergeCommit":false,"messageTitle":"Add error messages for invalid inputs","messageBody":"- invalid input formats for deadline and event tasks\n- other misc invalid inputs handled as well\n","tags":["Level-5"],"fileTypesAndContributionMap":{"java":{"insertions":2,"deletions":0}}},{"hash":"e2b42d9483c08374717532265c2401b35dace976","isMergeCommit":false,"messageTitle":"Implement delete functionality","messageBody":"- Users able to delete tasks from list\n- Error handling for invalid numbers to avoid program crashing\n- Misc text changes added\n","tags":["Level-6"],"fileTypesAndContributionMap":{"java":{"insertions":25,"deletions":6}}},{"hash":"4618bc2eb423dd2b82e7de03f974117ffb8b3044","isMergeCommit":false,"messageTitle":"Delete unused imports","messageBody":"","fileTypesAndContributionMap":{"java":{"insertions":0,"deletions":3}}}]},{"date":"2025-08-28T00:00:00","commitResults":[{"hash":"d2071f932eb352ec99813c1dfc004a2dcb0ce253","isMergeCommit":false,"messageTitle":"Add getDescription method to Task class","messageBody":"","fileTypesAndContributionMap":{"java":{"insertions":4,"deletions":0}}},{"hash":"fcf875f85854f31dc3ac4a38abf1aac858c2027e","isMergeCommit":false,"messageTitle":"DeadlineTask class: Add getDeadline method","messageBody":"","fileTypesAndContributionMap":{"java":{"insertions":5,"deletions":1}}},{"hash":"d9723774a427ac3004e7153b533da617f8c0f167","isMergeCommit":false,"messageTitle":"EventTask class: Add getters for start and end dates","messageBody":"","fileTypesAndContributionMap":{"java":{"insertions":9,"deletions":1}}},{"hash":"408ee29cd9f0d6a571d3f9613eea2c6a0c4fbbe1","isMergeCommit":false,"messageTitle":"Storage: Add class to save and load tasks","messageBody":"","fileTypesAndContributionMap":{"java":{"insertions":89,"deletions":0}}},{"hash":"5a80eecff72707e95ac29117f3bbe02617b0873d","isMergeCommit":false,"messageTitle":"Add data file","messageBody":"","fileTypesAndContributionMap":{"txt":{"insertions":3,"deletions":0}}},{"hash":"615a92efe37dc827f51c0a1d37f8cf6735ef89e0","isMergeCommit":false,"messageTitle":"ChatBot: Add save command","messageBody":"Users can use \"save\" command to save their current list of tasks. List\nwill be loaded on the next instance of launching the program, preserving\nthe data between each session.\n\nList data is kept in data/LeeKuanYew.txt.\n","fileTypesAndContributionMap":{"java":{"insertions":16,"deletions":2}}},{"hash":"9e694c142659d4b74e7b183f50fb8672bcf44468","isMergeCommit":true,"messageTitle":"Merge branch \u0027branch-Level-7\u0027","messageBody":"","tags":["Level-7"],"fileTypesAndContributionMap":{}},{"hash":"83f5a94ded11771ac875636e31449d4557f1decb","isMergeCommit":false,"messageTitle":"DeadlineTask: Restructure deadline to LocalDate type","messageBody":"","fileTypesAndContributionMap":{"java":{"insertions":12,"deletions":3}}},{"hash":"30f6ac6903d2cf5dc3a5ab7700d3bf7b44524f96","isMergeCommit":false,"messageTitle":"Storage class: Misc fixes and line spacing changes","messageBody":"","fileTypesAndContributionMap":{"java":{"insertions":12,"deletions":8}}},{"hash":"c1f330e9c58d023fac2ce0facf9caa38ef072405","isMergeCommit":false,"messageTitle":"feat: Handle invalid date parsing","messageBody":"","fileTypesAndContributionMap":{"java":{"insertions":14,"deletions":6}}},{"hash":"46a3a9443f0bb97a61aa6d39317bd1a1a57cc219","isMergeCommit":false,"messageTitle":"chore: Update data file","messageBody":"","fileTypesAndContributionMap":{"txt":{"insertions":1,"deletions":3}}},{"hash":"bdbd06e7b273a6bf0ba5dc49403e6d4203fea619","isMergeCommit":true,"messageTitle":"Merge branch \u0027branch-Level-8\u0027","messageBody":"","tags":["Level-8"],"fileTypesAndContributionMap":{}},{"hash":"a410fdf17fb6ec873808f76aac59dfc9444386b5","isMergeCommit":false,"messageTitle":"feat: Handle user interaction with new Ui class","messageBody":"","fileTypesAndContributionMap":{"java":{"insertions":21,"deletions":0}}},{"hash":"49c35f5089e8f4807d8d41cc594dd4b9437b01d7","isMergeCommit":false,"messageTitle":"feat: Add abstract command class","messageBody":"","fileTypesAndContributionMap":{"java":{"insertions":7,"deletions":0}}},{"hash":"973e690a4e7ea458d1ca6124108b2f5837886d92","isMergeCommit":false,"messageTitle":"refactor: Adjust method names","messageBody":"","fileTypesAndContributionMap":{"java":{"insertions":1,"deletions":1}}},{"hash":"3c2ce71b9259782f93128eda15c79adc2a2d9b71","isMergeCommit":false,"messageTitle":"refactor: Add skeleton for command parsing","messageBody":"","fileTypesAndContributionMap":{"java":{"insertions":18,"deletions":0}}},{"hash":"c807c60e07efea10d32a59b6c43e9386e3c791b1","isMergeCommit":false,"messageTitle":"refractor: Task list now implemented with TaskList class","messageBody":"","fileTypesAndContributionMap":{"java":{"insertions":22,"deletions":0}}},{"hash":"462ff63253f1901740278c37462823dcc83cba94","isMergeCommit":false,"messageTitle":"refactor: Update main program with OOP skeleton","messageBody":"","fileTypesAndContributionMap":{"java":{"insertions":18,"deletions":15}}},{"hash":"1a0dc06bacc6b5399f2c18693cfde0db39fe63f6","isMergeCommit":false,"messageTitle":"fix: Adjust parameters for execute method","messageBody":"","fileTypesAndContributionMap":{"java":{"insertions":1,"deletions":1}}},{"hash":"36ff667902573cf83e7b5e40d5c635847c5dc302","isMergeCommit":false,"messageTitle":"refactor: Shift list command to its own class","messageBody":"","fileTypesAndContributionMap":{"java":{"insertions":20,"deletions":0}}},{"hash":"f70c4f6d12ca03df64bc9fe5814eae9c0755f477","isMergeCommit":false,"messageTitle":"refactor: Shift mark and unmark command to its own class","messageBody":"","fileTypesAndContributionMap":{"java":{"insertions":21,"deletions":0}}}]},{"date":"2025-08-29T00:00:00","commitResults":[{"hash":"b22a35aa349707122cfd41ffdb674bfda9017dd2","isMergeCommit":false,"messageTitle":"fix(mark command): Add missing responses to class","messageBody":"","fileTypesAndContributionMap":{"java":{"insertions":6,"deletions":2}}},{"hash":"af639f847ecc7fc948c2ef556a2c2108ea43c9c6","isMergeCommit":false,"messageTitle":"refactor: Shift bye command to its own class","messageBody":"","fileTypesAndContributionMap":{"java":{"insertions":13,"deletions":0}}},{"hash":"443d8b9bebbeb3d2190a6463f66055ecd1fe66a7","isMergeCommit":false,"messageTitle":"fix(refactor): Add missing delete method to TaskList","messageBody":"","fileTypesAndContributionMap":{"java":{"insertions":4,"deletions":0}}},{"hash":"98ee873cd703eda1833d5b73ca70bd6342692689","isMergeCommit":false,"messageTitle":"refactor: Shift delete command to its own class","messageBody":"","fileTypesAndContributionMap":{"java":{"insertions":19,"deletions":0}}},{"hash":"7be2bef41e72e3abc45b77835254a2203ce32cac","isMergeCommit":false,"messageTitle":"fix(refactor): Add missing misc skeleton code","messageBody":"","fileTypesAndContributionMap":{"java":{"insertions":1,"deletions":0}}},{"hash":"10443bb64dc9a0eaea1235394788fc30868a9249","isMergeCommit":false,"messageTitle":"refactor: Shift todo command to its own class","messageBody":"","fileTypesAndContributionMap":{"java":{"insertions":19,"deletions":0}}},{"hash":"50d9ccfab91e1a3cd085c60f78922244f72099a3","isMergeCommit":false,"messageTitle":"refactor: Shift deadline command to its own class","messageBody":"","fileTypesAndContributionMap":{"java":{"insertions":27,"deletions":0}}},{"hash":"2bf94c52554b3f685862ba39bab02956d8ad5e59","isMergeCommit":false,"messageTitle":"refactor: Shift event command to its own class","messageBody":"Should consider converting event task dates from String to DateTime,\nsimilar to deadline tasks.\n","fileTypesAndContributionMap":{"java":{"insertions":29,"deletions":0}}},{"hash":"355b7d2e90fa05f508f5b18831874008608b1d43","isMergeCommit":false,"messageTitle":"fix(refactor): Add unstaged changes meant for previous commit","messageBody":"","fileTypesAndContributionMap":{"java":{"insertions":7,"deletions":11}}},{"hash":"600b505e7851db7b4f8b831487e488fdea4ec375","isMergeCommit":false,"messageTitle":"refactor: Shift save command to its own class","messageBody":"","fileTypesAndContributionMap":{"java":{"insertions":14,"deletions":0}}},{"hash":"c00951cdbe8368d567193a0332a5c940f21431ca","isMergeCommit":false,"messageTitle":"fix: Update classes to implement TaskList abstraction","messageBody":"","fileTypesAndContributionMap":{"java":{"insertions":50,"deletions":28}}},{"hash":"7de6e44fdedd1bc2c39f145c75d65ca45697c997","isMergeCommit":false,"messageTitle":"refactor: Clean up misc issues in OOP skeleton","messageBody":"","fileTypesAndContributionMap":{"java":{"insertions":2,"deletions":10}}},{"hash":"c9ecd3797c136963de5958dac55b12382a1f0d9d","isMergeCommit":false,"messageTitle":"fix: Missing return statement","messageBody":"","fileTypesAndContributionMap":{"java":{"insertions":2,"deletions":21}}},{"hash":"9d0b8c31fed4aea1951c57d8e99ba983d5ed6bdf","isMergeCommit":false,"messageTitle":"refactor: Remove redundant methods","messageBody":"","fileTypesAndContributionMap":{"java":{"insertions":47,"deletions":116}}},{"hash":"9b8962079d1e753d238b7f05991804dc4f96aea1","isMergeCommit":false,"messageTitle":"refactor: Shift main logic loop to main program class","messageBody":"","fileTypesAndContributionMap":{"java":{"insertions":11,"deletions":2}}},{"hash":"184ee44d8ba28e44cb7904fbc1fb5d1d2a23712d","isMergeCommit":true,"messageTitle":"Merge branch \u0027A-MoreOOP\u0027","messageBody":"","tags":["A-MoreOOP"],"fileTypesAndContributionMap":{}},{"hash":"10bb4cb8c6a2ae20b0b01693045408e82c7fb31e","isMergeCommit":false,"messageTitle":"refactor: Move classes into packages","messageBody":"","fileTypesAndContributionMap":{"txt":{"insertions":0,"deletions":1},"java":{"insertions":80,"deletions":13}}},{"hash":"b9eb65a4e1869cf4a674743bca7c815d39857593","isMergeCommit":false,"messageTitle":"fix(refactor): Shift data file to correct location","messageBody":"","tags":["A-Packages"],"fileTypesAndContributionMap":{"txt":{"insertions":1,"deletions":0},"java":{"insertions":16,"deletions":6}}},{"hash":"80a7a60818fd5876d35bb0dd202d262cb4d7f03c","isMergeCommit":false,"messageTitle":"refactor: Clean up redundant code","messageBody":"","fileTypesAndContributionMap":{"java":{"insertions":0,"deletions":3}}},{"hash":"92d46d1e6784444977add68999c55f2b057098df","isMergeCommit":false,"messageTitle":"fix: Add missing gradle build file","messageBody":"","fileTypesAndContributionMap":{"gradle":{"insertions":35,"deletions":0}}},{"hash":"9d13a4e6127b46143fd1c4b83ab7cb391dcbe200","isMergeCommit":false,"messageTitle":"test: Add unit testing for Storage","messageBody":"","tags":["A-JUnit"],"fileTypesAndContributionMap":{"java":{"insertions":32,"deletions":3}}},{"hash":"027612d05f4755874f9737fcf84c2d42588586c0","isMergeCommit":false,"messageTitle":"chore: Add runnable JAR","messageBody":"","tags":["A-Jar"],"fileTypesAndContributionMap":{"gradle":{"insertions":9,"deletions":4}}}]},{"date":"2025-09-01T00:00:00","commitResults":[{"hash":"b1861d9c1fddd9fd5207b8c8f8a9699b38fda212","isMergeCommit":false,"messageTitle":"docs: Add JavaDoc for ChatBot and Storage methods","messageBody":"","fileTypesAndContributionMap":{"java":{"insertions":59,"deletions":0}}},{"hash":"c5f604460d401747686d7347dede1e2bf082bfa3","isMergeCommit":false,"messageTitle":"docs: Add JavaDoc to Ui methods","messageBody":"","tags":["A-JavaDoc"],"fileTypesAndContributionMap":{"java":{"insertions":15,"deletions":1}}},{"hash":"09e7a9ffd32fe0b59232bd19d61597d3f8d5bc2e","isMergeCommit":false,"messageTitle":"style: Update coding standards","messageBody":"","tags":["A-CodingStandard"],"fileTypesAndContributionMap":{"java":{"insertions":62,"deletions":62}}},{"hash":"e388b7b6c18b979eb31c5dcb934b5ad39959b6e6","isMergeCommit":false,"messageTitle":"feat: Add search method to TaskList","messageBody":"To be used in future search command implementation\n","fileTypesAndContributionMap":{"java":{"insertions":18,"deletions":0}}},{"hash":"e483ea1e5a5981a02f9dc18a914266a368122daa","isMergeCommit":false,"messageTitle":"refactor: Change search method to find instead","messageBody":"","fileTypesAndContributionMap":{"java":{"insertions":1,"deletions":2}}},{"hash":"fce8dae53ca491f4a240f93b688818e269ca0f64","isMergeCommit":false,"messageTitle":"feat: Add find command to chatbot","messageBody":"Basic logic and functionality added. Some edge cases and bugs have to be\naddressed.\n","tags":["Level-9"],"fileTypesAndContributionMap":{"java":{"insertions":97,"deletions":62}}},{"hash":"6bfaeee0b45f936775c3abbb749b33adb27b23cd","isMergeCommit":true,"messageTitle":"Merge branch \u0027branch-A-JavaDoc\u0027","messageBody":"","fileTypesAndContributionMap":{}},{"hash":"a44930f3abd7a5f64983c1ae48bfb671bd15180b","isMergeCommit":true,"messageTitle":"Merge branch \u0027branch-A-CodingStandard\u0027","messageBody":"","fileTypesAndContributionMap":{}},{"hash":"67581036d1fc668ff68a12177843cdf997736a05","isMergeCommit":true,"messageTitle":"Merge branch \u0027branch-Level-9\u0027","messageBody":"","fileTypesAndContributionMap":{}}]},{"date":"2025-09-08T00:00:00","commitResults":[{"hash":"819dd1b591b1e14ff96e2937713273546d2aa464","isMergeCommit":false,"messageTitle":"feat: Implement full GUI support","messageBody":"Added all dependancies needed for basic GUI.\nCustom user and bot profile images added.\nChanged command execute method to return string to aid in GUI support\nand method workarounds. Cleaner code and logic should be implemented in\nfuture commits.\nThere is definately some bugs and nits that require fixing in future\ncommits.\n","tags":["Level-10"],"fileTypesAndContributionMap":{"gradle":{"insertions":23,"deletions":2},"fxml":{"insertions":41,"deletions":0},"java":{"insertions":201,"deletions":35}}},{"hash":"a52ff254e0e2893d7874bc71c08c270d21c1b9a0","isMergeCommit":true,"messageTitle":"Merge branch \u0027branch-Level-10\u0027","messageBody":"","fileTypesAndContributionMap":{}}]},{"date":"2025-09-11T00:00:00","commitResults":[{"hash":"599a4075e186b4e828f2724f68b00ebb668f9387","isMergeCommit":false,"messageTitle":"chore: Add assertions in ChatBot for inpute validation","messageBody":"","tags":["A-Assertions"],"fileTypesAndContributionMap":{"java":{"insertions":3,"deletions":1}}},{"hash":"d3abd1211ccb9fd2e699ef851d9f09fff9cac0f3","isMergeCommit":true,"messageTitle":"Merge pull request #1 from cheezels/branch-A-Assertions","messageBody":"chore: Add assertions in ChatBot for input validation","fileTypesAndContributionMap":{}},{"hash":"cd37426d0f35e9bdcd082c61eb8be80a81de1cb8","isMergeCommit":false,"messageTitle":"refactor: Extract handleMark method in ChatBot","messageBody":"Mark and unmark command handling had duplicated logic, except the\nboolean flag used when calling the constructor to indicate if the\ncommand is marked or unmarked.\n\nTo match DRY conventions, this commit extracts the shared logic of\nhandling the command into a separate method.\n","tags":["A-FullCommitMessage","A-CodeQuality"],"fileTypesAndContributionMap":{"java":{"insertions":15,"deletions":20}}},{"hash":"0f9bb67a2958c4fc68de06f84aec99dd7abc503f","isMergeCommit":true,"messageTitle":"Merge pull request #2 from cheezels/branch-A-CodeQuality","messageBody":"refactor: Extract handleMark method in ChatBot","fileTypesAndContributionMap":{}},{"hash":"d77e4bfd1b51703f65c14ff1ad2fe56565f36d1d","isMergeCommit":false,"messageTitle":"feat: Add update methods to deadline and event tasks","messageBody":"","fileTypesAndContributionMap":{"java":{"insertions":12,"deletions":0}}}]},{"date":"2025-09-12T00:00:00","commitResults":[{"hash":"963b328767cdb443e45a099b7f504a232288458f","isMergeCommit":false,"messageTitle":"feat: Implement update functionality for deadline tasks","messageBody":"Users can now update the deadline of deadline tasks.\n","tags":["C-Update"],"fileTypesAndContributionMap":{"java":{"insertions":63,"deletions":3}}}]},{"date":"2025-09-16T00:00:00","commitResults":[{"hash":"34f2e87c7a033cba230acaed614ccee07e40bf8e","isMergeCommit":false,"messageTitle":"feat: Improve GUI with ai assist","messageBody":"","tags":["A-AiAssisted"],"fileTypesAndContributionMap":{"fxml":{"insertions":71,"deletions":22},"java":{"insertions":3,"deletions":2}}},{"hash":"c2472e2a229314882c6fa94640c50b220405a53a","isMergeCommit":true,"messageTitle":"Merge pull request #3 from cheezels/branch-C-Update","messageBody":"Branch c update","tags":["BCD-Extension","A-UserGuide"],"fileTypesAndContributionMap":{}}]},{"date":"2025-09-18T00:00:00","commitResults":[{"hash":"8ccaada50d3050dd355cc0ed4d7b414242efd07e","isMergeCommit":false,"messageTitle":"doc: Add Javadoc comments to all command classes","messageBody":"","fileTypesAndContributionMap":{"txt":{"insertions":0,"deletions":1},"java":{"insertions":123,"deletions":2},"md":{"insertions":60,"deletions":16}}},{"hash":"a2f4d7fa858ca648c4853aba1430cd4b9cb71285","isMergeCommit":false,"messageTitle":"fix: Delete minor unintended typos","messageBody":"","tags":["A-Release"],"fileTypesAndContributionMap":{"java":{"insertions":1,"deletions":1}}}]},{"date":"2025-09-19T00:00:00","commitResults":[{"hash":"5fe723d7256e3feea5a8fe1bbe1fe1d9a6520297","isMergeCommit":false,"messageTitle":"style: Fix minor style issues","messageBody":"","fileTypesAndContributionMap":{"java":{"insertions":0,"deletions":1}}}]}]},"authorFileTypeContributionMap":{"cheezels":{"java":1120,"md":57,"fxml":90,"sh":1,"bat":1,"gradle":61,"txt":4}},"authorContributionVariance":{"cheezels":17641.467},"authorDisplayNameMap":{"cheezels":"CS2103T-F14a-3 TAN .. HIN"}}
