[{"path":"src/main/java/CuteOwl.java","fileType":"java","lines":[{"lineNumber":1,"author":{"gitId":"yymeiting"},"content":"import java.util.Scanner;","lastModifiedDate":"2025-08-25T17:49:38","isFullCredit":false},{"lineNumber":2,"author":{"gitId":"yymeiting"},"content":"","lastModifiedDate":"2025-08-25T17:49:38","isFullCredit":false},{"lineNumber":3,"author":{"gitId":"yymeiting"},"content":"public class CuteOwl {","lastModifiedDate":"2025-08-25T17:47:28","isFullCredit":false},{"lineNumber":4,"author":{"gitId":"yymeiting"},"content":"    public static void main(String[] args) {","lastModifiedDate":"2025-08-25T17:47:28","isFullCredit":false},{"lineNumber":5,"author":{"gitId":"yymeiting"},"content":"        Scanner scanner \u003d new Scanner(System.in);","lastModifiedDate":"2025-08-25T17:49:38","isFullCredit":false},{"lineNumber":6,"author":{"gitId":"yymeiting"},"content":"        Task[] tasks \u003d new Task[100]; // Assume that there will be no more than 100 tasks","lastModifiedDate":"2025-08-25T19:37:24","isFullCredit":false},{"lineNumber":7,"author":{"gitId":"yymeiting"},"content":"        int t_count \u003d 0; // Tasks counter","lastModifiedDate":"2025-08-25T19:37:24","isFullCredit":false},{"lineNumber":8,"author":{"gitId":"yymeiting"},"content":"        String indentation \u003d \"    \";","lastModifiedDate":"2025-08-25T17:49:38","isFullCredit":false},{"lineNumber":9,"author":{"gitId":"yymeiting"},"content":"","lastModifiedDate":"2025-08-25T18:10:59","isFullCredit":false},{"lineNumber":10,"author":{"gitId":"yymeiting"},"content":"        String intro_text \u003d indentation + \"____________________________________________________________\\n\" +","lastModifiedDate":"2025-08-25T17:49:38","isFullCredit":false},{"lineNumber":11,"author":{"gitId":"yymeiting"},"content":"                indentation + \" Hello! I\u0027m CuteOwl :)\\n\" +","lastModifiedDate":"2025-08-25T17:49:38","isFullCredit":false},{"lineNumber":12,"author":{"gitId":"yymeiting"},"content":"                indentation + \" What can I do for you?\\n\" +","lastModifiedDate":"2025-08-25T17:49:38","isFullCredit":false},{"lineNumber":13,"author":{"gitId":"yymeiting"},"content":"                indentation + \"____________________________________________________________\\n\";","lastModifiedDate":"2025-08-25T17:49:38","isFullCredit":false},{"lineNumber":14,"author":{"gitId":"yymeiting"},"content":"        System.out.println(intro_text);","lastModifiedDate":"2025-08-25T17:47:28","isFullCredit":false},{"lineNumber":15,"author":{"gitId":"yymeiting"},"content":"","lastModifiedDate":"2025-08-25T17:49:38","isFullCredit":false},{"lineNumber":16,"author":{"gitId":"yymeiting"},"content":"        while (true) {","lastModifiedDate":"2025-08-25T17:49:38","isFullCredit":false},{"lineNumber":17,"author":{"gitId":"yymeiting"},"content":"            String input \u003d scanner.nextLine();","lastModifiedDate":"2025-08-25T17:49:38","isFullCredit":false},{"lineNumber":18,"author":{"gitId":"yymeiting"},"content":"","lastModifiedDate":"2025-08-25T17:49:38","isFullCredit":false},{"lineNumber":19,"author":{"gitId":"yymeiting"},"content":"            // Exit program if user input \u003d \"bye\"","lastModifiedDate":"2025-08-25T19:37:24","isFullCredit":false},{"lineNumber":20,"author":{"gitId":"yymeiting"},"content":"            if (input.equalsIgnoreCase(\"bye\")) {","lastModifiedDate":"2025-08-25T17:49:38","isFullCredit":false},{"lineNumber":21,"author":{"gitId":"yymeiting"},"content":"                String exit_text \u003d indentation + \"____________________________________________________________\\n\" +","lastModifiedDate":"2025-08-25T17:49:38","isFullCredit":false},{"lineNumber":22,"author":{"gitId":"yymeiting"},"content":"                        indentation + \" Bye. Hope to see you again soon!\\n\" +","lastModifiedDate":"2025-08-25T17:49:38","isFullCredit":false},{"lineNumber":23,"author":{"gitId":"yymeiting"},"content":"                        indentation + \"____________________________________________________________\\n\";","lastModifiedDate":"2025-08-25T17:49:38","isFullCredit":false},{"lineNumber":24,"author":{"gitId":"yymeiting"},"content":"                System.out.println(exit_text);","lastModifiedDate":"2025-08-25T17:49:38","isFullCredit":false},{"lineNumber":25,"author":{"gitId":"yymeiting"},"content":"                break;","lastModifiedDate":"2025-08-25T17:49:38","isFullCredit":false},{"lineNumber":26,"author":{"gitId":"yymeiting"},"content":"            }","lastModifiedDate":"2025-08-25T19:37:24","isFullCredit":false},{"lineNumber":27,"author":{"gitId":"yymeiting"},"content":"","lastModifiedDate":"2025-08-25T19:37:24","isFullCredit":false},{"lineNumber":28,"author":{"gitId":"yymeiting"},"content":"            // List task if user input \u003d \"list\"","lastModifiedDate":"2025-08-25T19:37:24","isFullCredit":false},{"lineNumber":29,"author":{"gitId":"yymeiting"},"content":"            else if (input.equalsIgnoreCase(\"list\")) {","lastModifiedDate":"2025-08-25T19:37:24","isFullCredit":false},{"lineNumber":30,"author":{"gitId":"yymeiting"},"content":"                String list_tasks \u003d indentation + \"____________________________________________________________\\n\" +","lastModifiedDate":"2025-08-25T21:50:12","isFullCredit":false},{"lineNumber":31,"author":{"gitId":"yymeiting"},"content":"                        indentation + \" Here are the tasks in your list:\\n\";","lastModifiedDate":"2025-08-25T21:50:12","isFullCredit":false},{"lineNumber":32,"author":{"gitId":"yymeiting"},"content":"                for (int  i \u003d 0; i \u003c t_count; i+\u003d1 ) {","lastModifiedDate":"2025-08-25T18:10:59","isFullCredit":false},{"lineNumber":33,"author":{"gitId":"yymeiting"},"content":"                    list_tasks \u003d list_tasks + indentation + \" \" + (i + 1) + \". \" + tasks[i] + \"\\n\";","lastModifiedDate":"2025-08-25T18:10:59","isFullCredit":false},{"lineNumber":34,"author":{"gitId":"yymeiting"},"content":"                }","lastModifiedDate":"2025-08-25T17:49:38","isFullCredit":false},{"lineNumber":35,"author":{"gitId":"yymeiting"},"content":"","lastModifiedDate":"2025-08-25T19:37:24","isFullCredit":false},{"lineNumber":36,"author":{"gitId":"yymeiting"},"content":"                list_tasks \u003d list_tasks + indentation + \"____________________________________________________________\\n\";","lastModifiedDate":"2025-08-25T18:10:59","isFullCredit":false},{"lineNumber":37,"author":{"gitId":"yymeiting"},"content":"                System.out.println(list_tasks);","lastModifiedDate":"2025-08-25T18:10:59","isFullCredit":false},{"lineNumber":38,"author":{"gitId":"yymeiting"},"content":"            }","lastModifiedDate":"2025-08-25T19:37:24","isFullCredit":false},{"lineNumber":39,"author":{"gitId":"yymeiting"},"content":"","lastModifiedDate":"2025-08-25T19:37:24","isFullCredit":false},{"lineNumber":40,"author":{"gitId":"yymeiting"},"content":"            // Mark task with \"X\" if user input \u003d \"mark number\"","lastModifiedDate":"2025-08-25T19:37:24","isFullCredit":false},{"lineNumber":41,"author":{"gitId":"yymeiting"},"content":"            else if (input.startsWith(\"mark \")) {","lastModifiedDate":"2025-08-25T19:37:24","isFullCredit":false},{"lineNumber":42,"author":{"gitId":"yymeiting"},"content":"                int list_index \u003d Integer.parseInt(input.substring(5)) - 1;","lastModifiedDate":"2025-08-25T19:37:24","isFullCredit":false},{"lineNumber":43,"author":{"gitId":"yymeiting"},"content":"                if (list_index \u003e\u003d 0 \u0026\u0026 list_index \u003c t_count) {","lastModifiedDate":"2025-08-25T19:37:24","isFullCredit":false},{"lineNumber":44,"author":{"gitId":"yymeiting"},"content":"                    tasks[list_index].mark();","lastModifiedDate":"2025-08-25T19:37:24","isFullCredit":false},{"lineNumber":45,"author":{"gitId":"yymeiting"},"content":"                    String mark_text \u003d \"\\n\" + indentation + \"____________________________________________________________\\n\" +","lastModifiedDate":"2025-08-25T19:37:24","isFullCredit":false},{"lineNumber":46,"author":{"gitId":"yymeiting"},"content":"                            indentation + \" Nice! I\u0027ve marked this task as done:\\n\" +","lastModifiedDate":"2025-08-25T19:37:24","isFullCredit":false},{"lineNumber":47,"author":{"gitId":"yymeiting"},"content":"                            indentation + \" \" + tasks[list_index] + \"\\n\" +","lastModifiedDate":"2025-08-25T19:37:24","isFullCredit":false},{"lineNumber":48,"author":{"gitId":"yymeiting"},"content":"                            indentation + \"____________________________________________________________\\n\";","lastModifiedDate":"2025-08-25T21:50:12","isFullCredit":false},{"lineNumber":49,"author":{"gitId":"yymeiting"},"content":"                    System.out.println(mark_text);","lastModifiedDate":"2025-08-25T19:37:24","isFullCredit":false},{"lineNumber":50,"author":{"gitId":"yymeiting"},"content":"                }","lastModifiedDate":"2025-08-25T19:37:24","isFullCredit":false},{"lineNumber":51,"author":{"gitId":"yymeiting"},"content":"            }","lastModifiedDate":"2025-08-25T19:37:24","isFullCredit":false},{"lineNumber":52,"author":{"gitId":"yymeiting"},"content":"","lastModifiedDate":"2025-08-25T19:37:24","isFullCredit":false},{"lineNumber":53,"author":{"gitId":"yymeiting"},"content":"            // Unmark task if user input \u003d \"unmark number\"","lastModifiedDate":"2025-08-25T19:37:24","isFullCredit":false},{"lineNumber":54,"author":{"gitId":"yymeiting"},"content":"            else if (input.startsWith(\"unmark \")) {","lastModifiedDate":"2025-08-25T19:37:24","isFullCredit":false},{"lineNumber":55,"author":{"gitId":"yymeiting"},"content":"                int list_index \u003d Integer.parseInt(input.substring(7)) - 1;","lastModifiedDate":"2025-08-25T19:37:24","isFullCredit":false},{"lineNumber":56,"author":{"gitId":"yymeiting"},"content":"                if (list_index \u003e\u003d 0 \u0026\u0026 list_index \u003c t_count) {","lastModifiedDate":"2025-08-25T19:37:24","isFullCredit":false},{"lineNumber":57,"author":{"gitId":"yymeiting"},"content":"                    tasks[list_index].unmark();","lastModifiedDate":"2025-08-25T19:37:24","isFullCredit":false},{"lineNumber":58,"author":{"gitId":"yymeiting"},"content":"                    String unmark_text \u003d \"\\n\" + indentation + \"____________________________________________________________\\n\" +","lastModifiedDate":"2025-08-25T19:37:24","isFullCredit":false},{"lineNumber":59,"author":{"gitId":"yymeiting"},"content":"                            indentation + \" OK, I\u0027ve marked this task as not done yet:\\n\" +","lastModifiedDate":"2025-08-25T19:37:24","isFullCredit":false},{"lineNumber":60,"author":{"gitId":"yymeiting"},"content":"                            indentation + \" \" + tasks[list_index] + \"\\n\" +","lastModifiedDate":"2025-08-25T19:37:24","isFullCredit":false},{"lineNumber":61,"author":{"gitId":"yymeiting"},"content":"                            indentation + \"____________________________________________________________\\n\";","lastModifiedDate":"2025-08-25T21:50:12","isFullCredit":false},{"lineNumber":62,"author":{"gitId":"yymeiting"},"content":"                    System.out.println(unmark_text);","lastModifiedDate":"2025-08-25T19:37:24","isFullCredit":false},{"lineNumber":63,"author":{"gitId":"yymeiting"},"content":"                }","lastModifiedDate":"2025-08-25T19:37:24","isFullCredit":false},{"lineNumber":64,"author":{"gitId":"yymeiting"},"content":"            }","lastModifiedDate":"2025-08-25T19:37:24","isFullCredit":false},{"lineNumber":65,"author":{"gitId":"yymeiting"},"content":"","lastModifiedDate":"2025-08-25T19:37:24","isFullCredit":false},{"lineNumber":66,"author":{"gitId":"yymeiting"},"content":"            // todo task if user input \u003d \"todo\"","lastModifiedDate":"2025-08-25T21:50:12","isFullCredit":false},{"lineNumber":67,"author":{"gitId":"yymeiting"},"content":"            else if (input.startsWith(\"todo \")) {","lastModifiedDate":"2025-08-25T21:50:12","isFullCredit":false},{"lineNumber":68,"author":{"gitId":"yymeiting"},"content":"                String description \u003d input.substring(5).trim();","lastModifiedDate":"2025-08-25T21:50:12","isFullCredit":false},{"lineNumber":69,"author":{"gitId":"yymeiting"},"content":"                tasks[t_count] \u003d new Todo(description);","lastModifiedDate":"2025-08-25T21:50:12","isFullCredit":false},{"lineNumber":70,"author":{"gitId":"yymeiting"},"content":"                t_count +\u003d 1;","lastModifiedDate":"2025-08-25T21:50:12","isFullCredit":false},{"lineNumber":71,"author":{"gitId":"yymeiting"},"content":"            }","lastModifiedDate":"2025-08-25T21:50:12","isFullCredit":false},{"lineNumber":72,"author":{"gitId":"yymeiting"},"content":"","lastModifiedDate":"2025-08-25T21:50:12","isFullCredit":false},{"lineNumber":73,"author":{"gitId":"yymeiting"},"content":"            // deadline task if user input \u003d \"deadline\"","lastModifiedDate":"2025-08-25T21:50:12","isFullCredit":false},{"lineNumber":74,"author":{"gitId":"yymeiting"},"content":"            else if (input.startsWith(\"deadline \")) {","lastModifiedDate":"2025-08-25T21:50:12","isFullCredit":false},{"lineNumber":75,"author":{"gitId":"yymeiting"},"content":"                String[] parts \u003d input.substring(9).split(\"/by\");","lastModifiedDate":"2025-08-25T21:50:12","isFullCredit":false},{"lineNumber":76,"author":{"gitId":"yymeiting"},"content":"                String description \u003d parts[0].trim();","lastModifiedDate":"2025-08-25T21:50:12","isFullCredit":false},{"lineNumber":77,"author":{"gitId":"yymeiting"},"content":"                String by \u003d parts[1].trim();","lastModifiedDate":"2025-08-25T21:50:12","isFullCredit":false},{"lineNumber":78,"author":{"gitId":"yymeiting"},"content":"                tasks[t_count] \u003d new Deadline(description, by);","lastModifiedDate":"2025-08-25T21:50:12","isFullCredit":false},{"lineNumber":79,"author":{"gitId":"yymeiting"},"content":"                t_count +\u003d 1;","lastModifiedDate":"2025-08-25T18:10:59","isFullCredit":false},{"lineNumber":80,"author":{"gitId":"yymeiting"},"content":"            }","lastModifiedDate":"2025-08-25T21:50:12","isFullCredit":false},{"lineNumber":81,"author":{"gitId":"yymeiting"},"content":"","lastModifiedDate":"2025-08-25T21:50:12","isFullCredit":false},{"lineNumber":82,"author":{"gitId":"yymeiting"},"content":"            // deadline task if user input \u003d \"event\"","lastModifiedDate":"2025-08-25T21:50:12","isFullCredit":false},{"lineNumber":83,"author":{"gitId":"yymeiting"},"content":"            else if (input.startsWith(\"event \")) {","lastModifiedDate":"2025-08-25T21:50:12","isFullCredit":false},{"lineNumber":84,"author":{"gitId":"yymeiting"},"content":"                String[] parts \u003d input.substring(6).split(\"/from|/to\");","lastModifiedDate":"2025-08-25T21:50:12","isFullCredit":false},{"lineNumber":85,"author":{"gitId":"yymeiting"},"content":"                String description \u003d parts[0].trim();","lastModifiedDate":"2025-08-25T21:50:12","isFullCredit":false},{"lineNumber":86,"author":{"gitId":"yymeiting"},"content":"                String from \u003d parts[1].trim();","lastModifiedDate":"2025-08-25T21:50:12","isFullCredit":false},{"lineNumber":87,"author":{"gitId":"yymeiting"},"content":"                String to \u003d parts[2].trim();","lastModifiedDate":"2025-08-25T21:50:12","isFullCredit":false},{"lineNumber":88,"author":{"gitId":"yymeiting"},"content":"                tasks[t_count] \u003d new Event(description, from, to);","lastModifiedDate":"2025-08-25T21:50:12","isFullCredit":false},{"lineNumber":89,"author":{"gitId":"yymeiting"},"content":"                t_count +\u003d 1;","lastModifiedDate":"2025-08-25T21:50:12","isFullCredit":false},{"lineNumber":90,"author":{"gitId":"yymeiting"},"content":"            }","lastModifiedDate":"2025-08-25T21:50:12","isFullCredit":false},{"lineNumber":91,"author":{"gitId":"yymeiting"},"content":"","lastModifiedDate":"2025-08-25T18:10:59","isFullCredit":false},{"lineNumber":92,"author":{"gitId":"yymeiting"},"content":"            // Print task after user input","lastModifiedDate":"2025-08-25T21:50:12","isFullCredit":false},{"lineNumber":93,"author":{"gitId":"yymeiting"},"content":"            if (input.startsWith(\"event \") || input.startsWith(\"deadline \") || input.startsWith(\"todo \")) {","lastModifiedDate":"2025-08-25T21:50:12","isFullCredit":false},{"lineNumber":94,"author":{"gitId":"yymeiting"},"content":"                String task_text \u003d  indentation + \"____________________________________________________________\\n\" +","lastModifiedDate":"2025-08-25T21:50:12","isFullCredit":false},{"lineNumber":95,"author":{"gitId":"yymeiting"},"content":"                        indentation + \" Got it. I\u0027ve added this task:\\n\" +","lastModifiedDate":"2025-08-25T21:50:12","isFullCredit":false},{"lineNumber":96,"author":{"gitId":"yymeiting"},"content":"                        indentation + \"   \" + tasks[t_count - 1] + \"\\n\" +","lastModifiedDate":"2025-08-25T21:50:12","isFullCredit":false},{"lineNumber":97,"author":{"gitId":"yymeiting"},"content":"                        indentation + \" Now you have \" + t_count + \" tasks in the list.\\n\" +","lastModifiedDate":"2025-08-25T21:50:12","isFullCredit":false},{"lineNumber":98,"author":{"gitId":"yymeiting"},"content":"                        indentation + \"____________________________________________________________\\n\";","lastModifiedDate":"2025-08-25T17:49:38","isFullCredit":false},{"lineNumber":99,"author":{"gitId":"yymeiting"},"content":"                System.out.println(task_text);","lastModifiedDate":"2025-08-25T21:50:12","isFullCredit":false},{"lineNumber":100,"author":{"gitId":"yymeiting"},"content":"            }","lastModifiedDate":"2025-08-25T17:49:38","isFullCredit":false},{"lineNumber":101,"author":{"gitId":"yymeiting"},"content":"        }","lastModifiedDate":"2025-08-25T18:10:59","isFullCredit":false},{"lineNumber":102,"author":{"gitId":"yymeiting"},"content":"        scanner.close();","lastModifiedDate":"2025-08-25T17:49:38","isFullCredit":false},{"lineNumber":103,"author":{"gitId":"yymeiting"},"content":"    }","lastModifiedDate":"2025-08-25T17:47:28","isFullCredit":false},{"lineNumber":104,"author":{"gitId":"yymeiting"},"content":"}","lastModifiedDate":"2025-08-25T17:47:28","isFullCredit":false}],"authorContributionMap":{"yymeiting":104}},{"path":"src/main/java/Deadline.java","fileType":"java","lines":[{"lineNumber":1,"author":{"gitId":"yymeiting"},"content":"public class Deadline extends Task {","lastModifiedDate":"2025-08-25T21:50:12","isFullCredit":false},{"lineNumber":2,"author":{"gitId":"yymeiting"},"content":"    protected String by;","lastModifiedDate":"2025-08-25T21:50:12","isFullCredit":false},{"lineNumber":3,"author":{"gitId":"yymeiting"},"content":"","lastModifiedDate":"2025-08-25T21:50:12","isFullCredit":false},{"lineNumber":4,"author":{"gitId":"yymeiting"},"content":"    public Deadline(String description, String by) {","lastModifiedDate":"2025-08-25T21:50:12","isFullCredit":false},{"lineNumber":5,"author":{"gitId":"yymeiting"},"content":"        super(description);","lastModifiedDate":"2025-08-25T21:50:12","isFullCredit":false},{"lineNumber":6,"author":{"gitId":"yymeiting"},"content":"        this.by \u003d by;","lastModifiedDate":"2025-08-25T21:50:12","isFullCredit":false},{"lineNumber":7,"author":{"gitId":"yymeiting"},"content":"    }","lastModifiedDate":"2025-08-25T21:50:12","isFullCredit":false},{"lineNumber":8,"author":{"gitId":"yymeiting"},"content":"","lastModifiedDate":"2025-08-25T21:50:12","isFullCredit":false},{"lineNumber":9,"author":{"gitId":"yymeiting"},"content":"    @Override","lastModifiedDate":"2025-08-25T21:50:12","isFullCredit":false},{"lineNumber":10,"author":{"gitId":"yymeiting"},"content":"    public String toString() {","lastModifiedDate":"2025-08-25T21:50:12","isFullCredit":false},{"lineNumber":11,"author":{"gitId":"yymeiting"},"content":"        return \"[D]\" + super.toString() + \" (by: \" + by + \")\";","lastModifiedDate":"2025-08-25T21:50:12","isFullCredit":false},{"lineNumber":12,"author":{"gitId":"yymeiting"},"content":"    }","lastModifiedDate":"2025-08-25T21:50:12","isFullCredit":false},{"lineNumber":13,"author":{"gitId":"yymeiting"},"content":"","lastModifiedDate":"2025-08-25T21:50:12","isFullCredit":false},{"lineNumber":14,"author":{"gitId":"yymeiting"},"content":"}","lastModifiedDate":"2025-08-25T21:50:12","isFullCredit":false}],"authorContributionMap":{"yymeiting":14}},{"path":"src/main/java/Event.java","fileType":"java","lines":[{"lineNumber":1,"author":{"gitId":"yymeiting"},"content":"public class Event extends Task {","lastModifiedDate":"2025-08-25T21:50:12","isFullCredit":false},{"lineNumber":2,"author":{"gitId":"yymeiting"},"content":"    protected String from;","lastModifiedDate":"2025-08-25T21:50:12","isFullCredit":false},{"lineNumber":3,"author":{"gitId":"yymeiting"},"content":"    protected String to;","lastModifiedDate":"2025-08-25T21:50:12","isFullCredit":false},{"lineNumber":4,"author":{"gitId":"yymeiting"},"content":"","lastModifiedDate":"2025-08-25T21:50:12","isFullCredit":false},{"lineNumber":5,"author":{"gitId":"yymeiting"},"content":"    public Event (String description, String from, String to) {","lastModifiedDate":"2025-08-25T21:50:12","isFullCredit":false},{"lineNumber":6,"author":{"gitId":"yymeiting"},"content":"        super(description);","lastModifiedDate":"2025-08-25T21:50:12","isFullCredit":false},{"lineNumber":7,"author":{"gitId":"yymeiting"},"content":"        this.from \u003d from;","lastModifiedDate":"2025-08-25T21:50:12","isFullCredit":false},{"lineNumber":8,"author":{"gitId":"yymeiting"},"content":"        this.to \u003d to;","lastModifiedDate":"2025-08-25T21:50:12","isFullCredit":false},{"lineNumber":9,"author":{"gitId":"yymeiting"},"content":"    }","lastModifiedDate":"2025-08-25T21:50:12","isFullCredit":false},{"lineNumber":10,"author":{"gitId":"yymeiting"},"content":"","lastModifiedDate":"2025-08-25T21:50:12","isFullCredit":false},{"lineNumber":11,"author":{"gitId":"yymeiting"},"content":"    @Override","lastModifiedDate":"2025-08-25T21:50:12","isFullCredit":false},{"lineNumber":12,"author":{"gitId":"yymeiting"},"content":"    public String toString () {","lastModifiedDate":"2025-08-25T21:50:12","isFullCredit":false},{"lineNumber":13,"author":{"gitId":"yymeiting"},"content":"        return \"[E]\" + super.toString() + \" (from: \" + from + \" to: \" + to +\")\";","lastModifiedDate":"2025-08-25T21:50:12","isFullCredit":false},{"lineNumber":14,"author":{"gitId":"yymeiting"},"content":"    }","lastModifiedDate":"2025-08-25T21:50:12","isFullCredit":false},{"lineNumber":15,"author":{"gitId":"yymeiting"},"content":"}","lastModifiedDate":"2025-08-25T21:50:12","isFullCredit":false}],"authorContributionMap":{"yymeiting":15}},{"path":"src/main/java/Task.java","fileType":"java","lines":[{"lineNumber":1,"author":{"gitId":"yymeiting"},"content":"public class Task {","lastModifiedDate":"2025-08-25T19:37:24","isFullCredit":false},{"lineNumber":2,"author":{"gitId":"yymeiting"},"content":"    protected String description;","lastModifiedDate":"2025-08-25T19:37:24","isFullCredit":false},{"lineNumber":3,"author":{"gitId":"yymeiting"},"content":"    protected boolean isDone;","lastModifiedDate":"2025-08-25T19:37:24","isFullCredit":false},{"lineNumber":4,"author":{"gitId":"yymeiting"},"content":"","lastModifiedDate":"2025-08-25T19:37:24","isFullCredit":false},{"lineNumber":5,"author":{"gitId":"yymeiting"},"content":"    public Task(String description) {","lastModifiedDate":"2025-08-25T19:37:24","isFullCredit":false},{"lineNumber":6,"author":{"gitId":"yymeiting"},"content":"        this.description \u003d description;","lastModifiedDate":"2025-08-25T19:37:24","isFullCredit":false},{"lineNumber":7,"author":{"gitId":"yymeiting"},"content":"        this.isDone \u003d false;","lastModifiedDate":"2025-08-25T19:37:24","isFullCredit":false},{"lineNumber":8,"author":{"gitId":"yymeiting"},"content":"    }","lastModifiedDate":"2025-08-25T19:37:24","isFullCredit":false},{"lineNumber":9,"author":{"gitId":"yymeiting"},"content":"","lastModifiedDate":"2025-08-25T19:37:24","isFullCredit":false},{"lineNumber":10,"author":{"gitId":"yymeiting"},"content":"    public String getStatusIcon() {","lastModifiedDate":"2025-08-25T19:37:24","isFullCredit":false},{"lineNumber":11,"author":{"gitId":"yymeiting"},"content":"        return (isDone ? \"X\" : \" \");","lastModifiedDate":"2025-08-25T19:37:24","isFullCredit":false},{"lineNumber":12,"author":{"gitId":"yymeiting"},"content":"    }","lastModifiedDate":"2025-08-25T19:37:24","isFullCredit":false},{"lineNumber":13,"author":{"gitId":"yymeiting"},"content":"","lastModifiedDate":"2025-08-25T19:37:24","isFullCredit":false},{"lineNumber":14,"author":{"gitId":"yymeiting"},"content":"    public void mark() {","lastModifiedDate":"2025-08-25T19:37:24","isFullCredit":false},{"lineNumber":15,"author":{"gitId":"yymeiting"},"content":"        this.isDone \u003d true;","lastModifiedDate":"2025-08-25T19:37:24","isFullCredit":false},{"lineNumber":16,"author":{"gitId":"yymeiting"},"content":"    }","lastModifiedDate":"2025-08-25T19:37:24","isFullCredit":false},{"lineNumber":17,"author":{"gitId":"yymeiting"},"content":"","lastModifiedDate":"2025-08-25T19:37:24","isFullCredit":false},{"lineNumber":18,"author":{"gitId":"yymeiting"},"content":"    public void unmark() {","lastModifiedDate":"2025-08-25T19:37:24","isFullCredit":false},{"lineNumber":19,"author":{"gitId":"yymeiting"},"content":"        this.isDone \u003d false;","lastModifiedDate":"2025-08-25T19:37:24","isFullCredit":false},{"lineNumber":20,"author":{"gitId":"yymeiting"},"content":"    }","lastModifiedDate":"2025-08-25T19:37:24","isFullCredit":false},{"lineNumber":21,"author":{"gitId":"yymeiting"},"content":"","lastModifiedDate":"2025-08-25T19:37:24","isFullCredit":false},{"lineNumber":22,"author":{"gitId":"yymeiting"},"content":"    public String toString() {","lastModifiedDate":"2025-08-25T19:37:24","isFullCredit":false},{"lineNumber":23,"author":{"gitId":"yymeiting"},"content":"        return \"[\" + getStatusIcon() + \"] \" + description;","lastModifiedDate":"2025-08-25T19:37:24","isFullCredit":false},{"lineNumber":24,"author":{"gitId":"yymeiting"},"content":"    }","lastModifiedDate":"2025-08-25T19:37:24","isFullCredit":false},{"lineNumber":25,"author":{"gitId":"yymeiting"},"content":"}","lastModifiedDate":"2025-08-25T19:37:24","isFullCredit":false}],"authorContributionMap":{"yymeiting":25}},{"path":"src/main/java/Todo.java","fileType":"java","lines":[{"lineNumber":1,"author":{"gitId":"yymeiting"},"content":"public class Todo extends Task {","lastModifiedDate":"2025-08-25T21:50:12","isFullCredit":false},{"lineNumber":2,"author":{"gitId":"yymeiting"},"content":"    public Todo(String description) {","lastModifiedDate":"2025-08-25T21:50:12","isFullCredit":false},{"lineNumber":3,"author":{"gitId":"yymeiting"},"content":"        super(description);","lastModifiedDate":"2025-08-25T21:50:12","isFullCredit":false},{"lineNumber":4,"author":{"gitId":"yymeiting"},"content":"    }","lastModifiedDate":"2025-08-25T21:50:12","isFullCredit":false},{"lineNumber":5,"author":{"gitId":"yymeiting"},"content":"","lastModifiedDate":"2025-08-25T21:50:12","isFullCredit":false},{"lineNumber":6,"author":{"gitId":"yymeiting"},"content":"    @Override","lastModifiedDate":"2025-08-25T21:50:12","isFullCredit":false},{"lineNumber":7,"author":{"gitId":"yymeiting"},"content":"    public String toString() {","lastModifiedDate":"2025-08-25T21:50:12","isFullCredit":false},{"lineNumber":8,"author":{"gitId":"yymeiting"},"content":"        return \"[T]\" + super.toString();","lastModifiedDate":"2025-08-25T21:50:12","isFullCredit":false},{"lineNumber":9,"author":{"gitId":"yymeiting"},"content":"    }","lastModifiedDate":"2025-08-25T21:50:12","isFullCredit":false},{"lineNumber":10,"author":{"gitId":"yymeiting"},"content":"}","lastModifiedDate":"2025-08-25T21:50:12","isFullCredit":false}],"authorContributionMap":{"yymeiting":10}},{"path":"text-ui-test/input.txt","fileType":"txt","lines":[{"lineNumber":1,"author":{"gitId":"yymeiting"},"content":"todo borrow book","lastModifiedDate":"2025-08-25T22:20:28","isFullCredit":false},{"lineNumber":2,"author":{"gitId":"yymeiting"},"content":"deadline return book /by Sunday","lastModifiedDate":"2025-08-25T22:20:28","isFullCredit":false},{"lineNumber":3,"author":{"gitId":"yymeiting"},"content":"event project meeting /from Mon 2pm /to 4pm","lastModifiedDate":"2025-08-25T22:20:28","isFullCredit":false},{"lineNumber":4,"author":{"gitId":"yymeiting"},"content":"list","lastModifiedDate":"2025-08-25T22:20:28","isFullCredit":false},{"lineNumber":5,"author":{"gitId":"yymeiting"},"content":"bye","lastModifiedDate":"2025-08-25T22:20:28","isFullCredit":false}],"authorContributionMap":{"yymeiting":5}},{"path":"text-ui-test/runtest.bat","fileType":"bat","lines":[{"lineNumber":1,"author":{"gitId":"-"},"content":"@ECHO OFF","lastModifiedDate":"2020-05-25T00:03:55","isFullCredit":false},{"lineNumber":2,"author":{"gitId":"-"},"content":"","lastModifiedDate":"2020-05-25T00:03:55","isFullCredit":false},{"lineNumber":3,"author":{"gitId":"-"},"content":"REM create bin directory if it doesn\u0027t exist","lastModifiedDate":"2020-05-25T00:03:55","isFullCredit":false},{"lineNumber":4,"author":{"gitId":"-"},"content":"if not exist ..\\bin mkdir ..\\bin","lastModifiedDate":"2020-05-25T00:03:55","isFullCredit":false},{"lineNumber":5,"author":{"gitId":"-"},"content":"","lastModifiedDate":"2020-05-25T00:03:55","isFullCredit":false},{"lineNumber":6,"author":{"gitId":"-"},"content":"REM delete output from previous run","lastModifiedDate":"2020-05-25T00:03:55","isFullCredit":false},{"lineNumber":7,"author":{"gitId":"-"},"content":"if exist ACTUAL.TXT del ACTUAL.TXT","lastModifiedDate":"2020-08-25T17:23:26","isFullCredit":false},{"lineNumber":8,"author":{"gitId":"-"},"content":"","lastModifiedDate":"2020-05-25T00:03:55","isFullCredit":false},{"lineNumber":9,"author":{"gitId":"-"},"content":"REM compile the code into the bin folder","lastModifiedDate":"2020-05-25T00:03:55","isFullCredit":false},{"lineNumber":10,"author":{"gitId":"-"},"content":"javac  -cp ..\\src\\main\\java -Xlint:none -d ..\\bin ..\\src\\main\\java\\*.java","lastModifiedDate":"2020-08-25T17:23:26","isFullCredit":false},{"lineNumber":11,"author":{"gitId":"-"},"content":"IF ERRORLEVEL 1 (","lastModifiedDate":"2020-05-25T00:03:55","isFullCredit":false},{"lineNumber":12,"author":{"gitId":"-"},"content":"    echo ********** BUILD FAILURE **********","lastModifiedDate":"2020-05-25T00:03:55","isFullCredit":false},{"lineNumber":13,"author":{"gitId":"-"},"content":"    exit /b 1","lastModifiedDate":"2020-05-25T00:03:55","isFullCredit":false},{"lineNumber":14,"author":{"gitId":"-"},"content":")","lastModifiedDate":"2020-05-25T00:03:55","isFullCredit":false},{"lineNumber":15,"author":{"gitId":"-"},"content":"REM no error here, errorlevel \u003d\u003d 0","lastModifiedDate":"2020-05-25T00:03:55","isFullCredit":false},{"lineNumber":16,"author":{"gitId":"-"},"content":"","lastModifiedDate":"2020-05-25T00:03:55","isFullCredit":false},{"lineNumber":17,"author":{"gitId":"-"},"content":"REM run the program, feed commands from input.txt file and redirect the output to the ACTUAL.TXT","lastModifiedDate":"2020-05-25T00:03:55","isFullCredit":false},{"lineNumber":18,"author":{"gitId":"yymeiting"},"content":"java -classpath ..\\bin CuteOwl \u003c input.txt \u003e ACTUAL.TXT","lastModifiedDate":"2025-08-25T22:20:28","isFullCredit":false},{"lineNumber":19,"author":{"gitId":"-"},"content":"","lastModifiedDate":"2020-05-25T00:03:55","isFullCredit":false},{"lineNumber":20,"author":{"gitId":"-"},"content":"REM compare the output to the expected output","lastModifiedDate":"2020-05-25T00:03:55","isFullCredit":false},{"lineNumber":21,"author":{"gitId":"-"},"content":"FC ACTUAL.TXT EXPECTED.TXT","lastModifiedDate":"2020-05-25T00:03:55","isFullCredit":false}],"authorContributionMap":{"yymeiting":1,"-":20}},{"path":"text-ui-test/runtest.sh","fileType":"sh","lines":[{"lineNumber":1,"author":{"gitId":"-"},"content":"#!/usr/bin/env bash","lastModifiedDate":"2020-05-25T00:03:55","isFullCredit":false},{"lineNumber":2,"author":{"gitId":"-"},"content":"","lastModifiedDate":"2020-05-25T00:03:55","isFullCredit":false},{"lineNumber":3,"author":{"gitId":"-"},"content":"# create bin directory if it doesn\u0027t exist","lastModifiedDate":"2020-05-25T00:03:55","isFullCredit":false},{"lineNumber":4,"author":{"gitId":"-"},"content":"if [ ! -d \"../bin\" ]","lastModifiedDate":"2020-05-25T00:03:55","isFullCredit":false},{"lineNumber":5,"author":{"gitId":"-"},"content":"then","lastModifiedDate":"2020-05-25T00:03:55","isFullCredit":false},{"lineNumber":6,"author":{"gitId":"-"},"content":"    mkdir ../bin","lastModifiedDate":"2020-05-25T00:03:55","isFullCredit":false},{"lineNumber":7,"author":{"gitId":"-"},"content":"fi","lastModifiedDate":"2020-05-25T00:03:55","isFullCredit":false},{"lineNumber":8,"author":{"gitId":"-"},"content":"","lastModifiedDate":"2020-05-25T00:03:55","isFullCredit":false},{"lineNumber":9,"author":{"gitId":"-"},"content":"# delete output from previous run","lastModifiedDate":"2020-05-25T00:03:55","isFullCredit":false},{"lineNumber":10,"author":{"gitId":"-"},"content":"if [ -e \"./ACTUAL.TXT\" ]","lastModifiedDate":"2020-05-25T00:03:55","isFullCredit":false},{"lineNumber":11,"author":{"gitId":"-"},"content":"then","lastModifiedDate":"2020-05-25T00:03:55","isFullCredit":false},{"lineNumber":12,"author":{"gitId":"-"},"content":"    rm ACTUAL.TXT","lastModifiedDate":"2020-05-25T00:03:55","isFullCredit":false},{"lineNumber":13,"author":{"gitId":"-"},"content":"fi","lastModifiedDate":"2020-05-25T00:03:55","isFullCredit":false},{"lineNumber":14,"author":{"gitId":"-"},"content":"","lastModifiedDate":"2020-05-25T00:03:55","isFullCredit":false},{"lineNumber":15,"author":{"gitId":"-"},"content":"# compile the code into the bin folder, terminates if error occurred","lastModifiedDate":"2020-05-25T00:03:55","isFullCredit":false},{"lineNumber":16,"author":{"gitId":"-"},"content":"if ! javac -cp ../src/main/java -Xlint:none -d ../bin ../src/main/java/*.java","lastModifiedDate":"2020-08-25T17:23:26","isFullCredit":false},{"lineNumber":17,"author":{"gitId":"-"},"content":"then","lastModifiedDate":"2020-05-25T00:03:55","isFullCredit":false},{"lineNumber":18,"author":{"gitId":"-"},"content":"    echo \"********** BUILD FAILURE **********\"","lastModifiedDate":"2020-05-25T00:03:55","isFullCredit":false},{"lineNumber":19,"author":{"gitId":"-"},"content":"    exit 1","lastModifiedDate":"2020-05-25T00:03:55","isFullCredit":false},{"lineNumber":20,"author":{"gitId":"-"},"content":"fi","lastModifiedDate":"2020-05-25T00:03:55","isFullCredit":false},{"lineNumber":21,"author":{"gitId":"-"},"content":"","lastModifiedDate":"2020-05-25T00:03:55","isFullCredit":false},{"lineNumber":22,"author":{"gitId":"-"},"content":"# run the program, feed commands from input.txt file and redirect the output to the ACTUAL.TXT","lastModifiedDate":"2020-05-25T00:03:55","isFullCredit":false},{"lineNumber":23,"author":{"gitId":"yymeiting"},"content":"java -classpath ../bin CuteOwl \u003c input.txt \u003e ACTUAL.TXT","lastModifiedDate":"2025-08-25T22:20:28","isFullCredit":false},{"lineNumber":24,"author":{"gitId":"-"},"content":"","lastModifiedDate":"2020-05-25T00:03:55","isFullCredit":false},{"lineNumber":25,"author":{"gitId":"-"},"content":"# convert to UNIX format","lastModifiedDate":"2020-05-25T00:03:55","isFullCredit":false},{"lineNumber":26,"author":{"gitId":"-"},"content":"cp EXPECTED.TXT EXPECTED-UNIX.TXT","lastModifiedDate":"2020-05-25T00:03:55","isFullCredit":false},{"lineNumber":27,"author":{"gitId":"-"},"content":"dos2unix ACTUAL.TXT EXPECTED-UNIX.TXT","lastModifiedDate":"2020-05-25T00:03:55","isFullCredit":false},{"lineNumber":28,"author":{"gitId":"-"},"content":"","lastModifiedDate":"2020-05-25T00:03:55","isFullCredit":false},{"lineNumber":29,"author":{"gitId":"-"},"content":"# compare the output to the expected output","lastModifiedDate":"2020-05-25T00:03:55","isFullCredit":false},{"lineNumber":30,"author":{"gitId":"-"},"content":"diff ACTUAL.TXT EXPECTED-UNIX.TXT","lastModifiedDate":"2020-05-25T00:03:55","isFullCredit":false},{"lineNumber":31,"author":{"gitId":"-"},"content":"if [ $? -eq 0 ]","lastModifiedDate":"2020-05-25T00:03:55","isFullCredit":false},{"lineNumber":32,"author":{"gitId":"-"},"content":"then","lastModifiedDate":"2020-05-25T00:03:55","isFullCredit":false},{"lineNumber":33,"author":{"gitId":"-"},"content":"    echo \"Test result: PASSED\"","lastModifiedDate":"2020-05-25T00:03:55","isFullCredit":false},{"lineNumber":34,"author":{"gitId":"-"},"content":"    exit 0","lastModifiedDate":"2020-05-25T00:03:55","isFullCredit":false},{"lineNumber":35,"author":{"gitId":"-"},"content":"else","lastModifiedDate":"2020-05-25T00:03:55","isFullCredit":false},{"lineNumber":36,"author":{"gitId":"-"},"content":"    echo \"Test result: FAILED\"","lastModifiedDate":"2020-05-25T00:03:55","isFullCredit":false},{"lineNumber":37,"author":{"gitId":"-"},"content":"    exit 1","lastModifiedDate":"2020-05-25T00:03:55","isFullCredit":false},{"lineNumber":38,"author":{"gitId":"-"},"content":"fi","lastModifiedDate":"2020-05-25T00:03:55","isFullCredit":false}],"authorContributionMap":{"yymeiting":1,"-":37}}]
