{"authorDailyContributionsMap":{"Chrogain":[{"date":"2025-08-21T00:00:00","commitResults":[{"hash":"0b22cdaef2e1578b2363b366adc2ba91a5bc06d4","isMergeCommit":false,"messageTitle":"Level-0: Change Duke.java to Mel.java and add new message","messageBody":"","tags":["Level-0"],"fileTypesAndContributionMap":{"java":{"insertions":11,"deletions":10}}},{"hash":"21d68ed7758cc3effb3680bf77101b60046c6370","isMergeCommit":false,"messageTitle":"Changed line into a constant","messageBody":"","fileTypesAndContributionMap":{"java":{"insertions":4,"deletions":3}}}]},{"date":"2025-08-22T00:00:00","commitResults":[{"hash":"e12c0174be6eb88bc8cc402ffa046f2d9a1c7149","isMergeCommit":false,"messageTitle":"Level 1. Echo. Echos the users command and exits with bye","messageBody":"","tags":["Level-1"],"fileTypesAndContributionMap":{"java":{"insertions":18,"deletions":2}}}]}]},"authorFileTypeContributionMap":{"Chrogain":{"java":28,"md":0,"fxml":0,"sh":0,"bat":0,"gradle":0,"txt":0}},"authorContributionVariance":{"Chrogain":68.69333},"authorDisplayNameMap":{"Chrogain":"TAN ..IDAN"}}
