[{"path":"README.md","fileType":"md","lines":[{"lineNumber":1,"author":{"gitId":"BrandonnLow"},"content":"# Pingpong project template","lastModifiedDate":"2025-08-15T00:52:55","isFullCredit":false},{"lineNumber":2,"author":{"gitId":"-"},"content":"","lastModifiedDate":"2020-05-25T00:03:55","isFullCredit":false},{"lineNumber":3,"author":{"gitId":"-"},"content":"This is a project template for a greenfield Java project. It\u0027s named after the Java mascot _Duke_. Given below are instructions on how to use it.","lastModifiedDate":"2020-05-25T00:03:55","isFullCredit":false},{"lineNumber":4,"author":{"gitId":"-"},"content":"","lastModifiedDate":"2020-05-25T00:03:55","isFullCredit":false},{"lineNumber":5,"author":{"gitId":"-"},"content":"## Setting up in Intellij","lastModifiedDate":"2020-05-25T00:03:55","isFullCredit":false},{"lineNumber":6,"author":{"gitId":"-"},"content":"","lastModifiedDate":"2020-05-25T00:03:55","isFullCredit":false},{"lineNumber":7,"author":{"gitId":"-"},"content":"Prerequisites: JDK 17, update Intellij to the most recent version.","lastModifiedDate":"2024-07-11T16:50:14","isFullCredit":false},{"lineNumber":8,"author":{"gitId":"-"},"content":"","lastModifiedDate":"2020-05-25T00:03:55","isFullCredit":false},{"lineNumber":9,"author":{"gitId":"-"},"content":"1. Open Intellij (if you are not in the welcome screen, click `File` \u003e `Close Project` to close the existing project first)","lastModifiedDate":"2021-01-17T12:25:53","isFullCredit":false},{"lineNumber":10,"author":{"gitId":"-"},"content":"1. Open the project into Intellij as follows:","lastModifiedDate":"2021-01-17T12:25:53","isFullCredit":false},{"lineNumber":11,"author":{"gitId":"-"},"content":"   1. Click `Open`.","lastModifiedDate":"2021-01-17T12:25:53","isFullCredit":false},{"lineNumber":12,"author":{"gitId":"-"},"content":"   1. Select the project directory, and click `OK`.","lastModifiedDate":"2021-01-17T12:25:53","isFullCredit":false},{"lineNumber":13,"author":{"gitId":"-"},"content":"   1. If there are any further prompts, accept the defaults.","lastModifiedDate":"2020-05-25T00:03:55","isFullCredit":false},{"lineNumber":14,"author":{"gitId":"-"},"content":"1. Configure the project to use **JDK 17** (not other versions) as explained in [here](https://www.jetbrains.com/help/idea/sdk.html#set-up-jdk).\u003cbr\u003e","lastModifiedDate":"2024-07-11T16:50:14","isFullCredit":false},{"lineNumber":15,"author":{"gitId":"-"},"content":"   In the same dialog, set the **Project language level** field to the `SDK default` option.","lastModifiedDate":"2021-07-29T20:29:39","isFullCredit":false},{"lineNumber":16,"author":{"gitId":"-"},"content":"1. After that, locate the `src/main/java/Duke.java` file, right-click it, and choose `Run Duke.main()` (if the code editor is showing compile errors, try restarting the IDE). If the setup is correct, you should see something like the below as the output:","lastModifiedDate":"2025-01-04T21:45:23","isFullCredit":false},{"lineNumber":17,"author":{"gitId":"-"},"content":"   ```","lastModifiedDate":"2020-05-25T00:03:55","isFullCredit":false},{"lineNumber":18,"author":{"gitId":"-"},"content":"   Hello from","lastModifiedDate":"2020-05-25T00:03:55","isFullCredit":false},{"lineNumber":19,"author":{"gitId":"-"},"content":"    ____        _        ","lastModifiedDate":"2020-05-25T00:03:55","isFullCredit":false},{"lineNumber":20,"author":{"gitId":"-"},"content":"   |  _ \\ _   _| | _____ ","lastModifiedDate":"2020-05-25T00:03:55","isFullCredit":false},{"lineNumber":21,"author":{"gitId":"-"},"content":"   | | | | | | | |/ / _ \\","lastModifiedDate":"2020-05-25T00:03:55","isFullCredit":false},{"lineNumber":22,"author":{"gitId":"-"},"content":"   | |_| | |_| |   \u003c  __/","lastModifiedDate":"2020-05-25T00:03:55","isFullCredit":false},{"lineNumber":23,"author":{"gitId":"-"},"content":"   |____/ \\__,_|_|\\_\\___|","lastModifiedDate":"2020-05-25T00:03:55","isFullCredit":false},{"lineNumber":24,"author":{"gitId":"-"},"content":"   ```","lastModifiedDate":"2020-05-25T00:03:55","isFullCredit":false},{"lineNumber":25,"author":{"gitId":"-"},"content":"","lastModifiedDate":"2025-01-04T21:44:28","isFullCredit":false},{"lineNumber":26,"author":{"gitId":"-"},"content":"**Warning:** Keep the `src\\main\\java` folder as the root folder for Java files (i.e., don\u0027t rename those folders or move Java files to another folder outside of this folder path), as this is the default location some tools (e.g., Gradle) expect to find Java files.","lastModifiedDate":"2025-01-04T21:44:28","isFullCredit":false}],"authorContributionMap":{"BrandonnLow":1,"-":25}},{"path":"docs/README.md","fileType":"md","lines":[{"lineNumber":1,"author":{"gitId":"BrandonnLow"},"content":"# Pingpong User Guide","lastModifiedDate":"2025-08-15T00:52:55","isFullCredit":false},{"lineNumber":2,"author":{"gitId":"-"},"content":"","lastModifiedDate":"2019-07-29T17:14:46","isFullCredit":false},{"lineNumber":3,"author":{"gitId":"-"},"content":"// Update the title above to match the actual product name","lastModifiedDate":"2024-01-07T18:33:52","isFullCredit":false},{"lineNumber":4,"author":{"gitId":"-"},"content":"","lastModifiedDate":"2019-07-29T17:14:46","isFullCredit":false},{"lineNumber":5,"author":{"gitId":"-"},"content":"// Product screenshot goes here","lastModifiedDate":"2024-01-07T18:33:52","isFullCredit":false},{"lineNumber":6,"author":{"gitId":"-"},"content":"","lastModifiedDate":"2021-07-17T16:49:07","isFullCredit":false},{"lineNumber":7,"author":{"gitId":"-"},"content":"// Product intro goes here","lastModifiedDate":"2024-01-07T18:33:52","isFullCredit":false},{"lineNumber":8,"author":{"gitId":"-"},"content":"","lastModifiedDate":"2021-07-17T16:49:07","isFullCredit":false},{"lineNumber":9,"author":{"gitId":"-"},"content":"## Adding deadlines","lastModifiedDate":"2024-01-07T18:33:52","isFullCredit":false},{"lineNumber":10,"author":{"gitId":"-"},"content":"","lastModifiedDate":"2021-07-17T16:49:07","isFullCredit":false},{"lineNumber":11,"author":{"gitId":"-"},"content":"// Describe the action and its outcome.","lastModifiedDate":"2024-01-07T18:33:52","isFullCredit":false},{"lineNumber":12,"author":{"gitId":"-"},"content":"","lastModifiedDate":"2019-07-29T17:14:46","isFullCredit":false},{"lineNumber":13,"author":{"gitId":"-"},"content":"// Give examples of usage","lastModifiedDate":"2024-01-07T18:33:52","isFullCredit":false},{"lineNumber":14,"author":{"gitId":"-"},"content":"","lastModifiedDate":"2019-07-29T17:14:46","isFullCredit":false},{"lineNumber":15,"author":{"gitId":"-"},"content":"Example: `keyword (optional arguments)`","lastModifiedDate":"2024-01-07T18:33:52","isFullCredit":false},{"lineNumber":16,"author":{"gitId":"-"},"content":"","lastModifiedDate":"2019-07-29T17:14:46","isFullCredit":false},{"lineNumber":17,"author":{"gitId":"-"},"content":"// A description of the expected outcome goes here","lastModifiedDate":"2024-01-07T18:33:52","isFullCredit":false},{"lineNumber":18,"author":{"gitId":"-"},"content":"","lastModifiedDate":"2019-07-29T17:14:46","isFullCredit":false},{"lineNumber":19,"author":{"gitId":"-"},"content":"```","lastModifiedDate":"2024-01-07T18:33:52","isFullCredit":false},{"lineNumber":20,"author":{"gitId":"-"},"content":"expected output","lastModifiedDate":"2024-01-07T18:33:52","isFullCredit":false},{"lineNumber":21,"author":{"gitId":"-"},"content":"```","lastModifiedDate":"2024-01-07T18:33:52","isFullCredit":false},{"lineNumber":22,"author":{"gitId":"-"},"content":"","lastModifiedDate":"2019-07-29T17:14:46","isFullCredit":false},{"lineNumber":23,"author":{"gitId":"-"},"content":"## Feature ABC","lastModifiedDate":"2024-01-07T18:33:52","isFullCredit":false},{"lineNumber":24,"author":{"gitId":"-"},"content":"","lastModifiedDate":"2019-07-29T17:14:46","isFullCredit":false},{"lineNumber":25,"author":{"gitId":"-"},"content":"// Feature details","lastModifiedDate":"2024-01-07T18:33:52","isFullCredit":false},{"lineNumber":26,"author":{"gitId":"-"},"content":"","lastModifiedDate":"2019-07-29T17:14:46","isFullCredit":false},{"lineNumber":27,"author":{"gitId":"-"},"content":"","lastModifiedDate":"2021-07-17T16:49:07","isFullCredit":false},{"lineNumber":28,"author":{"gitId":"-"},"content":"## Feature XYZ","lastModifiedDate":"2024-01-07T18:33:52","isFullCredit":false},{"lineNumber":29,"author":{"gitId":"-"},"content":"","lastModifiedDate":"2024-01-07T18:33:52","isFullCredit":false},{"lineNumber":30,"author":{"gitId":"-"},"content":"// Feature details","lastModifiedDate":"2024-01-07T18:33:52","isFullCredit":false}],"authorContributionMap":{"BrandonnLow":1,"-":29}},{"path":"text-ui-test/input.txt","fileType":"txt","lines":[{"lineNumber":1,"author":{"gitId":"BrandonnLow"},"content":"todo read book","lastModifiedDate":"2025-08-18T19:47:36","isFullCredit":false},{"lineNumber":2,"author":{"gitId":"BrandonnLow"},"content":"deadline submit report /by 2019-12-02","lastModifiedDate":"2025-08-24T15:51:40","isFullCredit":false},{"lineNumber":3,"author":{"gitId":"BrandonnLow"},"content":"event team meeting /from 2019-12-15 1400 /to 2019-12-15 1600","lastModifiedDate":"2025-08-24T15:51:40","isFullCredit":false},{"lineNumber":4,"author":{"gitId":"BrandonnLow"},"content":"list","lastModifiedDate":"2025-08-18T19:47:36","isFullCredit":false},{"lineNumber":5,"author":{"gitId":"BrandonnLow"},"content":"mark 2","lastModifiedDate":"2025-08-24T15:51:40","isFullCredit":false},{"lineNumber":6,"author":{"gitId":"BrandonnLow"},"content":"list","lastModifiedDate":"2025-08-18T19:47:36","isFullCredit":false},{"lineNumber":7,"author":{"gitId":"BrandonnLow"},"content":"deadline return book /by 2019-12-02","lastModifiedDate":"2025-08-24T15:51:40","isFullCredit":false},{"lineNumber":8,"author":{"gitId":"BrandonnLow"},"content":"event project presentation /from 2019-12-02 1000 /to 2019-12-02 1200","lastModifiedDate":"2025-08-24T15:51:40","isFullCredit":false},{"lineNumber":9,"author":{"gitId":"BrandonnLow"},"content":"list","lastModifiedDate":"2025-08-18T19:47:36","isFullCredit":false},{"lineNumber":10,"author":{"gitId":"BrandonnLow"},"content":"find 2019-12-02","lastModifiedDate":"2025-08-24T15:51:40","isFullCredit":false},{"lineNumber":11,"author":{"gitId":"BrandonnLow"},"content":"find 2019-12-15","lastModifiedDate":"2025-08-24T15:51:40","isFullCredit":false},{"lineNumber":12,"author":{"gitId":"BrandonnLow"},"content":"find 2019-12-01","lastModifiedDate":"2025-08-24T15:51:40","isFullCredit":false},{"lineNumber":13,"author":{"gitId":"BrandonnLow"},"content":"unmark 2","lastModifiedDate":"2025-08-24T15:51:40","isFullCredit":false},{"lineNumber":14,"author":{"gitId":"BrandonnLow"},"content":"delete 4","lastModifiedDate":"2025-08-24T15:51:40","isFullCredit":false},{"lineNumber":15,"author":{"gitId":"BrandonnLow"},"content":"list","lastModifiedDate":"2025-08-18T19:47:36","isFullCredit":false},{"lineNumber":16,"author":{"gitId":"BrandonnLow"},"content":"todo another task","lastModifiedDate":"2025-08-24T15:51:40","isFullCredit":false},{"lineNumber":17,"author":{"gitId":"BrandonnLow"},"content":"deadline invalid date test /by 2019-13-45","lastModifiedDate":"2025-08-24T15:51:40","isFullCredit":false},{"lineNumber":18,"author":{"gitId":"BrandonnLow"},"content":"deadline valid date test /by 2024-01-15","lastModifiedDate":"2025-08-24T15:51:40","isFullCredit":false},{"lineNumber":19,"author":{"gitId":"BrandonnLow"},"content":"event invalid time test /from 2019-12-02 2500 /to 2019-12-02 1800","lastModifiedDate":"2025-08-24T15:51:40","isFullCredit":false},{"lineNumber":20,"author":{"gitId":"BrandonnLow"},"content":"event valid time test /from 2024-01-15 0900 /to 2024-01-15 1700","lastModifiedDate":"2025-08-24T15:51:40","isFullCredit":false},{"lineNumber":21,"author":{"gitId":"BrandonnLow"},"content":"list","lastModifiedDate":"2025-08-18T19:47:36","isFullCredit":false},{"lineNumber":22,"author":{"gitId":"BrandonnLow"},"content":"find 2024-01-15","lastModifiedDate":"2025-08-24T15:51:40","isFullCredit":false},{"lineNumber":23,"author":{"gitId":"BrandonnLow"},"content":"bye","lastModifiedDate":"2025-08-18T19:47:36","isFullCredit":false}],"authorContributionMap":{"BrandonnLow":23}},{"path":"text-ui-test/runtest.bat","fileType":"bat","lines":[{"lineNumber":1,"author":{"gitId":"-"},"content":"@ECHO OFF","lastModifiedDate":"2020-05-25T00:03:55","isFullCredit":false},{"lineNumber":2,"author":{"gitId":"-"},"content":"","lastModifiedDate":"2020-05-25T00:03:55","isFullCredit":false},{"lineNumber":3,"author":{"gitId":"-"},"content":"REM create bin directory if it doesn\u0027t exist","lastModifiedDate":"2020-05-25T00:03:55","isFullCredit":false},{"lineNumber":4,"author":{"gitId":"-"},"content":"if not exist ..\\bin mkdir ..\\bin","lastModifiedDate":"2020-05-25T00:03:55","isFullCredit":false},{"lineNumber":5,"author":{"gitId":"-"},"content":"","lastModifiedDate":"2020-05-25T00:03:55","isFullCredit":false},{"lineNumber":6,"author":{"gitId":"-"},"content":"REM delete output from previous run","lastModifiedDate":"2020-05-25T00:03:55","isFullCredit":false},{"lineNumber":7,"author":{"gitId":"-"},"content":"if exist ACTUAL.TXT del ACTUAL.TXT","lastModifiedDate":"2020-08-25T17:23:26","isFullCredit":false},{"lineNumber":8,"author":{"gitId":"-"},"content":"","lastModifiedDate":"2020-05-25T00:03:55","isFullCredit":false},{"lineNumber":9,"author":{"gitId":"BrandonnLow"},"content":"REM CLEAR DATA FILE BEFORE TESTING","lastModifiedDate":"2025-08-24T15:51:40","isFullCredit":false},{"lineNumber":10,"author":{"gitId":"BrandonnLow"},"content":"if exist data\\pingpong.txt del data\\pingpong.txt","lastModifiedDate":"2025-08-24T15:51:40","isFullCredit":false},{"lineNumber":11,"author":{"gitId":"BrandonnLow"},"content":"if exist data rmdir data /S /Q","lastModifiedDate":"2025-08-24T15:51:40","isFullCredit":false},{"lineNumber":12,"author":{"gitId":"BrandonnLow"},"content":"","lastModifiedDate":"2025-08-24T15:51:40","isFullCredit":false},{"lineNumber":13,"author":{"gitId":"-"},"content":"REM compile the code into the bin folder","lastModifiedDate":"2020-05-25T00:03:55","isFullCredit":false},{"lineNumber":14,"author":{"gitId":"BrandonnLow"},"content":"javac -cp ..\\src\\main\\java -Xlint:none -d ..\\bin ..\\src\\main\\java\\pingpong\\*.java ..\\src\\main\\java\\pingpong\\task\\*.java ..\\src\\main\\java\\pingpong\\command\\*.java ..\\src\\main\\java\\pingpong\\ui\\*.java ..\\src\\main\\java\\pingpong\\storage\\*.java","lastModifiedDate":"2025-08-24T22:10:25","isFullCredit":false},{"lineNumber":15,"author":{"gitId":"-"},"content":"IF ERRORLEVEL 1 (","lastModifiedDate":"2020-05-25T00:03:55","isFullCredit":false},{"lineNumber":16,"author":{"gitId":"-"},"content":"    echo ********** BUILD FAILURE **********","lastModifiedDate":"2020-05-25T00:03:55","isFullCredit":false},{"lineNumber":17,"author":{"gitId":"-"},"content":"    exit /b 1","lastModifiedDate":"2020-05-25T00:03:55","isFullCredit":false},{"lineNumber":18,"author":{"gitId":"-"},"content":")","lastModifiedDate":"2020-05-25T00:03:55","isFullCredit":false},{"lineNumber":19,"author":{"gitId":"-"},"content":"REM no error here, errorlevel \u003d\u003d 0","lastModifiedDate":"2020-05-25T00:03:55","isFullCredit":false},{"lineNumber":20,"author":{"gitId":"-"},"content":"","lastModifiedDate":"2020-05-25T00:03:55","isFullCredit":false},{"lineNumber":21,"author":{"gitId":"-"},"content":"REM run the program, feed commands from input.txt file and redirect the output to the ACTUAL.TXT","lastModifiedDate":"2020-05-25T00:03:55","isFullCredit":false},{"lineNumber":22,"author":{"gitId":"BrandonnLow"},"content":"java -classpath ..\\bin pingpong.Pingpong \u003c input.txt \u003e ACTUAL.TXT","lastModifiedDate":"2025-08-24T22:10:25","isFullCredit":false},{"lineNumber":23,"author":{"gitId":"-"},"content":"","lastModifiedDate":"2020-05-25T00:03:55","isFullCredit":false},{"lineNumber":24,"author":{"gitId":"-"},"content":"REM compare the output to the expected output","lastModifiedDate":"2020-05-25T00:03:55","isFullCredit":false},{"lineNumber":25,"author":{"gitId":"-"},"content":"FC ACTUAL.TXT EXPECTED.TXT","lastModifiedDate":"2020-05-25T00:03:55","isFullCredit":false}],"authorContributionMap":{"BrandonnLow":6,"-":19}}]
