[{"path":"src/main/java/Deadline.java","fileType":"java","lines":[{"lineNumber":1,"author":{"gitId":"Chewy03"},"content":"public class Deadline extends Task {","lastModifiedDate":"2025-08-28T17:05:21","isFullCredit":false},{"lineNumber":2,"author":{"gitId":"Chewy03"},"content":"    protected String dueDate;","lastModifiedDate":"2025-08-28T17:05:21","isFullCredit":false},{"lineNumber":3,"author":{"gitId":"Chewy03"},"content":"","lastModifiedDate":"2025-08-28T17:05:21","isFullCredit":false},{"lineNumber":4,"author":{"gitId":"Chewy03"},"content":"    public Deadline(String description, String dueDate) {","lastModifiedDate":"2025-08-28T17:05:21","isFullCredit":false},{"lineNumber":5,"author":{"gitId":"Chewy03"},"content":"        super(description);","lastModifiedDate":"2025-08-28T17:05:21","isFullCredit":false},{"lineNumber":6,"author":{"gitId":"Chewy03"},"content":"        this.dueDate \u003d dueDate;","lastModifiedDate":"2025-08-28T17:05:21","isFullCredit":false},{"lineNumber":7,"author":{"gitId":"Chewy03"},"content":"    }","lastModifiedDate":"2025-08-28T17:05:21","isFullCredit":false},{"lineNumber":8,"author":{"gitId":"Chewy03"},"content":"","lastModifiedDate":"2025-08-28T17:05:21","isFullCredit":false},{"lineNumber":9,"author":{"gitId":"Chewy03"},"content":"    @Override","lastModifiedDate":"2025-08-28T17:05:21","isFullCredit":false},{"lineNumber":10,"author":{"gitId":"Chewy03"},"content":"    public String toString() {","lastModifiedDate":"2025-08-28T17:05:21","isFullCredit":false},{"lineNumber":11,"author":{"gitId":"Chewy03"},"content":"        return \"[D]\" + super.toString() + \" (by: \" + dueDate + \")\";","lastModifiedDate":"2025-08-28T17:05:21","isFullCredit":false},{"lineNumber":12,"author":{"gitId":"Chewy03"},"content":"    }","lastModifiedDate":"2025-08-28T17:05:21","isFullCredit":false},{"lineNumber":13,"author":{"gitId":"Chewy03"},"content":"}","lastModifiedDate":"2025-08-28T17:05:21","isFullCredit":false}],"authorContributionMap":{"Chewy03":13}},{"path":"src/main/java/Event.java","fileType":"java","lines":[{"lineNumber":1,"author":{"gitId":"Chewy03"},"content":"public class Event extends Task {","lastModifiedDate":"2025-08-28T17:05:21","isFullCredit":false},{"lineNumber":2,"author":{"gitId":"Chewy03"},"content":"    protected String start;","lastModifiedDate":"2025-08-28T17:05:21","isFullCredit":false},{"lineNumber":3,"author":{"gitId":"Chewy03"},"content":"    protected String end;","lastModifiedDate":"2025-08-28T17:05:21","isFullCredit":false},{"lineNumber":4,"author":{"gitId":"Chewy03"},"content":"","lastModifiedDate":"2025-08-28T17:05:21","isFullCredit":false},{"lineNumber":5,"author":{"gitId":"Chewy03"},"content":"    public Event(String description, String start, String end) {","lastModifiedDate":"2025-08-28T17:05:21","isFullCredit":false},{"lineNumber":6,"author":{"gitId":"Chewy03"},"content":"        super(description);","lastModifiedDate":"2025-08-28T17:05:21","isFullCredit":false},{"lineNumber":7,"author":{"gitId":"Chewy03"},"content":"        this.start \u003d start;","lastModifiedDate":"2025-08-28T17:05:21","isFullCredit":false},{"lineNumber":8,"author":{"gitId":"Chewy03"},"content":"        this.end \u003d end;","lastModifiedDate":"2025-08-28T17:05:21","isFullCredit":false},{"lineNumber":9,"author":{"gitId":"Chewy03"},"content":"    }","lastModifiedDate":"2025-08-28T17:05:21","isFullCredit":false},{"lineNumber":10,"author":{"gitId":"Chewy03"},"content":"","lastModifiedDate":"2025-08-28T17:05:21","isFullCredit":false},{"lineNumber":11,"author":{"gitId":"Chewy03"},"content":"    @Override","lastModifiedDate":"2025-08-28T17:05:21","isFullCredit":false},{"lineNumber":12,"author":{"gitId":"Chewy03"},"content":"    public String toString() {","lastModifiedDate":"2025-08-28T17:05:21","isFullCredit":false},{"lineNumber":13,"author":{"gitId":"Chewy03"},"content":"        return \"[E]\" + super.toString() + \"(from: \" + start + \" to: \" + end + \")\";","lastModifiedDate":"2025-08-28T17:05:21","isFullCredit":false},{"lineNumber":14,"author":{"gitId":"Chewy03"},"content":"    }","lastModifiedDate":"2025-08-28T17:05:21","isFullCredit":false},{"lineNumber":15,"author":{"gitId":"Chewy03"},"content":"}","lastModifiedDate":"2025-08-28T17:05:21","isFullCredit":false}],"authorContributionMap":{"Chewy03":15}},{"path":"src/main/java/JimmyTimmy.java","fileType":"java","lines":[{"lineNumber":1,"author":{"gitId":"Chewy03"},"content":"import java.util.Scanner;","lastModifiedDate":"2025-08-21T01:08:19","isFullCredit":false},{"lineNumber":2,"author":{"gitId":"Chewy03"},"content":"","lastModifiedDate":"2025-08-21T01:08:19","isFullCredit":false},{"lineNumber":3,"author":{"gitId":"Chewy03"},"content":"public class JimmyTimmy {","lastModifiedDate":"2025-08-21T00:53:44","isFullCredit":false},{"lineNumber":4,"author":{"gitId":"Chewy03"},"content":"    public static void main(String[] args) {","lastModifiedDate":"2025-08-21T00:53:44","isFullCredit":false},{"lineNumber":5,"author":{"gitId":"Chewy03"},"content":"        String lb \u003d \"____________________________________________________________\\n\";","lastModifiedDate":"2025-08-21T00:53:44","isFullCredit":false},{"lineNumber":6,"author":{"gitId":"Chewy03"},"content":"        String greet \u003d lb + \"Hello! I\u0027m JimmyTimmy\\n\" + \"What can I do for you?\\n\" + lb;","lastModifiedDate":"2025-08-21T00:53:44","isFullCredit":false},{"lineNumber":7,"author":{"gitId":"Chewy03"},"content":"        String logoff \u003d \"Bye. Hope to see you again soon!\\n\" + lb;","lastModifiedDate":"2025-08-21T00:53:44","isFullCredit":false},{"lineNumber":8,"author":{"gitId":"Chewy03"},"content":"        System.out.println(greet);","lastModifiedDate":"2025-08-21T01:08:19","isFullCredit":false},{"lineNumber":9,"author":{"gitId":"Chewy03"},"content":"","lastModifiedDate":"2025-08-21T01:08:19","isFullCredit":false},{"lineNumber":10,"author":{"gitId":"Chewy03"},"content":"        Scanner scanner \u003d new Scanner(System.in);","lastModifiedDate":"2025-08-21T01:08:19","isFullCredit":false},{"lineNumber":11,"author":{"gitId":"Chewy03"},"content":"        Task[] tasks \u003d new Task[100];","lastModifiedDate":"2025-08-28T16:29:06","isFullCredit":false},{"lineNumber":12,"author":{"gitId":"Chewy03"},"content":"        int taskCount \u003d 0;","lastModifiedDate":"2025-08-28T16:08:02","isFullCredit":false},{"lineNumber":13,"author":{"gitId":"Chewy03"},"content":"        while (true) {","lastModifiedDate":"2025-08-21T01:08:19","isFullCredit":false},{"lineNumber":14,"author":{"gitId":"Chewy03"},"content":"            String input \u003d scanner.nextLine().trim();","lastModifiedDate":"2025-08-28T16:08:02","isFullCredit":false},{"lineNumber":15,"author":{"gitId":"Chewy03"},"content":"            if (input.equalsIgnoreCase(\"bye\")) {","lastModifiedDate":"2025-08-28T16:08:02","isFullCredit":false},{"lineNumber":16,"author":{"gitId":"Chewy03"},"content":"                System.out.println(lb + \"\\n\" + logoff);","lastModifiedDate":"2025-08-21T01:08:19","isFullCredit":false},{"lineNumber":17,"author":{"gitId":"Chewy03"},"content":"                break;","lastModifiedDate":"2025-08-21T01:08:19","isFullCredit":false},{"lineNumber":18,"author":{"gitId":"Chewy03"},"content":"            } else if (input.equalsIgnoreCase(\"list\")) {","lastModifiedDate":"2025-08-28T16:08:02","isFullCredit":false},{"lineNumber":19,"author":{"gitId":"Chewy03"},"content":"                System.out.println(lb + \"Here are the tasks in your list:\\n\");","lastModifiedDate":"2025-08-28T16:29:06","isFullCredit":false},{"lineNumber":20,"author":{"gitId":"Chewy03"},"content":"                for (int i \u003d 0; i\u003c taskCount; i++) {","lastModifiedDate":"2025-08-28T16:08:02","isFullCredit":false},{"lineNumber":21,"author":{"gitId":"Chewy03"},"content":"                    System.out.println((i + 1) + \". \" + tasks[i]);","lastModifiedDate":"2025-08-28T16:08:02","isFullCredit":false},{"lineNumber":22,"author":{"gitId":"Chewy03"},"content":"                }","lastModifiedDate":"2025-08-28T16:08:02","isFullCredit":false},{"lineNumber":23,"author":{"gitId":"Chewy03"},"content":"                System.out.println(lb);","lastModifiedDate":"2025-08-28T16:08:02","isFullCredit":false},{"lineNumber":24,"author":{"gitId":"Chewy03"},"content":"            } else if (input.startsWith(\"mark \")) {","lastModifiedDate":"2025-08-28T16:29:06","isFullCredit":false},{"lineNumber":25,"author":{"gitId":"Chewy03"},"content":"                int index \u003d Integer.parseInt(input.split(\" \")[1]) - 1;","lastModifiedDate":"2025-08-28T16:29:06","isFullCredit":false},{"lineNumber":26,"author":{"gitId":"Chewy03"},"content":"                if (index \u003e\u003d 0 \u0026\u0026 index \u003c taskCount) {","lastModifiedDate":"2025-08-28T16:29:06","isFullCredit":false},{"lineNumber":27,"author":{"gitId":"Chewy03"},"content":"                    tasks[index].markAsDone();","lastModifiedDate":"2025-08-28T16:29:06","isFullCredit":false},{"lineNumber":28,"author":{"gitId":"Chewy03"},"content":"                    System.out.println(lb + \"Nice! I\u0027ve marked this task as done:\\n   \" + tasks[index] + \"\\n\" + lb);","lastModifiedDate":"2025-08-28T16:29:06","isFullCredit":false},{"lineNumber":29,"author":{"gitId":"Chewy03"},"content":"                }","lastModifiedDate":"2025-08-28T16:29:06","isFullCredit":false},{"lineNumber":30,"author":{"gitId":"Chewy03"},"content":"            } else if (input.startsWith(\"unmark \")) {","lastModifiedDate":"2025-08-28T16:29:06","isFullCredit":false},{"lineNumber":31,"author":{"gitId":"Chewy03"},"content":"                int index \u003d Integer.parseInt(input.split(\" \")[1]) - 1;","lastModifiedDate":"2025-08-28T16:29:06","isFullCredit":false},{"lineNumber":32,"author":{"gitId":"Chewy03"},"content":"                if (index \u003e\u003d 0 \u0026\u0026 index \u003c taskCount) {","lastModifiedDate":"2025-08-28T16:29:06","isFullCredit":false},{"lineNumber":33,"author":{"gitId":"Chewy03"},"content":"                    tasks[index].markAsNotDone();","lastModifiedDate":"2025-08-28T16:29:06","isFullCredit":false},{"lineNumber":34,"author":{"gitId":"Chewy03"},"content":"                    System.out.println(lb + \"OK, I\u0027ve marked this task as not done yet:\\n   \" +","lastModifiedDate":"2025-08-28T17:05:21","isFullCredit":false},{"lineNumber":35,"author":{"gitId":"Chewy03"},"content":"                            tasks[index] + \"\\n\" + lb);","lastModifiedDate":"2025-08-28T17:05:21","isFullCredit":false},{"lineNumber":36,"author":{"gitId":"Chewy03"},"content":"                }","lastModifiedDate":"2025-08-28T16:29:06","isFullCredit":false},{"lineNumber":37,"author":{"gitId":"Chewy03"},"content":"            } else if (input.startsWith(\"todo \")) {","lastModifiedDate":"2025-08-28T17:05:21","isFullCredit":false},{"lineNumber":38,"author":{"gitId":"Chewy03"},"content":"                String desc \u003d input.substring(5);","lastModifiedDate":"2025-08-28T17:05:21","isFullCredit":false},{"lineNumber":39,"author":{"gitId":"Chewy03"},"content":"                tasks[taskCount] \u003d new ToDo(desc);","lastModifiedDate":"2025-08-28T17:05:21","isFullCredit":false},{"lineNumber":40,"author":{"gitId":"Chewy03"},"content":"                taskCount++;","lastModifiedDate":"2025-08-28T17:05:21","isFullCredit":false},{"lineNumber":41,"author":{"gitId":"Chewy03"},"content":"                System.out.println(lb + \"Got it. I\u0027ve added this task:\\n\" + tasks[taskCount - 1] + \"\\nNow you have \" +","lastModifiedDate":"2025-08-28T17:05:21","isFullCredit":false},{"lineNumber":42,"author":{"gitId":"Chewy03"},"content":"                        taskCount + \" tasks in the list.\\n\" + lb);","lastModifiedDate":"2025-08-28T17:05:21","isFullCredit":false},{"lineNumber":43,"author":{"gitId":"Chewy03"},"content":"            } else if (input.startsWith(\"deadline \")) {","lastModifiedDate":"2025-08-28T17:05:21","isFullCredit":false},{"lineNumber":44,"author":{"gitId":"Chewy03"},"content":"                String[] details \u003d input.substring(9).split(\" /by \", 2);","lastModifiedDate":"2025-08-28T17:05:21","isFullCredit":false},{"lineNumber":45,"author":{"gitId":"Chewy03"},"content":"                String desc \u003d details[0];","lastModifiedDate":"2025-08-28T17:05:21","isFullCredit":false},{"lineNumber":46,"author":{"gitId":"Chewy03"},"content":"                String dueDate \u003d details[1];","lastModifiedDate":"2025-08-28T17:05:21","isFullCredit":false},{"lineNumber":47,"author":{"gitId":"Chewy03"},"content":"                tasks[taskCount] \u003d new Deadline(desc, dueDate);","lastModifiedDate":"2025-08-28T17:05:21","isFullCredit":false},{"lineNumber":48,"author":{"gitId":"Chewy03"},"content":"                taskCount++;","lastModifiedDate":"2025-08-28T17:05:21","isFullCredit":false},{"lineNumber":49,"author":{"gitId":"Chewy03"},"content":"                System.out.println(lb + \"Got it. I\u0027ve added this task:\\n\" + tasks[taskCount - 1] + \"\\nNow you have \" +","lastModifiedDate":"2025-08-28T17:05:21","isFullCredit":false},{"lineNumber":50,"author":{"gitId":"Chewy03"},"content":"                        taskCount + \" tasks in the list.\\n\" + lb);","lastModifiedDate":"2025-08-28T17:05:21","isFullCredit":false},{"lineNumber":51,"author":{"gitId":"Chewy03"},"content":"            } else if (input.startsWith(\"event \")) {","lastModifiedDate":"2025-08-28T17:05:21","isFullCredit":false},{"lineNumber":52,"author":{"gitId":"Chewy03"},"content":"                String[] details \u003d input.substring(6).split(\" /from | /to \");","lastModifiedDate":"2025-08-28T17:05:21","isFullCredit":false},{"lineNumber":53,"author":{"gitId":"Chewy03"},"content":"                String desc \u003d details[0];","lastModifiedDate":"2025-08-28T17:05:21","isFullCredit":false},{"lineNumber":54,"author":{"gitId":"Chewy03"},"content":"                String start \u003d details[1];","lastModifiedDate":"2025-08-28T17:05:21","isFullCredit":false},{"lineNumber":55,"author":{"gitId":"Chewy03"},"content":"                String end \u003d details[2];","lastModifiedDate":"2025-08-28T17:05:21","isFullCredit":false},{"lineNumber":56,"author":{"gitId":"Chewy03"},"content":"                tasks[taskCount] \u003d new Event(desc, start, end);","lastModifiedDate":"2025-08-28T17:05:21","isFullCredit":false},{"lineNumber":57,"author":{"gitId":"Chewy03"},"content":"                taskCount++;","lastModifiedDate":"2025-08-28T17:05:21","isFullCredit":false},{"lineNumber":58,"author":{"gitId":"Chewy03"},"content":"                System.out.println(lb + \"Got it. I\u0027ve added this task:\\n\" + tasks[taskCount - 1] + \"\\nNow you have \" +","lastModifiedDate":"2025-08-28T17:05:21","isFullCredit":false},{"lineNumber":59,"author":{"gitId":"Chewy03"},"content":"                        taskCount + \" tasks in the list.\\n\" + lb);","lastModifiedDate":"2025-08-28T17:05:21","isFullCredit":false},{"lineNumber":60,"author":{"gitId":"Chewy03"},"content":"            } else {","lastModifiedDate":"2025-08-21T01:08:19","isFullCredit":false},{"lineNumber":61,"author":{"gitId":"Chewy03"},"content":"                tasks[taskCount] \u003d new ToDo(input);","lastModifiedDate":"2025-08-28T17:05:21","isFullCredit":false},{"lineNumber":62,"author":{"gitId":"Chewy03"},"content":"                taskCount++;","lastModifiedDate":"2025-08-28T16:08:02","isFullCredit":false},{"lineNumber":63,"author":{"gitId":"Chewy03"},"content":"                System.out.println(lb + \"added:\" + input + \"\\n\" + lb);","lastModifiedDate":"2025-08-28T16:08:02","isFullCredit":false},{"lineNumber":64,"author":{"gitId":"Chewy03"},"content":"            }","lastModifiedDate":"2025-08-21T01:08:19","isFullCredit":false},{"lineNumber":65,"author":{"gitId":"Chewy03"},"content":"        }","lastModifiedDate":"2025-08-21T01:08:19","isFullCredit":false},{"lineNumber":66,"author":{"gitId":"Chewy03"},"content":"        scanner.close();","lastModifiedDate":"2025-08-21T01:08:19","isFullCredit":false},{"lineNumber":67,"author":{"gitId":"Chewy03"},"content":"    }","lastModifiedDate":"2025-08-21T00:53:44","isFullCredit":false},{"lineNumber":68,"author":{"gitId":"Chewy03"},"content":"}","lastModifiedDate":"2025-08-21T00:53:44","isFullCredit":false}],"authorContributionMap":{"Chewy03":68}},{"path":"src/main/java/Task.java","fileType":"java","lines":[{"lineNumber":1,"author":{"gitId":"Chewy03"},"content":"public class Task {","lastModifiedDate":"2025-08-28T16:29:06","isFullCredit":false},{"lineNumber":2,"author":{"gitId":"Chewy03"},"content":"    protected String description;","lastModifiedDate":"2025-08-28T16:29:06","isFullCredit":false},{"lineNumber":3,"author":{"gitId":"Chewy03"},"content":"    protected Boolean isDone;","lastModifiedDate":"2025-08-28T16:29:06","isFullCredit":false},{"lineNumber":4,"author":{"gitId":"Chewy03"},"content":"","lastModifiedDate":"2025-08-28T16:29:06","isFullCredit":false},{"lineNumber":5,"author":{"gitId":"Chewy03"},"content":"    public Task(String description) {","lastModifiedDate":"2025-08-28T16:29:06","isFullCredit":false},{"lineNumber":6,"author":{"gitId":"Chewy03"},"content":"        this.description \u003d description;","lastModifiedDate":"2025-08-28T16:29:06","isFullCredit":false},{"lineNumber":7,"author":{"gitId":"Chewy03"},"content":"        this.isDone \u003d false;","lastModifiedDate":"2025-08-28T16:29:06","isFullCredit":false},{"lineNumber":8,"author":{"gitId":"Chewy03"},"content":"    }","lastModifiedDate":"2025-08-28T16:29:06","isFullCredit":false},{"lineNumber":9,"author":{"gitId":"Chewy03"},"content":"","lastModifiedDate":"2025-08-28T16:29:06","isFullCredit":false},{"lineNumber":10,"author":{"gitId":"Chewy03"},"content":"    public String getMark() {","lastModifiedDate":"2025-08-28T16:29:06","isFullCredit":false},{"lineNumber":11,"author":{"gitId":"Chewy03"},"content":"        return isDone ? \"X\" : \" \";","lastModifiedDate":"2025-08-28T16:29:06","isFullCredit":false},{"lineNumber":12,"author":{"gitId":"Chewy03"},"content":"    }","lastModifiedDate":"2025-08-28T16:29:06","isFullCredit":false},{"lineNumber":13,"author":{"gitId":"Chewy03"},"content":"","lastModifiedDate":"2025-08-28T16:29:06","isFullCredit":false},{"lineNumber":14,"author":{"gitId":"Chewy03"},"content":"    public void markAsDone() {","lastModifiedDate":"2025-08-28T16:29:06","isFullCredit":false},{"lineNumber":15,"author":{"gitId":"Chewy03"},"content":"        this.isDone \u003d true;","lastModifiedDate":"2025-08-28T16:29:06","isFullCredit":false},{"lineNumber":16,"author":{"gitId":"Chewy03"},"content":"    }","lastModifiedDate":"2025-08-28T16:29:06","isFullCredit":false},{"lineNumber":17,"author":{"gitId":"Chewy03"},"content":"","lastModifiedDate":"2025-08-28T16:29:06","isFullCredit":false},{"lineNumber":18,"author":{"gitId":"Chewy03"},"content":"    public void markAsNotDone() {","lastModifiedDate":"2025-08-28T16:29:06","isFullCredit":false},{"lineNumber":19,"author":{"gitId":"Chewy03"},"content":"        this.isDone \u003d false;","lastModifiedDate":"2025-08-28T16:29:06","isFullCredit":false},{"lineNumber":20,"author":{"gitId":"Chewy03"},"content":"    }","lastModifiedDate":"2025-08-28T16:29:06","isFullCredit":false},{"lineNumber":21,"author":{"gitId":"Chewy03"},"content":"","lastModifiedDate":"2025-08-28T16:29:06","isFullCredit":false},{"lineNumber":22,"author":{"gitId":"Chewy03"},"content":"    @Override","lastModifiedDate":"2025-08-28T16:29:06","isFullCredit":false},{"lineNumber":23,"author":{"gitId":"Chewy03"},"content":"    public String toString() {","lastModifiedDate":"2025-08-28T16:29:06","isFullCredit":false},{"lineNumber":24,"author":{"gitId":"Chewy03"},"content":"        return \"[\" + getMark() + \"] \" + description;","lastModifiedDate":"2025-08-28T16:29:06","isFullCredit":false},{"lineNumber":25,"author":{"gitId":"Chewy03"},"content":"    }","lastModifiedDate":"2025-08-28T16:29:06","isFullCredit":false},{"lineNumber":26,"author":{"gitId":"Chewy03"},"content":"}","lastModifiedDate":"2025-08-28T16:29:06","isFullCredit":false}],"authorContributionMap":{"Chewy03":26}},{"path":"src/main/java/ToDo.java","fileType":"java","lines":[{"lineNumber":1,"author":{"gitId":"Chewy03"},"content":"public class ToDo extends Task {","lastModifiedDate":"2025-08-28T17:05:21","isFullCredit":false},{"lineNumber":2,"author":{"gitId":"Chewy03"},"content":"    public ToDo(String description) {","lastModifiedDate":"2025-08-28T17:05:21","isFullCredit":false},{"lineNumber":3,"author":{"gitId":"Chewy03"},"content":"        super(description);","lastModifiedDate":"2025-08-28T17:05:21","isFullCredit":false},{"lineNumber":4,"author":{"gitId":"Chewy03"},"content":"    }","lastModifiedDate":"2025-08-28T17:05:21","isFullCredit":false},{"lineNumber":5,"author":{"gitId":"Chewy03"},"content":"","lastModifiedDate":"2025-08-28T17:05:21","isFullCredit":false},{"lineNumber":6,"author":{"gitId":"Chewy03"},"content":"    @Override","lastModifiedDate":"2025-08-28T17:05:21","isFullCredit":false},{"lineNumber":7,"author":{"gitId":"Chewy03"},"content":"    public String toString() {","lastModifiedDate":"2025-08-28T17:05:21","isFullCredit":false},{"lineNumber":8,"author":{"gitId":"Chewy03"},"content":"        return \"[T]\" + super.toString();","lastModifiedDate":"2025-08-28T17:05:21","isFullCredit":false},{"lineNumber":9,"author":{"gitId":"Chewy03"},"content":"    }","lastModifiedDate":"2025-08-28T17:05:21","isFullCredit":false},{"lineNumber":10,"author":{"gitId":"Chewy03"},"content":"}","lastModifiedDate":"2025-08-28T17:05:21","isFullCredit":false}],"authorContributionMap":{"Chewy03":10}},{"path":"text-ui-test/input.txt","fileType":"txt","lines":[{"lineNumber":1,"author":{"gitId":"Chewy03"},"content":"bye","lastModifiedDate":"2025-08-28T23:08:55","isFullCredit":false}],"authorContributionMap":{"Chewy03":1}},{"path":"text-ui-test/runtest.sh","fileType":"sh","lines":[{"lineNumber":1,"author":{"gitId":"-"},"content":"#!/usr/bin/env bash","lastModifiedDate":"2020-05-25T00:03:55","isFullCredit":false},{"lineNumber":2,"author":{"gitId":"-"},"content":"","lastModifiedDate":"2020-05-25T00:03:55","isFullCredit":false},{"lineNumber":3,"author":{"gitId":"-"},"content":"# create bin directory if it doesn\u0027t exist","lastModifiedDate":"2020-05-25T00:03:55","isFullCredit":false},{"lineNumber":4,"author":{"gitId":"-"},"content":"if [ ! -d \"../bin\" ]","lastModifiedDate":"2020-05-25T00:03:55","isFullCredit":false},{"lineNumber":5,"author":{"gitId":"-"},"content":"then","lastModifiedDate":"2020-05-25T00:03:55","isFullCredit":false},{"lineNumber":6,"author":{"gitId":"-"},"content":"    mkdir ../bin","lastModifiedDate":"2020-05-25T00:03:55","isFullCredit":false},{"lineNumber":7,"author":{"gitId":"-"},"content":"fi","lastModifiedDate":"2020-05-25T00:03:55","isFullCredit":false},{"lineNumber":8,"author":{"gitId":"-"},"content":"","lastModifiedDate":"2020-05-25T00:03:55","isFullCredit":false},{"lineNumber":9,"author":{"gitId":"-"},"content":"# delete output from previous run","lastModifiedDate":"2020-05-25T00:03:55","isFullCredit":false},{"lineNumber":10,"author":{"gitId":"-"},"content":"if [ -e \"./ACTUAL.TXT\" ]","lastModifiedDate":"2020-05-25T00:03:55","isFullCredit":false},{"lineNumber":11,"author":{"gitId":"-"},"content":"then","lastModifiedDate":"2020-05-25T00:03:55","isFullCredit":false},{"lineNumber":12,"author":{"gitId":"-"},"content":"    rm ACTUAL.TXT","lastModifiedDate":"2020-05-25T00:03:55","isFullCredit":false},{"lineNumber":13,"author":{"gitId":"-"},"content":"fi","lastModifiedDate":"2020-05-25T00:03:55","isFullCredit":false},{"lineNumber":14,"author":{"gitId":"-"},"content":"","lastModifiedDate":"2020-05-25T00:03:55","isFullCredit":false},{"lineNumber":15,"author":{"gitId":"-"},"content":"# compile the code into the bin folder, terminates if error occurred","lastModifiedDate":"2020-05-25T00:03:55","isFullCredit":false},{"lineNumber":16,"author":{"gitId":"-"},"content":"if ! javac -cp ../src/main/java -Xlint:none -d ../bin ../src/main/java/*.java","lastModifiedDate":"2020-08-25T17:23:26","isFullCredit":false},{"lineNumber":17,"author":{"gitId":"-"},"content":"then","lastModifiedDate":"2020-05-25T00:03:55","isFullCredit":false},{"lineNumber":18,"author":{"gitId":"-"},"content":"    echo \"********** BUILD FAILURE **********\"","lastModifiedDate":"2020-05-25T00:03:55","isFullCredit":false},{"lineNumber":19,"author":{"gitId":"-"},"content":"    exit 1","lastModifiedDate":"2020-05-25T00:03:55","isFullCredit":false},{"lineNumber":20,"author":{"gitId":"-"},"content":"fi","lastModifiedDate":"2020-05-25T00:03:55","isFullCredit":false},{"lineNumber":21,"author":{"gitId":"-"},"content":"","lastModifiedDate":"2020-05-25T00:03:55","isFullCredit":false},{"lineNumber":22,"author":{"gitId":"-"},"content":"# run the program, feed commands from input.txt file and redirect the output to the ACTUAL.TXT","lastModifiedDate":"2020-05-25T00:03:55","isFullCredit":false},{"lineNumber":23,"author":{"gitId":"Chewy03"},"content":"java -classpath ../bin JimmyTimmy \u003c input.txt \u003e ACTUAL.TXT","lastModifiedDate":"2025-08-28T23:08:55","isFullCredit":false},{"lineNumber":24,"author":{"gitId":"-"},"content":"","lastModifiedDate":"2020-05-25T00:03:55","isFullCredit":false},{"lineNumber":25,"author":{"gitId":"-"},"content":"# convert to UNIX format","lastModifiedDate":"2020-05-25T00:03:55","isFullCredit":false},{"lineNumber":26,"author":{"gitId":"-"},"content":"cp EXPECTED.TXT EXPECTED-UNIX.TXT","lastModifiedDate":"2020-05-25T00:03:55","isFullCredit":false},{"lineNumber":27,"author":{"gitId":"-"},"content":"dos2unix ACTUAL.TXT EXPECTED-UNIX.TXT","lastModifiedDate":"2020-05-25T00:03:55","isFullCredit":false},{"lineNumber":28,"author":{"gitId":"-"},"content":"","lastModifiedDate":"2020-05-25T00:03:55","isFullCredit":false},{"lineNumber":29,"author":{"gitId":"-"},"content":"# compare the output to the expected output","lastModifiedDate":"2020-05-25T00:03:55","isFullCredit":false},{"lineNumber":30,"author":{"gitId":"-"},"content":"diff ACTUAL.TXT EXPECTED-UNIX.TXT","lastModifiedDate":"2020-05-25T00:03:55","isFullCredit":false},{"lineNumber":31,"author":{"gitId":"-"},"content":"if [ $? -eq 0 ]","lastModifiedDate":"2020-05-25T00:03:55","isFullCredit":false},{"lineNumber":32,"author":{"gitId":"-"},"content":"then","lastModifiedDate":"2020-05-25T00:03:55","isFullCredit":false},{"lineNumber":33,"author":{"gitId":"-"},"content":"    echo \"Test result: PASSED\"","lastModifiedDate":"2020-05-25T00:03:55","isFullCredit":false},{"lineNumber":34,"author":{"gitId":"-"},"content":"    exit 0","lastModifiedDate":"2020-05-25T00:03:55","isFullCredit":false},{"lineNumber":35,"author":{"gitId":"-"},"content":"else","lastModifiedDate":"2020-05-25T00:03:55","isFullCredit":false},{"lineNumber":36,"author":{"gitId":"-"},"content":"    echo \"Test result: FAILED\"","lastModifiedDate":"2020-05-25T00:03:55","isFullCredit":false},{"lineNumber":37,"author":{"gitId":"-"},"content":"    exit 1","lastModifiedDate":"2020-05-25T00:03:55","isFullCredit":false},{"lineNumber":38,"author":{"gitId":"-"},"content":"fi","lastModifiedDate":"2020-05-25T00:03:55","isFullCredit":false}],"authorContributionMap":{"-":37,"Chewy03":1}}]
