{"authorDailyContributionsMap":{"isaactoh":[{"date":"2025-08-20T00:00:00","commitResults":[{"hash":"322e0851b1e3f254492e4aa7698599f336fd12c8","isMergeCommit":false,"messageTitle":"Level 0","messageBody":"","tags":["Level-0"],"fileTypesAndContributionMap":{"java":{"insertions":17,"deletions":10}}},{"hash":"503bba8d95a74abd4d958d515d33cfe19bc847a7","isMergeCommit":false,"messageTitle":"Level 1","messageBody":"","fileTypesAndContributionMap":{"java":{"insertions":10,"deletions":3}}},{"hash":"1aa07d6c85920bb438986c41f51de04276317814","isMergeCommit":false,"messageTitle":"Level 1 Corrected","messageBody":"","fileTypesAndContributionMap":{"java":{"insertions":11,"deletions":9}}},{"hash":"39e81bfd4620be6b5e4f2c587b2834ea05d27e9e","isMergeCommit":false,"messageTitle":"Level 1 Fully Corrected","messageBody":"","tags":["Level-1"],"fileTypesAndContributionMap":{"java":{"insertions":12,"deletions":1}}},{"hash":"463340846c85a7eb4ff8b02256e5776a04a42093","isMergeCommit":false,"messageTitle":"Level 2","messageBody":"","tags":["Level-2"],"fileTypesAndContributionMap":{"java":{"insertions":18,"deletions":3}}},{"hash":"7d98986d43400f0801a6a9ebb30d612bc6fae93e","isMergeCommit":false,"messageTitle":"Level-3","messageBody":"","fileTypesAndContributionMap":{"java":{"insertions":39,"deletions":11}}},{"hash":"de8719d56c92ff6c9439dcfb10d26703077b9a84","isMergeCommit":false,"messageTitle":"Level-3","messageBody":"","tags":["Level-3"],"fileTypesAndContributionMap":{"java":{"insertions":7,"deletions":1}}},{"hash":"6f27250ce2a35af3393f685e8a1c2619cee30c94","isMergeCommit":false,"messageTitle":"Level-4","messageBody":"","tags":["Level-4","A-Inheritance"],"fileTypesAndContributionMap":{"java":{"insertions":115,"deletions":24}}},{"hash":"e53603836f059798eda5064a87e1bad13575b5ff","isMergeCommit":false,"messageTitle":"A-TextUITesting","messageBody":"","tags":["A-TextUITesting"],"fileTypesAndContributionMap":{"java":{"insertions":1,"deletions":1}}},{"hash":"f431ada8c22c4b0049a09db83193f911c35d0fcd","isMergeCommit":false,"messageTitle":"Level-5","messageBody":"","tags":["Level-5"],"fileTypesAndContributionMap":{"java":{"insertions":51,"deletions":34}}}]},{"date":"2025-08-21T00:00:00","commitResults":[{"hash":"4b7f0cfd90b28addecafcec17d5005462fdd9b78","isMergeCommit":false,"messageTitle":"Level-6","messageBody":"","tags":["Level-6","A-Collections"],"fileTypesAndContributionMap":{"java":{"insertions":32,"deletions":13}}}]},{"date":"2025-08-27T00:00:00","commitResults":[{"hash":"026cf05f85ebe5991b956fbbaaf36359c909ad84","isMergeCommit":false,"messageTitle":"Add storage logic","messageBody":"","fileTypesAndContributionMap":{"java":{"insertions":135,"deletions":7}}},{"hash":"e5e1686dadc8b39c0d98a63ecde63fc83c7bc0e6","isMergeCommit":true,"messageTitle":"Merge branch \u0027branch-level-7\u0027 instructions ask me lor","messageBody":"","tags":["Level-7"],"fileTypesAndContributionMap":{}},{"hash":"d4d7ad5cd8f4366db7f2d54baef85b5d6cb97ae7","isMergeCommit":false,"messageTitle":"Add date logic to Deadline","messageBody":"","fileTypesAndContributionMap":{"java":{"insertions":16,"deletions":9}}},{"hash":"9a8462cba460432e21e169516a1be442af9f6602","isMergeCommit":true,"messageTitle":"Merge branch \u0027branch-Level-8\u0027 Manjulah Singapura","messageBody":"","tags":["Level-8"],"fileTypesAndContributionMap":{}},{"hash":"2c309d8581e3e1b3a55a1b551b0117082364dcac","isMergeCommit":false,"messageTitle":"Separate UI class from ACow","messageBody":"","fileTypesAndContributionMap":{"java":{"insertions":4,"deletions":0}}},{"hash":"333ced30f3466521a33af6d7c0dfff90af576aa5","isMergeCommit":false,"messageTitle":"Separate UI class from ACow","messageBody":"","fileTypesAndContributionMap":{"java":{"insertions":60,"deletions":1}}},{"hash":"48b77ce4085b9c10cbc8102da5d0d1a95973b465","isMergeCommit":false,"messageTitle":"Separate UI class from ACow","messageBody":"","fileTypesAndContributionMap":{"java":{"insertions":34,"deletions":51}}}]},{"date":"2025-08-28T00:00:00","commitResults":[{"hash":"ad1d36a5af5cd80aa4b66f7cb0c44999e274f68a","isMergeCommit":false,"messageTitle":"Add TaskList","messageBody":"","fileTypesAndContributionMap":{"java":{"insertions":45,"deletions":14}}},{"hash":"05e3c4fee9bed22fbba961e58cef31c55429f387","isMergeCommit":false,"messageTitle":"Add Command Classes","messageBody":"","fileTypesAndContributionMap":{"java":{"insertions":127,"deletions":37}}},{"hash":"a04fe20c132e7f7718a32f34840f70c1a35efb7a","isMergeCommit":false,"messageTitle":"Add Parser class","messageBody":"","tags":["A-MoreOOP"],"fileTypesAndContributionMap":{"java":{"insertions":55,"deletions":76}}},{"hash":"936dcdeab87a69827cfabf757533d722afe2c81e","isMergeCommit":false,"messageTitle":"Sort into packages","messageBody":"","tags":["A-Packages"],"fileTypesAndContributionMap":{"java":{"insertions":86,"deletions":6}}},{"hash":"71a376c9c195caf3e9795b83c5bca0932a3ee23b","isMergeCommit":true,"messageTitle":"Merge branch \u0027add-gradle-support\u0027 To use provided gradle support in that branch","messageBody":"","fileTypesAndContributionMap":{}},{"hash":"7d38d637c78d7699e74ef2822f495f7fb9658427","isMergeCommit":false,"messageTitle":"Set up gradle","messageBody":"","tags":["A-Gradle"],"fileTypesAndContributionMap":{"gradle":{"insertions":2,"deletions":2}}},{"hash":"90f7ad2389f2a64c64869e96f9a30b675e98e408","isMergeCommit":false,"messageTitle":"Add tests for deadline and parser","messageBody":"","tags":["A-Jar","A-JUnit"],"fileTypesAndContributionMap":{"java":{"insertions":78,"deletions":3}}},{"hash":"b7c8b89e209461622f6e5a5ee20711e993a28fc5","isMergeCommit":false,"messageTitle":"Add Javadoc for main classes and duke.tasks package","messageBody":"","tags":["A-JavaDoc"],"fileTypesAndContributionMap":{"java":{"insertions":295,"deletions":31}}},{"hash":"1e2773d6aaf77b25d0985cd05505152a0c5b6b78","isMergeCommit":true,"messageTitle":"Merge branch \u0027branch-A-JavaDoc\u0027 Add JavaDoc to the master branch","messageBody":"","fileTypesAndContributionMap":{}}]},{"date":"2025-08-29T00:00:00","commitResults":[{"hash":"46e5667c13503f75fd4ebc2d936dd634e1f42dde","isMergeCommit":false,"messageTitle":"Follow coding standards","messageBody":"","fileTypesAndContributionMap":{"java":{"insertions":74,"deletions":59}}},{"hash":"889451923294145b2abe37b3121afc0c26ed89b1","isMergeCommit":true,"messageTitle":"Merge branch \u0027branch-A-CodingStandard\u0027","messageBody":"","tags":["A-CodingStandard"],"fileTypesAndContributionMap":{}},{"hash":"59c88fea022a8d8bab6c28ec95a09d2f818b3250","isMergeCommit":false,"messageTitle":"Add find functionality","messageBody":"","tags":["Level-9"],"fileTypesAndContributionMap":{"java":{"insertions":77,"deletions":32}}},{"hash":"490d627023eb65a58b00dbbba9dde0471dbc13db","isMergeCommit":true,"messageTitle":"Merge branch \u0027branch-Level-9\u0027 Add find functionality","messageBody":"","fileTypesAndContributionMap":{}}]},{"date":"2025-09-03T00:00:00","commitResults":[{"hash":"0a7a6c3e9192545ec9d478b7c8f28b5e5889aaca","isMergeCommit":false,"messageTitle":"Fix Storage Bug","messageBody":"","fileTypesAndContributionMap":{"java":{"insertions":34,"deletions":0}}}]},{"date":"2025-09-04T00:00:00","commitResults":[{"hash":"a8cbdf7e9bdd58c19a5d9e18aee36aa8aaaf0874","isMergeCommit":false,"messageTitle":"Add GUI","messageBody":"","tags":["Level-10"],"fileTypesAndContributionMap":{"gradle":{"insertions":16,"deletions":1},"java":{"insertions":244,"deletions":0}}},{"hash":"e10ea4593bf13dcc8b39d74107736cdad735e124","isMergeCommit":true,"messageTitle":"Merge branch \u0027branch-Level-10\u0027","messageBody":"","fileTypesAndContributionMap":{}}]}]},"authorFileTypeContributionMap":{"isaactoh":{"java":1251,"md":0,"fxml":0,"sh":0,"bat":0,"gradle":17,"txt":0}},"authorContributionVariance":{"isaactoh":33751.668},"authorDisplayNameMap":{"isaactoh":"CS2103T-W11-3 TOH ..SAAC"}}
