{"authorDailyContributionsMap":{"Lzkkuan":[{"date":"2025-08-31T00:00:00","commitResults":[{"hash":"fd4086d51a20b1346b2888885f434a95b92d59d1","isMergeCommit":false,"messageTitle":"Wk2 Lv1","messageBody":"","fileTypesAndContributionMap":{"java":{"insertions":48,"deletions":7}}},{"hash":"e9f3690825f8263125048743fb08428584bd6ee8","isMergeCommit":false,"messageTitle":"Implement listing and task categorization","messageBody":"","fileTypesAndContributionMap":{"java":{"insertions":291,"deletions":51}}}]},{"date":"2025-09-01T00:00:00","commitResults":[{"hash":"94073031e40944afab2cff4e446972651549ee2f","isMergeCommit":false,"messageTitle":"Implement task deleting and enum commands","messageBody":"","fileTypesAndContributionMap":{"java":{"insertions":161,"deletions":99}}}]}]},"authorFileTypeContributionMap":{"Lzkkuan":{"java":353,"md":0,"fxml":0,"sh":0,"bat":0,"gradle":0,"txt":0}},"authorContributionVariance":{"Lzkkuan":8317.722},"authorDisplayNameMap":{"Lzkkuan":"CS2103T-F12-2 LI Z..KUAN"}}
