{"authorDailyContributionsMap":{"liawjarell":[{"date":"2025-08-18T00:00:00","commitResults":[{"hash":"0127c25393d85612973f6905bd32f42c476a8069","isMergeCommit":false,"messageTitle":"Rename Duke to Mochi","messageBody":"Created new chatbot Mochi, added introduction message and buffer\nusing underscores 40 characters long\n","tags":["Level-0"],"fileTypesAndContributionMap":{"java":{"insertions":10,"deletions":10}}},{"hash":"9e65953f68b1888bcb3c33f6edf5cc2161357f82","isMergeCommit":false,"messageTitle":"Mochi accept input","messageBody":"Mochi is able to accept input and repeat the input back to the user.\nWhen user inputs \"bye\", the program terminates.\n\nAlso created constants HELLO_MESSAGE and BYE_MESSAGE.\n","tags":["Level-1"],"fileTypesAndContributionMap":{"java":{"insertions":26,"deletions":6}}},{"hash":"b85a3ecf46ab5a11caae6806a11c11d0036e96b3","isMergeCommit":false,"messageTitle":"Add ability to store and display inputs","messageBody":"Mochi takes in input and adds it to a list. If list is inputted,\ndisplays all contents of the list. Created function printList to help\nprint out list.\n","tags":["Level-2"],"fileTypesAndContributionMap":{"java":{"insertions":31,"deletions":5}}},{"hash":"e0240fbc0b7b2a7618d74996582b4eb8553ab988","isMergeCommit":false,"messageTitle":"Add Task Class","messageBody":"Task class to represent each task.\n\nContains fields such as description, position and a completed boolean.\n\nContains methods such as markTask and unmarkTask. toString() is\noverridden.\n","fileTypesAndContributionMap":{"java":{"insertions":28,"deletions":0}}},{"hash":"079400533587e506a1aea1659ad9d290912a2d99","isMergeCommit":false,"messageTitle":"Edit Task.java to remove position","messageBody":"Task does not need to track position field. Hence, removed.\n","fileTypesAndContributionMap":{"java":{"insertions":3,"deletions":5}}},{"hash":"a50a7887c504cdf2c7e184120c0387cb2483c15b","isMergeCommit":false,"messageTitle":"Add getStatusIcon function","messageBody":"","fileTypesAndContributionMap":{"java":{"insertions":5,"deletions":5}}}]},{"date":"2025-08-19T00:00:00","commitResults":[{"hash":"9f41008bff9915db790c6c625f7f54fc985fb0b8","isMergeCommit":false,"messageTitle":"Add WrapMessage class with wrap method","messageBody":"WrapMessage is a public class with one static method. The wrap method\nreturns a string being wrapped in the buffer.\n","fileTypesAndContributionMap":{"java":{"insertions":8,"deletions":0}}},{"hash":"28dcdafe070fde5972c133294497c1e1c9912e26","isMergeCommit":false,"messageTitle":"Edit fields and name of functions in Task.java","messageBody":"Changed description and completed to protected fields. Renamed markTask\nand unmarkTask to mark and unmark respectively.\n","fileTypesAndContributionMap":{"java":{"insertions":4,"deletions":4}}},{"hash":"3678a07aa73ef736905aeeee29cb10e09284eacb","isMergeCommit":false,"messageTitle":"Add indentation for buffer in WrapMessage.java","messageBody":"","fileTypesAndContributionMap":{"java":{"insertions":1,"deletions":1}}},{"hash":"df4e0951a749c40489e5bf70f345efe2783d0098","isMergeCommit":false,"messageTitle":"Add Mark and Unmark in Mochi.java","messageBody":"Shifted tasks array and int tasksCount to private static fields to be\naccessed by all functions.\n\nEditted Hello and Bye messages.\n\nEditted printList function to include buffer\n\nAdded markTask and unmarkTask functions, which call mark() and unmark()\nin each task object, while wrapping the reply from MOCHI.\n","tags":["Level-3"],"fileTypesAndContributionMap":{"java":{"insertions":52,"deletions":23}}},{"hash":"c130abb6c9574fb2f55b3ddb20b26022a4e32324","isMergeCommit":false,"messageTitle":"Create ToDos.java","messageBody":"","fileTypesAndContributionMap":{"java":{"insertions":11,"deletions":0}}},{"hash":"2a19ffa28c5d93195d508db4d4a1c77149a16dbd","isMergeCommit":false,"messageTitle":"Add Todo logic in Mochi.java","messageBody":"Ammended addTask function in Mochi.java to split tasks according to\ntaskType and description. Created ToDo task according to taskType.\n\nAlso ammended toPrint message\n","fileTypesAndContributionMap":{"java":{"insertions":14,"deletions":5}}},{"hash":"f377f7868c38e0169519a11e2e6dd5dd4c90b0cc","isMergeCommit":false,"messageTitle":"Create Deadlines.java","messageBody":"","fileTypesAndContributionMap":{"java":{"insertions":13,"deletions":0}}},{"hash":"2e032ebd4d191810948f1185729d0bc31149a469","isMergeCommit":false,"messageTitle":"Add Deadlines logic in Mochi.java","messageBody":"Ammended addTask function to include partioning for deadline tasks.\nSimilar to previous add ToDo logic commit\n","fileTypesAndContributionMap":{"java":{"insertions":6,"deletions":0}}},{"hash":"3ce915856d442ae8b5f11a5f3da4dd8c1668d942","isMergeCommit":false,"messageTitle":"Add Event.java","messageBody":"Event constructor only takes in the description. All details after\nevent. Then, it splits the details to get the from and to duration.\n","fileTypesAndContributionMap":{"java":{"insertions":17,"deletions":0}}},{"hash":"c4bfab13dceafcb553427e185bf8bb4fcb75aed6","isMergeCommit":false,"messageTitle":"Add Event logic to Mochi.java","messageBody":"Similar to previous commit on adding Deadlines to Mochi.java.\n\nFurthermore, splitting of input to get details like from and to duration\nare handled in Event.java, instead of in the addTask function.\n","fileTypesAndContributionMap":{"java":{"insertions":4,"deletions":0}}},{"hash":"74200087567bf69d5e5c91495945d8129639da0b","isMergeCommit":false,"messageTitle":"Change Deadlines.java constructor","messageBody":"Deadlines constructor now only takes in the description (all text after\ndeadline). The details are then split to get the task description, and\nthe by field, within the Deadlines constructor.\n","tags":["Level-4"],"fileTypesAndContributionMap":{"java":{"insertions":6,"deletions":6}}},{"hash":"470739faa5b7a91293cbea3f9fa50c0a57fec285","isMergeCommit":false,"messageTitle":"Edit pathname for java command","messageBody":"","fileTypesAndContributionMap":{"bat":{"insertions":1,"deletions":1}}},{"hash":"92ea403d35f9e2b61275275f67bb6b3d50cd7a7e","isMergeCommit":false,"messageTitle":"Add input and expected output for current features","messageBody":"Added a list of input describing all the existing features as of\nLevel-5.\n\t- Welcome and bye messages\n\t- todo, deadline and event tasks\n\t- list function\n\t- mark and unmark functions\n","tags":["A-TextUiTesting"],"fileTypesAndContributionMap":{"txt":{"insertions":10,"deletions":0}}},{"hash":"5b86e9082b89147bc9a5ea55e5c89a1239f370ef","isMergeCommit":false,"messageTitle":"Create getInput function in Mochi.java","messageBody":"Instead of leaving the loop inside the main function, I placed it in a\nseperate function for exception handling.\n","fileTypesAndContributionMap":{"java":{"insertions":12,"deletions":6}}},{"hash":"ae3a345e2bd0577151087871018bcdd3763f7309","isMergeCommit":false,"messageTitle":"Adjust buffe length to 80 char","messageBody":"","fileTypesAndContributionMap":{"java":{"insertions":3,"deletions":2}}},{"hash":"5429dca84356f42afffd54a182ca1a6dc6347233","isMergeCommit":false,"messageTitle":"Create custom exception MochiException.java","messageBody":"Created new custom exception to be used for all Mochi related errors.\nWraps message in WrapMessage.wrap buffer.\n","fileTypesAndContributionMap":{"java":{"insertions":7,"deletions":0}}},{"hash":"e04b63584f5c0e1d39a4d3f26e42f3b64c1a78ba","isMergeCommit":false,"messageTitle":"Add exception handling for adding of tasks","messageBody":"The following constructors now throw MochiExceptions:\n\t- Todos.java\n\t- Deadlines.java\n\t- Event.java\n\t- Task.java\n\nMochi.java was also editted to throw MochiExceptions from the above\nconstructors. MochiExceptions are caught in main function, which then\nterminates the program.\n","fileTypesAndContributionMap":{"java":{"insertions":84,"deletions":17}}},{"hash":"326aca3b457b7a244ac85825254d2e3371be9ce8","isMergeCommit":false,"messageTitle":"Add error handling for mark and unmark in Mochi","messageBody":"If mark or unmark receive a negative task number, or a number greater\nthan the current number of tasks, throw a MochiException with the\ncorresponding error message.\n","tags":["Level-5"],"fileTypesAndContributionMap":{"java":{"insertions":8,"deletions":2}}},{"hash":"8ed01eddab156edab6d77b98b3c3ce236439797b","isMergeCommit":false,"messageTitle":"Change tasks array to ArrayList","messageBody":"Changed to ArrayList\u003cTask\u003e to support future operations like deleteTask.\n","fileTypesAndContributionMap":{"java":{"insertions":16,"deletions":14}}},{"hash":"4e1fc16c00017333af623acebf0ab2651d2c4bdb","isMergeCommit":false,"messageTitle":"Add deleteTask to Mochi.java","messageBody":"Added ability to delete a task. Furthermore, more error handling for\nmark, unmark and delete have been added.\n","fileTypesAndContributionMap":{"java":{"insertions":33,"deletions":12}}},{"hash":"4df4c7d5fe3187fa6c26f38af078c3cd441ab815","isMergeCommit":false,"messageTitle":"Add test case for delete","messageBody":"","tags":["Level-6"],"fileTypesAndContributionMap":{"txt":{"insertions":2,"deletions":0}}},{"hash":"bcc049e9e57c349ffe2bad476b0798d58afd6495","isMergeCommit":false,"messageTitle":"Adjust buffer length to 80 char","messageBody":"","fileTypesAndContributionMap":{"java":{"insertions":3,"deletions":2}}},{"hash":"9cc88b1ce0baaeb628a0ed157163e0747f5184b2","isMergeCommit":false,"messageTitle":"Create custom exception MochiException.java","messageBody":"Created new custom exception to be used for all Mochi related errors.\nWraps message in WrapMessage.wrap buffer.\n","fileTypesAndContributionMap":{"java":{"insertions":7,"deletions":0}}},{"hash":"73440c8239c018ef055c0ea2f13ab17ae9940bcf","isMergeCommit":false,"messageTitle":"Add exception handling for adding of tasks","messageBody":"The following constructors now throw MochiExceptions:\n\t- Todos.java\n\t- Deadlines.java\n\t- Event.java\n\t- Task.java\n\nMochi.java was also editted to throw MochiExceptions from the above\nconstructors. MochiExceptions are caught in main function, which then\nterminates the program.\n","fileTypesAndContributionMap":{"java":{"insertions":84,"deletions":17}}},{"hash":"6cc6e04f7eb9b93b2f8fdbf80ef1aaa49da93ca7","isMergeCommit":false,"messageTitle":"Add error handling for mark and unmark in Mochi","messageBody":"If mark or unmark receive a negative task number, or a number greater\nthan the current number of tasks, throw a MochiException with the\ncorresponding error message.\n","fileTypesAndContributionMap":{"java":{"insertions":8,"deletions":2}}},{"hash":"4f83b560f7a9beffeba7398b38cf224164f2257e","isMergeCommit":false,"messageTitle":"Change tasks array to ArrayList","messageBody":"Changed to ArrayList\u003cTask\u003e to support future operations like deleteTask.\n","fileTypesAndContributionMap":{"java":{"insertions":16,"deletions":14}}},{"hash":"8f6f1ca1dafd234e9a2353d6c2cb92c2c94a5140","isMergeCommit":false,"messageTitle":"Add deleteTask to Mochi.java","messageBody":"Added ability to delete a task. Furthermore, more error handling for\nmark, unmark and delete have been added.\n","fileTypesAndContributionMap":{"java":{"insertions":33,"deletions":12}}},{"hash":"c376bc8869c341e293f7947fd72dfd0e746cdb5c","isMergeCommit":false,"messageTitle":"Add test case for delete","messageBody":"","fileTypesAndContributionMap":{"txt":{"insertions":2,"deletions":0}}}]},{"date":"2025-08-20T00:00:00","commitResults":[{"hash":"7bcd062a89565ec8a272ff08676e4614876ba07c","isMergeCommit":false,"messageTitle":"Change Mochi error handling loop","messageBody":"If wrong input is received, previously, Mochi will print the error\nmessage and terminate the program. Now, Mochi will only print the error,\nbut will not terminate. User can continute inputting commands.\n","fileTypesAndContributionMap":{"java":{"insertions":37,"deletions":36}}}]},{"date":"2025-08-25T00:00:00","commitResults":[{"hash":"1d13e6ef86e4bbd3ff460f6654923f60f3c679d7","isMergeCommit":false,"messageTitle":"Change Arraylist to list in Mochi.java","messageBody":"","fileTypesAndContributionMap":{"java":{"insertions":2,"deletions":2}}},{"hash":"a0d05bb637c58065921982d596b708ef6d61a68a","isMergeCommit":false,"messageTitle":"Add toSaveString() to all Tasks","messageBody":"When implementing storage, current tasks need to be saved in a concise\nmanner for easy parsing.\n\nHence, toSaveString() returns a string that can be easily parsed, which\nis different from eac Task\u0027s toString() method.\n","fileTypesAndContributionMap":{"java":{"insertions":20,"deletions":4}}},{"hash":"cd4ab14a39c7e151d5c8cc7141882e02029ae3b0","isMergeCommit":false,"messageTitle":"Add saveTask to Storage.java","messageBody":"","fileTypesAndContributionMap":{"java":{"insertions":70,"deletions":0}}},{"hash":"470049ed5f9ce0b3118fd3a774412ee492e0fada","isMergeCommit":false,"messageTitle":"Add parsing and alternative constructor to Tasks","messageBody":"String representations of tasks in storage need to be parsed.\n\nEach task type needs to parse strings differently, as the strings\ncontain different parameters.\n\nHence, parsing has been implemented in all tasks, and alternative\nconstructors have been created to create the respective tasks using this\nparsed information.\n","fileTypesAndContributionMap":{"java":{"insertions":47,"deletions":1}}},{"hash":"13ef408a35da44c695bdafc84c1805ff584c5b85","isMergeCommit":false,"messageTitle":"Add readTask to Storage.java","messageBody":"","fileTypesAndContributionMap":{"txt":{"insertions":3,"deletions":0},"java":{"insertions":80,"deletions":40}}},{"hash":"d7ed778574c0a65504680702c0247838537124a1","isMergeCommit":false,"messageTitle":"Attempt to add storage to Mochi.java","messageBody":"Will be back to complete Storage after changing base code to more OOP\n","fileTypesAndContributionMap":{"java":{"insertions":8,"deletions":8}}},{"hash":"824265bd0c8b25ebb4c9a7a4fc148a0f7aea7c91","isMergeCommit":true,"messageTitle":"Merge branch \u0027branch-level-7\u0027","messageBody":"","fileTypesAndContributionMap":{}}]}]},"authorFileTypeContributionMap":{"liawjarell":{"java":462,"md":0,"fxml":0,"sh":0,"bat":1,"gradle":0,"txt":15}},"authorContributionVariance":{"liawjarell":22426.607},"authorDisplayNameMap":{"liawjarell":"CS2103T-T16-2 JARE..N YI"}}
