{"authorDailyContributionsMap":{"arunblue3":[{"date":"2025-08-28T00:00:00","commitResults":[{"hash":"c2810ca6944786802cfdba973c248a7e692e5d46","isMergeCommit":false,"messageTitle":"level 0","messageBody":"","tags":["Level-0"],"fileTypesAndContributionMap":{"java":{"insertions":16,"deletions":10},"bat":{"insertions":1,"deletions":1},"md":{"insertions":3,"deletions":3}}},{"hash":"69c9ac478720d5fb43214b0b34d525057ab58229","isMergeCommit":false,"messageTitle":"level 1","messageBody":"","tags":["Level-1"],"fileTypesAndContributionMap":{"java":{"insertions":35,"deletions":13}}},{"hash":"b9a3ccf0593c8f31e79205c5e162d0c7d67eeb2b","isMergeCommit":false,"messageTitle":"level 2","messageBody":"","fileTypesAndContributionMap":{"java":{"insertions":16,"deletions":2}}}]},{"date":"2025-08-29T00:00:00","commitResults":[{"hash":"60971a84a22398602e171c2215e4539127c99eb0","isMergeCommit":false,"messageTitle":"level 3","messageBody":"","tags":["Level-3"],"fileTypesAndContributionMap":{"java":{"insertions":47,"deletions":7}}},{"hash":"9e85b7ccbb00438556e612cd9a47862e98c0c2f1","isMergeCommit":false,"messageTitle":"Level 4","messageBody":"","tags":["Level-4"],"fileTypesAndContributionMap":{"java":{"insertions":128,"deletions":1}}},{"hash":"e39432bbc17322103c1f2c4fcfc7b2f01a4ed42b","isMergeCommit":false,"messageTitle":"Level 5","messageBody":"","tags":["Level-5"],"fileTypesAndContributionMap":{"java":{"insertions":110,"deletions":75}}},{"hash":"8a1d573d66d9e0d9a5f4c7b5834f1518b39b00a4","isMergeCommit":false,"messageTitle":"Level 6","messageBody":"","tags":["Level-6"],"fileTypesAndContributionMap":{"java":{"insertions":36,"deletions":6}}}]}]},"authorFileTypeContributionMap":{"arunblue3":{"java":284,"md":3,"fxml":0,"sh":0,"bat":1,"gradle":0,"txt":0}},"authorContributionVariance":{"arunblue3":7558.0576},"authorDisplayNameMap":{"arunblue3":"CS2103T-F14a-3 ARUN..UVAN"}}
