{"authorDailyContributionsMap":{"Xateh":[{"date":"2025-08-19T00:00:00","commitResults":[{"hash":"330ee0bae257775e2a764c828dbf7a2ef6bd50bb","isMergeCommit":false,"messageTitle":"Renamed Duke as Meep","messageBody":"","fileTypesAndContributionMap":{"java":{"insertions":5,"deletions":0}}},{"hash":"2cbda1700456c8df9467748a886a4bc314c39a68","isMergeCommit":false,"messageTitle":"Meep-skeleton","messageBody":"","tags":["Level-0"],"fileTypesAndContributionMap":{"java":{"insertions":18,"deletions":1}}},{"hash":"c016856f8af2f873958f2145400d1dbd51500dad","isMergeCommit":false,"messageTitle":"Created functions for each response. Added function to standardize output formatting. Updated to repeat what the input is. Updated to exit when input is bye","messageBody":"","tags":["Level-1"],"fileTypesAndContributionMap":{"java":{"insertions":18,"deletions":11}}}]},{"date":"2025-08-20T00:00:00","commitResults":[{"hash":"a1eda9ecf2a290699ac6b5435e08e87827f5dc65","isMergeCommit":false,"messageTitle":"Included Add functionality","messageBody":"","fileTypesAndContributionMap":{"java":{"insertions":5,"deletions":1}}},{"hash":"ea547459997758fecd81bb0a5594d108b227fdf6","isMergeCommit":false,"messageTitle":"Included List functionality. Using processMessage(String message) to switch response.","messageBody":"","tags":["Level-2"],"fileTypesAndContributionMap":{"java":{"insertions":28,"deletions":6}}},{"hash":"1dd37654fc923a56c273840f98795c097de03d08","isMergeCommit":false,"messageTitle":"Added Tasks functionality","messageBody":"","fileTypesAndContributionMap":{"java":{"insertions":50,"deletions":9}}},{"hash":"9c57e702d805d5488c180c4743787fe2363863c9","isMergeCommit":false,"messageTitle":"Included Tasks related Functionalities","messageBody":"","tags":["Level-3"],"fileTypesAndContributionMap":{"java":{"insertions":23,"deletions":3}}},{"hash":"59cb3cc37a7202916eb08c4a149af690576f3b35","isMergeCommit":false,"messageTitle":"Included Todo, Deadline, and Event Tasks Functionalities","messageBody":"","fileTypesAndContributionMap":{"java":{"insertions":98,"deletions":6}}},{"hash":"a950ceaf17a9408332967929b77c475bb6f33289","isMergeCommit":false,"messageTitle":"Simplified / Standardized task message processing in DeadlineTask and EventTask initialisations.","messageBody":"","tags":["Level-4"],"fileTypesAndContributionMap":{"java":{"insertions":26,"deletions":11}}},{"hash":"bd97a3f5e2e31dac986ada4caa6d01fbdbb4bc29","isMergeCommit":false,"messageTitle":"Modified TextUiTesting","messageBody":"","tags":["A-TextUiTesting"],"fileTypesAndContributionMap":{"txt":{"insertions":22,"deletions":0},"bat":{"insertions":11,"deletions":2},"sh":{"insertions":20,"deletions":2}}},{"hash":"a0f3f3607c08ae269e706657b0338778dd338632","isMergeCommit":false,"messageTitle":"Included Exceptions to buildTask function","messageBody":"Todo: implement exceptions to textui\n","fileTypesAndContributionMap":{"java":{"insertions":20,"deletions":17}}},{"hash":"82ea30f7443bcda6c5f1781cf84a11662055e9ab","isMergeCommit":false,"messageTitle":"Included exception responses for Tasks.","messageBody":"Included help command.\n","tags":["Level-5"],"fileTypesAndContributionMap":{"java":{"insertions":36,"deletions":9}}},{"hash":"19fca92c54529cf19683390474721f1d6c1b1113","isMergeCommit":false,"messageTitle":"Included Delete Functionalities","messageBody":"","tags":["Level-6"],"fileTypesAndContributionMap":{"java":{"insertions":42,"deletions":26}}}]},{"date":"2025-08-21T00:00:00","commitResults":[{"hash":"2ca4636e08b7e957cb77177153c9ab1638502832","isMergeCommit":false,"messageTitle":"Add to Task class save and load functions for save and load format in save file","messageBody":"","fileTypesAndContributionMap":{"java":{"insertions":71,"deletions":16}}},{"hash":"04f2bef38c2d3cf142b2c07454d0658d19b51dfe","isMergeCommit":false,"messageTitle":"Add \"save\" and \"load\" command to Meep.java","messageBody":"","fileTypesAndContributionMap":{"txt":{"insertions":3,"deletions":0},"java":{"insertions":45,"deletions":9}}},{"hash":"334359f421cf175b12b5e54404e73c2aa1a2a0d1","isMergeCommit":true,"messageTitle":"Merge branch \u0027branch-Level-7\u0027","messageBody":"","tags":["Level-7"],"fileTypesAndContributionMap":{}}]}]},"authorFileTypeContributionMap":{"Xateh":{"java":360,"md":0,"fxml":0,"sh":20,"bat":11,"gradle":0,"txt":25}},"authorContributionVariance":{"Xateh":15372.123},"authorDisplayNameMap":{"Xateh":"CS2103T-T13-2 TEH ..U AN"}}
