[{"path":"src/main/java/DeadlineTask.java","fileType":"java","lines":[{"lineNumber":1,"author":{"gitId":"McFishhh"},"content":"import java.time.LocalDate;","lastModifiedDate":"2025-08-27T23:59:38","isFullCredit":false},{"lineNumber":2,"author":{"gitId":"McFishhh"},"content":"import java.time.format.DateTimeFormatter;","lastModifiedDate":"2025-08-27T23:59:38","isFullCredit":false},{"lineNumber":3,"author":{"gitId":"McFishhh"},"content":"","lastModifiedDate":"2025-08-27T23:59:38","isFullCredit":false},{"lineNumber":4,"author":{"gitId":"McFishhh"},"content":"public class DeadlineTask extends TodoTask {","lastModifiedDate":"2025-08-22T04:29:00","isFullCredit":false},{"lineNumber":5,"author":{"gitId":"McFishhh"},"content":"    protected LocalDate deadline;","lastModifiedDate":"2025-08-27T23:59:38","isFullCredit":false},{"lineNumber":6,"author":{"gitId":"McFishhh"},"content":"","lastModifiedDate":"2025-08-22T04:29:00","isFullCredit":false},{"lineNumber":7,"author":{"gitId":"McFishhh"},"content":"    public DeadlineTask(String description, LocalDate deadline) throws SigmaBotException{","lastModifiedDate":"2025-08-27T23:59:38","isFullCredit":false},{"lineNumber":8,"author":{"gitId":"McFishhh"},"content":"        super(description);","lastModifiedDate":"2025-08-22T04:29:00","isFullCredit":false},{"lineNumber":9,"author":{"gitId":"McFishhh"},"content":"        if (deadline \u003d\u003d null) {","lastModifiedDate":"2025-08-27T23:59:38","isFullCredit":false},{"lineNumber":10,"author":{"gitId":"McFishhh"},"content":"            throw new SigmaBotException(\"Hey, theres no deadline!\");","lastModifiedDate":"2025-08-22T05:48:34","isFullCredit":false},{"lineNumber":11,"author":{"gitId":"McFishhh"},"content":"        }","lastModifiedDate":"2025-08-22T05:48:34","isFullCredit":false},{"lineNumber":12,"author":{"gitId":"McFishhh"},"content":"        this.deadline \u003d deadline;","lastModifiedDate":"2025-08-22T04:29:00","isFullCredit":false},{"lineNumber":13,"author":{"gitId":"McFishhh"},"content":"    }","lastModifiedDate":"2025-08-22T04:29:00","isFullCredit":false},{"lineNumber":14,"author":{"gitId":"McFishhh"},"content":"","lastModifiedDate":"2025-08-22T04:29:00","isFullCredit":false},{"lineNumber":15,"author":{"gitId":"McFishhh"},"content":"    public DeadlineTask(String description, boolean isDone, LocalDate deadline) throws SigmaBotException{","lastModifiedDate":"2025-08-27T23:59:38","isFullCredit":false},{"lineNumber":16,"author":{"gitId":"McFishhh"},"content":"        super(description, isDone);","lastModifiedDate":"2025-08-27T23:24:07","isFullCredit":false},{"lineNumber":17,"author":{"gitId":"McFishhh"},"content":"        if (deadline.equals(\"\")) {","lastModifiedDate":"2025-08-27T23:24:07","isFullCredit":false},{"lineNumber":18,"author":{"gitId":"McFishhh"},"content":"            throw new SigmaBotException(\"Hey, theres no deadline!\");","lastModifiedDate":"2025-08-27T23:24:07","isFullCredit":false},{"lineNumber":19,"author":{"gitId":"McFishhh"},"content":"        }","lastModifiedDate":"2025-08-27T23:24:07","isFullCredit":false},{"lineNumber":20,"author":{"gitId":"McFishhh"},"content":"        this.deadline \u003d deadline;","lastModifiedDate":"2025-08-27T23:24:07","isFullCredit":false},{"lineNumber":21,"author":{"gitId":"McFishhh"},"content":"    }","lastModifiedDate":"2025-08-27T23:24:07","isFullCredit":false},{"lineNumber":22,"author":{"gitId":"McFishhh"},"content":"","lastModifiedDate":"2025-08-27T23:24:07","isFullCredit":false},{"lineNumber":23,"author":{"gitId":"McFishhh"},"content":"    public String getTaskIcon() {","lastModifiedDate":"2025-08-27T23:24:07","isFullCredit":false},{"lineNumber":24,"author":{"gitId":"McFishhh"},"content":"        return \"D\";","lastModifiedDate":"2025-08-27T23:24:07","isFullCredit":false},{"lineNumber":25,"author":{"gitId":"McFishhh"},"content":"    }","lastModifiedDate":"2025-08-27T23:24:07","isFullCredit":false},{"lineNumber":26,"author":{"gitId":"McFishhh"},"content":"","lastModifiedDate":"2025-08-27T23:24:07","isFullCredit":false},{"lineNumber":27,"author":{"gitId":"McFishhh"},"content":"    public String encodeSaveFormat() {","lastModifiedDate":"2025-08-27T23:24:07","isFullCredit":false},{"lineNumber":28,"author":{"gitId":"McFishhh"},"content":"        return this.getTaskIcon() + \",\" + this.isDone + \",\" + this.description + \",\" + this.deadline;","lastModifiedDate":"2025-08-27T23:24:07","isFullCredit":false},{"lineNumber":29,"author":{"gitId":"McFishhh"},"content":"    }","lastModifiedDate":"2025-08-27T23:24:07","isFullCredit":false},{"lineNumber":30,"author":{"gitId":"McFishhh"},"content":"","lastModifiedDate":"2025-08-27T23:24:07","isFullCredit":false},{"lineNumber":31,"author":{"gitId":"McFishhh"},"content":"    public static DeadlineTask decodeSaveFormat(String encoded) {","lastModifiedDate":"2025-08-27T23:24:07","isFullCredit":false},{"lineNumber":32,"author":{"gitId":"McFishhh"},"content":"        String[] encodedSplit \u003d encoded.split(\",\");","lastModifiedDate":"2025-08-27T23:24:07","isFullCredit":false},{"lineNumber":33,"author":{"gitId":"McFishhh"},"content":"        return new DeadlineTask(encodedSplit[2], Boolean.parseBoolean(encodedSplit[1]), LocalDate.parse(encodedSplit[3]));","lastModifiedDate":"2025-08-27T23:59:38","isFullCredit":false},{"lineNumber":34,"author":{"gitId":"McFishhh"},"content":"    }","lastModifiedDate":"2025-08-27T23:24:07","isFullCredit":false},{"lineNumber":35,"author":{"gitId":"McFishhh"},"content":"","lastModifiedDate":"2025-08-27T23:24:07","isFullCredit":false},{"lineNumber":36,"author":{"gitId":"McFishhh"},"content":"    @Override","lastModifiedDate":"2025-08-22T04:29:00","isFullCredit":false},{"lineNumber":37,"author":{"gitId":"McFishhh"},"content":"    public String toString() {","lastModifiedDate":"2025-08-22T04:29:00","isFullCredit":false},{"lineNumber":38,"author":{"gitId":"McFishhh"},"content":"","lastModifiedDate":"2025-08-27T23:59:38","isFullCredit":false},{"lineNumber":39,"author":{"gitId":"McFishhh"},"content":"        return \"[D]\" + \"[\" + this.getStatusIcon() + \"] \" + this.description + //","lastModifiedDate":"2025-08-22T04:29:00","isFullCredit":false},{"lineNumber":40,"author":{"gitId":"McFishhh"},"content":"                \" (by: \" + this.deadline.format(DateTimeFormatter.ofPattern(\"MMM d yyyy\")) + \")\";","lastModifiedDate":"2025-08-27T23:59:38","isFullCredit":false},{"lineNumber":41,"author":{"gitId":"McFishhh"},"content":"    }","lastModifiedDate":"2025-08-22T04:29:00","isFullCredit":false},{"lineNumber":42,"author":{"gitId":"McFishhh"},"content":"}","lastModifiedDate":"2025-08-22T04:29:00","isFullCredit":false}],"authorContributionMap":{"McFishhh":42}},{"path":"src/main/java/EventTask.java","fileType":"java","lines":[{"lineNumber":1,"author":{"gitId":"McFishhh"},"content":"public class EventTask extends TodoTask {","lastModifiedDate":"2025-08-22T04:29:00","isFullCredit":false},{"lineNumber":2,"author":{"gitId":"McFishhh"},"content":"    protected String start;","lastModifiedDate":"2025-08-22T04:29:00","isFullCredit":false},{"lineNumber":3,"author":{"gitId":"McFishhh"},"content":"    protected String end;","lastModifiedDate":"2025-08-22T04:29:00","isFullCredit":false},{"lineNumber":4,"author":{"gitId":"McFishhh"},"content":"        ","lastModifiedDate":"2025-08-22T04:29:00","isFullCredit":false},{"lineNumber":5,"author":{"gitId":"McFishhh"},"content":"    public EventTask(String description, String start, String end) throws SigmaBotException{","lastModifiedDate":"2025-08-22T05:48:34","isFullCredit":false},{"lineNumber":6,"author":{"gitId":"McFishhh"},"content":"        super(description);","lastModifiedDate":"2025-08-22T04:29:00","isFullCredit":false},{"lineNumber":7,"author":{"gitId":"McFishhh"},"content":"        if (start.equals(\"\") || end.equals(\"\")) {","lastModifiedDate":"2025-08-22T05:48:34","isFullCredit":false},{"lineNumber":8,"author":{"gitId":"McFishhh"},"content":"            throw new SigmaBotException(\"Hey, invalid start and end inputs!\");","lastModifiedDate":"2025-08-22T05:48:34","isFullCredit":false},{"lineNumber":9,"author":{"gitId":"McFishhh"},"content":"        }","lastModifiedDate":"2025-08-22T05:48:34","isFullCredit":false},{"lineNumber":10,"author":{"gitId":"McFishhh"},"content":"        this.start \u003d start;","lastModifiedDate":"2025-08-22T04:29:00","isFullCredit":false},{"lineNumber":11,"author":{"gitId":"McFishhh"},"content":"        this.end \u003d end;","lastModifiedDate":"2025-08-22T04:29:00","isFullCredit":false},{"lineNumber":12,"author":{"gitId":"McFishhh"},"content":"    }","lastModifiedDate":"2025-08-22T04:29:00","isFullCredit":false},{"lineNumber":13,"author":{"gitId":"McFishhh"},"content":"","lastModifiedDate":"2025-08-22T04:29:00","isFullCredit":false},{"lineNumber":14,"author":{"gitId":"McFishhh"},"content":"    public EventTask(String description, boolean isDone, String start, String end) throws SigmaBotException{","lastModifiedDate":"2025-08-27T23:24:07","isFullCredit":false},{"lineNumber":15,"author":{"gitId":"McFishhh"},"content":"        super(description, isDone);","lastModifiedDate":"2025-08-27T23:24:07","isFullCredit":false},{"lineNumber":16,"author":{"gitId":"McFishhh"},"content":"        if (start.equals(\"\") || end.equals(\"\")) {","lastModifiedDate":"2025-08-27T23:24:07","isFullCredit":false},{"lineNumber":17,"author":{"gitId":"McFishhh"},"content":"            throw new SigmaBotException(\"Hey, invalid start and end inputs!\");","lastModifiedDate":"2025-08-27T23:24:07","isFullCredit":false},{"lineNumber":18,"author":{"gitId":"McFishhh"},"content":"        }","lastModifiedDate":"2025-08-27T23:24:07","isFullCredit":false},{"lineNumber":19,"author":{"gitId":"McFishhh"},"content":"        this.start \u003d start;","lastModifiedDate":"2025-08-27T23:24:07","isFullCredit":false},{"lineNumber":20,"author":{"gitId":"McFishhh"},"content":"        this.end \u003d end;","lastModifiedDate":"2025-08-27T23:24:07","isFullCredit":false},{"lineNumber":21,"author":{"gitId":"McFishhh"},"content":"    }","lastModifiedDate":"2025-08-27T23:24:07","isFullCredit":false},{"lineNumber":22,"author":{"gitId":"McFishhh"},"content":"","lastModifiedDate":"2025-08-27T23:24:07","isFullCredit":false},{"lineNumber":23,"author":{"gitId":"McFishhh"},"content":"    public String getTaskIcon() {","lastModifiedDate":"2025-08-27T23:24:07","isFullCredit":false},{"lineNumber":24,"author":{"gitId":"McFishhh"},"content":"        return \"E\";","lastModifiedDate":"2025-08-27T23:24:07","isFullCredit":false},{"lineNumber":25,"author":{"gitId":"McFishhh"},"content":"    }","lastModifiedDate":"2025-08-27T23:24:07","isFullCredit":false},{"lineNumber":26,"author":{"gitId":"McFishhh"},"content":"","lastModifiedDate":"2025-08-27T23:24:07","isFullCredit":false},{"lineNumber":27,"author":{"gitId":"McFishhh"},"content":"    public String encodeSaveFormat() {","lastModifiedDate":"2025-08-27T23:24:07","isFullCredit":false},{"lineNumber":28,"author":{"gitId":"McFishhh"},"content":"        return this.getTaskIcon() + \",\" + this.isDone + \",\" + this.description + \",\" + this.start + \",\" + this.end;","lastModifiedDate":"2025-08-27T23:24:07","isFullCredit":false},{"lineNumber":29,"author":{"gitId":"McFishhh"},"content":"    }","lastModifiedDate":"2025-08-27T23:24:07","isFullCredit":false},{"lineNumber":30,"author":{"gitId":"McFishhh"},"content":"","lastModifiedDate":"2025-08-27T23:24:07","isFullCredit":false},{"lineNumber":31,"author":{"gitId":"McFishhh"},"content":"    public static EventTask decodeSaveFormat(String encoded) {","lastModifiedDate":"2025-08-27T23:24:07","isFullCredit":false},{"lineNumber":32,"author":{"gitId":"McFishhh"},"content":"        String[] encodedSplit \u003d encoded.split(\",\");","lastModifiedDate":"2025-08-27T23:24:07","isFullCredit":false},{"lineNumber":33,"author":{"gitId":"McFishhh"},"content":"        return new EventTask(encodedSplit[2], Boolean.parseBoolean(encodedSplit[1]), encodedSplit[3], encodedSplit[4]);","lastModifiedDate":"2025-08-27T23:24:07","isFullCredit":false},{"lineNumber":34,"author":{"gitId":"McFishhh"},"content":"    }","lastModifiedDate":"2025-08-27T23:24:07","isFullCredit":false},{"lineNumber":35,"author":{"gitId":"McFishhh"},"content":"","lastModifiedDate":"2025-08-27T23:24:07","isFullCredit":false},{"lineNumber":36,"author":{"gitId":"McFishhh"},"content":"    @Override","lastModifiedDate":"2025-08-22T04:29:00","isFullCredit":false},{"lineNumber":37,"author":{"gitId":"McFishhh"},"content":"    public String toString() {","lastModifiedDate":"2025-08-22T04:29:00","isFullCredit":false},{"lineNumber":38,"author":{"gitId":"McFishhh"},"content":"        return \"[E]\" + \"[\" + this.getStatusIcon() + \"] \" + this.description + //","lastModifiedDate":"2025-08-22T04:29:00","isFullCredit":false},{"lineNumber":39,"author":{"gitId":"McFishhh"},"content":"                \" (from: \" + this.start + \" to: \" + this.end + \")\";","lastModifiedDate":"2025-08-22T04:29:00","isFullCredit":false},{"lineNumber":40,"author":{"gitId":"McFishhh"},"content":"    }","lastModifiedDate":"2025-08-22T04:29:00","isFullCredit":false},{"lineNumber":41,"author":{"gitId":"McFishhh"},"content":"}","lastModifiedDate":"2025-08-22T04:29:00","isFullCredit":false}],"authorContributionMap":{"McFishhh":41}},{"path":"src/main/java/SigmaBot.java","fileType":"java","lines":[{"lineNumber":1,"author":{"gitId":"McFishhh"},"content":"import java.util.Scanner;","lastModifiedDate":"2025-08-22T01:31:18","isFullCredit":false},{"lineNumber":2,"author":{"gitId":"McFishhh"},"content":"import java.util.ArrayList;","lastModifiedDate":"2025-08-22T06:01:09","isFullCredit":false},{"lineNumber":3,"author":{"gitId":"McFishhh"},"content":"","lastModifiedDate":"2025-08-22T01:31:18","isFullCredit":false},{"lineNumber":4,"author":{"gitId":"McFishhh"},"content":"import java.nio.file.Path;","lastModifiedDate":"2025-08-27T23:24:07","isFullCredit":false},{"lineNumber":5,"author":{"gitId":"McFishhh"},"content":"import java.nio.file.Paths;","lastModifiedDate":"2025-08-27T23:24:07","isFullCredit":false},{"lineNumber":6,"author":{"gitId":"McFishhh"},"content":"import java.nio.file.Files;","lastModifiedDate":"2025-08-27T23:24:07","isFullCredit":false},{"lineNumber":7,"author":{"gitId":"McFishhh"},"content":"","lastModifiedDate":"2025-08-27T23:24:07","isFullCredit":false},{"lineNumber":8,"author":{"gitId":"McFishhh"},"content":"import java.io.File;","lastModifiedDate":"2025-08-27T23:24:07","isFullCredit":false},{"lineNumber":9,"author":{"gitId":"McFishhh"},"content":"import java.io.FileWriter;","lastModifiedDate":"2025-08-27T23:24:07","isFullCredit":false},{"lineNumber":10,"author":{"gitId":"McFishhh"},"content":"import java.io.FileReader;","lastModifiedDate":"2025-08-27T23:24:07","isFullCredit":false},{"lineNumber":11,"author":{"gitId":"McFishhh"},"content":"import java.io.IOException;","lastModifiedDate":"2025-08-27T23:24:07","isFullCredit":false},{"lineNumber":12,"author":{"gitId":"McFishhh"},"content":"import java.io.BufferedReader;","lastModifiedDate":"2025-08-27T23:24:07","isFullCredit":false},{"lineNumber":13,"author":{"gitId":"McFishhh"},"content":"","lastModifiedDate":"2025-08-27T23:24:07","isFullCredit":false},{"lineNumber":14,"author":{"gitId":"McFishhh"},"content":"import java.time.LocalDate;","lastModifiedDate":"2025-08-27T23:59:38","isFullCredit":false},{"lineNumber":15,"author":{"gitId":"McFishhh"},"content":"import java.time.format.DateTimeParseException;","lastModifiedDate":"2025-08-27T23:59:38","isFullCredit":false},{"lineNumber":16,"author":{"gitId":"McFishhh"},"content":"","lastModifiedDate":"2025-08-27T23:59:38","isFullCredit":false},{"lineNumber":17,"author":{"gitId":"McFishhh"},"content":"public class SigmaBot {","lastModifiedDate":"2025-08-22T01:10:17","isFullCredit":false},{"lineNumber":18,"author":{"gitId":"McFishhh"},"content":"    public static final String GREETING \u003d \"Hello! I\u0027m SigmaBot\\r\\n\" + \"What can I do for you?\\r\\n\";","lastModifiedDate":"2025-08-22T05:03:55","isFullCredit":false},{"lineNumber":19,"author":{"gitId":"McFishhh"},"content":"    public static final String GOODBYE \u003d \"Bye. Hope to see you again soon!\\r\\n\";","lastModifiedDate":"2025-08-22T05:03:55","isFullCredit":false},{"lineNumber":20,"author":{"gitId":"McFishhh"},"content":"    public static final String SEP \u003d \"____________________________________________________________\\r\\n\";","lastModifiedDate":"2025-08-22T05:03:55","isFullCredit":false},{"lineNumber":21,"author":{"gitId":"McFishhh"},"content":"","lastModifiedDate":"2025-08-22T03:31:51","isFullCredit":false},{"lineNumber":22,"author":{"gitId":"McFishhh"},"content":"    private ArrayList\u003cTask\u003e todo \u003d new ArrayList\u003cTask\u003e(); ","lastModifiedDate":"2025-08-22T06:01:09","isFullCredit":false},{"lineNumber":23,"author":{"gitId":"McFishhh"},"content":"    private ArrayList\u003cTask\u003e newTodo \u003d new ArrayList\u003cTask\u003e();","lastModifiedDate":"2025-08-27T23:24:07","isFullCredit":false},{"lineNumber":24,"author":{"gitId":"McFishhh"},"content":"    private int numTask \u003d 0;","lastModifiedDate":"2025-08-22T03:31:51","isFullCredit":false},{"lineNumber":25,"author":{"gitId":"McFishhh"},"content":"","lastModifiedDate":"2025-08-22T01:31:18","isFullCredit":false},{"lineNumber":26,"author":{"gitId":"McFishhh"},"content":"    private String savePath \u003d \"saves/savedTasks.txt\";","lastModifiedDate":"2025-08-27T23:24:07","isFullCredit":false},{"lineNumber":27,"author":{"gitId":"McFishhh"},"content":"","lastModifiedDate":"2025-08-27T23:24:07","isFullCredit":false},{"lineNumber":28,"author":{"gitId":"McFishhh"},"content":"    public SigmaBot() { ","lastModifiedDate":"2025-08-22T01:31:18","isFullCredit":false},{"lineNumber":29,"author":{"gitId":"McFishhh"},"content":"    }","lastModifiedDate":"2025-08-22T01:31:18","isFullCredit":false},{"lineNumber":30,"author":{"gitId":"McFishhh"},"content":"","lastModifiedDate":"2025-08-22T01:31:18","isFullCredit":false},{"lineNumber":31,"author":{"gitId":"McFishhh"},"content":"    public ArrayList\u003cTask\u003e addItemFromSave(Task item) {","lastModifiedDate":"2025-08-27T23:24:07","isFullCredit":false},{"lineNumber":32,"author":{"gitId":"McFishhh"},"content":"        todo.add(numTask, item);","lastModifiedDate":"2025-08-27T23:24:07","isFullCredit":false},{"lineNumber":33,"author":{"gitId":"McFishhh"},"content":"        numTask +\u003d 1;","lastModifiedDate":"2025-08-27T23:24:07","isFullCredit":false},{"lineNumber":34,"author":{"gitId":"McFishhh"},"content":"","lastModifiedDate":"2025-08-27T23:24:07","isFullCredit":false},{"lineNumber":35,"author":{"gitId":"McFishhh"},"content":"        return todo;","lastModifiedDate":"2025-08-27T23:24:07","isFullCredit":false},{"lineNumber":36,"author":{"gitId":"McFishhh"},"content":"    }","lastModifiedDate":"2025-08-27T23:24:07","isFullCredit":false},{"lineNumber":37,"author":{"gitId":"McFishhh"},"content":"","lastModifiedDate":"2025-08-27T23:24:07","isFullCredit":false},{"lineNumber":38,"author":{"gitId":"McFishhh"},"content":"    public ArrayList\u003cTask\u003e addItem(Task item) {","lastModifiedDate":"2025-08-22T06:01:09","isFullCredit":false},{"lineNumber":39,"author":{"gitId":"McFishhh"},"content":"        todo.add(numTask, item);","lastModifiedDate":"2025-08-22T06:01:09","isFullCredit":false},{"lineNumber":40,"author":{"gitId":"McFishhh"},"content":"        newTodo.add(item);","lastModifiedDate":"2025-08-27T23:59:38","isFullCredit":false},{"lineNumber":41,"author":{"gitId":"McFishhh"},"content":"        numTask +\u003d 1;","lastModifiedDate":"2025-08-22T03:31:51","isFullCredit":false},{"lineNumber":42,"author":{"gitId":"McFishhh"},"content":"","lastModifiedDate":"2025-08-22T02:51:05","isFullCredit":false},{"lineNumber":43,"author":{"gitId":"McFishhh"},"content":"        return todo;","lastModifiedDate":"2025-08-22T02:51:05","isFullCredit":false},{"lineNumber":44,"author":{"gitId":"McFishhh"},"content":"    }","lastModifiedDate":"2025-08-22T02:51:05","isFullCredit":false},{"lineNumber":45,"author":{"gitId":"McFishhh"},"content":"    ","lastModifiedDate":"2025-08-22T02:51:05","isFullCredit":false},{"lineNumber":46,"author":{"gitId":"McFishhh"},"content":"    public Task deleteItem(int i) {","lastModifiedDate":"2025-08-22T06:01:09","isFullCredit":false},{"lineNumber":47,"author":{"gitId":"McFishhh"},"content":"        numTask -\u003d 1;","lastModifiedDate":"2025-08-22T06:01:09","isFullCredit":false},{"lineNumber":48,"author":{"gitId":"McFishhh"},"content":"        ","lastModifiedDate":"2025-08-22T06:01:09","isFullCredit":false},{"lineNumber":49,"author":{"gitId":"McFishhh"},"content":"        return todo.remove(i);","lastModifiedDate":"2025-08-22T06:01:09","isFullCredit":false},{"lineNumber":50,"author":{"gitId":"McFishhh"},"content":"    }","lastModifiedDate":"2025-08-22T06:01:09","isFullCredit":false},{"lineNumber":51,"author":{"gitId":"McFishhh"},"content":"","lastModifiedDate":"2025-08-22T06:01:09","isFullCredit":false},{"lineNumber":52,"author":{"gitId":"McFishhh"},"content":"    public ArrayList\u003cTask\u003e getTodo() {","lastModifiedDate":"2025-08-22T06:01:09","isFullCredit":false},{"lineNumber":53,"author":{"gitId":"McFishhh"},"content":"        return this.todo;","lastModifiedDate":"2025-08-22T02:51:05","isFullCredit":false},{"lineNumber":54,"author":{"gitId":"McFishhh"},"content":"    } ","lastModifiedDate":"2025-08-22T02:51:05","isFullCredit":false},{"lineNumber":55,"author":{"gitId":"McFishhh"},"content":"","lastModifiedDate":"2025-08-22T02:51:05","isFullCredit":false},{"lineNumber":56,"author":{"gitId":"McFishhh"},"content":"    public int getNumTask() {","lastModifiedDate":"2025-08-22T03:31:51","isFullCredit":false},{"lineNumber":57,"author":{"gitId":"McFishhh"},"content":"        return this.numTask;","lastModifiedDate":"2025-08-22T03:31:51","isFullCredit":false},{"lineNumber":58,"author":{"gitId":"McFishhh"},"content":"    } ","lastModifiedDate":"2025-08-22T03:31:51","isFullCredit":false},{"lineNumber":59,"author":{"gitId":"McFishhh"},"content":"","lastModifiedDate":"2025-08-22T03:31:51","isFullCredit":false},{"lineNumber":60,"author":{"gitId":"McFishhh"},"content":"    public void markTask(int i) {","lastModifiedDate":"2025-08-22T03:31:51","isFullCredit":false},{"lineNumber":61,"author":{"gitId":"McFishhh"},"content":"        this.todo.get(i).mark();","lastModifiedDate":"2025-08-22T06:01:09","isFullCredit":false},{"lineNumber":62,"author":{"gitId":"McFishhh"},"content":"    }","lastModifiedDate":"2025-08-22T03:31:51","isFullCredit":false},{"lineNumber":63,"author":{"gitId":"McFishhh"},"content":"","lastModifiedDate":"2025-08-22T03:31:51","isFullCredit":false},{"lineNumber":64,"author":{"gitId":"McFishhh"},"content":"    public void unmarkTask(int i) {","lastModifiedDate":"2025-08-22T03:31:51","isFullCredit":false},{"lineNumber":65,"author":{"gitId":"McFishhh"},"content":"        this.todo.get(i).unmark();","lastModifiedDate":"2025-08-22T06:01:09","isFullCredit":false},{"lineNumber":66,"author":{"gitId":"McFishhh"},"content":"    }","lastModifiedDate":"2025-08-22T02:51:05","isFullCredit":false},{"lineNumber":67,"author":{"gitId":"McFishhh"},"content":"","lastModifiedDate":"2025-08-22T02:51:05","isFullCredit":false},{"lineNumber":68,"author":{"gitId":"McFishhh"},"content":"    public Task nextTask(Scanner scanner) throws SigmaBotException{","lastModifiedDate":"2025-08-22T05:48:34","isFullCredit":false},{"lineNumber":69,"author":{"gitId":"McFishhh"},"content":"        String msg \u003d scanner.nextLine().toLowerCase();","lastModifiedDate":"2025-08-22T03:31:51","isFullCredit":false},{"lineNumber":70,"author":{"gitId":"McFishhh"},"content":"        String[] msgSplit \u003d msg.split(\" \", 2);","lastModifiedDate":"2025-08-27T19:49:05","isFullCredit":false},{"lineNumber":71,"author":{"gitId":"McFishhh"},"content":"        ","lastModifiedDate":"2025-08-22T04:29:48","isFullCredit":false},{"lineNumber":72,"author":{"gitId":"McFishhh"},"content":"        // Task task \u003d new Task(msg);","lastModifiedDate":"2025-08-27T23:24:07","isFullCredit":false},{"lineNumber":73,"author":{"gitId":"McFishhh"},"content":"        Task task \u003d new TodoTask(msg);","lastModifiedDate":"2025-08-27T23:24:07","isFullCredit":false},{"lineNumber":74,"author":{"gitId":"McFishhh"},"content":"        if (msgSplit[0].equals(\"todo\")) {","lastModifiedDate":"2025-08-27T19:49:05","isFullCredit":false},{"lineNumber":75,"author":{"gitId":"McFishhh"},"content":"            // added testcase for todo with empty description ","lastModifiedDate":"2025-08-22T05:48:34","isFullCredit":false},{"lineNumber":76,"author":{"gitId":"McFishhh"},"content":"            if (msgSplit.length \u003d\u003d 1) {","lastModifiedDate":"2025-08-27T19:49:05","isFullCredit":false},{"lineNumber":77,"author":{"gitId":"McFishhh"},"content":"                System.out.println(SEP + \"Hey! invalid description\\n\" + SEP);","lastModifiedDate":"2025-08-22T05:48:34","isFullCredit":false},{"lineNumber":78,"author":{"gitId":"McFishhh"},"content":"                task \u003d nextTask(scanner);","lastModifiedDate":"2025-08-22T05:48:34","isFullCredit":false},{"lineNumber":79,"author":{"gitId":"McFishhh"},"content":"            } else { ","lastModifiedDate":"2025-08-22T05:48:34","isFullCredit":false},{"lineNumber":80,"author":{"gitId":"McFishhh"},"content":"                task \u003d new TodoTask(msgSplit[1]);","lastModifiedDate":"2025-08-27T19:49:05","isFullCredit":false},{"lineNumber":81,"author":{"gitId":"McFishhh"},"content":"            }","lastModifiedDate":"2025-08-22T05:48:34","isFullCredit":false},{"lineNumber":82,"author":{"gitId":"McFishhh"},"content":"        } else if (msgSplit[0].equals(\"deadline\")) {","lastModifiedDate":"2025-08-27T19:49:05","isFullCredit":false},{"lineNumber":83,"author":{"gitId":"McFishhh"},"content":"            String[] msg3 \u003d msgSplit[1].split(\" /by \", 2);","lastModifiedDate":"2025-08-27T19:49:05","isFullCredit":false},{"lineNumber":84,"author":{"gitId":"McFishhh"},"content":"            task \u003d new DeadlineTask(msg3[0], LocalDate.parse(msg3[1])); // deadline must be in LocalDate format ","lastModifiedDate":"2025-08-27T23:59:38","isFullCredit":false},{"lineNumber":85,"author":{"gitId":"McFishhh"},"content":"        } else if (msgSplit[0].equals(\"event\")) {","lastModifiedDate":"2025-08-27T19:49:05","isFullCredit":false},{"lineNumber":86,"author":{"gitId":"McFishhh"},"content":"            String[] msg3 \u003d msgSplit[1].split(\" /from \", 2);","lastModifiedDate":"2025-08-27T19:49:05","isFullCredit":false},{"lineNumber":87,"author":{"gitId":"McFishhh"},"content":"            String[] msg4 \u003d msg3[1].split(\" /to \", 2);","lastModifiedDate":"2025-08-22T04:29:48","isFullCredit":false},{"lineNumber":88,"author":{"gitId":"McFishhh"},"content":"            task \u003d new EventTask(msg3[0], msg4[0], msg4[1]);","lastModifiedDate":"2025-08-22T04:29:48","isFullCredit":false},{"lineNumber":89,"author":{"gitId":"McFishhh"},"content":"        } else if (!msg.equals(\"list\") \u0026\u0026 !msg.equals(\"bye\") \u0026\u0026","lastModifiedDate":"2025-08-27T19:49:05","isFullCredit":false},{"lineNumber":90,"author":{"gitId":"McFishhh"},"content":"                    !msgSplit[0].equals(\"mark\") \u0026\u0026 !msgSplit[0].equals(\"unmark\") \u0026\u0026 !msgSplit[0].equals(\"delete\")) {","lastModifiedDate":"2025-08-27T19:49:05","isFullCredit":false},{"lineNumber":91,"author":{"gitId":"McFishhh"},"content":"            // throw new SigmaBotException(\"Hey, that is not a valid command!\"); ","lastModifiedDate":"2025-08-22T05:48:34","isFullCredit":false},{"lineNumber":92,"author":{"gitId":"McFishhh"},"content":"            System.out.println(SEP + \"Hey! that doesnt make any sense!\\n\" + SEP);","lastModifiedDate":"2025-08-22T05:48:34","isFullCredit":false},{"lineNumber":93,"author":{"gitId":"McFishhh"},"content":"            task \u003d nextTask(scanner);","lastModifiedDate":"2025-08-22T05:48:34","isFullCredit":false},{"lineNumber":94,"author":{"gitId":"McFishhh"},"content":"        }","lastModifiedDate":"2025-08-22T04:29:48","isFullCredit":false},{"lineNumber":95,"author":{"gitId":"McFishhh"},"content":"","lastModifiedDate":"2025-08-22T01:31:18","isFullCredit":false},{"lineNumber":96,"author":{"gitId":"McFishhh"},"content":"        return task;","lastModifiedDate":"2025-08-22T03:31:51","isFullCredit":false},{"lineNumber":97,"author":{"gitId":"McFishhh"},"content":"    }","lastModifiedDate":"2025-08-22T03:31:51","isFullCredit":false},{"lineNumber":98,"author":{"gitId":"McFishhh"},"content":"","lastModifiedDate":"2025-08-22T03:31:51","isFullCredit":false},{"lineNumber":99,"author":{"gitId":"McFishhh"},"content":"    public void printTasks() {","lastModifiedDate":"2025-08-22T03:31:51","isFullCredit":false},{"lineNumber":100,"author":{"gitId":"McFishhh"},"content":"        System.out.print(SEP);","lastModifiedDate":"2025-08-22T03:31:51","isFullCredit":false},{"lineNumber":101,"author":{"gitId":"McFishhh"},"content":"        System.out.println(\"Here are the tasks in your list:\");","lastModifiedDate":"2025-08-22T05:03:55","isFullCredit":false},{"lineNumber":102,"author":{"gitId":"McFishhh"},"content":"        for (int i \u003d 0; i \u003c getNumTask(); i +\u003d 1) {","lastModifiedDate":"2025-08-22T03:31:51","isFullCredit":false},{"lineNumber":103,"author":{"gitId":"McFishhh"},"content":"            System.out.println(String.valueOf(i + 1) + \".\" + this.todo.get(i));","lastModifiedDate":"2025-08-27T19:29:39","isFullCredit":false},{"lineNumber":104,"author":{"gitId":"McFishhh"},"content":"        }       ","lastModifiedDate":"2025-08-22T03:31:51","isFullCredit":false},{"lineNumber":105,"author":{"gitId":"McFishhh"},"content":"        System.out.println(SEP);","lastModifiedDate":"2025-08-22T03:31:51","isFullCredit":false},{"lineNumber":106,"author":{"gitId":"McFishhh"},"content":"    }","lastModifiedDate":"2025-08-22T01:31:18","isFullCredit":false},{"lineNumber":107,"author":{"gitId":"McFishhh"},"content":"","lastModifiedDate":"2025-08-22T01:31:18","isFullCredit":false},{"lineNumber":108,"author":{"gitId":"McFishhh"},"content":"    private boolean loadTasks() throws IOException {","lastModifiedDate":"2025-08-27T23:24:07","isFullCredit":false},{"lineNumber":109,"author":{"gitId":"McFishhh"},"content":"        Path path \u003d Paths.get(savePath);","lastModifiedDate":"2025-08-27T23:24:07","isFullCredit":false},{"lineNumber":110,"author":{"gitId":"McFishhh"},"content":"        ","lastModifiedDate":"2025-08-27T23:24:07","isFullCredit":false},{"lineNumber":111,"author":{"gitId":"McFishhh"},"content":"        // check for existence of filepath ","lastModifiedDate":"2025-08-27T23:24:07","isFullCredit":false},{"lineNumber":112,"author":{"gitId":"McFishhh"},"content":"        if (!Files.exists(path)) {","lastModifiedDate":"2025-08-27T23:24:07","isFullCredit":false},{"lineNumber":113,"author":{"gitId":"McFishhh"},"content":"            System.out.println(SEP + \"No existing save file :(\\n\" + SEP);","lastModifiedDate":"2025-08-27T23:24:07","isFullCredit":false},{"lineNumber":114,"author":{"gitId":"McFishhh"},"content":"            return false;","lastModifiedDate":"2025-08-27T23:24:07","isFullCredit":false},{"lineNumber":115,"author":{"gitId":"McFishhh"},"content":"        }","lastModifiedDate":"2025-08-27T23:24:07","isFullCredit":false},{"lineNumber":116,"author":{"gitId":"McFishhh"},"content":"","lastModifiedDate":"2025-08-27T23:24:07","isFullCredit":false},{"lineNumber":117,"author":{"gitId":"McFishhh"},"content":"        // read in files one line at a time and creates Tasks to add to todo","lastModifiedDate":"2025-08-27T23:24:07","isFullCredit":false},{"lineNumber":118,"author":{"gitId":"McFishhh"},"content":"        BufferedReader bufferReader \u003d new BufferedReader(new FileReader(savePath));","lastModifiedDate":"2025-08-27T23:24:07","isFullCredit":false},{"lineNumber":119,"author":{"gitId":"McFishhh"},"content":"        String line;","lastModifiedDate":"2025-08-27T23:24:07","isFullCredit":false},{"lineNumber":120,"author":{"gitId":"McFishhh"},"content":"        while ((line \u003d bufferReader.readLine()) !\u003d null) { ","lastModifiedDate":"2025-08-27T23:24:07","isFullCredit":false},{"lineNumber":121,"author":{"gitId":"McFishhh"},"content":"            String[] lineSplit \u003d line.split(\",\");","lastModifiedDate":"2025-08-27T23:24:07","isFullCredit":false},{"lineNumber":122,"author":{"gitId":"McFishhh"},"content":"","lastModifiedDate":"2025-08-27T23:24:07","isFullCredit":false},{"lineNumber":123,"author":{"gitId":"McFishhh"},"content":"            if (lineSplit[0].equals(\"T\")) {","lastModifiedDate":"2025-08-27T23:24:07","isFullCredit":false},{"lineNumber":124,"author":{"gitId":"McFishhh"},"content":"                addItemFromSave(TodoTask.decodeSaveFormat(line));","lastModifiedDate":"2025-08-27T23:24:07","isFullCredit":false},{"lineNumber":125,"author":{"gitId":"McFishhh"},"content":"            } else if (lineSplit[0].equals(\"D\")) {","lastModifiedDate":"2025-08-27T23:24:07","isFullCredit":false},{"lineNumber":126,"author":{"gitId":"McFishhh"},"content":"                addItemFromSave(DeadlineTask.decodeSaveFormat(line));","lastModifiedDate":"2025-08-27T23:24:07","isFullCredit":false},{"lineNumber":127,"author":{"gitId":"McFishhh"},"content":"            } else if (lineSplit[0].equals(\"E\")) {","lastModifiedDate":"2025-08-27T23:24:07","isFullCredit":false},{"lineNumber":128,"author":{"gitId":"McFishhh"},"content":"                addItemFromSave(EventTask.decodeSaveFormat(line));","lastModifiedDate":"2025-08-27T23:24:07","isFullCredit":false},{"lineNumber":129,"author":{"gitId":"McFishhh"},"content":"            }","lastModifiedDate":"2025-08-27T23:24:07","isFullCredit":false},{"lineNumber":130,"author":{"gitId":"McFishhh"},"content":"        }","lastModifiedDate":"2025-08-27T23:24:07","isFullCredit":false},{"lineNumber":131,"author":{"gitId":"McFishhh"},"content":"","lastModifiedDate":"2025-08-27T23:24:07","isFullCredit":false},{"lineNumber":132,"author":{"gitId":"McFishhh"},"content":"        System.out.println(SEP + \"Successfully loaded tasks! :D\\n\" + SEP);","lastModifiedDate":"2025-08-27T23:24:07","isFullCredit":false},{"lineNumber":133,"author":{"gitId":"McFishhh"},"content":"        bufferReader.close();","lastModifiedDate":"2025-08-27T23:24:07","isFullCredit":false},{"lineNumber":134,"author":{"gitId":"McFishhh"},"content":"        return true;","lastModifiedDate":"2025-08-27T23:24:07","isFullCredit":false},{"lineNumber":135,"author":{"gitId":"McFishhh"},"content":"    }","lastModifiedDate":"2025-08-27T23:24:07","isFullCredit":false},{"lineNumber":136,"author":{"gitId":"McFishhh"},"content":"","lastModifiedDate":"2025-08-27T23:24:07","isFullCredit":false},{"lineNumber":137,"author":{"gitId":"McFishhh"},"content":"    private boolean saveTasks() throws IOException {","lastModifiedDate":"2025-08-27T23:24:07","isFullCredit":false},{"lineNumber":138,"author":{"gitId":"McFishhh"},"content":"        File file \u003d new File(savePath);","lastModifiedDate":"2025-08-27T23:24:07","isFullCredit":false},{"lineNumber":139,"author":{"gitId":"McFishhh"},"content":"","lastModifiedDate":"2025-08-27T23:24:07","isFullCredit":false},{"lineNumber":140,"author":{"gitId":"McFishhh"},"content":"        // create new dir and file if it doesnt exist ","lastModifiedDate":"2025-08-27T23:24:07","isFullCredit":false},{"lineNumber":141,"author":{"gitId":"McFishhh"},"content":"        if (!Files.exists(Paths.get(savePath))) {","lastModifiedDate":"2025-08-27T23:24:07","isFullCredit":false},{"lineNumber":142,"author":{"gitId":"McFishhh"},"content":"            file.getParentFile().mkdir();","lastModifiedDate":"2025-08-27T23:24:07","isFullCredit":false},{"lineNumber":143,"author":{"gitId":"McFishhh"},"content":"            file.createNewFile();","lastModifiedDate":"2025-08-27T23:24:07","isFullCredit":false},{"lineNumber":144,"author":{"gitId":"McFishhh"},"content":"        }","lastModifiedDate":"2025-08-27T23:24:07","isFullCredit":false},{"lineNumber":145,"author":{"gitId":"McFishhh"},"content":"","lastModifiedDate":"2025-08-27T23:24:07","isFullCredit":false},{"lineNumber":146,"author":{"gitId":"McFishhh"},"content":"        // saves file to savePath","lastModifiedDate":"2025-08-27T23:24:07","isFullCredit":false},{"lineNumber":147,"author":{"gitId":"McFishhh"},"content":"        FileWriter fileWriter \u003d new FileWriter(savePath, true);","lastModifiedDate":"2025-08-27T23:24:07","isFullCredit":false},{"lineNumber":148,"author":{"gitId":"McFishhh"},"content":"","lastModifiedDate":"2025-08-27T23:24:07","isFullCredit":false},{"lineNumber":149,"author":{"gitId":"McFishhh"},"content":"        for (Task task : newTodo) {","lastModifiedDate":"2025-08-27T23:24:07","isFullCredit":false},{"lineNumber":150,"author":{"gitId":"McFishhh"},"content":"            fileWriter.write(task.encodeSaveFormat() + \"\\n\");","lastModifiedDate":"2025-08-27T23:24:07","isFullCredit":false},{"lineNumber":151,"author":{"gitId":"McFishhh"},"content":"        }","lastModifiedDate":"2025-08-27T23:24:07","isFullCredit":false},{"lineNumber":152,"author":{"gitId":"McFishhh"},"content":"","lastModifiedDate":"2025-08-27T23:24:07","isFullCredit":false},{"lineNumber":153,"author":{"gitId":"McFishhh"},"content":"        System.out.println(SEP + \"Successfully saved tasks!\\n\" + SEP);","lastModifiedDate":"2025-08-27T23:24:07","isFullCredit":false},{"lineNumber":154,"author":{"gitId":"McFishhh"},"content":"        fileWriter.close();","lastModifiedDate":"2025-08-27T23:24:07","isFullCredit":false},{"lineNumber":155,"author":{"gitId":"McFishhh"},"content":"        return true;","lastModifiedDate":"2025-08-27T23:24:07","isFullCredit":false},{"lineNumber":156,"author":{"gitId":"McFishhh"},"content":"    }","lastModifiedDate":"2025-08-27T23:24:07","isFullCredit":false},{"lineNumber":157,"author":{"gitId":"McFishhh"},"content":"    ","lastModifiedDate":"2025-08-22T01:31:18","isFullCredit":false},{"lineNumber":158,"author":{"gitId":"McFishhh"},"content":"    public static void main(String[] args) {","lastModifiedDate":"2025-08-22T01:10:17","isFullCredit":false},{"lineNumber":159,"author":{"gitId":"McFishhh"},"content":"        Scanner scanner \u003d new Scanner(System.in);","lastModifiedDate":"2025-08-22T01:31:18","isFullCredit":false},{"lineNumber":160,"author":{"gitId":"McFishhh"},"content":"        SigmaBot bot \u003d new SigmaBot();","lastModifiedDate":"2025-08-22T02:51:05","isFullCredit":false},{"lineNumber":161,"author":{"gitId":"McFishhh"},"content":"","lastModifiedDate":"2025-08-22T01:31:18","isFullCredit":false},{"lineNumber":162,"author":{"gitId":"McFishhh"},"content":"        try {","lastModifiedDate":"2025-08-27T23:24:07","isFullCredit":false},{"lineNumber":163,"author":{"gitId":"McFishhh"},"content":"            bot.loadTasks();","lastModifiedDate":"2025-08-27T23:24:07","isFullCredit":false},{"lineNumber":164,"author":{"gitId":"McFishhh"},"content":"        } catch (IOException e) {","lastModifiedDate":"2025-08-27T23:24:07","isFullCredit":false},{"lineNumber":165,"author":{"gitId":"McFishhh"},"content":"            System.out.println(e.getMessage());","lastModifiedDate":"2025-08-27T23:24:07","isFullCredit":false},{"lineNumber":166,"author":{"gitId":"McFishhh"},"content":"        }","lastModifiedDate":"2025-08-27T23:24:07","isFullCredit":false},{"lineNumber":167,"author":{"gitId":"McFishhh"},"content":"","lastModifiedDate":"2025-08-27T23:24:07","isFullCredit":false},{"lineNumber":168,"author":{"gitId":"McFishhh"},"content":"        System.out.println(SEP + GREETING + SEP);","lastModifiedDate":"2025-08-22T03:31:51","isFullCredit":false},{"lineNumber":169,"author":{"gitId":"McFishhh"},"content":"        ","lastModifiedDate":"2025-08-22T01:10:17","isFullCredit":false},{"lineNumber":170,"author":{"gitId":"McFishhh"},"content":"        ","lastModifiedDate":"2025-08-27T23:59:38","isFullCredit":false},{"lineNumber":171,"author":{"gitId":"McFishhh"},"content":"        Task task \u003d bot.nextTask(scanner);","lastModifiedDate":"2025-08-22T03:31:51","isFullCredit":false},{"lineNumber":172,"author":{"gitId":"McFishhh"},"content":"        try {","lastModifiedDate":"2025-08-22T05:48:34","isFullCredit":false},{"lineNumber":173,"author":{"gitId":"McFishhh"},"content":"            while (!task.getDescription().equals(\"bye\")) {","lastModifiedDate":"2025-08-22T03:31:51","isFullCredit":false},{"lineNumber":174,"author":{"gitId":"McFishhh"},"content":"                String firstWord \u003d task.getDescription().split(\" \")[0];","lastModifiedDate":"2025-08-27T19:49:05","isFullCredit":false},{"lineNumber":175,"author":{"gitId":"McFishhh"},"content":"","lastModifiedDate":"2025-08-27T19:49:05","isFullCredit":false},{"lineNumber":176,"author":{"gitId":"McFishhh"},"content":"                if (task.getDescription().equals(\"list\")) {","lastModifiedDate":"2025-08-22T03:31:51","isFullCredit":false},{"lineNumber":177,"author":{"gitId":"McFishhh"},"content":"                    bot.printTasks();","lastModifiedDate":"2025-08-22T03:31:51","isFullCredit":false},{"lineNumber":178,"author":{"gitId":"McFishhh"},"content":"                } else if (firstWord.equals(\"mark\")) {","lastModifiedDate":"2025-08-27T19:49:05","isFullCredit":false},{"lineNumber":179,"author":{"gitId":"McFishhh"},"content":"                    bot.markTask(Integer.parseInt(task.getDescription().split(\" \")[1]) - 1);","lastModifiedDate":"2025-08-22T03:31:51","isFullCredit":false},{"lineNumber":180,"author":{"gitId":"McFishhh"},"content":"                    bot.printTasks();","lastModifiedDate":"2025-08-22T03:31:51","isFullCredit":false},{"lineNumber":181,"author":{"gitId":"McFishhh"},"content":"                } else if (firstWord.equals(\"unmark\")) {","lastModifiedDate":"2025-08-27T19:49:05","isFullCredit":false},{"lineNumber":182,"author":{"gitId":"McFishhh"},"content":"                    bot.unmarkTask(Integer.parseInt(task.getDescription().split(\" \")[1]) - 1);","lastModifiedDate":"2025-08-22T03:31:51","isFullCredit":false},{"lineNumber":183,"author":{"gitId":"McFishhh"},"content":"                    bot.printTasks();","lastModifiedDate":"2025-08-22T03:31:51","isFullCredit":false},{"lineNumber":184,"author":{"gitId":"McFishhh"},"content":"                } else if (firstWord.equals(\"delete\")) {","lastModifiedDate":"2025-08-27T19:49:05","isFullCredit":false},{"lineNumber":185,"author":{"gitId":"McFishhh"},"content":"                    Task deleted \u003d bot.deleteItem(Integer.parseInt(task.getDescription().split(\" \")[1]) - 1);","lastModifiedDate":"2025-08-22T06:01:09","isFullCredit":false},{"lineNumber":186,"author":{"gitId":"McFishhh"},"content":"                    System.out.println(SEP + \"Noted. I\u0027ve removed this task:\\n\" + ","lastModifiedDate":"2025-08-27T23:59:38","isFullCredit":false},{"lineNumber":187,"author":{"gitId":"McFishhh"},"content":"                            deleted + \"\\nNow you have \" + bot.getNumTask() + \" tasks in the list.\" + \"\\r\\n\" + SEP);","lastModifiedDate":"2025-08-22T06:01:09","isFullCredit":false},{"lineNumber":188,"author":{"gitId":"McFishhh"},"content":"                } else {","lastModifiedDate":"2025-08-27T19:49:05","isFullCredit":false},{"lineNumber":189,"author":{"gitId":"McFishhh"},"content":"                    bot.addItem(task);","lastModifiedDate":"2025-08-22T03:31:51","isFullCredit":false},{"lineNumber":190,"author":{"gitId":"McFishhh"},"content":"                    System.out.println(SEP + \"Got it. I\u0027ve added this task:\\n\" + ","lastModifiedDate":"2025-08-27T23:59:38","isFullCredit":false},{"lineNumber":191,"author":{"gitId":"McFishhh"},"content":"                            task + \"\\nNow you have \" + bot.getNumTask() + \" tasks in the list.\" + \"\\r\\n\" + SEP);","lastModifiedDate":"2025-08-22T05:03:55","isFullCredit":false},{"lineNumber":192,"author":{"gitId":"McFishhh"},"content":"                }","lastModifiedDate":"2025-08-22T02:51:05","isFullCredit":false},{"lineNumber":193,"author":{"gitId":"McFishhh"},"content":"","lastModifiedDate":"2025-08-22T02:51:05","isFullCredit":false},{"lineNumber":194,"author":{"gitId":"McFishhh"},"content":"                task \u003d bot.nextTask(scanner);","lastModifiedDate":"2025-08-22T03:31:51","isFullCredit":false},{"lineNumber":195,"author":{"gitId":"McFishhh"},"content":"            } ","lastModifiedDate":"2025-08-22T01:31:18","isFullCredit":false},{"lineNumber":196,"author":{"gitId":"McFishhh"},"content":"","lastModifiedDate":"2025-08-27T23:24:07","isFullCredit":false},{"lineNumber":197,"author":{"gitId":"McFishhh"},"content":"            bot.saveTasks();","lastModifiedDate":"2025-08-27T23:24:07","isFullCredit":false},{"lineNumber":198,"author":{"gitId":"McFishhh"},"content":"        } catch (SigmaBotException e) {","lastModifiedDate":"2025-08-22T05:48:34","isFullCredit":false},{"lineNumber":199,"author":{"gitId":"McFishhh"},"content":"            System.out.println(e.getMessage());","lastModifiedDate":"2025-08-22T05:48:34","isFullCredit":false},{"lineNumber":200,"author":{"gitId":"McFishhh"},"content":"        } catch (IOException e) {","lastModifiedDate":"2025-08-27T23:24:07","isFullCredit":false},{"lineNumber":201,"author":{"gitId":"McFishhh"},"content":"            System.out.println(e.getMessage());","lastModifiedDate":"2025-08-27T23:24:07","isFullCredit":false},{"lineNumber":202,"author":{"gitId":"McFishhh"},"content":"        }","lastModifiedDate":"2025-08-22T05:48:34","isFullCredit":false},{"lineNumber":203,"author":{"gitId":"McFishhh"},"content":"","lastModifiedDate":"2025-08-22T01:10:17","isFullCredit":false},{"lineNumber":204,"author":{"gitId":"McFishhh"},"content":"        System.out.println(SEP + GOODBYE + SEP);","lastModifiedDate":"2025-08-22T03:31:51","isFullCredit":false},{"lineNumber":205,"author":{"gitId":"McFishhh"},"content":"    }","lastModifiedDate":"2025-08-22T01:10:17","isFullCredit":false},{"lineNumber":206,"author":{"gitId":"McFishhh"},"content":"}","lastModifiedDate":"2025-08-22T01:10:17","isFullCredit":false}],"authorContributionMap":{"McFishhh":206}},{"path":"src/main/java/SigmaBotException.java","fileType":"java","lines":[{"lineNumber":1,"author":{"gitId":"McFishhh"},"content":"public class SigmaBotException extends RuntimeException{","lastModifiedDate":"2025-08-22T05:48:34","isFullCredit":false},{"lineNumber":2,"author":{"gitId":"McFishhh"},"content":"    public SigmaBotException(String msg) {","lastModifiedDate":"2025-08-22T05:48:34","isFullCredit":false},{"lineNumber":3,"author":{"gitId":"McFishhh"},"content":"        super(msg);","lastModifiedDate":"2025-08-22T05:48:34","isFullCredit":false},{"lineNumber":4,"author":{"gitId":"McFishhh"},"content":"    }","lastModifiedDate":"2025-08-22T05:48:34","isFullCredit":false},{"lineNumber":5,"author":{"gitId":"McFishhh"},"content":"}","lastModifiedDate":"2025-08-22T05:48:34","isFullCredit":false}],"authorContributionMap":{"McFishhh":5}},{"path":"src/main/java/Task.java","fileType":"java","lines":[{"lineNumber":1,"author":{"gitId":"McFishhh"},"content":"public abstract class Task {","lastModifiedDate":"2025-08-27T23:24:07","isFullCredit":false},{"lineNumber":2,"author":{"gitId":"McFishhh"},"content":"    protected String description;","lastModifiedDate":"2025-08-22T03:00:31","isFullCredit":false},{"lineNumber":3,"author":{"gitId":"McFishhh"},"content":"    protected boolean isDone;","lastModifiedDate":"2025-08-22T03:00:31","isFullCredit":false},{"lineNumber":4,"author":{"gitId":"McFishhh"},"content":"","lastModifiedDate":"2025-08-22T03:00:31","isFullCredit":false},{"lineNumber":5,"author":{"gitId":"McFishhh"},"content":"    public Task(String description) throws SigmaBotException {","lastModifiedDate":"2025-08-22T05:48:34","isFullCredit":false},{"lineNumber":6,"author":{"gitId":"McFishhh"},"content":"        if (description.equals(\"\")) {","lastModifiedDate":"2025-08-22T05:48:34","isFullCredit":false},{"lineNumber":7,"author":{"gitId":"McFishhh"},"content":"            throw new SigmaBotException(\"Hey, theres no description!\");","lastModifiedDate":"2025-08-22T05:48:34","isFullCredit":false},{"lineNumber":8,"author":{"gitId":"McFishhh"},"content":"        }","lastModifiedDate":"2025-08-22T05:48:34","isFullCredit":false},{"lineNumber":9,"author":{"gitId":"McFishhh"},"content":"        this.description \u003d description;","lastModifiedDate":"2025-08-22T03:00:31","isFullCredit":false},{"lineNumber":10,"author":{"gitId":"McFishhh"},"content":"        this.isDone \u003d false;","lastModifiedDate":"2025-08-22T03:00:31","isFullCredit":false},{"lineNumber":11,"author":{"gitId":"McFishhh"},"content":"    }","lastModifiedDate":"2025-08-22T03:00:31","isFullCredit":false},{"lineNumber":12,"author":{"gitId":"McFishhh"},"content":"","lastModifiedDate":"2025-08-22T03:00:31","isFullCredit":false},{"lineNumber":13,"author":{"gitId":"McFishhh"},"content":"    public Task(String description, boolean isDone) throws SigmaBotException {","lastModifiedDate":"2025-08-27T23:24:07","isFullCredit":false},{"lineNumber":14,"author":{"gitId":"McFishhh"},"content":"        if (description.equals(\"\")) {","lastModifiedDate":"2025-08-27T23:24:07","isFullCredit":false},{"lineNumber":15,"author":{"gitId":"McFishhh"},"content":"            throw new SigmaBotException(\"Hey, theres no description!\");","lastModifiedDate":"2025-08-27T23:24:07","isFullCredit":false},{"lineNumber":16,"author":{"gitId":"McFishhh"},"content":"        }","lastModifiedDate":"2025-08-27T23:24:07","isFullCredit":false},{"lineNumber":17,"author":{"gitId":"McFishhh"},"content":"        this.description \u003d description;","lastModifiedDate":"2025-08-27T23:24:07","isFullCredit":false},{"lineNumber":18,"author":{"gitId":"McFishhh"},"content":"        this.isDone \u003d isDone;","lastModifiedDate":"2025-08-27T23:24:07","isFullCredit":false},{"lineNumber":19,"author":{"gitId":"McFishhh"},"content":"    }","lastModifiedDate":"2025-08-27T23:24:07","isFullCredit":false},{"lineNumber":20,"author":{"gitId":"McFishhh"},"content":"","lastModifiedDate":"2025-08-27T23:24:07","isFullCredit":false},{"lineNumber":21,"author":{"gitId":"McFishhh"},"content":"    public String getStatusIcon() {","lastModifiedDate":"2025-08-22T03:00:31","isFullCredit":false},{"lineNumber":22,"author":{"gitId":"McFishhh"},"content":"        return (isDone ? \"X\" : \" \"); // mark done task with X","lastModifiedDate":"2025-08-22T03:00:31","isFullCredit":false},{"lineNumber":23,"author":{"gitId":"McFishhh"},"content":"    }","lastModifiedDate":"2025-08-22T03:00:31","isFullCredit":false},{"lineNumber":24,"author":{"gitId":"McFishhh"},"content":"","lastModifiedDate":"2025-08-22T03:00:31","isFullCredit":false},{"lineNumber":25,"author":{"gitId":"McFishhh"},"content":"    public String getDescription() {","lastModifiedDate":"2025-08-22T03:31:51","isFullCredit":false},{"lineNumber":26,"author":{"gitId":"McFishhh"},"content":"        return this.description;","lastModifiedDate":"2025-08-22T03:31:51","isFullCredit":false},{"lineNumber":27,"author":{"gitId":"McFishhh"},"content":"    }","lastModifiedDate":"2025-08-22T03:31:51","isFullCredit":false},{"lineNumber":28,"author":{"gitId":"McFishhh"},"content":"","lastModifiedDate":"2025-08-22T03:31:51","isFullCredit":false},{"lineNumber":29,"author":{"gitId":"McFishhh"},"content":"    public void mark() {","lastModifiedDate":"2025-08-22T03:00:31","isFullCredit":false},{"lineNumber":30,"author":{"gitId":"McFishhh"},"content":"        this.isDone \u003d true;","lastModifiedDate":"2025-08-22T03:00:31","isFullCredit":false},{"lineNumber":31,"author":{"gitId":"McFishhh"},"content":"    }","lastModifiedDate":"2025-08-22T03:00:31","isFullCredit":false},{"lineNumber":32,"author":{"gitId":"McFishhh"},"content":"","lastModifiedDate":"2025-08-22T03:00:31","isFullCredit":false},{"lineNumber":33,"author":{"gitId":"McFishhh"},"content":"    public void unmark() {","lastModifiedDate":"2025-08-22T03:00:31","isFullCredit":false},{"lineNumber":34,"author":{"gitId":"McFishhh"},"content":"        this.isDone \u003d false;","lastModifiedDate":"2025-08-22T03:00:31","isFullCredit":false},{"lineNumber":35,"author":{"gitId":"McFishhh"},"content":"    }","lastModifiedDate":"2025-08-22T03:00:31","isFullCredit":false},{"lineNumber":36,"author":{"gitId":"McFishhh"},"content":"","lastModifiedDate":"2025-08-22T03:31:51","isFullCredit":false},{"lineNumber":37,"author":{"gitId":"McFishhh"},"content":"    abstract public String getTaskIcon();","lastModifiedDate":"2025-08-27T23:24:07","isFullCredit":false},{"lineNumber":38,"author":{"gitId":"McFishhh"},"content":"    ","lastModifiedDate":"2025-08-27T23:24:07","isFullCredit":false},{"lineNumber":39,"author":{"gitId":"McFishhh"},"content":"    abstract public String encodeSaveFormat();","lastModifiedDate":"2025-08-27T23:24:07","isFullCredit":false},{"lineNumber":40,"author":{"gitId":"McFishhh"},"content":"","lastModifiedDate":"2025-08-27T23:24:07","isFullCredit":false},{"lineNumber":41,"author":{"gitId":"McFishhh"},"content":"    // abstract public Task decodeSaveFormat(String encoded);","lastModifiedDate":"2025-08-27T23:24:07","isFullCredit":false},{"lineNumber":42,"author":{"gitId":"McFishhh"},"content":"","lastModifiedDate":"2025-08-27T23:24:07","isFullCredit":false},{"lineNumber":43,"author":{"gitId":"McFishhh"},"content":"    @Override","lastModifiedDate":"2025-08-22T03:31:51","isFullCredit":false},{"lineNumber":44,"author":{"gitId":"McFishhh"},"content":"    public String toString() {","lastModifiedDate":"2025-08-22T03:31:51","isFullCredit":false},{"lineNumber":45,"author":{"gitId":"McFishhh"},"content":"        return \"[\" + this.getStatusIcon() + \"] \" + this.description;","lastModifiedDate":"2025-08-22T03:31:51","isFullCredit":false},{"lineNumber":46,"author":{"gitId":"McFishhh"},"content":"    }","lastModifiedDate":"2025-08-22T03:31:51","isFullCredit":false},{"lineNumber":47,"author":{"gitId":"McFishhh"},"content":"}","lastModifiedDate":"2025-08-22T03:00:31","isFullCredit":false}],"authorContributionMap":{"McFishhh":47}},{"path":"src/main/java/TodoTask.java","fileType":"java","lines":[{"lineNumber":1,"author":{"gitId":"McFishhh"},"content":"public class TodoTask extends Task {","lastModifiedDate":"2025-08-22T04:29:00","isFullCredit":false},{"lineNumber":2,"author":{"gitId":"McFishhh"},"content":"    ","lastModifiedDate":"2025-08-22T04:29:00","isFullCredit":false},{"lineNumber":3,"author":{"gitId":"McFishhh"},"content":"    public TodoTask(String description) {","lastModifiedDate":"2025-08-22T04:29:00","isFullCredit":false},{"lineNumber":4,"author":{"gitId":"McFishhh"},"content":"        super(description);","lastModifiedDate":"2025-08-22T04:29:00","isFullCredit":false},{"lineNumber":5,"author":{"gitId":"McFishhh"},"content":"    }","lastModifiedDate":"2025-08-22T04:29:00","isFullCredit":false},{"lineNumber":6,"author":{"gitId":"McFishhh"},"content":"","lastModifiedDate":"2025-08-22T04:29:00","isFullCredit":false},{"lineNumber":7,"author":{"gitId":"McFishhh"},"content":"    public TodoTask(String description, boolean isDone) {","lastModifiedDate":"2025-08-27T23:24:07","isFullCredit":false},{"lineNumber":8,"author":{"gitId":"McFishhh"},"content":"        super(description, isDone);","lastModifiedDate":"2025-08-27T23:24:07","isFullCredit":false},{"lineNumber":9,"author":{"gitId":"McFishhh"},"content":"    }","lastModifiedDate":"2025-08-27T23:24:07","isFullCredit":false},{"lineNumber":10,"author":{"gitId":"McFishhh"},"content":"","lastModifiedDate":"2025-08-27T23:24:07","isFullCredit":false},{"lineNumber":11,"author":{"gitId":"McFishhh"},"content":"    public String getTaskIcon() {","lastModifiedDate":"2025-08-27T23:24:07","isFullCredit":false},{"lineNumber":12,"author":{"gitId":"McFishhh"},"content":"        return \"T\";","lastModifiedDate":"2025-08-27T23:24:07","isFullCredit":false},{"lineNumber":13,"author":{"gitId":"McFishhh"},"content":"    }","lastModifiedDate":"2025-08-27T23:24:07","isFullCredit":false},{"lineNumber":14,"author":{"gitId":"McFishhh"},"content":"","lastModifiedDate":"2025-08-27T23:24:07","isFullCredit":false},{"lineNumber":15,"author":{"gitId":"McFishhh"},"content":"    public String encodeSaveFormat() {","lastModifiedDate":"2025-08-27T23:24:07","isFullCredit":false},{"lineNumber":16,"author":{"gitId":"McFishhh"},"content":"        return this.getTaskIcon() + \",\" + this.isDone + \",\" + this.description;","lastModifiedDate":"2025-08-27T23:24:07","isFullCredit":false},{"lineNumber":17,"author":{"gitId":"McFishhh"},"content":"    }","lastModifiedDate":"2025-08-27T23:24:07","isFullCredit":false},{"lineNumber":18,"author":{"gitId":"McFishhh"},"content":"","lastModifiedDate":"2025-08-27T23:24:07","isFullCredit":false},{"lineNumber":19,"author":{"gitId":"McFishhh"},"content":"    public static TodoTask decodeSaveFormat(String encoded) {","lastModifiedDate":"2025-08-27T23:24:07","isFullCredit":false},{"lineNumber":20,"author":{"gitId":"McFishhh"},"content":"        String[] encodedSplit \u003d encoded.split(\",\");","lastModifiedDate":"2025-08-27T23:24:07","isFullCredit":false},{"lineNumber":21,"author":{"gitId":"McFishhh"},"content":"        return new TodoTask(encodedSplit[2], Boolean.parseBoolean(encodedSplit[1]));","lastModifiedDate":"2025-08-27T23:24:07","isFullCredit":false},{"lineNumber":22,"author":{"gitId":"McFishhh"},"content":"    }","lastModifiedDate":"2025-08-27T23:24:07","isFullCredit":false},{"lineNumber":23,"author":{"gitId":"McFishhh"},"content":"","lastModifiedDate":"2025-08-27T23:24:07","isFullCredit":false},{"lineNumber":24,"author":{"gitId":"McFishhh"},"content":"    @Override","lastModifiedDate":"2025-08-22T04:29:00","isFullCredit":false},{"lineNumber":25,"author":{"gitId":"McFishhh"},"content":"    public String toString() {","lastModifiedDate":"2025-08-22T04:29:00","isFullCredit":false},{"lineNumber":26,"author":{"gitId":"McFishhh"},"content":"        return \"[T]\" + \"[\" + this.getStatusIcon() + \"] \" + this.description;","lastModifiedDate":"2025-08-22T04:29:00","isFullCredit":false},{"lineNumber":27,"author":{"gitId":"McFishhh"},"content":"    }","lastModifiedDate":"2025-08-22T04:29:00","isFullCredit":false},{"lineNumber":28,"author":{"gitId":"McFishhh"},"content":"}","lastModifiedDate":"2025-08-22T04:29:00","isFullCredit":false}],"authorContributionMap":{"McFishhh":28}},{"path":"text-ui-test/input.txt","fileType":"txt","lines":[{"lineNumber":1,"author":{"gitId":"McFishhh"},"content":"todo buy grapes","lastModifiedDate":"2025-08-22T05:03:55","isFullCredit":false},{"lineNumber":2,"author":{"gitId":"McFishhh"},"content":"deadline dance tut /by tonight","lastModifiedDate":"2025-08-22T05:03:55","isFullCredit":false},{"lineNumber":3,"author":{"gitId":"McFishhh"},"content":"event swin /from morn /to evening","lastModifiedDate":"2025-08-22T05:03:55","isFullCredit":false},{"lineNumber":4,"author":{"gitId":"McFishhh"},"content":"list","lastModifiedDate":"2025-08-22T05:03:55","isFullCredit":false},{"lineNumber":5,"author":{"gitId":"McFishhh"},"content":"bye","lastModifiedDate":"2025-08-22T05:03:55","isFullCredit":false}],"authorContributionMap":{"McFishhh":5}},{"path":"text-ui-test/runtest.bat","fileType":"bat","lines":[{"lineNumber":1,"author":{"gitId":"-"},"content":"@ECHO OFF","lastModifiedDate":"2020-05-25T00:03:55","isFullCredit":false},{"lineNumber":2,"author":{"gitId":"-"},"content":"","lastModifiedDate":"2020-05-25T00:03:55","isFullCredit":false},{"lineNumber":3,"author":{"gitId":"-"},"content":"REM create bin directory if it doesn\u0027t exist","lastModifiedDate":"2020-05-25T00:03:55","isFullCredit":false},{"lineNumber":4,"author":{"gitId":"-"},"content":"if not exist ..\\bin mkdir ..\\bin","lastModifiedDate":"2020-05-25T00:03:55","isFullCredit":false},{"lineNumber":5,"author":{"gitId":"-"},"content":"","lastModifiedDate":"2020-05-25T00:03:55","isFullCredit":false},{"lineNumber":6,"author":{"gitId":"-"},"content":"REM delete output from previous run","lastModifiedDate":"2020-05-25T00:03:55","isFullCredit":false},{"lineNumber":7,"author":{"gitId":"-"},"content":"if exist ACTUAL.TXT del ACTUAL.TXT","lastModifiedDate":"2020-08-25T17:23:26","isFullCredit":false},{"lineNumber":8,"author":{"gitId":"-"},"content":"","lastModifiedDate":"2020-05-25T00:03:55","isFullCredit":false},{"lineNumber":9,"author":{"gitId":"-"},"content":"REM compile the code into the bin folder","lastModifiedDate":"2020-05-25T00:03:55","isFullCredit":false},{"lineNumber":10,"author":{"gitId":"-"},"content":"javac  -cp ..\\src\\main\\java -Xlint:none -d ..\\bin ..\\src\\main\\java\\*.java","lastModifiedDate":"2020-08-25T17:23:26","isFullCredit":false},{"lineNumber":11,"author":{"gitId":"-"},"content":"IF ERRORLEVEL 1 (","lastModifiedDate":"2020-05-25T00:03:55","isFullCredit":false},{"lineNumber":12,"author":{"gitId":"-"},"content":"    echo ********** BUILD FAILURE **********","lastModifiedDate":"2020-05-25T00:03:55","isFullCredit":false},{"lineNumber":13,"author":{"gitId":"-"},"content":"    exit /b 1","lastModifiedDate":"2020-05-25T00:03:55","isFullCredit":false},{"lineNumber":14,"author":{"gitId":"-"},"content":")","lastModifiedDate":"2020-05-25T00:03:55","isFullCredit":false},{"lineNumber":15,"author":{"gitId":"-"},"content":"REM no error here, errorlevel \u003d\u003d 0","lastModifiedDate":"2020-05-25T00:03:55","isFullCredit":false},{"lineNumber":16,"author":{"gitId":"-"},"content":"","lastModifiedDate":"2020-05-25T00:03:55","isFullCredit":false},{"lineNumber":17,"author":{"gitId":"-"},"content":"REM run the program, feed commands from input.txt file and redirect the output to the ACTUAL.TXT","lastModifiedDate":"2020-05-25T00:03:55","isFullCredit":false},{"lineNumber":18,"author":{"gitId":"McFishhh"},"content":"java -classpath ..\\bin SigmaBot \u003c input.txt \u003e ACTUAL.TXT","lastModifiedDate":"2025-08-22T05:03:55","isFullCredit":false},{"lineNumber":19,"author":{"gitId":"-"},"content":"","lastModifiedDate":"2020-05-25T00:03:55","isFullCredit":false},{"lineNumber":20,"author":{"gitId":"-"},"content":"REM compare the output to the expected output","lastModifiedDate":"2020-05-25T00:03:55","isFullCredit":false},{"lineNumber":21,"author":{"gitId":"-"},"content":"FC ACTUAL.TXT EXPECTED.TXT","lastModifiedDate":"2020-05-25T00:03:55","isFullCredit":false}],"authorContributionMap":{"McFishhh":1,"-":20}},{"path":"text-ui-test/runtest.sh","fileType":"sh","lines":[{"lineNumber":1,"author":{"gitId":"-"},"content":"#!/usr/bin/env bash","lastModifiedDate":"2020-05-25T00:03:55","isFullCredit":false},{"lineNumber":2,"author":{"gitId":"-"},"content":"","lastModifiedDate":"2020-05-25T00:03:55","isFullCredit":false},{"lineNumber":3,"author":{"gitId":"-"},"content":"# create bin directory if it doesn\u0027t exist","lastModifiedDate":"2020-05-25T00:03:55","isFullCredit":false},{"lineNumber":4,"author":{"gitId":"-"},"content":"if [ ! -d \"../bin\" ]","lastModifiedDate":"2020-05-25T00:03:55","isFullCredit":false},{"lineNumber":5,"author":{"gitId":"-"},"content":"then","lastModifiedDate":"2020-05-25T00:03:55","isFullCredit":false},{"lineNumber":6,"author":{"gitId":"-"},"content":"    mkdir ../bin","lastModifiedDate":"2020-05-25T00:03:55","isFullCredit":false},{"lineNumber":7,"author":{"gitId":"-"},"content":"fi","lastModifiedDate":"2020-05-25T00:03:55","isFullCredit":false},{"lineNumber":8,"author":{"gitId":"-"},"content":"","lastModifiedDate":"2020-05-25T00:03:55","isFullCredit":false},{"lineNumber":9,"author":{"gitId":"-"},"content":"# delete output from previous run","lastModifiedDate":"2020-05-25T00:03:55","isFullCredit":false},{"lineNumber":10,"author":{"gitId":"-"},"content":"if [ -e \"./ACTUAL.TXT\" ]","lastModifiedDate":"2020-05-25T00:03:55","isFullCredit":false},{"lineNumber":11,"author":{"gitId":"-"},"content":"then","lastModifiedDate":"2020-05-25T00:03:55","isFullCredit":false},{"lineNumber":12,"author":{"gitId":"-"},"content":"    rm ACTUAL.TXT","lastModifiedDate":"2020-05-25T00:03:55","isFullCredit":false},{"lineNumber":13,"author":{"gitId":"-"},"content":"fi","lastModifiedDate":"2020-05-25T00:03:55","isFullCredit":false},{"lineNumber":14,"author":{"gitId":"-"},"content":"","lastModifiedDate":"2020-05-25T00:03:55","isFullCredit":false},{"lineNumber":15,"author":{"gitId":"-"},"content":"# compile the code into the bin folder, terminates if error occurred","lastModifiedDate":"2020-05-25T00:03:55","isFullCredit":false},{"lineNumber":16,"author":{"gitId":"-"},"content":"if ! javac -cp ../src/main/java -Xlint:none -d ../bin ../src/main/java/*.java","lastModifiedDate":"2020-08-25T17:23:26","isFullCredit":false},{"lineNumber":17,"author":{"gitId":"-"},"content":"then","lastModifiedDate":"2020-05-25T00:03:55","isFullCredit":false},{"lineNumber":18,"author":{"gitId":"-"},"content":"    echo \"********** BUILD FAILURE **********\"","lastModifiedDate":"2020-05-25T00:03:55","isFullCredit":false},{"lineNumber":19,"author":{"gitId":"-"},"content":"    exit 1","lastModifiedDate":"2020-05-25T00:03:55","isFullCredit":false},{"lineNumber":20,"author":{"gitId":"-"},"content":"fi","lastModifiedDate":"2020-05-25T00:03:55","isFullCredit":false},{"lineNumber":21,"author":{"gitId":"-"},"content":"","lastModifiedDate":"2020-05-25T00:03:55","isFullCredit":false},{"lineNumber":22,"author":{"gitId":"-"},"content":"# run the program, feed commands from input.txt file and redirect the output to the ACTUAL.TXT","lastModifiedDate":"2020-05-25T00:03:55","isFullCredit":false},{"lineNumber":23,"author":{"gitId":"McFishhh"},"content":"java -classpath ../bin SigmaBot \u003c input.txt \u003e ACTUAL.TXT","lastModifiedDate":"2025-08-22T05:03:55","isFullCredit":false},{"lineNumber":24,"author":{"gitId":"-"},"content":"","lastModifiedDate":"2020-05-25T00:03:55","isFullCredit":false},{"lineNumber":25,"author":{"gitId":"-"},"content":"# convert to UNIX format","lastModifiedDate":"2020-05-25T00:03:55","isFullCredit":false},{"lineNumber":26,"author":{"gitId":"-"},"content":"cp EXPECTED.TXT EXPECTED-UNIX.TXT","lastModifiedDate":"2020-05-25T00:03:55","isFullCredit":false},{"lineNumber":27,"author":{"gitId":"-"},"content":"dos2unix ACTUAL.TXT EXPECTED-UNIX.TXT","lastModifiedDate":"2020-05-25T00:03:55","isFullCredit":false},{"lineNumber":28,"author":{"gitId":"-"},"content":"","lastModifiedDate":"2020-05-25T00:03:55","isFullCredit":false},{"lineNumber":29,"author":{"gitId":"-"},"content":"# compare the output to the expected output","lastModifiedDate":"2020-05-25T00:03:55","isFullCredit":false},{"lineNumber":30,"author":{"gitId":"-"},"content":"diff ACTUAL.TXT EXPECTED-UNIX.TXT","lastModifiedDate":"2020-05-25T00:03:55","isFullCredit":false},{"lineNumber":31,"author":{"gitId":"-"},"content":"if [ $? -eq 0 ]","lastModifiedDate":"2020-05-25T00:03:55","isFullCredit":false},{"lineNumber":32,"author":{"gitId":"-"},"content":"then","lastModifiedDate":"2020-05-25T00:03:55","isFullCredit":false},{"lineNumber":33,"author":{"gitId":"-"},"content":"    echo \"Test result: PASSED\"","lastModifiedDate":"2020-05-25T00:03:55","isFullCredit":false},{"lineNumber":34,"author":{"gitId":"-"},"content":"    exit 0","lastModifiedDate":"2020-05-25T00:03:55","isFullCredit":false},{"lineNumber":35,"author":{"gitId":"-"},"content":"else","lastModifiedDate":"2020-05-25T00:03:55","isFullCredit":false},{"lineNumber":36,"author":{"gitId":"-"},"content":"    echo \"Test result: FAILED\"","lastModifiedDate":"2020-05-25T00:03:55","isFullCredit":false},{"lineNumber":37,"author":{"gitId":"-"},"content":"    exit 1","lastModifiedDate":"2020-05-25T00:03:55","isFullCredit":false},{"lineNumber":38,"author":{"gitId":"-"},"content":"fi","lastModifiedDate":"2020-05-25T00:03:55","isFullCredit":false}],"authorContributionMap":{"McFishhh":1,"-":37}}]
