[{"path":"README.md","fileType":"md","lines":[{"lineNumber":1,"author":{"gitId":"pokedot"},"content":"# FlyingNugget project template","lastModifiedDate":"2025-08-20T11:06:35","isFullCredit":false},{"lineNumber":2,"author":{"gitId":"-"},"content":"","lastModifiedDate":"2020-05-25T00:03:55","isFullCredit":false},{"lineNumber":3,"author":{"gitId":"pokedot"},"content":"This is a project template for a greenfield Java project. Given below are instructions on how to use it.","lastModifiedDate":"2025-08-20T15:29:09","isFullCredit":false},{"lineNumber":4,"author":{"gitId":"-"},"content":"","lastModifiedDate":"2020-05-25T00:03:55","isFullCredit":false},{"lineNumber":5,"author":{"gitId":"-"},"content":"## Setting up in Intellij","lastModifiedDate":"2020-05-25T00:03:55","isFullCredit":false},{"lineNumber":6,"author":{"gitId":"-"},"content":"","lastModifiedDate":"2020-05-25T00:03:55","isFullCredit":false},{"lineNumber":7,"author":{"gitId":"-"},"content":"Prerequisites: JDK 17, update Intellij to the most recent version.","lastModifiedDate":"2024-07-11T16:50:14","isFullCredit":false},{"lineNumber":8,"author":{"gitId":"-"},"content":"","lastModifiedDate":"2020-05-25T00:03:55","isFullCredit":false},{"lineNumber":9,"author":{"gitId":"-"},"content":"1. Open Intellij (if you are not in the welcome screen, click `File` \u003e `Close Project` to close the existing project first)","lastModifiedDate":"2021-01-17T12:25:53","isFullCredit":false},{"lineNumber":10,"author":{"gitId":"-"},"content":"1. Open the project into Intellij as follows:","lastModifiedDate":"2021-01-17T12:25:53","isFullCredit":false},{"lineNumber":11,"author":{"gitId":"-"},"content":"   1. Click `Open`.","lastModifiedDate":"2021-01-17T12:25:53","isFullCredit":false},{"lineNumber":12,"author":{"gitId":"-"},"content":"   1. Select the project directory, and click `OK`.","lastModifiedDate":"2021-01-17T12:25:53","isFullCredit":false},{"lineNumber":13,"author":{"gitId":"-"},"content":"   1. If there are any further prompts, accept the defaults.","lastModifiedDate":"2020-05-25T00:03:55","isFullCredit":false},{"lineNumber":14,"author":{"gitId":"-"},"content":"1. Configure the project to use **JDK 17** (not other versions) as explained in [here](https://www.jetbrains.com/help/idea/sdk.html#set-up-jdk).\u003cbr\u003e","lastModifiedDate":"2024-07-11T16:50:14","isFullCredit":false},{"lineNumber":15,"author":{"gitId":"-"},"content":"   In the same dialog, set the **Project language level** field to the `SDK default` option.","lastModifiedDate":"2021-07-29T20:29:39","isFullCredit":false},{"lineNumber":16,"author":{"gitId":"pokedot"},"content":"1. After that, locate the `src/main/java/FlyingNugget.java` file, right-click it, and choose `Run FlyingNugget.main()` (if the code editor is showing compile errors, try restarting the IDE). If the setup is correct, you should see something like the below as the output:","lastModifiedDate":"2025-08-20T11:06:35","isFullCredit":false},{"lineNumber":17,"author":{"gitId":"-"},"content":"   ```","lastModifiedDate":"2020-05-25T00:03:55","isFullCredit":false},{"lineNumber":18,"author":{"gitId":"-"},"content":"   Hello from","lastModifiedDate":"2020-05-25T00:03:55","isFullCredit":false},{"lineNumber":19,"author":{"gitId":"pokedot"},"content":"    _____ _       _             _   _                        _   ","lastModifiedDate":"2025-08-20T11:06:35","isFullCredit":false},{"lineNumber":20,"author":{"gitId":"pokedot"},"content":"   |  ___| |_   _(_)_ __   __ _| \\ | |_   _  __ _  __ _  ___| |_","lastModifiedDate":"2025-08-20T11:06:35","isFullCredit":false},{"lineNumber":21,"author":{"gitId":"pokedot"},"content":"   | |_  | | | | | | \u0027_ \\ / _` |  \\| | | | |/ _` |/ _` |/ _ \\ __|","lastModifiedDate":"2025-08-20T11:06:35","isFullCredit":false},{"lineNumber":22,"author":{"gitId":"pokedot"},"content":"   |  _| | | |_| | | | | | (_| | |\\  | |_| | (_| | (_| |  __/ |_","lastModifiedDate":"2025-08-20T11:06:35","isFullCredit":false},{"lineNumber":23,"author":{"gitId":"pokedot"},"content":"   |_|   |_|\\__, |_|_| |_|\\__, |_| \\_|\\__,_|\\__, |\\__, |\\___|\\__|","lastModifiedDate":"2025-08-20T11:06:35","isFullCredit":false},{"lineNumber":24,"author":{"gitId":"pokedot"},"content":"            |___/         |___/             |___/ |___/","lastModifiedDate":"2025-08-20T11:06:35","isFullCredit":false},{"lineNumber":25,"author":{"gitId":"-"},"content":"   ```","lastModifiedDate":"2020-05-25T00:03:55","isFullCredit":false},{"lineNumber":26,"author":{"gitId":"-"},"content":"","lastModifiedDate":"2025-01-04T21:44:28","isFullCredit":false},{"lineNumber":27,"author":{"gitId":"-"},"content":"**Warning:** Keep the `src\\main\\java` folder as the root folder for Java files (i.e., don\u0027t rename those folders or move Java files to another folder outside of this folder path), as this is the default location some tools (e.g., Gradle) expect to find Java files.","lastModifiedDate":"2025-01-04T21:44:28","isFullCredit":false}],"authorContributionMap":{"pokedot":9,"-":18}},{"path":"docs/README.md","fileType":"md","lines":[{"lineNumber":1,"author":{"gitId":"pokedot"},"content":"# FlyingNugget User Guide","lastModifiedDate":"2025-08-20T11:06:35","isFullCredit":false},{"lineNumber":2,"author":{"gitId":"-"},"content":"","lastModifiedDate":"2019-07-29T17:14:46","isFullCredit":false},{"lineNumber":3,"author":{"gitId":"-"},"content":"// Update the title above to match the actual product name","lastModifiedDate":"2024-01-07T18:33:52","isFullCredit":false},{"lineNumber":4,"author":{"gitId":"-"},"content":"","lastModifiedDate":"2019-07-29T17:14:46","isFullCredit":false},{"lineNumber":5,"author":{"gitId":"-"},"content":"// Product screenshot goes here","lastModifiedDate":"2024-01-07T18:33:52","isFullCredit":false},{"lineNumber":6,"author":{"gitId":"-"},"content":"","lastModifiedDate":"2021-07-17T16:49:07","isFullCredit":false},{"lineNumber":7,"author":{"gitId":"-"},"content":"// Product intro goes here","lastModifiedDate":"2024-01-07T18:33:52","isFullCredit":false},{"lineNumber":8,"author":{"gitId":"-"},"content":"","lastModifiedDate":"2021-07-17T16:49:07","isFullCredit":false},{"lineNumber":9,"author":{"gitId":"-"},"content":"## Adding deadlines","lastModifiedDate":"2024-01-07T18:33:52","isFullCredit":false},{"lineNumber":10,"author":{"gitId":"-"},"content":"","lastModifiedDate":"2021-07-17T16:49:07","isFullCredit":false},{"lineNumber":11,"author":{"gitId":"-"},"content":"// Describe the action and its outcome.","lastModifiedDate":"2024-01-07T18:33:52","isFullCredit":false},{"lineNumber":12,"author":{"gitId":"-"},"content":"","lastModifiedDate":"2019-07-29T17:14:46","isFullCredit":false},{"lineNumber":13,"author":{"gitId":"-"},"content":"// Give examples of usage","lastModifiedDate":"2024-01-07T18:33:52","isFullCredit":false},{"lineNumber":14,"author":{"gitId":"-"},"content":"","lastModifiedDate":"2019-07-29T17:14:46","isFullCredit":false},{"lineNumber":15,"author":{"gitId":"-"},"content":"Example: `keyword (optional arguments)`","lastModifiedDate":"2024-01-07T18:33:52","isFullCredit":false},{"lineNumber":16,"author":{"gitId":"-"},"content":"","lastModifiedDate":"2019-07-29T17:14:46","isFullCredit":false},{"lineNumber":17,"author":{"gitId":"-"},"content":"// A description of the expected outcome goes here","lastModifiedDate":"2024-01-07T18:33:52","isFullCredit":false},{"lineNumber":18,"author":{"gitId":"-"},"content":"","lastModifiedDate":"2019-07-29T17:14:46","isFullCredit":false},{"lineNumber":19,"author":{"gitId":"-"},"content":"```","lastModifiedDate":"2024-01-07T18:33:52","isFullCredit":false},{"lineNumber":20,"author":{"gitId":"-"},"content":"expected output","lastModifiedDate":"2024-01-07T18:33:52","isFullCredit":false},{"lineNumber":21,"author":{"gitId":"-"},"content":"```","lastModifiedDate":"2024-01-07T18:33:52","isFullCredit":false},{"lineNumber":22,"author":{"gitId":"-"},"content":"","lastModifiedDate":"2019-07-29T17:14:46","isFullCredit":false},{"lineNumber":23,"author":{"gitId":"-"},"content":"## Feature ABC","lastModifiedDate":"2024-01-07T18:33:52","isFullCredit":false},{"lineNumber":24,"author":{"gitId":"-"},"content":"","lastModifiedDate":"2019-07-29T17:14:46","isFullCredit":false},{"lineNumber":25,"author":{"gitId":"-"},"content":"// Feature details","lastModifiedDate":"2024-01-07T18:33:52","isFullCredit":false},{"lineNumber":26,"author":{"gitId":"-"},"content":"","lastModifiedDate":"2019-07-29T17:14:46","isFullCredit":false},{"lineNumber":27,"author":{"gitId":"-"},"content":"","lastModifiedDate":"2021-07-17T16:49:07","isFullCredit":false},{"lineNumber":28,"author":{"gitId":"-"},"content":"## Feature XYZ","lastModifiedDate":"2024-01-07T18:33:52","isFullCredit":false},{"lineNumber":29,"author":{"gitId":"-"},"content":"","lastModifiedDate":"2024-01-07T18:33:52","isFullCredit":false},{"lineNumber":30,"author":{"gitId":"-"},"content":"// Feature details","lastModifiedDate":"2024-01-07T18:33:52","isFullCredit":false}],"authorContributionMap":{"pokedot":1,"-":29}},{"path":"src/main/java/Deadline.java","fileType":"java","lines":[{"lineNumber":1,"author":{"gitId":"pokedot"},"content":"import java.util.regex.Matcher;","lastModifiedDate":"2025-08-20T15:29:09","isFullCredit":false},{"lineNumber":2,"author":{"gitId":"pokedot"},"content":"import java.util.regex.Pattern;","lastModifiedDate":"2025-08-20T15:29:09","isFullCredit":false},{"lineNumber":3,"author":{"gitId":"pokedot"},"content":"","lastModifiedDate":"2025-08-20T15:29:09","isFullCredit":false},{"lineNumber":4,"author":{"gitId":"pokedot"},"content":"/**","lastModifiedDate":"2025-08-20T17:17:44","isFullCredit":false},{"lineNumber":5,"author":{"gitId":"pokedot"},"content":" * Represents a Deadline task, which is a type of Task with a due date.","lastModifiedDate":"2025-08-20T17:17:44","isFullCredit":false},{"lineNumber":6,"author":{"gitId":"pokedot"},"content":" * The description is parsed from the user input.","lastModifiedDate":"2025-08-20T17:17:44","isFullCredit":false},{"lineNumber":7,"author":{"gitId":"pokedot"},"content":" */","lastModifiedDate":"2025-08-20T17:17:44","isFullCredit":false},{"lineNumber":8,"author":{"gitId":"pokedot"},"content":"public class Deadline extends Task {","lastModifiedDate":"2025-08-20T15:29:09","isFullCredit":false},{"lineNumber":9,"author":{"gitId":"pokedot"},"content":"    private final String deadline;","lastModifiedDate":"2025-08-20T15:29:09","isFullCredit":false},{"lineNumber":10,"author":{"gitId":"pokedot"},"content":"","lastModifiedDate":"2025-08-20T15:29:09","isFullCredit":false},{"lineNumber":11,"author":{"gitId":"pokedot"},"content":"    /**","lastModifiedDate":"2025-08-20T17:17:44","isFullCredit":false},{"lineNumber":12,"author":{"gitId":"pokedot"},"content":"     * Creates a new Deadline task from the given description.","lastModifiedDate":"2025-08-20T17:17:44","isFullCredit":false},{"lineNumber":13,"author":{"gitId":"pokedot"},"content":"     *","lastModifiedDate":"2025-08-20T17:17:44","isFullCredit":false},{"lineNumber":14,"author":{"gitId":"pokedot"},"content":"     * @param description the user input containing the \"deadline\" keyword, task description, and due date","lastModifiedDate":"2025-08-20T17:17:44","isFullCredit":false},{"lineNumber":15,"author":{"gitId":"pokedot"},"content":"     * @throws MissingTaskException if the task description and/or the due date is missing","lastModifiedDate":"2025-08-20T17:17:44","isFullCredit":false},{"lineNumber":16,"author":{"gitId":"pokedot"},"content":"     */","lastModifiedDate":"2025-08-20T17:17:44","isFullCredit":false},{"lineNumber":17,"author":{"gitId":"pokedot"},"content":"    Deadline(String description) throws MissingTaskException {","lastModifiedDate":"2025-08-20T16:46:27","isFullCredit":false},{"lineNumber":18,"author":{"gitId":"pokedot"},"content":"        super(parse(description)[0]);","lastModifiedDate":"2025-08-20T15:29:09","isFullCredit":false},{"lineNumber":19,"author":{"gitId":"pokedot"},"content":"        this.deadline \u003d parse(description)[1];","lastModifiedDate":"2025-08-20T15:29:09","isFullCredit":false},{"lineNumber":20,"author":{"gitId":"pokedot"},"content":"    }","lastModifiedDate":"2025-08-20T15:29:09","isFullCredit":false},{"lineNumber":21,"author":{"gitId":"pokedot"},"content":"","lastModifiedDate":"2025-08-20T15:29:09","isFullCredit":false},{"lineNumber":22,"author":{"gitId":"pokedot"},"content":"    /**","lastModifiedDate":"2025-08-20T17:17:44","isFullCredit":false},{"lineNumber":23,"author":{"gitId":"pokedot"},"content":"     * Extracts the task description and due date from the user input.","lastModifiedDate":"2025-08-20T17:17:44","isFullCredit":false},{"lineNumber":24,"author":{"gitId":"pokedot"},"content":"     *","lastModifiedDate":"2025-08-20T17:17:44","isFullCredit":false},{"lineNumber":25,"author":{"gitId":"pokedot"},"content":"     * @param description the raw input string","lastModifiedDate":"2025-08-20T17:17:44","isFullCredit":false},{"lineNumber":26,"author":{"gitId":"pokedot"},"content":"     * @return the parsed task description and due date","lastModifiedDate":"2025-08-20T17:17:44","isFullCredit":false},{"lineNumber":27,"author":{"gitId":"pokedot"},"content":"     * @throws MissingTaskException if the task description and/or the due date is missing","lastModifiedDate":"2025-08-20T17:17:44","isFullCredit":false},{"lineNumber":28,"author":{"gitId":"pokedot"},"content":"     */","lastModifiedDate":"2025-08-20T17:17:44","isFullCredit":false},{"lineNumber":29,"author":{"gitId":"pokedot"},"content":"    private static String[] parse(String description) throws MissingTaskException {","lastModifiedDate":"2025-08-20T16:46:27","isFullCredit":false},{"lineNumber":30,"author":{"gitId":"pokedot"},"content":"        Pattern pattern \u003d Pattern.compile(\"deadline (.*?) /by (.*?)\");","lastModifiedDate":"2025-08-20T15:29:09","isFullCredit":false},{"lineNumber":31,"author":{"gitId":"pokedot"},"content":"        Matcher matcher \u003d pattern.matcher(description);","lastModifiedDate":"2025-08-20T15:29:09","isFullCredit":false},{"lineNumber":32,"author":{"gitId":"pokedot"},"content":"        if (matcher.matches()) {","lastModifiedDate":"2025-08-20T16:46:27","isFullCredit":false},{"lineNumber":33,"author":{"gitId":"pokedot"},"content":"            String item \u003d matcher.group(1);","lastModifiedDate":"2025-08-20T15:29:09","isFullCredit":false},{"lineNumber":34,"author":{"gitId":"pokedot"},"content":"            String deadline \u003d matcher.group(2);","lastModifiedDate":"2025-08-20T15:29:09","isFullCredit":false},{"lineNumber":35,"author":{"gitId":"pokedot"},"content":"            return new String[]{item, deadline};","lastModifiedDate":"2025-08-20T15:29:09","isFullCredit":false},{"lineNumber":36,"author":{"gitId":"pokedot"},"content":"        } else {","lastModifiedDate":"2025-08-20T16:46:27","isFullCredit":false},{"lineNumber":37,"author":{"gitId":"pokedot"},"content":"            throw new MissingTaskException();","lastModifiedDate":"2025-08-20T16:46:27","isFullCredit":false},{"lineNumber":38,"author":{"gitId":"pokedot"},"content":"        }","lastModifiedDate":"2025-08-20T16:46:27","isFullCredit":false},{"lineNumber":39,"author":{"gitId":"pokedot"},"content":"    }","lastModifiedDate":"2025-08-20T15:29:09","isFullCredit":false},{"lineNumber":40,"author":{"gitId":"pokedot"},"content":"","lastModifiedDate":"2025-08-20T15:29:09","isFullCredit":false},{"lineNumber":41,"author":{"gitId":"pokedot"},"content":"    /**","lastModifiedDate":"2025-08-20T17:17:44","isFullCredit":false},{"lineNumber":42,"author":{"gitId":"pokedot"},"content":"     * Returns a string representation of the Deadline task.","lastModifiedDate":"2025-08-20T17:17:44","isFullCredit":false},{"lineNumber":43,"author":{"gitId":"pokedot"},"content":"     *","lastModifiedDate":"2025-08-20T17:17:44","isFullCredit":false},{"lineNumber":44,"author":{"gitId":"pokedot"},"content":"     * @return a string showing task type, completion status, task description, and due date","lastModifiedDate":"2025-08-20T17:17:44","isFullCredit":false},{"lineNumber":45,"author":{"gitId":"pokedot"},"content":"     */","lastModifiedDate":"2025-08-20T17:17:44","isFullCredit":false},{"lineNumber":46,"author":{"gitId":"pokedot"},"content":"    @Override","lastModifiedDate":"2025-08-20T17:17:44","isFullCredit":false},{"lineNumber":47,"author":{"gitId":"pokedot"},"content":"    public String toString() {","lastModifiedDate":"2025-08-20T15:29:09","isFullCredit":false},{"lineNumber":48,"author":{"gitId":"pokedot"},"content":"        return \"[D]\" + (this.getDone() ? \"[X] \" : \"[ ] \") + this.getItem() + \" (by: \" + this.deadline + \")\";","lastModifiedDate":"2025-08-20T17:31:58","isFullCredit":false},{"lineNumber":49,"author":{"gitId":"pokedot"},"content":"    }","lastModifiedDate":"2025-08-20T15:29:09","isFullCredit":false},{"lineNumber":50,"author":{"gitId":"pokedot"},"content":"}","lastModifiedDate":"2025-08-20T15:29:09","isFullCredit":false}],"authorContributionMap":{"pokedot":50}},{"path":"src/main/java/Event.java","fileType":"java","lines":[{"lineNumber":1,"author":{"gitId":"pokedot"},"content":"import java.util.regex.Matcher;","lastModifiedDate":"2025-08-20T15:29:09","isFullCredit":false},{"lineNumber":2,"author":{"gitId":"pokedot"},"content":"import java.util.regex.Pattern;","lastModifiedDate":"2025-08-20T15:29:09","isFullCredit":false},{"lineNumber":3,"author":{"gitId":"pokedot"},"content":"","lastModifiedDate":"2025-08-20T15:29:09","isFullCredit":false},{"lineNumber":4,"author":{"gitId":"pokedot"},"content":"/**","lastModifiedDate":"2025-08-20T17:17:44","isFullCredit":false},{"lineNumber":5,"author":{"gitId":"pokedot"},"content":" * Represents an Event task, which is a type of Task with a start date and end date.","lastModifiedDate":"2025-08-20T17:17:44","isFullCredit":false},{"lineNumber":6,"author":{"gitId":"pokedot"},"content":" * The description is parsed from the user input.","lastModifiedDate":"2025-08-20T17:17:44","isFullCredit":false},{"lineNumber":7,"author":{"gitId":"pokedot"},"content":" */","lastModifiedDate":"2025-08-20T17:17:44","isFullCredit":false},{"lineNumber":8,"author":{"gitId":"pokedot"},"content":"public class Event extends Task {","lastModifiedDate":"2025-08-20T15:29:09","isFullCredit":false},{"lineNumber":9,"author":{"gitId":"pokedot"},"content":"    private final String start;","lastModifiedDate":"2025-08-20T15:29:09","isFullCredit":false},{"lineNumber":10,"author":{"gitId":"pokedot"},"content":"    private final String end;","lastModifiedDate":"2025-08-20T15:29:09","isFullCredit":false},{"lineNumber":11,"author":{"gitId":"pokedot"},"content":"","lastModifiedDate":"2025-08-20T15:29:09","isFullCredit":false},{"lineNumber":12,"author":{"gitId":"pokedot"},"content":"    /**","lastModifiedDate":"2025-08-20T17:17:44","isFullCredit":false},{"lineNumber":13,"author":{"gitId":"pokedot"},"content":"     * Creates a new Event task from the given description.","lastModifiedDate":"2025-08-20T17:17:44","isFullCredit":false},{"lineNumber":14,"author":{"gitId":"pokedot"},"content":"     *","lastModifiedDate":"2025-08-20T17:17:44","isFullCredit":false},{"lineNumber":15,"author":{"gitId":"pokedot"},"content":"     * @param description the user input containing the \"event\" keyword, task description, start date, and end date","lastModifiedDate":"2025-08-20T17:17:44","isFullCredit":false},{"lineNumber":16,"author":{"gitId":"pokedot"},"content":"     * @throws MissingTaskException if the task description, the start date, and/or the end date is missing","lastModifiedDate":"2025-08-20T17:17:44","isFullCredit":false},{"lineNumber":17,"author":{"gitId":"pokedot"},"content":"     */","lastModifiedDate":"2025-08-20T17:17:44","isFullCredit":false},{"lineNumber":18,"author":{"gitId":"pokedot"},"content":"    Event(String description) throws MissingTaskException {","lastModifiedDate":"2025-08-20T16:46:27","isFullCredit":false},{"lineNumber":19,"author":{"gitId":"pokedot"},"content":"        super(parse(description)[0]);","lastModifiedDate":"2025-08-20T15:29:09","isFullCredit":false},{"lineNumber":20,"author":{"gitId":"pokedot"},"content":"        this.start \u003d parse(description)[1];","lastModifiedDate":"2025-08-20T15:29:09","isFullCredit":false},{"lineNumber":21,"author":{"gitId":"pokedot"},"content":"        this.end \u003d parse(description)[2];","lastModifiedDate":"2025-08-20T15:29:09","isFullCredit":false},{"lineNumber":22,"author":{"gitId":"pokedot"},"content":"    }","lastModifiedDate":"2025-08-20T15:29:09","isFullCredit":false},{"lineNumber":23,"author":{"gitId":"pokedot"},"content":"","lastModifiedDate":"2025-08-20T15:29:09","isFullCredit":false},{"lineNumber":24,"author":{"gitId":"pokedot"},"content":"    /**","lastModifiedDate":"2025-08-20T17:17:44","isFullCredit":false},{"lineNumber":25,"author":{"gitId":"pokedot"},"content":"     * Extracts the task description, start date, and end date from the user input.","lastModifiedDate":"2025-08-20T17:17:44","isFullCredit":false},{"lineNumber":26,"author":{"gitId":"pokedot"},"content":"     *","lastModifiedDate":"2025-08-20T17:17:44","isFullCredit":false},{"lineNumber":27,"author":{"gitId":"pokedot"},"content":"     * @param description the raw input string","lastModifiedDate":"2025-08-20T17:17:44","isFullCredit":false},{"lineNumber":28,"author":{"gitId":"pokedot"},"content":"     * @return the parsed task description, start date, and end date","lastModifiedDate":"2025-08-20T17:17:44","isFullCredit":false},{"lineNumber":29,"author":{"gitId":"pokedot"},"content":"     * @throws MissingTaskException if the task description, the start date, and/or the end date is missing","lastModifiedDate":"2025-08-20T17:17:44","isFullCredit":false},{"lineNumber":30,"author":{"gitId":"pokedot"},"content":"     */","lastModifiedDate":"2025-08-20T17:17:44","isFullCredit":false},{"lineNumber":31,"author":{"gitId":"pokedot"},"content":"    private static String[] parse(String description) throws MissingTaskException {","lastModifiedDate":"2025-08-20T16:46:27","isFullCredit":false},{"lineNumber":32,"author":{"gitId":"pokedot"},"content":"        Pattern pattern \u003d Pattern.compile(\"event (.*?) /from (.*?) /to (.*)\");","lastModifiedDate":"2025-08-20T15:29:09","isFullCredit":false},{"lineNumber":33,"author":{"gitId":"pokedot"},"content":"        Matcher matcher \u003d pattern.matcher(description);","lastModifiedDate":"2025-08-20T15:29:09","isFullCredit":false},{"lineNumber":34,"author":{"gitId":"pokedot"},"content":"        if (matcher.matches()) {","lastModifiedDate":"2025-08-20T16:46:27","isFullCredit":false},{"lineNumber":35,"author":{"gitId":"pokedot"},"content":"            String item \u003d matcher.group(1);","lastModifiedDate":"2025-08-20T15:29:09","isFullCredit":false},{"lineNumber":36,"author":{"gitId":"pokedot"},"content":"            String start \u003d matcher.group(2);","lastModifiedDate":"2025-08-20T15:29:09","isFullCredit":false},{"lineNumber":37,"author":{"gitId":"pokedot"},"content":"            String end \u003d matcher.group(3);","lastModifiedDate":"2025-08-20T15:29:09","isFullCredit":false},{"lineNumber":38,"author":{"gitId":"pokedot"},"content":"            return new String[]{item, start, end};","lastModifiedDate":"2025-08-20T15:29:09","isFullCredit":false},{"lineNumber":39,"author":{"gitId":"pokedot"},"content":"        } else {","lastModifiedDate":"2025-08-20T16:46:27","isFullCredit":false},{"lineNumber":40,"author":{"gitId":"pokedot"},"content":"            throw new MissingTaskException();","lastModifiedDate":"2025-08-20T16:46:27","isFullCredit":false},{"lineNumber":41,"author":{"gitId":"pokedot"},"content":"        }","lastModifiedDate":"2025-08-20T16:46:27","isFullCredit":false},{"lineNumber":42,"author":{"gitId":"pokedot"},"content":"    }","lastModifiedDate":"2025-08-20T15:29:09","isFullCredit":false},{"lineNumber":43,"author":{"gitId":"pokedot"},"content":"","lastModifiedDate":"2025-08-20T15:29:09","isFullCredit":false},{"lineNumber":44,"author":{"gitId":"pokedot"},"content":"    /**","lastModifiedDate":"2025-08-20T17:17:44","isFullCredit":false},{"lineNumber":45,"author":{"gitId":"pokedot"},"content":"     * Returns a string representation of the Event task.","lastModifiedDate":"2025-08-20T17:17:44","isFullCredit":false},{"lineNumber":46,"author":{"gitId":"pokedot"},"content":"     *","lastModifiedDate":"2025-08-20T17:17:44","isFullCredit":false},{"lineNumber":47,"author":{"gitId":"pokedot"},"content":"     * @return a string showing task type, completion status, task description, start date, and end date","lastModifiedDate":"2025-08-20T17:17:44","isFullCredit":false},{"lineNumber":48,"author":{"gitId":"pokedot"},"content":"     */","lastModifiedDate":"2025-08-20T17:17:44","isFullCredit":false},{"lineNumber":49,"author":{"gitId":"pokedot"},"content":"    @Override","lastModifiedDate":"2025-08-20T17:17:44","isFullCredit":false},{"lineNumber":50,"author":{"gitId":"pokedot"},"content":"    public String toString() {","lastModifiedDate":"2025-08-20T15:29:09","isFullCredit":false},{"lineNumber":51,"author":{"gitId":"pokedot"},"content":"        return \"[E]\" + (this.getDone() ? \"[X] \" : \"[ ] \") + this.getItem() + \" (from: \" + this.start + \" to: \" + this.end + \")\";","lastModifiedDate":"2025-08-20T17:31:58","isFullCredit":false},{"lineNumber":52,"author":{"gitId":"pokedot"},"content":"    }","lastModifiedDate":"2025-08-20T15:29:09","isFullCredit":false},{"lineNumber":53,"author":{"gitId":"pokedot"},"content":"}","lastModifiedDate":"2025-08-20T15:29:09","isFullCredit":false}],"authorContributionMap":{"pokedot":53}},{"path":"src/main/java/FlyingNugget.java","fileType":"java","lines":[{"lineNumber":1,"author":{"gitId":"pokedot"},"content":"import java.util.*;","lastModifiedDate":"2025-08-20T14:09:31","isFullCredit":false},{"lineNumber":2,"author":{"gitId":"pokedot"},"content":"","lastModifiedDate":"2025-08-20T11:38:45","isFullCredit":false},{"lineNumber":3,"author":{"gitId":"pokedot"},"content":"/**","lastModifiedDate":"2025-08-20T17:17:44","isFullCredit":false},{"lineNumber":4,"author":{"gitId":"pokedot"},"content":" * The FlyingNugget class is a task management chatbot","lastModifiedDate":"2025-08-20T17:17:44","isFullCredit":false},{"lineNumber":5,"author":{"gitId":"pokedot"},"content":" * that allows users to add/delete tasks and mark/unmark their completions.","lastModifiedDate":"2025-08-20T17:17:44","isFullCredit":false},{"lineNumber":6,"author":{"gitId":"pokedot"},"content":" * It supports Todo, Event, and Deadline tasks.","lastModifiedDate":"2025-08-20T17:17:44","isFullCredit":false},{"lineNumber":7,"author":{"gitId":"pokedot"},"content":" */","lastModifiedDate":"2025-08-20T17:17:44","isFullCredit":false},{"lineNumber":8,"author":{"gitId":"pokedot"},"content":"public class FlyingNugget {","lastModifiedDate":"2025-08-20T11:06:35","isFullCredit":false},{"lineNumber":9,"author":{"gitId":"pokedot"},"content":"    private static final String INTRO \u003d \"\"\"","lastModifiedDate":"2025-08-20T14:09:31","isFullCredit":false},{"lineNumber":10,"author":{"gitId":"pokedot"},"content":"         _____ _       _             _   _                        _","lastModifiedDate":"2025-08-20T11:06:35","isFullCredit":false},{"lineNumber":11,"author":{"gitId":"pokedot"},"content":"        |  ___| |_   _(_)_ __   __ _| \\\\ | |_   _  __ _  __ _  ___| |_","lastModifiedDate":"2025-08-20T11:06:35","isFullCredit":false},{"lineNumber":12,"author":{"gitId":"pokedot"},"content":"        | |_  | | | | | | \u0027_ \\\\ / _` |  \\\\| | | | |/ _` |/ _` |/ _ \\\\ __|","lastModifiedDate":"2025-08-20T11:06:35","isFullCredit":false},{"lineNumber":13,"author":{"gitId":"pokedot"},"content":"        |  _| | | |_| | | | | | (_| | |\\\\  | |_| | (_| | (_| |  __/ |_","lastModifiedDate":"2025-08-20T11:06:35","isFullCredit":false},{"lineNumber":14,"author":{"gitId":"pokedot"},"content":"        |_|   |_|\\\\__, |_|_| |_|\\\\__, |_| \\\\_|\\\\__,_|\\\\__, |\\\\__, |\\\\___|\\\\__|","lastModifiedDate":"2025-08-20T11:06:35","isFullCredit":false},{"lineNumber":15,"author":{"gitId":"pokedot"},"content":"                 |___/         |___/             |___/ |___/","lastModifiedDate":"2025-08-20T16:02:33","isFullCredit":false},{"lineNumber":16,"author":{"gitId":"pokedot"},"content":"        \"\"\";","lastModifiedDate":"2025-08-20T11:06:35","isFullCredit":false},{"lineNumber":17,"author":{"gitId":"pokedot"},"content":"    private static final String LINE \u003d \"\\t____________________________________________________________\";","lastModifiedDate":"2025-08-20T14:09:31","isFullCredit":false},{"lineNumber":18,"author":{"gitId":"pokedot"},"content":"","lastModifiedDate":"2025-08-20T11:38:45","isFullCredit":false},{"lineNumber":19,"author":{"gitId":"pokedot"},"content":"    /**","lastModifiedDate":"2025-08-20T17:17:44","isFullCredit":false},{"lineNumber":20,"author":{"gitId":"pokedot"},"content":"     * The main entry point for the chatbot.","lastModifiedDate":"2025-08-20T17:17:44","isFullCredit":false},{"lineNumber":21,"author":{"gitId":"pokedot"},"content":"     * Reads user input and performs actions like adding/deleting/marking/unmarking tasks","lastModifiedDate":"2025-08-20T17:17:44","isFullCredit":false},{"lineNumber":22,"author":{"gitId":"pokedot"},"content":"     * and displaying the current list of tasks.","lastModifiedDate":"2025-08-20T17:17:44","isFullCredit":false},{"lineNumber":23,"author":{"gitId":"pokedot"},"content":"     *","lastModifiedDate":"2025-08-20T17:17:44","isFullCredit":false},{"lineNumber":24,"author":{"gitId":"pokedot"},"content":"     * @param args (not used)","lastModifiedDate":"2025-08-20T17:17:44","isFullCredit":false},{"lineNumber":25,"author":{"gitId":"pokedot"},"content":"     * @throws UnknownActionException if the user enters an unknown action","lastModifiedDate":"2025-08-20T17:17:44","isFullCredit":false},{"lineNumber":26,"author":{"gitId":"pokedot"},"content":"     */","lastModifiedDate":"2025-08-20T17:17:44","isFullCredit":false},{"lineNumber":27,"author":{"gitId":"pokedot"},"content":"    public static void main(String[] args) throws UnknownActionException {","lastModifiedDate":"2025-08-20T16:46:27","isFullCredit":false},{"lineNumber":28,"author":{"gitId":"pokedot"},"content":"        Scanner scanner \u003d new Scanner(System.in);","lastModifiedDate":"2025-08-20T14:09:31","isFullCredit":false},{"lineNumber":29,"author":{"gitId":"pokedot"},"content":"        List\u003cTask\u003e tasks \u003d new ArrayList\u003c\u003e();","lastModifiedDate":"2025-08-20T14:09:31","isFullCredit":false},{"lineNumber":30,"author":{"gitId":"pokedot"},"content":"        boolean isRunning \u003d true;","lastModifiedDate":"2025-08-20T15:29:09","isFullCredit":false},{"lineNumber":31,"author":{"gitId":"pokedot"},"content":"        System.out.println(INTRO);","lastModifiedDate":"2025-08-20T14:09:31","isFullCredit":false},{"lineNumber":32,"author":{"gitId":"pokedot"},"content":"        printBox(\"Yaho-! FlyingNugget\u0027s FlyingNugget!\",","lastModifiedDate":"2025-08-20T18:05:49","isFullCredit":false},{"lineNumber":33,"author":{"gitId":"pokedot"},"content":"                \"What can FlyingNugget do for LittleNuggy?\");","lastModifiedDate":"2025-08-20T18:05:49","isFullCredit":false},{"lineNumber":34,"author":{"gitId":"pokedot"},"content":"","lastModifiedDate":"2025-08-20T11:38:45","isFullCredit":false},{"lineNumber":35,"author":{"gitId":"pokedot"},"content":"        while (isRunning) {","lastModifiedDate":"2025-08-20T15:29:09","isFullCredit":false},{"lineNumber":36,"author":{"gitId":"pokedot"},"content":"            String input \u003d scanner.nextLine().strip();","lastModifiedDate":"2025-08-20T15:29:09","isFullCredit":false},{"lineNumber":37,"author":{"gitId":"pokedot"},"content":"            String action \u003d input.split(\" \")[0];","lastModifiedDate":"2025-08-20T15:29:09","isFullCredit":false},{"lineNumber":38,"author":{"gitId":"pokedot"},"content":"            List\u003cString\u003e lines \u003d new ArrayList\u003c\u003e();","lastModifiedDate":"2025-08-20T14:09:31","isFullCredit":false},{"lineNumber":39,"author":{"gitId":"pokedot"},"content":"","lastModifiedDate":"2025-08-20T15:29:09","isFullCredit":false},{"lineNumber":40,"author":{"gitId":"pokedot"},"content":"            switch (action) {","lastModifiedDate":"2025-08-20T15:29:09","isFullCredit":false},{"lineNumber":41,"author":{"gitId":"pokedot"},"content":"                case \"bye\":","lastModifiedDate":"2025-08-20T15:29:09","isFullCredit":false},{"lineNumber":42,"author":{"gitId":"pokedot"},"content":"                    isRunning \u003d false;","lastModifiedDate":"2025-08-20T15:29:09","isFullCredit":false},{"lineNumber":43,"author":{"gitId":"pokedot"},"content":"                    lines.add(\"Bye! See LittleNuggy soon!\");","lastModifiedDate":"2025-08-20T18:05:49","isFullCredit":false},{"lineNumber":44,"author":{"gitId":"pokedot"},"content":"                    break;","lastModifiedDate":"2025-08-20T11:38:45","isFullCredit":false},{"lineNumber":45,"author":{"gitId":"pokedot"},"content":"","lastModifiedDate":"2025-08-20T15:29:09","isFullCredit":false},{"lineNumber":46,"author":{"gitId":"pokedot"},"content":"                case \"list\":","lastModifiedDate":"2025-08-20T15:29:09","isFullCredit":false},{"lineNumber":47,"author":{"gitId":"pokedot"},"content":"                    lines.add(\"Ok~! Here are LittleNuggy\u0027s tasks!\");","lastModifiedDate":"2025-08-20T18:05:49","isFullCredit":false},{"lineNumber":48,"author":{"gitId":"pokedot"},"content":"                    for (int i \u003d 0; i \u003c tasks.size(); i++) {","lastModifiedDate":"2025-08-20T12:07:05","isFullCredit":false},{"lineNumber":49,"author":{"gitId":"pokedot"},"content":"                        lines.add((i + 1) + \".\" + tasks.get(i));","lastModifiedDate":"2025-08-20T14:09:31","isFullCredit":false},{"lineNumber":50,"author":{"gitId":"pokedot"},"content":"                    }","lastModifiedDate":"2025-08-20T12:07:05","isFullCredit":false},{"lineNumber":51,"author":{"gitId":"pokedot"},"content":"                    break;","lastModifiedDate":"2025-08-20T15:29:09","isFullCredit":false},{"lineNumber":52,"author":{"gitId":"pokedot"},"content":"","lastModifiedDate":"2025-08-20T15:29:09","isFullCredit":false},{"lineNumber":53,"author":{"gitId":"pokedot"},"content":"                case \"mark\":","lastModifiedDate":"2025-08-20T16:46:27","isFullCredit":false},{"lineNumber":54,"author":{"gitId":"pokedot"},"content":"                    try {","lastModifiedDate":"2025-08-20T16:46:27","isFullCredit":false},{"lineNumber":55,"author":{"gitId":"pokedot"},"content":"                        int taskNumber \u003d Integer.parseInt(input.split(\" \")[1]);","lastModifiedDate":"2025-08-20T15:29:09","isFullCredit":false},{"lineNumber":56,"author":{"gitId":"pokedot"},"content":"                        String taskInfo \u003d tasks.get(taskNumber - 1).markAsDone();","lastModifiedDate":"2025-08-20T16:46:27","isFullCredit":false},{"lineNumber":57,"author":{"gitId":"pokedot"},"content":"                        lines.add(\"Sugoi desu! LittleNuggy finished LittleNuggy\u0027s task!\");","lastModifiedDate":"2025-08-20T18:05:49","isFullCredit":false},{"lineNumber":58,"author":{"gitId":"pokedot"},"content":"                        lines.add(\"  \" + taskInfo);","lastModifiedDate":"2025-08-20T16:46:27","isFullCredit":false},{"lineNumber":59,"author":{"gitId":"pokedot"},"content":"                    } catch (NumberFormatException e) {","lastModifiedDate":"2025-08-20T16:46:27","isFullCredit":false},{"lineNumber":60,"author":{"gitId":"pokedot"},"content":"                        lines.add(\"FlyingNugget does have LittleNuggy\u0027s task number!\");","lastModifiedDate":"2025-08-20T18:05:49","isFullCredit":false},{"lineNumber":61,"author":{"gitId":"pokedot"},"content":"                        lines.add(\"(Ensure your mark is of the following format: \\\"mark [number]\\\".)\");","lastModifiedDate":"2025-08-20T16:46:27","isFullCredit":false},{"lineNumber":62,"author":{"gitId":"pokedot"},"content":"                    } catch (IndexOutOfBoundsException e) {","lastModifiedDate":"2025-08-20T16:46:27","isFullCredit":false},{"lineNumber":63,"author":{"gitId":"pokedot"},"content":"                        lines.add(\"FlyingNugget does not see this task number in LittleNuggy\u0027s list!\");","lastModifiedDate":"2025-08-20T18:05:49","isFullCredit":false},{"lineNumber":64,"author":{"gitId":"pokedot"},"content":"                        lines.add(\"(Type \\\"list\\\" to see all your current tasks and their numbers.)\");","lastModifiedDate":"2025-08-20T16:46:27","isFullCredit":false},{"lineNumber":65,"author":{"gitId":"pokedot"},"content":"                    }","lastModifiedDate":"2025-08-20T15:29:09","isFullCredit":false},{"lineNumber":66,"author":{"gitId":"pokedot"},"content":"                    break;","lastModifiedDate":"2025-08-20T16:46:27","isFullCredit":false},{"lineNumber":67,"author":{"gitId":"pokedot"},"content":"","lastModifiedDate":"2025-08-20T16:46:27","isFullCredit":false},{"lineNumber":68,"author":{"gitId":"pokedot"},"content":"","lastModifiedDate":"2025-08-20T15:29:09","isFullCredit":false},{"lineNumber":69,"author":{"gitId":"pokedot"},"content":"                case \"unmark\":","lastModifiedDate":"2025-08-20T16:46:27","isFullCredit":false},{"lineNumber":70,"author":{"gitId":"pokedot"},"content":"                    try {","lastModifiedDate":"2025-08-20T16:46:27","isFullCredit":false},{"lineNumber":71,"author":{"gitId":"pokedot"},"content":"                        int taskNumber \u003d Integer.parseInt(input.split(\" \")[1]);","lastModifiedDate":"2025-08-20T15:29:09","isFullCredit":false},{"lineNumber":72,"author":{"gitId":"pokedot"},"content":"                        String taskInfo \u003d tasks.get(taskNumber - 1).markAsUndone();","lastModifiedDate":"2025-08-20T16:46:27","isFullCredit":false},{"lineNumber":73,"author":{"gitId":"pokedot"},"content":"                        lines.add(\"Nani? LittleNuggy lied to FlyingNugget?\");","lastModifiedDate":"2025-08-20T18:05:49","isFullCredit":false},{"lineNumber":74,"author":{"gitId":"pokedot"},"content":"                        lines.add(\"  \" + taskInfo);","lastModifiedDate":"2025-08-20T16:46:27","isFullCredit":false},{"lineNumber":75,"author":{"gitId":"pokedot"},"content":"                    } catch (NumberFormatException e) {","lastModifiedDate":"2025-08-20T16:46:27","isFullCredit":false},{"lineNumber":76,"author":{"gitId":"pokedot"},"content":"                        lines.add(\"FlyingNugget does have LittleNuggy\u0027s task number!\");","lastModifiedDate":"2025-08-20T18:05:49","isFullCredit":false},{"lineNumber":77,"author":{"gitId":"pokedot"},"content":"                        lines.add(\"(Ensure your unmark is of the following format: \\\"unmark [number]\\\".)\");","lastModifiedDate":"2025-08-20T16:46:27","isFullCredit":false},{"lineNumber":78,"author":{"gitId":"pokedot"},"content":"                    } catch (IndexOutOfBoundsException e) {","lastModifiedDate":"2025-08-20T16:46:27","isFullCredit":false},{"lineNumber":79,"author":{"gitId":"pokedot"},"content":"                        lines.add(\"FlyingNugget does not see this task number on LittleNuggy\u0027s list!\");","lastModifiedDate":"2025-08-20T18:05:49","isFullCredit":false},{"lineNumber":80,"author":{"gitId":"pokedot"},"content":"                        lines.add(\"(Type \\\"list\\\" to see all your current tasks and their numbers.)\");","lastModifiedDate":"2025-08-20T16:46:27","isFullCredit":false},{"lineNumber":81,"author":{"gitId":"pokedot"},"content":"                    }","lastModifiedDate":"2025-08-20T15:29:09","isFullCredit":false},{"lineNumber":82,"author":{"gitId":"pokedot"},"content":"                    break;","lastModifiedDate":"2025-08-20T16:46:27","isFullCredit":false},{"lineNumber":83,"author":{"gitId":"pokedot"},"content":"","lastModifiedDate":"2025-08-20T15:29:09","isFullCredit":false},{"lineNumber":84,"author":{"gitId":"pokedot"},"content":"                case \"todo\":","lastModifiedDate":"2025-08-20T15:29:09","isFullCredit":false},{"lineNumber":85,"author":{"gitId":"pokedot"},"content":"                    try {","lastModifiedDate":"2025-08-20T16:46:27","isFullCredit":false},{"lineNumber":86,"author":{"gitId":"pokedot"},"content":"                        addTask(new Todo(input), tasks, lines);","lastModifiedDate":"2025-08-20T15:29:09","isFullCredit":false},{"lineNumber":87,"author":{"gitId":"pokedot"},"content":"                    } catch (MissingTaskException e) {","lastModifiedDate":"2025-08-20T16:46:27","isFullCredit":false},{"lineNumber":88,"author":{"gitId":"pokedot"},"content":"                        lines.add(\"Where is LittleNuggy\u0027s todo?\");","lastModifiedDate":"2025-08-20T18:05:49","isFullCredit":false},{"lineNumber":89,"author":{"gitId":"pokedot"},"content":"                        lines.add(\"(Ensure your todo is of the following format: \\\"todo [task]\\\".)\");","lastModifiedDate":"2025-08-20T16:46:27","isFullCredit":false},{"lineNumber":90,"author":{"gitId":"pokedot"},"content":"                    }","lastModifiedDate":"2025-08-20T16:46:27","isFullCredit":false},{"lineNumber":91,"author":{"gitId":"pokedot"},"content":"                    break;","lastModifiedDate":"2025-08-20T15:29:09","isFullCredit":false},{"lineNumber":92,"author":{"gitId":"pokedot"},"content":"","lastModifiedDate":"2025-08-20T15:29:09","isFullCredit":false},{"lineNumber":93,"author":{"gitId":"pokedot"},"content":"                case \"deadline\":","lastModifiedDate":"2025-08-20T15:29:09","isFullCredit":false},{"lineNumber":94,"author":{"gitId":"pokedot"},"content":"                    try {","lastModifiedDate":"2025-08-20T16:46:27","isFullCredit":false},{"lineNumber":95,"author":{"gitId":"pokedot"},"content":"                        addTask(new Deadline(input), tasks, lines);","lastModifiedDate":"2025-08-20T15:29:09","isFullCredit":false},{"lineNumber":96,"author":{"gitId":"pokedot"},"content":"                    } catch (MissingTaskException e) {","lastModifiedDate":"2025-08-20T16:46:27","isFullCredit":false},{"lineNumber":97,"author":{"gitId":"pokedot"},"content":"                        lines.add(\"When is LittleNuggy\u0027s deadline?\");","lastModifiedDate":"2025-08-20T18:05:49","isFullCredit":false},{"lineNumber":98,"author":{"gitId":"pokedot"},"content":"                        lines.add(\"(Ensure your deadline is of the following format: \\\"deadline [task] /by [dueDate]\\\".)\");","lastModifiedDate":"2025-08-20T16:46:27","isFullCredit":false},{"lineNumber":99,"author":{"gitId":"pokedot"},"content":"                    }","lastModifiedDate":"2025-08-20T16:46:27","isFullCredit":false},{"lineNumber":100,"author":{"gitId":"pokedot"},"content":"                    break;","lastModifiedDate":"2025-08-20T15:29:09","isFullCredit":false},{"lineNumber":101,"author":{"gitId":"pokedot"},"content":"","lastModifiedDate":"2025-08-20T15:29:09","isFullCredit":false},{"lineNumber":102,"author":{"gitId":"pokedot"},"content":"                case \"event\":","lastModifiedDate":"2025-08-20T15:29:09","isFullCredit":false},{"lineNumber":103,"author":{"gitId":"pokedot"},"content":"                    try {","lastModifiedDate":"2025-08-20T16:46:27","isFullCredit":false},{"lineNumber":104,"author":{"gitId":"pokedot"},"content":"                        addTask(new Event(input), tasks, lines);","lastModifiedDate":"2025-08-20T15:29:09","isFullCredit":false},{"lineNumber":105,"author":{"gitId":"pokedot"},"content":"                    } catch (MissingTaskException e) {","lastModifiedDate":"2025-08-20T16:46:27","isFullCredit":false},{"lineNumber":106,"author":{"gitId":"pokedot"},"content":"                        lines.add(\"When is LittleNuggy\u0027s event?\");","lastModifiedDate":"2025-08-20T18:05:49","isFullCredit":false},{"lineNumber":107,"author":{"gitId":"pokedot"},"content":"                        lines.add(\"(Ensure your event is of the following format: \\\"event [task] /from [start] /to [end]\\\".)\");","lastModifiedDate":"2025-08-20T16:46:27","isFullCredit":false},{"lineNumber":108,"author":{"gitId":"pokedot"},"content":"                    }","lastModifiedDate":"2025-08-20T16:46:27","isFullCredit":false},{"lineNumber":109,"author":{"gitId":"pokedot"},"content":"                    break;","lastModifiedDate":"2025-08-20T15:29:09","isFullCredit":false},{"lineNumber":110,"author":{"gitId":"pokedot"},"content":"","lastModifiedDate":"2025-08-20T16:46:27","isFullCredit":false},{"lineNumber":111,"author":{"gitId":"pokedot"},"content":"                case \"delete\":","lastModifiedDate":"2025-08-20T17:31:58","isFullCredit":false},{"lineNumber":112,"author":{"gitId":"pokedot"},"content":"                    try {","lastModifiedDate":"2025-08-20T17:31:58","isFullCredit":false},{"lineNumber":113,"author":{"gitId":"pokedot"},"content":"                        int taskNumber \u003d Integer.parseInt(input.split(\" \")[1]);","lastModifiedDate":"2025-08-20T17:31:58","isFullCredit":false},{"lineNumber":114,"author":{"gitId":"pokedot"},"content":"                        deleteTask(taskNumber, tasks, lines);","lastModifiedDate":"2025-08-20T17:31:58","isFullCredit":false},{"lineNumber":115,"author":{"gitId":"pokedot"},"content":"                    } catch (NumberFormatException e) {","lastModifiedDate":"2025-08-20T17:31:58","isFullCredit":false},{"lineNumber":116,"author":{"gitId":"pokedot"},"content":"                        lines.add(\"FlyingNugget does have LittleNuggy\u0027s task number!\");","lastModifiedDate":"2025-08-20T18:05:49","isFullCredit":false},{"lineNumber":117,"author":{"gitId":"pokedot"},"content":"                        lines.add(\"(Ensure your delete is of the following format: \\\"delete [number]\\\".)\");","lastModifiedDate":"2025-08-20T17:31:58","isFullCredit":false},{"lineNumber":118,"author":{"gitId":"pokedot"},"content":"                    } catch (IndexOutOfBoundsException e) {","lastModifiedDate":"2025-08-20T17:31:58","isFullCredit":false},{"lineNumber":119,"author":{"gitId":"pokedot"},"content":"                        lines.add(\"FlyingNugget does not see this task number on LittleNuggy\u0027s list!\");","lastModifiedDate":"2025-08-20T18:05:49","isFullCredit":false},{"lineNumber":120,"author":{"gitId":"pokedot"},"content":"                        lines.add(\"(Type \\\"list\\\" to see all your current tasks and their numbers.)\");","lastModifiedDate":"2025-08-20T17:31:58","isFullCredit":false},{"lineNumber":121,"author":{"gitId":"pokedot"},"content":"                    }","lastModifiedDate":"2025-08-20T17:31:58","isFullCredit":false},{"lineNumber":122,"author":{"gitId":"pokedot"},"content":"                    break;","lastModifiedDate":"2025-08-20T17:31:58","isFullCredit":false},{"lineNumber":123,"author":{"gitId":"pokedot"},"content":"","lastModifiedDate":"2025-08-20T17:31:58","isFullCredit":false},{"lineNumber":124,"author":{"gitId":"pokedot"},"content":"                default:","lastModifiedDate":"2025-08-20T16:46:27","isFullCredit":false},{"lineNumber":125,"author":{"gitId":"pokedot"},"content":"                    try {","lastModifiedDate":"2025-08-20T16:46:27","isFullCredit":false},{"lineNumber":126,"author":{"gitId":"pokedot"},"content":"                        throw new UnknownActionException();","lastModifiedDate":"2025-08-20T16:46:27","isFullCredit":false},{"lineNumber":127,"author":{"gitId":"pokedot"},"content":"                    } catch (UnknownActionException e) {","lastModifiedDate":"2025-08-20T16:46:27","isFullCredit":false},{"lineNumber":128,"author":{"gitId":"pokedot"},"content":"                        lines.add(\"FlyingNugget has never heard that before!\");","lastModifiedDate":"2025-08-20T18:05:49","isFullCredit":false},{"lineNumber":129,"author":{"gitId":"pokedot"},"content":"                    }","lastModifiedDate":"2025-08-20T16:46:27","isFullCredit":false},{"lineNumber":130,"author":{"gitId":"pokedot"},"content":"            }","lastModifiedDate":"2025-08-20T11:38:45","isFullCredit":false},{"lineNumber":131,"author":{"gitId":"pokedot"},"content":"            printBox(lines.toArray(new String[0]));","lastModifiedDate":"2025-08-20T14:09:31","isFullCredit":false},{"lineNumber":132,"author":{"gitId":"pokedot"},"content":"        }","lastModifiedDate":"2025-08-20T11:38:45","isFullCredit":false},{"lineNumber":133,"author":{"gitId":"pokedot"},"content":"        scanner.close();","lastModifiedDate":"2025-08-20T11:38:45","isFullCredit":false},{"lineNumber":134,"author":{"gitId":"pokedot"},"content":"    }","lastModifiedDate":"2025-08-20T11:06:35","isFullCredit":false},{"lineNumber":135,"author":{"gitId":"pokedot"},"content":"","lastModifiedDate":"2025-08-20T14:09:31","isFullCredit":false},{"lineNumber":136,"author":{"gitId":"pokedot"},"content":"    /**","lastModifiedDate":"2025-08-20T17:17:44","isFullCredit":false},{"lineNumber":137,"author":{"gitId":"pokedot"},"content":"     * Adds a task to the task list and prints its corresponding messages.","lastModifiedDate":"2025-08-20T17:17:44","isFullCredit":false},{"lineNumber":138,"author":{"gitId":"pokedot"},"content":"     *","lastModifiedDate":"2025-08-20T17:17:44","isFullCredit":false},{"lineNumber":139,"author":{"gitId":"pokedot"},"content":"     * @param task the Task object to add","lastModifiedDate":"2025-08-20T17:17:44","isFullCredit":false},{"lineNumber":140,"author":{"gitId":"pokedot"},"content":"     * @param tasks the current list of tasks","lastModifiedDate":"2025-08-20T17:17:44","isFullCredit":false},{"lineNumber":141,"author":{"gitId":"pokedot"},"content":"     * @param lines the current list of messages to print","lastModifiedDate":"2025-08-20T17:31:58","isFullCredit":false},{"lineNumber":142,"author":{"gitId":"pokedot"},"content":"     */","lastModifiedDate":"2025-08-20T17:17:44","isFullCredit":false},{"lineNumber":143,"author":{"gitId":"pokedot"},"content":"    private static void addTask(Task task, List\u003cTask\u003e tasks, List\u003cString\u003e lines) {","lastModifiedDate":"2025-08-20T15:29:09","isFullCredit":false},{"lineNumber":144,"author":{"gitId":"pokedot"},"content":"        tasks.add(task);","lastModifiedDate":"2025-08-20T15:29:09","isFullCredit":false},{"lineNumber":145,"author":{"gitId":"pokedot"},"content":"        lines.add(\"Ok~! FlyingNugget will help LittleNuggy add this task!\");","lastModifiedDate":"2025-08-20T18:05:49","isFullCredit":false},{"lineNumber":146,"author":{"gitId":"pokedot"},"content":"        lines.add(\"  \" + task.toString());","lastModifiedDate":"2025-08-20T15:29:09","isFullCredit":false},{"lineNumber":147,"author":{"gitId":"pokedot"},"content":"        if (tasks.size() \u003d\u003d 1) {","lastModifiedDate":"2025-08-20T15:29:09","isFullCredit":false},{"lineNumber":148,"author":{"gitId":"pokedot"},"content":"            lines.add(\"Now LittleNuggy has 1 task on LittleNuggy\u0027s list!\");","lastModifiedDate":"2025-08-20T18:05:49","isFullCredit":false},{"lineNumber":149,"author":{"gitId":"pokedot"},"content":"        } else {","lastModifiedDate":"2025-08-20T15:29:09","isFullCredit":false},{"lineNumber":150,"author":{"gitId":"pokedot"},"content":"            lines.add(\"Wow! LittleNuggy is getting busy!\");","lastModifiedDate":"2025-08-20T18:05:49","isFullCredit":false},{"lineNumber":151,"author":{"gitId":"pokedot"},"content":"            lines.add(\"Now LittleNuggy has \" + tasks.size() + \" tasks on LittleNuggy\u0027s list!\");","lastModifiedDate":"2025-08-20T18:05:49","isFullCredit":false},{"lineNumber":152,"author":{"gitId":"pokedot"},"content":"        }","lastModifiedDate":"2025-08-20T15:29:09","isFullCredit":false},{"lineNumber":153,"author":{"gitId":"pokedot"},"content":"    }","lastModifiedDate":"2025-08-20T15:29:09","isFullCredit":false},{"lineNumber":154,"author":{"gitId":"pokedot"},"content":"","lastModifiedDate":"2025-08-20T15:29:09","isFullCredit":false},{"lineNumber":155,"author":{"gitId":"pokedot"},"content":"    /**","lastModifiedDate":"2025-08-20T17:17:44","isFullCredit":false},{"lineNumber":156,"author":{"gitId":"pokedot"},"content":"     * Deletes a task from the task list and prints its corresponding messages.","lastModifiedDate":"2025-08-20T17:31:58","isFullCredit":false},{"lineNumber":157,"author":{"gitId":"pokedot"},"content":"     *","lastModifiedDate":"2025-08-20T17:31:58","isFullCredit":false},{"lineNumber":158,"author":{"gitId":"pokedot"},"content":"     * @param taskNumber the index of the task to remove from tasks","lastModifiedDate":"2025-08-20T17:31:58","isFullCredit":false},{"lineNumber":159,"author":{"gitId":"pokedot"},"content":"     * @param tasks the current list of tasks","lastModifiedDate":"2025-08-20T17:31:58","isFullCredit":false},{"lineNumber":160,"author":{"gitId":"pokedot"},"content":"     * @param lines the current list of messages to print","lastModifiedDate":"2025-08-20T17:31:58","isFullCredit":false},{"lineNumber":161,"author":{"gitId":"pokedot"},"content":"     */","lastModifiedDate":"2025-08-20T17:31:58","isFullCredit":false},{"lineNumber":162,"author":{"gitId":"pokedot"},"content":"    private static void deleteTask(int taskNumber, List\u003cTask\u003e tasks, List\u003cString\u003e lines) {","lastModifiedDate":"2025-08-20T17:31:58","isFullCredit":false},{"lineNumber":163,"author":{"gitId":"pokedot"},"content":"        Task task \u003d tasks.remove(taskNumber - 1);","lastModifiedDate":"2025-08-20T17:31:58","isFullCredit":false},{"lineNumber":164,"author":{"gitId":"pokedot"},"content":"        lines.add(\"Ok~! FlyingNugget will remove this task for LittleNuggy!\");","lastModifiedDate":"2025-08-20T18:05:49","isFullCredit":false},{"lineNumber":165,"author":{"gitId":"pokedot"},"content":"        lines.add(\"  \" + task.toString());","lastModifiedDate":"2025-08-20T17:31:58","isFullCredit":false},{"lineNumber":166,"author":{"gitId":"pokedot"},"content":"        if (tasks.size() \u003d\u003d 1) {","lastModifiedDate":"2025-08-20T17:31:58","isFullCredit":false},{"lineNumber":167,"author":{"gitId":"pokedot"},"content":"            lines.add(\"Now LittleNuggy has 1 task on LittleNuggy\u0027s list!\");","lastModifiedDate":"2025-08-20T18:05:49","isFullCredit":false},{"lineNumber":168,"author":{"gitId":"pokedot"},"content":"        } else {","lastModifiedDate":"2025-08-20T17:31:58","isFullCredit":false},{"lineNumber":169,"author":{"gitId":"pokedot"},"content":"            lines.add(\"Now LittleNuggy has \" + tasks.size() + \" tasks on LittleNuggy\u0027s list!\");","lastModifiedDate":"2025-08-20T18:05:49","isFullCredit":false},{"lineNumber":170,"author":{"gitId":"pokedot"},"content":"        }","lastModifiedDate":"2025-08-20T17:31:58","isFullCredit":false},{"lineNumber":171,"author":{"gitId":"pokedot"},"content":"    }","lastModifiedDate":"2025-08-20T17:31:58","isFullCredit":false},{"lineNumber":172,"author":{"gitId":"pokedot"},"content":"","lastModifiedDate":"2025-08-20T17:31:58","isFullCredit":false},{"lineNumber":173,"author":{"gitId":"pokedot"},"content":"    /**","lastModifiedDate":"2025-08-20T17:31:58","isFullCredit":false},{"lineNumber":174,"author":{"gitId":"pokedot"},"content":"     * Prints all messages per action in an enclosed box with a tab indent.","lastModifiedDate":"2025-08-20T17:31:58","isFullCredit":false},{"lineNumber":175,"author":{"gitId":"pokedot"},"content":"     *","lastModifiedDate":"2025-08-20T17:17:44","isFullCredit":false},{"lineNumber":176,"author":{"gitId":"pokedot"},"content":"     * @param messages one or more strings to print in the box","lastModifiedDate":"2025-08-20T17:31:58","isFullCredit":false},{"lineNumber":177,"author":{"gitId":"pokedot"},"content":"     */","lastModifiedDate":"2025-08-20T17:17:44","isFullCredit":false},{"lineNumber":178,"author":{"gitId":"pokedot"},"content":"    private static void printBox(String... messages) {","lastModifiedDate":"2025-08-20T14:09:31","isFullCredit":false},{"lineNumber":179,"author":{"gitId":"pokedot"},"content":"        System.out.println(LINE);","lastModifiedDate":"2025-08-20T14:09:31","isFullCredit":false},{"lineNumber":180,"author":{"gitId":"pokedot"},"content":"        for (String msg : messages) {","lastModifiedDate":"2025-08-20T14:09:31","isFullCredit":false},{"lineNumber":181,"author":{"gitId":"pokedot"},"content":"            System.out.println(\"\\t\" + msg);","lastModifiedDate":"2025-08-20T14:09:31","isFullCredit":false},{"lineNumber":182,"author":{"gitId":"pokedot"},"content":"        }","lastModifiedDate":"2025-08-20T14:09:31","isFullCredit":false},{"lineNumber":183,"author":{"gitId":"pokedot"},"content":"        System.out.println(LINE);","lastModifiedDate":"2025-08-20T14:09:31","isFullCredit":false},{"lineNumber":184,"author":{"gitId":"pokedot"},"content":"    }","lastModifiedDate":"2025-08-20T14:09:31","isFullCredit":false},{"lineNumber":185,"author":{"gitId":"pokedot"},"content":"}","lastModifiedDate":"2025-08-20T11:06:35","isFullCredit":false}],"authorContributionMap":{"pokedot":185}},{"path":"src/main/java/MissingTaskException.java","fileType":"java","lines":[{"lineNumber":1,"author":{"gitId":"pokedot"},"content":"/**","lastModifiedDate":"2025-08-20T17:17:44","isFullCredit":false},{"lineNumber":2,"author":{"gitId":"pokedot"},"content":" * Thrown when a user input is missing a task description or does not follow the required format for the command.","lastModifiedDate":"2025-08-20T17:17:44","isFullCredit":false},{"lineNumber":3,"author":{"gitId":"pokedot"},"content":" */","lastModifiedDate":"2025-08-20T17:17:44","isFullCredit":false},{"lineNumber":4,"author":{"gitId":"pokedot"},"content":"public class MissingTaskException extends Exception {","lastModifiedDate":"2025-08-20T16:46:27","isFullCredit":false},{"lineNumber":5,"author":{"gitId":"pokedot"},"content":"}","lastModifiedDate":"2025-08-20T16:46:27","isFullCredit":false}],"authorContributionMap":{"pokedot":5}},{"path":"src/main/java/Task.java","fileType":"java","lines":[{"lineNumber":1,"author":{"gitId":"pokedot"},"content":"/** Represents a Task which tracks an item and its completion state.","lastModifiedDate":"2025-08-20T17:17:44","isFullCredit":false},{"lineNumber":2,"author":{"gitId":"pokedot"},"content":" * This is the base class for Todo, Deadline, and Event.","lastModifiedDate":"2025-08-20T17:17:44","isFullCredit":false},{"lineNumber":3,"author":{"gitId":"pokedot"},"content":" */","lastModifiedDate":"2025-08-20T17:17:44","isFullCredit":false},{"lineNumber":4,"author":{"gitId":"pokedot"},"content":"public class Task {","lastModifiedDate":"2025-08-20T14:09:31","isFullCredit":false},{"lineNumber":5,"author":{"gitId":"pokedot"},"content":"    private boolean done;","lastModifiedDate":"2025-08-20T14:09:31","isFullCredit":false},{"lineNumber":6,"author":{"gitId":"pokedot"},"content":"    private final String item;","lastModifiedDate":"2025-08-20T14:09:31","isFullCredit":false},{"lineNumber":7,"author":{"gitId":"pokedot"},"content":"","lastModifiedDate":"2025-08-20T14:09:31","isFullCredit":false},{"lineNumber":8,"author":{"gitId":"pokedot"},"content":"    /**","lastModifiedDate":"2025-08-20T17:17:44","isFullCredit":false},{"lineNumber":9,"author":{"gitId":"pokedot"},"content":"     * Creates a new Task with the item.","lastModifiedDate":"2025-08-20T17:17:44","isFullCredit":false},{"lineNumber":10,"author":{"gitId":"pokedot"},"content":"     * By default, the task is not done.","lastModifiedDate":"2025-08-20T17:17:44","isFullCredit":false},{"lineNumber":11,"author":{"gitId":"pokedot"},"content":"     *","lastModifiedDate":"2025-08-20T17:17:44","isFullCredit":false},{"lineNumber":12,"author":{"gitId":"pokedot"},"content":"     * @param item the description of the task","lastModifiedDate":"2025-08-20T17:17:44","isFullCredit":false},{"lineNumber":13,"author":{"gitId":"pokedot"},"content":"     */","lastModifiedDate":"2025-08-20T17:17:44","isFullCredit":false},{"lineNumber":14,"author":{"gitId":"pokedot"},"content":"    Task(String item) {","lastModifiedDate":"2025-08-20T14:09:31","isFullCredit":false},{"lineNumber":15,"author":{"gitId":"pokedot"},"content":"        this.done \u003d false;","lastModifiedDate":"2025-08-20T14:09:31","isFullCredit":false},{"lineNumber":16,"author":{"gitId":"pokedot"},"content":"        this.item \u003d item;","lastModifiedDate":"2025-08-20T14:09:31","isFullCredit":false},{"lineNumber":17,"author":{"gitId":"pokedot"},"content":"    }","lastModifiedDate":"2025-08-20T14:09:31","isFullCredit":false},{"lineNumber":18,"author":{"gitId":"pokedot"},"content":"","lastModifiedDate":"2025-08-20T14:09:31","isFullCredit":false},{"lineNumber":19,"author":{"gitId":"pokedot"},"content":"    /**","lastModifiedDate":"2025-08-20T17:17:44","isFullCredit":false},{"lineNumber":20,"author":{"gitId":"pokedot"},"content":"     * Returns the completion status of the task.","lastModifiedDate":"2025-08-20T17:17:44","isFullCredit":false},{"lineNumber":21,"author":{"gitId":"pokedot"},"content":"     *","lastModifiedDate":"2025-08-20T17:17:44","isFullCredit":false},{"lineNumber":22,"author":{"gitId":"pokedot"},"content":"     * @return true if the task is done, false otherwise","lastModifiedDate":"2025-08-20T17:17:44","isFullCredit":false},{"lineNumber":23,"author":{"gitId":"pokedot"},"content":"     */","lastModifiedDate":"2025-08-20T17:17:44","isFullCredit":false},{"lineNumber":24,"author":{"gitId":"pokedot"},"content":"    public boolean getDone() {","lastModifiedDate":"2025-08-20T15:29:09","isFullCredit":false},{"lineNumber":25,"author":{"gitId":"pokedot"},"content":"        return this.done;","lastModifiedDate":"2025-08-20T15:29:09","isFullCredit":false},{"lineNumber":26,"author":{"gitId":"pokedot"},"content":"    }","lastModifiedDate":"2025-08-20T15:29:09","isFullCredit":false},{"lineNumber":27,"author":{"gitId":"pokedot"},"content":"","lastModifiedDate":"2025-08-20T15:29:09","isFullCredit":false},{"lineNumber":28,"author":{"gitId":"pokedot"},"content":"    /**","lastModifiedDate":"2025-08-20T17:17:44","isFullCredit":false},{"lineNumber":29,"author":{"gitId":"pokedot"},"content":"     * Returns the description of the task.","lastModifiedDate":"2025-08-20T17:17:44","isFullCredit":false},{"lineNumber":30,"author":{"gitId":"pokedot"},"content":"     *","lastModifiedDate":"2025-08-20T17:17:44","isFullCredit":false},{"lineNumber":31,"author":{"gitId":"pokedot"},"content":"     * @return the task description","lastModifiedDate":"2025-08-20T17:17:44","isFullCredit":false},{"lineNumber":32,"author":{"gitId":"pokedot"},"content":"     */","lastModifiedDate":"2025-08-20T17:17:44","isFullCredit":false},{"lineNumber":33,"author":{"gitId":"pokedot"},"content":"    public String getItem() {","lastModifiedDate":"2025-08-20T15:29:09","isFullCredit":false},{"lineNumber":34,"author":{"gitId":"pokedot"},"content":"        return this.item;","lastModifiedDate":"2025-08-20T15:29:09","isFullCredit":false},{"lineNumber":35,"author":{"gitId":"pokedot"},"content":"    }","lastModifiedDate":"2025-08-20T15:29:09","isFullCredit":false},{"lineNumber":36,"author":{"gitId":"pokedot"},"content":"","lastModifiedDate":"2025-08-20T15:29:09","isFullCredit":false},{"lineNumber":37,"author":{"gitId":"pokedot"},"content":"    /**","lastModifiedDate":"2025-08-20T17:17:44","isFullCredit":false},{"lineNumber":38,"author":{"gitId":"pokedot"},"content":"     * Marks the task as done and returns its string representation.","lastModifiedDate":"2025-08-20T17:17:44","isFullCredit":false},{"lineNumber":39,"author":{"gitId":"pokedot"},"content":"     *","lastModifiedDate":"2025-08-20T17:17:44","isFullCredit":false},{"lineNumber":40,"author":{"gitId":"pokedot"},"content":"     * @return the string representation of the task after marking it as done","lastModifiedDate":"2025-08-20T17:17:44","isFullCredit":false},{"lineNumber":41,"author":{"gitId":"pokedot"},"content":"     */","lastModifiedDate":"2025-08-20T17:17:44","isFullCredit":false},{"lineNumber":42,"author":{"gitId":"pokedot"},"content":"    public String markAsDone() {","lastModifiedDate":"2025-08-20T14:09:31","isFullCredit":false},{"lineNumber":43,"author":{"gitId":"pokedot"},"content":"        this.done \u003d true;","lastModifiedDate":"2025-08-20T14:09:31","isFullCredit":false},{"lineNumber":44,"author":{"gitId":"pokedot"},"content":"        return this.toString();","lastModifiedDate":"2025-08-20T14:09:31","isFullCredit":false},{"lineNumber":45,"author":{"gitId":"pokedot"},"content":"    }","lastModifiedDate":"2025-08-20T14:09:31","isFullCredit":false},{"lineNumber":46,"author":{"gitId":"pokedot"},"content":"","lastModifiedDate":"2025-08-20T14:09:31","isFullCredit":false},{"lineNumber":47,"author":{"gitId":"pokedot"},"content":"    /**","lastModifiedDate":"2025-08-20T17:17:44","isFullCredit":false},{"lineNumber":48,"author":{"gitId":"pokedot"},"content":"     * Marks the task as undone and returns its string representation.","lastModifiedDate":"2025-08-20T17:17:44","isFullCredit":false},{"lineNumber":49,"author":{"gitId":"pokedot"},"content":"     *","lastModifiedDate":"2025-08-20T17:17:44","isFullCredit":false},{"lineNumber":50,"author":{"gitId":"pokedot"},"content":"     * @return the string representation of the task after marking it as undone","lastModifiedDate":"2025-08-20T17:17:44","isFullCredit":false},{"lineNumber":51,"author":{"gitId":"pokedot"},"content":"     */","lastModifiedDate":"2025-08-20T17:17:44","isFullCredit":false},{"lineNumber":52,"author":{"gitId":"pokedot"},"content":"    public String markAsUndone() {","lastModifiedDate":"2025-08-20T14:09:31","isFullCredit":false},{"lineNumber":53,"author":{"gitId":"pokedot"},"content":"        this.done \u003d false;","lastModifiedDate":"2025-08-20T14:09:31","isFullCredit":false},{"lineNumber":54,"author":{"gitId":"pokedot"},"content":"        return this.toString();","lastModifiedDate":"2025-08-20T14:09:31","isFullCredit":false},{"lineNumber":55,"author":{"gitId":"pokedot"},"content":"    }","lastModifiedDate":"2025-08-20T14:09:31","isFullCredit":false},{"lineNumber":56,"author":{"gitId":"pokedot"},"content":"","lastModifiedDate":"2025-08-20T17:17:44","isFullCredit":false},{"lineNumber":57,"author":{"gitId":"pokedot"},"content":"    /**","lastModifiedDate":"2025-08-20T17:17:44","isFullCredit":false},{"lineNumber":58,"author":{"gitId":"pokedot"},"content":"     * Returns a string representation of the task.","lastModifiedDate":"2025-08-20T17:17:44","isFullCredit":false},{"lineNumber":59,"author":{"gitId":"pokedot"},"content":"     * Subclasses should override this to provide task-specific formatting.","lastModifiedDate":"2025-08-20T17:17:44","isFullCredit":false},{"lineNumber":60,"author":{"gitId":"pokedot"},"content":"     *","lastModifiedDate":"2025-08-20T17:17:44","isFullCredit":false},{"lineNumber":61,"author":{"gitId":"pokedot"},"content":"     * @return the string representation of the task","lastModifiedDate":"2025-08-20T17:17:44","isFullCredit":false},{"lineNumber":62,"author":{"gitId":"pokedot"},"content":"     */","lastModifiedDate":"2025-08-20T17:17:44","isFullCredit":false},{"lineNumber":63,"author":{"gitId":"pokedot"},"content":"    @Override","lastModifiedDate":"2025-08-20T17:17:44","isFullCredit":false},{"lineNumber":64,"author":{"gitId":"pokedot"},"content":"    public String toString() {","lastModifiedDate":"2025-08-20T17:17:44","isFullCredit":false},{"lineNumber":65,"author":{"gitId":"pokedot"},"content":"        return (done ? \"[X] \" : \"[ ] \") + item;","lastModifiedDate":"2025-08-20T17:17:44","isFullCredit":false},{"lineNumber":66,"author":{"gitId":"pokedot"},"content":"    }","lastModifiedDate":"2025-08-20T17:17:44","isFullCredit":false},{"lineNumber":67,"author":{"gitId":"pokedot"},"content":"}","lastModifiedDate":"2025-08-20T14:09:31","isFullCredit":false}],"authorContributionMap":{"pokedot":67}},{"path":"src/main/java/Todo.java","fileType":"java","lines":[{"lineNumber":1,"author":{"gitId":"pokedot"},"content":"import java.util.regex.Matcher;","lastModifiedDate":"2025-08-20T15:29:09","isFullCredit":false},{"lineNumber":2,"author":{"gitId":"pokedot"},"content":"import java.util.regex.Pattern;","lastModifiedDate":"2025-08-20T15:29:09","isFullCredit":false},{"lineNumber":3,"author":{"gitId":"pokedot"},"content":"","lastModifiedDate":"2025-08-20T15:29:09","isFullCredit":false},{"lineNumber":4,"author":{"gitId":"pokedot"},"content":"/**","lastModifiedDate":"2025-08-20T17:17:44","isFullCredit":false},{"lineNumber":5,"author":{"gitId":"pokedot"},"content":" * Represents a Todo task, which is a type of Task without a specific deadline or event time.","lastModifiedDate":"2025-08-20T17:17:44","isFullCredit":false},{"lineNumber":6,"author":{"gitId":"pokedot"},"content":" * The description is parsed from the user input.","lastModifiedDate":"2025-08-20T17:17:44","isFullCredit":false},{"lineNumber":7,"author":{"gitId":"pokedot"},"content":" */","lastModifiedDate":"2025-08-20T17:17:44","isFullCredit":false},{"lineNumber":8,"author":{"gitId":"pokedot"},"content":"public class Todo extends Task {","lastModifiedDate":"2025-08-20T15:29:09","isFullCredit":false},{"lineNumber":9,"author":{"gitId":"pokedot"},"content":"","lastModifiedDate":"2025-08-20T15:29:09","isFullCredit":false},{"lineNumber":10,"author":{"gitId":"pokedot"},"content":"    /**","lastModifiedDate":"2025-08-20T17:17:44","isFullCredit":false},{"lineNumber":11,"author":{"gitId":"pokedot"},"content":"     * Creates a new Todo task from the given description.","lastModifiedDate":"2025-08-20T17:17:44","isFullCredit":false},{"lineNumber":12,"author":{"gitId":"pokedot"},"content":"     *","lastModifiedDate":"2025-08-20T17:17:44","isFullCredit":false},{"lineNumber":13,"author":{"gitId":"pokedot"},"content":"     * @param description the user input containing the \"todo\" keyword and task description","lastModifiedDate":"2025-08-20T17:17:44","isFullCredit":false},{"lineNumber":14,"author":{"gitId":"pokedot"},"content":"     * @throws MissingTaskException if no task description is provided","lastModifiedDate":"2025-08-20T17:17:44","isFullCredit":false},{"lineNumber":15,"author":{"gitId":"pokedot"},"content":"     */","lastModifiedDate":"2025-08-20T17:17:44","isFullCredit":false},{"lineNumber":16,"author":{"gitId":"pokedot"},"content":"    Todo(String description) throws MissingTaskException {","lastModifiedDate":"2025-08-20T16:46:27","isFullCredit":false},{"lineNumber":17,"author":{"gitId":"pokedot"},"content":"        super(parse(description));","lastModifiedDate":"2025-08-20T15:29:09","isFullCredit":false},{"lineNumber":18,"author":{"gitId":"pokedot"},"content":"    }","lastModifiedDate":"2025-08-20T15:29:09","isFullCredit":false},{"lineNumber":19,"author":{"gitId":"pokedot"},"content":"","lastModifiedDate":"2025-08-20T15:29:09","isFullCredit":false},{"lineNumber":20,"author":{"gitId":"pokedot"},"content":"    /**","lastModifiedDate":"2025-08-20T17:17:44","isFullCredit":false},{"lineNumber":21,"author":{"gitId":"pokedot"},"content":"     * Extracts the task description from the user input.","lastModifiedDate":"2025-08-20T17:17:44","isFullCredit":false},{"lineNumber":22,"author":{"gitId":"pokedot"},"content":"     *","lastModifiedDate":"2025-08-20T17:17:44","isFullCredit":false},{"lineNumber":23,"author":{"gitId":"pokedot"},"content":"     * @param description the raw input string","lastModifiedDate":"2025-08-20T17:17:44","isFullCredit":false},{"lineNumber":24,"author":{"gitId":"pokedot"},"content":"     * @return the parsed task description","lastModifiedDate":"2025-08-20T17:17:44","isFullCredit":false},{"lineNumber":25,"author":{"gitId":"pokedot"},"content":"     * @throws MissingTaskException if no task description is provided","lastModifiedDate":"2025-08-20T17:17:44","isFullCredit":false},{"lineNumber":26,"author":{"gitId":"pokedot"},"content":"     */","lastModifiedDate":"2025-08-20T17:17:44","isFullCredit":false},{"lineNumber":27,"author":{"gitId":"pokedot"},"content":"    private static String parse(String description) throws MissingTaskException {","lastModifiedDate":"2025-08-20T16:46:27","isFullCredit":false},{"lineNumber":28,"author":{"gitId":"pokedot"},"content":"        Pattern pattern \u003d Pattern.compile(\"todo (.*)\");","lastModifiedDate":"2025-08-20T15:29:09","isFullCredit":false},{"lineNumber":29,"author":{"gitId":"pokedot"},"content":"        Matcher matcher \u003d pattern.matcher(description);","lastModifiedDate":"2025-08-20T15:29:09","isFullCredit":false},{"lineNumber":30,"author":{"gitId":"pokedot"},"content":"        if (matcher.matches()) {","lastModifiedDate":"2025-08-20T16:46:27","isFullCredit":false},{"lineNumber":31,"author":{"gitId":"pokedot"},"content":"            return matcher.group(1);","lastModifiedDate":"2025-08-20T15:29:09","isFullCredit":false},{"lineNumber":32,"author":{"gitId":"pokedot"},"content":"        } else {","lastModifiedDate":"2025-08-20T16:46:27","isFullCredit":false},{"lineNumber":33,"author":{"gitId":"pokedot"},"content":"            throw new MissingTaskException();","lastModifiedDate":"2025-08-20T16:46:27","isFullCredit":false},{"lineNumber":34,"author":{"gitId":"pokedot"},"content":"        }","lastModifiedDate":"2025-08-20T16:46:27","isFullCredit":false},{"lineNumber":35,"author":{"gitId":"pokedot"},"content":"    }","lastModifiedDate":"2025-08-20T15:29:09","isFullCredit":false},{"lineNumber":36,"author":{"gitId":"pokedot"},"content":"","lastModifiedDate":"2025-08-20T15:29:09","isFullCredit":false},{"lineNumber":37,"author":{"gitId":"pokedot"},"content":"    /**","lastModifiedDate":"2025-08-20T17:17:44","isFullCredit":false},{"lineNumber":38,"author":{"gitId":"pokedot"},"content":"     * Returns a string representation of the Todo task.","lastModifiedDate":"2025-08-20T17:17:44","isFullCredit":false},{"lineNumber":39,"author":{"gitId":"pokedot"},"content":"     *","lastModifiedDate":"2025-08-20T17:17:44","isFullCredit":false},{"lineNumber":40,"author":{"gitId":"pokedot"},"content":"     * @return a string showing task type, completion status, and task description","lastModifiedDate":"2025-08-20T17:17:44","isFullCredit":false},{"lineNumber":41,"author":{"gitId":"pokedot"},"content":"     */","lastModifiedDate":"2025-08-20T17:17:44","isFullCredit":false},{"lineNumber":42,"author":{"gitId":"pokedot"},"content":"    @Override","lastModifiedDate":"2025-08-20T17:17:44","isFullCredit":false},{"lineNumber":43,"author":{"gitId":"pokedot"},"content":"    public String toString() {","lastModifiedDate":"2025-08-20T15:29:09","isFullCredit":false},{"lineNumber":44,"author":{"gitId":"pokedot"},"content":"        return \"[T]\" + (this.getDone() ? \"[X] \" : \"[ ] \") + this.getItem();","lastModifiedDate":"2025-08-20T17:17:44","isFullCredit":false},{"lineNumber":45,"author":{"gitId":"pokedot"},"content":"    }","lastModifiedDate":"2025-08-20T15:29:09","isFullCredit":false},{"lineNumber":46,"author":{"gitId":"pokedot"},"content":"","lastModifiedDate":"2025-08-20T15:29:09","isFullCredit":false},{"lineNumber":47,"author":{"gitId":"pokedot"},"content":"}","lastModifiedDate":"2025-08-20T15:29:09","isFullCredit":false}],"authorContributionMap":{"pokedot":47}},{"path":"src/main/java/UnknownActionException.java","fileType":"java","lines":[{"lineNumber":1,"author":{"gitId":"pokedot"},"content":"/**","lastModifiedDate":"2025-08-20T17:17:44","isFullCredit":false},{"lineNumber":2,"author":{"gitId":"pokedot"},"content":" * Thrown when the user enters an action that is not recognised by FlyingNugget.","lastModifiedDate":"2025-08-20T17:17:44","isFullCredit":false},{"lineNumber":3,"author":{"gitId":"pokedot"},"content":" */","lastModifiedDate":"2025-08-20T17:17:44","isFullCredit":false},{"lineNumber":4,"author":{"gitId":"pokedot"},"content":"public class UnknownActionException extends Exception {","lastModifiedDate":"2025-08-20T16:46:27","isFullCredit":false},{"lineNumber":5,"author":{"gitId":"pokedot"},"content":"}","lastModifiedDate":"2025-08-20T16:46:27","isFullCredit":false}],"authorContributionMap":{"pokedot":5}},{"path":"text-ui-test/input.txt","fileType":"txt","lines":[{"lineNumber":1,"author":{"gitId":"pokedot"},"content":"todo borrow pen","lastModifiedDate":"2025-08-20T16:02:33","isFullCredit":false},{"lineNumber":2,"author":{"gitId":"pokedot"},"content":"deadline go home /by Monday","lastModifiedDate":"2025-08-20T16:02:33","isFullCredit":false},{"lineNumber":3,"author":{"gitId":"pokedot"},"content":"event meet friend /from Tue 1pm /to Wed 1pm","lastModifiedDate":"2025-08-20T16:02:33","isFullCredit":false},{"lineNumber":4,"author":{"gitId":"pokedot"},"content":"list","lastModifiedDate":"2025-08-20T16:02:33","isFullCredit":false},{"lineNumber":5,"author":{"gitId":"pokedot"},"content":"mark 2","lastModifiedDate":"2025-08-20T16:02:33","isFullCredit":false},{"lineNumber":6,"author":{"gitId":"pokedot"},"content":"mark 3","lastModifiedDate":"2025-08-20T16:02:33","isFullCredit":false},{"lineNumber":7,"author":{"gitId":"pokedot"},"content":"todo check bank account","lastModifiedDate":"2025-08-20T18:05:49","isFullCredit":false},{"lineNumber":8,"author":{"gitId":"pokedot"},"content":"unmark 2","lastModifiedDate":"2025-08-20T16:02:33","isFullCredit":false},{"lineNumber":9,"author":{"gitId":"pokedot"},"content":"delete 1","lastModifiedDate":"2025-08-20T18:05:49","isFullCredit":false},{"lineNumber":10,"author":{"gitId":"pokedot"},"content":"mark 4","lastModifiedDate":"2025-08-20T18:05:49","isFullCredit":false},{"lineNumber":11,"author":{"gitId":"pokedot"},"content":"event project outing /from June 7th 10am /to 6pm","lastModifiedDate":"2025-08-20T18:05:49","isFullCredit":false},{"lineNumber":12,"author":{"gitId":"pokedot"},"content":"mark 1","lastModifiedDate":"2025-08-20T18:05:49","isFullCredit":false},{"lineNumber":13,"author":{"gitId":"pokedot"},"content":"delete 4","lastModifiedDate":"2025-08-20T18:05:49","isFullCredit":false},{"lineNumber":14,"author":{"gitId":"pokedot"},"content":"list","lastModifiedDate":"2025-08-20T16:02:33","isFullCredit":false},{"lineNumber":15,"author":{"gitId":"pokedot"},"content":"bye","lastModifiedDate":"2025-08-20T16:02:33","isFullCredit":false}],"authorContributionMap":{"pokedot":15}},{"path":"text-ui-test/runtest.bat","fileType":"bat","lines":[{"lineNumber":1,"author":{"gitId":"-"},"content":"@ECHO OFF","lastModifiedDate":"2020-05-25T00:03:55","isFullCredit":false},{"lineNumber":2,"author":{"gitId":"-"},"content":"","lastModifiedDate":"2020-05-25T00:03:55","isFullCredit":false},{"lineNumber":3,"author":{"gitId":"-"},"content":"REM create bin directory if it doesn\u0027t exist","lastModifiedDate":"2020-05-25T00:03:55","isFullCredit":false},{"lineNumber":4,"author":{"gitId":"-"},"content":"if not exist ..\\bin mkdir ..\\bin","lastModifiedDate":"2020-05-25T00:03:55","isFullCredit":false},{"lineNumber":5,"author":{"gitId":"-"},"content":"","lastModifiedDate":"2020-05-25T00:03:55","isFullCredit":false},{"lineNumber":6,"author":{"gitId":"-"},"content":"REM delete output from previous run","lastModifiedDate":"2020-05-25T00:03:55","isFullCredit":false},{"lineNumber":7,"author":{"gitId":"-"},"content":"if exist ACTUAL.TXT del ACTUAL.TXT","lastModifiedDate":"2020-08-25T17:23:26","isFullCredit":false},{"lineNumber":8,"author":{"gitId":"-"},"content":"","lastModifiedDate":"2020-05-25T00:03:55","isFullCredit":false},{"lineNumber":9,"author":{"gitId":"-"},"content":"REM compile the code into the bin folder","lastModifiedDate":"2020-05-25T00:03:55","isFullCredit":false},{"lineNumber":10,"author":{"gitId":"-"},"content":"javac  -cp ..\\src\\main\\java -Xlint:none -d ..\\bin ..\\src\\main\\java\\*.java","lastModifiedDate":"2020-08-25T17:23:26","isFullCredit":false},{"lineNumber":11,"author":{"gitId":"-"},"content":"IF ERRORLEVEL 1 (","lastModifiedDate":"2020-05-25T00:03:55","isFullCredit":false},{"lineNumber":12,"author":{"gitId":"-"},"content":"    echo ********** BUILD FAILURE **********","lastModifiedDate":"2020-05-25T00:03:55","isFullCredit":false},{"lineNumber":13,"author":{"gitId":"-"},"content":"    exit /b 1","lastModifiedDate":"2020-05-25T00:03:55","isFullCredit":false},{"lineNumber":14,"author":{"gitId":"-"},"content":")","lastModifiedDate":"2020-05-25T00:03:55","isFullCredit":false},{"lineNumber":15,"author":{"gitId":"-"},"content":"REM no error here, errorlevel \u003d\u003d 0","lastModifiedDate":"2020-05-25T00:03:55","isFullCredit":false},{"lineNumber":16,"author":{"gitId":"-"},"content":"","lastModifiedDate":"2020-05-25T00:03:55","isFullCredit":false},{"lineNumber":17,"author":{"gitId":"-"},"content":"REM run the program, feed commands from input.txt file and redirect the output to the ACTUAL.TXT","lastModifiedDate":"2020-05-25T00:03:55","isFullCredit":false},{"lineNumber":18,"author":{"gitId":"pokedot"},"content":"java -classpath ..\\bin FlyingNugget \u003c input.txt \u003e ACTUAL.TXT","lastModifiedDate":"2025-08-20T11:06:35","isFullCredit":false},{"lineNumber":19,"author":{"gitId":"-"},"content":"","lastModifiedDate":"2020-05-25T00:03:55","isFullCredit":false},{"lineNumber":20,"author":{"gitId":"-"},"content":"REM compare the output to the expected output","lastModifiedDate":"2020-05-25T00:03:55","isFullCredit":false},{"lineNumber":21,"author":{"gitId":"-"},"content":"FC ACTUAL.TXT EXPECTED.TXT","lastModifiedDate":"2020-05-25T00:03:55","isFullCredit":false}],"authorContributionMap":{"pokedot":1,"-":20}}]
