{"authorDailyContributionsMap":{"nicktantk":[{"date":"2025-08-20T00:00:00","commitResults":[{"hash":"b12cce1532554de8352e9e581e8ab7467f3a2348","isMergeCommit":false,"messageTitle":"level 0","messageBody":"","tags":["level-0"],"fileTypesAndContributionMap":{"java":{"insertions":10,"deletions":10}}},{"hash":"0ab271c76644b7cffc63ecffd349586d78c72fcf","isMergeCommit":false,"messageTitle":"level 1","messageBody":"","tags":["level-1"],"fileTypesAndContributionMap":{"java":{"insertions":16,"deletions":5},"md":{"insertions":1,"deletions":1}}},{"hash":"49502212dd18f38b42f180bc84e66b167064623b","isMergeCommit":false,"messageTitle":"level 2","messageBody":"","tags":["level-2"],"fileTypesAndContributionMap":{"java":{"insertions":13,"deletions":2}}},{"hash":"5e68484f6fe61a7dfcd872cbc87cce6d5719bf3d","isMergeCommit":false,"messageTitle":"level 3","messageBody":"","tags":["level-3"],"fileTypesAndContributionMap":{"java":{"insertions":39,"deletions":4}}},{"hash":"9854aa4cfb5e14d60514ef54c9602ff6a2645f88","isMergeCommit":false,"messageTitle":"level 4","messageBody":"","tags":["level-4"],"fileTypesAndContributionMap":{"java":{"insertions":54,"deletions":0}}}]},{"date":"2025-08-21T00:00:00","commitResults":[{"hash":"aed1cd53f3f6446814669c0c234831c6255e8fb7","isMergeCommit":false,"messageTitle":"level 5","messageBody":"","tags":["level-5"],"fileTypesAndContributionMap":{"java":{"insertions":4,"deletions":3}}},{"hash":"76c5848c1804dbf6be1cc6f61df1cc4c03602192","isMergeCommit":false,"messageTitle":"level 6","messageBody":"","tags":["level-6"],"fileTypesAndContributionMap":{"java":{"insertions":22,"deletions":18}}}]},{"date":"2025-08-23T00:00:00","commitResults":[{"hash":"1143fa90ed4bf5ae762af4fbf943d56d8880eda7","isMergeCommit":false,"messageTitle":"Add ability to load tasks from a file, and save tasks to a file","messageBody":"","tags":["Level-7"],"fileTypesAndContributionMap":{"java":{"insertions":103,"deletions":7}}},{"hash":"4271dc2574f09afcc4c5295842363e392e9dddf5","isMergeCommit":false,"messageTitle":"Edit interaction when no file is found, and when file is found but task list is empty","messageBody":"","fileTypesAndContributionMap":{"java":{"insertions":8,"deletions":5}}}]}]},"authorFileTypeContributionMap":{"nicktantk":{"java":225,"md":1,"fxml":0,"sh":0,"bat":0,"gradle":0,"txt":0}},"authorContributionVariance":{"nicktantk":2172.5898},"authorDisplayNameMap":{"nicktantk":"CS2103T-T08-1 NICH..HOON"}}
