{"authorDailyContributionsMap":{"Gracesong146":[{"date":"2025-08-25T00:00:00","commitResults":[{"hash":"ef0ef8a0ca9f6ecaecd2babac659eb50f8f5a83c","isMergeCommit":false,"messageTitle":"Completed Level-0","messageBody":"","tags":["Level-0"],"fileTypesAndContributionMap":{"java":{"insertions":18,"deletions":10},"bat":{"insertions":1,"deletions":1},"md":{"insertions":3,"deletions":3}}},{"hash":"d4069ef5ed44ccd52f425bfe78c2567d6066e25a","isMergeCommit":false,"messageTitle":"Completed Level-1","messageBody":"","tags":["Level-1"],"fileTypesAndContributionMap":{"java":{"insertions":28,"deletions":3}}},{"hash":"c4854576b7e9c9e7f32f5b891b505a683017c3b8","isMergeCommit":false,"messageTitle":"Add toDoList functionality and improve output formatting","messageBody":"","tags":["Level-2"],"fileTypesAndContributionMap":{"java":{"insertions":19,"deletions":7}}},{"hash":"30841f1d9357c7cee7286b7532d056431a8fc0ef","isMergeCommit":false,"messageTitle":"Create Task class with description and status management","messageBody":"","fileTypesAndContributionMap":{"java":{"insertions":17,"deletions":0}}},{"hash":"bfa15e3f5fbd1a23aaa87725bb9f2d7cafa1f711","isMergeCommit":false,"messageTitle":"Refactor to-do list to use Task class with mark and unmark","messageBody":"","fileTypesAndContributionMap":{"java":{"insertions":87,"deletions":6}}},{"hash":"c537a9d77439230c27a1e8e2c2cc678e96429d9d","isMergeCommit":false,"messageTitle":"Delete src/main/java/Task.java","messageBody":"","fileTypesAndContributionMap":{"java":{"insertions":0,"deletions":17}}},{"hash":"2324a0df9d7cdf962ab7757ca86f0d3ae068f6ea","isMergeCommit":false,"messageTitle":"Add the ability to mark tasks as done and not done. Level 3.","messageBody":"","tags":["Level-3"],"fileTypesAndContributionMap":{"java":{"insertions":49,"deletions":37}}}]},{"date":"2025-08-26T00:00:00","commitResults":[{"hash":"0b7b2f1ec72681ae6ceab1160ed8903cf0e0fa88","isMergeCommit":false,"messageTitle":"Added ToDos, Events, Deadlines. Level 4 Task, using inheritance.","messageBody":"","tags":["Level-4"],"fileTypesAndContributionMap":{"java":{"insertions":173,"deletions":47}}},{"hash":"6cde2164a73d76ae1f31bcb0d5234443fea8efd5","isMergeCommit":false,"messageTitle":"Used Automated Text UI Testing. Added pause, /W. A-TextUiTesting.","messageBody":"","tags":["A-TextUiTesting"],"fileTypesAndContributionMap":{"txt":{"insertions":14,"deletions":0},"java":{"insertions":5,"deletions":13},"bat":{"insertions":10,"deletions":1}}},{"hash":"6c61c6e04d59d6dba3e6896e17268338cbc1168f","isMergeCommit":false,"messageTitle":"Add more exception for todo, deadline and event without descriptions","messageBody":"","tags":["Level-5"],"fileTypesAndContributionMap":{"java":{"insertions":76,"deletions":47}}},{"hash":"ec23915a1aec033d0b58afab4d5df09c43eced90","isMergeCommit":false,"messageTitle":"Add task delete function with error messages for level 6 task","messageBody":"","fileTypesAndContributionMap":{"java":{"insertions":27,"deletions":2}}}]},{"date":"2025-08-27T00:00:00","commitResults":[{"hash":"631ad459296fd6a5a91e5637daf0c9065ad886d7","isMergeCommit":false,"messageTitle":"Fix automated ui testing and fix counter issue during deletion","messageBody":"","tags":["Level-6"],"fileTypesAndContributionMap":{"txt":{"insertions":16,"deletions":2},"java":{"insertions":1,"deletions":0}}}]},{"date":"2025-08-28T00:00:00","commitResults":[{"hash":"d656e1ffbefe9291b1f5ae08d1ebe14f7c0c112b","isMergeCommit":false,"messageTitle":"Add InvalidTaskTypeException and Enum TaskType to Task subclass","messageBody":"","tags":["A-Enums"],"fileTypesAndContributionMap":{"java":{"insertions":52,"deletions":15}}},{"hash":"ea3c155a539d95e0645b4308fa1fdf1806a7cbf1","isMergeCommit":false,"messageTitle":"Configure IDE to remove indentation for case clauses","messageBody":"","fileTypesAndContributionMap":{"java":{"insertions":30,"deletions":30}}},{"hash":"1fece6855101683ab6f5d92b96560215a9f6d8e4","isMergeCommit":false,"messageTitle":"Add full Javadoc and documentation to task management classes","messageBody":"","fileTypesAndContributionMap":{"java":{"insertions":98,"deletions":0}}}]},{"date":"2025-08-29T00:00:00","commitResults":[{"hash":"b10d37fc63c327ea1feaf60b45d4d6e5547709cb","isMergeCommit":false,"messageTitle":"Add more header comments before public methods","messageBody":"","fileTypesAndContributionMap":{"java":{"insertions":20,"deletions":3}}},{"hash":"8eed98523a521b24c2a37f002dedad295e5fef69","isMergeCommit":false,"messageTitle":"Add Level 7: basic task save/load functionality","messageBody":"Implement Storage class to save tasks to a file. Load tasks automatically at startup. Handle non-existent files and corrupted lines. Supports ToDo, Deadline, and Event task types.\n","fileTypesAndContributionMap":{"java":{"insertions":4,"deletions":0}}}]},{"date":"2025-08-30T00:00:00","commitResults":[{"hash":"9c62b59ef1c51546112bff10fc3f5f4fc4de64f9","isMergeCommit":false,"messageTitle":"Fix issue with github connection","messageBody":"","fileTypesAndContributionMap":{"txt":{"insertions":4,"deletions":0},"java":{"insertions":154,"deletions":11}}},{"hash":"d8b67586e0ae9d2120ebb61a92b4763d4ac82807","isMergeCommit":false,"messageTitle":"Add LocalDate parsing for Deadline and Event tasks","messageBody":"Ensure that the event task are in order, Add InvalidTaskTypeException, Add command on\n","fileTypesAndContributionMap":{"txt":{"insertions":24,"deletions":4},"java":{"insertions":241,"deletions":33},"bat":{"insertions":5,"deletions":1}}},{"hash":"912952e670cf052053c89eba383d78485649bc52","isMergeCommit":false,"messageTitle":"Reformat files to match coding standards","messageBody":"","fileTypesAndContributionMap":{"java":{"insertions":11,"deletions":9}}},{"hash":"f724c167a896a2fd6d2bd4b2b8411ed5d93c48e6","isMergeCommit":true,"messageTitle":"Merge branch-Level-8: Level 8","messageBody":"","tags":["Level-8"],"fileTypesAndContributionMap":{}},{"hash":"0c4b4774b4ea54b6d18ba74038e0a1aa66d51aa0","isMergeCommit":false,"messageTitle":"Add Ui java file and edit Cathy file accordingly","messageBody":"Change long if else statement to switch case as well\n","fileTypesAndContributionMap":{"java":{"insertions":12,"deletions":0}}},{"hash":"84431283c3f7aa5a0a73fe644c169e3e08069ed0","isMergeCommit":false,"messageTitle":"Add Tasklist.java without implementation","messageBody":"","fileTypesAndContributionMap":{"java":{"insertions":218,"deletions":93}}}]},{"date":"2025-08-31T00:00:00","commitResults":[{"hash":"31391923c66aeda6c068fd3fe7d9282c30165ef9","isMergeCommit":false,"messageTitle":"Implement Tasklist.java in Cathy","messageBody":"","fileTypesAndContributionMap":{"java":{"insertions":83,"deletions":74}}},{"hash":"03193a3978758bb2338267084ade2771643ffed8","isMergeCommit":false,"messageTitle":"Add methods in Ui and create Command and AddToDoCommand classes","messageBody":"","fileTypesAndContributionMap":{"java":{"insertions":287,"deletions":83}}},{"hash":"33503c9dbe732bc80ffb5fee4b44b786ced9f7db","isMergeCommit":false,"messageTitle":"Add Commands for adding, deleting, listing etc","messageBody":"","fileTypesAndContributionMap":{"txt":{"insertions":1,"deletions":0},"java":{"insertions":268,"deletions":4}}},{"hash":"593c9602074a25f40feb8ac6eb8ffd6efea5d182","isMergeCommit":false,"messageTitle":"Complete integration of all classes with header comments","messageBody":"","fileTypesAndContributionMap":{"txt":{"insertions":8,"deletions":5},"java":{"insertions":580,"deletions":565}}},{"hash":"179d8a2352e76eb5f6707a3262783789e8460c94","isMergeCommit":true,"messageTitle":"Merge branch-A-More-OOP","messageBody":"","tags":["A-MoreOOP"],"fileTypesAndContributionMap":{}},{"hash":"969059c36bed2110dbe146f88ac9a4d37965e67a","isMergeCommit":false,"messageTitle":"Divide classes into multiple packages","messageBody":"","tags":["A-Packages"],"fileTypesAndContributionMap":{"txt":{"insertions":0,"deletions":9},"java":{"insertions":142,"deletions":3},"bat":{"insertions":2,"deletions":2}}}]},{"date":"2025-09-01T00:00:00","commitResults":[{"hash":"72bc61851c9aab79f46b2a86ccab1f3ff7c42ea2","isMergeCommit":true,"messageTitle":"Merge add-gradle-support","messageBody":"","fileTypesAndContributionMap":{}}]}]},"authorFileTypeContributionMap":{"Gracesong146":{"java":1598,"md":3,"fxml":0,"sh":0,"bat":16,"gradle":0,"txt":47}},"authorContributionVariance":{"Gracesong146":194010.58},"authorDisplayNameMap":{"Gracesong146":"CS2103-F13-4 GRAC..SONG"}}
