{"authorDailyContributionsMap":{"sabersmash1412":[{"date":"2025-08-23T00:00:00","commitResults":[{"hash":"b85ffcff2e808c7539292c512154e9dbd5ebdd15","isMergeCommit":false,"messageTitle":"Implement Mani chatbot skeleton with greeting and exit","messageBody":"","tags":["Level-0"],"fileTypesAndContributionMap":{"java":{"insertions":7,"deletions":10}}},{"hash":"68dd33a208e2b7d70810c13196c33b82eebbdfbf","isMergeCommit":false,"messageTitle":"Implement echo and exit feature","messageBody":"","tags":["Level-1"],"fileTypesAndContributionMap":{"java":{"insertions":13,"deletions":0}}},{"hash":"e4e88e900bd11153b9d0e451ba4b39d1eb3ffc97","isMergeCommit":false,"messageTitle":"Implement feature add and list","messageBody":"","tags":["Level-2"],"fileTypesAndContributionMap":{"java":{"insertions":13,"deletions":1}}}]},{"date":"2025-08-25T00:00:00","commitResults":[{"hash":"7c26b16869b23010fa95702de4d9fcd43bfecc4d","isMergeCommit":false,"messageTitle":"Implement ability to mark","messageBody":"","tags":["Level-3"],"fileTypesAndContributionMap":{"java":{"insertions":72,"deletions":6}}},{"hash":"5041542df160542c5e818ea3ef71e9ae94d6069c","isMergeCommit":false,"messageTitle":"Implement classes Todo, Deadline and Event","messageBody":"","tags":["Level-4"],"fileTypesAndContributionMap":{"java":{"insertions":63,"deletions":1}}},{"hash":"d0b779ee2236781aea2fae9fb2e0220e920fea0e","isMergeCommit":false,"messageTitle":"Implement Automated Test UI Testing","messageBody":"","tags":["A-TextUiTesting"],"fileTypesAndContributionMap":{"txt":{"insertions":11,"deletions":0},"java":{"insertions":3,"deletions":0},"bat":{"insertions":1,"deletions":1},"sh":{"insertions":1,"deletions":1}}},{"hash":"023670b7f3d7aad6af33fef07cd55774c2c13777","isMergeCommit":false,"messageTitle":"Implement error checking","messageBody":"","tags":["Level-5"],"fileTypesAndContributionMap":{"txt":{"insertions":8,"deletions":0},"java":{"insertions":51,"deletions":4}}},{"hash":"a807221966bde379d51b5d7b78c9f6ac21f19a56","isMergeCommit":false,"messageTitle":"Implement delete feature","messageBody":"","tags":["Level-6"],"fileTypesAndContributionMap":{"txt":{"insertions":1,"deletions":0},"java":{"insertions":23,"deletions":6}}}]},{"date":"2025-08-31T00:00:00","commitResults":[{"hash":"366cae23749a249535494a9476ef9a7d6dfbaf41","isMergeCommit":false,"messageTitle":"Save task list changes in text file","messageBody":"","fileTypesAndContributionMap":{"txt":{"insertions":11,"deletions":0},"java":{"insertions":158,"deletions":1}}},{"hash":"a89ca850d0e3982cc3e2caba6fbef21366fecbb5","isMergeCommit":false,"messageTitle":"Load the data from the hard disk when the chatbot starts up","messageBody":"","fileTypesAndContributionMap":{"txt":{"insertions":4,"deletions":3},"java":{"insertions":60,"deletions":4}}},{"hash":"7dd0f15126713b1cba035b5db48b599ae795b0ef","isMergeCommit":false,"messageTitle":"Handle the case where the data file doesn\u0027t exist at the start","messageBody":"","tags":["Level-7"],"fileTypesAndContributionMap":{"txt":{"insertions":0,"deletions":12},"java":{"insertions":11,"deletions":0}}},{"hash":"6fc758044af0a8f87d56c40c686d9ea551bf1cac","isMergeCommit":true,"messageTitle":"Merge branch-Level-7 into master","messageBody":"","fileTypesAndContributionMap":{}}]},{"date":"2025-09-02T00:00:00","commitResults":[{"hash":"ec6933b2ec3efddfa4919f90e7566ffe8e2c3ad8","isMergeCommit":false,"messageTitle":"Implement date formatter","messageBody":"","fileTypesAndContributionMap":{"txt":{"insertions":1,"deletions":0},"java":{"insertions":19,"deletions":11}}},{"hash":"c1be425542f6e289ca54e0c2af3ef6c642f899dd","isMergeCommit":true,"messageTitle":"Merge branch \u0027branch-Level-8\u0027","messageBody":"","tags":["Level-8"],"fileTypesAndContributionMap":{}}]},{"date":"2025-09-04T00:00:00","commitResults":[{"hash":"3578fc1e36b57f343cfd31cdc4d62aa6342d55e7","isMergeCommit":false,"messageTitle":"Implement more classes and use more OOP","messageBody":"","tags":["A-MoreOOP"],"fileTypesAndContributionMap":{"txt":{"insertions":2,"deletions":1},"java":{"insertions":153,"deletions":116}}},{"hash":"b4db730da7b27e2deb9a5c6eafb8a02bab7e28bf","isMergeCommit":false,"messageTitle":"Divide classes into packages","messageBody":"","tags":["A-Packages"],"fileTypesAndContributionMap":{"txt":{"insertions":1,"deletions":0},"java":{"insertions":38,"deletions":8},"bat":{"insertions":1,"deletions":1}}},{"hash":"214698d4eceabd51c32836c82812de7979f56add","isMergeCommit":true,"messageTitle":"Merge add-gradle-support into master","messageBody":"","fileTypesAndContributionMap":{}},{"hash":"9925995a8b18719e7ff1a79dcf3d0090ecfc955a","isMergeCommit":false,"messageTitle":"Set up Gradle to automate project builds","messageBody":"","tags":["A-Gradle"],"fileTypesAndContributionMap":{"gradle":{"insertions":2,"deletions":2},"txt":{"insertions":1,"deletions":0}}}]},{"date":"2025-09-05T00:00:00","commitResults":[{"hash":"e2488146bfb1f044c650ae4eb10dfefda86b00de","isMergeCommit":false,"messageTitle":"Add JUnit tests","messageBody":"","tags":["A-JUnit"],"fileTypesAndContributionMap":{"gradle":{"insertions":1,"deletions":1},"txt":{"insertions":7,"deletions":1},"java":{"insertions":116,"deletions":23}}},{"hash":"a000d9d100dad4a1a9fbb0f392ba347783caa11f","isMergeCommit":false,"messageTitle":"Package the App as a JAR file","messageBody":"","tags":["A-Jar"],"fileTypesAndContributionMap":{"txt":{"insertions":1,"deletions":0}}}]},{"date":"2025-09-06T00:00:00","commitResults":[{"hash":"e4bc140626b6e60a0033394bb05b35373e049029","isMergeCommit":false,"messageTitle":"Add JavaDoc comments","messageBody":"","tags":["A-JavaDoc"],"fileTypesAndContributionMap":{"java":{"insertions":228,"deletions":19}}},{"hash":"3ded8f0fffe470b8a094f003d85297b712e9c3fa","isMergeCommit":false,"messageTitle":"Apply coding standard to my code","messageBody":"","tags":["A-CodingStandard"],"fileTypesAndContributionMap":{"txt":{"insertions":2,"deletions":10},"java":{"insertions":142,"deletions":120}}},{"hash":"bf3730020b8c9aa0425e1330e0b03028574b5d5d","isMergeCommit":true,"messageTitle":"Resolve merge errors","messageBody":"","fileTypesAndContributionMap":{}},{"hash":"e44f5e9ef9d2e2911a7af1688c03c7719e121c2b","isMergeCommit":false,"messageTitle":"Implement tasks finding using keyword","messageBody":"","tags":["Level-9"],"fileTypesAndContributionMap":{"txt":{"insertions":2,"deletions":9},"java":{"insertions":18,"deletions":0}}},{"hash":"fa534796e07ccc0ca9fbf3ba7156639a2a49fc72","isMergeCommit":true,"messageTitle":"Resolve merge conflicts","messageBody":"","fileTypesAndContributionMap":{}}]},{"date":"2025-09-09T00:00:00","commitResults":[{"hash":"277de876c8ab884c85cfcf47006cdcec3e3369aa","isMergeCommit":false,"messageTitle":"Implement Graphical User Interface","messageBody":"","tags":["Level-10"],"fileTypesAndContributionMap":{"gradle":{"insertions":16,"deletions":1},"txt":{"insertions":2,"deletions":1},"fxml":{"insertions":65,"deletions":0},"java":{"insertions":180,"deletions":0}}}]},{"date":"2025-09-18T00:00:00","commitResults":[{"hash":"72ca0a85692fc938d9f297c562db3331b15f244a","isMergeCommit":false,"messageTitle":"Use assert to document important assumptions","messageBody":"","tags":["A-Assertions"],"fileTypesAndContributionMap":{"txt":{"insertions":4,"deletions":2},"java":{"insertions":6,"deletions":0}}},{"hash":"678f63fa4310071e5ade00fd48253642b010dec1","isMergeCommit":true,"messageTitle":"Merge pull request #2 from sabersmash1412/branch-A-Assertions","messageBody":"Use assert to document important assumptions","fileTypesAndContributionMap":{}},{"hash":"4653111d4ca648daf407d45e9719f2a357efd34a","isMergeCommit":false,"messageTitle":"Improve code quality","messageBody":"","tags":["A-CodeQuality"],"fileTypesAndContributionMap":{"java":{"insertions":67,"deletions":37}}},{"hash":"725864a6fb9a43d990ad8a4fa579273df2f6db3c","isMergeCommit":true,"messageTitle":"Merge pull request #3 from sabersmash1412/branch-A-CodeQuality","messageBody":"Improve code quality","fileTypesAndContributionMap":{}}]},{"date":"2025-09-22T00:00:00","commitResults":[{"hash":"f4689d9b29591cc05dbe8f1d76b7de47dd1c2fa4","isMergeCommit":false,"messageTitle":"Handle task duplicates and update mani.txt reliably","messageBody":"Currently, adding tasks that are duplicates does not update the duplicate count in the storage file, causing errors when the application is restarted. Additionally, unit tests that add tasks write directly to the main mani.txt file, affecting data.\n\nDuplicate tasks need proper tracking both in memory and in the file, and tests should avoid affecting the real storage.\n\nLet\u0027s implement a mechanism that:\n* Increments the duplicate count in the last column of mani.txt when a duplicate is added.\n* Updates the task description in memory accordingly.\n* Refactor TaskListTest such that testing data uses test.txt instead of tasks.txt\nThis ensures task duplication is correctly reflected across sessions and improves test isolation for safer development.\n","tags":["BCD-Extension","A-FullCommitMessage"],"fileTypesAndContributionMap":{"txt":{"insertions":4,"deletions":5},"java":{"insertions":188,"deletions":62}}},{"hash":"bc9655e6a364915e6579f8d6b69cd47c9447c294","isMergeCommit":false,"messageTitle":"Add Javadoc comments to all classes and methods","messageBody":"","fileTypesAndContributionMap":{"java":{"insertions":27,"deletions":0}}}]},{"date":"2025-09-29T00:00:00","commitResults":[{"hash":"e635255d59176fb7f99a5f2dd9fe5f7df4d8a2e0","isMergeCommit":false,"messageTitle":"feat(gui): Improve GUI with guidance from ChatGPT","messageBody":"","fileTypesAndContributionMap":{"txt":{"insertions":0,"deletions":4},"java":{"insertions":81,"deletions":25}}},{"hash":"e7671dc2cf0fc52e930b085a1e221dab85635dca","isMergeCommit":false,"messageTitle":"docs: Add Ui.png screenshot to docs","messageBody":"","fileTypesAndContributionMap":{"txt":{"insertions":1,"deletions":0}}},{"hash":"2309d2abccfae825f3f03cb692735360f6bcb60c","isMergeCommit":false,"messageTitle":"docs: Update README.md with usage info for Mani","messageBody":"","fileTypesAndContributionMap":{"txt":{"insertions":5,"deletions":1},"java":{"insertions":2,"deletions":2},"md":{"insertions":139,"deletions":14}}},{"hash":"8dfbe0eecfc828dbea59fef738cf6bbf6bb82c2b","isMergeCommit":false,"messageTitle":"Update Screenshot in User Guide","messageBody":"","fileTypesAndContributionMap":{"md":{"insertions":1,"deletions":1}}},{"hash":"145b9aab31e0161c044befe368c9eac2d76283fc","isMergeCommit":false,"messageTitle":"Prepare v0.2 release","messageBody":"","fileTypesAndContributionMap":{"txt":{"insertions":1,"deletions":5}}}]}]},"authorFileTypeContributionMap":{"sabersmash1412":{"java":1313,"md":139,"fxml":65,"sh":1,"bat":1,"gradle":17,"txt":22}},"authorContributionVariance":{"sabersmash1412":12991.5},"authorDisplayNameMap":{"sabersmash1412":"CS2103T-W14-1 ANNA..PPAN"}}
