[{"path":"src/main/java/Kris.java","fileType":"java","lines":[{"lineNumber":1,"author":{"gitId":"fengql123"},"content":"public class Kris {","lastModifiedDate":"2025-08-20T17:14:23","isFullCredit":false},{"lineNumber":2,"author":{"gitId":"fengql123"},"content":"    public static void main(String[] args) {","lastModifiedDate":"2025-08-20T17:14:23","isFullCredit":false},{"lineNumber":3,"author":{"gitId":"fengql123"},"content":"        String logo \u003d \" _  __     _     \\n\"","lastModifiedDate":"2025-08-20T17:14:23","isFullCredit":false},{"lineNumber":4,"author":{"gitId":"fengql123"},"content":"                + \"| |/ /_ __(_)___ \\n\"","lastModifiedDate":"2025-08-20T17:14:23","isFullCredit":false},{"lineNumber":5,"author":{"gitId":"fengql123"},"content":"                + \"| \u0027 /| \u0027__| / __|\\n\"","lastModifiedDate":"2025-08-20T17:14:23","isFullCredit":false},{"lineNumber":6,"author":{"gitId":"fengql123"},"content":"                + \"| . \\\\| |  | \\\\__ \\\\\\n\"","lastModifiedDate":"2025-08-20T17:14:23","isFullCredit":false},{"lineNumber":7,"author":{"gitId":"fengql123"},"content":"                + \"|_|\\\\_\\\\_|  |_|___/\\n\";","lastModifiedDate":"2025-08-20T17:14:23","isFullCredit":false},{"lineNumber":8,"author":{"gitId":"fengql123"},"content":"        System.out.println(\"Hello from\\n\" + logo);","lastModifiedDate":"2025-08-20T17:14:23","isFullCredit":false},{"lineNumber":9,"author":{"gitId":"fengql123"},"content":"        ","lastModifiedDate":"2025-08-20T17:14:23","isFullCredit":false},{"lineNumber":10,"author":{"gitId":"fengql123"},"content":"        System.out.println(\"____________________________________________________________\");","lastModifiedDate":"2025-08-20T17:14:23","isFullCredit":false},{"lineNumber":11,"author":{"gitId":"fengql123"},"content":"        System.out.println(\" Hello! I\u0027m Kris\");","lastModifiedDate":"2025-08-20T17:14:23","isFullCredit":false},{"lineNumber":12,"author":{"gitId":"fengql123"},"content":"        System.out.println(\" What can I do for you?\");","lastModifiedDate":"2025-08-20T17:14:23","isFullCredit":false},{"lineNumber":13,"author":{"gitId":"fengql123"},"content":"        System.out.println(\"____________________________________________________________\");","lastModifiedDate":"2025-08-20T17:14:23","isFullCredit":false},{"lineNumber":14,"author":{"gitId":"fengql123"},"content":"        System.out.println(\" Bye. Hope to see you again soon!\");","lastModifiedDate":"2025-08-20T17:14:23","isFullCredit":false},{"lineNumber":15,"author":{"gitId":"fengql123"},"content":"        System.out.println(\"____________________________________________________________\");","lastModifiedDate":"2025-08-20T17:14:23","isFullCredit":false},{"lineNumber":16,"author":{"gitId":"fengql123"},"content":"    }","lastModifiedDate":"2025-08-20T17:14:23","isFullCredit":false},{"lineNumber":17,"author":{"gitId":"fengql123"},"content":"}","lastModifiedDate":"2025-08-20T17:14:23","isFullCredit":false}],"authorContributionMap":{"fengql123":17}}]
