{"authorDailyContributionsMap":{"fengql123":[{"date":"2025-08-20T00:00:00","commitResults":[{"hash":"e3cea42310992f782212041ab31f792e238067cb","isMergeCommit":false,"messageTitle":"Completed Level 0","messageBody":"","fileTypesAndContributionMap":{"java":{"insertions":17,"deletions":10}}}]}]},"authorFileTypeContributionMap":{"fengql123":{"java":17,"md":0,"fxml":0,"sh":0,"bat":0,"gradle":0,"txt":0}},"authorContributionVariance":{"fengql123":51.763313},"authorDisplayNameMap":{"fengql123":"FENG..LONG"}}
