[{"path":"README.md","fileType":"md","lines":[{"lineNumber":1,"author":{"gitId":"-"},"content":"# Duke project template","lastModifiedDate":"2025-08-21T09:32:38","isFullCredit":false},{"lineNumber":2,"author":{"gitId":"-"},"content":"","lastModifiedDate":"2020-05-25T00:03:55","isFullCredit":false},{"lineNumber":3,"author":{"gitId":"-"},"content":"This is a project template for a greenfield Java project. It\u0027s named after the Java mascot _Duke_. Given below are instructions on how to use it.","lastModifiedDate":"2020-05-25T00:03:55","isFullCredit":false},{"lineNumber":4,"author":{"gitId":"-"},"content":"","lastModifiedDate":"2020-05-25T00:03:55","isFullCredit":false},{"lineNumber":5,"author":{"gitId":"-"},"content":"## Setting up in Intellij","lastModifiedDate":"2020-05-25T00:03:55","isFullCredit":false},{"lineNumber":6,"author":{"gitId":"-"},"content":"","lastModifiedDate":"2020-05-25T00:03:55","isFullCredit":false},{"lineNumber":7,"author":{"gitId":"-"},"content":"Prerequisites: JDK 17, update Intellij to the most recent version.","lastModifiedDate":"2024-07-11T16:50:14","isFullCredit":false},{"lineNumber":8,"author":{"gitId":"-"},"content":"","lastModifiedDate":"2020-05-25T00:03:55","isFullCredit":false},{"lineNumber":9,"author":{"gitId":"-"},"content":"1. Open Intellij (if you are not in the welcome screen, click `File` \u003e `Close Project` to close the existing project first)","lastModifiedDate":"2021-01-17T12:25:53","isFullCredit":false},{"lineNumber":10,"author":{"gitId":"-"},"content":"1. Open the project into Intellij as follows:","lastModifiedDate":"2021-01-17T12:25:53","isFullCredit":false},{"lineNumber":11,"author":{"gitId":"-"},"content":"   1. Click `Open`.","lastModifiedDate":"2021-01-17T12:25:53","isFullCredit":false},{"lineNumber":12,"author":{"gitId":"-"},"content":"   1. Select the project directory, and click `OK`.","lastModifiedDate":"2021-01-17T12:25:53","isFullCredit":false},{"lineNumber":13,"author":{"gitId":"-"},"content":"   1. If there are any further prompts, accept the defaults.","lastModifiedDate":"2020-05-25T00:03:55","isFullCredit":false},{"lineNumber":14,"author":{"gitId":"-"},"content":"1. Configure the project to use **JDK 17** (not other versions) as explained in [here](https://www.jetbrains.com/help/idea/sdk.html#set-up-jdk).\u003cbr\u003e","lastModifiedDate":"2024-07-11T16:50:14","isFullCredit":false},{"lineNumber":15,"author":{"gitId":"-"},"content":"   In the same dialog, set the **Project language level** field to the `SDK default` option.","lastModifiedDate":"2021-07-29T20:29:39","isFullCredit":false},{"lineNumber":16,"author":{"gitId":"GeekyGooble"},"content":"1. After that, locate the `src/main/java/Geegar.java` file, right-click it, and choose `Run Geegar.main()` (if the code editor is showing compile errors, try restarting the IDE). If the setup is correct, you should see something like the below as the output:","lastModifiedDate":"2025-08-21T09:30:25","isFullCredit":false},{"lineNumber":17,"author":{"gitId":"-"},"content":"   ```","lastModifiedDate":"2020-05-25T00:03:55","isFullCredit":false},{"lineNumber":18,"author":{"gitId":"GeekyGooble"},"content":"   Hello I\u0027m Geegar","lastModifiedDate":"2025-08-21T09:30:25","isFullCredit":false},{"lineNumber":19,"author":{"gitId":"GeekyGooble"},"content":"   What Can I do for you today?","lastModifiedDate":"2025-08-21T09:30:25","isFullCredit":false},{"lineNumber":20,"author":{"gitId":"-"},"content":"   ```","lastModifiedDate":"2020-05-25T00:03:55","isFullCredit":false},{"lineNumber":21,"author":{"gitId":"-"},"content":"","lastModifiedDate":"2025-01-04T21:44:28","isFullCredit":false},{"lineNumber":22,"author":{"gitId":"-"},"content":"**Warning:** Keep the `src\\main\\java` folder as the root folder for Java files (i.e., don\u0027t rename those folders or move Java files to another folder outside of this folder path), as this is the default location some tools (e.g., Gradle) expect to find Java files.","lastModifiedDate":"2025-01-04T21:44:28","isFullCredit":false}],"authorContributionMap":{"GeekyGooble":3,"-":19}},{"path":"docs/README.md","fileType":"md","lines":[{"lineNumber":1,"author":{"gitId":"GeekyGooble"},"content":"# Geegar User Guide","lastModifiedDate":"2025-08-21T09:30:25","isFullCredit":false},{"lineNumber":2,"author":{"gitId":"-"},"content":"","lastModifiedDate":"2019-07-29T17:14:46","isFullCredit":false},{"lineNumber":3,"author":{"gitId":"-"},"content":"// Update the title above to match the actual product name","lastModifiedDate":"2024-01-07T18:33:52","isFullCredit":false},{"lineNumber":4,"author":{"gitId":"-"},"content":"","lastModifiedDate":"2019-07-29T17:14:46","isFullCredit":false},{"lineNumber":5,"author":{"gitId":"-"},"content":"// Product screenshot goes here","lastModifiedDate":"2024-01-07T18:33:52","isFullCredit":false},{"lineNumber":6,"author":{"gitId":"-"},"content":"","lastModifiedDate":"2021-07-17T16:49:07","isFullCredit":false},{"lineNumber":7,"author":{"gitId":"-"},"content":"// Product intro goes here","lastModifiedDate":"2024-01-07T18:33:52","isFullCredit":false},{"lineNumber":8,"author":{"gitId":"-"},"content":"","lastModifiedDate":"2021-07-17T16:49:07","isFullCredit":false},{"lineNumber":9,"author":{"gitId":"-"},"content":"## Adding deadlines","lastModifiedDate":"2024-01-07T18:33:52","isFullCredit":false},{"lineNumber":10,"author":{"gitId":"-"},"content":"","lastModifiedDate":"2021-07-17T16:49:07","isFullCredit":false},{"lineNumber":11,"author":{"gitId":"-"},"content":"// Describe the action and its outcome.","lastModifiedDate":"2024-01-07T18:33:52","isFullCredit":false},{"lineNumber":12,"author":{"gitId":"-"},"content":"","lastModifiedDate":"2019-07-29T17:14:46","isFullCredit":false},{"lineNumber":13,"author":{"gitId":"-"},"content":"// Give examples of usage","lastModifiedDate":"2024-01-07T18:33:52","isFullCredit":false},{"lineNumber":14,"author":{"gitId":"-"},"content":"","lastModifiedDate":"2019-07-29T17:14:46","isFullCredit":false},{"lineNumber":15,"author":{"gitId":"-"},"content":"Example: `keyword (optional arguments)`","lastModifiedDate":"2024-01-07T18:33:52","isFullCredit":false},{"lineNumber":16,"author":{"gitId":"-"},"content":"","lastModifiedDate":"2019-07-29T17:14:46","isFullCredit":false},{"lineNumber":17,"author":{"gitId":"-"},"content":"// A description of the expected outcome goes here","lastModifiedDate":"2024-01-07T18:33:52","isFullCredit":false},{"lineNumber":18,"author":{"gitId":"-"},"content":"","lastModifiedDate":"2019-07-29T17:14:46","isFullCredit":false},{"lineNumber":19,"author":{"gitId":"-"},"content":"```","lastModifiedDate":"2024-01-07T18:33:52","isFullCredit":false},{"lineNumber":20,"author":{"gitId":"-"},"content":"expected output","lastModifiedDate":"2024-01-07T18:33:52","isFullCredit":false},{"lineNumber":21,"author":{"gitId":"-"},"content":"```","lastModifiedDate":"2024-01-07T18:33:52","isFullCredit":false},{"lineNumber":22,"author":{"gitId":"-"},"content":"","lastModifiedDate":"2019-07-29T17:14:46","isFullCredit":false},{"lineNumber":23,"author":{"gitId":"-"},"content":"## Feature ABC","lastModifiedDate":"2024-01-07T18:33:52","isFullCredit":false},{"lineNumber":24,"author":{"gitId":"-"},"content":"","lastModifiedDate":"2019-07-29T17:14:46","isFullCredit":false},{"lineNumber":25,"author":{"gitId":"-"},"content":"// Feature details","lastModifiedDate":"2024-01-07T18:33:52","isFullCredit":false},{"lineNumber":26,"author":{"gitId":"-"},"content":"","lastModifiedDate":"2019-07-29T17:14:46","isFullCredit":false},{"lineNumber":27,"author":{"gitId":"-"},"content":"","lastModifiedDate":"2021-07-17T16:49:07","isFullCredit":false},{"lineNumber":28,"author":{"gitId":"-"},"content":"## Feature XYZ","lastModifiedDate":"2024-01-07T18:33:52","isFullCredit":false},{"lineNumber":29,"author":{"gitId":"-"},"content":"","lastModifiedDate":"2024-01-07T18:33:52","isFullCredit":false},{"lineNumber":30,"author":{"gitId":"-"},"content":"// Feature details","lastModifiedDate":"2024-01-07T18:33:52","isFullCredit":false}],"authorContributionMap":{"GeekyGooble":1,"-":29}},{"path":"src/main/java/Geegar.java","fileType":"java","lines":[{"lineNumber":1,"author":{"gitId":"GeekyGooble"},"content":"import java.util.Scanner;","lastModifiedDate":"2025-08-21T09:41:53","isFullCredit":false},{"lineNumber":2,"author":{"gitId":"GeekyGooble"},"content":"","lastModifiedDate":"2025-08-21T09:41:53","isFullCredit":false},{"lineNumber":3,"author":{"gitId":"GeekyGooble"},"content":"public class Geegar {","lastModifiedDate":"2025-08-21T09:30:25","isFullCredit":false},{"lineNumber":4,"author":{"gitId":"GeekyGooble"},"content":"    public static void main(String[] args) {","lastModifiedDate":"2025-08-21T09:30:25","isFullCredit":false},{"lineNumber":5,"author":{"gitId":"GeekyGooble"},"content":"        int UNDERSCORE_LENGTH \u003d 60;","lastModifiedDate":"2025-08-21T09:30:25","isFullCredit":false},{"lineNumber":6,"author":{"gitId":"GeekyGooble"},"content":"","lastModifiedDate":"2025-08-21T10:13:05","isFullCredit":false},{"lineNumber":7,"author":{"gitId":"GeekyGooble"},"content":"        String[] listStorage \u003d new String[100];","lastModifiedDate":"2025-08-21T10:13:05","isFullCredit":false},{"lineNumber":8,"author":{"gitId":"GeekyGooble"},"content":"        int index \u003d 0;","lastModifiedDate":"2025-08-21T10:13:05","isFullCredit":false},{"lineNumber":9,"author":{"gitId":"GeekyGooble"},"content":"        // saying introduction","lastModifiedDate":"2025-08-21T09:30:25","isFullCredit":false},{"lineNumber":10,"author":{"gitId":"GeekyGooble"},"content":"        System.out.println(\"_\".repeat(UNDERSCORE_LENGTH));","lastModifiedDate":"2025-08-21T09:30:25","isFullCredit":false},{"lineNumber":11,"author":{"gitId":"GeekyGooble"},"content":"        System.out.println(\"Hello! I\u0027m Geegar \\uD83E\\uDDCC\");","lastModifiedDate":"2025-08-21T10:13:05","isFullCredit":false},{"lineNumber":12,"author":{"gitId":"GeekyGooble"},"content":"        System.out.println(\"What can I do for you today?\");","lastModifiedDate":"2025-08-21T09:30:25","isFullCredit":false},{"lineNumber":13,"author":{"gitId":"GeekyGooble"},"content":"        System.out.println(\"_\".repeat(UNDERSCORE_LENGTH));","lastModifiedDate":"2025-08-21T09:30:25","isFullCredit":false},{"lineNumber":14,"author":{"gitId":"GeekyGooble"},"content":"","lastModifiedDate":"2025-08-21T09:30:25","isFullCredit":false},{"lineNumber":15,"author":{"gitId":"GeekyGooble"},"content":"        Scanner sc \u003d new Scanner(System.in);","lastModifiedDate":"2025-08-21T09:41:53","isFullCredit":false},{"lineNumber":16,"author":{"gitId":"GeekyGooble"},"content":"","lastModifiedDate":"2025-08-21T09:41:53","isFullCredit":false},{"lineNumber":17,"author":{"gitId":"GeekyGooble"},"content":"        // While loop to continue waiting for user input until user ends chat with \"bye\"","lastModifiedDate":"2025-08-21T09:41:53","isFullCredit":false},{"lineNumber":18,"author":{"gitId":"GeekyGooble"},"content":"        while (true) {","lastModifiedDate":"2025-08-21T10:13:05","isFullCredit":false},{"lineNumber":19,"author":{"gitId":"GeekyGooble"},"content":"            String input \u003d sc.nextLine();","lastModifiedDate":"2025-08-21T09:41:53","isFullCredit":false},{"lineNumber":20,"author":{"gitId":"GeekyGooble"},"content":"","lastModifiedDate":"2025-08-21T09:41:53","isFullCredit":false},{"lineNumber":21,"author":{"gitId":"GeekyGooble"},"content":"            if (input.toLowerCase().equals(\"bye\")) {","lastModifiedDate":"2025-08-21T10:13:05","isFullCredit":false},{"lineNumber":22,"author":{"gitId":"GeekyGooble"},"content":"                break;","lastModifiedDate":"2025-08-21T10:13:05","isFullCredit":false},{"lineNumber":23,"author":{"gitId":"GeekyGooble"},"content":"            }","lastModifiedDate":"2025-08-21T10:13:05","isFullCredit":false},{"lineNumber":24,"author":{"gitId":"GeekyGooble"},"content":"","lastModifiedDate":"2025-08-21T10:13:05","isFullCredit":false},{"lineNumber":25,"author":{"gitId":"GeekyGooble"},"content":"            if (input.toLowerCase().equals(\"list\")) {","lastModifiedDate":"2025-08-21T10:13:05","isFullCredit":false},{"lineNumber":26,"author":{"gitId":"GeekyGooble"},"content":"                System.out.println(\"_\".repeat(UNDERSCORE_LENGTH));","lastModifiedDate":"2025-08-21T09:41:53","isFullCredit":false},{"lineNumber":27,"author":{"gitId":"GeekyGooble"},"content":"                System.out.println(\"\\uD83E\\uDDCC\");","lastModifiedDate":"2025-08-21T10:13:05","isFullCredit":false},{"lineNumber":28,"author":{"gitId":"GeekyGooble"},"content":"                for (int i \u003d 0; i \u003c index; i++) {","lastModifiedDate":"2025-08-21T10:13:05","isFullCredit":false},{"lineNumber":29,"author":{"gitId":"GeekyGooble"},"content":"                    System.out.println(i + 1 + \".\" + listStorage[i]);","lastModifiedDate":"2025-08-21T10:13:05","isFullCredit":false},{"lineNumber":30,"author":{"gitId":"GeekyGooble"},"content":"                }","lastModifiedDate":"2025-08-21T10:13:05","isFullCredit":false},{"lineNumber":31,"author":{"gitId":"GeekyGooble"},"content":"                System.out.println(\"_\".repeat(UNDERSCORE_LENGTH));","lastModifiedDate":"2025-08-21T09:41:53","isFullCredit":false},{"lineNumber":32,"author":{"gitId":"GeekyGooble"},"content":"            }","lastModifiedDate":"2025-08-21T09:41:53","isFullCredit":false},{"lineNumber":33,"author":{"gitId":"GeekyGooble"},"content":"","lastModifiedDate":"2025-08-21T10:13:05","isFullCredit":false},{"lineNumber":34,"author":{"gitId":"GeekyGooble"},"content":"            listStorage[index] \u003d input;","lastModifiedDate":"2025-08-21T10:13:05","isFullCredit":false},{"lineNumber":35,"author":{"gitId":"GeekyGooble"},"content":"            index++;","lastModifiedDate":"2025-08-21T10:13:05","isFullCredit":false},{"lineNumber":36,"author":{"gitId":"GeekyGooble"},"content":"","lastModifiedDate":"2025-08-21T10:13:05","isFullCredit":false},{"lineNumber":37,"author":{"gitId":"GeekyGooble"},"content":"            System.out.println(\"_\".repeat(UNDERSCORE_LENGTH));","lastModifiedDate":"2025-08-21T10:13:05","isFullCredit":false},{"lineNumber":38,"author":{"gitId":"GeekyGooble"},"content":"            System.out.println(\"\\uD83E\\uDDCC: added: \" + input);","lastModifiedDate":"2025-08-21T10:13:05","isFullCredit":false},{"lineNumber":39,"author":{"gitId":"GeekyGooble"},"content":"            System.out.println(\"_\".repeat(UNDERSCORE_LENGTH));","lastModifiedDate":"2025-08-21T10:13:05","isFullCredit":false},{"lineNumber":40,"author":{"gitId":"GeekyGooble"},"content":"        }","lastModifiedDate":"2025-08-21T09:41:53","isFullCredit":false},{"lineNumber":41,"author":{"gitId":"GeekyGooble"},"content":"","lastModifiedDate":"2025-08-21T09:41:53","isFullCredit":false},{"lineNumber":42,"author":{"gitId":"GeekyGooble"},"content":"        // saying goodbye","lastModifiedDate":"2025-08-21T09:30:25","isFullCredit":false},{"lineNumber":43,"author":{"gitId":"GeekyGooble"},"content":"        String goodbye \u003d \"_\".repeat(UNDERSCORE_LENGTH) + \"\\n \\uD83E\\uDDCC: Alright Bye !! :3 Have a Geeky Time!\\n\" + \"_\".repeat(UNDERSCORE_LENGTH);","lastModifiedDate":"2025-08-21T10:13:05","isFullCredit":false},{"lineNumber":44,"author":{"gitId":"GeekyGooble"},"content":"        System.out.println(goodbye);","lastModifiedDate":"2025-08-21T09:30:25","isFullCredit":false},{"lineNumber":45,"author":{"gitId":"GeekyGooble"},"content":"","lastModifiedDate":"2025-08-21T09:30:25","isFullCredit":false},{"lineNumber":46,"author":{"gitId":"GeekyGooble"},"content":"    }","lastModifiedDate":"2025-08-21T09:30:25","isFullCredit":false},{"lineNumber":47,"author":{"gitId":"GeekyGooble"},"content":"}","lastModifiedDate":"2025-08-21T09:30:25","isFullCredit":false}],"authorContributionMap":{"GeekyGooble":47}},{"path":"text-ui-test/runtest.bat","fileType":"bat","lines":[{"lineNumber":1,"author":{"gitId":"-"},"content":"@ECHO OFF","lastModifiedDate":"2020-05-25T00:03:55","isFullCredit":false},{"lineNumber":2,"author":{"gitId":"-"},"content":"","lastModifiedDate":"2020-05-25T00:03:55","isFullCredit":false},{"lineNumber":3,"author":{"gitId":"-"},"content":"REM create bin directory if it doesn\u0027t exist","lastModifiedDate":"2020-05-25T00:03:55","isFullCredit":false},{"lineNumber":4,"author":{"gitId":"-"},"content":"if not exist ..\\bin mkdir ..\\bin","lastModifiedDate":"2020-05-25T00:03:55","isFullCredit":false},{"lineNumber":5,"author":{"gitId":"-"},"content":"","lastModifiedDate":"2020-05-25T00:03:55","isFullCredit":false},{"lineNumber":6,"author":{"gitId":"-"},"content":"REM delete output from previous run","lastModifiedDate":"2020-05-25T00:03:55","isFullCredit":false},{"lineNumber":7,"author":{"gitId":"-"},"content":"if exist ACTUAL.TXT del ACTUAL.TXT","lastModifiedDate":"2020-08-25T17:23:26","isFullCredit":false},{"lineNumber":8,"author":{"gitId":"-"},"content":"","lastModifiedDate":"2020-05-25T00:03:55","isFullCredit":false},{"lineNumber":9,"author":{"gitId":"-"},"content":"REM compile the code into the bin folder","lastModifiedDate":"2020-05-25T00:03:55","isFullCredit":false},{"lineNumber":10,"author":{"gitId":"-"},"content":"javac  -cp ..\\src\\main\\java -Xlint:none -d ..\\bin ..\\src\\main\\java\\*.java","lastModifiedDate":"2020-08-25T17:23:26","isFullCredit":false},{"lineNumber":11,"author":{"gitId":"-"},"content":"IF ERRORLEVEL 1 (","lastModifiedDate":"2020-05-25T00:03:55","isFullCredit":false},{"lineNumber":12,"author":{"gitId":"-"},"content":"    echo ********** BUILD FAILURE **********","lastModifiedDate":"2020-05-25T00:03:55","isFullCredit":false},{"lineNumber":13,"author":{"gitId":"-"},"content":"    exit /b 1","lastModifiedDate":"2020-05-25T00:03:55","isFullCredit":false},{"lineNumber":14,"author":{"gitId":"-"},"content":")","lastModifiedDate":"2020-05-25T00:03:55","isFullCredit":false},{"lineNumber":15,"author":{"gitId":"-"},"content":"REM no error here, errorlevel \u003d\u003d 0","lastModifiedDate":"2020-05-25T00:03:55","isFullCredit":false},{"lineNumber":16,"author":{"gitId":"-"},"content":"","lastModifiedDate":"2020-05-25T00:03:55","isFullCredit":false},{"lineNumber":17,"author":{"gitId":"-"},"content":"REM run the program, feed commands from input.txt file and redirect the output to the ACTUAL.TXT","lastModifiedDate":"2020-05-25T00:03:55","isFullCredit":false},{"lineNumber":18,"author":{"gitId":"GeekyGooble"},"content":"java -classpath ..\\bin Geegar \u003c input.txt \u003e ACTUAL.TXT","lastModifiedDate":"2025-08-21T09:30:25","isFullCredit":false},{"lineNumber":19,"author":{"gitId":"-"},"content":"","lastModifiedDate":"2020-05-25T00:03:55","isFullCredit":false},{"lineNumber":20,"author":{"gitId":"-"},"content":"REM compare the output to the expected output","lastModifiedDate":"2020-05-25T00:03:55","isFullCredit":false},{"lineNumber":21,"author":{"gitId":"-"},"content":"FC ACTUAL.TXT EXPECTED.TXT","lastModifiedDate":"2020-05-25T00:03:55","isFullCredit":false}],"authorContributionMap":{"GeekyGooble":1,"-":20}}]
