{"authorDailyContributionsMap":{"GeekyGooble":[{"date":"2025-08-21T00:00:00","commitResults":[{"hash":"d98927ceb564121b4e1be03e55daf4b99ed26add","isMergeCommit":false,"messageTitle":"feat: Renamed Chat Bot, created container for both greet and edit","messageBody":"","tags":["Level-0"],"fileTypesAndContributionMap":{"java":{"insertions":15,"deletions":10},"bat":{"insertions":1,"deletions":1},"md":{"insertions":5,"deletions":9}}},{"hash":"5054be887be995988f7f944ee57845a10fac0920","isMergeCommit":false,"messageTitle":"Update README.md","messageBody":"","fileTypesAndContributionMap":{"md":{"insertions":1,"deletions":1}}},{"hash":"f1ffc928a42f70b1a7f65612c05fee9b1da73699","isMergeCommit":false,"messageTitle":"Added echo feature and chat exits only if \"bye\" is input","messageBody":"","tags":["Level-1"],"fileTypesAndContributionMap":{"java":{"insertions":19,"deletions":1}}},{"hash":"05544331b76c6a69a87b49e69436e6bc274d366d","isMergeCommit":false,"messageTitle":"feat: Added ability to store a list and repeat the list","messageBody":"","tags":["Level-2"],"fileTypesAndContributionMap":{"java":{"insertions":23,"deletions":9}}},{"hash":"32182edcb406909c1e61e208ba2f578e42bdc814","isMergeCommit":false,"messageTitle":"fix: adjusted ogreEmoji implementation","messageBody":"","fileTypesAndContributionMap":{"java":{"insertions":5,"deletions":4}}},{"hash":"55f8efeed4a2f7dd0e8ec6ccb346ee05456d19ff","isMergeCommit":false,"messageTitle":"feat: Added Task class","messageBody":"","fileTypesAndContributionMap":{"java":{"insertions":37,"deletions":7}}},{"hash":"c11b2c65fa209dbf0db063ff10b246fe6fbe7299","isMergeCommit":false,"messageTitle":"feat: added mark / unmark but error may occur if no number given in mark input","messageBody":"","fileTypesAndContributionMap":{"java":{"insertions":23,"deletions":0}}},{"hash":"7243729dd80bb2fe04bdc7e0954fbe19ff511335","isMergeCommit":false,"messageTitle":"feat: add deadline, tasks, and event classes","messageBody":"","fileTypesAndContributionMap":{"java":{"insertions":40,"deletions":0}}},{"hash":"e064bbea6c54d1440e08dfb093eb60e942fb48a4","isMergeCommit":false,"messageTitle":"fix: mark not done error","messageBody":"","tags":["Level-3"],"fileTypesAndContributionMap":{"java":{"insertions":1,"deletions":1}}},{"hash":"73003b6a21a26b4e7f72dfb7639acb69f2442fe8","isMergeCommit":false,"messageTitle":"chore: code cleanup for better abstraction from main","messageBody":"","fileTypesAndContributionMap":{"java":{"insertions":28,"deletions":18}}},{"hash":"25b467a75b9646d0ddc40b810380faa20259dc02","isMergeCommit":false,"messageTitle":"chore: close scanner after done and exi","messageBody":"","fileTypesAndContributionMap":{"java":{"insertions":1,"deletions":0}}},{"hash":"45e13a678aebb8d96c59975ea09a8ff7e1322970","isMergeCommit":false,"messageTitle":"chore: code cleanup for mark/unmark command and handleAddTask abstraction","messageBody":"","fileTypesAndContributionMap":{"java":{"insertions":34,"deletions":22}}},{"hash":"0741ff2d6e0f5789d59c625fda5b4286fd179ed6","isMergeCommit":false,"messageTitle":"feat: implement todo addition task feature","messageBody":"","fileTypesAndContributionMap":{"java":{"insertions":27,"deletions":7}}},{"hash":"ffb103539cbbee5e5db7beb09f48281bdc465827","isMergeCommit":false,"messageTitle":"feat; implement deadline addition task feature","messageBody":"","fileTypesAndContributionMap":{"java":{"insertions":33,"deletions":12}}},{"hash":"ec569bbb7f00b409d654af17ba6f1c9066b8f543","isMergeCommit":false,"messageTitle":"feat: implement event addition task feature","messageBody":"","fileTypesAndContributionMap":{"java":{"insertions":26,"deletions":3}}},{"hash":"888ec0a6bda45a6e741d04375efc8be116ea5c2e","isMergeCommit":false,"messageTitle":"fix: creating todo with only description, not full input","messageBody":"","tags":["Level-4"],"fileTypesAndContributionMap":{"java":{"insertions":1,"deletions":1}}},{"hash":"0f2167baebc3b2d9c7b1b212eb21e7456673ef6f","isMergeCommit":false,"messageTitle":"Added a few exceptions","messageBody":"","fileTypesAndContributionMap":{"java":{"insertions":36,"deletions":0}}},{"hash":"0cb0d0895bada46ab872e7781dd6f3b5b46d6e30","isMergeCommit":false,"messageTitle":"feat: added error exception handlings","messageBody":"","tags":["Level-5"],"fileTypesAndContributionMap":{"java":{"insertions":107,"deletions":42}}},{"hash":"ef3cd58ac375413983c10b9f0587283a01875d92","isMergeCommit":false,"messageTitle":"feat: added delete task feature, changed data storage to be an ArrayList instead","messageBody":"","tags":["Level-6"],"fileTypesAndContributionMap":{"java":{"insertions":46,"deletions":25}}}]},{"date":"2025-08-22T00:00:00","commitResults":[{"hash":"4bb07911a42f0cc6cffc36c21d363a50f25a87c7","isMergeCommit":false,"messageTitle":"test: add test inputs and expected outputs file, configured test to run","messageBody":"","tags":["A-TextUiTesting"],"fileTypesAndContributionMap":{"txt":{"insertions":15,"deletions":0},"java":{"insertions":2,"deletions":2},"sh":{"insertions":1,"deletions":1}}},{"hash":"fac04efb898cdc9a724893b5701b5e9c13c6afc3","isMergeCommit":false,"messageTitle":"feat: Added enums via defining each command type keywords","messageBody":"","tags":["A-Enums"],"fileTypesAndContributionMap":{"java":{"insertions":62,"deletions":36}}}]},{"date":"2025-08-26T00:00:00","commitResults":[{"hash":"a1e463d49ea5bcb6156f43ae3f79c7654ce21c11","isMergeCommit":false,"messageTitle":"feat: add a new constructor to accept boolean for each respective boolean types","messageBody":"","fileTypesAndContributionMap":{"java":{"insertions":20,"deletions":0}}},{"hash":"7ab8387f0a3bc93f4bcd59154a4e3b8c41e52219","isMergeCommit":false,"messageTitle":"feat: add taskwriter and taskreader to read and write files, with task implementations","messageBody":"","fileTypesAndContributionMap":{"java":{"insertions":122,"deletions":0}}},{"hash":"e1ac61e313414dc6e1cd3920a9d7d26e32b0ac01","isMergeCommit":false,"messageTitle":"feat: implement file reading into Task","messageBody":"","fileTypesAndContributionMap":{"java":{"insertions":17,"deletions":3}}}]},{"date":"2025-08-27T00:00:00","commitResults":[{"hash":"27a272f401643d6173e4c7bde0cb935a67b96862","isMergeCommit":false,"messageTitle":"feat: add dates/time feature with on to check tasks based on date","messageBody":"","tags":["Level-8"],"fileTypesAndContributionMap":{"java":{"insertions":121,"deletions":27}}},{"hash":"32b73b400a8847db286f270ff7467ae05d2e49a9","isMergeCommit":false,"messageTitle":"feat: add storage class","messageBody":"","fileTypesAndContributionMap":{"java":{"insertions":21,"deletions":0}}},{"hash":"10a839089a218d41cf341eeb5b2634ed3a6b5854","isMergeCommit":false,"messageTitle":"feat: add TaskList.java","messageBody":"","fileTypesAndContributionMap":{"java":{"insertions":67,"deletions":0}}},{"hash":"cfd701874c1ca86d988c57b6780dc1becc47cd87","isMergeCommit":false,"messageTitle":"feat: extract out ui logic from main class","messageBody":"","fileTypesAndContributionMap":{"java":{"insertions":96,"deletions":0}}}]},{"date":"2025-08-28T00:00:00","commitResults":[{"hash":"43c653d59a4a1ab0e61af80d8f6e6829ffd83785","isMergeCommit":false,"messageTitle":"feat: add parser.java,command.java and integrated into main","messageBody":"","tags":["A-MoreOOP"],"fileTypesAndContributionMap":{"java":{"insertions":605,"deletions":326}}},{"hash":"17209fe90c55c73d0b9af5aff374c501cac06271","isMergeCommit":false,"messageTitle":"add packages","messageBody":"","tags":["A-Packages"],"fileTypesAndContributionMap":{"java":{"insertions":302,"deletions":229},"bat":{"insertions":1,"deletions":1},"md":{"insertions":3,"deletions":3}}},{"hash":"a151f001ce7a4865568bd8caa818b56a6b38973d","isMergeCommit":true,"messageTitle":"Merge branch \u0027add-gradle-support\u0027","messageBody":"","tags":["A-Gradle"],"fileTypesAndContributionMap":{}},{"hash":"a8dd4b01c476f358458e121700ebcd2a2ce369c6","isMergeCommit":false,"messageTitle":"test: implement ParserTest","messageBody":"","fileTypesAndContributionMap":{"java":{"insertions":141,"deletions":0}}},{"hash":"57780dc11e5652d6dea086e61d5ddfd755655531","isMergeCommit":false,"messageTitle":"implement TaskList","messageBody":"","fileTypesAndContributionMap":{"java":{"insertions":79,"deletions":0}}},{"hash":"d02d4cbee7ac1e74cf4da0d2f7279c1ca336fdce","isMergeCommit":true,"messageTitle":"Merge branch \u0027branch-A-JUnit\u0027","messageBody":"","fileTypesAndContributionMap":{}},{"hash":"13b5eb269a0fe68ed27cf3fc792d9fa9719d3ace","isMergeCommit":false,"messageTitle":"fix invalid date for TaskListTest date input","messageBody":"","tags":["A-JUnit"],"fileTypesAndContributionMap":{"java":{"insertions":3,"deletions":3}}}]}]},"authorFileTypeContributionMap":{"GeekyGooble":{"java":1382,"md":4,"fxml":0,"sh":1,"bat":1,"gradle":0,"txt":15}},"authorContributionVariance":{"GeekyGooble":146007.86},"authorDisplayNameMap":{"GeekyGooble":"CS2103T-T10-2 TAN .. HAO"}}
