{"authorDailyContributionsMap":{"Ruinim":[{"date":"2025-08-16T00:00:00","commitResults":[{"hash":"a4879c95623d290dd169ad31b316cb0ea061c9bf","isMergeCommit":false,"messageTitle":"Add greeting","messageBody":"","tags":["Level-0"],"fileTypesAndContributionMap":{"java":{"insertions":11,"deletions":10}}},{"hash":"2335619cfd8a6208d46af77e0909f7253d4fa48a","isMergeCommit":false,"messageTitle":"Add echo","messageBody":"","tags":["Level-1"],"fileTypesAndContributionMap":{"java":{"insertions":27,"deletions":2}}},{"hash":"03c44ced37ac678c92153c590e2fe69da78d12de","isMergeCommit":false,"messageTitle":"Add add and list","messageBody":"","tags":["Level-2"],"fileTypesAndContributionMap":{"java":{"insertions":30,"deletions":2}}},{"hash":"dace8dd22d9089248770b3deed0427dfc82a8c07","isMergeCommit":false,"messageTitle":"Add mark and unmark","messageBody":"","tags":["Level-3"],"fileTypesAndContributionMap":{"java":{"insertions":69,"deletions":14}}},{"hash":"5174db20d33223aeed444d1fd39e7d36e57b89f6","isMergeCommit":false,"messageTitle":"Add ToDo, Event and Deadline","messageBody":"","tags":["Level-4"],"fileTypesAndContributionMap":{"java":{"insertions":109,"deletions":23}}},{"hash":"9497057f3e52b07666e6b813196e5b2b1f0e5e9d","isMergeCommit":false,"messageTitle":"Add exception handling","messageBody":"","fileTypesAndContributionMap":{"java":{"insertions":118,"deletions":6}}},{"hash":"51fc6dcf74ef33caf745958ce5dea14bfac5db53","isMergeCommit":false,"messageTitle":"Add delete","messageBody":"","tags":["Level-6"],"fileTypesAndContributionMap":{"java":{"insertions":39,"deletions":6}}}]},{"date":"2025-08-17T00:00:00","commitResults":[{"hash":"d82848ce17377b98e0aa23112455d41d75927a38","isMergeCommit":false,"messageTitle":"Add handling for redundant commands and duplicates","messageBody":"","tags":["Level-5"],"fileTypesAndContributionMap":{"java":{"insertions":31,"deletions":8}}}]},{"date":"2025-08-18T00:00:00","commitResults":[{"hash":"8154d9e9c9cab16d13b8fde407b671bb0ee3023b","isMergeCommit":false,"messageTitle":"Add basic text-ui-tests","messageBody":"","fileTypesAndContributionMap":{"txt":{"insertions":2,"deletions":0},"java":{"insertions":3,"deletions":2},"bat":{"insertions":3,"deletions":2}}},{"hash":"f2952c3760c134d61f6b53a0dfe0b4f9cd86b9d5","isMergeCommit":false,"messageTitle":"Add test cases for errors","messageBody":"","tags":["A-TextUiTesting"],"fileTypesAndContributionMap":{"txt":{"insertions":18,"deletions":1}}}]},{"date":"2025-08-23T00:00:00","commitResults":[{"hash":"e8afcc5c3de9bc4d274d6c56fb2c644fe82b02ca","isMergeCommit":false,"messageTitle":"testing","messageBody":"","fileTypesAndContributionMap":{"java":{"insertions":614,"deletions":57},"md":{"insertions":3,"deletions":3}}},{"hash":"66a27fe24ac8bde751877fe4427f52ca4ba58e91","isMergeCommit":false,"messageTitle":"Adding save feature","messageBody":"","tags":["Level-7"],"fileTypesAndContributionMap":{"java":{"insertions":6,"deletions":6}}},{"hash":"a0810a7828d2f7d236c6fa7200eb77e710b8fe0d","isMergeCommit":false,"messageTitle":"Add date time","messageBody":"","tags":["Level-8"],"fileTypesAndContributionMap":{"java":{"insertions":97,"deletions":41}}},{"hash":"f5bc939cdd1648096018408582d4a4dfc92826bb","isMergeCommit":false,"messageTitle":"Separate Storage class","messageBody":"","fileTypesAndContributionMap":{"java":{"insertions":36,"deletions":9}}},{"hash":"14887a687a480bb9bc02531fa728c4f54842fddb","isMergeCommit":false,"messageTitle":"Extract parser and tasklist","messageBody":"","fileTypesAndContributionMap":{"java":{"insertions":224,"deletions":151}}},{"hash":"fe2668e6c208698349c6f17d3749e5a6a62e4ee4","isMergeCommit":false,"messageTitle":"Separated Ui class","messageBody":"","fileTypesAndContributionMap":{"java":{"insertions":18,"deletions":20}}},{"hash":"56a4384d9fd4f614c778b83cf9cbb247a1ad1db4","isMergeCommit":false,"messageTitle":"Reformatted Reim.java","messageBody":"","tags":["A-MoreOOP"],"fileTypesAndContributionMap":{"java":{"insertions":55,"deletions":22}}},{"hash":"d6d892f6bcbe921435343e362b31a54c941ca2a2","isMergeCommit":false,"messageTitle":"Packaging","messageBody":"","tags":["A-Packages"],"fileTypesAndContributionMap":{"java":{"insertions":50,"deletions":31}}},{"hash":"52e43b9bfa37103abd3bb1d0ca5952e7bed3f15b","isMergeCommit":false,"messageTitle":"Add new performance checks","messageBody":"","fileTypesAndContributionMap":{"txt":{"insertions":8,"deletions":17},"bat":{"insertions":1,"deletions":1},"md":{"insertions":3,"deletions":3}}},{"hash":"5d00297c5b83d1e2c2a4b83d6507fb034b3d5a4f","isMergeCommit":true,"messageTitle":"Merge with master","messageBody":"","fileTypesAndContributionMap":{}},{"hash":"9f9b97c37ef3ed0bc4dc64d75db8b5c5bda9d51a","isMergeCommit":false,"messageTitle":"Add building with gradle","messageBody":"","fileTypesAndContributionMap":{"gradle":{"insertions":2,"deletions":2}}},{"hash":"4ed6b0f7737ee3fa5d51b40bdbfec1b2b5e35327","isMergeCommit":false,"messageTitle":"Add doc","messageBody":"","fileTypesAndContributionMap":{"java":{"insertions":1,"deletions":1}}},{"hash":"a948a0a3ce5a4ea925500bba4cf604665f2cc885","isMergeCommit":false,"messageTitle":"add doc","messageBody":"","fileTypesAndContributionMap":{"java":{"insertions":1,"deletions":0}}},{"hash":"a7ff1128a2b5c89fe247e533cd938185f97ca578","isMergeCommit":true,"messageTitle":"Add gradle support","messageBody":"","tags":["A-Gradle"],"fileTypesAndContributionMap":{}},{"hash":"d5a3eb276399c101afb2508615b48491221bf946","isMergeCommit":false,"messageTitle":"Added JUnit tests","messageBody":"","tags":["A-JUnit"],"fileTypesAndContributionMap":{"txt":{"insertions":3,"deletions":0},"java":{"insertions":48,"deletions":0}}},{"hash":"575a7dab512d4b6be07d4b8f2138e892a15225b4","isMergeCommit":false,"messageTitle":"Minor private/public changes","messageBody":"","tags":["A-Jar"],"fileTypesAndContributionMap":{"java":{"insertions":13,"deletions":5}}},{"hash":"e3ad88ae3a9405ced19f9e96f3b096ac48903133","isMergeCommit":false,"messageTitle":"Add JavaDoc","messageBody":"","fileTypesAndContributionMap":{"gradle":{"insertions":1,"deletions":2},"java":{"insertions":280,"deletions":14}}},{"hash":"dd5ca7d42554670d722187f248e790d60c63c150","isMergeCommit":false,"messageTitle":"Add partial JavaDoc","messageBody":"","fileTypesAndContributionMap":{"java":{"insertions":4,"deletions":0}}},{"hash":"b54db636be162fe5a84af90d44b5fa839ab5641d","isMergeCommit":false,"messageTitle":"Coding Standards","messageBody":"","fileTypesAndContributionMap":{"java":{"insertions":36,"deletions":50}}},{"hash":"a55195e5a995b6524a34077d818ccd75d5f45c32","isMergeCommit":false,"messageTitle":"Add find function","messageBody":"","fileTypesAndContributionMap":{"java":{"insertions":20,"deletions":3}}},{"hash":"7b688b39f46055634f39eaf009a139d9d51544ce","isMergeCommit":true,"messageTitle":"Add JavaDoc Merge","messageBody":"","fileTypesAndContributionMap":{}},{"hash":"49c69e9f18041111764055feafef9b60e04383ba","isMergeCommit":false,"messageTitle":"Add javadoc","messageBody":"","tags":["A-JavaDoc"],"fileTypesAndContributionMap":{"java":{"insertions":12,"deletions":1}}},{"hash":"c733dbb3c5347ce81bbd27624b93bd9c3fc40465","isMergeCommit":true,"messageTitle":"Coding Standard Merge","messageBody":"","tags":["A-CodingStandard"],"fileTypesAndContributionMap":{}},{"hash":"9b0a22e4c4b9395fe44864dcb37d2a22ca060758","isMergeCommit":true,"messageTitle":"Add find function merge","messageBody":"","tags":["Level-9"],"fileTypesAndContributionMap":{}},{"hash":"a5f16cf1cc1b6ee5343295dd0e87187603a0703c","isMergeCommit":false,"messageTitle":"Remove unneeded methods","messageBody":"","fileTypesAndContributionMap":{"java":{"insertions":0,"deletions":24}}},{"hash":"4a0d99203af5b9eef2bc3685382e9e22fe0ce80a","isMergeCommit":false,"messageTitle":"Remove unnecessary methods","messageBody":"","fileTypesAndContributionMap":{"java":{"insertions":1,"deletions":51}}},{"hash":"8371399c17f5856ded4cc9e2392be3d6df2dd006","isMergeCommit":false,"messageTitle":"Remove commented code","messageBody":"","fileTypesAndContributionMap":{"java":{"insertions":0,"deletions":19}}},{"hash":"2b9fce629171a43681da7334b425d4a5e7555052","isMergeCommit":false,"messageTitle":"Remove class defined code","messageBody":"","fileTypesAndContributionMap":{"java":{"insertions":0,"deletions":274}}}]},{"date":"2025-08-30T00:00:00","commitResults":[{"hash":"8481a75dc204e54770cf4186f1da90fbfb26c734","isMergeCommit":false,"messageTitle":"Add checkstyle","messageBody":"","tags":["A-CheckStyle"],"fileTypesAndContributionMap":{"gradle":{"insertions":5,"deletions":0},"java":{"insertions":214,"deletions":193}}},{"hash":"b6ad4232fb03ce9c66ef9e4b3e787623e1ab52c0","isMergeCommit":false,"messageTitle":"Fix code","messageBody":"","fileTypesAndContributionMap":{"gradle":{"insertions":0,"deletions":5},"java":{"insertions":75,"deletions":59}}}]},{"date":"2025-08-31T00:00:00","commitResults":[{"hash":"26ff353271d872da6ffe97d96ad048edf6f20143","isMergeCommit":false,"messageTitle":"Add javafx","messageBody":"","tags":["Level-10"],"fileTypesAndContributionMap":{"gradle":{"insertions":15,"deletions":1},"fxml":{"insertions":66,"deletions":0},"java":{"insertions":212,"deletions":5}}},{"hash":"45526778a66074d4e4c188f6c9ce3868315c4ade","isMergeCommit":false,"messageTitle":"Rename package","messageBody":"","fileTypesAndContributionMap":{"gradle":{"insertions":1,"deletions":1},"fxml":{"insertions":1,"deletions":1},"txt":{"insertions":0,"deletions":0},"java":{"insertions":21,"deletions":21}}},{"hash":"03e7503ab4ee44b2eae89fd149f9d970fa9a6e50","isMergeCommit":false,"messageTitle":"Fix method name","messageBody":"","fileTypesAndContributionMap":{"java":{"insertions":3,"deletions":3},"bat":{"insertions":2,"deletions":2}}}]},{"date":"2025-09-02T00:00:00","commitResults":[{"hash":"de0d4c0a049e765c225a74a7f53948d9705199f4","isMergeCommit":false,"messageTitle":"Add javadoc","messageBody":"","fileTypesAndContributionMap":{"java":{"insertions":45,"deletions":0},"md":{"insertions":2,"deletions":2}}}]},{"date":"2025-09-04T00:00:00","commitResults":[{"hash":"7348220a5924713794bc49a7908e5ed1fdd30dfc","isMergeCommit":false,"messageTitle":"Fix from pr review","messageBody":"","fileTypesAndContributionMap":{"fxml":{"insertions":4,"deletions":23},"java":{"insertions":89,"deletions":84}}},{"hash":"4c79a75bc300e62b378b551c29e8722694594f5a","isMergeCommit":false,"messageTitle":"Fix error message","messageBody":"","fileTypesAndContributionMap":{"java":{"insertions":1,"deletions":1}}}]},{"date":"2025-09-05T00:00:00","commitResults":[{"hash":"4796ec60feab478d2e88c48ade13ccc1d482a665","isMergeCommit":false,"messageTitle":"Fix cli function","messageBody":"","fileTypesAndContributionMap":{"java":{"insertions":1,"deletions":1}}}]}]},"authorFileTypeContributionMap":{"Ruinim":{"java":1391,"md":3,"fxml":47,"sh":0,"bat":3,"gradle":16,"txt":13}},"authorContributionVariance":{"Ruinim":193940.55},"authorDisplayNameMap":{"Ruinim":"CS2103T-W10-3 LEE ..HIEN"}}
