[{"path":"src/main/java/Alex.java","fileType":"java","lines":[{"lineNumber":1,"author":{"gitId":"Prateek2030s"},"content":"import java.util.ArrayList;","lastModifiedDate":"2025-08-21T22:42:48","isFullCredit":false},{"lineNumber":2,"author":{"gitId":"Prateek2030s"},"content":"import java.util.List;","lastModifiedDate":"2025-08-21T22:42:48","isFullCredit":false},{"lineNumber":3,"author":{"gitId":"Prateek2030s"},"content":"import java.util.Scanner;","lastModifiedDate":"2025-08-21T21:25:25","isFullCredit":false},{"lineNumber":4,"author":{"gitId":"Prateek2030s"},"content":"","lastModifiedDate":"2025-08-21T21:25:25","isFullCredit":false},{"lineNumber":5,"author":{"gitId":"Prateek2030s"},"content":"public class Alex {","lastModifiedDate":"2025-08-21T20:26:54","isFullCredit":false},{"lineNumber":6,"author":{"gitId":"Prateek2030s"},"content":"    // Field for a horizontal line","lastModifiedDate":"2025-08-21T22:42:48","isFullCredit":false},{"lineNumber":7,"author":{"gitId":"Prateek2030s"},"content":"    private static String line \u003d Alex.lineGenerator();","lastModifiedDate":"2025-08-21T22:42:48","isFullCredit":false},{"lineNumber":8,"author":{"gitId":"Prateek2030s"},"content":"","lastModifiedDate":"2025-08-21T20:45:40","isFullCredit":false},{"lineNumber":9,"author":{"gitId":"Prateek2030s"},"content":"    // Field for a list of tasks","lastModifiedDate":"2025-08-21T22:42:48","isFullCredit":false},{"lineNumber":10,"author":{"gitId":"Prateek2030s"},"content":"    private static List\u003cString\u003e itemList  \u003d new ArrayList\u003c\u003e();","lastModifiedDate":"2025-08-21T22:42:48","isFullCredit":false},{"lineNumber":11,"author":{"gitId":"Prateek2030s"},"content":"    // Method to generate a horizontal line","lastModifiedDate":"2025-08-21T21:30:59","isFullCredit":false},{"lineNumber":12,"author":{"gitId":"Prateek2030s"},"content":"    private static String lineGenerator() {","lastModifiedDate":"2025-08-21T21:30:59","isFullCredit":false},{"lineNumber":13,"author":{"gitId":"Prateek2030s"},"content":"        String s \u003d \"\";","lastModifiedDate":"2025-08-21T21:30:59","isFullCredit":false},{"lineNumber":14,"author":{"gitId":"Prateek2030s"},"content":"        for (int i \u003d 0; i \u003c 100; i++) {","lastModifiedDate":"2025-08-21T21:30:59","isFullCredit":false},{"lineNumber":15,"author":{"gitId":"Prateek2030s"},"content":"            s \u003d s + \"_\";","lastModifiedDate":"2025-08-21T21:30:59","isFullCredit":false},{"lineNumber":16,"author":{"gitId":"Prateek2030s"},"content":"        }","lastModifiedDate":"2025-08-21T21:30:59","isFullCredit":false},{"lineNumber":17,"author":{"gitId":"Prateek2030s"},"content":"        return s + \"\\n\";","lastModifiedDate":"2025-08-21T21:30:59","isFullCredit":false},{"lineNumber":18,"author":{"gitId":"Prateek2030s"},"content":"    }","lastModifiedDate":"2025-08-21T21:30:59","isFullCredit":false},{"lineNumber":19,"author":{"gitId":"Prateek2030s"},"content":"","lastModifiedDate":"2025-08-21T21:30:59","isFullCredit":false},{"lineNumber":20,"author":{"gitId":"Prateek2030s"},"content":"","lastModifiedDate":"2025-08-21T21:30:59","isFullCredit":false},{"lineNumber":21,"author":{"gitId":"Prateek2030s"},"content":"","lastModifiedDate":"2025-08-21T22:42:48","isFullCredit":false},{"lineNumber":22,"author":{"gitId":"Prateek2030s"},"content":"","lastModifiedDate":"2025-08-21T22:42:48","isFullCredit":false},{"lineNumber":23,"author":{"gitId":"Prateek2030s"},"content":"    // Method to echo with adding task feature","lastModifiedDate":"2025-08-21T22:42:48","isFullCredit":false},{"lineNumber":24,"author":{"gitId":"Prateek2030s"},"content":"    public static void echo() {","lastModifiedDate":"2025-08-21T21:25:25","isFullCredit":false},{"lineNumber":25,"author":{"gitId":"Prateek2030s"},"content":"        Scanner scanner \u003d new Scanner(System.in);","lastModifiedDate":"2025-08-21T21:25:25","isFullCredit":false},{"lineNumber":26,"author":{"gitId":"Prateek2030s"},"content":"        String s \u003d scanner.nextLine();","lastModifiedDate":"2025-08-21T22:42:48","isFullCredit":false},{"lineNumber":27,"author":{"gitId":"Prateek2030s"},"content":"        if (s.equals(\"bye\")) {","lastModifiedDate":"2025-08-21T20:45:40","isFullCredit":false},{"lineNumber":28,"author":{"gitId":"Prateek2030s"},"content":"            System.out.println(line + \"Bye. Hope to see you again soon!\\n\" + line);","lastModifiedDate":"2025-08-21T21:30:59","isFullCredit":false},{"lineNumber":29,"author":{"gitId":"Prateek2030s"},"content":"            scanner.close();","lastModifiedDate":"2025-08-21T21:25:25","isFullCredit":false},{"lineNumber":30,"author":{"gitId":"Prateek2030s"},"content":"        } else if (s.equals(\"list\")) {","lastModifiedDate":"2025-08-21T22:42:48","isFullCredit":false},{"lineNumber":31,"author":{"gitId":"Prateek2030s"},"content":"            int j \u003d 1;","lastModifiedDate":"2025-08-21T22:42:48","isFullCredit":false},{"lineNumber":32,"author":{"gitId":"Prateek2030s"},"content":"            String ans \u003d \"\";","lastModifiedDate":"2025-08-21T22:42:48","isFullCredit":false},{"lineNumber":33,"author":{"gitId":"Prateek2030s"},"content":"            for (int i \u003d 0; i \u003c itemList.size(); i++) {","lastModifiedDate":"2025-08-21T22:42:48","isFullCredit":false},{"lineNumber":34,"author":{"gitId":"Prateek2030s"},"content":"                ans \u003d ans +  j + \". \" + itemList.get(i) + \"\\n\";","lastModifiedDate":"2025-08-21T22:42:48","isFullCredit":false},{"lineNumber":35,"author":{"gitId":"Prateek2030s"},"content":"                j++;","lastModifiedDate":"2025-08-21T22:42:48","isFullCredit":false},{"lineNumber":36,"author":{"gitId":"Prateek2030s"},"content":"            }","lastModifiedDate":"2025-08-21T22:42:48","isFullCredit":false},{"lineNumber":37,"author":{"gitId":"Prateek2030s"},"content":"            System.out.println(line + ans + line);","lastModifiedDate":"2025-08-21T22:42:48","isFullCredit":false},{"lineNumber":38,"author":{"gitId":"Prateek2030s"},"content":"            echo();","lastModifiedDate":"2025-08-21T22:42:48","isFullCredit":false},{"lineNumber":39,"author":{"gitId":"Prateek2030s"},"content":"        } else {","lastModifiedDate":"2025-08-21T20:45:40","isFullCredit":false},{"lineNumber":40,"author":{"gitId":"Prateek2030s"},"content":"            itemList.add(s);","lastModifiedDate":"2025-08-21T22:42:48","isFullCredit":false},{"lineNumber":41,"author":{"gitId":"Prateek2030s"},"content":"            System.out.println(line + \"added: \" + s + \". Amazing!\\n\" + line);","lastModifiedDate":"2025-08-21T22:42:48","isFullCredit":false},{"lineNumber":42,"author":{"gitId":"Prateek2030s"},"content":"            echo();","lastModifiedDate":"2025-08-21T21:25:25","isFullCredit":false},{"lineNumber":43,"author":{"gitId":"Prateek2030s"},"content":"        }","lastModifiedDate":"2025-08-21T20:45:40","isFullCredit":false},{"lineNumber":44,"author":{"gitId":"Prateek2030s"},"content":"    }","lastModifiedDate":"2025-08-21T20:45:40","isFullCredit":false},{"lineNumber":45,"author":{"gitId":"Prateek2030s"},"content":"    public static void main(String[] args) {","lastModifiedDate":"2025-08-21T20:26:54","isFullCredit":false},{"lineNumber":46,"author":{"gitId":"Prateek2030s"},"content":"        String greeting \u003d \"Hello! I\u0027m Alex.\\n\";","lastModifiedDate":"2025-08-21T20:26:54","isFullCredit":false},{"lineNumber":47,"author":{"gitId":"Prateek2030s"},"content":"        String action \u003d \"What can I do for you?\\n\";","lastModifiedDate":"2025-08-21T20:26:54","isFullCredit":false},{"lineNumber":48,"author":{"gitId":"Prateek2030s"},"content":"        System.out.println(line + greeting + action + line);","lastModifiedDate":"2025-08-21T20:45:40","isFullCredit":false},{"lineNumber":49,"author":{"gitId":"Prateek2030s"},"content":"        echo();","lastModifiedDate":"2025-08-21T21:25:25","isFullCredit":false},{"lineNumber":50,"author":{"gitId":"Prateek2030s"},"content":"","lastModifiedDate":"2025-08-21T20:26:54","isFullCredit":false},{"lineNumber":51,"author":{"gitId":"Prateek2030s"},"content":"    }","lastModifiedDate":"2025-08-21T20:26:54","isFullCredit":false},{"lineNumber":52,"author":{"gitId":"Prateek2030s"},"content":"}","lastModifiedDate":"2025-08-21T20:26:54","isFullCredit":false}],"authorContributionMap":{"Prateek2030s":52}}]
